%time,field.header.seq,field.header.stamp,field.pose.pose.position.x,field.pose.pose.position.y,field.pose.pose.position.z,field.pose.pose.orientation.x,field.pose.pose.orientation.y,field.pose.pose.orientation.z,field.pose.pose.orientation.w
1609046844989656509,0,1609046844989656509,-1.570230233483016e-04,1.321250339969993e-03,4.383189661893994e-04,1.032261028885841e-01,-9.943137168884277e-01,4.359179729362950e-05,2.616466581821442e-02
1609046845094448135,0,1609046845094448135,-2.505597658455372e-04,1.368260476738214e-03,4.351277602836490e-04,1.032432243227959e-01,-9.943113923072815e-01,9.223153028870001e-05,2.618639543652534e-02
1609046845202011305,0,1609046845202011305,1.246506348252296e-03,9.148252429440618e-04,9.006231557577848e-04,1.033035740256310e-01,-9.943052530288696e-01,1.492751034675166e-04,2.618064172565937e-02
1609046845303126386,0,1609046845303126386,1.421797205694020e-03,-4.681549035012722e-05,6.511617102660239e-04,1.032869592308998e-01,-9.943074584007263e-01,9.712411701912060e-05,2.616492100059986e-02
1609046845404481591,0,1609046845404481591,1.144529553130269e-03,-1.787845627404749e-03,7.686991011723876e-04,1.032432839274406e-01,-9.943130612373352e-01,4.786118006450124e-05,2.612248249351978e-02
1609046845506582246,0,1609046845506582246,5.471698241308331e-04,-3.332164371386170e-03,7.950516883283854e-04,1.031881868839264e-01,-9.943189024925232e-01,-1.202835665026214e-05,2.611870318651199e-02
1609046845606294133,0,1609046845606294133,1.575421774759889e-04,-4.709377884864807e-03,5.920058465562761e-04,1.031531170010567e-01,-9.943225383758545e-01,-7.937304326333106e-05,2.611847594380379e-02
1609046845678925555,0,1609046845678925555,-1.740743755362928e-04,-4.945622757077217e-03,5.600789445452392e-04,1.031316369771957e-01,-9.943247437477112e-01,-1.468538102926686e-04,2.611831948161125e-02
1609046845786434210,0,1609046845786434210,1.264567836187780e-03,-4.490552935749292e-03,7.894320151535794e-05,1.032120808959007e-01,-9.943161606788635e-01,-2.282350396853872e-05,2.613022178411484e-02
1609046845884843356,0,1609046845884843356,2.445299178361893e-04,-5.205784924328327e-03,1.301752054132521e-04,1.031880974769592e-01,-9.943177103996277e-01,7.326839840970933e-05,2.616167441010475e-02
1609046845987732007,0,1609046845987732007,7.238115649670362e-04,-4.563754890114069e-03,-3.875708498526365e-04,1.032162532210350e-01,-9.943147301673889e-01,1.308619630435714e-05,2.616569027304649e-02
1609046846089136373,0,1609046846089136373,6.848892662674189e-04,-4.112945403903723e-03,-1.998888328671455e-04,1.032523810863495e-01,-9.943115711212158e-01,5.333185981726274e-05,2.614270336925983e-02
1609046846191337737,0,1609046846191337737,1.275478163734078e-03,-3.633105196058750e-03,1.697854604572058e-04,1.032682359218597e-01,-9.943098425865173e-01,1.070923972292803e-04,2.614660561084747e-02
1609046846294390110,0,1609046846294390110,1.919057453051209e-03,-3.729746676981449e-03,5.181479500606656e-04,1.032535955309868e-01,-9.943110942840576e-01,1.106759009417146e-04,2.615831233561039e-02
1609046846391894695,0,1609046846391894695,1.588627463206649e-03,-3.584217745810747e-03,8.628181531094015e-04,1.032491698861122e-01,-9.943112730979919e-01,9.749380842549726e-05,2.616773359477520e-02
1609046846494410718,0,1609046846494410718,2.415198832750320e-03,-2.538892906159163e-03,1.016520080156624e-03,1.032544597983360e-01,-9.943115115165710e-01,4.346755304140970e-05,2.613685466349125e-02
1609046846605766700,0,1609046846605766700,1.167689915746450e-03,-3.999245353043079e-03,1.255378825590014e-03,1.032059192657471e-01,-9.943156242370605e-01,9.011461224872619e-05,2.617245726287365e-02
1609046846700790681,0,1609046846700790681,1.036366098560393e-03,-4.524588584899902e-03,1.254162052646279e-03,1.031553000211716e-01,-9.943212866783142e-01,5.586436913063153e-08,2.615827135741711e-02
1609046846783388896,0,1609046846783388896,-1.628941390663385e-05,-5.017714109271765e-03,8.795996545813978e-04,1.031262800097466e-01,-9.943240880966187e-01,-5.877013609278947e-05,2.616676315665245e-02
1609046846880830331,0,1609046846880830331,-4.655623051803559e-04,-4.427867475897074e-03,3.826087922789156e-04,1.031678467988968e-01,-9.943206310272217e-01,-1.028597580443602e-05,2.613277733325958e-02
1609046846980618833,0,1609046846980618833,-1.252185320481658e-04,-3.269802778959274e-03,2.345108514418826e-04,1.032019257545471e-01,-9.943175315856934e-01,1.537100979476236e-05,2.611556276679039e-02
1609046847093277005,0,1609046847093277005,5.794161115773022e-04,-2.669790294021368e-03,6.424033781513572e-04,1.032467335462570e-01,-9.943111538887024e-01,1.127363648265600e-04,2.618096210062504e-02
1609046847190438231,0,1609046847190559859,4.851768153457670e-06,-3.175916848704219e-03,6.104515632614493e-04,1.032184436917305e-01,-9.943150281906128e-01,4.042202999698929e-05,2.614541724324226e-02
1609046847294520523,0,1609046847294520523,1.351622981019318e-03,-3.357752459123731e-03,8.705068030394614e-04,1.032315343618393e-01,-9.943141937255859e-01,7.398836169159040e-05,2.612700872123241e-02
1609046847401994480,0,1609046847401994480,3.740413812920451e-04,-3.911511972546577e-03,1.045050215907395e-03,1.032234281301498e-01,-9.943139553070068e-01,1.234643714269623e-04,2.616740204393864e-02
1609046847499606936,0,1609046847499606936,5.384476389735937e-05,-3.388294950127602e-03,7.927172118797898e-04,1.032078638672829e-01,-9.943156242370605e-01,4.376529614091851e-05,2.616572193801403e-02
1609046847606743554,0,1609046847606743554,8.420351077802479e-04,-3.902012715116143e-03,9.585821535438299e-04,1.032305955886841e-01,-9.943135976791382e-01,3.612279033404775e-05,2.615405060350895e-02
1609046847704030389,0,1609046847704030389,1.472721109166741e-03,-4.324188455939293e-03,8.959742262959480e-04,1.031721308827400e-01,-9.943196177482605e-01,2.513842810003553e-05,2.615448273718357e-02
1609046847780865121,0,1609046847780865121,1.456916448660195e-03,-3.709282493218780e-03,7.305301260203123e-04,1.031386554241180e-01,-9.943227767944336e-01,-6.151578418212011e-05,2.616760693490505e-02
1609046847878423906,0,1609046847878423906,1.390732475556433e-03,-2.831914462149143e-03,4.973632749170065e-04,1.031776890158653e-01,-9.943183660507202e-01,2.258433960378170e-05,2.618000097572803e-02
1609046847976270534,0,1609046847976270534,7.957487832754850e-04,-2.110514789819717e-03,4.632339114323258e-04,1.032084748148918e-01,-9.943154454231262e-01,6.402716098818928e-05,2.616953104734421e-02
1609046848088040726,0,1609046848088040726,7.101190858520567e-04,-1.973093720152974e-03,5.398829234763980e-04,1.032243147492409e-01,-9.943132996559143e-01,1.390587276546285e-04,2.618752606213093e-02
1609046848190438726,0,1609046848190438726,1.034709508530796e-03,-1.379277091473341e-03,8.979290723800659e-04,1.032597646117210e-01,-9.943101406097412e-01,1.584994024597108e-04,2.616810239851475e-02
1609046848291998686,0,1609046848291998686,1.450834795832634e-03,-1.443611690774560e-03,7.860475452616811e-04,1.032857745885849e-01,-9.943076968193054e-01,1.438260951545089e-04,2.615755982697010e-02
1609046848406065154,0,1609046848406065154,1.050530700013041e-03,-2.691582310944796e-03,8.804610697552562e-04,1.032382622361183e-01,-9.943131804466248e-01,1.023957520374097e-04,2.613660693168640e-02
1609046848509962882,0,1609046848509962882,7.252123323269188e-04,-3.581301309168339e-03,1.018995768390596e-03,1.031671911478043e-01,-9.943209886550903e-01,3.061217648792081e-05,2.612251415848732e-02
1609046848607700061,0,1609046848607700061,1.231841393746436e-03,-3.437990322709084e-03,1.098587643355131e-03,1.031669452786446e-01,-9.943207502365112e-01,9.301695172325708e-06,2.613263763487339e-02
1609046848679075314,0,1609046848679075314,5.001155659556389e-04,-3.192172618582845e-03,8.880780078470707e-04,1.031110659241676e-01,-9.943265914916992e-01,-1.132588440668769e-04,2.613001130521297e-02
1609046848776127848,0,1609046848776127848,-4.153774352744222e-05,-3.005668986588717e-03,4.588616429828107e-04,1.031905859708786e-01,-9.943179488182068e-01,1.124774007621454e-05,2.614618279039860e-02
1609046848884400726,0,1609046848884400726,-2.901555562857538e-04,-2.873852150514722e-03,4.562895046547055e-04,1.032348424196243e-01,-9.943125247955322e-01,1.283862948184833e-04,2.617648057639599e-02
1609046848988765006,0,1609046848988765006,4.054722667206079e-04,-1.772078918293118e-03,3.139790787827224e-04,1.032698974013329e-01,-9.943085908889771e-01,1.492032024543732e-04,2.618697844445705e-02
1609046849091333776,0,1609046849091333776,1.139801461249590e-04,-1.342435600236058e-03,6.228982820175588e-04,1.032697036862373e-01,-9.943087697029114e-01,1.491602597525343e-04,2.618240937590599e-02
1609046849193788390,0,1609046849193788390,-1.164969871751964e-03,-2.309252740815282e-03,5.589930806308985e-04,1.032579913735390e-01,-9.943104982376099e-01,1.150021853391081e-04,2.616142854094505e-02
1609046849295714012,0,1609046849295714012,6.510585080832243e-05,-1.315826317295432e-03,8.886097930371761e-04,1.032527536153793e-01,-9.943116307258606e-01,4.235470987623557e-05,2.613848447799683e-02
1609046849397740852,0,1609046849397740852,9.436116088181734e-04,-1.140000065788627e-03,1.030595973134041e-03,1.032593846321106e-01,-9.943104982376099e-01,3.212246156181209e-05,2.615823037922382e-02
1609046849504755933,0,1609046849504755933,2.582882298156619e-04,-1.657760352827609e-03,1.141121028922498e-03,1.032555922865868e-01,-9.943104386329651e-01,6.316405051620677e-05,2.617408521473408e-02
1609046849608542328,0,1609046849608542328,1.277474220842123e-04,-1.892260508611798e-03,9.084104094654322e-04,1.032022833824158e-01,-9.943173527717590e-01,-5.754972153226845e-05,2.612200751900673e-02
1609046849707689372,0,1609046849707689372,3.039409639313817e-04,-2.642887411639094e-03,1.128565985709429e-03,1.031364575028419e-01,-9.943238496780396e-01,-1.163947817985900e-04,2.613358385860920e-02
1609046849779201456,0,1609046849779201456,7.781754829920828e-04,-2.318313345313072e-03,9.135518921539187e-04,1.031110286712646e-01,-9.943263530731201e-01,-1.952648453880101e-04,2.614036388695240e-02
1609046849881249832,0,1609046849881249832,1.109259901568294e-04,-2.479854505509138e-03,5.596582777798176e-04,1.031710281968117e-01,-9.943202733993530e-01,-4.718429772765376e-05,2.613469585776329e-02
1609046849983538048,0,1609046849983538048,-4.394692077767104e-04,-1.977299340069294e-03,6.497802678495646e-04,1.032312214374542e-01,-9.943130612373352e-01,5.200050509301946e-05,2.617046050727367e-02
1609046850085525792,0,1609046850085525792,-1.713284989818931e-03,-1.776766846887767e-03,9.210214484483004e-04,1.032336205244064e-01,-9.943131804466248e-01,8.269143290817738e-05,2.615516446530819e-02
1609046850182564753,0,1609046850182564753,-5.852096946910024e-04,-3.010805230587721e-04,1.069680671207607e-03,1.032636314630508e-01,-9.943103194236755e-01,4.070635986863635e-05,2.614634484052658e-02
1609046850289551743,0,1609046850289551743,-6.367324385792017e-04,-4.562861286103725e-04,1.348705496639013e-03,1.032538786530495e-01,-9.943123459815979e-01,5.000694727641530e-05,2.610777132213116e-02
1609046850397050622,0,1609046850397050622,5.876953946426511e-04,-4.463429795578122e-04,1.592564629390836e-03,1.032541766762733e-01,-9.943116307258606e-01,1.071299266186543e-04,2.613526023924351e-02
1609046850499211748,0,1609046850499211748,-1.833746209740639e-04,-8.873457554727793e-04,1.307067926973104e-03,1.032128781080246e-01,-9.943153262138367e-01,1.047523401211947e-04,2.615762315690517e-02
1609046850595997473,0,1609046850595997473,-1.720949076116085e-04,-8.851771708577871e-04,1.192094292491674e-03,1.031708642840385e-01,-9.943194985389709e-01,7.328194897127105e-06,2.616498619318008e-02
1609046850708181208,0,1609046850708181208,-1.729680370772257e-04,-1.422903616912663e-03,1.320446026511490e-03,1.031787097454071e-01,-9.943192601203918e-01,2.782913043120061e-06,2.614152245223522e-02
1609046850805015231,0,1609046850805015231,7.798784063197672e-04,-1.946329022757709e-03,1.268785097636282e-03,1.031397432088852e-01,-9.943242073059082e-01,-1.147890579886734e-04,2.610895037651062e-02
1609046850881397543,0,1609046850881397543,1.130100106820464e-03,-1.446877722628415e-03,1.007547718472779e-03,1.031493470072746e-01,-9.943227171897888e-01,-1.706478360574692e-04,2.612520940601826e-02
1609046850983351833,0,1609046850983351833,5.701922345906496e-04,-1.426547649316490e-03,4.201110568828881e-04,1.032194122672081e-01,-9.943153262138367e-01,-1.764702392392792e-05,2.613282762467861e-02
1609046851085280451,0,1609046851085280451,1.164285931736231e-03,-5.430786404758692e-04,3.430586366448551e-04,1.032505407929420e-01,-9.943107366561890e-01,4.533261744654737e-05,2.618398331105709e-02
1609046851188270958,0,1609046851188270958,1.047506928443909e-03,-2.087272005155683e-04,2.572216326370835e-04,1.032590270042419e-01,-9.943103194236755e-01,2.035074066952802e-05,2.616569213569164e-02
1609046851290044158,0,1609046851290044158,2.183125587180257e-03,-1.950550358742476e-05,6.305337301455438e-04,1.032820418477058e-01,-9.943076372146606e-01,5.857845462742262e-05,2.617617510259151e-02
1609046851386583348,0,1609046851386583348,7.502957014366984e-04,-2.419983502477407e-05,9.773648343980312e-04,1.032715961337090e-01,-9.943099021911621e-01,7.313084643101320e-05,2.613192237913609e-02
1609046851493428058,0,1609046851493428058,-1.092832186259329e-03,-4.790482344105840e-04,1.278887502849102e-03,1.032615154981613e-01,-9.943100810050964e-01,1.120650267694145e-04,2.616660483181477e-02
1609046851600517538,0,1609046851600517538,1.425946829840541e-04,-7.075653411448002e-04,1.030678628012538e-03,1.032595261931419e-01,-9.943100810050964e-01,1.105533665395342e-04,2.617173083126545e-02
1609046851702641970,0,1609046851702641970,6.467785569839180e-04,-6.318307714536786e-04,1.218155259266496e-03,1.032401025295258e-01,-9.943127632141113e-01,3.205054235877469e-05,2.614744007587433e-02
1609046851804798556,0,1609046851804798556,-5.260038306005299e-04,-9.813697542995214e-04,1.192767987959087e-03,1.032086014747620e-01,-9.943164587020874e-01,2.971919911942678e-06,2.613210864365101e-02
1609046851906533778,0,1609046851906533778,-5.019368254579604e-04,-1.341650728136301e-03,1.182685373350978e-03,1.031962782144547e-01,-9.943174719810486e-01,-1.009425250231288e-05,2.614001370966434e-02
1609046851978140158,0,1609046851978140158,-5.067007150501013e-04,-9.983711643144488e-04,8.804529206827283e-04,1.031471490859985e-01,-9.943233728408813e-01,-1.562637626193464e-04,2.611176855862141e-02
1609046852075299126,0,1609046852075299126,-1.281602890230715e-03,-4.230719059705734e-04,8.026736322790384e-04,1.032050624489784e-01,-9.943163990974426e-01,-2.208387741120532e-05,2.614820376038551e-02
1609046852177386881,0,1609046852177386881,-1.073249033652246e-03,5.445819115266204e-04,6.904999027028680e-04,1.032517030835152e-01,-9.943117499351501e-01,1.726357936604472e-06,2.614005655050278e-02
1609046852284314717,0,1609046852284314717,-1.240023877471685e-03,4.796117427758873e-04,9.128918172791600e-04,1.032492965459824e-01,-9.943115711212158e-01,8.394988981308416e-05,2.615586668252945e-02
1609046852391190246,0,1609046852391190246,1.467169495299459e-04,1.203092979267240e-03,1.064932672306895e-03,1.032841727137566e-01,-9.943087100982666e-01,9.353313362225890e-05,2.612605690956116e-02
1609046852488173274,0,1609046852488173274,1.012247521430254e-03,1.409557065926492e-03,1.413231482729316e-03,1.032762750983238e-01,-9.943087697029114e-01,7.043428195174783e-05,2.615586109459400e-02
1609046852595152205,0,1609046852595152205,7.060511270537972e-04,1.342494622804224e-03,1.445390982553363e-03,1.032647043466568e-01,-9.943106174468994e-01,8.768783300183713e-05,2.613145112991333e-02
1609046852697294394,0,1609046852697294394,1.826553489081562e-04,1.088287681341171e-03,1.365000265650451e-03,1.032442972064018e-01,-9.943118095397949e-01,9.728103032102808e-05,2.616469375789165e-02
1609046852804376697,0,1609046852804376697,8.654964622110128e-04,9.224998648278415e-04,1.192043186165392e-03,1.032472178339958e-01,-9.943121075630188e-01,7.434160943375900e-05,2.614227496087551e-02
1609046852907922797,0,1609046852907922797,2.247877418994904e-04,-2.614787663333118e-04,9.753159829415381e-04,1.032196655869484e-01,-9.943144321441650e-01,4.101966624148190e-05,2.616584487259388e-02
1609046853004704409,0,1609046853004704409,7.777044665999711e-04,-6.595245213247836e-04,7.040271302685142e-04,1.031526997685432e-01,-9.943214058876038e-01,-3.747306254808791e-05,2.616194449365139e-02
1609046853081374570,0,1609046853081374570,9.630961576476693e-04,-3.251037560403347e-05,6.016100523993373e-04,1.031386777758598e-01,-9.943239092826843e-01,-1.309450890403241e-04,2.612313069403172e-02
1609046853178163994,0,1609046853178163994,2.768588601611555e-04,1.787310466170311e-04,5.618724389933050e-04,1.032024323940277e-01,-9.943165183067322e-01,-1.870243295343244e-06,2.615413255989552e-02
1609046853285166832,0,1609046853285166832,1.084424671716988e-03,8.270004764199257e-04,3.692911996040493e-04,1.032667532563210e-01,-9.943084716796875e-01,1.320408628089353e-04,2.620545588433743e-02
1609046853387344132,0,1609046853387344132,1.246670377440751e-03,1.396280014887452e-03,8.568654302507639e-04,1.032717227935791e-01,-9.943079948425293e-01,1.196253069792874e-04,2.620361372828484e-02
1609046853489004202,0,1609046853489004202,1.877684029750526e-03,1.522687962278724e-03,1.194251351989806e-03,1.032799556851387e-01,-9.943083524703979e-01,1.042258663801476e-04,2.615868113934994e-02
1609046853590991723,0,1609046853590991723,4.916001344099641e-04,8.225205820053816e-04,1.411362434737384e-03,1.032470539212227e-01,-9.943116307258606e-01,1.058483248925768e-04,2.616203762590885e-02
1609046853698225030,0,1609046853698225030,5.726158269681036e-04,4.581136163324118e-04,1.335272449068725e-03,1.032592207193375e-01,-9.943102598190308e-01,9.590355330146849e-05,2.616618387401104e-02
1609046853800099288,0,1609046853800099288,-2.884154673665762e-05,5.787791451439261e-04,1.686868490651250e-03,1.032519787549973e-01,-9.943109750747681e-01,9.271957242162898e-05,2.616862393915653e-02
1609046853897223819,0,1609046853897223819,6.639389903284609e-04,8.022849215194583e-04,1.625813893042505e-03,1.032244190573692e-01,-9.943130016326904e-01,7.362609903793782e-05,2.619781345129013e-02
1609046854004251106,0,1609046854004251106,5.076709203422070e-04,9.809486073208973e-05,1.544132130220532e-03,1.032262369990349e-01,-9.943140149116516e-01,4.474421439226717e-05,2.615341544151306e-02
1609046854107460251,0,1609046854107460251,6.637136684730649e-04,-2.263545757159591e-04,1.784538617357612e-03,1.032144725322723e-01,-9.943149089813232e-01,1.307978163822554e-05,2.616750635206699e-02
1609046854178753209,0,1609046854178753209,1.226437627337873e-03,6.873083766549826e-04,1.276832190342247e-03,1.031923070549965e-01,-9.943172335624695e-01,-1.031172578223050e-04,2.616408281028271e-02
1609046854280620288,0,1609046854280620288,5.699200555682182e-04,1.417794032022357e-03,4.916350590065122e-04,1.032432317733765e-01,-9.943107962608337e-01,1.838537173171062e-05,2.621090598404408e-02
1609046854383517581,0,1609046854383517581,5.808856803923845e-05,1.742635620757937e-03,3.997537714894861e-04,1.032601222395897e-01,-9.943099021911621e-01,2.906900590460282e-05,2.617639489471912e-02
1609046854480294307,0,1609046854480294307,5.638976581394672e-04,1.918828114867210e-03,8.436886710114777e-04,1.032798662781715e-01,-9.943081736564636e-01,7.195628859335557e-05,2.616418153047562e-02
1609046854587278645,0,1609046854587278645,1.386413932777941e-03,1.685825292952359e-03,6.527919904328883e-04,1.032789647579193e-01,-9.943078756332397e-01,8.180907752830535e-05,2.617910504341125e-02
1609046854695294150,0,1609046854695294150,1.198985148221254e-03,1.158794504590333e-03,5.193666438572109e-04,1.032956019043922e-01,-9.943056702613831e-01,1.432687859050930e-04,2.619825676083565e-02
1609046854797450533,0,1609046854797450533,-2.185755874961615e-04,8.805084507912397e-04,6.147820386104286e-04,1.032545864582062e-01,-9.943103194236755e-01,1.080265210475773e-04,2.618223614990711e-02
1609046854891854461,0,1609046854891854461,4.166639118921012e-04,1.026581157930195e-03,1.024303608573973e-03,1.032188162207603e-01,-9.943143725395203e-01,2.601041887828615e-05,2.616960555315018e-02
1609046855003859910,0,1609046855003859910,1.594436238519847e-03,9.482424939051270e-04,1.341832568868995e-03,1.032590195536613e-01,-9.943109750747681e-01,5.757330291089602e-05,2.613976597785950e-02
1609046855106783743,0,1609046855106783743,2.168542705476284e-03,8.812402375042439e-04,1.372326980344951e-03,1.032388210296631e-01,-9.943135976791382e-01,-8.022347174119204e-06,2.612172998487949e-02
1609046855204001847,0,1609046855204001847,1.261073979549110e-03,3.801622369792312e-04,1.538745709694922e-03,1.031738445162773e-01,-9.943209290504456e-01,-9.364816651213914e-05,2.609690092504025e-02
1609046855279675504,0,1609046855279675504,1.871405867859721e-03,6.148205720819533e-04,1.086599193513393e-03,1.031413599848747e-01,-9.943243265151978e-01,-1.773676776792854e-04,2.609851956367493e-02
1609046855382761917,0,1609046855382761917,2.113925991579890e-03,1.608890597708523e-03,8.567271870560944e-04,1.032359153032303e-01,-9.943131804466248e-01,-1.478746344218962e-05,2.614868804812431e-02
1609046855484622596,0,1609046855484622596,3.263249760493636e-03,2.367185428738594e-03,7.929685525596142e-04,1.032812744379044e-01,-9.943076968193054e-01,7.302788435481489e-05,2.617676369845867e-02
1609046855586870360,0,1609046855586870360,1.918478286825120e-03,1.897340640425682e-03,6.633865996263921e-04,1.032900363206863e-01,-9.943053722381592e-01,1.666986645432189e-04,2.623042277991772e-02
1609046855683627673,0,1609046855683627673,1.730011892504990e-03,2.400907222181559e-03,4.084664979018271e-04,1.032904386520386e-01,-9.943061470985413e-01,1.187725865747780e-04,2.619940415024757e-02
1609046855790688161,0,1609046855790688161,9.244558168575168e-04,1.827521016821265e-03,7.157315267249942e-04,1.032813340425491e-01,-9.943077564239502e-01,1.365880889352411e-04,2.617408894002438e-02
1609046855897716214,0,1609046855897716214,1.574050751514733e-03,1.851191278547049e-03,1.068883459083736e-03,1.032839119434357e-01,-9.943076968193054e-01,1.349071972072124e-04,2.616702765226364e-02
1609046856005442033,0,1609046856005442033,2.887365408241749e-04,1.664420473389328e-03,1.255873823538423e-03,1.032500490546227e-01,-9.943115711212158e-01,1.144762209150940e-04,2.615445107221603e-02
1609046856097946434,0,1609046856097946434,-8.201191085390747e-04,1.190752489492297e-03,1.143433502875268e-03,1.031675264239311e-01,-9.943205714225769e-01,-5.356473047868349e-05,2.613523229956627e-02
1609046856204741000,0,1609046856204741000,-1.371049205772579e-03,-4.344093031249940e-04,1.142328372225165e-03,1.031476855278015e-01,-9.943220615386963e-01,2.042529558821116e-05,2.615673840045929e-02
1609046856306457817,0,1609046856306457817,-1.395412255078554e-04,3.592425491660833e-05,1.511824084445834e-03,1.031622216105461e-01,-9.943211078643799e-01,1.627872916287743e-05,2.613916620612144e-02
1609046856377690118,0,1609046856377690118,1.108982542064041e-05,9.360705153085291e-04,1.448465511202812e-03,1.031284034252167e-01,-9.943248033523560e-01,-1.376152649754658e-04,2.613084949553013e-02
1609046856475210719,0,1609046856475210719,-1.948248245753348e-04,1.369344070553780e-03,1.337216701358557e-03,1.032084375619888e-01,-9.943166971206665e-01,-2.082941682601813e-05,2.612428739666939e-02
1609046856582187861,0,1609046856582187861,3.207992995157838e-05,1.557038398459554e-03,1.318873954005539e-03,1.032578200101852e-01,-9.943104982376099e-01,5.135126411914825e-05,2.616275101900101e-02
1609046856678900709,0,1609046856678900709,5.810758448205888e-04,1.901710638776422e-03,1.151180709712207e-03,1.032906919717789e-01,-9.943076968193054e-01,5.560273712035269e-05,2.613882347941399e-02
1609046856790967292,0,1609046856790967292,6.974405259825289e-04,1.908043632283807e-03,1.126423128880560e-03,1.033280640840530e-01,-9.943035840988159e-01,1.531089947093278e-04,2.614781074225903e-02
1609046856887730624,0,1609046856887730624,1.336657907813787e-03,1.753197051584721e-03,1.107223215512931e-03,1.033009961247444e-01,-9.943067431449890e-01,8.897279622033238e-05,2.613580226898193e-02
1609046856994909085,0,1609046856994909085,1.167977927252650e-03,8.323445217683911e-04,1.558808144181967e-03,1.032737791538239e-01,-9.943090081214905e-01,1.120460728998296e-04,2.615838870406151e-02
1609046857097416002,0,1609046857097416002,6.043863249942660e-04,8.284353534691036e-04,1.356547116301954e-03,1.032473146915436e-01,-9.943113327026367e-01,8.629370131529868e-05,2.617212384939194e-02
1609046857204394835,0,1609046857204394835,6.382787250913680e-04,1.270806533284485e-03,1.108478871174157e-03,1.032497212290764e-01,-9.943115711212158e-01,7.122675015125424e-05,2.615359425544739e-02
1609046857307213750,0,1609046857307213750,3.272516187280416e-05,9.415214299224317e-04,1.210630754940212e-03,1.032241806387901e-01,-9.943150877952576e-01,1.861510099843144e-05,2.612155675888062e-02
1609046857406084875,0,1609046857406084875,-1.329698250629008e-03,-4.013178986497223e-04,1.003109617158771e-03,1.031643375754356e-01,-9.943206906318665e-01,-1.455967958463589e-05,2.614390663802624e-02
1609046857478620493,0,1609046857478620493,-1.134022255428135e-03,4.417861346155405e-04,8.606235496699810e-04,1.031353920698166e-01,-9.943236708641052e-01,-1.234919764101505e-04,2.614590153098106e-02
1609046857581079506,0,1609046857581079506,-9.912578389048576e-04,9.653987945057452e-04,6.578608881682158e-04,1.032126545906067e-01,-9.943149685859680e-01,2.093491502819234e-06,2.616942860186100e-02
1609046857682934958,0,1609046857682934958,-9.565885993652046e-04,9.132400155067444e-04,8.527056197635829e-04,1.032417863607407e-01,-9.943124651908875e-01,4.070375871378928e-05,2.615134231746197e-02
1609046857784818642,0,1609046857784818642,-1.530225621536374e-03,1.759839942678809e-03,7.048454135656357e-04,1.032358780503273e-01,-9.943126440048218e-01,7.468894909834489e-05,2.616810053586960e-02
1609046857887820468,0,1609046857887820468,-4.899958148598671e-04,2.402798738330603e-03,1.274570124223828e-03,1.032541841268539e-01,-9.943108558654785e-01,1.254747476195917e-04,2.616245858371258e-02
1609046857994914700,0,1609046857994914700,3.485755005385727e-04,2.171894535422325e-03,1.540581230074167e-03,1.032852977514267e-01,-9.943078756332397e-01,1.054007007041946e-04,2.615335397422314e-02
1609046858096910327,0,1609046858096910327,-6.023679743520916e-04,1.190811162814498e-03,1.638579531572759e-03,1.032603383064270e-01,-9.943106770515442e-01,9.068466897588223e-05,2.614544145762920e-02
1609046858193692542,0,1609046858193692542,3.714941558428109e-04,8.082609274424613e-04,1.674826606176794e-03,1.032235994935036e-01,-9.943151473999023e-01,-1.690245426289039e-06,2.612063474953175e-02
1609046858295521651,0,1609046858295521651,8.055463549681008e-04,7.512413430958986e-04,1.620833412744105e-03,1.032184436917305e-01,-9.943149089813232e-01,1.735775367706083e-05,2.615001797676086e-02
1609046858402441464,0,1609046858402441464,1.301324344240129e-03,2.275750739499927e-05,2.027669455856085e-03,1.032155454158783e-01,-9.943150281906128e-01,3.445014590397477e-05,2.615905739367008e-02
1609046858504780997,0,1609046858504780997,7.395090069621801e-04,-9.415465756319463e-04,1.584420097060502e-03,1.031601205468178e-01,-9.943208098411560e-01,9.540453902445734e-06,2.615856006741524e-02
1609046858571191523,0,1609046858571191523,1.268531312234700e-03,2.758986083790660e-04,1.272526686079800e-03,1.031645759940147e-01,-9.943204522132874e-01,-8.941981650423259e-05,2.615384012460709e-02
1609046858673094056,0,1609046858673094056,1.480614766478539e-03,1.306482590734959e-03,1.081243273802102e-03,1.032123118638992e-01,-9.943153858184814e-01,6.486900474556023e-06,2.615682780742645e-02
1609046858781916344,0,1609046858781916344,1.177230966277421e-03,1.919767586514354e-03,7.314338581636548e-04,1.032415032386780e-01,-9.943120479583740e-01,4.222999632474966e-05,2.616921626031399e-02
1609046858883841810,0,1609046858883841810,1.294979942031205e-03,2.136053983122110e-03,6.402691942639649e-04,1.032846048474312e-01,-9.943075180053711e-01,1.006374586722814e-04,2.616951800882816e-02
1609046858985662343,0,1609046858985662343,9.526812937110662e-05,2.155788009986281e-03,8.541077258996665e-04,1.032877340912819e-01,-9.943076968193054e-01,1.019844639813527e-04,2.614997886121273e-02
1609046859092741681,0,1609046859092741681,-3.430034557823092e-04,2.272174227982759e-03,1.451177988201380e-03,1.032732054591179e-01,-9.943095445632935e-01,1.015680172713473e-04,2.614001743495464e-02
1609046859189486670,0,1609046859189486670,3.711387980729342e-04,2.625016029924154e-03,1.320880954153836e-03,1.032499670982361e-01,-9.943113327026367e-01,8.820276707410812e-05,2.616258338093758e-02
1609046859291474118,0,1609046859291474118,-8.623087196610868e-04,1.693494152277708e-03,1.201551174744964e-03,1.032165586948395e-01,-9.943144321441650e-01,6.805419980082661e-05,2.617743238806725e-02
1609046859398536626,0,1609046859398536626,5.343614611774683e-05,1.030158018693328e-03,1.279909163713455e-03,1.032111942768097e-01,-9.943160414695740e-01,2.886042420868762e-05,2.613571099936962e-02
1609046859505545194,0,1609046859505545194,-9.708400466479361e-05,-5.049910396337509e-05,1.139704836532474e-03,1.032053083181381e-01,-9.943157434463501e-01,5.746511669713072e-05,2.617034874856472e-02
1609046859607803940,0,1609046859607803940,4.013866418972611e-04,-6.546989898197353e-04,1.392829231917858e-03,1.031613275408745e-01,-9.943199157714844e-01,1.962150963663589e-05,2.618671767413616e-02
1609046859679023225,0,1609046859679023225,6.420874269679189e-04,5.007531726732850e-04,1.081709749996662e-03,1.031164750456810e-01,-9.943242073059082e-01,-8.838808571454138e-05,2.620004117488861e-02
1609046859780782804,0,1609046859780782804,1.846084604039788e-03,1.261870726011693e-03,8.940423140302300e-04,1.032090112566948e-01,-9.943143725395203e-01,3.083714182139374e-05,2.620719000697136e-02
1609046859877668400,0,1609046859877668400,6.720275850966573e-04,7.823311025276780e-04,7.767455535940826e-04,1.032492294907570e-01,-9.943105578422546e-01,9.185716044157743e-05,2.619337290525436e-02
1609046859984723707,0,1609046859984723707,1.329235034063458e-03,1.774516422301531e-03,9.600222110748291e-04,1.032723560929298e-01,-9.943082928657532e-01,1.103250542655587e-04,2.618866972625256e-02
1609046860091885805,0,1609046860091885805,4.992118338122964e-04,1.816597883589566e-03,1.256450894288719e-03,1.032798960804939e-01,-9.943075180053711e-01,1.609745813766494e-04,2.618979476392269e-02
1609046860193782790,0,1609046860193782790,7.500125793740153e-04,1.639060443267226e-03,1.664699637331069e-03,1.032923758029938e-01,-9.943067431449890e-01,1.323017640970647e-04,2.617052197456360e-02
1609046860290488561,0,1609046860290488561,9.439000859856606e-04,2.035633195191622e-03,1.586765982210636e-03,1.032684892416000e-01,-9.943092465400696e-01,4.551462188828737e-05,2.616809867322445e-02
1609046860392375335,0,1609046860392375335,-3.626935649663210e-04,1.477429643273354e-03,1.372616388835013e-03,1.032180786132812e-01,-9.943139553070068e-01,1.978022010007408e-05,2.618928626179695e-02
1609046860499993594,0,1609046860499993594,-1.553014386445284e-03,4.376692813821137e-04,1.311778672970831e-03,1.032126694917679e-01,-9.943140745162964e-01,4.452146094990894e-05,2.620482072234154e-02
1609046860597752484,0,1609046860597752484,-9.772384073585272e-04,4.636693047359586e-04,1.350541133433580e-03,1.031813323497772e-01,-9.943177700042725e-01,-3.928937803721055e-05,2.618719637393951e-02
1609046860704729880,0,1609046860704729880,-1.396620180457830e-03,2.681816695258021e-04,1.194583950564265e-03,1.031624004244804e-01,-9.943205714225769e-01,-6.655501783825457e-05,2.615776285529137e-02
1609046860776489204,0,1609046860776489204,-1.279928022995591e-03,5.700767505913973e-04,1.106608309783041e-03,1.031140759587288e-01,-9.943256378173828e-01,-1.408732787240297e-04,2.615427970886230e-02
1609046860873423474,0,1609046860873423474,-1.140388078056276e-03,6.594082224182785e-04,9.125922806560993e-04,1.031629890203476e-01,-9.943207502365112e-01,-5.562251681112684e-05,2.614723704755306e-02
1609046860985449771,0,1609046860985449771,-8.621794986538589e-04,6.004873430356383e-04,9.215282043442130e-04,1.031828671693802e-01,-9.943182468414307e-01,6.357596430461854e-05,2.616354636847973e-02
1609046861088471021,0,1609046861088471021,5.773762241005898e-04,1.405376940965652e-03,1.043046242557466e-03,1.032315641641617e-01,-9.943138957023621e-01,7.473112054867670e-05,2.613806165754795e-02
1609046861190878816,0,1609046861190878816,8.912403136491776e-04,1.725915586575866e-03,1.088607241399586e-03,1.032475382089615e-01,-9.943119883537292e-01,8.382317901123315e-05,2.614533528685570e-02
1609046861287675304,0,1609046861287675304,1.571787521243095e-03,1.651191152632236e-03,1.231196220032871e-03,1.032503247261047e-01,-9.943110942840576e-01,6.340209802147001e-05,2.617013640701771e-02
1609046861394587015,0,1609046861394587015,2.952557755634189e-03,2.283964771777391e-03,1.124173519201577e-03,1.032892316579819e-01,-9.943074584007263e-01,5.559272904065438e-05,2.615331672132015e-02
1609046861491466516,0,1609046861491466516,2.408944536000490e-03,2.103414852172136e-03,1.330345054157078e-03,1.032656803727150e-01,-9.943097829818726e-01,3.431542427279055e-05,2.615979500114918e-02
1609046861594306569,0,1609046861594306569,1.195118762552738e-03,1.270347624085844e-03,1.667921547777951e-03,1.032226160168648e-01,-9.943146109580994e-01,5.571619476540945e-05,2.614787220954895e-02
1609046861706826204,0,1609046861706826204,7.167435251176357e-04,9.844743181020021e-04,1.497240853495896e-03,1.032635718584061e-01,-9.943097829818726e-01,1.102140595321544e-04,2.616695687174797e-02
1609046861808681567,0,1609046861808681567,8.822442032396793e-05,-2.071204362437129e-04,1.432582736015320e-03,1.032091975212097e-01,-9.943153262138367e-01,6.195793685037643e-05,2.617210336029530e-02
1609046861871334537,0,1609046861871334537,-3.617948968894780e-04,2.322740620002151e-04,1.301721087656915e-03,1.031427308917046e-01,-9.943223595619202e-01,-7.272941729752347e-05,2.616699039936066e-02
1609046861978901186,0,1609046861978901186,-8.750433917157352e-04,8.305450901389122e-04,1.072448911145329e-03,1.031994521617889e-01,-9.943168163299561e-01,2.905846122303046e-05,2.615285292267799e-02
1609046862085906882,0,1609046862085906882,-1.005302881821990e-03,1.456268597394228e-03,6.667412817478180e-04,1.032467857003212e-01,-9.943116307258606e-01,7.611727778567001e-05,2.616377361118793e-02
1609046862187883707,0,1609046862187883707,-1.827960484661162e-03,1.146948081441224e-03,8.844393305480480e-04,1.032411232590675e-01,-9.943121075630188e-01,9.202097862726077e-05,2.616681344807148e-02
1609046862289713347,0,1609046862289713347,-7.000630721449852e-04,1.369865844026208e-03,1.092903548851609e-03,1.032569855451584e-01,-9.943103194236755e-01,4.050195639138110e-05,2.617161534726620e-02
1609046862393973736,0,1609046862393973736,2.393687609583139e-04,1.190120936371386e-03,1.636698492802680e-03,1.032568514347076e-01,-9.943106770515442e-01,6.421578291337937e-05,2.616090886294842e-02
1609046862495986873,0,1609046862495986873,2.440792159177363e-04,1.014700741507113e-03,1.256977673619986e-03,1.032279357314110e-01,-9.943135976791382e-01,5.060379407950677e-05,2.616402134299278e-02
1609046862599093617,0,1609046862599093617,6.868875352665782e-04,8.611813536845148e-04,1.428160700015724e-03,1.032168641686440e-01,-9.943150877952576e-01,5.019475338485790e-06,2.615005895495415e-02
1609046862695818621,0,1609046862695818621,1.543574035167694e-05,4.698413540609181e-04,1.115236198529601e-03,1.031712740659714e-01,-9.943202137947083e-01,-6.465046317316592e-05,2.613583020865917e-02
1609046862798337146,0,1609046862798337146,-7.994342595338821e-04,4.308907082304358e-04,1.273547532036901e-03,1.031792387366295e-01,-9.943181276321411e-01,-2.381397462158930e-05,2.618121355772018e-02
1609046862903307911,0,1609046862903307911,-8.479310781694949e-04,-3.736409125849605e-04,1.211893511936069e-03,1.031601950526237e-01,-9.943193197250366e-01,1.976286694116425e-05,2.621352486312389e-02
1609046862979631700,0,1609046862979631700,-4.764712066389620e-04,2.480444964021444e-04,8.506525773555040e-04,1.031362414360046e-01,-9.943221807479858e-01,-1.177188605652191e-04,2.619864977896214e-02
1609046863076568958,0,1609046863076568958,2.552238875068724e-04,1.513897324912250e-03,6.882355082780123e-04,1.032062768936157e-01,-9.943154454231262e-01,-2.561035216785967e-05,2.617963775992393e-02
1609046863183750038,0,1609046863183750038,-4.178582457825541e-06,1.807742519304156e-03,1.024761237204075e-03,1.032451242208481e-01,-9.943109154701233e-01,7.773786637699232e-05,2.619636990129948e-02
1609046863280503702,0,1609046863280503702,-1.372549158986658e-04,2.013415563851595e-03,1.323217642493546e-03,1.032745391130447e-01,-9.943081736564636e-01,9.060862794285640e-05,2.618528343737125e-02
1609046863387702139,0,1609046863387702139,-9.884745813906193e-04,1.398437772877514e-03,9.135341970250010e-04,1.032562926411629e-01,-9.943102598190308e-01,9.626480459701270e-05,2.617821469902992e-02
1609046863494525091,0,1609046863494525091,-4.010897246189415e-04,1.523290993645787e-03,1.154631376266479e-03,1.032463163137436e-01,-9.943118095397949e-01,1.230999623658136e-04,2.615824714303017e-02
1609046863591119854,0,1609046863591119854,-8.832080056890845e-04,1.217994838953018e-03,1.213686075061560e-03,1.032398864626884e-01,-9.943124651908875e-01,8.225143392337486e-05,2.615784481167793e-02
1609046863693026102,0,1609046863693026102,-1.480276579968631e-03,1.051088562235236e-03,1.492416718974710e-03,1.032092273235321e-01,-9.943152666091919e-01,3.273659240221605e-05,2.617374248802662e-02
1609046863794847325,0,1609046863794847325,-1.202682498842478e-03,7.940209470689297e-04,1.716254744678736e-03,1.031918227672577e-01,-9.943169355392456e-01,1.217722001456423e-05,2.617881260812283e-02
1609046863906763660,0,1609046863906763660,-1.402461202815175e-03,4.409253597259521e-04,1.628140336833894e-03,1.032021194696426e-01,-9.943156838417053e-01,6.361136183841154e-05,2.618609182536602e-02
1609046864003590299,0,1609046864003590299,-1.224033883772790e-03,-1.709372736513615e-04,1.272172550670803e-03,1.031359806656837e-01,-9.943230152130127e-01,-3.509596353978850e-05,2.616687677800655e-02
1609046864080008854,0,1609046864080008854,-1.646640128456056e-03,-8.173048263415694e-05,1.095526968128979e-03,1.031043529510498e-01,-9.943267703056335e-01,-1.342450850643218e-04,2.615124359726906e-02
1609046864181892097,0,1609046864181892097,-1.179528422653675e-03,6.239467184059322e-04,6.512959953397512e-04,1.031768023967743e-01,-9.943187832832336e-01,-1.663248440308962e-05,2.616684883832932e-02
1609046864283705796,0,1609046864283705796,-1.355521730147302e-03,1.449367962777615e-03,5.111848586238921e-04,1.032302975654602e-01,-9.943121075630188e-01,1.289968931814656e-04,2.621141448616982e-02
1609046864387154519,0,1609046864387154519,-1.872576423920691e-03,2.227207180112600e-03,8.300850749947131e-04,1.032600402832031e-01,-9.943099617958069e-01,1.003631841740571e-04,2.617334574460983e-02
1609046864483955000,0,1609046864483955000,-1.475109020248055e-03,1.774638425558805e-03,9.584112558513880e-04,1.032492741942406e-01,-9.943101406097412e-01,1.457087637390941e-04,2.620904147624969e-02
1609046864585793847,0,1609046864585793847,-4.083567764610052e-04,2.150074113160372e-03,1.069438061676919e-03,1.032662466168404e-01,-9.943096637725830e-01,9.531388786854222e-05,2.616186253726482e-02
1609046864694488260,0,1609046864694488260,-3.778231330215931e-04,1.939403824508190e-03,1.308848499320447e-03,1.032717600464821e-01,-9.943102598190308e-01,5.764394882135093e-05,2.611799724400043e-02
1609046864792373588,0,1609046864792373588,-1.964861294254661e-03,1.567244995385408e-03,1.691778190433979e-03,1.032238379120827e-01,-9.943144321441650e-01,2.715851587709039e-05,2.614689804613590e-02
1609046864899349503,0,1609046864899349503,-2.558308187872171e-03,1.178185688331723e-03,1.616630237549543e-03,1.032132208347321e-01,-9.943153262138367e-01,8.892706318874843e-06,2.615599520504475e-02
1609046865006461975,0,1609046865006461975,-1.108989003114402e-03,8.546582539565861e-04,1.509271794930100e-03,1.032077446579933e-01,-9.943159818649292e-01,-1.095965308195446e-05,2.615112066268921e-02
1609046865103919710,0,1609046865103919710,4.098901990801096e-04,6.820560665801167e-04,1.279697520658374e-03,1.031786799430847e-01,-9.943197965621948e-01,-8.078061364358291e-05,2.612292952835560e-02
1609046865180294493,0,1609046865180294493,8.471281034871936e-05,1.167101785540581e-03,1.283618970774114e-03,1.031576022505760e-01,-9.943220019340515e-01,-1.690508506726474e-04,2.612020447850227e-02
1609046865282328993,0,1609046865282328993,-2.799646463245153e-04,1.270713517442346e-03,1.045798300765455e-03,1.031926497817039e-01,-9.943178892135620e-01,-7.563055260106921e-05,2.614034339785576e-02
1609046865379133297,0,1609046865379133297,3.791318158619106e-04,1.756865647621453e-03,1.064185751602054e-03,1.032107099890709e-01,-9.943160414695740e-01,-3.671630111057311e-05,2.613908797502518e-02
1609046865487927377,0,1609046865487927377,6.795269437134266e-04,1.770100323483348e-03,8.130483329296112e-04,1.032401844859123e-01,-9.943118691444397e-01,9.022016456583515e-05,2.618091739714146e-02
1609046865589845733,0,1609046865589845733,3.846865729428828e-04,1.877239556051791e-03,1.264216611161828e-03,1.032342165708542e-01,-9.943135380744934e-01,3.715456114150584e-05,2.613920159637928e-02
1609046865692749012,0,1609046865692749012,5.148291820660233e-04,2.214122330769897e-03,1.611106563359499e-03,1.032480522990227e-01,-9.943125247955322e-01,3.758023012778722e-05,2.612299099564552e-02
1609046865794567820,0,1609046865794567820,-2.207158831879497e-05,1.892698230221868e-03,1.714804675430059e-03,1.032245978713036e-01,-9.943156838417053e-01,3.260375524405390e-05,2.609583176672459e-02
1609046865891465066,0,1609046865891465066,-3.699173103086650e-04,1.278273994103074e-03,1.461582025513053e-03,1.031958013772964e-01,-9.943174719810486e-01,2.688421227503568e-05,2.614353969693184e-02
1609046866003436416,0,1609046866003436416,4.567836294881999e-04,1.775670563802123e-03,1.663526869378984e-03,1.032559201121330e-01,-9.943123459815979e-01,5.476730802911334e-05,2.610014937818050e-02
1609046866107249068,0,1609046866107249068,-7.862696656957269e-04,7.764733163639903e-04,1.556276343762875e-03,1.031989678740501e-01,-9.943178892135620e-01,3.720086851899396e-06,2.611633017659187e-02
1609046866209267723,0,1609046866209267723,-1.364240655675530e-03,-9.367967140860856e-05,9.597953176125884e-04,1.031611636281013e-01,-9.943209886550903e-01,-9.156021405942738e-06,2.614432200789452e-02
1609046866271611841,0,1609046866271611841,-1.549809356220067e-03,5.223931511864066e-04,8.678710437379777e-04,1.031168922781944e-01,-9.943256378173828e-01,-1.487318077124655e-04,2.614509128034115e-02
1609046866379696454,0,1609046866379696454,-1.323668751865625e-03,1.100547728128731e-03,7.355167763307691e-04,1.031960770487785e-01,-9.943165183067322e-01,2.189948645536788e-05,2.617613226175308e-02
1609046866476539286,0,1609046866476539286,-1.550105633214116e-03,1.947170356288552e-03,7.514243479818106e-04,1.032204702496529e-01,-9.943142533302307e-01,5.071505802334286e-05,2.616706304252148e-02
1609046866589021533,0,1609046866589021533,-8.236431167460978e-04,1.644396688789129e-03,1.174752833321691e-03,1.032610908150673e-01,-9.943096637725830e-01,1.396287843817845e-04,2.618217095732689e-02
1609046866690821174,0,1609046866690821174,-8.671463583596051e-04,1.962247071787715e-03,1.215056749060750e-03,1.032964512705803e-01,-9.943058490753174e-01,1.621623232495040e-04,2.618720382452011e-02
1609046866787697264,0,1609046866787697264,-1.461880747228861e-04,2.206980716437101e-03,9.488259674981236e-04,1.032404154539108e-01,-9.943120479583740e-01,6.940391904208809e-05,2.617231942713261e-02
1609046866894565352,0,1609046866894565352,-6.639585481025279e-04,2.034343779087067e-03,1.269357744604349e-03,1.032263934612274e-01,-9.943134188652039e-01,7.877124153310433e-05,2.617527171969414e-02
1609046866996385981,0,1609046866996385981,3.162596840411425e-04,1.392343197949231e-03,1.585662597790360e-03,1.032054051756859e-01,-9.943158626556396e-01,5.550078640226275e-05,2.616716362535954e-02
1609046867103480409,0,1609046867103480409,1.984529662877321e-04,1.603402080945671e-03,1.666948432102799e-03,1.032294109463692e-01,-9.943137168884277e-01,6.170381675474346e-05,2.615365758538246e-02
1609046867205062990,0,1609046867205062990,-6.818951223976910e-04,9.953854605555534e-04,1.365879434160888e-03,1.032022163271904e-01,-9.943161010742188e-01,6.290950750553748e-06,2.616899274289608e-02
1609046867301714655,0,1609046867301714655,-6.947880610823631e-04,1.012247870676219e-03,1.444201217964292e-03,1.031869128346443e-01,-9.943186044692993e-01,-7.836682198103517e-05,2.613351494073868e-02
1609046867373151708,0,1609046867373151708,5.082326242700219e-05,1.490729860961437e-03,1.055827597156167e-03,1.031828075647354e-01,-9.943191409111023e-01,-1.323864416917786e-04,2.613079920411110e-02
1609046867474908210,0,1609046867474908210,5.027551669627428e-04,2.230929676443338e-03,9.526871144771576e-04,1.032527014613152e-01,-9.943112134933472e-01,-3.591739005059935e-05,2.615675330162048e-02
1609046867581709966,0,1609046867581709966,-6.249179132282734e-04,2.564480528235435e-03,8.549808990210295e-04,1.032663360238075e-01,-9.943089485168457e-01,4.454645750229247e-05,2.618772163987160e-02
1609046867683566069,0,1609046867683566069,-1.317443093284965e-03,2.258317079395056e-03,1.071563805453479e-03,1.032649874687195e-01,-9.943094253540039e-01,7.271458889590576e-05,2.617498673498631e-02
1609046867790582658,0,1609046867790582658,-1.438406412489712e-03,2.198061440140009e-03,1.300243427976966e-03,1.032613068819046e-01,-9.943103790283203e-01,8.566713222535327e-05,2.615346200764179e-02
1609046867892361469,0,1609046867892361469,-8.693820564076304e-04,2.259817672893405e-03,1.952929655089974e-03,1.032839491963387e-01,-9.943069219589233e-01,1.326998171862215e-04,2.619547955691814e-02
1609046867988973582,0,1609046867988973582,-5.089087644591928e-04,2.164474688470364e-03,1.738514518365264e-03,1.032655239105225e-01,-9.943090677261353e-01,7.259275298565626e-05,2.618803828954697e-02
1609046868101036828,0,1609046868101036828,1.254778762813658e-04,1.150900498032570e-03,1.934163738042116e-03,1.033038720488548e-01,-9.943045377731323e-01,1.458220940548927e-04,2.620762400329113e-02
1609046868194319692,0,1609046868194319692,-1.683807233348489e-03,9.465188486501575e-04,2.330404706299305e-03,1.031930595636368e-01,-9.943167567253113e-01,-6.665284672635607e-06,2.618205547332764e-02
1609046868298282279,0,1609046868298282279,-2.521881368011236e-03,6.254871841520071e-04,2.127092797309160e-03,1.031937524676323e-01,-9.943165779113770e-01,1.653311846894212e-05,2.618601173162460e-02
1609046868410425184,0,1609046868410425184,-5.148008931428194e-04,7.093488238751888e-04,1.969110919162631e-03,1.032533198595047e-01,-9.943107366561890e-01,3.359773472766392e-05,2.617268823087215e-02
1609046868478252289,0,1609046868478252289,-4.453401197679341e-05,1.877525704912841e-03,1.698907464742661e-03,1.031891107559204e-01,-9.943171739578247e-01,-1.458173210266978e-04,2.617810294032097e-02
1609046868580166442,0,1609046868580166442,-9.583603823557496e-04,1.861473312601447e-03,1.379769761115313e-03,1.032253652811050e-01,-9.943131804466248e-01,-9.117682566284202e-06,2.618939802050591e-02
1609046868682804514,0,1609046868682804514,-8.279447210952640e-04,2.715020207688212e-03,1.009543426334858e-03,1.032535806298256e-01,-9.943112134933472e-01,-2.900003710237797e-05,2.615313045680523e-02
1609046868780119345,0,1609046868780119345,-8.145457832142711e-04,2.358413767069578e-03,7.526158005930483e-04,1.032482683658600e-01,-9.943114519119263e-01,3.313846173114143e-05,2.616315707564354e-02
1609046868887312676,0,1609046868887312676,-7.224810542538762e-05,2.678952412679791e-03,9.440571302548051e-04,1.032657474279404e-01,-9.943097233772278e-01,7.001466292422265e-05,2.616223692893982e-02
1609046868999478342,0,1609046868999478342,-9.061158634722233e-04,1.774359727278352e-03,1.268284162506461e-03,1.032640337944031e-01,-9.943099021911621e-01,1.258350384887308e-04,2.616036497056484e-02
1609046869096411774,0,1609046869096411774,-1.114485436119139e-03,1.745497691445053e-03,1.423785346560180e-03,1.032580956816673e-01,-9.943097233772278e-01,9.907258208841085e-05,2.618977800011635e-02
1609046869195827968,0,1609046869195827968,-1.315760659053922e-03,1.153997378423810e-03,1.003225333988667e-03,1.032185703516006e-01,-9.943144321441650e-01,2.593213503132574e-05,2.617078647017479e-02
1609046869302926698,0,1609046869302926698,-8.213443215936422e-04,8.939904510043561e-04,1.419948181137443e-03,1.032111421227455e-01,-9.943154454231262e-01,2.233767918369267e-05,2.615878731012344e-02
1609046869399696360,0,1609046869399696360,-1.596886431798339e-03,1.363719929940999e-04,1.524701947346330e-03,1.031313687562943e-01,-9.943241477012634e-01,-3.608293627621606e-05,2.614453062415123e-02
1609046869502469513,0,1609046869502469513,-1.252240035682917e-03,1.541230594739318e-04,1.865177066065371e-03,1.031522527337074e-01,-9.943211078643799e-01,-3.043189099116717e-05,2.617668174207211e-02
1609046869578965871,0,1609046869578965871,-3.916398272849619e-04,6.297202198766172e-04,1.416664570569992e-03,1.031349301338196e-01,-9.943227767944336e-01,-1.221712882397696e-04,2.618073485791683e-02
1609046869681976200,0,1609046869681976200,3.944711061194539e-04,1.585064688697457e-03,8.889198070392013e-04,1.032027155160904e-01,-9.943156838417053e-01,-4.324943074607290e-05,2.618419751524925e-02
1609046869778804267,0,1609046869778804267,-1.303469296544790e-03,1.773710129782557e-03,9.825952583923936e-04,1.032109409570694e-01,-9.943155646324158e-01,-8.649361916468479e-06,2.615543268620968e-02
1609046869880631337,0,1609046869880631337,-3.566512372344732e-03,1.498978119343519e-03,1.172295073047280e-03,1.032250747084618e-01,-9.943131804466248e-01,5.653144035022706e-05,2.619053423404694e-02
1609046869987953740,0,1609046869987953740,-2.460511866956949e-03,1.344118732959032e-03,8.520107949152589e-04,1.032742783427238e-01,-9.943079948425293e-01,7.564079714938998e-05,2.619336545467377e-02
1609046870090247061,0,1609046870090247061,-2.473005093634129e-03,1.382471411488950e-03,1.177382306195796e-03,1.032644435763359e-01,-9.943097829818726e-01,7.062281656544656e-05,2.616455405950546e-02
1609046870198263831,0,1609046870198263831,-1.238346681930125e-03,1.732856151647866e-03,1.294783200137317e-03,1.032926589250565e-01,-9.943063259124756e-01,8.969596819952130e-05,2.618315815925598e-02
1609046870300329711,0,1609046870300329711,-6.799789844080806e-04,1.649922807700932e-03,1.585538848303258e-03,1.032575443387032e-01,-9.943094849586487e-01,5.711151970899664e-05,2.620224840939045e-02
1609046870402417159,0,1609046870402417159,-1.000925083644688e-03,1.463778200559318e-03,1.653870567679405e-03,1.032251194119453e-01,-9.943134784698486e-01,-6.680358637822792e-06,2.617728337645531e-02
1609046870506982474,0,1609046870506982474,-2.023830311372876e-04,1.080558169633150e-03,1.680022105574608e-03,1.031927689909935e-01,-9.943174123764038e-01,-1.747767237247899e-05,2.615570649504662e-02
1609046870604037444,0,1609046870604037444,3.073040861636400e-04,4.539266228675842e-04,1.830802531912923e-03,1.031551510095596e-01,-9.943211674690247e-01,-9.541575127514079e-05,2.616348676383495e-02
1609046870677677560,0,1609046870677677560,1.626625307835639e-04,1.386890420690179e-03,1.556952600367367e-03,1.031565219163895e-01,-9.943220615386963e-01,-2.005462156375870e-04,2.612143754959106e-02
1609046870781698674,0,1609046870781698674,2.683402271941304e-06,1.608931343071163e-03,8.816740592010319e-04,1.032347753643990e-01,-9.943127632141113e-01,-4.749776417156681e-05,2.616929449141026e-02
1609046870879262297,0,1609046870879262297,-3.672267484944314e-04,1.751345465891063e-03,1.033078297041357e-03,1.032558828592300e-01,-9.943115711212158e-01,-2.586674781923648e-06,2.613108232617378e-02
1609046870981148417,0,1609046870981148417,4.878877371083945e-04,2.781437709927559e-03,7.081651710905135e-04,1.032636687159538e-01,-9.943098425865173e-01,2.715691698540468e-05,2.616512216627598e-02
1609046871083181509,0,1609046871083181509,-4.788932274095714e-04,2.728955354541540e-03,1.047866186127067e-03,1.032756865024567e-01,-9.943092465400696e-01,3.341857882332988e-05,2.613939158618450e-02
1609046871186743020,0,1609046871186743020,-1.987383584491909e-04,2.672750968486071e-03,1.449343399144709e-03,1.032710149884224e-01,-9.943102002143860e-01,4.786947101820260e-05,2.612306177616119e-02
1609046871294852036,0,1609046871294852036,2.233780396636575e-04,2.566973911598325e-03,1.751528121531010e-03,1.032667607069016e-01,-9.943100810050964e-01,8.188138599507511e-05,2.614324912428856e-02
1609046871392218520,0,1609046871392218520,-7.095856126397848e-04,1.853238791227341e-03,1.706310082226992e-03,1.032458022236824e-01,-9.943118691444397e-01,1.692685691523366e-05,2.615786157548428e-02
1609046871499565324,0,1609046871499565324,5.944349686615169e-04,2.474916400387883e-03,2.000039443373680e-03,1.032639369368553e-01,-9.943100214004517e-01,1.134355534304632e-05,2.615777216851711e-02
1609046871602949866,0,1609046871602949866,5.992170190438628e-04,1.673952676355839e-03,1.298455987125635e-03,1.032569780945778e-01,-9.943098425865173e-01,-3.514455238473602e-05,2.619145810604095e-02
1609046871704853707,0,1609046871704853707,-9.648711420595646e-05,4.607334267348051e-04,1.474125543609262e-03,1.032078415155411e-01,-9.943153858184814e-01,-3.913651016773656e-05,2.617373876273632e-02
1609046871776382566,0,1609046871776382566,-7.554018520750105e-04,1.317708753049374e-03,1.240473706275225e-03,1.031602472066879e-01,-9.943210482597351e-01,-1.860760094132274e-04,2.614744752645493e-02
1609046871874533424,0,1609046871874533424,6.972638657316566e-04,1.857544295489788e-03,6.884650210849941e-04,1.032303199172020e-01,-9.943122863769531e-01,-1.784015694283880e-05,2.620177157223225e-02
1609046871976758979,0,1609046871976758979,8.661579340696335e-04,2.174220746383071e-03,6.420608260668814e-04,1.032535061240196e-01,-9.943091869354248e-01,8.039869135245681e-05,2.622963301837444e-02
1609046872084579519,0,1609046872084579519,9.217619663104415e-04,2.424063393846154e-03,8.828085847198963e-04,1.032637208700180e-01,-9.943083524703979e-01,1.196311350213364e-04,2.622143737971783e-02
1609046872191565910,0,1609046872191565910,1.596849178895354e-04,2.000932814553380e-03,1.105374307371676e-03,1.032493636012077e-01,-9.943104982376099e-01,1.499747595516965e-04,2.619720995426178e-02
1609046872293178578,0,1609046872293178578,6.548154487973079e-05,2.151727909222245e-03,1.491982955485582e-03,1.032672375440598e-01,-9.943084120750427e-01,1.587470615049824e-04,2.620612084865570e-02
1609046872389940228,0,1609046872389940228,6.675745826214552e-04,1.982760615646839e-03,1.507480978034437e-03,1.032650321722031e-01,-9.943091273307800e-01,7.853506394894794e-05,2.618561871349812e-02
1609046872492025841,0,1609046872492025841,1.663478906266391e-04,1.620401046238840e-03,1.832110341638327e-03,1.032381281256676e-01,-9.943113923072815e-01,7.055188325466588e-05,2.620798163115978e-02
1609046872603981187,0,1609046872603981187,1.099252374842763e-03,7.419044850394130e-04,1.779588288627565e-03,1.032193452119827e-01,-9.943136572837830e-01,9.114055865211412e-05,2.619373984634876e-02
1609046872706167389,0,1609046872706167389,6.562495254911482e-04,1.286250306293368e-03,1.871491433121264e-03,1.032209768891335e-01,-9.943146705627441e-01,-1.230292764375918e-05,2.615091390907764e-02
1609046872810715596,0,1609046872810715596,-1.072384184226394e-03,6.078931619413197e-04,1.884532626718283e-03,1.031892076134682e-01,-9.943177103996277e-01,-3.142392961308360e-05,2.615939266979694e-02
1609046872876855452,0,1609046872876855452,-5.933276843279600e-04,1.194388605654240e-03,1.604026183485985e-03,1.031281426548958e-01,-9.943239688873291e-01,-1.826208899728954e-04,2.616309933364391e-02
1609046872978900246,0,1609046872978900246,-1.245916355401278e-04,2.270522061735392e-03,1.384123112075031e-03,1.031953394412994e-01,-9.943162798881531e-01,-4.608402014127932e-05,2.619075775146484e-02
1609046873081110658,0,1609046873081110658,8.824223186820745e-06,2.827603369951248e-03,1.059894100762904e-03,1.032451391220093e-01,-9.943112134933472e-01,2.618303369672503e-05,2.618676424026489e-02
1609046873188417675,0,1609046873188417675,-6.560293841175735e-04,2.137321513146162e-03,7.469294359907508e-04,1.032502576708794e-01,-9.943096637725830e-01,1.063876479747705e-04,2.622691914439201e-02
1609046873291287559,0,1609046873291287559,-1.074657309800386e-03,2.438668627291918e-03,1.084667281247675e-03,1.032800227403641e-01,-9.943079352378845e-01,8.884418639354408e-05,2.617174573242664e-02
1609046873393108808,0,1609046873393108808,1.177858095616102e-03,3.016044152900577e-03,9.228542330674827e-04,1.033070906996727e-01,-9.943042397499084e-01,8.086345042102039e-05,2.620720490813255e-02
1609046873496013746,0,1609046873496013746,-4.701281432062387e-04,2.293798606842756e-03,1.213353243656456e-03,1.032850891351700e-01,-9.943068623542786e-01,1.072584855137393e-04,2.619341015815735e-02
1609046873592674002,0,1609046873592674002,-2.335379540454596e-04,2.071177121251822e-03,1.537509728223085e-03,1.032423377037048e-01,-9.943109154701233e-01,4.783158146892674e-05,2.620885893702507e-02
1609046873694585048,0,1609046873694585048,2.650369424372911e-06,1.397837535478175e-03,1.698576379567385e-03,1.032054126262665e-01,-9.943144321441650e-01,3.382383874850348e-05,2.622123621404171e-02
1609046873806586347,0,1609046873806586347,-3.854786627925932e-04,4.748432547785342e-04,2.004210371524096e-03,1.032047048211098e-01,-9.943143129348755e-01,3.291194661869667e-05,2.623012289404869e-02
1609046873904548145,0,1609046873904548145,-3.621694049797952e-04,-5.118528497405350e-05,1.573940040543675e-03,1.031387969851494e-01,-9.943221807479858e-01,-3.363699943292886e-05,2.618668973445892e-02
1609046873970729656,0,1609046873970729656,-4.464013618417084e-04,6.253279279917479e-04,1.275437418371439e-03,1.031100749969482e-01,-9.943256974220276e-01,-1.165765715995803e-04,2.616965211927891e-02
1609046874074175449,0,1609046874074175449,-7.350475643761456e-04,5.209352239035070e-04,6.903103203512728e-04,1.031502410769463e-01,-9.943215847015381e-01,-3.818680124823004e-05,2.616566605865955e-02
1609046874181335208,0,1609046874181335208,-3.567552776075900e-04,1.145105925388634e-03,7.361755706369877e-04,1.031993255019188e-01,-9.943168759346008e-01,-5.666665856551845e-06,2.615112438797951e-02
1609046874288346153,0,1609046874288346153,8.397263009101152e-04,1.479736529290676e-03,1.068869372829795e-03,1.032483279705048e-01,-9.943116903305054e-01,9.376525122206658e-05,2.615570835769176e-02
1609046874390119162,0,1609046874390119162,5.506499437615275e-04,1.684647751972079e-03,1.018971670418978e-03,1.033206433057785e-01,-9.943032264709473e-01,1.512308372184634e-04,2.619078941643238e-02
1609046874491933926,0,1609046874491933926,3.222643572371453e-04,2.656310563907027e-03,1.131682540290058e-03,1.033315435051918e-01,-9.943016171455383e-01,1.208859175676480e-04,2.620870992541313e-02
1609046874593752838,0,1609046874593752838,5.181682063266635e-04,2.190955681726336e-03,1.360873924568295e-03,1.031322851777077e-01,-9.943228363990784e-01,4.343181353760883e-05,2.618848532438278e-02
1609046874700647390,0,1609046874700647390,-3.083099145442247e-04,2.852992620319128e-03,1.157522317953408e-03,1.034771203994751e-01,-9.942876100540161e-01,2.685853905859403e-05,2.616788446903229e-02
1609046874802557332,0,1609046874802557332,-1.195204560644925e-03,5.133638624101877e-04,9.313521441072226e-04,1.030786857008934e-01,-9.943290352821350e-01,6.998498429311439e-05,2.616525255143642e-02
1609046874899308365,0,1609046874899308365,-5.247902590781450e-04,2.550319302827120e-03,7.952285814099014e-04,1.033927723765373e-01,-9.942955374717712e-01,-1.957594940904528e-04,2.619844116270542e-02
1609046875006666435,0,1609046875006666435,2.500007394701242e-04,9.614871814846992e-04,5.237563746050000e-04,1.030271127820015e-01,-9.943332672119141e-01,-5.537573815672658e-05,2.620714157819748e-02
1609046875078024674,0,1609046875078024674,3.570669796317816e-04,6.375652155838907e-04,6.410292116925120e-04,1.029278114438057e-01,-9.943447113037109e-01,-2.262359485030174e-04,2.616019360721111e-02
1609046875174938169,0,1609046875174938169,1.075960462912917e-04,2.351704984903336e-03,3.603802761062980e-04,1.033139973878860e-01,-9.943053126335144e-01,-8.573797822464257e-05,2.613924257457256e-02
1609046875282099961,0,1609046875282099961,2.531807986088097e-04,2.158976625651121e-03,-7.349290535785258e-05,1.032431274652481e-01,-9.943112730979919e-01,4.564207119983621e-05,2.619022317230701e-02
1609046875378763973,0,1609046875378763973,1.476255420129746e-04,1.018387847580016e-03,-2.330845745746046e-04,1.030953302979469e-01,-9.943248629570007e-01,4.498970884014852e-05,2.625613659620285e-02
1609046875490899572,0,1609046875490899572,1.012868131510913e-03,2.822999609634280e-03,2.353565650992095e-04,1.034921109676361e-01,-9.942857623100281e-01,4.404426363180391e-05,2.617630548775196e-02
1609046875598656753,0,1609046875598656753,4.786145291291177e-04,1.259230077266693e-03,4.907142720185220e-04,1.032480075955391e-01,-9.943115115165710e-01,1.602254196768627e-04,2.616234309971333e-02
1609046875695478164,0,1609046875695478164,4.551101592369378e-04,3.729620948433876e-05,6.564579671248794e-04,1.032289341092110e-01,-9.943131208419800e-01,1.782078616088256e-04,2.617654949426651e-02
1609046875792240490,0,1609046875792240490,1.509938272647560e-03,4.051651922054589e-04,3.819362318608910e-04,1.033384948968887e-01,-9.943019747734070e-01,1.553846595925279e-05,2.616972476243973e-02
1609046875900744553,0,1609046875900744553,1.116150058805943e-03,-1.288750325329602e-03,-3.084888739977032e-04,1.031241640448570e-01,-9.943256378173828e-01,-4.529079888015985e-05,2.611362375319004e-02
1609046876002642777,0,1609046876002642777,-4.105457337573171e-04,-2.002970315515995e-03,-3.525837382767349e-04,1.030774116516113e-01,-9.943321347236633e-01,-9.556616714689881e-05,2.605123631656170e-02
1609046876109729483,0,1609046876109729483,-1.154006691649556e-03,-1.946079428307712e-03,2.211622777394950e-04,1.032141894102097e-01,-9.943164587020874e-01,-8.683058695169166e-05,2.610782533884048e-02
1609046876171801802,0,1609046876171801802,-1.121874316595495e-03,-1.550298766233027e-03,-3.070176171604544e-05,1.030675694346428e-01,-9.943321943283081e-01,-1.074131869245321e-04,2.608862146735191e-02
1609046876278723844,0,1609046876278723844,-8.924245485104620e-04,6.261609960347414e-04,4.875900922343135e-04,1.031074821949005e-01,-9.943265914916992e-01,9.886256157187745e-05,2.614272013306618e-02
1609046876380619389,0,1609046876380619389,-1.079502631910145e-03,3.486267989501357e-03,6.185740930959582e-04,1.033152937889099e-01,-9.943071007728577e-01,2.044597349595279e-04,2.606473676860332e-02
1609046876478485704,0,1609046876478485704,-2.202230039983988e-03,1.966489246115088e-03,2.948914770968258e-04,1.031349003314972e-01,-9.943293333053589e-01,3.391106147319078e-04,2.592919953167439e-02
1609046876590454477,0,1609046876590454477,-3.217364195734262e-03,3.253175411373377e-03,9.142440976575017e-04,1.033301800489426e-01,-9.943040609359741e-01,2.186482161050662e-04,2.612053416669369e-02
1609046876690094434,0,1609046876690094434,-2.706163330003619e-03,2.137889619916677e-03,9.609237313270569e-04,1.032658517360687e-01,-9.943066835403442e-01,2.351324656046927e-04,2.627421543002129e-02
1609046876797101129,0,1609046876797101129,-3.413071855902672e-03,1.222649472765625e-03,7.595148636028171e-04,1.032765358686447e-01,-9.943029880523682e-01,2.312364958925173e-04,2.637324854731560e-02
1609046876900173410,0,1609046876900173410,-1.721234060823917e-03,1.351201208308339e-03,9.951262036338449e-04,1.032965332269669e-01,-9.943039417266846e-01,2.441819815430790e-04,2.625937573611736e-02
1609046877003141868,0,1609046877003141868,-9.677510242909193e-04,1.020041992887855e-03,1.403093570843339e-03,1.032008379697800e-01,-9.943140745162964e-01,5.688847886631265e-05,2.625299245119095e-02
1609046877105110171,0,1609046877105110171,-3.056201967410743e-04,1.444014720618725e-03,1.761127728968859e-03,1.032148078083992e-01,-9.943080544471741e-01,1.029938939609565e-04,2.642358653247356e-02
1609046877207036528,0,1609046877207036528,-6.637156475335360e-04,1.753500662744045e-03,2.609442221000791e-03,1.033210158348083e-01,-9.943011403083801e-01,7.032774010440335e-05,2.626846730709076e-02
1609046877278437295,0,1609046877278437295,-1.443175016902387e-03,1.897242385894060e-03,2.605054294690490e-03,1.032574474811554e-01,-9.943088293075562e-01,-5.974468564318158e-08,2.623034454882145e-02
1609046877380336814,0,1609046877380336814,-1.529438770376146e-03,1.128525473177433e-03,1.260341145098209e-03,1.031239554286003e-01,-9.943382143974304e-01,1.754122640704736e-04,2.563194930553436e-02
1609046877477123338,0,1609046877477123338,-2.301373286172748e-03,1.611822634004056e-03,-7.459744811058044e-04,1.031626984477043e-01,-9.943720102310181e-01,2.904881839640439e-04,2.411810681223869e-02
1609046877580383217,0,1609046877580383217,-5.047888495028019e-03,2.467139624059200e-03,-4.071837291121483e-03,1.031316965818405e-01,-9.944023489952087e-01,1.218432516907342e-04,2.297194674611092e-02
1609046877687292861,0,1609046877687292861,-1.256151869893074e-02,2.859202446416020e-03,-5.038290750235319e-03,1.032390221953392e-01,-9.943857192993164e-01,2.710591652430594e-04,2.320923469960690e-02
1609046877789281888,0,1609046877789281888,-2.308021113276482e-02,4.112917929887772e-03,-4.698506090790033e-03,1.034564748406410e-01,-9.943458437919617e-01,1.229966874234378e-03,2.390781976282597e-02
1609046877891383168,0,1609046877891383168,-3.161659091711044e-02,7.361798081547022e-03,-1.962970942258835e-03,1.039732545614243e-01,-9.942825436592102e-01,5.127878859639168e-03,2.378024160861969e-02
1609046877999837767,0,1609046877999837767,-3.537067025899887e-02,9.264255873858929e-03,1.917810179293156e-02,1.039623618125916e-01,-9.942615032196045e-01,8.544914424419403e-03,2.372884377837181e-02
1609046878106817003,0,1609046878106817003,-2.883485704660416e-02,4.046460613608360e-03,4.990422353148460e-02,1.040151119232178e-01,-9.942976236343384e-01,1.302941422909498e-02,1.957711018621922e-02
1609046878199431571,0,1609046878199431571,-1.893211156129837e-02,8.707863278687000e-03,8.730001002550125e-02,1.040036156773567e-01,-9.943114519119263e-01,1.542698498815298e-02,1.703179813921452e-02
1609046878306350474,0,1609046878306350474,-1.694581285119057e-02,1.532585918903351e-02,1.555743068456650e-01,1.041111052036285e-01,-9.942526221275330e-01,1.899007894098759e-02,1.618812233209610e-02
1609046878377764125,0,1609046878377764125,-1.122447382658720e-02,2.377494238317013e-02,2.278788238763809e-01,1.040429845452309e-01,-9.942436218261719e-01,2.099973708391190e-02,1.462395209819078e-02
1609046878479914197,0,1609046878479914197,-7.248059846460819e-03,3.910871967673302e-02,3.448642492294312e-01,1.040712893009186e-01,-9.942142963409424e-01,2.257353439927101e-02,1.405265834182501e-02
1609046878576883669,0,1609046878576883669,-6.548030301928520e-03,5.496458709239960e-02,4.701910912990570e-01,1.042564883828163e-01,-9.942272901535034e-01,2.128860354423523e-02,1.377077214419842e-02
1609046878684350830,0,1609046878684350830,-7.012837566435337e-03,7.933027297258377e-02,6.059067249298096e-01,1.044679209589958e-01,-9.942955374717712e-01,1.798045448958874e-02,1.181685365736485e-02
1609046878791417518,0,1609046878791417518,-7.383093237876892e-03,1.100834906101227e-01,7.299218177795410e-01,1.046981513500214e-01,-9.943419694900513e-01,1.395228598266840e-02,1.130323577672243e-02
1609046878894278342,0,1609046878894278342,-9.252505376935005e-03,1.441657841205597e-01,8.439366817474365e-01,1.050207763910294e-01,-9.943612813949585e-01,9.683445096015930e-03,1.107175089418888e-02
1609046878996597676,0,1609046878996597676,-1.242294348776340e-02,1.761400550603867e-01,9.499183297157288e-01,1.050393655896187e-01,-9.943886399269104e-01,5.011867731809616e-03,1.152395643293858e-02
1609046879103843303,0,1609046879103843303,-1.927178539335728e-02,2.110134363174438e-01,1.037131071090698e+00,1.051621064543724e-01,-9.943732023239136e-01,2.365840045968071e-04,1.276834309101105e-02
1609046879207401529,0,1609046879207401529,-2.813570946455002e-02,2.425572574138641e-01,1.102658152580261e+00,1.052269414067268e-01,-9.943357110023499e-01,-3.518751356750727e-03,1.454205904155970e-02
1609046879310830480,0,1609046879310830480,-3.441126272082329e-02,2.715649306774139e-01,1.151509165763855e+00,1.052532866597176e-01,-9.943025708198547e-01,-6.443067919462919e-03,1.557442639023066e-02
1609046879402466643,0,1609046879402466643,-4.079685360193253e-02,2.998742163181305e-01,1.190015792846680e+00,1.053524389863014e-01,-9.942422509193420e-01,-9.631358087062836e-03,1.704502478241920e-02
1609046879483830660,0,1609046879483830660,-4.568729177117348e-02,3.235452175140381e-01,1.215909957885742e+00,1.053915917873383e-01,-9.942123293876648e-01,-1.050995290279388e-02,1.799871399998665e-02
1609046879585583944,0,1609046879585583944,-5.002744495868683e-02,3.460254967212677e-01,1.239019632339478e+00,1.056330129504204e-01,-9.941454529762268e-01,-1.267918571829796e-02,1.885843463242054e-02
1609046879682348209,0,1609046879682348209,-5.730388686060905e-02,3.617035150527954e-01,1.255804300308228e+00,1.054965555667877e-01,-9.941273331642151e-01,-1.374061312526464e-02,1.981169916689396e-02
1609046879789835205,0,1609046879789835205,-5.828795582056046e-02,3.800666630268097e-01,1.275125265121460e+00,1.057606711983681e-01,-9.940871596336365e-01,-1.409380231052637e-02,2.016758546233177e-02
1609046879886522671,0,1609046879886522671,-5.408870056271553e-02,3.902300000190735e-01,1.293974757194519e+00,1.058413460850716e-01,-9.941148757934570e-01,-1.353367045521736e-02,1.871163770556450e-02
1609046879998785772,0,1609046879998785772,-4.763072729110718e-02,3.951242268085480e-01,1.326156735420227e+00,1.062005460262299e-01,-9.940859675407410e-01,-1.457635592669249e-02,1.738176494836807e-02
1609046880100801782,0,1609046880100801782,-4.185488820075989e-02,3.966676592826843e-01,1.355588674545288e+00,1.063274070620537e-01,-9.941369891166687e-01,-1.290212478488684e-02,1.481937058269978e-02
1609046880197634555,0,1609046880197634555,-3.397779166698456e-02,3.947226405143738e-01,1.394729018211365e+00,1.064884439110756e-01,-9.941569566726685e-01,-1.226652786135674e-02,1.271966565400362e-02
1609046880299513468,0,1609046880299513468,-2.890767529606819e-02,3.879110515117645e-01,1.439000725746155e+00,1.063398867845535e-01,-9.942387938499451e-01,-8.941908366978168e-03,1.006411015987396e-02
1609046880406967937,0,1609046880406967937,-1.963937655091286e-02,3.777020275592804e-01,1.488979458808899e+00,1.064420789480209e-01,-9.942672848701477e-01,-6.536995992064476e-03,7.744612637907267e-03
1609046880508831525,0,1609046880508831525,-1.294310204684734e-02,3.672724366188049e-01,1.549914360046387e+00,1.064743846654892e-01,-9.942860603332520e-01,-4.370727110654116e-03,6.270457990467548e-03
1609046880575566524,0,1609046880575566524,-1.151703298091888e-02,3.567239940166473e-01,1.590546131134033e+00,1.064695939421654e-01,-9.942920207977295e-01,-3.183391178026795e-03,6.117694545537233e-03
1609046880682452861,0,1609046880682452861,-8.927198126912117e-03,3.424580991268158e-01,1.654344320297241e+00,1.066517680883408e-01,-9.942785501480103e-01,-6.402683793567121e-04,5.927614402025938e-03
1609046880784265878,0,1609046880784265878,-6.113158538937569e-03,3.280651569366455e-01,1.718307495117188e+00,1.067108809947968e-01,-9.942720532417297e-01,7.664969307370484e-04,5.947328172624111e-03
1609046880881180842,0,1609046880881180842,-4.960327874869108e-03,3.139864206314087e-01,1.781191825866699e+00,1.067712530493736e-01,-9.942643046379089e-01,1.629843027330935e-03,5.980275105684996e-03
1609046880983166538,0,1609046880983166538,-3.396302228793502e-03,3.040954172611237e-01,1.841444253921509e+00,1.068765521049500e-01,-9.942492842674255e-01,2.973943715915084e-03,6.069763097912073e-03
1609046881089971015,0,1609046881089971015,-8.026850409805775e-03,2.935967445373535e-01,1.896202325820923e+00,1.069720461964607e-01,-9.942285418510437e-01,5.398788023740053e-03,6.122334860265255e-03
1609046881197181470,0,1609046881197181470,-1.261707395315170e-02,2.788388431072235e-01,1.948081374168396e+00,1.069456115365028e-01,-9.942213892936707e-01,6.970535032451153e-03,6.156955845654011e-03
1609046881299035261,0,1609046881299035261,-2.129736915230751e-02,2.674750983715057e-01,2.007779121398926e+00,1.069439277052879e-01,-9.942033886909485e-01,7.818338461220264e-03,7.844072766602039e-03
1609046881405986548,0,1609046881405986548,-2.954456768929958e-02,2.595796585083008e-01,2.068778038024902e+00,1.071566790342331e-01,-9.941498041152954e-01,9.915444999933243e-03,9.239832870662212e-03
1609046881502734897,0,1609046881502734897,-3.968871012330055e-02,2.499318718910217e-01,2.130296230316162e+00,1.070935949683189e-01,-9.941371083259583e-01,1.089025847613811e-02,1.018957607448101e-02
1609046881609603316,0,1609046881609603316,-5.247067660093307e-02,2.397793829441071e-01,2.180708408355713e+00,1.071266755461693e-01,-9.941214919090271e-01,1.066234614700079e-02,1.151763461530209e-02
1609046881681215306,0,1609046881681215306,-6.249180436134338e-02,2.344708591699600e-01,2.220400571823120e+00,1.069991141557693e-01,-9.941290020942688e-01,9.352999739348888e-03,1.308472454547882e-02
1609046881777763088,0,1609046881777763088,-7.508034259080887e-02,2.293003201484680e-01,2.270570516586304e+00,1.072988361120224e-01,-9.940788149833679e-01,8.155399002134800e-03,1.509278640151024e-02
1609046881889740247,0,1609046881889740247,-8.710781484842300e-02,2.269406020641327e-01,2.330594062805176e+00,1.074589714407921e-01,-9.940579533576965e-01,5.376953631639481e-03,1.650893501937389e-02
1609046881982306790,0,1609046881982306790,-9.774323552846909e-02,2.265270203351974e-01,2.385241031646729e+00,1.075889021158218e-01,-9.940013289451599e-01,1.799209159798920e-03,1.956621743738651e-02
1609046882094459797,0,1609046882094459797,-1.067345961928368e-01,2.260016500949860e-01,2.439234733581543e+00,1.078070849180222e-01,-9.938449263572693e-01,-2.869841875508428e-03,2.533164434134960e-02
1609046882196309598,0,1609046882196309598,-1.136316508054733e-01,2.322482615709305e-01,2.496287107467651e+00,1.077590584754944e-01,-9.937196969985962e-01,-5.212488584220409e-03,2.969870157539845e-02
1609046882295996098,0,1609046882295996098,-1.188690140843391e-01,2.312844544649124e-01,2.560618638992310e+00,1.078001186251640e-01,-9.935748577117920e-01,-6.452302914112806e-03,3.386326506733894e-02
1609046882403280819,0,1609046882403280819,-1.197655126452446e-01,2.268816083669662e-01,2.626146078109741e+00,1.075618714094162e-01,-9.934980869293213e-01,-7.220197003334761e-03,3.660696744918823e-02
1609046882500346771,0,1609046882500346771,-1.163016930222511e-01,2.238663733005524e-01,2.665373563766479e+00,1.075628474354744e-01,-9.935365915298462e-01,-5.010652821511030e-03,3.591806814074516e-02
1609046882607630803,0,1609046882607630803,-1.096228063106537e-01,2.176329195499420e-01,2.708584785461426e+00,1.073422506451607e-01,-9.938158988952637e-01,-1.802621758542955e-03,2.836115285754204e-02
1609046882705075066,0,1609046882705075066,-9.185440838336945e-02,2.086060345172882e-01,2.779272556304932e+00,1.073928251862526e-01,-9.938755035400391e-01,9.929185034707189e-04,2.602318860590458e-02
1609046882781837649,0,1609046882781837649,-7.608968019485474e-02,2.012819796800613e-01,2.811883687973022e+00,1.073898598551750e-01,-9.939669966697693e-01,2.964179730042815e-03,2.209657430648804e-02
1609046882881216084,0,1609046882881216084,-5.208269879221916e-02,1.946920454502106e-01,2.853348255157471e+00,1.075823158025742e-01,-9.940711259841919e-01,7.192219141870737e-03,1.403985265642405e-02
1609046882988735997,0,1609046882988735997,-2.396719343960285e-02,1.884115189313889e-01,2.878849983215332e+00,1.077401489019394e-01,-9.940936565399170e-01,1.035896409302950e-02,7.914984598755836e-03
1609046883091363089,0,1609046883091363089,-3.309128805994987e-05,1.850647330284119e-01,2.904448270797729e+00,1.077839955687523e-01,-9.940956234931946e-01,1.181530859321356e-02,4.112175200134516e-03
1609046883194831906,0,1609046883194831906,2.084859646856785e-02,1.794861555099487e-01,2.893256902694702e+00,1.080495342612267e-01,-9.940506815910339e-01,1.370128057897091e-02,9.844555752351880e-04
1609046883296870361,0,1609046883296870361,3.672434389591217e-02,1.777278184890747e-01,2.893333911895752e+00,1.081135496497154e-01,-9.940440058708191e-01,1.369679812341928e-02,-7.062601507641375e-04
1609046883393929915,0,1609046883393929915,4.747392237186432e-02,1.801862269639969e-01,2.895010709762573e+00,1.081461384892464e-01,-9.940357208251953e-01,1.400425750762224e-02,-1.142297289334238e-03
1609046883496035949,0,1609046883496035949,5.556431412696838e-02,1.849990040063858e-01,2.884061098098755e+00,1.084328219294548e-01,-9.940410852432251e-01,1.116024143993855e-02,-4.032017604913563e-04
1609046883608579877,0,1609046883608579877,6.182927638292313e-02,1.935645192861557e-01,2.878882646560669e+00,1.086837574839592e-01,-9.940258860588074e-01,9.784640744328499e-03,2.150618704035878e-03
1609046883711021017,0,1609046883711021017,6.181943416595459e-02,2.022189944982529e-01,2.893553972244263e+00,1.088588684797287e-01,-9.940218925476074e-01,7.203127257525921e-03,4.292428027838469e-03
1609046883809509207,0,1609046883809509207,5.723470449447632e-02,2.134095281362534e-01,2.867833137512207e+00,1.089684814214706e-01,-9.940146803855896e-01,4.029713571071625e-03,6.677301134914160e-03
1609046883881514399,0,1609046883881514399,5.356518551707268e-02,2.235863953828812e-01,2.873461484909058e+00,1.089780703186989e-01,-9.939958453178406e-01,1.587046426720917e-03,9.676562622189522e-03
1609046883983758516,0,1609046883983758516,4.724997654557228e-02,2.363689541816711e-01,2.892980337142944e+00,1.091448664665222e-01,-9.939461946487427e-01,-2.882316941395402e-03,1.224979944527149e-02
1609046884081940397,0,1609046884081940397,4.111396148800850e-02,2.512943446636200e-01,2.889801025390625e+00,1.093290448188782e-01,-9.938890933990479e-01,-5.320404190570116e-03,1.425915770232677e-02
1609046884189270128,0,1609046884189270128,3.477835655212402e-02,2.624455690383911e-01,2.881027221679688e+00,1.094426587224007e-01,-9.938588738441467e-01,-8.326368406414986e-03,1.405974756926298e-02
1609046884296219233,0,1609046884296219233,3.125016763806343e-02,2.674110531806946e-01,2.870318412780762e+00,1.094790026545525e-01,-9.938388466835022e-01,-1.146532502025366e-02,1.292987912893295e-02
1609046884398140024,0,1609046884398140024,2.841208502650261e-02,2.713916897773743e-01,2.871500968933105e+00,1.094787120819092e-01,-9.938369393348694e-01,-1.342667732387781e-02,1.105626206845045e-02
1609046884500047757,0,1609046884500047757,2.790623530745506e-02,2.723295986652374e-01,2.882892131805420e+00,1.096732020378113e-01,-9.937928915023804e-01,-1.564419455826283e-02,1.013255864381790e-02
1609046884602599945,0,1609046884602599945,2.548967115581036e-02,2.679510712623596e-01,2.847784996032715e+00,1.097325980663300e-01,-9.937735199928284e-01,-1.730804145336151e-02,8.568817749619484e-03
1609046884704874043,0,1609046884704874043,2.403671853244305e-02,2.592954933643341e-01,2.816795587539673e+00,1.099527180194855e-01,-9.937309622764587e-01,-1.897403970360756e-02,7.020064629614353e-03
1609046884807697535,0,1609046884807697535,2.228179760277271e-02,2.471786141395569e-01,2.816138505935669e+00,1.098908856511116e-01,-9.937688112258911e-01,-1.800056360661983e-02,4.856272134929895e-03
1609046884899345953,0,1609046884899345953,2.022599242627621e-02,2.288812845945358e-01,2.804367065429688e+00,1.098461002111435e-01,-9.937818646430969e-01,-1.799305155873299e-02,2.761519979685545e-03
1609046884980791890,0,1609046884980791890,1.650414429605007e-02,2.108497917652130e-01,2.809559583663940e+00,1.099438369274139e-01,-9.938052892684937e-01,-1.616266183555126e-02,1.441678614355624e-03
1609046885077848003,0,1609046885077848003,1.063532009720802e-02,1.839752942323685e-01,2.826511383056641e+00,1.100303903222084e-01,-9.938210248947144e-01,-1.459585782140493e-02,3.289923188276589e-04
1609046885188768394,0,1609046885188768394,1.708816969767213e-03,1.510261595249176e-01,2.823589563369751e+00,1.101153194904327e-01,-9.938336610794067e-01,-1.298946700990200e-02,-7.326870691031218e-04
1609046885291601536,0,1609046885291601536,-8.419771678745747e-03,1.139757931232452e-01,2.830056428909302e+00,1.101833209395409e-01,-9.938250780105591e-01,-1.301483344286680e-02,-1.461576204746962e-03
1609046885393713278,0,1609046885393713278,-1.932021230459213e-02,8.127385377883911e-02,2.834674835205078e+00,1.103284060955048e-01,-9.938179850578308e-01,-1.229381375014782e-02,-1.550066052004695e-03
1609046885490752543,0,1609046885490752543,-3.211865574121475e-02,4.425416141748428e-02,2.831082820892334e+00,1.104141250252724e-01,-9.938159584999084e-01,-1.170848868787289e-02,-1.197359291836619e-03
1609046885597701068,0,1609046885597701068,-5.086850002408028e-02,4.466963000595570e-03,2.840429306030273e+00,1.106332987546921e-01,-9.937965273857117e-01,-1.130071096122265e-02,-1.051775063388050e-03
1609046885699894433,0,1609046885699894433,-7.159204781055450e-02,-4.087078571319580e-02,2.844864845275879e+00,1.104798763990402e-01,-9.938359856605530e-01,-9.180136956274509e-03,-2.927198693214450e-05
1609046885802625265,0,1609046885802625265,-9.421960264444351e-02,-8.724977076053619e-02,2.844586372375488e+00,1.105228736996651e-01,-9.938485026359558e-01,-6.765590049326420e-03,1.996215665712953e-03
1609046885900415006,0,1609046885900415006,-1.166444495320320e-01,-1.362120807170868e-01,2.849589586257935e+00,1.107971072196960e-01,-9.938223361968994e-01,-5.438008811324835e-03,3.412763820961118e-03
1609046886007883937,0,1609046886007883937,-1.457441449165344e-01,-1.912911832332611e-01,2.862714052200317e+00,1.106210425496101e-01,-9.938356280326843e-01,-1.717069768346846e-03,7.125999312847853e-03
1609046886079248205,0,1609046886079248205,-1.675229966640472e-01,-2.314484715461731e-01,2.863562583923340e+00,1.105505526065826e-01,-9.938174486160278e-01,2.267105737701058e-03,1.002309937030077e-02
1609046886181475499,0,1609046886181475499,-1.984669566154480e-01,-2.882184386253357e-01,2.859729290008545e+00,1.104413494467735e-01,-9.937602877616882e-01,6.779518909752369e-03,1.404349319636822e-02
1609046886289129890,0,1609046886289129890,-2.287571579217911e-01,-3.505438864231110e-01,2.858583927154541e+00,1.102872416377068e-01,-9.936990737915039e-01,9.468327276408672e-03,1.758608408272266e-02
1609046886391670921,0,1609046886391670921,-2.589543461799622e-01,-4.018277823925018e-01,2.863153457641602e+00,1.103908643126488e-01,-9.936164617538452e-01,1.056417729705572e-02,2.070458792150021e-02
1609046886488513277,0,1609046886488513277,-2.815275490283966e-01,-4.505250453948975e-01,2.866672754287720e+00,1.106409355998039e-01,-9.935489892959595e-01,1.003476325422525e-02,2.276877313852310e-02
1609046886596257312,0,1609046886596257312,-3.032732605934143e-01,-4.983390569686890e-01,2.879232168197632e+00,1.106870174407959e-01,-9.935184717178345e-01,7.854708470404148e-03,2.465518936514854e-02
1609046886693144799,0,1609046886693144799,-3.230929076671600e-01,-5.353349447250366e-01,2.885300636291504e+00,1.107495799660683e-01,-9.935008287429810e-01,6.049356888979673e-03,2.557444013655186e-02
1609046886800247694,0,1609046886800247694,-3.425908088684082e-01,-5.714765191078186e-01,2.895600318908691e+00,1.107797771692276e-01,-9.934627413749695e-01,4.921035375446081e-03,2.712021954357624e-02
1609046886902217278,0,1609046886902217278,-3.565467894077301e-01,-6.055721044540405e-01,2.894282102584839e+00,1.107086017727852e-01,-9.934600591659546e-01,3.999264910817146e-03,2.765665017068386e-02
1609046887000786322,0,1609046887000786322,-3.658987879753113e-01,-6.403169035911560e-01,2.889228582382202e+00,1.107643246650696e-01,-9.934514760971069e-01,2.723903395235538e-03,2.789126709103584e-02
1609046887108789990,0,1609046887108789990,-3.733736276626587e-01,-6.750969290733337e-01,2.898423910140991e+00,1.109206005930901e-01,-9.934541583061218e-01,7.612117915414274e-04,2.729479968547821e-02
1609046887170744934,0,1609046887170744934,-3.764480054378510e-01,-6.994927525520325e-01,2.900619029998779e+00,1.108326837420464e-01,-9.935062527656555e-01,-1.814218267099932e-04,2.572330273687840e-02
1609046887277798282,0,1609046887277798282,-3.764542341232300e-01,-7.398851513862610e-01,2.903614044189453e+00,1.109163314104080e-01,-9.935491085052490e-01,-1.196466037072241e-03,2.358566597104073e-02
1609046887384733923,0,1609046887384733923,-3.742363154888153e-01,-7.777262926101685e-01,2.893768548965454e+00,1.109982132911682e-01,-9.936299920082092e-01,-3.115838626399636e-03,1.921107806265354e-02
1609046887491694140,0,1609046887491694140,-3.667498826980591e-01,-8.146843910217285e-01,2.907099962234497e+00,1.110798791050911e-01,-9.936847090721130e-01,-4.786890931427479e-03,1.513307355344296e-02
1609046887595626932,0,1609046887595626932,-3.590676188468933e-01,-8.501368761062622e-01,2.922362327575684e+00,1.113385036587715e-01,-9.936759471893311e-01,-8.788148872554302e-03,1.159988529980183e-02
1609046887698371634,0,1609046887698371634,-3.529832363128662e-01,-8.869208097457886e-01,2.923194646835327e+00,1.115870028734207e-01,-9.936549067497253e-01,-1.095250528305769e-02,8.854261599481106e-03
1609046887795085731,0,1609046887795085731,-3.480340540409088e-01,-9.274492263793945e-01,2.901255846023560e+00,1.116358861327171e-01,-9.936252832412720e-01,-1.392262894660234e-02,7.245434913784266e-03
1609046887902035397,0,1609046887902035397,-3.411011695861816e-01,-9.722025394439697e-01,2.892658233642578e+00,1.116402521729469e-01,-9.936066865921021e-01,-1.496561337262392e-02,7.632409688085318e-03
1609046888003931229,0,1609046888003931229,-3.374434709548950e-01,-1.020175814628601e+00,2.879634857177734e+00,1.117913052439690e-01,-9.935694336891174e-01,-1.567105576395988e-02,8.779862895607948e-03
1609046888106201855,0,1609046888106201855,-3.364080786705017e-01,-1.073458313941956e+00,2.874850511550903e+00,1.116784512996674e-01,-9.935746192932129e-01,-1.551566738635302e-02,9.832667186856270e-03
1609046888208202804,0,1609046888208202804,-3.355667293071747e-01,-1.132103681564331e+00,2.883224487304688e+00,1.115890964865685e-01,-9.935839772224426e-01,-1.465834211558104e-02,1.112857926636934e-02
1609046888284605554,0,1609046888284605554,-3.355945348739624e-01,-1.182119727134705e+00,2.873342514038086e+00,1.115269139409065e-01,-9.935881495475769e-01,-1.482630241662264e-02,1.116697397083044e-02
1609046888376313015,0,1609046888376313015,-3.354458212852478e-01,-1.246905088424683e+00,2.881395816802979e+00,1.115092933177948e-01,-9.936321973800659e-01,-1.164982747286558e-02,1.118469797074795e-02
1609046888483198635,0,1609046888483198635,-3.315333127975464e-01,-1.322144627571106e+00,2.923228979110718e+00,1.115160509943962e-01,-9.936660528182983e-01,-8.485887199640274e-03,1.095260493457317e-02
1609046888586071159,0,1609046888586071159,-3.295339941978455e-01,-1.394963264465332e+00,2.938048124313354e+00,1.114335134625435e-01,-9.936838150024414e-01,-8.359881117939949e-03,1.025710348039865e-02
1609046888693156936,0,1609046888693156936,-3.281680345535278e-01,-1.466208457946777e+00,2.953008174896240e+00,1.114365532994270e-01,-9.936941266059875e-01,-7.091279141604900e-03,1.017860509455204e-02
1609046888795270217,0,1609046888795270217,-3.269581198692322e-01,-1.537311553955078e+00,2.973278760910034e+00,1.115367785096169e-01,-9.936962127685547e-01,-6.807880476117134e-03,9.005079977214336e-03
1609046888897153414,0,1609046888897153414,-3.258100152015686e-01,-1.608839511871338e+00,2.962939500808716e+00,1.115555912256241e-01,-9.936962127685547e-01,-6.443256512284279e-03,9.033733978867531e-03
1609046889000539505,0,1609046889000539505,-3.250953257083893e-01,-1.678344726562500e+00,2.989567756652832e+00,1.116350293159485e-01,-9.937063455581665e-01,-2.731479005888104e-03,8.830386213958263e-03
1609046889107992221,0,1609046889107992221,-3.270007669925690e-01,-1.753453731536865e+00,2.979630470275879e+00,1.113398820161819e-01,-9.937276244163513e-01,4.371408373117447e-03,9.470304474234581e-03
1609046889210019088,0,1609046889210019088,-3.289932012557983e-01,-1.831039309501648e+00,2.992449760437012e+00,1.112659499049187e-01,-9.937312006950378e-01,4.884343128651381e-03,9.723092429339886e-03
1609046889307155205,0,1609046889307155205,-3.282590210437775e-01,-1.903029918670654e+00,2.980730295181274e+00,1.112558394670486e-01,-9.936918020248413e-01,8.890837430953979e-03,1.094480976462364e-02
1609046889378455555,0,1609046889378455555,-3.321698904037476e-01,-1.961966156959534e+00,2.975870370864868e+00,1.113291233778000e-01,-9.936467409133911e-01,1.109451893717051e-02,1.220254320651293e-02
1609046889485415395,0,1609046889485415395,-3.347169160842896e-01,-2.046495914459229e+00,2.970535039901733e+00,1.113814041018486e-01,-9.935269355773926e-01,1.470030564814806e-02,1.680281199514866e-02
1609046889584540514,0,1609046889584540514,-3.408502936363220e-01,-2.118678569793701e+00,2.974519252777100e+00,1.114057302474976e-01,-9.934796690940857e-01,1.547647640109062e-02,1.863957010209560e-02
1609046889686484031,0,1609046889686484031,-3.450520634651184e-01,-2.186241388320923e+00,2.986670255661011e+00,1.114451289176941e-01,-9.933887720108032e-01,1.650586910545826e-02,2.205207198858261e-02
1609046889793357989,0,1609046889793357989,-3.447732925415039e-01,-2.249645471572876e+00,2.998699188232422e+00,1.115171462297440e-01,-9.932779669761658e-01,1.745116524398327e-02,2.565881796181202e-02
1609046889890999402,0,1609046889890999402,-3.433580398559570e-01,-2.304210901260376e+00,3.007327556610107e+00,1.114672273397446e-01,-9.931680560112000e-01,1.819734275341034e-02,2.934595942497253e-02
1609046889992990278,0,1609046889992990278,-3.385629355907440e-01,-2.355391263961792e+00,3.004565000534058e+00,1.113453432917595e-01,-9.930646419525146e-01,1.950373873114586e-02,3.231741860508919e-02
1609046890099952950,0,1609046890099952950,-3.313424289226532e-01,-2.409707307815552e+00,2.992590188980103e+00,1.112052723765373e-01,-9.929955601692200e-01,1.985735446214676e-02,3.462543711066246e-02
1609046890202406409,0,1609046890202406409,-3.218150734901428e-01,-2.455117702484131e+00,2.989718198776245e+00,1.109824478626251e-01,-9.928977489471436e-01,2.025381103157997e-02,3.777220100164413e-02
1609046890305051318,0,1609046890305051318,-3.069386780261993e-01,-2.494152784347534e+00,2.990238666534424e+00,1.109490022063255e-01,-9.928016662597656e-01,1.997026614844799e-02,4.045360535383224e-02
1609046890407350998,0,1609046890407350998,-2.870557308197021e-01,-2.525157690048218e+00,2.979261636734009e+00,1.109364852309227e-01,-9.927145838737488e-01,2.075610496103764e-02,4.219168052077293e-02
1609046890483879938,0,1609046890483879938,-2.655410468578339e-01,-2.547656297683716e+00,2.977540969848633e+00,1.108422577381134e-01,-9.926759004592896e-01,2.155148237943649e-02,4.294446110725403e-02
1609046890580836975,0,1609046890580836975,-2.349495738744736e-01,-2.573614358901978e+00,2.981481552124023e+00,1.107526943087578e-01,-9.926170110702515e-01,2.294114604592323e-02,4.380708560347557e-02
1609046890682845534,0,1609046890682845534,-1.961727738380432e-01,-2.595665454864502e+00,2.971186637878418e+00,1.107928678393364e-01,-9.925999045372009e-01,2.363808453083038e-02,4.372196644544601e-02
1609046890791940322,0,1609046890791940322,-1.504921615123749e-01,-2.611800670623779e+00,2.957991123199463e+00,1.108514666557312e-01,-9.926111102104187e-01,2.422416210174561e-02,4.299228265881538e-02
1609046890888831671,0,1609046890888831671,-1.056632399559021e-01,-2.619294881820679e+00,2.944660425186157e+00,1.108389645814896e-01,-9.926222562789917e-01,2.511805109679699e-02,4.224821925163269e-02
1609046890995845806,0,1609046890995845806,-5.053916200995445e-02,-2.624539136886597e+00,2.942271709442139e+00,1.107775047421455e-01,-9.926463961601257e-01,2.565086632966995e-02,4.151695966720581e-02
1609046891097768740,0,1609046891097768740,8.043713867664337e-03,-2.625160932540894e+00,2.943176507949829e+00,1.106804236769676e-01,-9.926517009735107e-01,2.590675838291645e-02,4.148924723267555e-02
1609046891195150021,0,1609046891195150021,6.864588707685471e-02,-2.618005514144897e+00,2.935353040695190e+00,1.106677502393723e-01,-9.926843643188477e-01,2.588501386344433e-02,4.074884206056595e-02
1609046891302482088,0,1609046891302482088,1.376001536846161e-01,-2.605340957641602e+00,2.927199125289917e+00,1.106184944510460e-01,-9.927390217781067e-01,2.518485113978386e-02,3.998201340436935e-02
1609046891410105982,0,1609046891410105982,2.069830596446991e-01,-2.587577342987061e+00,2.910289764404297e+00,1.105614006519318e-01,-9.928098320960999e-01,2.585881948471069e-02,3.789743781089783e-02
1609046891507633084,0,1609046891507633084,2.752066254615784e-01,-2.566957712173462e+00,2.886792182922363e+00,1.104639768600464e-01,-9.929614663124084e-01,2.584977261722088e-02,3.401391953229904e-02
1609046891584105651,0,1609046891584105651,3.372821509838104e-01,-2.548611879348755e+00,2.874161720275879e+00,1.105541065335274e-01,-9.931474924087524e-01,2.589748613536358e-02,2.766416594386101e-02
1609046891680973877,0,1609046891680973877,4.208410084247589e-01,-2.514858722686768e+00,2.867241382598877e+00,1.104905456304550e-01,-9.933140873908997e-01,2.484233491122723e-02,2.240187674760818e-02
1609046891782764233,0,1609046891782764233,5.103346705436707e-01,-2.478507995605469e+00,2.850920438766479e+00,1.108158901333809e-01,-9.934507012367249e-01,2.355636097490788e-02,1.485384162515402e-02
1609046891889702362,0,1609046891889702362,5.994028449058533e-01,-2.435559988021851e+00,2.827812671661377e+00,1.112399101257324e-01,-9.934870600700378e-01,2.307276241481304e-02,8.758008480072021e-03
1609046891987208572,0,1609046891987208572,6.774849891662598e-01,-2.395884513854980e+00,2.798257350921631e+00,1.113150268793106e-01,-9.935261607170105e-01,2.230287343263626e-02,4.188521765172482e-03
1609046892096431991,0,1609046892096431991,7.567765116691589e-01,-2.349513769149780e+00,2.770607471466064e+00,1.117223873734474e-01,-9.935043454170227e-01,2.154707163572311e-02,1.686788746155798e-03
1609046892198042212,0,1609046892198042212,8.271518349647522e-01,-2.304194927215576e+00,2.741879701614380e+00,1.120869368314743e-01,-9.934777617454529e-01,2.093927003443241e-02,-1.983369293157011e-04
1609046892299830525,0,1609046892299830525,8.924216628074646e-01,-2.247889757156372e+00,2.738209486007690e+00,1.124806702136993e-01,-9.934096932411194e-01,2.198584750294685e-02,-1.372075988911092e-03
1609046892401929174,0,1609046892401929174,9.531772732734680e-01,-2.196122884750366e+00,2.729312419891357e+00,1.127270162105560e-01,-9.933871030807495e-01,2.171180769801140e-02,-1.809459528885782e-03
1609046892508741829,0,1609046892508741829,1.009722232818604e+00,-2.141646623611450e+00,2.718536138534546e+00,1.129548251628876e-01,-9.934427142143250e-01,1.760340109467506e-02,-1.704598311334848e-03
1609046892605559804,0,1609046892605559804,1.058130145072937e+00,-2.087075948715210e+00,2.707391977310181e+00,1.132074147462845e-01,-9.934508204460144e-01,1.544323191046715e-02,-1.056651934050024e-03
1609046892682095685,0,1609046892682095685,1.097477555274963e+00,-2.039675712585449e+00,2.685910701751709e+00,1.133714169263840e-01,-9.934928417205811e-01,1.087930798530579e-02,-7.804412161931396e-04
1609046892783980791,0,1609046892783980791,1.140822649002075e+00,-1.972815155982971e+00,2.668956518173218e+00,1.134323552250862e-01,-9.935351610183716e-01,4.495499189943075e-03,9.287475259043276e-04
1609046892886113431,0,1609046892886113431,1.185676574707031e+00,-1.903028249740601e+00,2.638653278350830e+00,1.133289113640785e-01,-9.935508370399475e-01,2.102809259667993e-03,2.997136209160089e-03
1609046892988485412,0,1609046892988485412,1.227475285530090e+00,-1.837424516677856e+00,2.621428489685059e+00,1.132434383034706e-01,-9.935470819473267e-01,1.443912857212126e-03,6.175706163048744e-03
1609046893090440488,0,1609046893090440488,1.266628623008728e+00,-1.777895808219910e+00,2.612113952636719e+00,1.133158877491951e-01,-9.935119152069092e-01,-2.937725512310863e-04,9.674241766333580e-03
1609046893193199430,0,1609046893193199430,1.298601150512695e+00,-1.724118351936340e+00,2.594983816146851e+00,1.133169010281563e-01,-9.934893846511841e-01,7.796016870997846e-04,1.173072028905153e-02
1609046893295599873,0,1609046893295599873,1.329636454582214e+00,-1.676489353179932e+00,2.579305171966553e+00,1.131145209074020e-01,-9.934962987899780e-01,8.199007133953273e-04,1.302337180823088e-02
1609046893402520232,0,1609046893402520232,1.364053249359131e+00,-1.621955275535583e+00,2.561332464218140e+00,1.134264394640923e-01,-9.934369921684265e-01,9.139411267824471e-04,1.472135260701180e-02
1609046893504266437,0,1609046893504266437,1.395262837409973e+00,-1.574336290359497e+00,2.546798229217529e+00,1.134652942419052e-01,-9.934184551239014e-01,1.172059914097190e-03,1.562409661710262e-02
1609046893616815623,0,1609046893616815623,1.429731845855713e+00,-1.524982810020447e+00,2.543832063674927e+00,1.135767027735710e-01,-9.933915734291077e-01,1.519621466286480e-03,1.646522618830204e-02
1609046893713889360,0,1609046893713889360,1.463669657707214e+00,-1.483437061309814e+00,2.540098667144775e+00,1.135215833783150e-01,-9.933869242668152e-01,-7.197005324997008e-04,1.717058382928371e-02
1609046893782277203,0,1609046893782277203,1.491712808609009e+00,-1.444820404052734e+00,2.550477981567383e+00,1.136283427476883e-01,-9.933687448501587e-01,-1.121365232393146e-03,1.749180443584919e-02
1609046893884047301,0,1609046893884047301,1.530625343322754e+00,-1.389506816864014e+00,2.576472997665405e+00,1.136759966611862e-01,-9.933619499206543e-01,-1.974096754565835e-03,1.749283075332642e-02
1609046893985808626,0,1609046893985808626,1.569789886474609e+00,-1.335391402244568e+00,2.586377382278442e+00,1.138916686177254e-01,-9.933745861053467e-01,2.300379674124997e-05,1.535058300942183e-02
1609046894082523358,0,1609046894082523358,1.606474876403809e+00,-1.286031484603882e+00,2.596351623535156e+00,1.138787493109703e-01,-9.934129714965820e-01,3.569915425032377e-03,1.223343051970005e-02
1609046894194558920,0,1609046894194558920,1.649246335029602e+00,-1.239786148071289e+00,2.579149723052979e+00,1.138136684894562e-01,-9.934347271919250e-01,5.335901863873005e-03,1.027311105281115e-02
1609046894297276515,0,1609046894297276515,1.689883947372437e+00,-1.196781158447266e+00,2.567545175552368e+00,1.140004768967628e-01,-9.934053421020508e-01,1.000571064651012e-02,7.048942614346743e-03
1609046894393977749,0,1609046894393977749,1.724707722663879e+00,-1.158244967460632e+00,2.561728477478027e+00,1.140926107764244e-01,-9.933789968490601e-01,1.174222026020288e-02,6.586243398487568e-03
1609046894501761294,0,1609046894501761294,1.762669444084167e+00,-1.114584565162659e+00,2.553440570831299e+00,1.140214502811432e-01,-9.933666586875916e-01,1.340686623007059e-02,6.497499998658895e-03
1609046894598443334,0,1609046894598443334,1.792364001274109e+00,-1.072325825691223e+00,2.544731616973877e+00,1.140247955918312e-01,-9.933379888534546e-01,1.547619141638279e-02,6.205144803971052e-03
1609046894705335416,0,1609046894705335416,1.822008132934570e+00,-1.022861599922180e+00,2.539458513259888e+00,1.142302900552750e-01,-9.932909011840820e-01,1.670395769178867e-02,6.757476367056370e-03
1609046894808573368,0,1609046894808573368,1.845466852188110e+00,-9.761261940002441e-01,2.529188156127930e+00,1.139902994036674e-01,-9.932988286018372e-01,1.772645860910416e-02,7.023924030363560e-03
1609046894881035422,0,1609046894881035422,1.864994049072266e+00,-9.343076944351196e-01,2.542899608612061e+00,1.140065491199493e-01,-9.933026432991028e-01,1.750354468822479e-02,6.773113738745451e-03
1609046894977789101,0,1609046894977789101,1.891914010047913e+00,-8.731186985969543e-01,2.549475669860840e+00,1.141272708773613e-01,-9.932669401168823e-01,1.876806467771530e-02,6.601695902645588e-03
1609046895079612025,0,1609046895079612025,1.916703343391418e+00,-8.102909922599792e-01,2.572740793228149e+00,1.141540035605431e-01,-9.932482838630676e-01,1.984524540603161e-02,5.744817201048136e-03
1609046895177575944,0,1609046895177575944,1.935815453529358e+00,-7.477213740348816e-01,2.576746225357056e+00,1.141983047127724e-01,-9.932566881179810e-01,1.949976198375225e-02,4.434550646692514e-03
1609046895295152037,0,1609046895295152037,1.952207088470459e+00,-6.765660047531128e-01,2.576116323471069e+00,1.143207028508186e-01,-9.932472705841064e-01,1.950077712535858e-02,3.220518352463841e-03
1609046895397096975,0,1609046895397096975,1.964265584945679e+00,-6.179885864257812e-01,2.593924760818481e+00,1.142511814832687e-01,-9.932500720024109e-01,1.988181471824646e-02,2.366826171055436e-03
1609046895498933659,0,1609046895498933659,1.976186633110046e+00,-5.527933835983276e-01,2.611130475997925e+00,1.143934652209282e-01,-9.932228922843933e-01,2.045560255646706e-02,2.019275911152363e-03
1609046895601406161,0,1609046895601406161,1.984250545501709e+00,-4.872667789459229e-01,2.620504379272461e+00,1.143067851662636e-01,-9.932242631912231e-01,2.091256715357304e-02,1.466050394810736e-03
1609046895693090645,0,1609046895693090645,1.986236333847046e+00,-4.210245013237000e-01,2.626291036605835e+00,1.142710894346237e-01,-9.932420253753662e-01,2.027924917638302e-02,1.109147327952087e-03
1609046895805311526,0,1609046895805311526,1.986083030700684e+00,-3.384991884231567e-01,2.630876541137695e+00,1.144170016050339e-01,-9.932189583778381e-01,2.057594247162342e-02,1.203662250190973e-03
1609046895908138058,0,1609046895908138058,1.984631299972534e+00,-2.639229893684387e-01,2.631218433380127e+00,1.144676133990288e-01,-9.932188391685486e-01,2.025612443685532e-02,1.784940133802593e-03
1609046895980584849,0,1609046895980584849,1.981430053710938e+00,-2.033116072416306e-01,2.623778104782104e+00,1.144611015915871e-01,-9.932370781898499e-01,1.932593248784542e-02,2.286387607455254e-03
1609046896077306434,0,1609046896077306434,1.974571824073792e+00,-1.185540556907654e-01,2.607851505279541e+00,1.145233884453773e-01,-9.932743310928345e-01,1.634871773421764e-02,4.808728117495775e-03
1609046896184351071,0,1609046896184351071,1.965631127357483e+00,-2.756183035671711e-02,2.591002941131592e+00,1.147354990243912e-01,-9.932737350463867e-01,1.285915635526180e-02,8.807620964944363e-03
1609046896291500186,0,1609046896291500186,1.952034950256348e+00,6.076879054307938e-02,2.602401256561279e+00,1.148696988821030e-01,-9.932520985603333e-01,1.018623821437359e-02,1.230875216424465e-02
1609046896393036593,0,1609046896393036593,1.940446376800537e+00,1.428495496511459e-01,2.626540184020996e+00,1.148997619748116e-01,-9.932118654251099e-01,6.939565297216177e-03,1.673762314021587e-02
1609046896489667450,0,1609046896489667450,1.927681446075439e+00,2.273584455251694e-01,2.617376089096069e+00,1.149992644786835e-01,-9.931682944297791e-01,5.209574475884438e-03,1.909960806369781e-02
1609046896601757594,0,1609046896601757594,1.915823101997375e+00,3.139628767967224e-01,2.611109018325806e+00,1.148566380143166e-01,-9.931744337081909e-01,4.523057490587234e-03,1.980179548263550e-02
1609046896703930875,0,1609046896703930875,1.909773588180542e+00,3.955216407775879e-01,2.615603208541870e+00,1.148964762687683e-01,-9.931687116622925e-01,5.797607824206352e-03,1.952260732650757e-02
1609046896806630132,0,1609046896806630132,1.902354240417480e+00,4.734985828399658e-01,2.605334997177124e+00,1.149065047502518e-01,-9.931837916374207e-01,5.145404487848282e-03,1.886750012636185e-02
1609046896903997638,0,1609046896903997638,1.898926734924316e+00,5.475184917449951e-01,2.634483575820923e+00,1.149383410811424e-01,-9.931928515434265e-01,6.386422086507082e-03,1.778878644108772e-02
1609046897006284999,0,1609046897006284999,1.897186279296875e+00,6.237604618072510e-01,2.676203489303589e+00,1.150207445025444e-01,-9.932048916816711e-01,8.355535566806793e-03,1.563621498644352e-02
1609046897077590751,0,1609046897077590751,1.896490216255188e+00,6.871619224548340e-01,2.691617250442505e+00,1.149383708834648e-01,-9.932121634483337e-01,9.808534756302834e-03,1.491968892514706e-02
1609046897185591117,0,1609046897185591117,1.894717335700989e+00,7.766106128692627e-01,2.689901351928711e+00,1.150886118412018e-01,-9.931986331939697e-01,1.126185338944197e-02,1.357898209244013e-02
1609046897282436395,0,1609046897282436395,1.893766045570374e+00,8.554975390434265e-01,2.697324037551880e+00,1.150104776024818e-01,-9.932051301002502e-01,1.268430799245834e-02,1.245813537389040e-02
1609046897379121809,0,1609046897379121809,1.891835570335388e+00,9.375757575035095e-01,2.695226192474365e+00,1.152311787009239e-01,-9.931858777999878e-01,1.297156047075987e-02,1.163490209728479e-02
1609046897486036801,0,1609046897486036801,1.889231324195862e+00,1.025025963783264e+00,2.701223611831665e+00,1.152532175183296e-01,-9.931719303131104e-01,1.488263718783855e-02,1.023017335683107e-02
1609046897594360060,0,1609046897594360060,1.886437892913818e+00,1.105468034744263e+00,2.692431688308716e+00,1.153692156076431e-01,-9.931653738021851e-01,1.507795415818691e-02,9.227013215422630e-03
1609046897696242691,0,1609046897696242691,1.882534265518188e+00,1.183425784111023e+00,2.678721427917480e+00,1.154651716351509e-01,-9.931592345237732e-01,1.517951115965843e-02,8.497153408825397e-03
1609046897798114959,0,1609046897798114959,1.878641724586487e+00,1.266267776489258e+00,2.665562391281128e+00,1.156459227204323e-01,-9.931549429893494e-01,1.488944515585899e-02,6.909272633492947e-03
1609046897907415833,0,1609046897907415833,1.872431874275208e+00,1.351303577423096e+00,2.673790216445923e+00,1.156670749187469e-01,-9.931403398513794e-01,1.655867137014866e-02,4.390247631818056e-03
1609046898004255214,0,1609046898004255214,1.867806673049927e+00,1.430932521820068e+00,2.689752817153931e+00,1.158156171441078e-01,-9.931123256683350e-01,1.763427630066872e-02,1.968666678294539e-03
1609046898106444721,0,1609046898106444721,1.860955715179443e+00,1.517320156097412e+00,2.697295188903809e+00,1.158145070075989e-01,-9.931191205978394e-01,1.729544997215271e-02,1.542225363664329e-03
1609046898182896013,0,1609046898182896013,1.852102041244507e+00,1.594120979309082e+00,2.706656217575073e+00,1.160266995429993e-01,-9.931028485298157e-01,1.686817966401577e-02,-1.130826858570799e-04
1609046898280235434,0,1609046898280235434,1.838789939880371e+00,1.687434077262878e+00,2.700549125671387e+00,1.162314638495445e-01,-9.931092858314514e-01,1.492103934288025e-02,-1.262898789718747e-03
1609046898389030834,0,1609046898389030834,1.820422887802124e+00,1.788834333419800e+00,2.688442707061768e+00,1.163901463150978e-01,-9.931525588035583e-01,9.927144274115562e-03,-1.665236079134047e-03
1609046898491592833,0,1609046898491592833,1.799537897109985e+00,1.882590889930725e+00,2.686098337173462e+00,1.166602894663811e-01,-9.931669831275940e-01,3.085707547143102e-03,-3.764880821108818e-04
1609046898588290798,0,1609046898588290798,1.770804643630981e+00,1.979308724403381e+00,2.685480833053589e+00,1.169564723968506e-01,-9.931336641311646e-01,-2.593860263004899e-03,3.119563043583184e-04
1609046898694980763,0,1609046898694980763,1.743552088737488e+00,2.074961900711060e+00,2.664987802505493e+00,1.171415969729424e-01,-9.930686354637146e-01,-9.210379794239998e-03,2.761511132121086e-03
1609046898786735071,0,1609046898786735071,1.713409662246704e+00,2.159867048263550e+00,2.680030345916748e+00,1.173886954784393e-01,-9.929586052894592e-01,-1.542927324771881e-02,3.873553127050400e-03
1609046898898668160,0,1609046898898668160,1.680962681770325e+00,2.251864910125732e+00,2.709075450897217e+00,1.175644472241402e-01,-9.928589463233948e-01,-1.961600035429001e-02,4.998732823878527e-03
1609046899005317609,0,1609046899005317609,1.648102283477783e+00,2.334001541137695e+00,2.716837406158447e+00,1.176272258162498e-01,-9.928082823753357e-01,-2.128009684383869e-02,6.534004118293524e-03
1609046899107346364,0,1609046899107346364,1.616251707077026e+00,2.407175302505493e+00,2.719307184219360e+00,1.178334206342697e-01,-9.927952885627747e-01,-1.991207525134087e-02,8.731868118047714e-03
1609046899204375530,0,1609046899204375530,1.585053563117981e+00,2.465326309204102e+00,2.723925352096558e+00,1.177498325705528e-01,-9.927916526794434e-01,-1.935349032282829e-02,1.118701603263617e-02
1609046899281414086,0,1609046899281414086,1.557410597801208e+00,2.509456396102905e+00,2.730587005615234e+00,1.178561821579933e-01,-9.927635788917542e-01,-1.752231642603874e-02,1.495130732655525e-02
1609046899383968770,0,1609046899383968770,1.520784020423889e+00,2.562014102935791e+00,2.734821081161499e+00,1.178708150982857e-01,-9.927596449851990e-01,-1.673254743218422e-02,1.596060581505299e-02
1609046899475780719,0,1609046899475780719,1.491178154945374e+00,2.605376720428467e+00,2.742212295532227e+00,1.179717332124710e-01,-9.927548766136169e-01,-1.505324151366949e-02,1.714292727410793e-02
1609046899577751687,0,1609046899577751687,1.460964322090149e+00,2.648241758346558e+00,2.759617090225220e+00,1.181471273303032e-01,-9.927071928977966e-01,-1.629670709371567e-02,1.755614019930363e-02
1609046899690048818,0,1609046899690048818,1.432933092117310e+00,2.684895753860474e+00,2.751578092575073e+00,1.182493045926094e-01,-9.926075339317322e-01,-1.941365748643875e-02,1.925161480903625e-02
1609046899787101837,0,1609046899787101837,1.411428093910217e+00,2.717523813247681e+00,2.756614446640015e+00,1.184577494859695e-01,-9.925220608711243e-01,-2.179269120097160e-02,1.981854438781738e-02
1609046899895654567,0,1609046899895654567,1.389831066131592e+00,2.749224185943604e+00,2.751892566680908e+00,1.185887306928635e-01,-9.925182461738586e-01,-2.243933267891407e-02,1.845990307629108e-02
1609046899998083584,0,1609046899998083584,1.367233395576477e+00,2.778055191040039e+00,2.751514673233032e+00,1.185606494545937e-01,-9.927478432655334e-01,-1.551785971969366e-02,1.242873724550009e-02
1609046900106730761,0,1609046900106730761,1.350915193557739e+00,2.791946887969971e+00,2.748846530914307e+00,1.182407885789871e-01,-9.928786158561707e-01,-1.129614468663931e-02,9.144021198153496e-03
1609046900208827715,0,1609046900208827715,1.341872334480286e+00,2.803314208984375e+00,2.794506311416626e+00,1.182627901434898e-01,-9.929544925689697e-01,-5.928107537329197e-03,4.479621537029743e-03
1609046900305799415,0,1609046900305799415,1.329949975013733e+00,2.815801382064819e+00,2.793946027755737e+00,1.186185851693153e-01,-9.929372072219849e-01,-1.771955983713269e-03,1.494265743531287e-03
1609046900377389214,0,1609046900377389214,1.315189719200134e+00,2.823625564575195e+00,2.789896726608276e+00,1.185974031686783e-01,-9.929351210594177e-01,3.748898627236485e-03,-6.907974602654576e-04
1609046900479895227,0,1609046900479895227,1.293755650520325e+00,2.829622983932495e+00,2.797629117965698e+00,1.186643317341805e-01,-9.929026365280151e-01,7.608666084706783e-03,-2.284549875184894e-03
1609046900581679318,0,1609046900581679318,1.270737171173096e+00,2.839241027832031e+00,2.793354749679565e+00,1.187263354659081e-01,-9.928599596023560e-01,1.098732836544514e-02,-3.542606951668859e-03
1609046900683399941,0,1609046900683399941,1.241709351539612e+00,2.851862430572510e+00,2.788165330886841e+00,1.188240721821785e-01,-9.928176999092102e-01,1.314256805926561e-02,-4.595221951603889e-03
1609046900790472516,0,1609046900790472516,1.209010839462280e+00,2.867141485214233e+00,2.779270887374878e+00,1.190842241048813e-01,-9.927827715873718e-01,1.341800205409527e-02,-4.618092905730009e-03
1609046900898374640,0,1609046900898374640,1.172394752502441e+00,2.885937690734863e+00,2.769984006881714e+00,1.193250492215157e-01,-9.927557706832886e-01,1.341689750552177e-02,-4.204282537102699e-03
1609046901000478811,0,1609046901000478811,1.132503390312195e+00,2.905214548110962e+00,2.777561426162720e+00,1.194547191262245e-01,-9.927501678466797e-01,1.290488149970770e-02,-3.346120938658714e-03
1609046901102364078,0,1609046901102364078,1.089994668960571e+00,2.927886962890625e+00,2.785972595214844e+00,1.197559982538223e-01,-9.927076697349548e-01,1.365376543253660e-02,-1.879813382402062e-03
1609046901204422350,0,1609046901204422350,1.045020699501038e+00,2.949710607528687e+00,2.785515546798706e+00,1.197048723697662e-01,-9.927027821540833e-01,1.451286580413580e-02,1.233693445101380e-03
1609046901302103396,0,1609046901302103396,9.958943724632263e-01,2.973492145538330e+00,2.762113571166992e+00,1.197308599948883e-01,-9.926849007606506e-01,1.476599182933569e-02,4.814418964087963e-03
1609046901405189298,0,1609046901405189298,9.409348964691162e-01,2.998728275299072e+00,2.766619443893433e+00,1.198772937059402e-01,-9.926426410675049e-01,1.562867499887943e-02,6.766594946384430e-03
1609046901481849792,0,1609046901481849792,8.972875475883484e-01,3.022520780563354e+00,2.763376712799072e+00,1.201493442058563e-01,-9.925628304481506e-01,1.684341207146645e-02,9.980812668800354e-03
1609046901584395546,0,1609046901584395546,8.403635025024414e-01,3.052708864212036e+00,2.760207653045654e+00,1.202091425657272e-01,-9.925206899642944e-01,1.440967526286840e-02,1.564417034387589e-02
1609046901681613794,0,1609046901681613794,7.873798012733459e-01,3.081608057022095e+00,2.752949953079224e+00,1.204046308994293e-01,-9.924568533897400e-01,1.036042254418135e-02,2.061060443520546e-02
1609046901784240152,0,1609046901784240152,7.367028594017029e-01,3.114114761352539e+00,2.774028539657593e+00,1.207996159791946e-01,-9.922568798065186e-01,1.163279870525002e-03,2.885073609650135e-02
1609046901886699959,0,1609046901886699959,6.848770380020142e-01,3.151543378829956e+00,2.773769140243530e+00,1.210752427577972e-01,-9.920219779014587e-01,-4.785064142197371e-03,3.478906676173210e-02
1609046901989848005,0,1609046901989848005,6.408065557479858e-01,3.192419528961182e+00,2.755707502365112e+00,1.209974661469460e-01,-9.918517470359802e-01,-8.089893497526646e-03,3.904237598180771e-02
1609046902091947515,0,1609046902091947515,5.996278524398804e-01,3.228171825408936e+00,2.749508142471313e+00,1.207368075847626e-01,-9.918256998062134e-01,-7.355734240263700e-03,4.062306135892868e-02
1609046902199884423,0,1609046902199884423,5.691689252853394e-01,3.257661581039429e+00,2.764273643493652e+00,1.205228567123413e-01,-9.919765591621399e-01,-5.306324455887079e-03,3.779646009206772e-02
1609046902307624926,0,1609046902307624926,5.498340725898743e-01,3.281635046005249e+00,2.772072792053223e+00,1.204253733158112e-01,-9.921076893806458e-01,-3.237452590838075e-03,3.477723151445389e-02
1609046902404667335,0,1609046902404667335,5.352798104286194e-01,3.304131984710693e+00,2.789540290832520e+00,1.204532310366631e-01,-9.922592043876648e-01,2.521769609302282e-03,3.010456450283527e-02
1609046902509110530,0,1609046902509110530,5.233194828033447e-01,3.327526807785034e+00,2.799389123916626e+00,1.205064058303833e-01,-9.923854470252991e-01,8.550777100026608e-03,2.400718256831169e-02
1609046902580898378,0,1609046902580898378,5.195133090019226e-01,3.344758510589600e+00,2.795710086822510e+00,1.204681098461151e-01,-9.924392104148865e-01,1.069659832865000e-02,2.091970480978489e-02
1609046902677859791,0,1609046902677859791,5.164198279380798e-01,3.369241952896118e+00,2.783270597457886e+00,1.207506135106087e-01,-9.924331307411194e-01,1.350389700382948e-02,1.770565845072269e-02
1609046902785551327,0,1609046902785551327,5.128386020660400e-01,3.399882555007935e+00,2.780335187911987e+00,1.210168302059174e-01,-9.924126863479614e-01,1.570858992636204e-02,1.501212734729052e-02
1609046902882509207,0,1609046902882509207,5.077191591262817e-01,3.430035114288330e+00,2.769808053970337e+00,1.211147308349609e-01,-9.923991560935974e-01,1.705876924097538e-02,1.357460860162973e-02
1609046902991779529,0,1609046902991779529,5.016434192657471e-01,3.465901136398315e+00,2.763232946395874e+00,1.214132234454155e-01,-9.923389554023743e-01,1.718376018106937e-02,1.506407093256712e-02
1609046903088751509,0,1609046903088751509,4.944152832031250e-01,3.497847318649292e+00,2.758580207824707e+00,1.215092986822128e-01,-9.923527240753174e-01,1.169933006167412e-02,1.829634048044682e-02
1609046903201229055,0,1609046903201229055,4.883548915386200e-01,3.539780855178833e+00,2.766512870788574e+00,1.219669729471207e-01,-9.923326373100281e-01,1.848517218604684e-03,1.991119794547558e-02
1609046903303309307,0,1609046903303309307,4.816812276840210e-01,3.583620786666870e+00,2.752528667449951e+00,1.222921386361122e-01,-9.922051429748535e-01,-7.248063571751118e-03,2.282809652388096e-02
1609046903395207402,0,1609046903395207402,4.738814532756805e-01,3.625555276870728e+00,2.721543788909912e+00,1.224584951996803e-01,-9.920765161514282e-01,-1.480478607118130e-02,2.385244145989418e-02
1609046903505918139,0,1609046903505918139,4.682256579399109e-01,3.671054124832153e+00,2.719475984573364e+00,1.226916834712029e-01,-9.919031858444214e-01,-2.402627095580101e-02,2.230528742074966e-02
1609046903605888080,0,1609046903605888080,4.649554789066315e-01,3.704029083251953e+00,2.729064226150513e+00,1.228012070059776e-01,-9.915782809257507e-01,-3.625838831067085e-02,1.943980157375336e-02
1609046903682585474,0,1609046903682585474,4.653566479682922e-01,3.727468729019165e+00,2.738629341125488e+00,1.229898259043694e-01,-9.912099838256836e-01,-4.590244963765144e-02,1.641252636909485e-02
1609046903779798601,0,1609046903779798601,4.708084762096405e-01,3.752261877059937e+00,2.728050947189331e+00,1.231873482465744e-01,-9.907888174057007e-01,-5.430142208933830e-02,1.462265010923147e-02
1609046903882553303,0,1609046903882553303,4.754301011562347e-01,3.764346122741699e+00,2.732940196990967e+00,1.232490167021751e-01,-9.903982281684875e-01,-6.130884587764740e-02,1.274070888757706e-02
1609046903989742308,0,1609046903989742308,4.854630827903748e-01,3.759984970092773e+00,2.735901355743408e+00,1.234417632222176e-01,-9.901498556137085e-01,-6.517710536718369e-02,1.084074750542641e-02
1609046904081590972,0,1609046904081590972,4.945116341114044e-01,3.741574287414551e+00,2.731392383575439e+00,1.234311312437057e-01,-9.901842474937439e-01,-6.490587443113327e-02,9.341625496745110e-03
1609046904188692082,0,1609046904188692082,5.059011578559875e-01,3.702832698822021e+00,2.731114149093628e+00,1.235381215810776e-01,-9.904959797859192e-01,-5.994514375925064e-02,7.913528010249138e-03
1609046904300918285,0,1609046904300918285,5.177191495895386e-01,3.650223493576050e+00,2.713207483291626e+00,1.234965845942497e-01,-9.912093281745911e-01,-4.735137522220612e-02,3.270489862188697e-03
1609046904397916942,0,1609046904397916942,5.281823277473450e-01,3.586773157119751e+00,2.712434768676758e+00,1.234226226806641e-01,-9.916740059852600e-01,-3.669493272900581e-02,-1.731705036945641e-03
1609046904504795647,0,1609046904504795647,5.398204326629639e-01,3.509843587875366e+00,2.735944032669067e+00,1.233332008123398e-01,-9.920537471771240e-01,-2.366523817181587e-02,-7.629378698766232e-03
1609046904601498342,0,1609046904601498342,5.513890385627747e-01,3.426090240478516e+00,2.728192806243896e+00,1.233967468142509e-01,-9.921818375587463e-01,-1.395679172128439e-02,-1.239845342934132e-02
1609046904708355986,0,1609046904708355986,5.565497875213623e-01,3.332013607025146e+00,2.731895685195923e+00,1.234259530901909e-01,-9.921813011169434e-01,-7.200505584478378e-03,-1.704467274248600e-02
1609046904780724880,0,1609046904780724880,5.541789531707764e-01,3.263436317443848e+00,2.723447561264038e+00,1.235192269086838e-01,-9.921422600746155e-01,-2.873816527426243e-03,-1.970925740897655e-02
1609046904877388070,0,1609046904877388070,5.443724989891052e-01,3.173326492309570e+00,2.716020107269287e+00,1.238279938697815e-01,-9.920502305030823e-01,1.521251746453345e-03,-2.237619832158089e-02
1609046904984342263,0,1609046904984342263,5.258538126945496e-01,3.082767009735107e+00,2.709916830062866e+00,1.239125579595566e-01,-9.920152425765991e-01,5.242204759269953e-03,-2.288877591490746e-02
1609046905092097890,0,1609046905092097890,5.005581974983215e-01,2.998053789138794e+00,2.686766862869263e+00,1.242995411157608e-01,-9.920048117637634e-01,5.904216784983873e-03,-2.100834809243679e-02
1609046905189925788,0,1609046905189925788,4.676190912723541e-01,2.925059795379639e+00,2.677416086196899e+00,1.243694052100182e-01,-9.920445680618286e-01,6.650703027844429e-03,-1.832421123981476e-02
1609046905293742171,0,1609046905293742171,4.298797547817230e-01,2.848834276199341e+00,2.648990631103516e+00,1.246985495090485e-01,-9.920744299888611e-01,6.402350496500731e-03,-1.406322792172432e-02
1609046905401301038,0,1609046905401301038,3.851154446601868e-01,2.776304960250854e+00,2.634180545806885e+00,1.249204576015472e-01,-9.920767545700073e-01,7.253254763782024e-03,-1.123086642473936e-02
1609046905496162091,0,1609046905496162091,3.355416059494019e-01,2.709326982498169e+00,2.618483304977417e+00,1.250629723072052e-01,-9.920642971992493e-01,8.264532312750816e-03,-9.968079626560211e-03
1609046905598060962,0,1609046905598060962,2.777434587478638e-01,2.641473293304443e+00,2.619060039520264e+00,1.252182722091675e-01,-9.920060634613037e-01,1.255987118929625e-02,-9.310594759881496e-03
1609046905705477484,0,1609046905705477484,2.179604172706604e-01,2.568621397018433e+00,2.639799594879150e+00,1.250229030847549e-01,-9.919802546501160e-01,1.597913354635239e-02,-9.446950629353523e-03
1609046905807310357,0,1609046905807310357,1.578616946935654e-01,2.499541044235229e+00,2.633662462234497e+00,1.252971291542053e-01,-9.919267892837524e-01,1.725943014025688e-02,-9.174120612442493e-03
1609046905879704986,0,1609046905879704986,1.056610345840454e-01,2.447999477386475e+00,2.642104864120483e+00,1.252892017364502e-01,-9.918698668479919e-01,2.022440731525421e-02,-9.377647191286087e-03
1609046905976509089,0,1609046905976509089,3.185040503740311e-02,2.382447004318237e+00,2.641987323760986e+00,1.253803968429565e-01,-9.917843937873840e-01,2.339261025190353e-02,-9.821753017604351e-03
1609046906083402712,0,1609046906083402712,-4.426321387290955e-02,2.319337129592896e+00,2.646065711975098e+00,1.254756301641464e-01,-9.916886687278748e-01,2.637690678238869e-02,-1.066546980291605e-02
1609046906182223955,0,1609046906182223955,-1.223251894116402e-01,2.267616987228394e+00,2.650355577468872e+00,1.255642324686050e-01,-9.915891289710999e-01,2.948966808617115e-02,-1.071877591311932e-02
1609046906294732065,0,1609046906294732065,-2.131543010473251e-01,2.224524259567261e+00,2.659413814544678e+00,1.256681382656097e-01,-9.914439320564270e-01,3.333410248160362e-02,-1.163264084607363e-02
1609046906396710993,0,1609046906396710993,-2.967718541622162e-01,2.187471628189087e+00,2.681987762451172e+00,1.258068829774857e-01,-9.912988543510437e-01,3.684352710843086e-02,-1.191295310854912e-02
1609046906500188121,0,1609046906500188121,-3.847250938415527e-01,2.153952360153198e+00,2.702255725860596e+00,1.257528960704803e-01,-9.911601543426514e-01,4.018642380833626e-02,-1.315072271972895e-02
1609046906602030415,0,1609046906602030415,-4.789877831935883e-01,2.127276659011841e+00,2.688113927841187e+00,1.258153766393661e-01,-9.911642074584961e-01,3.996306657791138e-02,-1.292593777179718e-02
1609046906693674026,0,1609046906693674026,-5.706766247749329e-01,2.101599216461182e+00,2.673367738723755e+00,1.258662343025208e-01,-9.914127588272095e-01,3.333188593387604e-02,-1.214118115603924e-02
1609046906805974634,0,1609046906805974634,-6.836383938789368e-01,2.086750507354736e+00,2.672414302825928e+00,1.263098865747452e-01,-9.915628433227539e-01,2.718708291649818e-02,-1.048007141798735e-02
1609046906912927834,0,1609046906912927834,-8.007320165634155e-01,2.088809728622437e+00,2.670374631881714e+00,1.265188008546829e-01,-9.915893077850342e-01,2.653543837368488e-02,-6.294380873441696e-03
1609046906974016940,0,1609046906974016940,-8.812904953956604e-01,2.088116884231567e+00,2.675686359405518e+00,1.264736801385880e-01,-9.916748404502869e-01,2.392234280705452e-02,-3.630667692050338e-03
1609046907081014175,0,1609046907081014175,-1.015864372253418e+00,2.088337182998657e+00,2.663594961166382e+00,1.264533251523972e-01,-9.917820096015930e-01,1.941282115876675e-02,1.105082454159856e-03
1609046907188552815,0,1609046907188552815,-1.146352887153625e+00,2.091363430023193e+00,2.647014617919922e+00,1.265756487846375e-01,-9.917948246002197e-01,1.581909321248531e-02,8.445865474641323e-03
1609046907290653003,0,1609046907290653003,-1.272761464118958e+00,2.103587388992310e+00,2.670178651809692e+00,1.267368346452713e-01,-9.917458295822144e-01,1.423339825123549e-02,1.324565615504980e-02
1609046907382521319,0,1609046907382521319,-1.387597799301147e+00,2.115241765975952e+00,2.680499315261841e+00,1.267596185207367e-01,-9.916884303092957e-01,1.403318438678980e-02,1.701013185083866e-02
1609046907484361605,0,1609046907484361605,-1.510390043258667e+00,2.125045776367188e+00,2.682037591934204e+00,1.266856193542480e-01,-9.916299581527710e-01,1.264059264212847e-02,2.147229574620724e-02
1609046907586271016,0,1609046907586271016,-1.627071738243103e+00,2.138011217117310e+00,2.696931600570679e+00,1.268054395914078e-01,-9.915009140968323e-01,1.112515106797218e-02,2.688209712505341e-02
1609046907703479514,0,1609046907703479514,-1.748560070991516e+00,2.154098510742188e+00,2.713791370391846e+00,1.268905699253082e-01,-9.912630319595337e-01,8.216481655836105e-03,3.505470976233482e-02
1609046907801791792,0,1609046907801791792,-1.847774505615234e+00,2.170984029769897e+00,2.727169752120972e+00,1.269748359918594e-01,-9.910521507263184e-01,3.580428892746568e-03,4.099123552441597e-02
1609046907904775855,0,1609046907904775855,-1.949299931526184e+00,2.190687894821167e+00,2.732660531997681e+00,1.268795430660248e-01,-9.908031821250916e-01,1.237817690707743e-03,4.700174927711487e-02
1609046908006977675,0,1609046908006977675,-2.038560628890991e+00,2.208384275436401e+00,2.744313716888428e+00,1.269889324903488e-01,-9.903991818428040e-01,-4.976506810635328e-03,5.439218878746033e-02
1609046908078218015,0,1609046908078218015,-2.105551004409790e+00,2.224321842193604e+00,2.750362873077393e+00,1.270069181919098e-01,-9.901016950607300e-01,-8.341573178768158e-03,5.914646387100220e-02
1609046908185271749,0,1609046908185271749,-2.193773508071899e+00,2.247868776321411e+00,2.745001554489136e+00,1.268454194068909e-01,-9.897255897521973e-01,-1.388372480869293e-02,6.450464576482773e-02
1609046908287159955,0,1609046908287159955,-2.261198759078979e+00,2.267547369003296e+00,2.744102478027344e+00,1.269073039293289e-01,-9.894298315048218e-01,-1.665196381509304e-02,6.816166639328003e-02
1609046908384019309,0,1609046908384019309,-2.310167551040649e+00,2.282026290893555e+00,2.755177259445190e+00,1.266123056411743e-01,-9.891636967658997e-01,-2.111838944256306e-02,7.126429677009583e-02
1609046908486376033,0,1609046908486376033,-2.346247196197510e+00,2.293387651443481e+00,2.769451141357422e+00,1.268381476402283e-01,-9.889656901359558e-01,-2.650618553161621e-02,7.180868834257126e-02
1609046908588523578,0,1609046908588523578,-2.372484207153320e+00,2.304817676544189e+00,2.772226095199585e+00,1.268556863069534e-01,-9.890644550323486e-01,-2.982744574546814e-02,6.906247884035110e-02
1609046908700954332,0,1609046908700954332,-2.384740591049194e+00,2.306145429611206e+00,2.769108533859253e+00,1.268204450607300e-01,-9.895719289779663e-01,-3.307997807860374e-02,5.974714457988739e-02
1609046908797925518,0,1609046908797925518,-2.381116867065430e+00,2.307146787643433e+00,2.745066404342651e+00,1.269329041242599e-01,-9.903469085693359e-01,-2.887769229710102e-02,4.761335253715515e-02
1609046908900314910,0,1609046908900314910,-2.363193750381470e+00,2.301153421401978e+00,2.741185665130615e+00,1.270321160554886e-01,-9.910853505134583e-01,-2.166892588138580e-02,3.380906581878662e-02
1609046909002191159,0,1609046909002191159,-2.335066795349121e+00,2.286146879196167e+00,2.767246007919312e+00,1.270953714847565e-01,-9.914648532867432e-01,-1.722147502005100e-02,2.340076118707657e-02
1609046909104012141,0,1609046909104012141,-2.303277730941772e+00,2.266694307327271e+00,2.775817155838013e+00,1.272703558206558e-01,-9.917576313018799e-01,-7.115262560546398e-03,1.297655142843723e-02
1609046909180465656,0,1609046909180465656,-2.283267974853516e+00,2.249945163726807e+00,2.759096622467041e+00,1.272868365049362e-01,-9.918389916419983e-01,-2.286817616550252e-04,7.308708503842354e-03
1609046909277187842,0,1609046909277187842,-2.257113218307495e+00,2.220332622528076e+00,2.760617733001709e+00,1.274020224809647e-01,-9.918405413627625e-01,4.376577679067850e-03,1.390066929161549e-03
1609046909379106891,0,1609046909379106891,-2.240302085876465e+00,2.196904659271240e+00,2.748476266860962e+00,1.275070905685425e-01,-9.917954206466675e-01,9.038819000124931e-03,-1.430384814739227e-03
1609046909486366246,0,1609046909486366246,-2.227132320404053e+00,2.177051067352295e+00,2.734217643737793e+00,1.277154833078384e-01,-9.917286634445190e-01,1.247326284646988e-02,-2.729577943682671e-03
1609046909583128739,0,1609046909583128739,-2.221515417098999e+00,2.160950660705566e+00,2.728392124176025e+00,1.278270035982132e-01,-9.916864037513733e-01,1.440787594765425e-02,-3.284517209976912e-03
1609046909690787748,0,1609046909690787748,-2.219630718231201e+00,2.145506858825684e+00,2.733812808990479e+00,1.278659999370575e-01,-9.916902184486389e-01,1.393958833068609e-02,-2.524798968806863e-03
1609046909787454756,0,1609046909787454756,-2.224152326583862e+00,2.136196851730347e+00,2.710508346557617e+00,1.279568076133728e-01,-9.916762113571167e-01,1.406428124755621e-02,-2.739400602877140e-03
1609046909899423909,0,1609046909899423909,-2.231297969818115e+00,2.128319263458252e+00,2.703683614730835e+00,1.279631406068802e-01,-9.916740059852600e-01,1.416928414255381e-02,-2.723447512835264e-03
1609046910001502140,0,1609046910001502140,-2.242340087890625e+00,2.125290870666504e+00,2.690012931823730e+00,1.281725615262985e-01,-9.916599988937378e-01,1.311415806412697e-02,-3.200122155249119e-03
1609046910109642887,0,1609046910109642887,-2.257162332534790e+00,2.125548839569092e+00,2.688769817352295e+00,1.283300817012787e-01,-9.916291236877441e-01,1.375304069370031e-02,-3.753744764253497e-03
1609046910207708928,0,1609046910207708928,-2.274686098098755e+00,2.129644632339478e+00,2.688681602478027e+00,1.282999813556671e-01,-9.916235804557800e-01,1.401146315038204e-02,-5.062124691903591e-03
1609046910281376958,0,1609046910281376958,-2.292561054229736e+00,2.130616903305054e+00,2.683447122573853e+00,1.284504085779190e-01,-9.915938973426819e-01,1.410085614770651e-02,-6.579526700079441e-03
1609046910383262306,0,1609046910383262306,-2.320519685745239e+00,2.133661031723022e+00,2.661950588226318e+00,1.283025294542313e-01,-9.916061758995056e-01,1.381477620452642e-02,-8.054364472627640e-03
1609046910480003716,0,1609046910480003716,-2.349371433258057e+00,2.139504909515381e+00,2.662946462631226e+00,1.282915323972702e-01,-9.916406869888306e-01,1.156349014490843e-02,-7.502131629735231e-03
1609046910587004346,0,1609046910587004346,-2.384762287139893e+00,2.149111986160278e+00,2.666564941406250e+00,1.283905953168869e-01,-9.916508793830872e-01,9.647779166698456e-03,-7.172141689807177e-03
1609046910694065784,0,1609046910694065784,-2.424271821975708e+00,2.158719301223755e+00,2.657320261001587e+00,1.285721957683563e-01,-9.916576743125916e-01,7.060816977173090e-03,-5.863049998879433e-03
1609046910785789715,0,1609046910785789715,-2.462573766708374e+00,2.167915105819702e+00,2.652010917663574e+00,1.285391747951508e-01,-9.916778802871704e-01,4.487066529691219e-03,-5.701683461666107e-03
1609046910897989757,0,1609046910897989757,-2.508796453475952e+00,2.180916309356689e+00,2.649253606796265e+00,1.287040859460831e-01,-9.916541576385498e-01,4.160983022302389e-03,-6.324222311377525e-03
1609046910999925735,0,1609046910999925735,-2.554306745529175e+00,2.191129207611084e+00,2.655621290206909e+00,1.285701692104340e-01,-9.916718602180481e-01,3.457695012912154e-03,-6.698591634631157e-03
1609046911102435631,0,1609046911102435631,-2.604310035705566e+00,2.201865196228027e+00,2.661231756210327e+00,1.286112517118454e-01,-9.916666150093079e-01,1.749586779624224e-03,-7.310862187296152e-03
1609046911209647915,0,1609046911209663532,-2.659773588180542e+00,2.212276220321655e+00,2.670257568359375e+00,1.287539899349213e-01,-9.916588068008423e-01,-6.863473117846297e-06,-5.942143965512514e-03
1609046911306787032,0,1609046911306787032,-2.712196826934814e+00,2.220456600189209e+00,2.683250665664673e+00,1.288156360387802e-01,-9.916480183601379e-01,-3.987139556556940e-03,-4.989423323422670e-03
1609046911383246787,0,1609046911383246787,-2.760816335678101e+00,2.226490259170532e+00,2.678416728973389e+00,1.289494484663010e-01,-9.916162490844727e-01,-6.802421994507313e-03,-4.805777687579393e-03
1609046911475974731,0,1609046911475974731,-2.823648452758789e+00,2.233631610870361e+00,2.665529012680054e+00,1.291009485721588e-01,-9.915652275085449e-01,-1.092134509235620e-02,-3.468598937615752e-03
1609046911588286256,0,1609046911588286256,-2.895961284637451e+00,2.240481138229370e+00,2.653064012527466e+00,1.292669624090195e-01,-9.914882183074951e-01,-1.534646656364202e-02,-2.375485608354211e-03
1609046911686148852,0,1609046911686148852,-2.960965394973755e+00,2.244558572769165e+00,2.657680749893188e+00,1.293873190879822e-01,-9.914072155952454e-01,-1.921433396637440e-02,-1.236246083863080e-03
1609046911789354030,0,1609046911789354030,-3.027783393859863e+00,2.241490364074707e+00,2.663948774337769e+00,1.295398771762848e-01,-9.912783503532410e-01,-2.414452098309994e-02,1.934045110829175e-03
1609046911896521351,0,1609046911896521351,-3.100729942321777e+00,2.232971191406250e+00,2.636397123336792e+00,1.294667720794678e-01,-9.912086129188538e-01,-2.691046334803104e-02,4.432907793670893e-03
1609046911999229058,0,1609046911999229058,-3.170247554779053e+00,2.224619388580322e+00,2.640343666076660e+00,1.296629458665848e-01,-9.911940097808838e-01,-2.635128796100616e-02,5.249977577477694e-03
1609046912095799759,0,1609046912095799759,-3.241424083709717e+00,2.209918737411499e+00,2.639867067337036e+00,1.297491788864136e-01,-9.913267493247986e-01,-2.041326090693474e-02,4.446660634130239e-03
1609046912197582432,0,1609046912197582432,-3.311662912368774e+00,2.186711072921753e+00,2.659936666488647e+00,1.296286433935165e-01,-9.914606213569641e-01,-1.371454261243343e-02,3.765990957617760e-03
1609046912305811803,0,1609046912305811803,-3.377936840057373e+00,2.151485204696655e+00,2.684054374694824e+00,1.297169327735901e-01,-9.915134906768799e-01,-8.005624637007713e-03,3.240910591557622e-03
1609046912408269291,0,1609046912408269291,-3.442829847335815e+00,2.114727735519409e+00,2.675260782241821e+00,1.295536160469055e-01,-9.915646910667419e-01,-3.696077503263950e-03,1.267839688807726e-03
1609046912479668211,0,1609046912479668211,-3.497099399566650e+00,2.085717678070068e+00,2.676569461822510e+00,1.295759677886963e-01,-9.915678501129150e-01,-1.817725016735494e-03,-3.375693049747497e-04
1609046912576770509,0,1609046912576770509,-3.573978900909424e+00,2.047364473342896e+00,2.676366806030273e+00,1.295443475246429e-01,-9.915703535079956e-01,1.554156071506441e-03,-2.011362463235855e-03
1609046912679877670,0,1609046912679877670,-3.652215003967285e+00,2.008742094039917e+00,2.685757637023926e+00,1.296004503965378e-01,-9.915601611137390e-01,2.300886670127511e-03,-2.610427094623446e-03
1609046912782104780,0,1609046912782104780,-3.729281663894653e+00,1.974024057388306e+00,2.695759057998657e+00,1.297030150890350e-01,-9.915500879287720e-01,7.457024767063558e-04,-2.271862467750907e-03
1609046912894313790,0,1609046912894313790,-3.812861680984497e+00,1.938398003578186e+00,2.701554298400879e+00,1.299887895584106e-01,-9.915044903755188e-01,-4.077326972037554e-03,-2.258081920444965e-03
1609046912991185807,0,1609046912991185807,-3.889967918395996e+00,1.908593773841858e+00,2.703654527664185e+00,1.300055831670761e-01,-9.914900660514832e-01,-6.728427950292826e-03,-8.172406232915819e-04
1609046913098138033,0,1609046913098138033,-3.972130298614502e+00,1.876820921897888e+00,2.698947191238403e+00,1.300670504570007e-01,-9.914519786834717e-01,-1.018323749303818e-02,1.373074366711080e-03
1609046913195198564,0,1609046913195198564,-4.050917625427246e+00,1.845370292663574e+00,2.697198390960693e+00,1.301285177469254e-01,-9.914196133613586e-01,-1.206077542155981e-02,2.880838001146913e-03
1609046913297403414,0,1609046913297403414,-4.135592460632324e+00,1.810099601745605e+00,2.701383590698242e+00,1.300708651542664e-01,-9.914209246635437e-01,-1.216397434473038e-02,4.278906621038914e-03
1609046913409601024,0,1609046913409601024,-4.225007057189941e+00,1.771894335746765e+00,2.707041740417480e+00,1.299986243247986e-01,-9.914482235908508e-01,-9.460764937102795e-03,6.415116135030985e-03
1609046913511638056,0,1609046913511638056,-4.307496547698975e+00,1.734073758125305e+00,2.736547231674194e+00,1.299225687980652e-01,-9.914354085922241e-01,-9.104822762310505e-03,9.656004607677460e-03
1609046913578009567,0,1609046913578009567,-4.372253417968750e+00,1.703132271766663e+00,2.747436285018921e+00,1.299042254686356e-01,-9.913992285728455e-01,-8.990410715341568e-03,1.310166344046593e-02
1609046913670199178,0,1609046913670199178,-4.463696956634521e+00,1.653644561767578e+00,2.754934072494507e+00,1.299548000097275e-01,-9.913460016250610e-01,-7.610393222421408e-03,1.693831570446491e-02
1609046913779119459,0,1609046913779119459,-4.556985855102539e+00,1.598159670829773e+00,2.769041776657104e+00,1.299906075000763e-01,-9.912824630737305e-01,-7.089504972100258e-03,2.028006874024868e-02
1609046913886230674,0,1609046913886230674,-4.642414569854736e+00,1.544356942176819e+00,2.759223222732544e+00,1.299045681953430e-01,-9.912532567977905e-01,-6.449622567743063e-03,2.236459590494633e-02
1609046913988259666,0,1609046913988259666,-4.720860481262207e+00,1.499133110046387e+00,2.760432243347168e+00,1.297732293605804e-01,-9.912205338478088e-01,-5.376560147851706e-03,2.473663538694382e-02
1609046914095186506,0,1609046914095186506,-4.795890331268311e+00,1.455602526664734e+00,2.780945301055908e+00,1.298052072525024e-01,-9.910720586776733e-01,-5.581774283200502e-03,2.992907725274563e-02
1609046914192465029,0,1609046914192465029,-4.863701343536377e+00,1.411349296569824e+00,2.790937423706055e+00,1.298433989286423e-01,-9.908200502395630e-01,-7.696179207414389e-03,3.683992475271225e-02
1609046914300219647,0,1609046914300219647,-4.926435947418213e+00,1.362709879875183e+00,2.788747787475586e+00,1.300768703222275e-01,-9.904798269271851e-01,-9.351546876132488e-03,4.407238960266113e-02
1609046914397077369,0,1609046914397077369,-4.982745170593262e+00,1.316576480865479e+00,2.782790899276733e+00,1.297847777605057e-01,-9.901385307312012e-01,-1.261033490300179e-02,5.121193826198578e-02
1609046914504109406,0,1609046914504109406,-5.033956527709961e+00,1.264871835708618e+00,2.773409605026245e+00,1.297565698623657e-01,-9.896850585937500e-01,-1.588709466159344e-02,5.860377848148346e-02
1609046914601134794,0,1609046914601134794,-5.074154853820801e+00,1.218279004096985e+00,2.766423225402832e+00,1.294179558753967e-01,-9.893181324005127e-01,-2.007585018873215e-02,6.401207298040390e-02
1609046914677668936,0,1609046914677668936,-5.099519729614258e+00,1.175179839134216e+00,2.763323307037354e+00,1.293420046567917e-01,-9.891205430030823e-01,-2.297927252948284e-02,6.620597094297409e-02
1609046914779961708,0,1609046914779961708,-5.121152400970459e+00,1.119355201721191e+00,2.749726057052612e+00,1.291803866624832e-01,-9.891513586044312e-01,-2.634033747017384e-02,6.479445099830627e-02
1609046914886962706,0,1609046914886962706,-5.126993656158447e+00,1.060721039772034e+00,2.732725620269775e+00,1.290733516216278e-01,-9.895352125167847e-01,-2.739919535815716e-02,5.839044600725174e-02
1609046914985581064,0,1609046914985581064,-5.121741294860840e+00,1.001837015151978e+00,2.721651315689087e+00,1.288449466228485e-01,-9.900956153869629e-01,-2.716987393796444e-02,4.869771376252174e-02
1609046915088286376,0,1609046915088286376,-5.100909233093262e+00,9.370897412300110e-01,2.720565795898438e+00,1.286700218915939e-01,-9.905909299850464e-01,-2.754400484263897e-02,3.761659562587738e-02
1609046915196755484,0,1609046915196755484,-5.071905136108398e+00,8.643345832824707e-01,2.701376914978027e+00,1.285236179828644e-01,-9.910007715225220e-01,-2.675191685557365e-02,2.614510804414749e-02
1609046915295128008,0,1609046915295128008,-5.039060115814209e+00,7.962668538093567e-01,2.681740283966064e+00,1.285016834735870e-01,-9.912886023521423e-01,-2.348360605537891e-02,1.682004891335964e-02
1609046915398014592,0,1609046915398014592,-5.001949310302734e+00,7.168475389480591e-01,2.669869184494019e+00,1.283205747604370e-01,-9.915077686309814e-01,-1.828819327056408e-02,1.057725213468075e-02
1609046915501159885,0,1609046915501159885,-4.966825008392334e+00,6.375728845596313e-01,2.671405076980591e+00,1.283259242773056e-01,-9.916122555732727e-01,-1.425905805081129e-02,5.860381294041872e-03
1609046915603098966,0,1609046915603098966,-4.935245037078857e+00,5.551891922950745e-01,2.673434972763062e+00,1.284250319004059e-01,-9.916522502899170e-01,-9.792090393602848e-03,6.093542091548443e-03
1609046915700192324,0,1609046915700192324,-4.912479400634766e+00,4.672715365886688e-01,2.655553579330444e+00,1.282732337713242e-01,-9.916962981224060e-01,-5.330976564437151e-03,7.492340635508299e-03
1609046915781985886,0,1609046915781985886,-4.887487411499023e+00,3.899021744728088e-01,2.657028913497925e+00,1.283948868513107e-01,-9.916688203811646e-01,-4.785698838531971e-03,9.213093668222427e-03
1609046915878902949,0,1609046915878902949,-4.864426612854004e+00,2.972706258296967e-01,2.643306970596313e+00,1.284993290901184e-01,-9.916338324546814e-01,-3.016004804521799e-03,1.188017427921295e-02
1609046915981142737,0,1609046915981142737,-4.846169948577881e+00,2.031892389059067e-01,2.632543325424194e+00,1.283614784479141e-01,-9.916210770606995e-01,-2.506701042875648e-03,1.430712919682264e-02
1609046916077869058,0,1609046916077869058,-4.829688072204590e+00,1.182607039809227e-01,2.626736640930176e+00,1.284089386463165e-01,-9.915984272956848e-01,-3.415564307942986e-03,1.523610483855009e-02
1609046916185631738,0,1609046916185631738,-4.811746120452881e+00,2.744816988706589e-02,2.615596055984497e+00,1.284651756286621e-01,-9.915748238563538e-01,-5.642773583531380e-03,1.562738977372646e-02
1609046916287504308,0,1609046916287504308,-4.794823646545410e+00,-5.552374944090843e-02,2.601449489593506e+00,1.282911449670792e-01,-9.915868639945984e-01,-8.980767801403999e-03,1.470718346536160e-02
1609046916394347527,0,1609046916394347527,-4.772361278533936e+00,-1.425055265426636e-01,2.576305627822876e+00,1.283475458621979e-01,-9.915884137153625e-01,-9.750259108841419e-03,1.357495691627264e-02
1609046916496225979,0,1609046916496225979,-4.749182701110840e+00,-2.243337780237198e-01,2.555315017700195e+00,1.281299144029617e-01,-9.916574954986572e-01,-9.171899408102036e-03,1.068018749356270e-02
1609046916603396197,0,1609046916603396197,-4.724832534790039e+00,-3.088780641555786e-01,2.550925254821777e+00,1.280297785997391e-01,-9.917172789573669e-01,-6.743158213794231e-03,7.743772584944963e-03
1609046916705816008,0,1609046916705816008,-4.703779697418213e+00,-3.913585245609283e-01,2.562298297882080e+00,1.277951598167419e-01,-9.917704463005066e-01,-5.125719588249922e-03,5.801691208034754e-03
1609046916807824123,0,1609046916807824123,-4.687027454376221e+00,-4.765864908695221e-01,2.571366786956787e+00,1.279535889625549e-01,-9.917611479759216e-01,-4.133547190576792e-03,4.544998984783888e-03
1609046916874040952,0,1609046916874040952,-4.671845436096191e+00,-5.427404046058655e-01,2.572447538375854e+00,1.281008869409561e-01,-9.917409420013428e-01,-3.955937456339598e-03,4.945235792547464e-03
1609046916970718383,0,1609046916970718383,-4.655527114868164e+00,-6.398411989212036e-01,2.563543319702148e+00,1.285918951034546e-01,-9.916660189628601e-01,-5.479575600475073e-03,5.708338692784309e-03
1609046917082912942,0,1609046917082912942,-4.635682582855225e+00,-7.419486641883850e-01,2.556256294250488e+00,1.294500678777695e-01,-9.914821982383728e-01,-1.032974384725094e-02,9.955669753253460e-03
1609046917185219916,0,1609046917185219916,-4.620693683624268e+00,-8.351841568946838e-01,2.540996313095093e+00,1.297025680541992e-01,-9.913648366928101e-01,-1.408885419368744e-02,1.321052573621273e-02
1609046917288114529,0,1609046917288114529,-4.604885578155518e+00,-9.285793900489807e-01,2.525523424148560e+00,1.303252428770065e-01,-9.911631941795349e-01,-1.818446628749371e-02,1.673665083944798e-02
1609046917391092366,0,1609046917391092366,-4.591302871704102e+00,-1.022764205932617e+00,2.521243810653687e+00,1.306820958852768e-01,-9.909887909889221e-01,-2.165393158793449e-02,1.986543461680412e-02
1609046917492914962,0,1609046917492914962,-4.579261302947998e+00,-1.118934035301208e+00,2.511477708816528e+00,1.307008862495422e-01,-9.910095334053040e-01,-1.925357617437840e-02,2.113705314695835e-02
1609046917599815134,0,1609046917599815134,-4.560861587524414e+00,-1.219259381294250e+00,2.515085220336914e+00,1.307855844497681e-01,-9.910134077072144e-01,-1.732451841235161e-02,2.208150736987591e-02
1609046917706711032,0,1609046917706711032,-4.543650150299072e+00,-1.321127176284790e+00,2.512106895446777e+00,1.309691816568375e-01,-9.910686016082764e-01,-1.243442017585039e-02,2.180311828851700e-02
1609046917803470100,0,1609046917803470100,-4.526479721069336e+00,-1.419006705284119e+00,2.525545358657837e+00,1.311712712049484e-01,-9.910723567008972e-01,-7.527513895183802e-03,2.265438623726368e-02
1609046917900173976,0,1609046917900173976,-4.502637863159180e+00,-1.524920344352722e+00,2.540038108825684e+00,1.311017870903015e-01,-9.910864830017090e-01,-4.344974644482136e-03,2.326042391359806e-02
1609046917981620050,0,1609046917981620050,-4.478582859039307e+00,-1.616748332977295e+00,2.529426097869873e+00,1.314105689525604e-01,-9.910385608673096e-01,-2.222281880676746e-03,2.385434694588184e-02
1609046918078849487,0,1609046918078849487,-4.447319984436035e+00,-1.732686161994934e+00,2.515775680541992e+00,1.316750645637512e-01,-9.910354018211365e-01,2.964978339150548e-04,2.259358577430248e-02
1609046918180766487,0,1609046918180766487,-4.415486335754395e+00,-1.847097158432007e+00,2.501704931259155e+00,1.319925189018250e-01,-9.910337328910828e-01,2.086110413074493e-03,2.063669450581074e-02
1609046918284867065,0,1609046918284867065,-4.384192466735840e+00,-1.958749175071716e+00,2.497907161712646e+00,1.318919509649277e-01,-9.910507798194885e-01,2.844739938154817e-03,2.037086524069309e-02
1609046918386660402,0,1609046918386660402,-4.354479312896729e+00,-2.060166358947754e+00,2.492213964462280e+00,1.322080940008163e-01,-9.909917116165161e-01,2.694899681955576e-03,2.119619213044643e-02
1609046918488417216,0,1609046918488417216,-4.320059299468994e+00,-2.158127546310425e+00,2.486312150955200e+00,1.322195678949356e-01,-9.909507632255554e-01,4.155621863901615e-03,2.274509333074093e-02
1609046918585662897,0,1609046918585662897,-4.286989688873291e+00,-2.252849817276001e+00,2.473187208175659e+00,1.325094848871231e-01,-9.909033775329590e-01,8.011287078261375e-03,2.207921445369720e-02
1609046918697818092,0,1609046918697818092,-4.248013496398926e+00,-2.352526903152466e+00,2.470848321914673e+00,1.324678063392639e-01,-9.908601641654968e-01,1.354442071169615e-02,2.156320586800575e-02
1609046918804768450,0,1609046918804768450,-4.215036392211914e+00,-2.440622329711914e+00,2.462741136550903e+00,1.324487924575806e-01,-9.907878041267395e-01,1.868216693401337e-02,2.116561494767666e-02
1609046918906945283,0,1609046918906945283,-4.183437824249268e+00,-2.527209281921387e+00,2.472571372985840e+00,1.324233114719391e-01,-9.906443357467651e-01,2.520990557968616e-02,2.127045765519142e-02
1609046919002325914,0,1609046919002325914,-4.152302265167236e+00,-2.605957031250000e+00,2.475957155227661e+00,1.326126754283905e-01,-9.905043244361877e-01,2.937204763293266e-02,2.127239853143692e-02
1609046919078683467,0,1609046919078683467,-4.122989177703857e+00,-2.668972015380859e+00,2.482783317565918e+00,1.327536702156067e-01,-9.904052019119263e-01,3.141128644347191e-02,2.207917533814907e-02
1609046919175405449,0,1609046919175405449,-4.082895755767822e+00,-2.746115446090698e+00,2.478947639465332e+00,1.326320171356201e-01,-9.901981353759766e-01,3.611258789896965e-02,2.474470622837543e-02
1609046919282511456,0,1609046919282511456,-4.041434288024902e+00,-2.816015720367432e+00,2.482807874679565e+00,1.328326165676117e-01,-9.899078607559204e-01,3.941319510340691e-02,2.974452450871468e-02
1609046919410015184,0,1609046919410015184,-3.998295068740845e+00,-2.879790306091309e+00,2.472174167633057e+00,1.328005492687225e-01,-9.896548986434937e-01,4.120305925607681e-02,3.534899652004242e-02
1609046919491348960,0,1609046919491348960,-3.966987609863281e+00,-2.914934635162354e+00,2.474982738494873e+00,1.329399049282074e-01,-9.894329309463501e-01,4.243887960910797e-02,3.934900462627411e-02
1609046919589019377,0,1609046919589019377,-3.922651052474976e+00,-2.948269844055176e+00,2.474983453750610e+00,1.328926235437393e-01,-9.892353415489197e-01,4.295381531119347e-02,4.368082806468010e-02
1609046919691206282,0,1609046919691206282,-3.878604412078857e+00,-2.971599578857422e+00,2.468826293945312e+00,1.328581869602203e-01,-9.890831112861633e-01,4.270204901695251e-02,4.732704162597656e-02
1609046919803464291,0,1609046919803464291,-3.826502084732056e+00,-2.987868070602417e+00,2.460238218307495e+00,1.329016685485840e-01,-9.889520406723022e-01,4.237306118011475e-02,5.015648528933525e-02
1609046919900337576,0,1609046919900337576,-3.779123783111572e+00,-2.993368387222290e+00,2.475662708282471e+00,1.327927410602570e-01,-9.890246987342834e-01,3.808158263564110e-02,5.240371450781822e-02
1609046920007270794,0,1609046920007270794,-3.716444730758667e+00,-2.991704940795898e+00,2.477736711502075e+00,1.327360868453979e-01,-9.892780184745789e-01,2.996908500790596e-02,5.303013324737549e-02
1609046920104217827,0,1609046920104217827,-3.644843101501465e+00,-2.979266881942749e+00,2.455538749694824e+00,1.331118792295456e-01,-9.894006848335266e-01,2.576773613691330e-02,5.199604108929634e-02
1609046920170697990,0,1609046920170697990,-3.588945865631104e+00,-2.964630126953125e+00,2.440960645675659e+00,1.326646208763123e-01,-9.895845055580139e-01,2.231257222592831e-02,5.123417079448700e-02
1609046920282904768,0,1609046920282904768,-3.492387294769287e+00,-2.936650276184082e+00,2.430215358734131e+00,1.327647119760513e-01,-9.897377490997314e-01,1.718233339488506e-02,4.997523128986359e-02
1609046920379836745,0,1609046920379836745,-3.400322437286377e+00,-2.909158706665039e+00,2.416301488876343e+00,1.325234621763229e-01,-9.899243712425232e-01,1.333819609135389e-02,4.805745929479599e-02
1609046920487247821,0,1609046920487247821,-3.299599647521973e+00,-2.877147674560547e+00,2.407743930816650e+00,1.327868700027466e-01,-9.899752736091614e-01,1.257384475320578e-02,4.646086320281029e-02
1609046920585606840,0,1609046920585606840,-3.203584432601929e+00,-2.848815441131592e+00,2.412148952484131e+00,1.327656060457230e-01,-9.900192618370056e-01,1.110204868018627e-02,4.595504328608513e-02
1609046920687701532,0,1609046920687701532,-3.099562644958496e+00,-2.816184997558594e+00,2.405775547027588e+00,1.328562349081039e-01,-9.900950789451599e-01,9.156779386103153e-03,4.446501657366753e-02
1609046920795323994,0,1609046920795323994,-2.989473819732666e+00,-2.783940315246582e+00,2.395751476287842e+00,1.329847574234009e-01,-9.901181459426880e-01,7.681918796151876e-03,4.384239390492439e-02
1609046920897290952,0,1609046920897290952,-2.881025314331055e+00,-2.752569913864136e+00,2.389868974685669e+00,1.330832839012146e-01,-9.901498556137085e-01,5.142216105014086e-03,4.319439083337784e-02
1609046921004365908,0,1609046921004365908,-2.762822151184082e+00,-2.717670440673828e+00,2.371820211410522e+00,1.330253332853317e-01,-9.902418851852417e-01,1.346254721283913e-03,4.151393845677376e-02
1609046921106547444,0,1609046921106547444,-2.642022371292114e+00,-2.682533025741577e+00,2.348919153213501e+00,1.330874413251877e-01,-9.903905987739563e-01,-4.588288429658860e-04,3.760410100221634e-02
1609046921204390369,0,1609046921204390369,-2.523936271667480e+00,-2.653737783432007e+00,2.348510265350342e+00,1.328765451908112e-01,-9.905213713645935e-01,-3.623430151492357e-03,3.461516276001930e-02
1609046921281522469,0,1609046921281522469,-2.415124416351318e+00,-2.622712135314941e+00,2.330287218093872e+00,1.328214108943939e-01,-9.906044006347656e-01,-8.747831918299198e-03,3.138229250907898e-02
1609046921373353700,0,1609046921373353700,-2.282329559326172e+00,-2.590456008911133e+00,2.320216417312622e+00,1.325531750917435e-01,-9.907287359237671e-01,-1.150169782340527e-02,2.745770849287510e-02
1609046921480514323,0,1609046921480514323,-2.138040065765381e+00,-2.558823823928833e+00,2.313326597213745e+00,1.325865238904953e-01,-9.907031655311584e-01,-1.914835162460804e-02,2.369426377117634e-02
1609046921582451531,0,1609046921582451531,-1.999516487121582e+00,-2.529836654663086e+00,2.298360824584961e+00,1.324035972356796e-01,-9.906898140907288e-01,-2.256430685520172e-02,2.222094312310219e-02
1609046921694494264,0,1609046921694494264,-1.856843829154968e+00,-2.505712032318115e+00,2.282289743423462e+00,1.324518471956253e-01,-9.906910657882690e-01,-2.408973127603531e-02,2.018564008176327e-02
1609046921786373334,0,1609046921786373334,-1.735054731369019e+00,-2.493124246597290e+00,2.261003255844116e+00,1.321312338113785e-01,-9.908250570297241e-01,-2.135260775685310e-02,1.873980276286602e-02
1609046921893445347,0,1609046921893445347,-1.598786950111389e+00,-2.482220172882080e+00,2.265955448150635e+00,1.323933601379395e-01,-9.909204840660095e-01,-1.646969094872475e-02,1.665097475051880e-02
1609046922000366192,0,1609046922000366192,-1.464684367179871e+00,-2.484280347824097e+00,2.276717424392700e+00,1.323978155851364e-01,-9.910246729850769e-01,-1.057039480656385e-02,1.514365524053574e-02
1609046922096816455,0,1609046922096816455,-1.342791914939880e+00,-2.490188360214233e+00,2.286721706390381e+00,1.325828880071640e-01,-9.910460114479065e-01,-5.320092197507620e-03,1.487960107624531e-02
1609046922198445309,0,1609046922198445309,-1.214097499847412e+00,-2.495447874069214e+00,2.307726621627808e+00,1.327624320983887e-01,-9.910489320755005e-01,-2.756637753918767e-03,1.373283192515373e-02
1609046922306852059,0,1609046922306852059,-1.081444621086121e+00,-2.503068685531616e+00,2.321956157684326e+00,1.332152187824249e-01,-9.909944534301758e-01,-1.689883647486567e-03,1.345043815672398e-02
1609046922374938870,0,1609046922374938870,-9.837002754211426e-01,-2.510118246078491e+00,2.318414211273193e+00,1.330492794513702e-01,-9.910242557525635e-01,4.230116319376975e-04,1.298476941883564e-02
1609046922471860431,0,1609046922471860431,-8.495106697082520e-01,-2.517451763153076e+00,2.301650285720825e+00,1.332262307405472e-01,-9.910007715225220e-01,2.974243136122823e-03,1.262700092047453e-02
1609046922584081627,0,1609046922584081627,-7.077965736389160e-01,-2.524924755096436e+00,2.315609455108643e+00,1.333364397287369e-01,-9.909950494766235e-01,3.364293137565255e-03,1.178647298365831e-02
1609046922685920947,0,1609046922685920947,-5.867064595222473e-01,-2.534821510314941e+00,2.312428712844849e+00,1.332527250051498e-01,-9.910027384757996e-01,5.475320853292942e-03,1.128145027905703e-02
1609046922793376915,0,1609046922793376915,-4.641458690166473e-01,-2.540523529052734e+00,2.324873208999634e+00,1.334903836250305e-01,-9.909743666648865e-01,5.377952009439468e-03,1.101383194327354e-02
1609046922896787388,0,1609046922896787388,-3.515804708003998e-01,-2.544692277908325e+00,2.319776296615601e+00,1.334218233823776e-01,-9.909720420837402e-01,6.957035511732101e-03,1.116532087326050e-02
1609046922993720082,0,1609046922993720082,-2.452533841133118e-01,-2.546709299087524e+00,2.317687749862671e+00,1.333401501178741e-01,-9.909785389900208e-01,7.398750633001328e-03,1.128072012215853e-02
1609046923096623434,0,1609046923096623434,-1.302482634782791e-01,-2.550560712814331e+00,2.312866210937500e+00,1.333813369274139e-01,-9.909654855728149e-01,8.295184001326561e-03,1.131460536271334e-02
1609046923200325402,0,1609046923200325402,-2.232556790113449e-02,-2.555377721786499e+00,2.305313587188721e+00,1.333991289138794e-01,-9.909553527832031e-01,9.841114282608032e-03,1.074754353612661e-02
1609046923307604864,0,1609046923307604864,8.471070230007172e-02,-2.556669473648071e+00,2.294766902923584e+00,1.332959830760956e-01,-9.909541010856628e-01,1.196990627795458e-02,9.944420307874680e-03
1609046923405740677,0,1609046923405740677,1.839027702808380e-01,-2.553093910217285e+00,2.284164905548096e+00,1.333260685205460e-01,-9.909237027168274e-01,1.445007603615522e-02,9.253287687897682e-03
1609046923477069520,0,1609046923477069520,2.641873955726624e-01,-2.553207635879517e+00,2.281913757324219e+00,1.330206841230392e-01,-9.909289479255676e-01,1.730934903025627e-02,8.115280419588089e-03
1609046923580129729,0,1609046923580129729,3.757771849632263e-01,-2.549439668655396e+00,2.275302410125732e+00,1.335052847862244e-01,-9.908191561698914e-01,1.987875811755657e-02,7.649566978216171e-03
1609046923683050663,0,1609046923683050663,4.771808087825775e-01,-2.542892932891846e+00,2.269734859466553e+00,1.332918703556061e-01,-9.908127784729004e-01,2.176280505955219e-02,7.052606437355280e-03
1609046923785034133,0,1609046923785034133,5.757689476013184e-01,-2.531194686889648e+00,2.267186880111694e+00,1.334883868694305e-01,-9.907710552215576e-01,2.247201092541218e-02,6.975654512643814e-03
1609046923888645574,0,1609046923888645574,6.687192916870117e-01,-2.519374132156372e+00,2.249962091445923e+00,1.332767754793167e-01,-9.907937049865723e-01,2.266772091388702e-02,7.172903046011925e-03
1609046923996911606,0,1609046923996911606,7.593964338302612e-01,-2.502472877502441e+00,2.239647865295410e+00,1.332176923751831e-01,-9.907904267311096e-01,2.292929962277412e-02,7.853619754314423e-03
1609046924094364145,0,1609046924094364145,8.376120328903198e-01,-2.483814239501953e+00,2.228553533554077e+00,1.333521455526352e-01,-9.907546043395996e-01,2.332766167819500e-02,8.853891864418983e-03
1609046924201760806,0,1609046924201760806,9.184066057205200e-01,-2.460444927215576e+00,2.221697807312012e+00,1.331644058227539e-01,-9.907614588737488e-01,2.410306036472321e-02,8.839045651257038e-03
1609046924298813551,0,1609046924298813551,9.918515682220459e-01,-2.431555986404419e+00,2.216096639633179e+00,1.336246877908707e-01,-9.907135963439941e-01,2.365881577134132e-02,8.451685309410095e-03
1609046924403123095,0,1609046924403123095,1.069469094276428e+00,-2.397640943527222e+00,2.207858800888062e+00,1.335739344358444e-01,-9.907283186912537e-01,2.351374365389347e-02,7.898780517280102e-03
1609046924505537979,0,1609046924505537979,1.138813734054565e+00,-2.360754251480103e+00,2.199151277542114e+00,1.337257623672485e-01,-9.907093048095703e-01,2.355010434985161e-02,7.601860910654068e-03
1609046924576626891,0,1609046924576626891,1.195315122604370e+00,-2.329334497451782e+00,2.191803455352783e+00,1.338449418544769e-01,-9.906766414642334e-01,2.448371425271034e-02,6.784520577639341e-03
1609046924683514576,0,1609046924683514576,1.269593358039856e+00,-2.287539482116699e+00,2.190201520919800e+00,1.339216232299805e-01,-9.906823635101318e-01,2.406161837279797e-02,5.886985920369625e-03
1609046924780252961,0,1609046924780252961,1.334369421005249e+00,-2.239295482635498e+00,2.188809633255005e+00,1.341975033283234e-01,-9.906860589981079e-01,2.252293005585670e-02,4.989800043404102e-03
1609046924884739886,0,1609046924884739886,1.397492051124573e+00,-2.186687707901001e+00,2.191680431365967e+00,1.341768652200699e-01,-9.907076358795166e-01,2.181313559412956e-02,4.367460031062365e-03
1609046924987151663,0,1609046924987151663,1.458289504051208e+00,-2.130705118179321e+00,2.192339897155762e+00,1.341425776481628e-01,-9.907399415969849e-01,2.066636644303799e-02,3.613715292885900e-03
1609046925093966795,0,1609046925093966795,1.516098618507385e+00,-2.075500726699829e+00,2.206972360610962e+00,1.342725157737732e-01,-9.907847642898560e-01,1.717339828610420e-02,4.650431685149670e-03
1609046925190781664,0,1609046925190781664,1.565681934356689e+00,-2.023583173751831e+00,2.204390287399292e+00,1.345807760953903e-01,-9.907685518264771e-01,1.477142423391342e-02,6.903655827045441e-03
1609046925293181824,0,1609046925293181824,1.615648508071899e+00,-1.960704922676086e+00,2.205620050430298e+00,1.345230191946030e-01,-9.907684922218323e-01,1.439125556498766e-02,8.620060980319977e-03
1609046925405526016,0,1609046925405526016,1.663192152976990e+00,-1.899073481559753e+00,2.217592716217041e+00,1.343489140272141e-01,-9.907963871955872e-01,1.234872546046972e-02,1.097203511744738e-02
1609046925509222149,0,1609046925509222149,1.705382108688354e+00,-1.838713526725769e+00,2.225891113281250e+00,1.344199329614639e-01,-9.907597303390503e-01,1.324166730046272e-02,1.229397673159838e-02
1609046925605930426,0,1609046925605930426,1.746704220771790e+00,-1.779606342315674e+00,2.241220474243164e+00,1.344530433416367e-01,-9.907587766647339e-01,1.174572017043829e-02,1.347802300006151e-02
1609046925674661797,0,1609046925674661797,1.781289100646973e+00,-1.729699969291687e+00,2.243639230728149e+00,1.342424899339676e-01,-9.907796382904053e-01,1.303503196686506e-02,1.283615734428167e-02
1609046925776378255,0,1609046925776378255,1.828325510025024e+00,-1.663676500320435e+00,2.255434989929199e+00,1.341045647859573e-01,-9.907837510108948e-01,1.390554662793875e-02,1.304400805383921e-02
1609046925873264882,0,1609046925873264882,1.872765183448792e+00,-1.595097184181213e+00,2.260281562805176e+00,1.341388076543808e-01,-9.907696247100830e-01,1.479310076683760e-02,1.290270220488310e-02
1609046925986483823,0,1609046925986483823,1.917500138282776e+00,-1.521395683288574e+00,2.263264894485474e+00,1.339940130710602e-01,-9.907537698745728e-01,1.688491180539131e-02,1.294634956866503e-02
1609046926088593282,0,1609046926088593282,1.957256197929382e+00,-1.455844640731812e+00,2.272012233734131e+00,1.338777244091034e-01,-9.907554388046265e-01,1.707247272133827e-02,1.374940201640129e-02
1609046926195654701,0,1609046926195654701,1.996403813362122e+00,-1.385171651840210e+00,2.272411346435547e+00,1.337744444608688e-01,-9.907332062721252e-01,1.727496460080147e-02,1.592659950256348e-02
1609046926287610847,0,1609046926287610847,2.030289649963379e+00,-1.319765567779541e+00,2.277820110321045e+00,1.336360424757004e-01,-9.907014966011047e-01,1.806194335222244e-02,1.804747059941292e-02
1609046926389693214,0,1609046926389693214,2.067826032638550e+00,-1.247093796730042e+00,2.283957004547119e+00,1.335902512073517e-01,-9.906743168830872e-01,1.706353574991226e-02,2.066161110997200e-02
1609046926502085997,0,1609046926502085997,2.107039928436279e+00,-1.169003725051880e+00,2.290474414825439e+00,1.333176642656326e-01,-9.906576275825500e-01,1.657857187092304e-02,2.343171276152134e-02
1609046926605743034,0,1609046926605743034,2.140853881835938e+00,-1.094009757041931e+00,2.296833276748657e+00,1.335491389036179e-01,-9.905806779861450e-01,1.598284393548965e-02,2.567622810602188e-02
1609046926702674041,0,1609046926702674041,2.176725149154663e+00,-1.019256711006165e+00,2.300441026687622e+00,1.332813948392868e-01,-9.905921816825867e-01,1.476087328046560e-02,2.730002813041210e-02
1609046926770077551,0,1609046926770077551,2.208729743957520e+00,-9.554332494735718e-01,2.298380851745605e+00,1.334295123815536e-01,-9.906057715415955e-01,1.475181337445974e-02,2.606308646500111e-02
1609046926884245851,0,1609046926884245851,2.258944272994995e+00,-8.564558625221252e-01,2.308283805847168e+00,1.332070678472519e-01,-9.907346963882446e-01,1.386601850390434e-02,2.254387363791466e-02
1609046926979877912,0,1609046926979877912,2.305383682250977e+00,-7.685009837150574e-01,2.309504747390747e+00,1.334867924451828e-01,-9.908187389373779e-01,1.278777979314327e-02,1.720619760453701e-02
1609046927082642788,0,1609046927082642788,2.355303287506104e+00,-6.780936121940613e-01,2.308276891708374e+00,1.335045248270035e-01,-9.908936619758606e-01,1.296931784600019e-02,1.175486482679844e-02
1609046927190197569,0,1609046927190197569,2.405849933624268e+00,-5.850633382797241e-01,2.322540521621704e+00,1.339835971593857e-01,-9.908915162086487e-01,1.142833288758993e-02,7.207556162029505e-03
1609046927289010676,0,1609046927289010676,2.449579477310181e+00,-5.003495812416077e-01,2.331545114517212e+00,1.339876204729080e-01,-9.909071326255798e-01,1.151360478252172e-02,4.222665913403034e-03
1609046927396046692,0,1609046927396046692,2.497128486633301e+00,-4.072107374668121e-01,2.337528705596924e+00,1.340530961751938e-01,-9.908986091613770e-01,1.215116214007139e-02,1.420656801201403e-03
1609046927497927396,0,1609046927497927396,2.538293361663818e+00,-3.188060522079468e-01,2.344508409500122e+00,1.342788785696030e-01,-9.908643364906311e-01,1.253458112478256e-02,3.420620923861861e-04
1609046927605071647,0,1609046927605071647,2.570968389511108e+00,-2.286801934242249e-01,2.355768680572510e+00,1.341023892164230e-01,-9.908930063247681e-01,1.215152628719807e-02,2.817473723553121e-04
1609046927709025752,0,1609046927709025752,2.604238033294678e+00,-1.399512588977814e-01,2.355943441390991e+00,1.344367563724518e-01,-9.908327460289001e-01,1.331170555204153e-02,3.316327056381851e-04
1609046927805857021,0,1609046927805857021,2.632003784179688e+00,-5.953435227274895e-02,2.360096454620361e+00,1.342635005712509e-01,-9.908230304718018e-01,1.557978522032499e-02,7.094904431141913e-04
1609046927874459671,0,1609046927874484407,2.652767896652222e+00,1.107370760291815e-02,2.362859010696411e+00,1.343964189291000e-01,-9.907804727554321e-01,1.706098578870296e-02,7.832472911104560e-04
1609046927981660935,0,1609046927981660935,2.675883769989014e+00,1.179965957999229e-01,2.361750125885010e+00,1.345198303461075e-01,-9.907199144363403e-01,1.943398825824261e-02,8.874039049260318e-04
1609046928085558722,0,1609046928085558722,2.692289113998413e+00,2.182022631168365e-01,2.368698835372925e+00,1.343663334846497e-01,-9.907458424568176e-01,1.917825639247894e-02,8.617730927653611e-04
1609046928182392096,0,1609046928182392096,2.708426713943481e+00,3.141899108886719e-01,2.361225605010986e+00,1.344323605298996e-01,-9.906992912292480e-01,2.101902291178703e-02,1.035027322359383e-03
1609046928289731318,0,1609046928289731318,2.724514961242676e+00,4.141221046447754e-01,2.370728254318237e+00,1.345454603433609e-01,-9.906868338584900e-01,2.089169062674046e-02,8.201374439522624e-04
1609046928392041512,0,1609046928392041512,2.735510349273682e+00,5.132578611373901e-01,2.372713565826416e+00,1.346906870603561e-01,-9.907042980194092e-01,1.906317844986916e-02,-3.019463329110295e-04
1609046928494047652,0,1609046928494047652,2.747616291046143e+00,6.164945960044861e-01,2.368845224380493e+00,1.349786520004272e-01,-9.906307458877563e-01,2.056706696748734e-02,-2.927443711087108e-03
1609046928597445713,0,1609046928597445713,2.750027179718018e+00,7.167881727218628e-01,2.375674247741699e+00,1.349858641624451e-01,-9.906548261642456e-01,1.926171965897083e-02,-3.300677053630352e-03
1609046928706229078,0,1609046928706229078,2.749595880508423e+00,8.255085945129395e-01,2.373337984085083e+00,1.351007521152496e-01,-9.906487464904785e-01,1.869875751435757e-02,-3.641717834398150e-03
1609046928803034585,0,1609046928803034585,2.749504804611206e+00,9.279442429542542e-01,2.372053146362305e+00,1.351753026247025e-01,-9.906232953071594e-01,1.927376724779606e-02,-4.664971493184566e-03
1609046928904914377,0,1609046928904914377,2.742415428161621e+00,1.034964323043823e+00,2.394618749618530e+00,1.352652013301849e-01,-9.906486868858337e-01,1.708441041409969e-02,-5.154746584594250e-03
1609046928981670146,0,1609046928981670146,2.735283136367798e+00,1.127133488655090e+00,2.390389919281006e+00,1.351847052574158e-01,-9.906592965126038e-01,1.595338806509972e-02,-8.053599856793880e-03
1609046929078567305,0,1609046929078567305,2.725785255432129e+00,1.245505809783936e+00,2.398948431015015e+00,1.355438530445099e-01,-9.905752539634705e-01,1.541202515363693e-02,-1.228827890008688e-02
1609046929181301343,0,1609046929181301343,2.703949689865112e+00,1.366193056106567e+00,2.402936697006226e+00,1.353628337383270e-01,-9.905361533164978e-01,1.318224240094423e-02,-1.847214810550213e-02
1609046929285616578,0,1609046929285616578,2.677968978881836e+00,1.487187266349792e+00,2.387621164321899e+00,1.355644017457962e-01,-9.904225468635559e-01,1.164505165070295e-02,-2.344927936792374e-02
1609046929387593523,0,1609046929387593523,2.647157669067383e+00,1.603677630424500e+00,2.391124248504639e+00,1.359865218400955e-01,-9.902949929237366e-01,9.693835861980915e-03,-2.701034396886826e-02
1609046929490721434,0,1609046929490721434,2.609687566757202e+00,1.718312740325928e+00,2.389251470565796e+00,1.357618570327759e-01,-9.902988672256470e-01,9.115030057728291e-03,-2.817329578101635e-02
1609046929592655063,0,1609046929592655063,2.565978527069092e+00,1.830341100692749e+00,2.400840282440186e+00,1.362006962299347e-01,-9.902172684669495e-01,7.968936115503311e-03,-2.925207465887070e-02
1609046929694313318,0,1609046929694313318,2.515240430831909e+00,1.940146923065186e+00,2.404560804367065e+00,1.363193243741989e-01,-9.902302026748657e-01,7.110781967639923e-03,-2.847099304199219e-02
1609046929801097291,0,1609046929801097291,2.455526828765869e+00,2.052728176116943e+00,2.414526700973511e+00,1.365668475627899e-01,-9.902692437171936e-01,6.359931547194719e-03,-2.599829062819481e-02
1609046929902856405,0,1609046929902856405,2.384900569915771e+00,2.156582117080688e+00,2.428762197494507e+00,1.366526335477829e-01,-9.903395175933838e-01,4.863920621573925e-03,-2.302457205951214e-02
1609046930004671058,0,1609046930004671058,2.307012557983398e+00,2.255265712738037e+00,2.449325084686279e+00,1.366351842880249e-01,-9.904682636260986e-01,7.895449525676668e-04,-1.740552857518196e-02
1609046930076038079,0,1609046930076038079,2.242152690887451e+00,2.335672378540039e+00,2.449778079986572e+00,1.370143890380859e-01,-9.904661774635315e-01,-4.110140725970268e-03,-1.367187220603228e-02
1609046930183927287,0,1609046930183927287,2.141922473907471e+00,2.448724031448364e+00,2.458817005157471e+00,1.373091489076614e-01,-9.904298782348633e-01,-1.153374463319778e-02,-7.868253625929356e-03
1609046930280859587,0,1609046930280859587,2.049847602844238e+00,2.544527530670166e+00,2.470014095306396e+00,1.375794708728790e-01,-9.902976155281067e-01,-1.906814612448215e-02,-4.350368864834309e-03
1609046930382798438,0,1609046930382798438,1.953405499458313e+00,2.638881206512451e+00,2.469350814819336e+00,1.376976370811462e-01,-9.900940060615540e-01,-2.744166739284992e-02,-5.693978164345026e-04
1609046930485249852,0,1609046930485249852,1.858848333358765e+00,2.727272033691406e+00,2.450771093368530e+00,1.377603709697723e-01,-9.899787902832031e-01,-3.103659301996231e-02,9.337676456198096e-04
1609046930592285423,0,1609046930592285423,1.762219429016113e+00,2.807374000549316e+00,2.455836296081543e+00,1.376881152391434e-01,-9.898833632469177e-01,-3.421543538570404e-02,1.503232400864363e-03
1609046930699259238,0,1609046930699259238,1.667863130569458e+00,2.876376628875732e+00,2.470529556274414e+00,1.375677138566971e-01,-9.899805188179016e-01,-3.180480375885963e-02,1.534007838927209e-03
1609046930790920865,0,1609046930790920865,1.584041833877563e+00,2.926406383514404e+00,2.499864339828491e+00,1.376558989286423e-01,-9.900202155113220e-01,-3.017950616776943e-02,2.809927391353995e-04
1609046930902953553,0,1609046930902953553,1.491276621818542e+00,2.979060888290405e+00,2.520976305007935e+00,1.377676725387573e-01,-9.900953173637390e-01,-2.703641727566719e-02,-6.665195687673986e-04
1609046931005291770,0,1609046931005291770,1.403651595115662e+00,3.019442558288574e+00,2.540557384490967e+00,1.376255750656128e-01,-9.902078509330750e-01,-2.332947403192520e-02,-1.853783382102847e-03
1609046931102813779,0,1609046931102813779,1.317919015884399e+00,3.052547216415405e+00,2.557530164718628e+00,1.376677453517914e-01,-9.902853369712830e-01,-1.933090016245842e-02,-3.000706667080522e-03
1609046931168950984,0,1609046931168950984,1.248539805412292e+00,3.074253320693970e+00,2.569796323776245e+00,1.377837806940079e-01,-9.903033971786499e-01,-1.728824339807034e-02,-3.991123288869858e-03
1609046931276196871,0,1609046931276196871,1.138935208320618e+00,3.103893041610718e+00,2.584352016448975e+00,1.377486735582352e-01,-9.903485178947449e-01,-1.467222161591053e-02,-4.477861803025007e-03
1609046931388178099,0,1609046931388178099,1.029989361763000e+00,3.127944469451904e+00,2.603365182876587e+00,1.377987861633301e-01,-9.903801679611206e-01,-1.170046348124743e-02,-4.653300624340773e-03
1609046931490423679,0,1609046931490423679,9.302970767021179e-01,3.146898031234741e+00,2.632197141647339e+00,1.377771943807602e-01,-9.903765320777893e-01,-1.230426132678986e-02,-4.515797365456820e-03
1609046931587261835,0,1609046931587261835,8.338177800178528e-01,3.161650180816650e+00,2.639538526535034e+00,1.379968971014023e-01,-9.903631806373596e-01,-1.068107970058918e-02,-4.862164147198200e-03
1609046931691455900,0,1609046931691455900,7.299346327781677e-01,3.173099517822266e+00,2.637384653091431e+00,1.380038708448410e-01,-9.903813004493713e-01,-8.844701573252678e-03,-4.661873914301395e-03
1609046931793399529,0,1609046931793399529,6.230581998825073e-01,3.183066129684448e+00,2.649253606796265e+00,1.380541920661926e-01,-9.903742074966431e-01,-8.764726109802723e-03,-4.822519607841969e-03
1609046931900473441,0,1609046931900473441,5.167257189750671e-01,3.192482948303223e+00,2.664159774780273e+00,1.381179392337799e-01,-9.903699159622192e-01,-7.808913011103868e-03,-5.474779289215803e-03
1609046931997359167,0,1609046931997359167,4.128777980804443e-01,3.199774265289307e+00,2.662633180618286e+00,1.382422149181366e-01,-9.903561472892761e-01,-7.599721662700176e-03,-5.102580878883600e-03
1609046932104509418,0,1609046932104509418,3.003503084182739e-01,3.205938816070557e+00,2.675329208374023e+00,1.383375078439713e-01,-9.903329014778137e-01,-8.734048344194889e-03,-5.226400215178728e-03
1609046932211507696,0,1609046932211507696,1.846012771129608e-01,3.208594322204590e+00,2.700083494186401e+00,1.388795822858810e-01,-9.902223944664001e-01,-1.297127641737461e-02,-1.996732084080577e-03
1609046932267771036,0,1609046932267771036,1.092481166124344e-01,3.208542108535767e+00,2.694344043731689e+00,1.387815624475479e-01,-9.901976585388184e-01,-1.575752533972263e-02,3.276975185144693e-04
1609046932374885773,0,1609046932374885773,-2.166358008980751e-02,3.203334093093872e+00,2.698053121566772e+00,1.393937617540359e-01,-9.899803400039673e-01,-2.192311733961105e-02,5.260181613266468e-03
1609046932483366017,0,1609046932483366017,-1.506402343511581e-01,3.195736169815063e+00,2.684731721878052e+00,1.395380049943924e-01,-9.898030161857605e-01,-2.656083367764950e-02,1.066247466951609e-02
1609046932585751647,0,1609046932585751647,-2.670626342296600e-01,3.181925535202026e+00,2.680443763732910e+00,1.395156979560852e-01,-9.897065162658691e-01,-2.909824065864086e-02,1.302484981715679e-02
1609046932687744360,0,1609046932687744360,-3.823434710502625e-01,3.160428285598755e+00,2.688431739807129e+00,1.397032290697098e-01,-9.896501302719116e-01,-3.009628877043724e-02,1.303416863083839e-02
1609046932794984342,0,1609046932794984342,-4.938784241676331e-01,3.135385751724243e+00,2.681901693344116e+00,1.395657807588577e-01,-9.897728562355042e-01,-2.735300548374653e-02,1.109292730689049e-02
1609046932896753786,0,1609046932896753786,-6.039600968360901e-01,3.105927228927612e+00,2.694549322128296e+00,1.396549940109253e-01,-9.898131489753723e-01,-2.556501515209675e-02,1.062504108995199e-02
1609046932998614865,0,1609046932998614865,-7.073327302932739e-01,3.072386264801025e+00,2.713421106338501e+00,1.396029442548752e-01,-9.898318648338318e-01,-2.508398517966270e-02,1.071152184158564e-02
1609046933100728142,0,1609046933100728142,-8.092627525329590e-01,3.030070781707764e+00,2.720699310302734e+00,1.397255212068558e-01,-9.897504448890686e-01,-2.560983970761299e-02,1.465913094580173e-02
1609046933203370007,0,1609046933203370007,-9.111624956130981e-01,2.984535932540894e+00,2.708092451095581e+00,1.400191336870193e-01,-9.895997643470764e-01,-2.684559859335423e-02,1.914169639348984e-02
1609046933305276021,0,1609046933305276021,-1.007206559181213e+00,2.931918859481812e+00,2.706261396408081e+00,1.402309238910675e-01,-9.895034432411194e-01,-2.758873440325260e-02,2.138024196028709e-02
1609046933381585486,0,1609046933381585486,-1.085121512413025e+00,2.884975671768188e+00,2.693368196487427e+00,1.403771340847015e-01,-9.894162416458130e-01,-2.796879969537258e-02,2.382672764360905e-02
1609046933478380380,0,1609046933478380380,-1.186446547508240e+00,2.818551778793335e+00,2.669452428817749e+00,1.402047425508499e-01,-9.895079135894775e-01,-2.520621940493584e-02,2.411256358027458e-02
1609046933580240480,0,1609046933580240480,-1.281604647636414e+00,2.750901460647583e+00,2.672293663024902e+00,1.403888612985611e-01,-9.895555377006531e-01,-2.274888381361961e-02,2.352443337440491e-02
1609046933682109357,0,1609046933682109357,-1.371847510337830e+00,2.679408550262451e+00,2.682940244674683e+00,1.402531266212463e-01,-9.896470308303833e-01,-2.041111886501312e-02,2.261177077889442e-02
1609046933789021864,0,1609046933789021864,-1.457146525382996e+00,2.605133295059204e+00,2.707816362380981e+00,1.405037343502045e-01,-9.896173477172852e-01,-2.039094455540180e-02,2.237216569483280e-02
1609046933890987492,0,1609046933890987492,-1.531794190406799e+00,2.527668714523315e+00,2.703458786010742e+00,1.407679915428162e-01,-9.895338416099548e-01,-2.008459158241749e-02,2.457405999302864e-02
1609046933992819622,0,1609046933992819622,-1.602622032165527e+00,2.449470758438110e+00,2.705067396163940e+00,1.405599862337112e-01,-9.894902110099792e-01,-2.201116085052490e-02,2.583602815866470e-02
1609046934095220817,0,1609046934095220817,-1.667004823684692e+00,2.365051269531250e+00,2.696088075637817e+00,1.408361345529556e-01,-9.894632101058960e-01,-2.293315343558788e-02,2.453458681702614e-02
1609046934202188615,0,1609046934202188615,-1.731611251831055e+00,2.275765419006348e+00,2.668713092803955e+00,1.406008154153824e-01,-9.896627068519592e-01,-2.049103938043118e-02,1.947792060673237e-02
1609046934304198375,0,1609046934304198375,-1.790500998497009e+00,2.194324970245361e+00,2.678372859954834e+00,1.402545869350433e-01,-9.898305535316467e-01,-1.856647990643978e-02,1.481556892395020e-02
1609046934406714983,0,1609046934406714983,-1.850715994834900e+00,2.105689525604248e+00,2.690106153488159e+00,1.401216238737106e-01,-9.899841547012329e-01,-1.433715131133795e-02,9.585856460034847e-03
1609046934477981838,0,1609046934477981838,-1.897620201110840e+00,2.035253286361694e+00,2.689637660980225e+00,1.399975568056107e-01,-9.900551438331604e-01,-1.210263650864363e-02,6.722177844494581e-03
1609046934574784936,0,1609046934574784936,-1.957458853721619e+00,1.934330582618713e+00,2.688960790634155e+00,1.398540437221527e-01,-9.901311397552490e-01,-8.743937127292156e-03,2.166058169677854e-03
1609046934678306237,0,1609046934678306237,-2.020802259445190e+00,1.828388452529907e+00,2.687175035476685e+00,1.398982256650925e-01,-9.901475310325623e-01,-6.011504214257002e-03,4.991726600565016e-04
1609046934785353765,0,1609046934785353765,-2.087771654129028e+00,1.723391890525818e+00,2.691949605941772e+00,1.400109380483627e-01,-9.901350140571594e-01,-4.922992084175348e-03,2.349761547520757e-03
1609046934892306204,0,1609046934892306204,-2.154015779495239e+00,1.620891571044922e+00,2.682646274566650e+00,1.399528980255127e-01,-9.901325702667236e-01,-2.924929372966290e-03,6.485581398010254e-03
1609046934989062396,0,1609046934989062396,-2.214972496032715e+00,1.527431011199951e+00,2.680238246917725e+00,1.399659067392349e-01,-9.900920391082764e-01,-1.857810188084841e-03,1.113392692059278e-02
1609046935090887649,0,1609046935090887649,-2.282199144363403e+00,1.429344177246094e+00,2.678774356842041e+00,1.401840895414352e-01,-9.899945855140686e-01,-1.467981841415167e-03,1.602720096707344e-02
1609046935197789680,0,1609046935197789680,-2.349967718124390e+00,1.334660768508911e+00,2.685224294662476e+00,1.400757282972336e-01,-9.899026155471802e-01,-1.023834221996367e-03,2.169101126492023e-02
1609046935306552437,0,1609046935306552437,-2.415722131729126e+00,1.235949754714966e+00,2.694250822067261e+00,1.402928978204727e-01,-9.897503256797791e-01,1.115977182053030e-03,2.666484937071800e-02
1609046935408320063,0,1609046935408320063,-2.476357460021973e+00,1.148448705673218e+00,2.689923524856567e+00,1.401199996471405e-01,-9.895774126052856e-01,2.764342119917274e-03,3.309589996933937e-02
1609046935506637483,0,1609046935506637483,-2.535706758499146e+00,1.058441638946533e+00,2.705127716064453e+00,1.402051448822021e-01,-9.893438220024109e-01,4.759761039167643e-03,3.897010907530785e-02
1609046935572787473,0,1609046935572787473,-2.576849222183228e+00,9.928589463233948e-01,2.713547468185425e+00,1.403108239173889e-01,-9.891508817672729e-01,4.040749743580818e-03,4.332662373781204e-02
1609046935679852029,0,1609046935679852029,-2.634059906005859e+00,8.899272084236145e-01,2.695510625839233e+00,1.404078900814056e-01,-9.889678955078125e-01,4.538823384791613e-03,4.698342084884644e-02
1609046935782034749,0,1609046935782034749,-2.676735162734985e+00,7.976752519607544e-01,2.695899486541748e+00,1.405032128095627e-01,-9.889987707138062e-01,4.550057929009199e-03,4.604057967662811e-02
1609046935883923071,0,1609046935883923071,-2.710601568222046e+00,7.167826294898987e-01,2.701701641082764e+00,1.403269618749619e-01,-9.891017675399780e-01,3.760604886338115e-03,4.440671578049660e-02
1609046935980505736,0,1609046935980505736,-2.736164093017578e+00,6.433188915252686e-01,2.697289943695068e+00,1.404393166303635e-01,-9.891785979270935e-01,3.736752318218350e-03,4.229137301445007e-02
1609046936082292326,0,1609046936082292326,-2.753668785095215e+00,5.670313835144043e-01,2.692504644393921e+00,1.403929293155670e-01,-9.893234968185425e-01,3.949712961912155e-03,3.890183568000793e-02
1609046936194866588,0,1609046936194866588,-2.766677379608154e+00,4.905054867267609e-01,2.674450159072876e+00,1.402239799499512e-01,-9.894667863845825e-01,3.676806110888720e-03,3.576524183154106e-02
1609046936297064302,0,1609046936297064302,-2.774179220199585e+00,4.263552427291870e-01,2.672078609466553e+00,1.404461711645126e-01,-9.895690083503723e-01,3.806479275226593e-03,3.183621540665627e-02
1609046936398937477,0,1609046936398937477,-2.776745796203613e+00,3.639528453350067e-01,2.663795232772827e+00,1.402301639318466e-01,-9.896972179412842e-01,2.721429802477360e-03,2.876884490251541e-02
1609046936500761394,0,1609046936500761394,-2.777351856231689e+00,3.013158738613129e-01,2.657997608184814e+00,1.403342485427856e-01,-9.897866845130920e-01,3.749353112652898e-03,2.479014359414577e-02
1609046936604683788,0,1609046936604683788,-2.776659727096558e+00,2.373907119035721e-01,2.654334068298340e+00,1.402017921209335e-01,-9.899149537086487e-01,4.007411189377308e-03,1.989768072962761e-02
1609046936677145311,0,1609046936677145311,-2.774872779846191e+00,1.880148351192474e-01,2.660477876663208e+00,1.401556432247162e-01,-9.900035858154297e-01,3.389781340956688e-03,1.542572770267725e-02
1609046936780194891,0,1609046936780194891,-2.770026206970215e+00,1.205976307392120e-01,2.653445005416870e+00,1.401294469833374e-01,-9.900587797164917e-01,2.980999415740371e-03,1.177236065268517e-02
1609046936882159608,0,1609046936882159608,-2.770795345306396e+00,5.568461865186691e-02,2.639391422271729e+00,1.399942934513092e-01,-9.901005625724792e-01,3.524962114170194e-03,9.496989659965038e-03
1609046936984334243,0,1609046936984334243,-2.771482706069946e+00,-3.809474874287844e-03,2.637291431427002e+00,1.400736272335052e-01,-9.901070594787598e-01,2.037026453763247e-03,7.960577495396137e-03
1609046937086127374,0,1609046937086127374,-2.773057699203491e+00,-6.228725984692574e-02,2.627409696578979e+00,1.400046199560165e-01,-9.901174306869507e-01,-3.925907731172629e-05,8.128488436341286e-03
1609046937192836649,0,1609046937192836649,-2.779631614685059e+00,-1.204628497362137e-01,2.625362634658813e+00,1.399626284837723e-01,-9.901115894317627e-01,-3.148859133943915e-03,8.930901996791363e-03
1609046937285253448,0,1609046937285253448,-2.789711713790894e+00,-1.747873872518539e-01,2.599967479705811e+00,1.400229483842850e-01,-9.900882840156555e-01,-4.489850252866745e-03,9.931692853569984e-03
1609046937397085341,0,1609046937397085341,-2.800771713256836e+00,-2.359223067760468e-01,2.588857889175415e+00,1.398921757936478e-01,-9.900839924812317e-01,-6.800788454711437e-03,1.085096225142479e-02
1609046937503918349,0,1609046937503918349,-2.812352180480957e+00,-2.943411171436310e-01,2.586651325225830e+00,1.397870033979416e-01,-9.900924563407898e-01,-7.847318425774574e-03,1.072547864168882e-02
1609046937605788192,0,1609046937605788192,-2.825446367263794e+00,-3.488652706146240e-01,2.585892200469971e+00,1.398611962795258e-01,-9.900516271591187e-01,-9.971003979444504e-03,1.171627081930637e-02
1609046937697425881,0,1609046937697425881,-2.838360548019409e+00,-3.998599648475647e-01,2.578005790710449e+00,1.398265212774277e-01,-9.900452494621277e-01,-1.067929994314909e-02,1.204388961195946e-02
1609046937774783685,0,1609046937774783685,-2.848951578140259e+00,-4.536075890064240e-01,2.585704803466797e+00,1.399253606796265e-01,-9.900297522544861e-01,-1.085596065968275e-02,1.200802437961102e-02
1609046937876946393,0,1609046937876946393,-2.864303112030029e+00,-5.230552554130554e-01,2.583280086517334e+00,1.399118602275848e-01,-9.900175929069519e-01,-1.125724613666534e-02,1.277116499841213e-02
1609046937979940504,0,1609046937979940504,-2.880404949188232e+00,-5.912218689918518e-01,2.590661287307739e+00,1.401773393154144e-01,-9.899560213088989e-01,-1.358491647988558e-02,1.236551161855459e-02
1609046938088729090,0,1609046938088729090,-2.894083976745605e+00,-6.622776985168457e-01,2.570396184921265e+00,1.399546116590500e-01,-9.900087118148804e-01,-1.181445084512234e-02,1.248781476169825e-02
1609046938179877044,0,1609046938179877044,-2.905643939971924e+00,-7.234544157981873e-01,2.583120346069336e+00,1.401048898696899e-01,-9.899895787239075e-01,-1.219450123608112e-02,1.194394845515490e-02
1609046938292102588,0,1609046938292102588,-2.920704603195190e+00,-7.984481453895569e-01,2.581355571746826e+00,1.400436013936996e-01,-9.900042414665222e-01,-1.012273784726858e-02,1.330511923879385e-02
1609046938393756428,0,1609046938393756428,-2.934091329574585e+00,-8.687015771865845e-01,2.576549053192139e+00,1.403787732124329e-01,-9.899452328681946e-01,-8.027791045606136e-03,1.541919726878405e-02
1609046938490449243,0,1609046938490449243,-2.947291851043701e+00,-9.377030730247498e-01,2.588777542114258e+00,1.403109878301620e-01,-9.898499846458435e-01,-6.707047577947378e-03,2.156203798949718e-02
1609046938597362802,0,1609046938597362802,-2.959204912185669e+00,-1.011851668357849e+00,2.584233999252319e+00,1.404247283935547e-01,-9.896515607833862e-01,-4.964579362422228e-03,2.908883616328239e-02
1609046938704214608,0,1609046938704214608,-2.969790220260620e+00,-1.088881492614746e+00,2.573602676391602e+00,1.405775547027588e-01,-9.894343614578247e-01,-5.393125582486391e-03,3.505036607384682e-02
1609046938805982904,0,1609046938805982904,-2.976958036422729e+00,-1.162070274353027e+00,2.557410001754761e+00,1.403554826974869e-01,-9.892712831497192e-01,-3.858177922666073e-03,4.034747555851936e-02
1609046938872817490,0,1609046938872817490,-2.979075670242310e+00,-1.217553138732910e+00,2.556169509887695e+00,1.401416659355164e-01,-9.891883730888367e-01,-3.937579691410065e-03,4.302538186311722e-02
1609046938979845232,0,1609046938979845232,-2.976570129394531e+00,-1.300504565238953e+00,2.555653095245361e+00,1.402726173400879e-01,-9.890376329421997e-01,-3.065211465582252e-03,4.602991044521332e-02
1609046939086983330,0,1609046939086983330,-2.966877937316895e+00,-1.377458930015564e+00,2.553793430328369e+00,1.402274221181870e-01,-9.889101982116699e-01,-5.547900800593197e-04,4.891432449221611e-02
1609046939185155411,0,1609046939185155411,-2.951952219009399e+00,-1.449445605278015e+00,2.563510894775391e+00,1.398379653692245e-01,-9.888747930526733e-01,-2.137065603164956e-04,5.071514844894409e-02
1609046939290334302,0,1609046939290334302,-2.927018404006958e+00,-1.518008470535278e+00,2.553883552551270e+00,1.400145888328552e-01,-9.887803196907043e-01,1.237878343090415e-03,5.203622207045555e-02
1609046939387048784,0,1609046939387048784,-2.894091844558716e+00,-1.581522583961487e+00,2.529018163681030e+00,1.398458331823349e-01,-9.889230132102966e-01,3.104961477220058e-03,4.964734986424446e-02
1609046939494114123,0,1609046939494114123,-2.856489181518555e+00,-1.649969220161438e+00,2.524477243423462e+00,1.398764252662659e-01,-9.891076087951660e-01,3.275616560131311e-03,4.571678861975670e-02
1609046939597120676,0,1609046939597120676,-2.810089826583862e+00,-1.710221529006958e+00,2.502001047134399e+00,1.394612938165665e-01,-9.892486333847046e-01,3.723136382177472e-03,4.386276006698608e-02
1609046939699691496,0,1609046939699691496,-2.757312536239624e+00,-1.768069267272949e+00,2.483249902725220e+00,1.395840644836426e-01,-9.892547726631165e-01,5.070185754448175e-03,4.319269582629204e-02
1609046939806621169,0,1609046939806621169,-2.697667598724365e+00,-1.824273467063904e+00,2.463979005813599e+00,1.395416557788849e-01,-9.892895221710205e-01,5.439788568764925e-03,4.248241707682610e-02
1609046939904134278,0,1609046939904134278,-2.637408971786499e+00,-1.873171448707581e+00,2.449410200119019e+00,1.394883245229721e-01,-9.893244504928589e-01,6.358082871884108e-03,4.171207547187805e-02
1609046939975591236,0,1609046939975591236,-2.587395906448364e+00,-1.915528774261475e+00,2.438539028167725e+00,1.395282596349716e-01,-9.893384575843811e-01,7.018530275672674e-03,4.113454744219780e-02
1609046940072321613,0,1609046940072321613,-2.515021562576294e+00,-1.968150615692139e+00,2.427467107772827e+00,1.393186450004578e-01,-9.894157648086548e-01,6.278279703110456e-03,4.009041935205460e-02
1609046940179259105,0,1609046940179259105,-2.433144092559814e+00,-2.019259214401245e+00,2.404799699783325e+00,1.395023167133331e-01,-9.893357157707214e-01,8.002077229321003e-03,4.110987856984138e-02
1609046940286828676,0,1609046940286828676,-2.354734182357788e+00,-2.068426370620728e+00,2.399576663970947e+00,1.395662724971771e-01,-9.892476201057434e-01,8.445700630545616e-03,4.288383200764656e-02
1609046940389058202,0,1609046940389058202,-2.276679754257202e+00,-2.111924648284912e+00,2.389245510101318e+00,1.394739896059036e-01,-9.890837669372559e-01,1.003424730151892e-02,4.647235572338104e-02
1609046940490876075,0,1609046940490876075,-2.194875717163086e+00,-2.153157711029053e+00,2.386551141738892e+00,1.391187161207199e-01,-9.890066385269165e-01,1.025141123682261e-02,4.905891045928001e-02
1609046940593093721,0,1609046940593093721,-2.103995323181152e+00,-2.189759731292725e+00,2.379330396652222e+00,1.391753703355789e-01,-9.889226555824280e-01,1.074357889592648e-02,5.046724900603294e-02
1609046940699989344,0,1609046940700004161,-2.007740497589111e+00,-2.224728584289551e+00,2.366098880767822e+00,1.389389783143997e-01,-9.890242815017700e-01,1.082493923604488e-02,4.908917471766472e-02
1609046940801928910,0,1609046940801928910,-1.904160261154175e+00,-2.255535602569580e+00,2.366894006729126e+00,1.388076096773148e-01,-9.892595410346985e-01,9.411131963133812e-03,4.482584819197655e-02
1609046940903722988,0,1609046940903722988,-1.798088908195496e+00,-2.282472372055054e+00,2.349598169326782e+00,1.389433443546295e-01,-9.895221590995789e-01,7.694970816373825e-03,3.848866745829582e-02
1609046941005615135,0,1609046941005615135,-1.686604738235474e+00,-2.302372932434082e+00,2.334852457046509e+00,1.389826089143753e-01,-9.897370934486389e-01,5.402415059506893e-03,3.279082477092743e-02
1609046941082046583,0,1609046941082046583,-1.591712236404419e+00,-2.322278738021851e+00,2.316417694091797e+00,1.389836519956589e-01,-9.899021387100220e-01,5.474403966218233e-03,2.733857370913029e-02
1609046941178992526,0,1609046941178992526,-1.468391180038452e+00,-2.345272302627563e+00,2.311933517456055e+00,1.392524987459183e-01,-9.900035262107849e-01,3.436485538259149e-03,2.213295362889767e-02
1609046941286261820,0,1609046941286261820,-1.340981721878052e+00,-2.367579936981201e+00,2.296406745910645e+00,1.394765079021454e-01,-9.900446534156799e-01,1.889617298729718e-03,1.882281340658665e-02
1609046941388166197,0,1609046941388166197,-1.218044400215149e+00,-2.387450218200684e+00,2.280523300170898e+00,1.397120803594589e-01,-9.900578260421753e-01,2.866095630452037e-03,1.605886407196522e-02
1609046941485232676,0,1609046941485232676,-1.104959487915039e+00,-2.406759023666382e+00,2.262102127075195e+00,1.400059163570404e-01,-9.900292158126831e-01,4.781785421073437e-03,1.475481502711773e-02
1609046941592198516,0,1609046941592198516,-9.870156049728394e-01,-2.430292606353760e+00,2.276854515075684e+00,1.400798708200455e-01,-9.900214672088623e-01,5.148634314537048e-03,1.444015186280012e-02
1609046941693833782,0,1609046941693833782,-8.752508163452148e-01,-2.452943086624146e+00,2.283187389373779e+00,1.401648968458176e-01,-9.900115132331848e-01,4.680484533309937e-03,1.446133479475975e-02
1609046941800812772,0,1609046941800812772,-7.644917964935303e-01,-2.472204685211182e+00,2.273743629455566e+00,1.401833295822144e-01,-9.899846911430359e-01,5.018615629523993e-03,1.592935621738434e-02
1609046941897610532,0,1609046941897610532,-6.633105874061584e-01,-2.491308927536011e+00,2.264580011367798e+00,1.403250247240067e-01,-9.899493455886841e-01,6.095163058489561e-03,1.649125479161739e-02
1609046942000320240,0,1609046942000320240,-5.589079260826111e-01,-2.511268615722656e+00,2.256425142288208e+00,1.403279006481171e-01,-9.899237155914307e-01,8.942573331296444e-03,1.671129092574120e-02
1609046942107077127,0,1609046942107077127,-4.543505012989044e-01,-2.528304815292358e+00,2.257702589035034e+00,1.402761638164520e-01,-9.898794293403625e-01,1.234864164143801e-02,1.757656224071980e-02
1609046942168582956,0,1609046942168582956,-3.822107911109924e-01,-2.538822889328003e+00,2.260320186614990e+00,1.401170641183853e-01,-9.898684620857239e-01,1.389844436198473e-02,1.828836835920811e-02
1609046942276781444,0,1609046942276781444,-2.644438147544861e-01,-2.557745456695557e+00,2.275499105453491e+00,1.403326243162155e-01,-9.897623062133789e-01,1.636765897274017e-02,2.023610286414623e-02
1609046942373625465,0,1609046942373625465,-1.584574580192566e-01,-2.572978019714355e+00,2.289556741714478e+00,1.404421180486679e-01,-9.897022843360901e-01,1.720419526100159e-02,2.166774123907089e-02
1609046942480806578,0,1609046942480806578,-4.588892310857773e-02,-2.580837011337280e+00,2.292001724243164e+00,1.405014395713806e-01,-9.896474480628967e-01,1.753829792141914e-02,2.344859018921852e-02
1609046942580263835,0,1609046942580263835,5.838816985487938e-02,-2.584580421447754e+00,2.289634704589844e+00,1.406591385602951e-01,-9.895754456520081e-01,1.897781901061535e-02,2.440208196640015e-02
1609046942692361038,0,1609046942692361038,1.676169037818909e-01,-2.588430881500244e+00,2.291648387908936e+00,1.402994245290756e-01,-9.895792007446289e-01,1.973760873079300e-02,2.568061277270317e-02
1609046942794511004,0,1609046942794511004,2.675593793392181e-01,-2.584835529327393e+00,2.291589021682739e+00,1.404358148574829e-01,-9.895538687705994e-01,1.980716176331043e-02,2.585760876536369e-02
1609046942896800383,0,1609046942896800383,3.692091405391693e-01,-2.578250885009766e+00,2.281416177749634e+00,1.403687149286270e-01,-9.895860552787781e-01,2.198939397931099e-02,2.307678200304508e-02
1609046942993837372,0,1609046942993837372,4.693484008312225e-01,-2.571822643280029e+00,2.279459953308105e+00,1.400514245033264e-01,-9.896328449249268e-01,2.474466152489185e-02,2.000391669571400e-02
1609046943105756032,0,1609046943105756032,5.795169472694397e-01,-2.556253433227539e+00,2.290337324142456e+00,1.400853544473648e-01,-9.895623922348022e-01,3.045521862804890e-02,1.465789601206779e-02
1609046943199166907,0,1609046943199166907,6.746998429298401e-01,-2.537546634674072e+00,2.290838003158569e+00,1.398193389177322e-01,-9.895169734954834e-01,3.416918963193893e-02,1.180009730160236e-02
1609046943275654473,0,1609046943275654473,7.554856538772583e-01,-2.518430709838867e+00,2.294459581375122e+00,1.399661451578140e-01,-9.894930124282837e-01,3.485895693302155e-02,9.899446740746498e-03
1609046943372360009,0,1609046943372360009,8.576268553733826e-01,-2.493861913681030e+00,2.307372808456421e+00,1.397294253110886e-01,-9.895141720771790e-01,3.543505817651749e-02,9.039976634085178e-03
1609046943479744321,0,1609046943479744321,9.648632407188416e-01,-2.455695867538452e+00,2.304265499114990e+00,1.397732645273209e-01,-9.895877242088318e-01,3.300923481583595e-02,9.493627585470676e-03
1609046943586656223,0,1609046943586656223,1.063578009605408e+00,-2.408157348632812e+00,2.285781145095825e+00,1.398687213659286e-01,-9.895860552787781e-01,3.271431475877762e-02,9.277430362999439e-03
1609046943688481098,0,1609046943688481098,1.152691960334778e+00,-2.358088016510010e+00,2.267625331878662e+00,1.395858079195023e-01,-9.895791411399841e-01,3.438750281929970e-02,8.152903988957405e-03
1609046943790466404,0,1609046943790466404,1.234319448471069e+00,-2.301588535308838e+00,2.266576528549194e+00,1.396917402744293e-01,-9.895597100257874e-01,3.469938039779663e-02,7.345886901021004e-03
1609046943892950498,0,1609046943892950498,1.309926986694336e+00,-2.245261907577515e+00,2.271264791488647e+00,1.395057588815689e-01,-9.895037412643433e-01,3.702632710337639e-02,7.043937221169472e-03
1609046943999947052,0,1609046943999947052,1.383299827575684e+00,-2.179962396621704e+00,2.270297527313232e+00,1.393215954303741e-01,-9.895015954971313e-01,3.790766000747681e-02,6.259678397327662e-03
1609046944102111506,0,1609046944102111506,1.450315713882446e+00,-2.110197305679321e+00,2.271897077560425e+00,1.394537687301636e-01,-9.895196557044983e-01,3.708977252244949e-02,5.297146271914244e-03
1609046944203941734,0,1609046944203941734,1.515823841094971e+00,-2.036062717437744e+00,2.288468122482300e+00,1.395824253559113e-01,-9.897058010101318e-01,3.101346082985401e-02,6.113008596003056e-03
1609046944306081112,0,1609046944306081112,1.580293893814087e+00,-1.956594109535217e+00,2.292670488357544e+00,1.394768208265305e-01,-9.898481965065002e-01,2.585908770561218e-02,8.840229362249374e-03
1609046944383222964,0,1609046944383222964,1.631151199340820e+00,-1.884801864624023e+00,2.275189638137817e+00,1.394148916006088e-01,-9.899166226387024e-01,2.269916981458664e-02,1.064948365092278e-02
1609046944481100425,0,1609046944481100425,1.692359089851379e+00,-1.787994742393494e+00,2.261985540390015e+00,1.395659595727921e-01,-9.899757504463196e-01,1.826208829879761e-02,1.165630761533976e-02
1609046944577941945,0,1609046944577941945,1.754266381263733e+00,-1.692528843879700e+00,2.260169029235840e+00,1.394198834896088e-01,-9.900600314140320e-01,1.524762064218521e-02,1.052420213818550e-02
1609046944680754239,0,1609046944680754239,1.813383698463440e+00,-1.588873386383057e+00,2.237407207489014e+00,1.393772512674332e-01,-9.900176525115967e-01,1.936059072613716e-02,8.021123707294464e-03
1609046944792948738,0,1609046944792948738,1.867787361145020e+00,-1.486897826194763e+00,2.246671199798584e+00,1.392888724803925e-01,-9.899699091911316e-01,2.279546298086643e-02,6.208229809999466e-03
1609046944894887278,0,1609046944894887278,1.916008234024048e+00,-1.395591616630554e+00,2.250566720962524e+00,1.394145339727402e-01,-9.898487329483032e-01,2.722670696675777e-02,4.661438520997763e-03
1609046944996794482,0,1609046944996794482,1.960404276847839e+00,-1.302952170372009e+00,2.251066207885742e+00,1.393460184335709e-01,-9.897636175155640e-01,3.063859790563583e-02,3.481944091618061e-03
1609046945088602271,0,1609046945088602271,2.000036001205444e+00,-1.210055589675903e+00,2.250527620315552e+00,1.394300162792206e-01,-9.896897077560425e-01,3.266829252243042e-02,2.533519873395562e-03
1609046945200783572,0,1609046945200783572,2.045773983001709e+00,-1.099992394447327e+00,2.245936632156372e+00,1.395540833473206e-01,-9.896561503410339e-01,3.318103030323982e-02,2.133088419213891e-03
1609046945297487631,0,1609046945297487631,2.080381631851196e+00,-9.964096546173096e-01,2.228754997253418e+00,1.393904238939285e-01,-9.896912574768066e-01,3.288074955344200e-02,6.829170743003488e-04
1609046945399281012,0,1609046945399281012,2.111710309982300e+00,-8.844621777534485e-01,2.216962814331055e+00,1.393792331218719e-01,-9.897501468658447e-01,3.094118647277355e-02,-3.291194792836905e-03
1609046945475690313,0,1609046945475690313,2.135162353515625e+00,-7.879285812377930e-01,2.210152387619019e+00,1.393961012363434e-01,-9.897997975349426e-01,2.830864675343037e-02,-7.989284582436085e-03
1609046945584122990,0,1609046945584122990,2.160444974899292e+00,-6.523010730743408e-01,2.188981771469116e+00,1.392279267311096e-01,-9.899001717567444e-01,2.399071492254734e-02,-1.173709332942963e-02
1609046945681082701,0,1609046945681082701,2.182464599609375e+00,-5.255107879638672e-01,2.172452211380005e+00,1.391522437334061e-01,-9.899203777313232e-01,2.163638547062874e-02,-1.504031848162413e-02
1609046945782879723,0,1609046945782879723,2.195221662521362e+00,-3.964650630950928e-01,2.158083200454712e+00,1.391330659389496e-01,-9.899593591690063e-01,1.868187449872494e-02,-1.654032245278358e-02
1609046945879620230,0,1609046945879620230,2.202890157699585e+00,-2.706070244312286e-01,2.152030467987061e+00,1.393130719661713e-01,-9.899529218673706e-01,1.674953289330006e-02,-1.745424047112465e-02
1609046945991947177,0,1609046945991947177,2.200798273086548e+00,-1.302667707204819e-01,2.147814989089966e+00,1.393941193819046e-01,-9.899887442588806e-01,1.387602090835571e-02,-1.729346439242363e-02
1609046946093736921,0,1609046946093736921,2.188045024871826e+00,-5.564307793974876e-03,2.165032863616943e+00,1.394221782684326e-01,-9.901202321052551e-01,7.843215949833393e-03,-1.272621285170317e-02
1609046946190712721,0,1609046946190712721,2.173158407211304e+00,1.163595840334892e-01,2.148632526397705e+00,1.395060122013092e-01,-9.901587963104248e-01,3.195444587618113e-03,-1.065905857831240e-02
1609046946302896790,0,1609046946302896790,2.153047800064087e+00,2.450772523880005e-01,2.139588356018066e+00,1.401602923870087e-01,-9.901025295257568e-01,-2.698319498449564e-03,-6.699728313833475e-03
1609046946404794300,0,1609046946404794300,2.125458955764771e+00,3.571764826774597e-01,2.141401052474976e+00,1.401144564151764e-01,-9.900876879692078e-01,-8.865217678248882e-03,-3.956922795623541e-03
1609046946501570697,0,1609046946501570697,2.094959974288940e+00,4.693594574928284e-01,2.141645669937134e+00,1.405691951513290e-01,-9.899253249168396e-01,-1.696720719337463e-02,-6.484392215497792e-04
1609046946573266659,0,1609046946573266659,2.066464662551880e+00,5.585128664970398e-01,2.137303590774536e+00,1.406632959842682e-01,-9.898050427436829e-01,-2.234369330108166e-02,8.059531101025641e-04
1609046946670067862,0,1609046946670067862,2.032044172286987e+00,6.753928065299988e-01,2.131089448928833e+00,1.409264206886292e-01,-9.895864129066467e-01,-2.918160893023014e-02,2.635274082422256e-03
1609046946778147329,0,1609046946778147329,1.997719526290894e+00,7.872048616409302e-01,2.132472276687622e+00,1.412791907787323e-01,-9.892776012420654e-01,-3.668116033077240e-02,4.955846350640059e-03
1609046946881090441,0,1609046946881090441,1.963578701019287e+00,8.837656378746033e-01,2.126040935516357e+00,1.412625312805176e-01,-9.890856742858887e-01,-4.148633405566216e-02,5.772287491708994e-03
1609046946987848540,0,1609046946987848540,1.931750416755676e+00,9.655600786209106e-01,2.135077953338623e+00,1.414887458086014e-01,-9.888736009597778e-01,-4.562911018729210e-02,5.279943812638521e-03
1609046947089740707,0,1609046947089740707,1.902869224548340e+00,1.033847689628601e+00,2.141813993453979e+00,1.414862126111984e-01,-9.887470602989197e-01,-4.842650890350342e-02,3.999980632215738e-03
1609046947196613519,0,1609046947196613519,1.874486804008484e+00,1.093491792678833e+00,2.148734569549561e+00,1.414654701948166e-01,-9.887288212776184e-01,-4.896185919642448e-02,2.397753763943911e-03
1609046947298630941,0,1609046947298630941,1.846983075141907e+00,1.135640740394592e+00,2.160592794418335e+00,1.415747404098511e-01,-9.887058734893799e-01,-4.915860667824745e-02,9.402339928783476e-04
1609046947400457561,0,1609046947400457561,1.818377971649170e+00,1.168279170989990e+00,2.173635005950928e+00,1.416979283094406e-01,-9.886896610260010e-01,-4.913630336523056e-02,-4.549945006147027e-04
1609046947502259256,0,1609046947502259256,1.789793014526367e+00,1.188268780708313e+00,2.180125474929810e+00,1.414960771799088e-01,-9.887485504150391e-01,-4.848814755678177e-02,-2.012625569477677e-03
1609046947604041566,0,1609046947604041566,1.762214303016663e+00,1.194455385208130e+00,2.196563959121704e+00,1.416168063879013e-01,-9.887375235557556e-01,-4.828103631734848e-02,-3.445067908614874e-03
1609046947680334082,0,1609046947680334082,1.735597968101501e+00,1.193918943405151e+00,2.197748899459839e+00,1.412676870822906e-01,-9.888588190078735e-01,-4.668961465358734e-02,-4.673395771533251e-03
1609046947782123069,0,1609046947782123069,1.700893402099609e+00,1.181141853332520e+00,2.203013896942139e+00,1.412402391433716e-01,-9.889775514602661e-01,-4.400823637843132e-02,-6.162187550216913e-03
1609046947878752305,0,1609046947878752305,1.667538642883301e+00,1.160001397132874e+00,2.206033945083618e+00,1.412816345691681e-01,-9.891471862792969e-01,-3.943550214171410e-02,-8.496565744280815e-03
1609046947975443174,0,1609046947975443174,1.630621314048767e+00,1.133270263671875e+00,2.208567142486572e+00,1.411541998386383e-01,-9.894170761108398e-01,-3.193307667970657e-02,-1.047863345593214e-02
1609046948087506897,0,1609046948087506897,1.584562063217163e+00,1.090578913688660e+00,2.238469839096069e+00,1.410138905048370e-01,-9.895923137664795e-01,-2.484810166060925e-02,-1.431079953908920e-02
1609046948194328041,0,1609046948194328041,1.538629174232483e+00,1.043088674545288e+00,2.245436906814575e+00,1.406438350677490e-01,-9.897280931472778e-01,-1.807725243270397e-02,-1.819336414337158e-02
1609046948291110134,0,1609046948291110134,1.491027712821960e+00,9.945666790008545e-01,2.259395360946655e+00,1.405990719795227e-01,-9.897408485412598e-01,-1.237854082137346e-02,-2.217976376414299e-02
1609046948387785773,0,1609046948387785773,1.434998631477356e+00,9.433657526969910e-01,2.260881900787354e+00,1.405926197767258e-01,-9.897173047065735e-01,-7.717820815742016e-03,-2.517792023718357e-02
1609046948504781501,0,1609046948504781501,1.367468237876892e+00,8.825571537017822e-01,2.261178016662598e+00,1.404955685138702e-01,-9.896879792213440e-01,-4.065664950758219e-03,-2.761064097285271e-02
1609046948601595435,0,1609046948601595435,1.303582787513733e+00,8.321819901466370e-01,2.268741846084595e+00,1.408733725547791e-01,-9.896255731582642e-01,-2.928061410784721e-03,-2.806005254387856e-02
1609046948703440024,0,1609046948703440024,1.229264855384827e+00,7.767997384071350e-01,2.258630275726318e+00,1.405931115150452e-01,-9.896732568740845e-01,-9.675791370682418e-04,-2.792264707386494e-02
1609046948780497727,0,1609046948780497727,1.162177562713623e+00,7.297819852828979e-01,2.257361173629761e+00,1.406530141830444e-01,-9.896435141563416e-01,2.889690920710564e-03,-2.853051014244556e-02
1609046948877953218,0,1609046948877953218,1.062342643737793e+00,6.680384278297424e-01,2.253671646118164e+00,1.403616368770599e-01,-9.897275567054749e-01,6.097841542214155e-03,-2.647286094725132e-02
1609046948974646035,0,1609046948974646035,9.585024714469910e-01,6.076810359954834e-01,2.264042615890503e+00,1.405186504125595e-01,-9.897245764732361e-01,1.025902759283781e-02,-2.438529394567013e-02
1609046949086634755,0,1609046949086634755,8.407661914825439e-01,5.451079607009888e-01,2.268710374832153e+00,1.403521299362183e-01,-9.897398352622986e-01,1.672745682299137e-02,-2.089559659361839e-02
1609046949189196871,0,1609046949189196871,7.256662249565125e-01,4.908782839775085e-01,2.278570652008057e+00,1.403537392616272e-01,-9.897021055221558e-01,2.153506316244602e-02,-1.807782799005508e-02
1609046949291000309,0,1609046949291000309,6.035220026969910e-01,4.412581026554108e-01,2.326351165771484e+00,1.403782367706299e-01,-9.897531270980835e-01,2.125491574406624e-02,-1.519456598907709e-02
1609046949392862616,0,1609046949392862616,4.790071547031403e-01,3.924288451671600e-01,2.324676990509033e+00,1.404980719089508e-01,-9.897991418838501e-01,1.941743306815624e-02,-1.345325075089931e-02
1609046949495251398,0,1609046949495251398,3.457772135734558e-01,3.475589454174042e-01,2.333058118820190e+00,1.408686786890030e-01,-9.899106025695801e-01,1.305364072322845e-02,-7.921464741230011e-03
1609046949602220667,0,1609046949602220667,2.116665989160538e-01,3.021635711193085e-01,2.302875280380249e+00,1.406063884496689e-01,-9.899858236312866e-01,1.113808713853359e-02,-5.822887644171715e-03
1609046949704186774,0,1609046949704186774,8.454490453004837e-02,2.660315632820129e-01,2.307008981704712e+00,1.407140791416168e-01,-9.899889230728149e-01,9.448789991438389e-03,-5.665949545800686e-03
1609046949807020163,0,1609046949807020163,-5.089024454355240e-02,2.341032326221466e-01,2.306634426116943e+00,1.404929608106613e-01,-9.900003671646118e-01,1.119890250265598e-02,-5.957832094281912e-03
1609046949874358410,0,1609046949874358410,-1.573602557182312e-01,2.102778553962708e-01,2.317177057266235e+00,1.404744982719421e-01,-9.899493455886841e-01,1.450094114989042e-02,-7.538483478128910e-03
1609046949976124575,0,1609046949976124575,-3.175428211688995e-01,1.753172725439072e-01,2.338392257690430e+00,1.403288394212723e-01,-9.898582696914673e-01,2.022400125861168e-02,-8.912081830203533e-03
1609046950083088145,0,1609046950083088145,-4.742457270622253e-01,1.482162028551102e-01,2.361727714538574e+00,1.401992291212082e-01,-9.896857738494873e-01,2.706552669405937e-02,-1.156566850841045e-02
1609046950184883085,0,1609046950184883085,-6.250902414321899e-01,1.203749030828476e-01,2.369486570358276e+00,1.402124613523483e-01,-9.894479513168335e-01,3.408414870500565e-02,-1.309692114591599e-02
1609046950287611148,0,1609046950287611148,-7.838296294212341e-01,9.806735813617706e-02,2.416212558746338e+00,1.401949822902679e-01,-9.893800616264343e-01,3.604191541671753e-02,-1.317942049354315e-02
1609046950389529573,0,1609046950389529573,-9.431239962577820e-01,8.362773805856705e-02,2.440848112106323e+00,1.405784934759140e-01,-9.894461631774902e-01,3.338798135519028e-02,-1.092572789639235e-02
1609046950492082770,0,1609046950492082770,-1.106683850288391e+00,7.637982070446014e-02,2.449551820755005e+00,1.409274041652679e-01,-9.896754026412964e-01,2.565255016088486e-02,-4.911176394671202e-03
1609046950594136275,0,1609046950594136275,-1.265054941177368e+00,6.947599351406097e-02,2.396024942398071e+00,1.410717964172363e-01,-9.897326827049255e-01,2.297328226268291e-02,5.008859443478286e-04
1609046950690884614,0,1609046950690884614,-1.425096511840820e+00,7.056692242622375e-02,2.388456344604492e+00,1.412882804870605e-01,-9.897956252098083e-01,1.763069815933704e-02,5.608654115349054e-03
1609046950803848897,0,1609046950803848897,-1.602123022079468e+00,7.674263417720795e-02,2.396510362625122e+00,1.411241143941879e-01,-9.898481369018555e-01,1.472244039177895e-02,8.249896578490734e-03
1609046950905693773,0,1609046950905693773,-1.764932751655579e+00,8.569676429033279e-02,2.406482696533203e+00,1.415724009275436e-01,-9.898106455802917e-01,1.110384892672300e-02,1.043400447815657e-02
1609046950977299480,0,1609046950977299480,-1.892775893211365e+00,9.510407596826553e-02,2.408825397491455e+00,1.416931003332138e-01,-9.897898435592651e-01,1.029724534600973e-02,1.154065132141113e-02
1609046951080160303,0,1609046951080160303,-2.073433160781860e+00,1.105964556336403e-01,2.418249607086182e+00,1.417376250028610e-01,-9.897449612617493e-01,1.037775911390781e-02,1.441483944654465e-02
1609046951182142206,0,1609046951182142206,-2.244316816329956e+00,1.259446889162064e-01,2.418876409530640e+00,1.418204456567764e-01,-9.896681308746338e-01,1.095316652208567e-02,1.800080202519894e-02
1609046951284549089,0,1609046951284549089,-2.410492181777954e+00,1.438806802034378e-01,2.418080806732178e+00,1.419545263051987e-01,-9.895218610763550e-01,1.151677127927542e-02,2.372681722044945e-02
1609046951391571328,0,1609046951391571328,-2.572136878967285e+00,1.652234345674515e-01,2.419982433319092e+00,1.415507793426514e-01,-9.892810583114624e-01,1.345811225473881e-02,3.324807062745094e-02
1609046951493538191,0,1609046951493538191,-2.722438573837280e+00,1.849716901779175e-01,2.434983015060425e+00,1.416749656200409e-01,-9.886468648910522e-01,1.648321002721786e-02,4.726414382457733e-02
1609046951595721205,0,1609046951595721205,-2.865416288375854e+00,2.100162953138351e-01,2.446394443511963e+00,1.414473801851273e-01,-9.875348806381226e-01,1.757448166608810e-02,6.677266955375671e-02
1609046951694360919,0,1609046951694360919,-2.993934392929077e+00,2.387533336877823e-01,2.459306240081787e+00,1.414770931005478e-01,-9.863877296447754e-01,1.943096332252026e-02,8.152331411838531e-02
1609046951801401963,0,1609046951801401963,-3.121288537979126e+00,2.730948030948639e-01,2.469960927963257e+00,1.412216275930405e-01,-9.851292371749878e-01,2.214403077960014e-02,9.532339870929718e-02
1609046951908587998,0,1609046951908587998,-3.229580879211426e+00,3.117938935756683e-01,2.482729673385620e+00,1.410193592309952e-01,-9.847332835197449e-01,2.303479611873627e-02,9.941495209932327e-02
1609046952006435905,0,1609046952006435905,-3.312431812286377e+00,3.544748127460480e-01,2.491557121276855e+00,1.408871561288834e-01,-9.847131967544556e-01,2.449557371437550e-02,9.945242106914520e-02
1609046952075146027,0,1609046952075146027,-3.366014480590820e+00,3.981438279151917e-01,2.493648767471313e+00,1.408514380455017e-01,-9.852199554443359e-01,2.388972602784634e-02,9.450808167457581e-02
1609046952178073775,0,1609046952178073775,-3.423257827758789e+00,4.657434821128845e-01,2.492500305175781e+00,1.405823677778244e-01,-9.859705567359924e-01,2.603483013808727e-02,8.614466339349747e-02
1609046952274950428,0,1609046952274950428,-3.455986261367798e+00,5.380721092224121e-01,2.499097347259521e+00,1.407882720232010e-01,-9.866759777069092e-01,2.442740276455879e-02,7.779882848262787e-02
1609046952376548978,0,1609046952376548978,-3.467813730239868e+00,6.223080754280090e-01,2.492756128311157e+00,1.408716440200806e-01,-9.871921539306641e-01,2.415955625474453e-02,7.087402790784836e-02
1609046952483312566,0,1609046952483312566,-3.467544317245483e+00,7.133175730705261e-01,2.490116834640503e+00,1.409076750278473e-01,-9.875168204307556e-01,2.342369966208935e-02,6.638489663600922e-02
1609046952585757286,0,1609046952585757286,-3.455931425094604e+00,8.037416338920593e-01,2.482607126235962e+00,1.406460404396057e-01,-9.876899123191833e-01,2.271646633744240e-02,6.458687782287598e-02
1609046952692713976,0,1609046952692713976,-3.435895919799805e+00,9.015989303588867e-01,2.482743978500366e+00,1.407266259193420e-01,-9.878668189048767e-01,2.113092876970768e-02,6.219879537820816e-02
1609046952795593210,0,1609046952795593210,-3.406861543655396e+00,9.990510344505310e-01,2.476299524307251e+00,1.406874656677246e-01,-9.882305264472961e-01,1.986716315150261e-02,5.668237805366516e-02
1609046952902553214,0,1609046952902553214,-3.372092485427856e+00,1.101330399513245e+00,2.482815265655518e+00,1.405543684959412e-01,-9.887337684631348e-01,1.738455332815647e-02,4.845382273197174e-02
1609046952999250820,0,1609046952999250820,-3.337661027908325e+00,1.203706383705139e+00,2.478056192398071e+00,1.403904855251312e-01,-9.890519976615906e-01,1.625889353454113e-02,4.245517030358315e-02
1609046953106214659,0,1609046953106214659,-3.293390274047852e+00,1.316965699195862e+00,2.479417324066162e+00,1.402878463268280e-01,-9.893523454666138e-01,1.502378005534410e-02,3.571625798940659e-02
1609046953179612269,0,1609046953179612269,-3.255145072937012e+00,1.407744169235229e+00,2.476343154907227e+00,1.399242728948593e-01,-9.895687699317932e-01,1.403785869479179e-02,3.127057477831841e-02
1609046953277876001,0,1609046953277876001,-3.199657440185547e+00,1.531999588012695e+00,2.472166299819946e+00,1.400596648454666e-01,-9.897233247756958e-01,1.278686895966530e-02,2.583581767976284e-02
1609046953379769759,0,1609046953379769759,-3.140022039413452e+00,1.656280279159546e+00,2.471111059188843e+00,1.399215757846832e-01,-9.898109436035156e-01,1.434766873717308e-02,2.214392833411694e-02
1609046953476564065,0,1609046953476564065,-3.087229251861572e+00,1.775350213050842e+00,2.475668668746948e+00,1.397641301155090e-01,-9.898613095283508e-01,1.526355743408203e-02,2.019103989005089e-02
1609046953588694710,0,1609046953588694710,-3.030950069427490e+00,1.906572580337524e+00,2.485462903976440e+00,1.399364322423935e-01,-9.898177981376648e-01,1.563407480716705e-02,2.083903923630714e-02
1609046953690705218,0,1609046953690705218,-2.983900785446167e+00,2.025283336639404e+00,2.494643211364746e+00,1.398856788873672e-01,-9.897607564926147e-01,1.510449498891830e-02,2.403354831039906e-02
1609046953797532619,0,1609046953797532619,-2.934403896331787e+00,2.148760318756104e+00,2.473417043685913e+00,1.397035717964172e-01,-9.896371364593506e-01,1.569933071732521e-02,2.923682704567909e-02
1609046953899815520,0,1609046953899815520,-2.882626295089722e+00,2.269788503646851e+00,2.474572896957397e+00,1.398075222969055e-01,-9.895322322845459e-01,1.518687140196562e-02,3.239114210009575e-02
1609046953996588753,0,1609046953996588753,-2.830411195755005e+00,2.390713214874268e+00,2.495639085769653e+00,1.396664977073669e-01,-9.894729852676392e-01,1.415330078452826e-02,3.515843302011490e-02
1609046954103474749,0,1609046954103474749,-2.771488666534424e+00,2.522923231124878e+00,2.509627342224121e+00,1.393910050392151e-01,-9.894543290138245e-01,1.368823274970055e-02,3.691699355840683e-02
1609046954205268788,0,1609046954205268788,-2.712960958480835e+00,2.650374412536621e+00,2.523319721221924e+00,1.394194066524506e-01,-9.893600344657898e-01,1.340184174478054e-02,3.936237841844559e-02
1609046954276942433,0,1609046954276942433,-2.661675691604614e+00,2.755939483642578e+00,2.529155015945435e+00,1.393253505229950e-01,-9.893269538879395e-01,1.267565134912729e-02,4.074271023273468e-02
1609046954378782368,0,1609046954378782368,-2.587246894836426e+00,2.906480789184570e+00,2.529656171798706e+00,1.392596662044525e-01,-9.892614483833313e-01,1.183319557458162e-02,4.276145994663239e-02
1609046954480610047,0,1609046954480627944,-2.508572578430176e+00,3.058673381805420e+00,2.551501512527466e+00,1.392303705215454e-01,-9.890487194061279e-01,7.919103838503361e-03,4.831921309232712e-02
1609046954582610394,0,1609046954582610394,-2.428259372711182e+00,3.203419446945190e+00,2.551176071166992e+00,1.392008364200592e-01,-9.888737201690674e-01,2.133701462298632e-03,5.241597816348076e-02
1609046954689578958,0,1609046954689578958,-2.334018468856812e+00,3.351841211318970e+00,2.534642696380615e+00,1.389248967170715e-01,-9.886068105697632e-01,-4.281121306121349e-03,5.777674168348312e-02
1609046954791607058,0,1609046954791607058,-2.243540763854980e+00,3.490527868270874e+00,2.563296079635620e+00,1.388309150934219e-01,-9.882677793502808e-01,-1.754733361303806e-02,6.119616702198982e-02
1609046954898481442,0,1609046954898481442,-2.140212774276733e+00,3.632503509521484e+00,2.551253557205200e+00,1.386783421039581e-01,-9.878721237182617e-01,-3.139603510499001e-02,6.238123029470444e-02
1609046954995187948,0,1609046954995187948,-2.033784866333008e+00,3.759163856506348e+00,2.533028364181519e+00,1.383232474327087e-01,-9.874585866928101e-01,-4.353529214859009e-02,6.242454797029495e-02
1609046955102156345,0,1609046955102156345,-1.908564567565918e+00,3.892625808715820e+00,2.506503343582153e+00,1.379285752773285e-01,-9.871606826782227e-01,-5.410445109009743e-02,5.968584120273590e-02
1609046955203973359,0,1609046955203973359,-1.777640700340271e+00,4.008797645568848e+00,2.479060649871826e+00,1.375521272420883e-01,-9.871020913124084e-01,-6.098165735602379e-02,5.468200519680977e-02
1609046955306009670,0,1609046955306009670,-1.636667013168335e+00,4.116038322448730e+00,2.464396715164185e+00,1.372608095407486e-01,-9.872050285339355e-01,-6.480389088392258e-02,4.884999245405197e-02
1609046955372313090,0,1609046955372313090,-1.522461175918579e+00,4.185092449188232e+00,2.466161012649536e+00,1.372469514608383e-01,-9.872467517852783e-01,-6.799382716417313e-02,4.340510815382004e-02
1609046955479611915,0,1609046955479611915,-1.340477943420410e+00,4.273287296295166e+00,2.470644950866699e+00,1.370926797389984e-01,-9.871730208396912e-01,-7.237464189529419e-02,3.816877678036690e-02
1609046955581591381,0,1609046955581591381,-1.162264585494995e+00,4.338517189025879e+00,2.446099042892456e+00,1.370133310556412e-01,-9.872313141822815e-01,-7.378169149160385e-02,3.402927145361900e-02
1609046955683715735,0,1609046955683715735,-9.850302338600159e-01,4.386910438537598e+00,2.415750265121460e+00,1.372449398040771e-01,-9.874605536460876e-01,-7.152959704399109e-02,3.113045915961266e-02
1609046955788068600,0,1609046955788068600,-8.065734505653381e-01,4.415609359741211e+00,2.393023967742920e+00,1.373844146728516e-01,-9.878612756729126e-01,-6.777703762054443e-02,2.572905644774437e-02
1609046955889821414,0,1609046955889821414,-6.272349953651428e-01,4.421171665191650e+00,2.389443397521973e+00,1.377279013395309e-01,-9.882192611694336e-01,-6.356157362461090e-02,2.034089341759682e-02
1609046955986649026,0,1609046955986649026,-4.560867249965668e-01,4.415420532226562e+00,2.374773740768433e+00,1.378517746925354e-01,-9.886323213577271e-01,-5.828319862484932e-02,1.436324417591095e-02
1609046956099072455,0,1609046956099072455,-2.644255459308624e-01,4.398172378540039e+00,2.366364479064941e+00,1.379331201314926e-01,-9.889879226684570e-01,-5.320419743657112e-02,6.836162880063057e-03
1609046956195927729,0,1609046956195927729,-9.679894894361496e-02,4.370141506195068e+00,2.347161531448364e+00,1.382031589746475e-01,-9.892500042915344e-01,-4.778446257114410e-02,-1.020190422423184e-03
1609046956299252426,0,1609046956299252426,7.753512263298035e-02,4.330471515655518e+00,2.330642700195312e+00,1.381632536649704e-01,-9.895386099815369e-01,-4.065244272351265e-02,-8.471655659377575e-03
1609046956406412764,0,1609046956406428599,2.560276687145233e-01,4.277331352233887e+00,2.321296930313110e+00,1.382962018251419e-01,-9.896120429039001e-01,-3.654923662543297e-02,-1.436493080109358e-02
1609046956477819634,0,1609046956477819634,3.845165371894836e-01,4.236545562744141e+00,2.303158760070801e+00,1.385361105203629e-01,-9.896488785743713e-01,-3.300466760993004e-02,-1.770816929638386e-02
1609046956580241588,0,1609046956580241588,5.549994111061096e-01,4.171988010406494e+00,2.294863700866699e+00,1.385580599308014e-01,-9.896857738494873e-01,-2.910997904837132e-02,-2.182317525148392e-02
1609046956682366578,0,1609046956682366578,7.120119333267212e-01,4.104764938354492e+00,2.286148548126221e+00,1.389585882425308e-01,-9.896537065505981e-01,-2.636020444333553e-02,-2.410989627242088e-02
1609046956784582791,0,1609046956784582791,8.584177494049072e-01,4.030939579010010e+00,2.270248174667358e+00,1.389510631561279e-01,-9.896939396858215e-01,-2.371936663985252e-02,-2.522067911922932e-02
1609046956891852513,0,1609046956891852513,9.958734512329102e-01,3.952213525772095e+00,2.265124559402466e+00,1.391644030809402e-01,-9.896140098571777e-01,-2.266954071819782e-02,-2.799248695373535e-02
1609046956993696201,0,1609046956993696201,1.117860198020935e+00,3.871612787246704e+00,2.253362655639648e+00,1.389742493629456e-01,-9.894902706146240e-01,-2.167034707963467e-02,-3.355084732174873e-02
1609046957095533810,0,1609046957095533810,1.225385546684265e+00,3.786656856536865e+00,2.252114772796631e+00,1.391891688108444e-01,-9.892783761024475e-01,-1.967638917267323e-02,-3.959288448095322e-02
1609046957197503478,0,1609046957197503478,1.321081399917603e+00,3.697096109390259e+00,2.219731807708740e+00,1.389261037111282e-01,-9.891759753227234e-01,-1.807974837720394e-02,-4.362954944372177e-02
1609046957300558645,0,1609046957300558645,1.411816716194153e+00,3.606204032897949e+00,2.222312211990356e+00,1.391528695821762e-01,-9.889943599700928e-01,-1.668364182114601e-02,-4.741728678345680e-02
1609046957402867537,0,1609046957402867537,1.488041400909424e+00,3.510087490081787e+00,2.220588684082031e+00,1.391583234071732e-01,-9.890005588531494e-01,-1.533092092722654e-02,-4.772806912660599e-02
1609046957504720813,0,1609046957504720813,1.552862763404846e+00,3.409622669219971e+00,2.223830461502075e+00,1.396111249923706e-01,-9.890471100807190e-01,-1.449770014733076e-02,-4.565412923693657e-02
1609046957581271444,0,1609046957581271444,1.598409891128540e+00,3.321725845336914e+00,2.222054719924927e+00,1.397496759891510e-01,-9.892578125000000e-01,-1.312540471553802e-02,-4.082656651735306e-02
1609046957678593508,0,1609046957678593508,1.644095540046692e+00,3.204157590866089e+00,2.232275009155273e+00,1.402277648448944e-01,-9.894680380821228e-01,-1.150227990001440e-02,-3.401420265436172e-02
1609046957780564014,0,1609046957780564014,1.680778980255127e+00,3.082062244415283e+00,2.236183881759644e+00,1.408822536468506e-01,-9.896084666252136e-01,-1.040167734026909e-02,-2.681682445108891e-02
1609046957888335661,0,1609046957888335661,1.700169444084167e+00,2.955581903457642e+00,2.227038860321045e+00,1.410900056362152e-01,-9.897342920303345e-01,-9.225199930369854e-03,-2.084716223180294e-02
1609046957985241814,0,1609046957985241814,1.716761946678162e+00,2.839085578918457e+00,2.247183561325073e+00,1.413643658161163e-01,-9.897357821464539e-01,-8.630760945379734e-03,-1.910210214555264e-02
1609046958082048302,0,1609046958082048302,1.724262475967407e+00,2.720568418502808e+00,2.245266675949097e+00,1.416093409061432e-01,-9.896900653839111e-01,-8.305568248033524e-03,-1.978165470063686e-02
1609046958194476868,0,1609046958194476868,1.721485495567322e+00,2.587139368057251e+00,2.255210399627686e+00,1.417695581912994e-01,-9.895877242088318e-01,-9.386983700096607e-03,-2.300988510251045e-02
1609046958293777451,0,1609046958293777451,1.711965799331665e+00,2.470125198364258e+00,2.249478340148926e+00,1.417965590953827e-01,-9.895681142807007e-01,-8.152041584253311e-03,-2.413138747215271e-02
1609046958400754525,0,1609046958400754525,1.701550483703613e+00,2.345508813858032e+00,2.253983259201050e+00,1.420734375715256e-01,-9.894930124282837e-01,-8.852098137140274e-03,-2.530687488615513e-02
1609046958507932765,0,1609046958507932765,1.688079476356506e+00,2.223307609558105e+00,2.248274326324463e+00,1.423489004373550e-01,-9.894292354583740e-01,-8.447491563856602e-03,-2.636886201798916e-02
1609046958604725748,0,1609046958604725748,1.666721343994141e+00,2.105895519256592e+00,2.255312204360962e+00,1.424016803503036e-01,-9.893172383308411e-01,-9.345704689621925e-03,-2.976118400692940e-02
1609046958676202223,0,1609046958676202223,1.644616127014160e+00,2.005849361419678e+00,2.259441375732422e+00,1.426977366209030e-01,-9.891846776008606e-01,-9.347779676318169e-03,-3.261380270123482e-02
1609046958769011007,0,1609046958769011007,1.604539155960083e+00,1.868310928344727e+00,2.247804403305054e+00,1.425584405660629e-01,-9.891759753227234e-01,-9.286817163228989e-03,-3.349401056766510e-02
1609046958881076109,0,1609046958881076109,1.547530651092529e+00,1.714776039123535e+00,2.247388601303101e+00,1.427464038133621e-01,-9.890837669372559e-01,-9.653297252953053e-03,-3.526553139090538e-02
1609046958988891644,0,1609046958988891644,1.486646890640259e+00,1.573020100593567e+00,2.225812673568726e+00,1.425453275442123e-01,-9.891308546066284e-01,-4.620684310793877e-03,-3.577259555459023e-02
1609046959085644997,0,1609046959085644997,1.424220800399780e+00,1.443038702011108e+00,2.212547063827515e+00,1.422408074140549e-01,-9.892094731330872e-01,2.881349995732307e-03,-3.498571738600731e-02
1609046959192578868,0,1609046959192578868,1.347627878189087e+00,1.304307937622070e+00,2.223883867263794e+00,1.421326547861099e-01,-9.892442226409912e-01,1.310474611818790e-02,-3.197905793786049e-02
1609046959295084644,0,1609046959295084644,1.264809966087341e+00,1.169276475906372e+00,2.244008064270020e+00,1.420493572950363e-01,-9.891859889030457e-01,2.177498117089272e-02,-2.931020408868790e-02
1609046959396971474,0,1609046959396971474,1.177439451217651e+00,1.037086963653564e+00,2.247188091278076e+00,1.418554335832596e-01,-9.890304803848267e-01,3.173329308629036e-02,-2.624383009970188e-02
1609046959500355651,0,1609046959500355651,1.074808001518250e+00,9.075406789779663e-01,2.264397859573364e+00,1.418702602386475e-01,-9.887934327125549e-01,4.040603712201118e-02,-2.297402359545231e-02
1609046959602370150,0,1609046959602370150,9.674820303916931e-01,7.870807647705078e-01,2.254650115966797e+00,1.412253081798553e-01,-9.884194731712341e-01,5.108149349689484e-02,-2.175332978367805e-02
1609046959709549765,0,1609046959709549765,8.475226759910583e-01,6.743198037147522e-01,2.257939815521240e+00,1.412648111581802e-01,-9.880429506301880e-01,5.814850330352783e-02,-2.083814516663551e-02
1609046959780998608,0,1609046959780998608,7.498748302459717e-01,5.986787080764771e-01,2.272119998931885e+00,1.411993354558945e-01,-9.878859519958496e-01,6.089121848344803e-02,-2.089074626564980e-02
1609046959878183060,0,1609046959878183060,6.120136380195618e-01,5.086494088172913e-01,2.293742418289185e+00,1.411563307046890e-01,-9.877937436103821e-01,6.256861239671707e-02,-2.058495581150055e-02
1609046959980776467,0,1609046959980776467,4.659787416458130e-01,4.277621805667877e-01,2.303411722183228e+00,1.413933187723160e-01,-9.879040122032166e-01,6.062454357743263e-02,-1.945149898529053e-02
1609046960082871931,0,1609046960082871931,3.214654326438904e-01,3.637714684009552e-01,2.272227287292480e+00,1.413046419620514e-01,-9.881420731544495e-01,5.773757398128510e-02,-1.657264120876789e-02
1609046960184863939,0,1609046960184863939,1.668930202722549e-01,3.194338977336884e-01,2.286809921264648e+00,1.417055428028107e-01,-9.885643720626831e-01,5.048357322812080e-02,-1.055190712213516e-02
1609046960293397303,0,1609046960293397303,6.315920967608690e-03,2.827185392379761e-01,2.299220561981201e+00,1.420964151620865e-01,-9.891303181648254e-01,3.780844435095787e-02,6.260446389205754e-04
1609046960391250973,0,1609046960391250973,-1.383025795221329e-01,2.595293521881104e-01,2.274113416671753e+00,1.424812972545624e-01,-9.892791509628296e-01,3.030370362102985e-02,1.037537027150393e-02
1609046960494642601,0,1609046960494642601,-2.957063317298889e-01,2.408173531293869e-01,2.260350227355957e+00,1.425231993198395e-01,-9.893240928649902e-01,2.350980229675770e-02,1.929794065654278e-02
1609046960601655737,0,1609046960601655737,-4.574023783206940e-01,2.293424606323242e-01,2.251855134963989e+00,1.425147205591202e-01,-9.892472624778748e-01,1.850810460746288e-02,2.714800834655762e-02
1609046960698442023,0,1609046960698442023,-6.033309698104858e-01,2.221947312355042e-01,2.269699335098267e+00,1.427713483572006e-01,-9.890592098236084e-01,1.568048447370529e-02,3.365004062652588e-02
1609046960800492847,0,1609046960800492847,-7.515141367912292e-01,2.182407975196838e-01,2.290865898132324e+00,1.425203084945679e-01,-9.889185428619385e-01,1.430843397974968e-02,3.903014212846756e-02
1609046960866889633,0,1609046960866889633,-8.585616946220398e-01,2.151599079370499e-01,2.300588130950928e+00,1.425221562385559e-01,-9.887735843658447e-01,1.501544751226902e-02,4.229679703712463e-02
1609046960969100691,0,1609046960969100691,-1.013924360275269e+00,2.144746184349060e-01,2.311199426651001e+00,1.426986306905746e-01,-9.885371327400208e-01,1.493039354681969e-02,4.699461534619331e-02
1609046961086498718,0,1609046961086498718,-1.162288308143616e+00,2.162389159202576e-01,2.320531606674194e+00,1.425924599170685e-01,-9.881621003150940e-01,1.605319976806641e-02,5.427165701985359e-02
1609046961189475200,0,1609046961189475200,-1.280427694320679e+00,2.192771881818771e-01,2.336527824401855e+00,1.426041275262833e-01,-9.879133105278015e-01,1.467673853039742e-02,5.895737931132317e-02
1609046961292763175,0,1609046961292763175,-1.383641958236694e+00,2.260935902595520e-01,2.335438966751099e+00,1.424876898527145e-01,-9.876580238342285e-01,1.259649451822042e-02,6.379795074462891e-02
1609046961389927743,0,1609046961389927743,-1.474410891532898e+00,2.368627488613129e-01,2.346584796905518e+00,1.424075812101364e-01,-9.873856902122498e-01,1.029749680310488e-02,6.843710690736771e-02
1609046961486776036,0,1609046961486776036,-1.557428836822510e+00,2.523089945316315e-01,2.346044301986694e+00,1.424200087785721e-01,-9.870490431785583e-01,7.759752217680216e-03,7.341969013214111e-02
1609046961599150731,0,1609046961599150731,-1.635356664657593e+00,2.727908194065094e-01,2.328665494918823e+00,1.421314626932144e-01,-9.871127009391785e-01,6.336277816444635e-03,7.325954735279083e-02
1609046961696003942,0,1609046961696003942,-1.692443370819092e+00,2.907827198505402e-01,2.318303585052490e+00,1.421935111284256e-01,-9.873899221420288e-01,7.148464675992727e-03,6.921696662902832e-02
1609046961803057321,0,1609046961803057321,-1.741790056228638e+00,3.125089704990387e-01,2.322401285171509e+00,1.419704109430313e-01,-9.878147244453430e-01,5.897338036447763e-03,6.349592655897141e-02
1609046961904876811,0,1609046961904876811,-1.776009440422058e+00,3.414304554462433e-01,2.326273918151855e+00,1.418806761503220e-01,-9.881395101547241e-01,2.182996599003673e-03,5.869845673441887e-02
1609046961973069783,0,1609046961973069783,-1.794763922691345e+00,3.638537526130676e-01,2.328918933868408e+00,1.418861150741577e-01,-9.883468151092529e-01,2.450909814797342e-04,5.512624233961105e-02
1609046962075086177,0,1609046962075086177,-1.813765883445740e+00,3.951709568500519e-01,2.318388938903809e+00,1.418641209602356e-01,-9.885751008987427e-01,-2.356398385018110e-03,5.087491124868393e-02
1609046962177076869,0,1609046962177076869,-1.824112176895142e+00,4.275809228420258e-01,2.291608572006226e+00,1.418822854757309e-01,-9.887542128562927e-01,-3.645955119282007e-03,4.713054001331329e-02
1609046962280143040,0,1609046962280143040,-1.829017996788025e+00,4.598712921142578e-01,2.289414405822754e+00,1.417723447084427e-01,-9.889733195304871e-01,-6.546219345182180e-03,4.230362921953201e-02
1609046962392565452,0,1609046962392565452,-1.825590610504150e+00,4.928880333900452e-01,2.299644947052002e+00,1.417163312435150e-01,-9.890820980072021e-01,-1.000750809907913e-02,3.915221616625786e-02
1609046962514750914,0,1609046962514750914,-1.815577268600464e+00,5.217839479446411e-01,2.302301406860352e+00,1.404668986797333e-01,-9.893060326576233e-01,-1.280063018202782e-02,3.713210299611092e-02
1609046962595961537,0,1609046962595961537,-1.807749629020691e+00,5.378988385200500e-01,2.288224458694458e+00,1.370165348052979e-01,-9.898599386215210e-01,-1.450024265795946e-02,3.454655036330223e-02
1609046962688070236,0,1609046962688070236,-1.794606566429138e+00,5.617439746856689e-01,2.288317441940308e+00,1.318414211273193e-01,-9.906314611434937e-01,-1.571130938827991e-02,3.194231539964676e-02
1609046962795235152,0,1609046962795235152,-1.776063680648804e+00,5.875855684280396e-01,2.304412603378296e+00,1.214400082826614e-01,-9.920385479927063e-01,-1.535025984048843e-02,2.960018441081047e-02
1609046962907361142,0,1609046962907361142,-1.754388451576233e+00,6.120584607124329e-01,2.318217992782593e+00,1.083646640181541e-01,-9.936249852180481e-01,-1.359544135630131e-02,2.795994095504284e-02
1609046962999035055,0,1609046962999035055,-1.731543660163879e+00,6.308624148368835e-01,2.334484815597534e+00,9.539698064327240e-02,-9.949980974197388e-01,-1.252229604870081e-02,2.685863152146339e-02
1609046963080708702,0,1609046963080708702,-1.711673021316528e+00,6.496278643608093e-01,2.336920022964478e+00,8.029065281152725e-02,-9.963622093200684e-01,-1.100260484963655e-02,2.636020816862583e-02
1609046963172378089,0,1609046963172378089,-1.685839533805847e+00,6.689166426658630e-01,2.342525720596313e+00,6.226159632205963e-02,-9.976798892021179e-01,-9.284290485084057e-03,2.592460252344608e-02
1609046963279256777,0,1609046963279256777,-1.652991056442261e+00,6.890848278999329e-01,2.349136114120483e+00,4.122133925557137e-02,-9.987952113151550e-01,-8.364039473235607e-03,2.528022602200508e-02
1609046963381181558,0,1609046963381181558,-1.622612833976746e+00,7.069701552391052e-01,2.351710319519043e+00,2.017572335898876e-02,-9.994747042655945e-01,-7.551345508545637e-03,2.421268448233604e-02
1609046963477921375,0,1609046963477921375,-1.591182470321655e+00,7.233906388282776e-01,2.354285478591919e+00,-2.817288914229721e-04,-9.996938705444336e-01,-7.377400528639555e-03,2.361675910651684e-02
1609046963590232471,0,1609046963590232471,-1.555664062500000e+00,7.410258054733276e-01,2.354261398315430e+00,-2.317156642675400e-02,-9.994351267814636e-01,-7.396404631435871e-03,2.319424785673618e-02
1609046963687132842,0,1609046963687132842,-1.522035121917725e+00,7.553768157958984e-01,2.357704401016235e+00,-4.290569573640823e-02,-9.987994432449341e-01,-6.806656718254089e-03,2.263980172574520e-02
1609046963795265592,0,1609046963795265592,-1.484927892684937e+00,7.723098993301392e-01,2.358505964279175e+00,-6.338550895452499e-02,-9.977305531501770e-01,-5.994257517158985e-03,2.191159874200821e-02
1609046963904053694,0,1609046963904053694,-1.447470784187317e+00,7.865558266639709e-01,2.366757154464722e+00,-8.167035132646561e-02,-9.964317679405212e-01,-4.445935599505901e-03,2.083288691937923e-02
1609046964007187104,0,1609046964007187104,-1.412243843078613e+00,7.997380495071411e-01,2.374830961227417e+00,-9.514879435300827e-02,-9.952825307846069e-01,-1.455728313885629e-03,1.890236325562000e-02
1609046964104697860,0,1609046964104697860,-1.377021551132202e+00,8.202724456787109e-01,2.386406660079956e+00,-1.040065586566925e-01,-9.944182634353638e-01,1.968915603356436e-04,1.774828881025314e-02
1609046964176007436,0,1609046964176007436,-1.346112012863159e+00,8.167847394943237e-01,2.394187688827515e+00,-1.098687499761581e-01,-9.938037991523743e-01,1.628444064408541e-03,1.674335822463036e-02
1609046964284260418,0,1609046964284260418,-1.302088260650635e+00,8.063545823097229e-01,2.398737668991089e+00,-1.175482571125031e-01,-9.929297566413879e-01,1.625468488782644e-03,1.644355058670044e-02
1609046964381170505,0,1609046964381170505,-1.262510657310486e+00,7.888821959495544e-01,2.395063638687134e+00,-1.253764331340790e-01,-9.919666647911072e-01,1.708251889795065e-03,1.673411391675472e-02
1609046964488329262,0,1609046964488329262,-1.221310019493103e+00,7.835016846656799e-01,2.393441915512085e+00,-1.341515332460403e-01,-9.907995462417603e-01,1.069947960786521e-03,1.784811541438103e-02
1609046964586958760,0,1609046964586958760,-1.185044646263123e+00,7.793332338333130e-01,2.393505573272705e+00,-1.446383446455002e-01,-9.893095493316650e-01,2.072691568173468e-04,1.861224509775639e-02
1609046964689023812,0,1609046964689023812,-1.147959589958191e+00,7.838346362113953e-01,2.394931554794312e+00,-1.564248949289322e-01,-9.875054955482483e-01,-5.371878069126979e-05,1.908319815993309e-02
1609046964797867302,0,1609046964797867302,-1.110810756683350e+00,8.047809600830078e-01,2.395922899246216e+00,-1.664959192276001e-01,-9.858633875846863e-01,1.350300037302077e-03,1.872927695512772e-02
1609046964894929730,0,1609046964894929730,-1.075431108474731e+00,8.211640119552612e-01,2.396966218948364e+00,-1.737307012081146e-01,-9.846528172492981e-01,2.453510649502277e-03,1.644859090447426e-02
1609046964996836035,0,1609046964996836035,-1.041756033897400e+00,8.285903930664062e-01,2.398818731307983e+00,-1.803024560213089e-01,-9.834914207458496e-01,3.189553972333670e-03,1.501487009227276e-02
1609046965103977452,0,1609046965103977452,-1.005069255828857e+00,8.215531706809998e-01,2.378566980361938e+00,-1.849769055843353e-01,-9.826394915580750e-01,4.798796493560076e-03,1.342221815139055e-02
1609046965201054100,0,1609046965201054100,-9.726069569587708e-01,8.103131651878357e-01,2.347599983215332e+00,-1.880755126476288e-01,-9.820256829261780e-01,9.045083075761795e-03,1.309697329998016e-02
1609046965282749722,0,1609046965282749722,-9.404475688934326e-01,8.073805570602417e-01,2.342280626296997e+00,-1.892169266939163e-01,-9.817818403244019e-01,1.247969549149275e-02,1.207551080733538e-02
1609046965380434518,0,1609046965380434518,-9.050437808036804e-01,8.051567673683167e-01,2.353372335433960e+00,-1.905586272478104e-01,-9.814919233322144e-01,1.505327317863703e-02,1.159405987709761e-02
1609046965477195178,0,1609046965477195178,-8.695942759513855e-01,8.038149476051331e-01,2.368496656417847e+00,-1.911527365446091e-01,-9.813132882118225e-01,1.893004775047302e-02,1.124909613281488e-02
1609046965574607026,0,1609046965574607026,-8.375290036201477e-01,8.059236407279968e-01,2.383745431900024e+00,-1.919136196374893e-01,-9.811603426933289e-01,1.929548382759094e-02,1.100953109562397e-02
1609046965686677417,0,1609046965686677417,-8.040757775306702e-01,8.171922564506531e-01,2.392129898071289e+00,-1.922116577625275e-01,-9.811460971832275e-01,1.736528053879738e-02,1.027300953865051e-02
1609046965793834337,0,1609046965793834337,-7.725794911384583e-01,8.328899741172791e-01,2.398752450942993e+00,-1.923078149557114e-01,-9.811863899230957e-01,1.445872336626053e-02,9.060695767402649e-03
1609046965895638905,0,1609046965895638905,-7.462699413299561e-01,8.505213856697083e-01,2.381619930267334e+00,-1.921992897987366e-01,-9.812368750572205e-01,1.254868693649769e-02,8.735240437090397e-03
1609046965997253095,0,1609046965997253095,-7.199525237083435e-01,8.648759722709656e-01,2.367062091827393e+00,-1.926234215497971e-01,-9.811385869979858e-01,1.368866674602032e-02,8.714245632290840e-03
1609046966104361894,0,1609046966104361894,-6.936030983924866e-01,8.896338343620300e-01,2.371701717376709e+00,-1.925650238990784e-01,-9.811505675315857e-01,1.393747236579657e-02,8.243094198405743e-03
1609046966201365445,0,1609046966201365445,-6.691384315490723e-01,9.113321900367737e-01,2.373691558837891e+00,-1.926462203264236e-01,-9.811304807662964e-01,1.432769279927015e-02,8.064042776823044e-03
1609046966300386376,0,1609046966300386376,-6.480803489685059e-01,9.377183318138123e-01,2.391967773437500e+00,-1.928273588418961e-01,-9.811010956764221e-01,1.416299678385258e-02,7.595580071210861e-03
1609046966376603448,0,1609046966376603448,-6.288467049598694e-01,9.587566852569580e-01,2.382261514663696e+00,-1.928997337818146e-01,-9.810394048690796e-01,1.696918159723282e-02,7.966250181198120e-03
1609046966473749610,0,1609046966473749610,-6.074144840240479e-01,9.917305707931519e-01,2.402171611785889e+00,-1.928644627332687e-01,-9.810315966606140e-01,1.782371662557125e-02,7.917154580354691e-03
1609046966580868736,0,1609046966580868736,-5.864037871360779e-01,1.023562908172607e+00,2.403298377990723e+00,-1.928038299083710e-01,-9.810453653335571e-01,1.799768395721912e-02,7.277020253241062e-03
1609046966683809363,0,1609046966683809363,-5.678393244743347e-01,1.058217644691467e+00,2.407516956329346e+00,-1.929001361131668e-01,-9.810338020324707e-01,1.761601120233536e-02,7.209029048681259e-03
1609046966785725584,0,1609046966785725584,-5.496993660926819e-01,1.096765995025635e+00,2.411631345748901e+00,-1.928095668554306e-01,-9.811103343963623e-01,1.462834980338812e-02,5.754006560891867e-03
1609046966887544043,0,1609046966887544043,-5.338603258132935e-01,1.136438012123108e+00,2.384999036788940e+00,-1.927687823772430e-01,-9.811311364173889e-01,1.385339908301830e-02,5.485671572387218e-03
1609046966989847883,0,1609046966989847883,-5.204354524612427e-01,1.181792378425598e+00,2.373872280120850e+00,-1.926085799932480e-01,-9.811787605285645e-01,1.263058464974165e-02,5.537059623748064e-03
1609046967096767329,0,1609046967096767329,-5.087342858314514e-01,1.228563666343689e+00,2.367852449417114e+00,-1.925674825906754e-01,-9.811944365501404e-01,1.165819913148880e-02,6.282331887632608e-03
1609046967204116168,0,1609046967204116168,-4.948197603225708e-01,1.277294993400574e+00,2.362643241882324e+00,-1.925844848155975e-01,-9.811922907829285e-01,1.070215553045273e-02,7.639402523636818e-03
1609046967305854600,0,1609046967305854600,-4.892968237400055e-01,1.322209119796753e+00,2.362834215164185e+00,-1.927818357944489e-01,-9.811148643493652e-01,8.711501024663448e-03,1.314630545675755e-02
1609046967403207999,0,1609046967403207999,-4.788026809692383e-01,1.367194294929504e+00,2.359111547470093e+00,-1.928725242614746e-01,-9.810121059417725e-01,7.079179398715496e-03,1.911687478423119e-02
1609046967474453072,0,1609046967474453072,-4.705624282360077e-01,1.405825972557068e+00,2.371306419372559e+00,-1.924681961536407e-01,-9.809841513633728e-01,7.235615979880095e-03,2.395120076835155e-02
1609046967576248166,0,1609046967576248166,-4.575046598911285e-01,1.457108497619629e+00,2.365641355514526e+00,-1.925573498010635e-01,-9.808084964752197e-01,5.442269146442413e-03,3.011253476142883e-02
1609046967685824848,0,1609046967685824848,-4.438779652118683e-01,1.513341307640076e+00,2.356896400451660e+00,-1.922754347324371e-01,-9.807720184326172e-01,5.822213832288980e-03,3.290347754955292e-02
1609046967787583595,0,1609046967787583595,-4.283496737480164e-01,1.560410618782043e+00,2.360789299011230e+00,-1.924068480730057e-01,-9.808043241500854e-01,7.329221814870834e-03,3.080325387418270e-02
1609046967889392712,0,1609046967889392712,-4.139909744262695e-01,1.606425881385803e+00,2.361463546752930e+00,-1.924713999032974e-01,-9.808307290077209e-01,8.035294711589813e-03,2.934679947793484e-02
1609046967986239984,0,1609046967986239984,-3.947017490863800e-01,1.648782968521118e+00,2.353286266326904e+00,-1.927631944417953e-01,-9.808276891708374e-01,8.028882555663586e-03,2.747880294919014e-02
1609046968098366671,0,1609046968098366671,-3.653677999973297e-01,1.696121096611023e+00,2.345389842987061e+00,-1.926492154598236e-01,-9.809143543243408e-01,9.089129976928234e-03,2.471473626792431e-02
1609046968195862460,0,1609046968195862460,-3.331924080848694e-01,1.737423896789551e+00,2.349886417388916e+00,-1.926888823509216e-01,-9.809640645980835e-01,9.151016362011433e-03,2.228731103241444e-02
1609046968303891476,0,1609046968303891476,-2.992925345897675e-01,1.782506585121155e+00,2.338687896728516e+00,-1.926079243421555e-01,-9.809806942939758e-01,9.935996495187283e-03,2.192080952227116e-02
1609046968400863789,0,1609046968400863789,-2.675467431545258e-01,1.825118422508240e+00,2.339309453964233e+00,-1.927397698163986e-01,-9.809597730636597e-01,9.612247347831726e-03,2.184104174375534e-02
1609046968502689832,0,1609046968502689832,-2.352560460567474e-01,1.869852900505066e+00,2.333835124969482e+00,-1.924810409545898e-01,-9.809837937355042e-01,9.527916088700294e-03,2.304449118673801e-02
1609046968579015372,0,1609046968579015372,-2.062208354473114e-01,1.909093141555786e+00,2.338084936141968e+00,-1.924615055322647e-01,-9.810049533843994e-01,5.880883894860744e-03,2.352278679609299e-02
1609046968670860059,0,1609046968670860059,-1.735876649618149e-01,1.955876946449280e+00,2.336289644241333e+00,-1.927469074726105e-01,-9.809474349021912e-01,3.598223673179746e-03,2.403553389012814e-02
1609046968777871385,0,1609046968777871385,-1.330792009830475e-01,2.010122060775757e+00,2.327760457992554e+00,-1.927675008773804e-01,-9.809309244155884e-01,1.753775635734200e-03,2.474065497517586e-02
1609046968879938760,0,1609046968879938760,-9.478724002838135e-02,2.056526422500610e+00,2.317564010620117e+00,-1.927775740623474e-01,-9.809539318084717e-01,2.421270823106170e-03,2.367237210273743e-02
1609046968987202576,0,1609046968987202576,-5.808252096176147e-02,2.104905128479004e+00,2.316155433654785e+00,-1.926176100969315e-01,-9.810455441474915e-01,3.512253984808922e-03,2.087221667170525e-02
1609046969089056836,0,1609046969089056836,-2.514052949845791e-02,2.147918224334717e+00,2.322209119796753e+00,-1.927903890609741e-01,-9.810572266578674e-01,5.104575771838427e-03,1.823743060231209e-02
1609046969195920474,0,1609046969195920474,1.678922772407532e-02,2.189946413040161e+00,2.321600198745728e+00,-1.926391422748566e-01,-9.811107516288757e-01,6.537395995110273e-03,1.640486158430576e-02
1609046969287489998,0,1609046969287489998,5.309202522039413e-02,2.226088047027588e+00,2.315694570541382e+00,-1.926535665988922e-01,-9.810984134674072e-01,7.906578481197357e-03,1.637625880539417e-02
1609046969390573874,0,1609046969390573874,9.534551203250885e-02,2.267348766326904e+00,2.320912599563599e+00,-1.925349086523056e-01,-9.811161756515503e-01,8.617487736046314e-03,1.634161360561848e-02
1609046969502864027,0,1609046969502864027,1.433284431695938e-01,2.311164379119873e+00,2.342699766159058e+00,-1.922207325696945e-01,-9.812752008438110e-01,5.421617068350315e-03,1.099367626011372e-02
1609046969602142140,0,1609046969602142140,1.798798888921738e-01,2.349720239639282e+00,2.343431472778320e+00,-1.921991705894470e-01,-9.812983870506287e-01,2.769267419353127e-03,1.026321761310101e-02
1609046969674492541,0,1609046969674492541,2.078493386507034e-01,2.382993698120117e+00,2.329002618789673e+00,-1.920955926179886e-01,-9.813352823257446e-01,9.582287166267633e-04,8.911169134080410e-03
1609046969776346568,0,1609046969776346568,2.490616142749786e-01,2.433453083038330e+00,2.316055059432983e+00,-1.920859515666962e-01,-9.813594818115234e-01,-3.276848001405597e-04,6.028614006936550e-03
1609046969883433083,0,1609046969883433083,2.879544496536255e-01,2.483276844024658e+00,2.315823554992676e+00,-1.919658780097961e-01,-9.814013838768005e-01,-1.615085930097848e-04,7.035046000964940e-04
1609046969983519481,0,1609046969983519481,3.182455897331238e-01,2.527822494506836e+00,2.313986301422119e+00,-1.917553395032883e-01,-9.814342260360718e-01,7.543618557974696e-04,-4.031450487673283e-03
1609046970082940642,0,1609046970082940642,3.466480970382690e-01,2.570636510848999e+00,2.302036523818970e+00,-1.916556209325790e-01,-9.814165830612183e-01,3.706892021000385e-03,-8.712409064173698e-03
1609046970190079255,0,1609046970190079255,3.703202307224274e-01,2.616428375244141e+00,2.301354885101318e+00,-1.915483027696609e-01,-9.813702106475830e-01,6.183564197272062e-03,-1.355196256190538e-02
1609046970297218428,0,1609046970297218428,3.868384063243866e-01,2.657045841217041e+00,2.298474311828613e+00,-1.913347095251083e-01,-9.813085198402405e-01,8.834114298224449e-03,-1.862107962369919e-02
1609046970394146582,0,1609046970394146582,3.986117243766785e-01,2.699976682662964e+00,2.306796789169312e+00,-1.914121210575104e-01,-9.811728596687317e-01,9.902850724756718e-03,-2.373174577951431e-02
1609046970496005888,0,1609046970496005888,4.017409086227417e-01,2.749607563018799e+00,2.312210798263550e+00,-1.909718662500381e-01,-9.811796545982361e-01,8.851639926433563e-03,-2.716514468193054e-02
1609046970598446215,0,1609046970598446215,3.917714953422546e-01,2.798552513122559e+00,2.308455467224121e+00,-1.913088113069534e-01,-9.811597466468811e-01,4.289541859179735e-03,-2.661263011395931e-02
1609046970705825183,0,1609046970705825183,3.796623647212982e-01,2.855984210968018e+00,2.320382833480835e+00,-1.908667832612991e-01,-9.812901020050049e-01,-4.983679391443729e-03,-2.479672804474831e-02
1609046970771996375,0,1609046970771996375,3.664499819278717e-01,2.891075611114502e+00,2.310876369476318e+00,-1.909787803888321e-01,-9.812732338905334e-01,-1.175654307007790e-02,-2.217437140643597e-02
1609046970876087394,0,1609046970876087394,3.390730917453766e-01,2.948639154434204e+00,2.291525602340698e+00,-1.901775449514389e-01,-9.813507795333862e-01,-2.112121321260929e-02,-1.836382783949375e-02
1609046970983176075,0,1609046970983176075,3.018932342529297e-01,3.001338720321655e+00,2.283580541610718e+00,-1.899992078542709e-01,-9.812448024749756e-01,-2.818734757602215e-02,-1.626670919358730e-02
1609046971075348887,0,1609046971075348887,2.577629387378693e-01,3.048512458801270e+00,2.278751373291016e+00,-1.899924874305725e-01,-9.811872243881226e-01,-3.142128139734268e-02,-1.368919480592012e-02
1609046971187368934,0,1609046971187368934,2.026738375425339e-01,3.093746423721313e+00,2.295575857162476e+00,-1.899140626192093e-01,-9.810672998428345e-01,-3.631595522165298e-02,-1.099191233515739e-02
1609046971294288317,0,1609046971294288317,1.467578411102295e-01,3.127862215042114e+00,2.309361457824707e+00,-1.895131915807724e-01,-9.809678196907043e-01,-4.100524261593819e-02,-1.027753017842770e-02
1609046971386104335,0,1609046971386104335,9.435293823480606e-02,3.148029088973999e+00,2.298287630081177e+00,-1.892354488372803e-01,-9.809851050376892e-01,-4.231177642941475e-02,-8.245675824582577e-03
1609046971498326755,0,1609046971498326755,2.039459347724915e-02,3.162499666213989e+00,2.304572582244873e+00,-1.891479939222336e-01,-9.809177517890930e-01,-4.423707351088524e-02,-8.164267987012863e-03
1609046971595151160,0,1609046971595151160,-5.241885781288147e-02,3.163923501968384e+00,2.284098386764526e+00,-1.892021000385284e-01,-9.810145497322083e-01,-4.199573397636414e-02,-7.031587883830070e-03
1609046971697943528,0,1609046971697943528,-1.322312355041504e-01,3.161555528640747e+00,2.278547763824463e+00,-1.891405135393143e-01,-9.811748266220093e-01,-3.840146213769913e-02,-6.871326826512814e-03
1609046971799933314,0,1609046971799933314,-2.137141227722168e-01,3.150538921356201e+00,2.284243345260620e+00,-1.892196834087372e-01,-9.812928438186646e-01,-3.465497866272926e-02,-7.705722004175186e-03
1609046971871445236,0,1609046971871445236,-2.826442420482635e-01,3.133777856826782e+00,2.282065629959106e+00,-1.894297748804092e-01,-9.813784360885620e-01,-3.094051964581013e-02,-7.450560573488474e-03
1609046971978535487,0,1609046971978535487,-3.838853538036346e-01,3.106642246246338e+00,2.280635118484497e+00,-1.890889108181000e-01,-9.816415309906006e-01,-2.382066659629345e-02,-7.608736865222454e-03
1609046972088217427,0,1609046972088217427,-4.896815419197083e-01,3.070125341415405e+00,2.259232044219971e+00,-1.893818378448486e-01,-9.817455410957336e-01,-1.639971509575844e-02,-6.438179407268763e-03
1609046972179669721,0,1609046972179669721,-5.834666490554810e-01,3.038999795913696e+00,2.274316787719727e+00,-1.892096549272537e-01,-9.818530678749084e-01,-1.149166747927666e-02,-5.683571565896273e-03
1609046972286678780,0,1609046972286678780,-6.949781179428101e-01,3.001507520675659e+00,2.265001058578491e+00,-1.892747879028320e-01,-9.819003939628601e-01,-5.184512585401535e-03,-4.448709543794394e-03
1609046972389752299,0,1609046972389752299,-8.050290346145630e-01,2.968168258666992e+00,2.266522169113159e+00,-1.890411674976349e-01,-9.819607734680176e-01,-1.344555988907814e-03,-3.835802897810936e-03
1609046972491848109,0,1609046972491848109,-9.119717478752136e-01,2.936389684677124e+00,2.254044055938721e+00,-1.888276636600494e-01,-9.820021390914917e-01,1.174191245809197e-03,-3.807401051744819e-03
1609046972600732714,0,1609046972600732714,-1.026459932327271e+00,2.904438972473145e+00,2.256038904190063e+00,-1.885518878698349e-01,-9.820570945739746e-01,5.111043719807640e-05,-3.488454269245267e-03
1609046972699487455,0,1609046972699487455,-1.139243721961975e+00,2.875183582305908e+00,2.247421741485596e+00,-1.886752247810364e-01,-9.820298552513123e-01,-4.239477682858706e-03,-1.084387069568038e-03
1609046972796108837,0,1609046972796108837,-1.247815608978271e+00,2.850958824157715e+00,2.247520446777344e+00,-1.880767643451691e-01,-9.820830225944519e-01,-1.183748152107000e-02,-1.230893831234425e-04
1609046972903073289,0,1609046972903073289,-1.367125511169434e+00,2.818130970001221e+00,2.215070486068726e+00,-1.879647076129913e-01,-9.820355176925659e-01,-1.618173718452454e-02,3.713686717674136e-03
1609046972974380467,0,1609046972974380467,-1.458669185638428e+00,2.798220396041870e+00,2.206387042999268e+00,-1.874642372131348e-01,-9.820433855056763e-01,-2.041218429803848e-02,5.607440602034330e-03
1609046973076203485,0,1609046973076203485,-1.591170549392700e+00,2.764581918716431e+00,2.199230670928955e+00,-1.876325309276581e-01,-9.818525314331055e-01,-2.631207928061485e-02,8.211254142224789e-03
1609046973182875521,0,1609046973182875521,-1.719310045242310e+00,2.726647853851318e+00,2.187785387039185e+00,-1.873890757560730e-01,-9.819067716598511e-01,-2.598091028630733e-02,8.335011079907417e-03
1609046973284389216,0,1609046973284389216,-1.843330144882202e+00,2.687080144882202e+00,2.186273336410522e+00,-1.875559538602829e-01,-9.819118380546570e-01,-2.386448904871941e-02,1.011846307665110e-02
1609046973386418091,0,1609046973386418091,-1.970277190208435e+00,2.642760753631592e+00,2.203553915023804e+00,-1.878536939620972e-01,-9.818255305290222e-01,-2.194487117230892e-02,1.575300842523575e-02
1609046973483567057,0,1609046973483567057,-2.089031219482422e+00,2.590879917144775e+00,2.213810205459595e+00,-1.876992732286453e-01,-9.818596839904785e-01,-1.930492930114269e-02,1.865086890757084e-02
1609046973596739769,0,1609046973596739769,-2.215756893157959e+00,2.525586605072021e+00,2.220485687255859e+00,-1.877894997596741e-01,-9.818990826606750e-01,-1.425197999924421e-02,2.015556208789349e-02
1609046973698976698,0,1609046973698976698,-2.331140279769897e+00,2.465380191802979e+00,2.244493484497070e+00,-1.874403059482574e-01,-9.819797873497009e-01,-1.165920868515968e-02,2.111597172915936e-02
1609046973801172980,0,1609046973801172980,-2.447338581085205e+00,2.401255369186401e+00,2.235584259033203e+00,-1.876623332500458e-01,-9.819084405899048e-01,-8.749537169933319e-03,2.370926737785339e-02
1609046973898881593,0,1609046973898881593,-2.557537555694580e+00,2.337973356246948e+00,2.240679979324341e+00,-1.873420327901840e-01,-9.819834828376770e-01,-6.444269325584173e-03,2.387153357267380e-02
1609046973996390215,0,1609046973996390215,-2.666980743408203e+00,2.269388198852539e+00,2.248325824737549e+00,-1.871352791786194e-01,-9.820365905761719e-01,-4.843339323997498e-03,2.368867211043835e-02
1609046974078228479,0,1609046974078228479,-2.763132095336914e+00,2.213970661163330e+00,2.253114461898804e+00,-1.873484700918198e-01,-9.820442795753479e-01,-4.526671487838030e-03,2.165803126990795e-02
1609046974175355836,0,1609046974175355836,-2.873421192169189e+00,2.142762899398804e+00,2.261929512023926e+00,-1.871313899755478e-01,-9.821422100067139e-01,-3.883680561557412e-03,1.906584389507771e-02
1609046974282187917,0,1609046974282187917,-2.988589525222778e+00,2.069832086563110e+00,2.264405727386475e+00,-1.872182190418243e-01,-9.821447730064392e-01,-3.525332780554891e-03,1.812629587948322e-02
1609046974374033886,0,1609046974374033886,-3.086138486862183e+00,2.001491069793701e+00,2.276568651199341e+00,-1.872213631868362e-01,-9.821422696113586e-01,-2.132096327841282e-03,1.844556257128716e-02
1609046974486301754,0,1609046974486301754,-3.195495605468750e+00,1.927394390106201e+00,2.289911270141602e+00,-1.871733665466309e-01,-9.820516109466553e-01,-2.115413546562195e-03,2.315863408148289e-02
1609046974593368023,0,1609046974593368023,-3.295766830444336e+00,1.859526395797729e+00,2.298370122909546e+00,-1.870579719543457e-01,-9.818083047866821e-01,-4.005878698080778e-03,3.234048932790756e-02
1609046974695278396,0,1609046974695278396,-3.387988090515137e+00,1.794196009635925e+00,2.306995868682861e+00,-1.866070777177811e-01,-9.814569950103760e-01,-5.842291750013828e-03,4.342524707317352e-02
1609046974792219585,0,1609046974792219585,-3.468340635299683e+00,1.730312108993530e+00,2.326019287109375e+00,-1.862621605396271e-01,-9.811474084854126e-01,-8.497055619955063e-03,5.083316564559937e-02
1609046974889269205,0,1609046974889269205,-3.549489736557007e+00,1.662364721298218e+00,2.338410377502441e+00,-1.857757568359375e-01,-9.809402823448181e-01,-8.589679375290871e-03,5.630028620362282e-02
1609046975001493701,0,1609046975001493701,-3.631813764572144e+00,1.580576658248901e+00,2.349506855010986e+00,-1.857989132404327e-01,-9.810810089111328e-01,-7.559010758996010e-03,5.386768653988838e-02
1609046975103976244,0,1609046975103976244,-3.700703382492065e+00,1.505120754241943e+00,2.377062797546387e+00,-1.862883567810059e-01,-9.812652468681335e-01,-6.406238302588463e-03,4.872495308518410e-02
1609046975175700304,0,1609046975175700304,-3.747642040252686e+00,1.444572567939758e+00,2.382153034210205e+00,-1.866313517093658e-01,-9.816661477088928e-01,-4.363600630313158e-03,3.848655894398689e-02
1609046975268469091,0,1609046975268469091,-3.803690671920776e+00,1.358689069747925e+00,2.391941308975220e+00,-1.868579238653183e-01,-9.820038676261902e-01,-2.195116830989718e-03,2.734367363154888e-02
1609046975380616646,0,1609046975380616646,-3.859876155853271e+00,1.262621521949768e+00,2.378605127334595e+00,-1.875687092542648e-01,-9.820897579193115e-01,-8.911156328395009e-04,1.780529133975506e-02
1609046975482561204,0,1609046975482561204,-3.902847051620483e+00,1.179520130157471e+00,2.382697343826294e+00,-1.875512599945068e-01,-9.821829199790955e-01,1.269220490939915e-03,1.182249281555414e-02
1609046975584637959,0,1609046975584637959,-3.943458795547485e+00,1.095611572265625e+00,2.401463985443115e+00,-1.875771582126617e-01,-9.822159409523010e-01,2.377498196437955e-03,7.806772831827402e-03
1609046975686411218,0,1609046975686411218,-3.985989093780518e+00,1.010457515716553e+00,2.386203050613403e+00,-1.876545995473862e-01,-9.821622371673584e-01,9.082918055355549e-03,7.792529650032520e-03
1609046975784972673,0,1609046975784972673,-4.028732299804688e+00,9.342638850212097e-01,2.412525892257690e+00,-1.873124092817307e-01,-9.821866154670715e-01,1.349604502320290e-02,6.442231126129627e-03
1609046975897223647,0,1609046975897223647,-4.080510616302490e+00,8.493101000785828e-01,2.421851634979248e+00,-1.874633431434631e-01,-9.820137023925781e-01,2.136880345642567e-02,7.073348853737116e-03
1609046976000237917,0,1609046976000237917,-4.129935264587402e+00,7.782175540924072e-01,2.448471784591675e+00,-1.875911802053452e-01,-9.818360209465027e-01,2.738913148641586e-02,7.581698708236217e-03
1609046976107540731,0,1609046976107540731,-4.180860519409180e+00,7.134093046188354e-01,2.489599227905273e+00,-1.873937696218491e-01,-9.817984700202942e-01,3.000741824507713e-02,7.413455285131931e-03
1609046976200016590,0,1609046976200016590,-4.231516361236572e+00,6.582657694816589e-01,2.508987426757812e+00,-1.874995678663254e-01,-9.817471504211426e-01,3.065373562276363e-02,8.767294697463512e-03
1609046976266703303,0,1609046976266703303,-4.270701885223389e+00,6.162299513816833e-01,2.518941640853882e+00,-1.873248964548111e-01,-9.818813204765320e-01,2.731762640178204e-02,8.494378998875618e-03
1609046976379025839,0,1609046976379025839,-4.331847667694092e+00,5.558930635452271e-01,2.515906572341919e+00,-1.872745007276535e-01,-9.819540977478027e-01,2.447542361915112e-02,9.774003177881241e-03
1609046976480883001,0,1609046976480883001,-4.385447978973389e+00,5.105235576629639e-01,2.514793872833252e+00,-1.872994303703308e-01,-9.819748401641846e-01,2.311092615127563e-02,1.049665082246065e-02
1609046976582796571,0,1609046976582796571,-4.438737869262695e+00,4.722662568092346e-01,2.512058973312378e+00,-1.873026341199875e-01,-9.818874001502991e-01,2.588499523699284e-02,1.204023789614439e-02
1609046976684767929,0,1609046976684767929,-4.487277507781982e+00,4.440490007400513e-01,2.522231817245483e+00,-1.875520795583725e-01,-9.816913604736328e-01,3.087002784013748e-02,1.238772273063660e-02
1609046976786691733,0,1609046976786691733,-4.536089897155762e+00,4.189133644104004e-01,2.554342985153198e+00,-1.879251152276993e-01,-9.814771413803101e-01,3.521330654621124e-02,1.211939658969641e-02
1609046976888644032,0,1609046976888644032,-4.584101200103760e+00,3.997985124588013e-01,2.577084779739380e+00,-1.877247393131256e-01,-9.814277291297913e-01,3.792196139693260e-02,1.100247260183096e-02
1609046976995815600,0,1609046976995815600,-4.631338596343994e+00,3.909345269203186e-01,2.601538658142090e+00,-1.878174394369125e-01,-9.814862012863159e-01,3.636948019266129e-02,9.316722862422466e-03
1609046977098194892,0,1609046977098194892,-4.676391601562500e+00,3.847281336784363e-01,2.608779191970825e+00,-1.876883655786514e-01,-9.815398454666138e-01,3.572185337543488e-02,8.762931451201439e-03
1609046977194976629,0,1609046977194976629,-4.715788364410400e+00,3.834610283374786e-01,2.605846405029297e+00,-1.878215670585632e-01,-9.815697073936462e-01,3.453484177589417e-02,7.160878740251064e-03
1609046977301987429,0,1609046977301987429,-4.760490894317627e+00,3.939082920551300e-01,2.612481832504272e+00,-1.879604011774063e-01,-9.816719293594360e-01,3.075106814503670e-02,6.760423537343740e-03
1609046977378505037,0,1609046977378505037,-4.795517921447754e+00,4.069934487342834e-01,2.629501581192017e+00,-1.876671761274338e-01,-9.819021224975586e-01,2.456205524504185e-02,6.790936458855867e-03
1609046977471326581,0,1609046977471326581,-4.838581085205078e+00,4.241248369216919e-01,2.616755008697510e+00,-1.878337860107422e-01,-9.819529652595520e-01,2.088922448456287e-02,7.104262709617615e-03
1609046977578238030,0,1609046977578238030,-4.888288974761963e+00,4.513848721981049e-01,2.620474815368652e+00,-1.879997700452805e-01,-9.819922447204590e-01,1.724983379244804e-02,7.054202258586884e-03
1609046977675157539,0,1609046977675157539,-4.932513713836670e+00,4.819334447383881e-01,2.620703220367432e+00,-1.880849748849869e-01,-9.820133447647095e-01,1.503487210720778e-02,6.913641002029181e-03
1609046977787752399,0,1609046977787752399,-4.981891155242920e+00,5.147327780723572e-01,2.622221946716309e+00,-1.881919503211975e-01,-9.820128083229065e-01,1.365640107542276e-02,6.934203673154116e-03
1609046977889701159,0,1609046977889701159,-5.026427268981934e+00,5.461516380310059e-01,2.636542081832886e+00,-1.882934272289276e-01,-9.820109009742737e-01,1.243339758366346e-02,6.751308217644691e-03
1609046977996864389,0,1609046977996864389,-5.074843883514404e+00,5.815020799636841e-01,2.645485401153564e+00,-1.885076165199280e-01,-9.819977879524231e-01,1.032195612788200e-02,6.218819878995419e-03
1609046978088613089,0,1609046978088613089,-5.116845607757568e+00,6.131298542022705e-01,2.649103879928589e+00,-1.882707029581070e-01,-9.820635318756104e-01,8.663594722747803e-03,5.513313692063093e-03
1609046978202348980,0,1609046978202348980,-5.167583465576172e+00,6.507983207702637e-01,2.646771907806396e+00,-1.883111298084259e-01,-9.820795059204102e-01,5.944613367319107e-03,4.838439170271158e-03
1609046978299264024,0,1609046978299264024,-5.214080810546875e+00,6.848341226577759e-01,2.652895450592041e+00,-1.883831322193146e-01,-9.820790886878967e-01,3.836940275505185e-03,4.204624798148870e-03
1609046978401261085,0,1609046978401261085,-5.267000675201416e+00,7.214744687080383e-01,2.667686462402344e+00,-1.882760971784592e-01,-9.821098446846008e-01,-2.877425868064165e-03,2.038738690316677e-03
1609046978467482628,0,1609046978467482628,-5.308896541595459e+00,7.474585175514221e-01,2.674341678619385e+00,-1.880557984113693e-01,-9.821249842643738e-01,-8.059088140726089e-03,8.861610549502075e-04
1609046978574472680,0,1609046978574472680,-5.374743461608887e+00,7.852111458778381e-01,2.663788795471191e+00,-1.881798058748245e-01,-9.820166230201721e-01,-1.518391165882349e-02,1.130652148276567e-03
1609046978681447759,0,1609046978681447759,-5.437496662139893e+00,8.181479573249817e-01,2.652858257293701e+00,-1.881244927644730e-01,-9.818921089172363e-01,-2.228910289704800e-02,5.272435955703259e-04
1609046978788452245,0,1609046978788452245,-5.502097129821777e+00,8.475172519683838e-01,2.647821903228760e+00,-1.880937814712524e-01,-9.817361235618591e-01,-2.854706719517708e-02,1.678240369074047e-04
1609046978885227180,0,1609046978885227180,-5.561817646026611e+00,8.677099943161011e-01,2.637167453765869e+00,-1.880707293748856e-01,-9.817013144493103e-01,-2.986576594412327e-02,3.243155952077359e-04
1609046978987087627,0,1609046978987087627,-5.630744457244873e+00,8.849247097969055e-01,2.642762184143066e+00,-1.882048398256302e-01,-9.816440939903259e-01,-3.086932934820652e-02,-9.639668860472739e-04
1609046979088949237,0,1609046979088949237,-5.702237606048584e+00,8.955517411231995e-01,2.641537904739380e+00,-1.884278357028961e-01,-9.816183447837830e-01,-3.031685017049313e-02,-1.230282941833138e-03
1609046979193176760,0,1609046979193176760,-5.779016017913818e+00,8.980221152305603e-01,2.638877153396606e+00,-1.884379833936691e-01,-9.816558957099915e-01,-2.897282503545284e-02,-1.858969568274915e-03
1609046979300044244,0,1609046979300044244,-5.861663341522217e+00,8.945481777191162e-01,2.634320735931396e+00,-1.883629560470581e-01,-9.816846251487732e-01,-2.844739891588688e-02,-2.352185780182481e-03
1609046979403550340,0,1609046979403550340,-5.946863174438477e+00,8.818024396896362e-01,2.624784946441650e+00,-1.887211650609970e-01,-9.816228151321411e-01,-2.829969860613346e-02,4.815944121219218e-04
1609046979505540382,0,1609046979505540382,-6.033878803253174e+00,8.652177453041077e-01,2.618421792984009e+00,-1.884744465351105e-01,-9.815927147865295e-01,-3.034639917314053e-02,5.696292966604233e-03
1609046979566607161,0,1609046979566607161,-6.097253322601318e+00,8.495034575462341e-01,2.622442483901978e+00,-1.883879601955414e-01,-9.815141558647156e-01,-3.226999565958977e-02,9.929229505360126e-03
1609046979673824904,0,1609046979673824904,-6.200652599334717e+00,8.171413540840149e-01,2.629355907440186e+00,-1.883658617734909e-01,-9.813849329948425e-01,-3.391212224960327e-02,1.587368175387383e-02
1609046979780690688,0,1609046979780690688,-6.299236774444580e+00,7.778335213661194e-01,2.629491090774536e+00,-1.882975101470947e-01,-9.813809990882874e-01,-3.300742059946060e-02,1.859955489635468e-02
1609046979882872389,0,1609046979882872389,-6.394831657409668e+00,7.366760969161987e-01,2.625468969345093e+00,-1.887207031250000e-01,-9.814068675041199e-01,-2.975111827254295e-02,1.843546889722347e-02
1609046979989723683,0,1609046979989723683,-6.491410255432129e+00,6.872203946113586e-01,2.613969087600708e+00,-1.888563334941864e-01,-9.816055893898010e-01,-2.226434648036957e-02,1.697299443185329e-02
1609046980091523918,0,1609046980091523918,-6.580721378326416e+00,6.340419054031372e-01,2.606731176376343e+00,-1.890946328639984e-01,-9.817485809326172e-01,-1.465939171612263e-02,1.407846529036760e-02
1609046980188346779,0,1609046980188346779,-6.669741153717041e+00,5.810663104057312e-01,2.595014572143555e+00,-1.895246356725693e-01,-9.817401766777039e-01,-9.491468779742718e-03,1.328764203935862e-02
1609046980295318778,0,1609046980295318778,-6.765460014343262e+00,5.184959769248962e-01,2.599431991577148e+00,-1.892033219337463e-01,-9.817311763763428e-01,-5.083233118057251e-03,1.949681900441647e-02
1609046980398720971,0,1609046980398720971,-6.856739044189453e+00,4.501824378967285e-01,2.575177907943726e+00,-1.890404373407364e-01,-9.814381599426270e-01,-2.190333325415850e-03,3.221977874636650e-02
1609046980497630053,0,1609046980497630053,-6.930188655853271e+00,3.850693106651306e-01,2.569522857666016e+00,-1.884820908308029e-01,-9.812820553779602e-01,-1.830403110943735e-03,3.945481777191162e-02
1609046980604533310,0,1609046980604533310,-7.003269195556641e+00,3.187884092330933e-01,2.572971582412720e+00,-1.881343424320221e-01,-9.811726808547974e-01,-3.885875339619815e-04,4.365216940641403e-02
1609046980676614000,0,1609046980676614000,-7.063012599945068e+00,2.694754898548126e-01,2.578477382659912e+00,-1.881509125232697e-01,-9.810675978660583e-01,-3.924901830032468e-04,4.588432610034943e-02
1609046980778793972,0,1609046980778793972,-7.141461372375488e+00,1.976132541894913e-01,2.572589874267578e+00,-1.882183551788330e-01,-9.810149669647217e-01,-3.990870027337223e-04,4.672814533114433e-02
1609046980880677687,0,1609046980880677687,-7.210633277893066e+00,1.292870491743088e-01,2.566626787185669e+00,-1.883528977632523e-01,-9.810481667518616e-01,7.240548147819936e-04,4.546742513775826e-02
1609046980982350424,0,1609046980982350424,-7.265576362609863e+00,6.094169616699219e-02,2.546716690063477e+00,-1.884031295776367e-01,-9.811634421348572e-01,1.275323738809675e-04,4.269222542643547e-02
1609046981084395818,0,1609046981084395818,-7.311863422393799e+00,-8.289162069559097e-03,2.538280725479126e+00,-1.886895745992661e-01,-9.812229275703430e-01,6.614007870666683e-04,3.996744379401207e-02
1609046981192600343,0,1609046981192600343,-7.351446151733398e+00,-8.240363001823425e-02,2.534774541854858e+00,-1.891181021928787e-01,-9.811406731605530e-01,1.841329736635089e-03,3.992339223623276e-02
1609046981286713831,0,1609046981286713831,-7.375917911529541e+00,-1.472707390785217e-01,2.531040430068970e+00,-1.890264898538589e-01,-9.811879396438599e-01,1.258284784853458e-03,3.921318054199219e-02
1609046981405574026,0,1609046981405574026,-7.400703907012939e+00,-2.269267737865448e-01,2.532426595687866e+00,-1.890205591917038e-01,-9.811881780624390e-01,3.471853444352746e-03,3.910388797521591e-02
1609046981502092553,0,1609046981502092553,-7.417941570281982e+00,-2.948727011680603e-01,2.530579566955566e+00,-1.892414093017578e-01,-9.810913205146790e-01,5.747294053435326e-03,4.018096998333931e-02
1609046981598820821,0,1609046981598820821,-7.429255962371826e+00,-3.633955121040344e-01,2.531827449798584e+00,-1.894570440053940e-01,-9.810784459114075e-01,6.287280004471540e-03,3.939017280936241e-02
1609046981700950287,0,1609046981700950287,-7.435956954956055e+00,-4.384145438671112e-01,2.532265186309814e+00,-1.892446875572205e-01,-9.812257885932922e-01,8.874378167092800e-03,3.610735759139061e-02
1609046981767891834,0,1609046981767891834,-7.439972400665283e+00,-4.937877655029297e-01,2.529457330703735e+00,-1.891806870698929e-01,-9.813292026519775e-01,9.251837618649006e-03,3.343912959098816e-02
1609046981869904642,0,1609046981869904642,-7.442660808563232e+00,-5.790764093399048e-01,2.514639377593994e+00,-1.894584298133850e-01,-9.813422560691833e-01,1.226412132382393e-02,3.037205711007118e-02
1609046981972157656,0,1609046981972157656,-7.442533016204834e+00,-6.642563343048096e-01,2.489551067352295e+00,-1.895504593849182e-01,-9.811770319938660e-01,2.388603985309601e-02,2.813987061381340e-02
1609046982074070876,0,1609046982074070876,-7.437844276428223e+00,-7.392381429672241e-01,2.478494882583618e+00,-1.894293874502182e-01,-9.807459115982056e-01,3.830881044268608e-02,2.804351784288883e-02
1609046982176785424,0,1609046982176785424,-7.427093982696533e+00,-7.975420951843262e-01,2.496361970901489e+00,-1.890663355588913e-01,-9.802207946777344e-01,5.072398856282234e-02,2.912546880543232e-02
1609046982289339145,0,1609046982289339145,-7.407828330993652e+00,-8.534283638000488e-01,2.525830745697021e+00,-1.885225772857666e-01,-9.795487523078918e-01,6.315165758132935e-02,3.090909309685230e-02
1609046982396408927,0,1609046982396408927,-7.385971069335938e+00,-8.988326787948608e-01,2.539291858673096e+00,-1.882212162017822e-01,-9.788066148757935e-01,7.349252700805664e-02,3.330778703093529e-02
1609046982498470812,0,1609046982498470812,-7.362485408782959e+00,-9.242489933967590e-01,2.551188468933105e+00,-1.879354417324066e-01,-9.785678982734680e-01,7.648325711488724e-02,3.515084087848663e-02
1609046982600177291,0,1609046982600177291,-7.332693099975586e+00,-9.399424195289612e-01,2.553996086120605e+00,-1.879183948040009e-01,-9.785655736923218e-01,7.538379728794098e-02,3.759539127349854e-02
1609046982691861274,0,1609046982691861274,-7.297430515289307e+00,-9.430302381515503e-01,2.547262430191040e+00,-1.882457286119461e-01,-9.787701964378357e-01,7.081621140241623e-02,3.946738317608833e-02
1609046982804250338,0,1609046982804250338,-7.250880718231201e+00,-9.368740320205688e-01,2.535560369491577e+00,-1.884580552577972e-01,-9.790369868278503e-01,6.418302655220032e-02,4.302062839269638e-02
1609046982877668307,0,1609046982877668307,-7.206956386566162e+00,-9.179101586341858e-01,2.528191804885864e+00,-1.886315792798996e-01,-9.793456196784973e-01,5.760389566421509e-02,4.452112317085266e-02
1609046982970864697,0,1609046982970864697,-7.143585205078125e+00,-8.804793357849121e-01,2.510018825531006e+00,-1.892167180776596e-01,-9.795290827751160e-01,5.029501765966415e-02,4.680049419403076e-02
1609046983073113480,0,1609046983073113480,-7.066928386688232e+00,-8.279188871383667e-01,2.524829149246216e+00,-1.898022592067719e-01,-9.798187017440796e-01,3.947108983993530e-02,4.870828613638878e-02
1609046983177597482,0,1609046983177597482,-6.986255168914795e+00,-7.727294564247131e-01,2.515241146087646e+00,-1.905569881200790e-01,-9.799479842185974e-01,2.790757641196251e-02,5.110029876232147e-02
1609046983285202999,0,1609046983285202999,-6.899412155151367e+00,-7.175804972648621e-01,2.498996257781982e+00,-1.907642036676407e-01,-9.799864888191223e-01,2.121160179376602e-02,5.278045311570168e-02
1609046983393034737,0,1609046983393034737,-6.802927017211914e+00,-6.584164500236511e-01,2.483720541000366e+00,-1.911615133285522e-01,-9.798148274421692e-01,1.451815944164991e-02,5.665218085050583e-02
1609046983489748370,0,1609046983489748370,-6.708189964294434e+00,-6.027582287788391e-01,2.480147361755371e+00,-1.913798004388809e-01,-9.795641899108887e-01,7.541031111031771e-03,6.140887737274170e-02
1609046983596782784,0,1609046983596782784,-6.595272541046143e+00,-5.487353205680847e-01,2.484766960144043e+00,-1.916913688182831e-01,-9.791852235794067e-01,3.811929200310260e-04,6.671341508626938e-02
1609046983694303663,0,1609046983694303663,-6.481307983398438e+00,-5.047498941421509e-01,2.486822128295898e+00,-1.920212209224701e-01,-9.788684844970703e-01,-3.243089187890291e-03,7.024122029542923e-02
1609046983806236757,0,1609046983806236757,-6.349671363830566e+00,-4.590025544166565e-01,2.492171287536621e+00,-1.924355179071426e-01,-9.785183668136597e-01,-7.751222699880600e-03,7.355497032403946e-02
1609046983908118274,0,1609046983908118274,-6.218908309936523e+00,-4.231182336807251e-01,2.502555131912231e+00,-1.927719563245773e-01,-9.781782031059265e-01,-1.098079606890678e-02,7.671984285116196e-02
1609046983974335567,0,1609046983974335567,-6.111566543579102e+00,-4.000959396362305e-01,2.499312877655029e+00,-1.931810230016708e-01,-9.780381917953491e-01,-1.221327390521765e-02,7.728658616542816e-02
1609046984076279007,0,1609046984076279007,-5.940886497497559e+00,-3.709560334682465e-01,2.499684810638428e+00,-1.934613734483719e-01,-9.778820276260376e-01,-1.285768952220678e-02,7.844877243041992e-02
1609046984173599487,0,1609046984173599487,-5.769021987915039e+00,-3.530694544315338e-01,2.499102830886841e+00,-1.936853379011154e-01,-9.777550101280212e-01,-1.299551781266928e-02,7.945001125335693e-02
1609046984280503145,0,1609046984280503145,-5.578551292419434e+00,-3.453727066516876e-01,2.498844861984253e+00,-1.939387917518616e-01,-9.777624607086182e-01,-1.083682011812925e-02,7.906260341405869e-02
1609046984387818441,0,1609046984387818441,-5.383433818817139e+00,-3.433473110198975e-01,2.488960027694702e+00,-1.937919408082962e-01,-9.779108166694641e-01,-6.280502770096064e-03,7.807594537734985e-02
1609046984489656844,0,1609046984489656844,-5.192495822906494e+00,-3.463632464408875e-01,2.491328001022339e+00,-1.937195509672165e-01,-9.779440760612488e-01,-2.832979429513216e-03,7.803967595100403e-02
1609046984591909119,0,1609046984591909119,-4.984218120574951e+00,-3.539205491542816e-01,2.484425783157349e+00,-1.935256868600845e-01,-9.783628582954407e-01,-5.070376209914684e-04,7.316939532756805e-02
1609046984688721423,0,1609046984688721423,-4.772784709930420e+00,-3.657787442207336e-01,2.476361274719238e+00,-1.934378594160080e-01,-9.789130687713623e-01,3.045612014830112e-03,6.558786332607269e-02
1609046984802133277,0,1609046984802133277,-4.533659934997559e+00,-3.801062405109406e-01,2.467885255813599e+00,-1.931604593992233e-01,-9.795919060707092e-01,5.794956814497709e-03,5.527483299374580e-02
1609046984903981868,0,1609046984903981868,-4.312899112701416e+00,-3.944903016090393e-01,2.437040567398071e+00,-1.932223737239838e-01,-9.800118207931519e-01,7.107053417712450e-03,4.681378230452538e-02
1609046985000746637,0,1609046985000746637,-4.088665485382080e+00,-4.099670946598053e-01,2.414233684539795e+00,-1.929226815700531e-01,-9.804598093032837e-01,8.694413118064404e-03,3.747066482901573e-02
1609046985072580804,0,1609046985072580804,-3.901053667068481e+00,-4.220989048480988e-01,2.395969629287720e+00,-1.932346969842911e-01,-9.805827140808105e-01,8.509748615324497e-03,3.233601525425911e-02
1609046985181001822,0,1609046985181001822,-3.626366138458252e+00,-4.366640746593475e-01,2.376354694366455e+00,-1.931211650371552e-01,-9.807933568954468e-01,7.495050318539143e-03,2.631543204188347e-02
1609046985283104496,0,1609046985283104496,-3.374952077865601e+00,-4.498177468776703e-01,2.358697891235352e+00,-1.929236948490143e-01,-9.809443354606628e-01,6.775353103876114e-03,2.197221107780933e-02
1609046985380021497,0,1609046985380021497,-3.130764961242676e+00,-4.645375013351440e-01,2.339240789413452e+00,-1.929096877574921e-01,-9.809878468513489e-01,5.953819490969181e-03,2.033179625868797e-02
1609046985481883912,0,1609046985481883912,-2.888044118881226e+00,-4.757030010223389e-01,2.324444532394409e+00,-1.927144080400467e-01,-9.810713529586792e-01,5.357651505619287e-03,1.820559054613113e-02
1609046985584132821,0,1609046985584132821,-2.653019189834595e+00,-4.880501925945282e-01,2.318246126174927e+00,-1.928788423538208e-01,-9.810997843742371e-01,4.819991998374462e-03,1.475324574857950e-02
1609046985696506051,0,1609046985696506051,-2.415270090103149e+00,-4.976536631584167e-01,2.306909561157227e+00,-1.927969157695770e-01,-9.811390638351440e-01,6.304526235908270e-03,1.247631479054689e-02
1609046985793186161,0,1609046985793186161,-2.212655305862427e+00,-5.064927935600281e-01,2.289146423339844e+00,-1.933766454458237e-01,-9.810349941253662e-01,7.159345317631960e-03,1.116436813026667e-02
1609046985891954314,0,1609046985891954314,-2.003281831741333e+00,-5.121773481369019e-01,2.278589010238647e+00,-1.933344900608063e-01,-9.810542464256287e-01,7.569344248622656e-03,9.853401221334934e-03
1609046985993733448,0,1609046985993733448,-1.789487004280090e+00,-5.194463133811951e-01,2.268615484237671e+00,-1.936886012554169e-01,-9.810002446174622e-01,8.092224597930908e-03,7.605195045471191e-03
1609046986106049174,0,1609046986106049174,-1.566525220870972e+00,-5.232132673263550e-01,2.258028745651245e+00,-1.934144347906113e-01,-9.810635447502136e-01,8.993716910481453e-03,4.935930017381907e-03
1609046986167093573,0,1609046986167093573,-1.421525359153748e+00,-5.281916856765747e-01,2.245933055877686e+00,-1.934974938631058e-01,-9.810442924499512e-01,1.016142591834068e-02,2.746890531852841e-03
1609046986274231196,0,1609046986274231196,-1.189371466636658e+00,-5.347055792808533e-01,2.227127790451050e+00,-1.931884288787842e-01,-9.811026453971863e-01,1.027552690356970e-02,-3.207545261830091e-03
1609046986381269375,0,1609046986381269375,-9.793668389320374e-01,-5.419641733169556e-01,2.193122625350952e+00,-1.934655159711838e-01,-9.810343384742737e-01,1.024000067263842e-02,-6.160716991871595e-03
1609046986480322628,0,1609046986480322628,-7.864329218864441e-01,-5.439040064811707e-01,2.172050714492798e+00,-1.933372318744659e-01,-9.809974431991577e-01,1.187726482748985e-02,-1.112207956612110e-02
1609046986587779521,0,1609046986587779521,-5.936609506607056e-01,-5.444403290748596e-01,2.150760889053345e+00,-1.933381706476212e-01,-9.809147715568542e-01,1.374701969325542e-02,-1.541394367814064e-02
1609046986690449110,0,1609046986690449110,-4.218040406703949e-01,-5.371282696723938e-01,2.145879268646240e+00,-1.928676962852478e-01,-9.809228181838989e-01,1.485932618379593e-02,-1.928216591477394e-02
1609046986792696669,0,1609046986792696669,-2.605428695678711e-01,-5.340488553047180e-01,2.137162923812866e+00,-1.932090967893600e-01,-9.807928800582886e-01,1.625824719667435e-02,-2.124329097568989e-02
1609046986889599655,0,1609046986889599655,-1.093674302101135e-01,-5.247796773910522e-01,2.129213809967041e+00,-1.927042603492737e-01,-9.808296561241150e-01,1.780788600444794e-02,-2.263193577528000e-02
1609046986996916800,0,1609046986996916800,4.051671177148819e-02,-5.125406384468079e-01,2.131888151168823e+00,-1.927789300680161e-01,-9.808704257011414e-01,1.782522723078728e-02,-2.029315195977688e-02
1609046987105658747,0,1609046987105658747,1.778013259172440e-01,-4.909995496273041e-01,2.136354923248291e+00,-1.927867829799652e-01,-9.810488820075989e-01,1.323176454752684e-02,-1.419175136834383e-02
1609046987202412694,0,1609046987202412694,3.005512952804565e-01,-4.691684544086456e-01,2.153017520904541e+00,-1.927466094493866e-01,-9.811801314353943e-01,6.309322081506252e-03,-9.723896160721779e-03
1609046987273782884,0,1609046987273782884,3.987048864364624e-01,-4.518605768680573e-01,2.152102231979370e+00,-1.920805871486664e-01,-9.813604950904846e-01,-4.253111546859145e-04,-6.042463704943657e-03
1609046987375683697,0,1609046987375683697,5.274389982223511e-01,-4.282466173171997e-01,2.129469871520996e+00,-1.922282576560974e-01,-9.813263416290283e-01,-6.837740074843168e-03,-3.172171127516776e-04
1609046987477772830,0,1609046987477772830,6.458132266998291e-01,-4.012674987316132e-01,2.136432170867920e+00,-1.922091543674469e-01,-9.812740683555603e-01,-1.229046564549208e-02,2.418272895738482e-03
1609046987586778207,0,1609046987586778207,7.595207095146179e-01,-3.795238137245178e-01,2.130472421646118e+00,-1.922505646944046e-01,-9.812584519386292e-01,-1.256793458014727e-02,3.700282657518983e-03
1609046987689860902,0,1609046987689860902,8.590151071548462e-01,-3.648711144924164e-01,2.141242265701294e+00,-1.925398111343384e-01,-9.812003970146179e-01,-1.266336534172297e-02,3.715404076501727e-03
1609046987781530633,0,1609046987781530633,9.500976204872131e-01,-3.525146543979645e-01,2.144848585128784e+00,-1.924001127481461e-01,-9.812401533126831e-01,-1.201702468097210e-02,2.386858686804771e-03
1609046987883220754,0,1609046987883220754,1.043621540069580e+00,-3.446109592914581e-01,2.161601305007935e+00,-1.923594176769257e-01,-9.812457561492920e-01,-1.238388381898403e-02,1.092581660486758e-03
1609046987995225530,0,1609046987995225530,1.135936737060547e+00,-3.419103622436523e-01,2.170844793319702e+00,-1.924447268247604e-01,-9.812248945236206e-01,-1.275435928255320e-02,2.243370254291221e-04
1609046988093482296,0,1609046988093482296,1.215901017189026e+00,-3.449625670909882e-01,2.184279203414917e+00,-1.921877115964890e-01,-9.812571406364441e-01,-1.408550050109625e-02,-1.586991711519659e-04
1609046988200449566,0,1609046988200449566,1.296879768371582e+00,-3.524292707443237e-01,2.179137945175171e+00,-1.923938691616058e-01,-9.811867475509644e-01,-1.602905802428722e-02,-5.028815357945859e-04
1609046988302721696,0,1609046988302721696,1.369563102722168e+00,-3.605413138866425e-01,2.181521654129028e+00,-1.922179013490677e-01,-9.811978340148926e-01,-1.726882904767990e-02,-2.228938974440098e-03
1609046988374231221,0,1609046988374231221,1.425396561622620e+00,-3.681215345859528e-01,2.182638168334961e+00,-1.921904683113098e-01,-9.811851382255554e-01,-1.785819977521896e-02,-4.429988563060760e-03
1609046988476132167,0,1609046988476132167,1.497820377349854e+00,-3.832940757274628e-01,2.175219297409058e+00,-1.921446174383163e-01,-9.812123775482178e-01,-1.611356623470783e-02,-6.576230749487877e-03
1609046988578380575,0,1609046988578380575,1.561550974845886e+00,-4.005183279514313e-01,2.188982009887695e+00,-1.921441704034805e-01,-9.812213182449341e-01,-1.420989073812962e-02,-9.138670749962330e-03
1609046988680198255,0,1609046988680198255,1.614713430404663e+00,-4.227856397628784e-01,2.206171512603760e+00,-1.921663433313370e-01,-9.812066555023193e-01,-1.388815045356750e-02,-1.062222197651863e-02
1609046988777003487,0,1609046988777003487,1.661183357238770e+00,-4.477677345275879e-01,2.210865497589111e+00,-1.920609772205353e-01,-9.812076687812805e-01,-1.515409070998430e-02,-1.070555392652750e-02
1609046988891383797,0,1609046988891383797,1.703380584716797e+00,-4.775843918323517e-01,2.214830636978149e+00,-1.919868290424347e-01,-9.811977744102478e-01,-1.715716533362865e-02,-9.888280183076859e-03
1609046988995299658,0,1609046988995299658,1.737556934356689e+00,-5.072753429412842e-01,2.210289001464844e+00,-1.919398903846741e-01,-9.811980724334717e-01,-1.825398951768875e-02,-8.737131021916866e-03
1609046989092023290,0,1609046989092023290,1.759733676910400e+00,-5.397108793258667e-01,2.207421302795410e+00,-1.917055100202560e-01,-9.812242984771729e-01,-1.961033605039120e-02,-7.958230562508106e-03
1609046989193930492,0,1609046989193930492,1.780820727348328e+00,-5.731023550033569e-01,2.204586505889893e+00,-1.918024867773056e-01,-9.812012314796448e-01,-1.986614055931568e-02,-7.832968607544899e-03
1609046989306281372,0,1609046989306281372,1.796459197998047e+00,-6.139058470726013e-01,2.204261064529419e+00,-1.918824017047882e-01,-9.812312126159668e-01,-1.733739860355854e-02,-8.115765638649464e-03
1609046989404118290,0,1609046989404118290,1.803255915641785e+00,-6.528461575508118e-01,2.220567703247070e+00,-1.919002532958984e-01,-9.812311530113220e-01,-1.668876037001610e-02,-9.012911468744278e-03
1609046989472032794,0,1609046989472032794,1.805787324905396e+00,-6.877560615539551e-01,2.233549118041992e+00,-1.921980977058411e-01,-9.811677336692810e-01,-1.661481149494648e-02,-9.690316393971443e-03
1609046989573972684,0,1609046989573972684,1.802734255790710e+00,-7.415674924850464e-01,2.243753671646118e+00,-1.920145004987717e-01,-9.811974763870239e-01,-1.651295833289623e-02,-1.045550219714642e-02
1609046989675952001,0,1609046989675952001,1.791173815727234e+00,-7.997518777847290e-01,2.242559432983398e+00,-1.921518594026566e-01,-9.811789393424988e-01,-1.616434194147587e-02,-1.020926609635353e-02
1609046989773880098,0,1609046989773880098,1.777416467666626e+00,-8.548393845558167e-01,2.250532865524292e+00,-1.920321136713028e-01,-9.811971783638000e-01,-1.640794798731804e-02,-1.032882928848267e-02
1609046989881441056,0,1609046989881441056,1.757713198661804e+00,-9.166536927223206e-01,2.262435674667358e+00,-1.920352429151535e-01,-9.811869859695435e-01,-1.643553562462330e-02,-1.115308608859777e-02
1609046989988686745,0,1609046989988686745,1.733062624931335e+00,-9.793342351913452e-01,2.265645265579224e+00,-1.921218335628510e-01,-9.811907410621643e-01,-1.477296464145184e-02,-1.165000908076763e-02
1609046990086420122,0,1609046990086420122,1.703444719314575e+00,-1.034589052200317e+00,2.271192789077759e+00,-1.921486854553223e-01,-9.812169671058655e-01,-1.171219535171986e-02,-1.244772225618362e-02
1609046990193898361,0,1609046990193898361,1.663592576980591e+00,-1.101914167404175e+00,2.289016246795654e+00,-1.921265125274658e-01,-9.812328815460205e-01,-8.845497854053974e-03,-1.382639165967703e-02
1609046990290618288,0,1609046990290618288,1.619799017906189e+00,-1.167738676071167e+00,2.281364917755127e+00,-1.923432499170303e-01,-9.812076687812805e-01,-4.482966382056475e-03,-1.468389201909304e-02
1609046990397757546,0,1609046990397757546,1.569715857505798e+00,-1.234128832817078e+00,2.299811840057373e+00,-1.923198401927948e-01,-9.811863303184509e-01,-2.372539136558771e-03,-1.676179468631744e-02
1609046990499628295,0,1609046990499628295,1.512140631675720e+00,-1.296960115432739e+00,2.314178943634033e+00,-1.925519555807114e-01,-9.811378717422485e-01,-7.474249578081071e-04,-1.707960851490498e-02
1609046990570933067,0,1609046990570933067,1.464433908462524e+00,-1.343079209327698e+00,2.321862220764160e+00,-1.921846717596054e-01,-9.812249541282654e-01,-1.776750432327390e-03,-1.611260138452053e-02
1609046990673117299,0,1609046990673117299,1.391434788703918e+00,-1.409728527069092e+00,2.339747428894043e+00,-1.922947913408279e-01,-9.812209606170654e-01,-5.683270283043385e-03,-1.399506907910109e-02
1609046990774985323,0,1609046990774985323,1.315792441368103e+00,-1.474338531494141e+00,2.347320556640625e+00,-1.918260455131531e-01,-9.813131093978882e-01,-8.349411189556122e-03,-1.255308091640472e-02
1609046990887856758,0,1609046990887856758,1.231323242187500e+00,-1.540542960166931e+00,2.343039512634277e+00,-1.915476769208908e-01,-9.813740849494934e-01,-1.049621123820543e-02,-1.020939741283655e-02
1609046990977887390,0,1609046990977887390,1.154763579368591e+00,-1.596006155014038e+00,2.351543426513672e+00,-1.911978572607040e-01,-9.814275503158569e-01,-1.222868356853724e-02,-9.683628566563129e-03
1609046991086445772,0,1609046991086445772,1.058793902397156e+00,-1.662986636161804e+00,2.360906600952148e+00,-1.911000311374664e-01,-9.814450740814209e-01,-1.208274532109499e-02,-1.001824159175158e-02
1609046991188748592,0,1609046991188748592,9.606574177742004e-01,-1.725771784782410e+00,2.384310483932495e+00,-1.909664124250412e-01,-9.814598560333252e-01,-1.145678292959929e-02,-1.170925144106150e-02
1609046991295674619,0,1609046991295674619,8.618365526199341e-01,-1.793150663375854e+00,2.378138303756714e+00,-1.910015046596527e-01,-9.814943075180054e-01,-6.228704936802387e-03,-1.219502091407776e-02
1609046991418068630,0,1609046991418068630,7.476538419723511e-01,-1.867070436477661e+00,2.376105785369873e+00,-1.910919398069382e-01,-9.814742207527161e-01,-1.204851083457470e-03,-1.381317060440779e-02
1609046991499306749,0,1609046991499306749,6.607393622398376e-01,-1.921705484390259e+00,2.410044193267822e+00,-1.910389363765717e-01,-9.814607501029968e-01,5.804288666695356e-04,-1.545006129890680e-02
1609046991602102870,0,1609046991602102870,5.455403923988342e-01,-1.991257905960083e+00,2.421512842178345e+00,-1.911452412605286e-01,-9.814145565032959e-01,3.955425694584846e-03,-1.653494499623775e-02
1609046991679433951,0,1609046991679433951,4.477193355560303e-01,-2.045390605926514e+00,2.430222034454346e+00,-1.910161674022675e-01,-9.814002513885498e-01,4.792714025825262e-03,-1.853102259337902e-02
1609046991776441179,0,1609046991776441179,3.181349635124207e-01,-2.112062215805054e+00,2.424391984939575e+00,-1.907417923212051e-01,-9.813975691795349e-01,7.384182419627905e-03,-2.054171822965145e-02
1609046991873762743,0,1609046991873762743,1.846053153276443e-01,-2.179082870483398e+00,2.423131465911865e+00,-1.910516172647476e-01,-9.812714457511902e-01,1.024032942950726e-02,-2.238090150058270e-02
1609046991982802496,0,1609046991982802496,3.540477156639099e-02,-2.244349241256714e+00,2.432262182235718e+00,-1.909502446651459e-01,-9.812622070312500e-01,1.036844775080681e-02,-2.355791628360748e-02
1609046992085055110,0,1609046992085055110,-1.076334565877914e-01,-2.300117731094360e+00,2.435554981231689e+00,-1.912986636161804e-01,-9.811707735061646e-01,1.162344031035900e-02,-2.395216748118401e-02
1609046992187013928,0,1609046992187013928,-2.567408084869385e-01,-2.349662065505981e+00,2.452008247375488e+00,-1.912119984626770e-01,-9.812077283859253e-01,1.131948083639145e-02,-2.326707169413567e-02
1609046992294096590,0,1609046992294096590,-4.105518758296967e-01,-2.398148775100708e+00,2.463971376419067e+00,-1.913083642721176e-01,-9.812540411949158e-01,1.074473746120930e-02,-2.064704708755016e-02
1609046992395913368,0,1609046992395913368,-5.636560916900635e-01,-2.442065715789795e+00,2.458703041076660e+00,-1.912078410387039e-01,-9.813361763954163e-01,9.825159795582294e-03,-1.795462891459465e-02
1609046992498182627,0,1609046992498182627,-7.266919612884521e-01,-2.482048988342285e+00,2.466865062713623e+00,-1.912071853876114e-01,-9.813757538795471e-01,8.687883615493774e-03,-1.631364971399307e-02
1609046992597282983,0,1609046992597282983,-8.912590742111206e-01,-2.520269632339478e+00,2.468987703323364e+00,-1.914234310388565e-01,-9.813418984413147e-01,8.244920521974564e-03,-1.604147627949715e-02
1609046992704368598,0,1609046992704368598,-1.071411371231079e+00,-2.558028459548950e+00,2.464124202728271e+00,-1.917391270399094e-01,-9.812854528427124e-01,8.607299998402596e-03,-1.552441902458668e-02
1609046992770518755,0,1609046992770518755,-1.205314636230469e+00,-2.585210084915161e+00,2.461220264434814e+00,-1.918693035840988e-01,-9.812662005424500e-01,8.973908610641956e-03,-1.490886881947517e-02
1609046992872241323,0,1609046992872241323,-1.406489253044128e+00,-2.622487783432007e+00,2.451234102249146e+00,-1.923483461141586e-01,-9.811876416206360e-01,9.475797414779663e-03,-1.353557966649532e-02
1609046992969772994,0,1609046992969772994,-1.597245097160339e+00,-2.653265714645386e+00,2.459925174713135e+00,-1.924546808004379e-01,-9.812002182006836e-01,8.390783332288265e-03,-1.170556060969830e-02
1609046993082522321,0,1609046993082522321,-1.805845260620117e+00,-2.686488628387451e+00,2.460746288299561e+00,-1.924889236688614e-01,-9.812038540840149e-01,7.938783615827560e-03,-1.113357301801443e-02
1609046993186600261,0,1609046993186600261,-1.997567892074585e+00,-2.717010736465454e+00,2.446141958236694e+00,-1.926364600658417e-01,-9.811744689941406e-01,9.197374805808067e-03,-1.016547344624996e-02
1609046993293491854,0,1609046993293491854,-2.194599151611328e+00,-2.744521379470825e+00,2.460988283157349e+00,-1.928053498268127e-01,-9.811911582946777e-01,6.098017562180758e-03,-7.262931670993567e-03
1609046993385063799,0,1609046993385063799,-2.370318174362183e+00,-2.767247200012207e+00,2.449432373046875e+00,-1.927087754011154e-01,-9.812281131744385e-01,5.502105690538883e-03,-4.942729603499174e-03
1609046993492298026,0,1609046993492298026,-2.569919824600220e+00,-2.794152975082397e+00,2.446347713470459e+00,-1.925809979438782e-01,-9.812614321708679e-01,5.027835257351398e-03,-3.627724945545197e-03
1609046993594793700,0,1609046993594793700,-2.760864496231079e+00,-2.819355964660645e+00,2.443808794021606e+00,-1.925934851169586e-01,-9.812495708465576e-01,6.428491324186325e-03,-3.958574030548334e-03
1609046993701697632,0,1609046993701697632,-2.964361906051636e+00,-2.843898773193359e+00,2.430559396743774e+00,-1.928729265928268e-01,-9.811717867851257e-01,1.001862529665232e-02,-1.296538859605789e-03
1609046993803509057,0,1609046993803509057,-3.161903142929077e+00,-2.865921497344971e+00,2.422702789306641e+00,-1.929147690534592e-01,-9.811353087425232e-01,1.248722895979881e-02,-1.204920699819922e-03
1609046993869733606,0,1609046993869733606,-3.307171344757080e+00,-2.879191398620605e+00,2.437537431716919e+00,-1.927430331707001e-01,-9.811871051788330e-01,1.065572910010815e-02,-2.897399943321943e-03
1609046993966398717,0,1609046993966398717,-3.518792152404785e+00,-2.901894092559814e+00,2.433878183364868e+00,-1.927078515291214e-01,-9.811854958534241e-01,1.127606350928545e-02,-3.408857621252537e-03
1609046994083538549,0,1609046994083538549,-3.750755786895752e+00,-2.922766447067261e+00,2.423974990844727e+00,-1.925900578498840e-01,-9.812072515487671e-01,1.149689126759768e-02,-3.030299209058285e-03
1609046994185684493,0,1609046994185684493,-3.944410800933838e+00,-2.937614679336548e+00,2.426722049713135e+00,-1.920905262231827e-01,-9.813011288642883e-01,1.134018134325743e-02,-4.549386911094189e-03
1609046994277450934,0,1609046994277450934,-4.131317138671875e+00,-2.952139377593994e+00,2.410320520401001e+00,-1.923430562019348e-01,-9.812284708023071e-01,1.321564614772797e-02,-4.490732681006193e-03
1609046994379497118,0,1609046994379497118,-4.338217258453369e+00,-2.961533546447754e+00,2.403314113616943e+00,-1.923814117908478e-01,-9.811758399009705e-01,1.642268337309361e-02,-3.704541595652699e-03
1609046994491912500,0,1609046994491912500,-4.552792549133301e+00,-2.969122409820557e+00,2.406618595123291e+00,-1.924093961715698e-01,-9.810922145843506e-01,2.066468633711338e-02,-3.107432974502444e-03
1609046994593734811,0,1609046994593734811,-4.748526573181152e+00,-2.975217103958130e+00,2.401628017425537e+00,-1.928222626447678e-01,-9.809125661849976e-01,2.503768913447857e-02,-1.805757055990398e-03
1609046994695637421,0,1609046994695637421,-4.944352626800537e+00,-2.971022844314575e+00,2.423689126968384e+00,-1.928117275238037e-01,-9.807965159416199e-01,2.933526597917080e-02,-1.179944840259850e-03
1609046994792227587,0,1609046994792227587,-5.136845111846924e+00,-2.967585325241089e+00,2.437710762023926e+00,-1.930660158395767e-01,-9.807407855987549e-01,2.954339049756527e-02,-6.072725518606603e-04
1609046994899008619,0,1609046994899008619,-5.343412876129150e+00,-2.957275867462158e+00,2.418745756149292e+00,-1.925571858882904e-01,-9.809060692787170e-01,2.729699574410915e-02,-1.962745736818761e-04
1609046994965022260,0,1609046994965022260,-5.491602420806885e+00,-2.951527833938599e+00,2.403831005096436e+00,-1.926579475402832e-01,-9.809156060218811e-01,2.621813118457794e-02,2.144028112525120e-04
1609046995067028593,0,1609046995067028593,-5.710377693176270e+00,-2.933677196502686e+00,2.389900922775269e+00,-1.924283206462860e-01,-9.810299277305603e-01,2.347408235073090e-02,7.499368512071669e-04
1609046995179147165,0,1609046995179147165,-5.928949356079102e+00,-2.906578302383423e+00,2.391975402832031e+00,-1.921883225440979e-01,-9.811139106750488e-01,2.188199758529663e-02,5.432691541500390e-04
1609046995275923475,0,1609046995275923475,-6.118586063385010e+00,-2.878728628158569e+00,2.388491153717041e+00,-1.924023926258087e-01,-9.810460209846497e-01,2.297835983335972e-02,1.414191559888422e-03
1609046995383437375,0,1609046995383437375,-6.320334911346436e+00,-2.842395305633545e+00,2.397992849349976e+00,-1.924317628145218e-01,-9.810550808906555e-01,2.233195304870605e-02,1.480281236581504e-03
1609046995485654196,0,1609046995485654196,-6.509734630584717e+00,-2.805413961410522e+00,2.388435840606689e+00,-1.924774050712585e-01,-9.809860587120056e-01,2.476463839411736e-02,2.380298916250467e-03
1609046995583034365,0,1609046995583034365,-6.691340923309326e+00,-2.765153169631958e+00,2.385128498077393e+00,-1.923964321613312e-01,-9.809903502464294e-01,2.521545067429543e-02,2.410132670775056e-03
1609046995690601596,0,1609046995690601596,-6.885601520538330e+00,-2.718589544296265e+00,2.378580093383789e+00,-1.929097175598145e-01,-9.808369874954224e-01,2.711958624422550e-02,3.035076195374131e-03
1609046995797795739,0,1609046995797795739,-7.075084686279297e+00,-2.667273759841919e+00,2.396468639373779e+00,-1.926238089799881e-01,-9.808798432350159e-01,2.696536108851433e-02,6.621171254664660e-03
1609046995904838089,0,1609046995904838089,-7.262798786163330e+00,-2.615715265274048e+00,2.391365051269531e+00,-1.925552934408188e-01,-9.809212088584900e-01,2.311990596354008e-02,1.347325835376978e-02
1609046996001654598,0,1609046996001654598,-7.435549736022949e+00,-2.565669298171997e+00,2.383626461029053e+00,-1.925920248031616e-01,-9.808387160301208e-01,1.949702203273773e-02,2.199023962020874e-02
1609046996067995025,0,1609046996067995025,-7.570082664489746e+00,-2.519798755645752e+00,2.404176712036133e+00,-1.922399550676346e-01,-9.807056188583374e-01,1.490226201713085e-02,3.222232311964035e-02
1609046996169751684,0,1609046996169751684,-7.765017986297607e+00,-2.453550100326538e+00,2.436295509338379e+00,-1.923827230930328e-01,-9.800628423690796e-01,8.978663012385368e-03,4.883890226483345e-02
1609046996283172036,0,1609046996283172036,-7.954893589019775e+00,-2.383057355880737e+00,2.472155809402466e+00,-1.922515928745270e-01,-9.793082475662231e-01,3.844377119094133e-03,6.308701634407043e-02
1609046996379834457,0,1609046996379834457,-8.108995437622070e+00,-2.322496414184570e+00,2.494744777679443e+00,-1.922892481088638e-01,-9.784602522850037e-01,3.183501830790192e-04,7.510297745466232e-02
1609046996487240143,0,1609046996487240143,-8.258921623229980e+00,-2.263051748275757e+00,2.506538152694702e+00,-1.923389732837677e-01,-9.774266481399536e-01,-3.749602707102895e-03,8.734311908483505e-02
1609046996589043047,0,1609046996589043047,-8.382193565368652e+00,-2.210800170898438e+00,2.512803554534912e+00,-1.922959387302399e-01,-9.765976667404175e-01,-6.163710262626410e-03,9.613165259361267e-02
1609046996691219765,0,1609046996691219765,-8.490498542785645e+00,-2.165905237197876e+00,2.517903566360474e+00,-1.921119689941406e-01,-9.761704802513123e-01,-6.015846505761147e-03,1.007369533181190e-01
1609046996793107660,0,1609046996793107660,-8.580505371093750e+00,-2.131647586822510e+00,2.520483493804932e+00,-1.922926008701324e-01,-9.759700298309326e-01,-2.289087977260351e-03,1.024735942482948e-01
1609046996900006609,0,1609046996900006609,-8.648918151855469e+00,-2.101846456527710e+00,2.518371820449829e+00,-1.923564672470093e-01,-9.759390354156494e-01,7.359162555076182e-04,1.026719585061073e-01
1609046997002110053,0,1609046997002110053,-8.692707061767578e+00,-2.082715034484863e+00,2.512994527816772e+00,-1.921987235546112e-01,-9.758888483047485e-01,5.098578985780478e-03,1.033183857798576e-01
1609046997099348678,0,1609046997099348678,-8.716116905212402e+00,-2.067008256912231e+00,2.506819725036621e+00,-1.920368820428848e-01,-9.759137630462646e-01,8.164891973137856e-03,1.031876280903816e-01
1609046997170492574,0,1609046997170492574,-8.723487854003906e+00,-2.056879043579102e+00,2.506249666213989e+00,-1.916126310825348e-01,-9.759458899497986e-01,1.134916394948959e-02,1.033705323934555e-01
1609046997267188351,0,1609046997267188351,-8.717658996582031e+00,-2.047678470611572e+00,2.501561164855957e+00,-1.916465461254120e-01,-9.757488369941711e-01,1.557735539972782e-02,1.046100333333015e-01
1609046997379442370,0,1609046997379442370,-8.690999984741211e+00,-2.039721965789795e+00,2.500041246414185e+00,-1.912605315446854e-01,-9.755741953849792e-01,1.991144381463528e-02,1.061978489160538e-01
1609046997476659611,0,1609046997476659611,-8.648507118225098e+00,-2.034965276718140e+00,2.488705396652222e+00,-1.909006386995316e-01,-9.755981564521790e-01,2.455889619886875e-02,1.056506410241127e-01
1609046997579105308,0,1609046997579105308,-8.586066246032715e+00,-2.026494741439819e+00,2.479756116867065e+00,-1.908763945102692e-01,-9.754656553268433e-01,3.046178817749023e-02,1.053808778524399e-01
1609046997692291619,0,1609046997692291619,-8.501906394958496e+00,-2.020953655242920e+00,2.472790002822876e+00,-1.906659007072449e-01,-9.752948284149170e-01,3.818037733435631e-02,1.048272252082825e-01
1609046997788892870,0,1609046997788892870,-8.406639099121094e+00,-2.011591196060181e+00,2.468801736831665e+00,-1.904010772705078e-01,-9.752429127693176e-01,4.470726475119591e-02,1.031996458768845e-01
1609046997891727286,0,1609046997891727286,-8.288969039916992e+00,-1.999363899230957e+00,2.444256067276001e+00,-1.903270334005356e-01,-9.751019477844238e-01,5.462469160556793e-02,9.983932226896286e-02
1609046997993561120,0,1609046997993561120,-8.151553153991699e+00,-1.978704214096069e+00,2.439956903457642e+00,-1.898007839918137e-01,-9.751424789428711e-01,5.978152900934219e-02,9.746374189853668e-02
1609046998100454571,0,1609046998100454571,-7.992588996887207e+00,-1.951169610023499e+00,2.425086736679077e+00,-1.894424557685852e-01,-9.751255512237549e-01,6.447821110486984e-02,9.531235694885254e-02
1609046998202204352,0,1609046998202204352,-7.827481269836426e+00,-1.920537233352661e+00,2.403000593185425e+00,-1.892428100109100e-01,-9.749479293823242e-01,7.017537206411362e-02,9.348317980766296e-02
1609046998269691393,0,1609046998269691393,-7.687881946563721e+00,-1.887021660804749e+00,2.396767139434814e+00,-1.893063485622406e-01,-9.750619530677795e-01,6.998571753501892e-02,9.229998290538788e-02
1609046998367461986,0,1609046998367461986,-7.469553947448730e+00,-1.827584981918335e+00,2.387406110763550e+00,-1.895079314708710e-01,-9.755177497863770e-01,6.670698523521423e-02,8.945452421903610e-02
1609046998471305653,0,1609046998471305653,-7.230504989624023e+00,-1.753515601158142e+00,2.377975702285767e+00,-1.900014877319336e-01,-9.764399528503418e-01,5.703393369913101e-02,8.492050319910049e-02
1609046998573327036,0,1609046998573327036,-6.994922161102295e+00,-1.678037166595459e+00,2.358182191848755e+00,-1.909589916467667e-01,-9.773578047752380e-01,4.160030558705330e-02,8.109183609485626e-02
1609046998690476791,0,1609046998690476791,-6.729038238525391e+00,-1.595780014991760e+00,2.321579217910767e+00,-1.919735968112946e-01,-9.780886173248291e-01,3.077338077127934e-02,7.444411516189575e-02
1609046998792398165,0,1609046998792398165,-6.485753536224365e+00,-1.511565804481506e+00,2.304001569747925e+00,-1.925511360168457e-01,-9.787051081657410e-01,2.339905500411987e-02,6.717735528945923e-02
1609046998889099854,0,1609046998889099854,-6.238368988037109e+00,-1.426798224449158e+00,2.285013675689697e+00,-1.930607855319977e-01,-9.793180227279663e-01,1.790129765868187e-02,5.782242119312286e-02
1609046998985784095,0,1609046998985784095,-5.974612236022949e+00,-1.340161561965942e+00,2.268978118896484e+00,-1.935011148452759e-01,-9.796842336654663e-01,1.402652449905872e-02,5.078854039311409e-02
1609046999098268670,0,1609046999098268670,-5.681104183197021e+00,-1.250843048095703e+00,2.236756086349487e+00,-1.938543021678925e-01,-9.799664616584778e-01,1.384587306529284e-02,4.352835565805435e-02
1609046999200299697,0,1609046999200299697,-5.407099246978760e+00,-1.172504305839539e+00,2.222678899765015e+00,-1.942397952079773e-01,-9.801194071769714e-01,1.459076441824436e-02,3.773542121052742e-02
1609046999302512386,0,1609046999302512386,-5.133088111877441e+00,-1.095518827438354e+00,2.211685419082642e+00,-1.943320631980896e-01,-9.802003502845764e-01,1.603514328598976e-02,3.442743420600891e-02
1609046999373717283,0,1609046999373717283,-4.913539886474609e+00,-1.032170176506042e+00,2.203016996383667e+00,-1.941301524639130e-01,-9.802095293998718e-01,1.744680292904377e-02,3.461686521768570e-02
1609046999475890669,0,1609046999475890669,-4.604103565216064e+00,-9.469717144966125e-01,2.198918342590332e+00,-1.938362717628479e-01,-9.802465438842773e-01,1.975330151617527e-02,3.397107496857643e-02
1609046999577733475,0,1609046999577733475,-4.299260139465332e+00,-8.648253679275513e-01,2.206657648086548e+00,-1.941585689783096e-01,-9.801811575889587e-01,2.059007063508034e-02,3.351626172661781e-02
1609046999674418085,0,1609046999674418085,-4.021548271179199e+00,-7.857760190963745e-01,2.217355966567993e+00,-1.942819356918335e-01,-9.801903963088989e-01,2.024923637509346e-02,3.273176401853561e-02
1609046999786385675,0,1609046999786385675,-3.718298196792603e+00,-6.974180936813354e-01,2.220838785171509e+00,-1.943899095058441e-01,-9.803057909011841e-01,1.858572661876678e-02,2.945592626929283e-02
1609046999883188338,0,1609046999883188338,-3.453438520431519e+00,-6.183528304100037e-01,2.217438459396362e+00,-1.947566419839859e-01,-9.803085327148438e-01,1.717468164861202e-02,2.775281667709351e-02
1609046999985093799,0,1609046999985093799,-3.174962997436523e+00,-5.305295586585999e-01,2.204819917678833e+00,-1.950407922267914e-01,-9.803368449211121e-01,1.523344684392214e-02,2.582267485558987e-02
1609047000092377939,0,1609047000092377939,-2.886251449584961e+00,-4.404690563678741e-01,2.190051078796387e+00,-1.951283663511276e-01,-9.804410934448242e-01,1.482949778437614e-02,2.098411880433559e-02
1609047000201564252,0,1609047000201564252,-2.595702886581421e+00,-3.497693836688995e-01,2.188621520996094e+00,-1.945057958364487e-01,-9.807430505752563e-01,1.728066615760326e-02,3.445372683927417e-03
1609047000303456962,0,1609047000303456962,-2.335012197494507e+00,-2.614654004573822e-01,2.186056137084961e+00,-1.942573636770248e-01,-9.806817173957825e-01,1.953172311186790e-02,-1.207732874900103e-02
1609047000397652401,0,1609047000397652401,-2.089865922927856e+00,-1.761620789766312e-01,2.159548997879028e+00,-1.939367949962616e-01,-9.804540872573853e-01,2.126985229551792e-02,-2.541355043649673e-02
1609047000475278688,0,1609047000475278688,-1.876100897789001e+00,-9.908057004213333e-02,2.142870664596558e+00,-1.936593353748322e-01,-9.800798296928406e-01,2.293752506375313e-02,-3.759621456265450e-02
1609047000578031092,0,1609047000578031092,-1.603011131286621e+00,4.192299209535122e-03,2.126544713973999e+00,-1.929379701614380e-01,-9.795547723770142e-01,2.603897452354431e-02,-5.068871006369591e-02
1609047000674843093,0,1609047000674843093,-1.359568238258362e+00,1.078892201185226e-01,2.122038841247559e+00,-1.922666281461716e-01,-9.792217612266541e-01,2.724894881248474e-02,-5.844483152031898e-02
1609047000778915076,0,1609047000778915076,-1.126700878143311e+00,2.222222983837128e-01,2.120786905288696e+00,-1.920502781867981e-01,-9.790506362915039e-01,2.626341953873634e-02,-6.234413757920265e-02
1609047000885718969,0,1609047000885718969,-9.180928468704224e-01,3.429692089557648e-01,2.122077226638794e+00,-1.917854249477386e-01,-9.789984226226807e-01,2.411719970405102e-02,-6.479772180318832e-02
1609047000992705124,0,1609047000992705124,-7.420321106910706e-01,4.713163971900940e-01,2.132901430130005e+00,-1.917580813169479e-01,-9.792744517326355e-01,1.649269461631775e-02,-6.307428330183029e-02
1609047001094543469,0,1609047001094543469,-5.956635475158691e-01,5.961352586746216e-01,2.155203580856323e+00,-1.920516490936279e-01,-9.796093702316284e-01,3.036051988601685e-03,-5.892767757177353e-02
1609047001196434569,0,1609047001196434569,-4.561257064342499e-01,7.249656915664673e-01,2.147208690643311e+00,-1.916956901550293e-01,-9.798241853713989e-01,-9.283968247473240e-03,-5.577706545591354e-02
1609047001288448029,0,1609047001288448029,-3.403915166854858e-01,8.480968475341797e-01,2.141436100006104e+00,-1.917383074760437e-01,-9.797965884208679e-01,-2.126011997461319e-02,-5.275544896721840e-02
1609047001397924202,0,1609047001397924202,-2.220419198274612e-01,9.849860668182373e-01,2.136385202407837e+00,-1.917805522680283e-01,-9.794880151748657e-01,-3.444596752524376e-02,-5.135084316134453e-02
1609047001500185541,0,1609047001500185541,-1.360644698143005e-01,1.109701871871948e+00,2.129862308502197e+00,-1.918179988861084e-01,-9.791613817214966e-01,-4.149860143661499e-02,-5.221802368760109e-02
1609047001577421182,0,1609047001577421182,-7.829026877880096e-02,1.203330159187317e+00,2.127570390701294e+00,-1.921880096197128e-01,-9.788361191749573e-01,-4.381193593144417e-02,-5.499393492937088e-02
1609047001674817305,0,1609047001674817305,-1.530188135802746e-02,1.318827152252197e+00,2.145122766494751e+00,-1.919897198677063e-01,-9.784366488456726e-01,-4.954931512475014e-02,-5.784990265965462e-02
1609047001777664481,0,1609047001777664481,3.172611072659492e-02,1.420885562896729e+00,2.143367528915405e+00,-1.921747475862503e-01,-9.782962799072266e-01,-5.075718462467194e-02,-5.855749547481537e-02
1609047001879477411,0,1609047001879477411,5.772669985890388e-02,1.508497953414917e+00,2.163746356964111e+00,-1.921089738607407e-01,-9.781205654144287e-01,-5.333837121725082e-02,-5.940890312194824e-02
1609047001986718991,0,1609047001986718991,6.651347875595093e-02,1.580608963966370e+00,2.165879011154175e+00,-1.924537569284439e-01,-9.781537055969238e-01,-5.328439921140671e-02,-5.777289718389511e-02
1609047002093588789,0,1609047002093588789,5.257455259561539e-02,1.639237642288208e+00,2.176235675811768e+00,-1.922661960124969e-01,-9.783517122268677e-01,-5.497236177325249e-02,-5.328997224569321e-02
1609047002190271445,0,1609047002190271445,2.361219376325607e-02,1.681613802909851e+00,2.167512416839600e+00,-1.922123879194260e-01,-9.788859486579895e-01,-5.511358380317688e-02,-4.241710156202316e-02
1609047002292954924,0,1609047002292974352,-1.586023904383183e-02,1.717335104942322e+00,2.185902833938599e+00,-1.919008344411850e-01,-9.792448282241821e-01,-5.670635402202606e-02,-3.221974894404411e-02
1609047002394768907,0,1609047002394768907,-6.610854715108871e-02,1.739307165145874e+00,2.199231863021851e+00,-1.920598894357681e-01,-9.798898100852966e-01,-4.887806624174118e-02,-2.323650568723679e-02
1609047002501770547,0,1609047002501770547,-1.330533772706985e-01,1.753650546073914e+00,2.203358888626099e+00,-1.929502189159393e-01,-9.804654717445374e-01,-3.586816042661667e-02,-1.308020949363708e-02
1609047002603549220,0,1609047002603549220,-2.152088731527328e-01,1.758855938911438e+00,2.241087675094604e+00,-1.932337731122971e-01,-9.807779788970947e-01,-2.704635262489319e-02,-1.984272850677371e-03
1609047002669725351,0,1609047002669725351,-2.734516263008118e-01,1.759099364280701e+00,2.260641574859619e+00,-1.931983977556229e-01,-9.809688925743103e-01,-1.885593868792057e-02,4.345040768384933e-03
1609047002766482514,0,1609047002766482514,-3.606159090995789e-01,1.753708243370056e+00,2.306800603866577e+00,-1.932013034820557e-01,-9.810323715209961e-01,-9.017095901072025e-03,1.293618232011795e-02
1609047002883771100,0,1609047002883771100,-4.524630308151245e-01,1.741242051124573e+00,2.338299751281738e+00,-1.930613219738007e-01,-9.809439778327942e-01,-2.877928549423814e-03,2.163102664053440e-02
1609047002985565363,0,1609047002985565363,-5.302328467369080e-01,1.727731227874756e+00,2.351574897766113e+00,-1.928532719612122e-01,-9.807991981506348e-01,8.930815965868533e-04,2.897910773754120e-02
1609047003082244845,0,1609047003082244845,-6.001868247985840e-01,1.717802524566650e+00,2.369739532470703e+00,-1.925908178091049e-01,-9.806767106056213e-01,1.141623244620860e-03,3.436016291379929e-02
1609047003178965073,0,1609047003178965073,-6.645700931549072e-01,1.709082841873169e+00,2.384737491607666e+00,-1.923474222421646e-01,-9.805361628532410e-01,8.145111496560276e-04,3.937779739499092e-02
1609047003296871076,0,1609047003296871076,-7.291578650474548e-01,1.699628829956055e+00,2.394656896591187e+00,-1.921625584363937e-01,-9.803466796875000e-01,-4.021867644041777e-04,4.465147480368614e-02
1609047003399391049,0,1609047003399391049,-7.783535122871399e-01,1.694012999534607e+00,2.412971496582031e+00,-1.920111179351807e-01,-9.802227616310120e-01,-1.487119006924331e-03,4.788412526249886e-02
1609047003498612108,0,1609047003498612108,-8.202107548713684e-01,1.684912085533142e+00,2.421547889709473e+00,-1.918953061103821e-01,-9.800751209259033e-01,-2.060694387182593e-03,5.123307555913925e-02
1609047003600663268,0,1609047003600663268,-8.562428951263428e-01,1.672759652137756e+00,2.447176933288574e+00,-1.917429268360138e-01,-9.800720810890198e-01,-2.315601333975792e-03,5.184676870703697e-02
1609047003702677057,0,1609047003702677057,-8.844991326332092e-01,1.656481623649597e+00,2.458181858062744e+00,-1.920408159494400e-01,-9.800466299057007e-01,4.170397296547890e-04,5.127151310443878e-02
1609047003774157201,0,1609047003774157201,-9.014024138450623e-01,1.644721508026123e+00,2.465199708938599e+00,-1.922487467527390e-01,-9.800902605056763e-01,5.048426333814859e-03,4.937565326690674e-02
1609047003876099886,0,1609047003876099886,-9.167806506156921e-01,1.626092314720154e+00,2.479012727737427e+00,-1.923666596412659e-01,-9.801440238952637e-01,1.025249995291233e-02,4.698768258094788e-02
1609047003983407877,0,1609047003983407877,-9.255648851394653e-01,1.603521704673767e+00,2.489452600479126e+00,-1.925399601459503e-01,-9.800308942794800e-01,1.715877465903759e-02,4.661903157830238e-02
1609047004086641209,0,1609047004086641209,-9.245389103889465e-01,1.581609487533569e+00,2.504455804824829e+00,-1.927923709154129e-01,-9.798123836517334e-01,2.249303460121155e-02,4.788457974791527e-02
1609047004183515138,0,1609047004183515138,-9.150729775428772e-01,1.563140034675598e+00,2.516738414764404e+00,-1.926290243864059e-01,-9.796102046966553e-01,2.722558379173279e-02,5.016806721687317e-02
1609047004280671456,0,1609047004280671456,-8.976526260375977e-01,1.546152830123901e+00,2.525125026702881e+00,-1.925593316555023e-01,-9.793878197669983e-01,3.085930831730366e-02,5.261254310607910e-02
1609047004382927703,0,1609047004382927703,-8.778178691864014e-01,1.535717010498047e+00,2.525119543075562e+00,-1.924022138118744e-01,-9.791616201400757e-01,3.509785979986191e-02,5.469935759902000e-02
1609047004490301859,0,1609047004490301859,-8.427355885505676e-01,1.529347896575928e+00,2.532050132751465e+00,-1.925231665372849e-01,-9.789738655090332e-01,3.821150213479996e-02,5.554159358143806e-02
1609047004602608206,0,1609047004602608206,-8.019199967384338e-01,1.531965494155884e+00,2.537736415863037e+00,-1.924124062061310e-01,-9.789054393768311e-01,4.146399348974228e-02,5.479365214705467e-02
1609047004699784690,0,1609047004699784690,-7.560594081878662e-01,1.537695527076721e+00,2.536959409713745e+00,-1.924511045217514e-01,-9.788873195648193e-01,4.373859614133835e-02,5.319062992930412e-02
1609047004801906379,0,1609047004801906379,-6.987991333007812e-01,1.550602555274963e+00,2.530920982360840e+00,-1.926205754280090e-01,-9.789916872978210e-01,4.453402012586594e-02,4.989353567361832e-02
1609047004873339563,0,1609047004873339563,-6.468605399131775e-01,1.566745638847351e+00,2.528177738189697e+00,-1.924714297056198e-01,-9.793161749839783e-01,4.382908344268799e-02,4.442514106631279e-02
1609047004975190185,0,1609047004975190185,-5.657967329025269e-01,1.596743583679199e+00,2.519064188003540e+00,-1.927374303340912e-01,-9.797620177268982e-01,4.139361158013344e-02,3.471795469522476e-02
1609047005077201470,0,1609047005077201470,-4.869632124900818e-01,1.635753154754639e+00,2.515818834304810e+00,-1.929331570863724e-01,-9.802749156951904e-01,3.397963941097260e-02,2.614068798720837e-02
1609047005184342113,0,1609047005184342113,-4.014551937580109e-01,1.672622561454773e+00,2.482721328735352e+00,-1.932481527328491e-01,-9.806416630744934e-01,2.522663585841656e-02,1.899652928113937e-02
1609047005276084870,0,1609047005276084870,-3.173312246799469e-01,1.713106632232666e+00,2.432370662689209e+00,-1.930261552333832e-01,-9.808998107910156e-01,2.155227214097977e-02,1.058454811573029e-02
1609047005379943600,0,1609047005379943600,-2.279668897390366e-01,1.761607408523560e+00,2.426251649856567e+00,-1.932312101125717e-01,-9.810112118721008e-01,1.662540063261986e-02,1.538556651212275e-03
1609047005484156343,0,1609047005484156343,-1.446715444326401e-01,1.814136624336243e+00,2.410790920257568e+00,-1.932797878980637e-01,-9.810187220573425e-01,1.435977965593338e-02,-6.254304200410843e-03
1609047005596083442,0,1609047005596083442,-6.843882054090500e-02,1.869713425636292e+00,2.391118049621582e+00,-1.934106498956680e-01,-9.809431433677673e-01,1.352279540151358e-02,-1.264962833374739e-02
1609047005708370155,0,1609047005708370155,5.371193401515484e-03,1.924564242362976e+00,2.389304399490356e+00,-1.931396126747131e-01,-9.808371663093567e-01,1.456846017390490e-02,-2.105192467570305e-02
1609047005804971670,0,1609047005804971670,6.534896045923233e-02,1.974100351333618e+00,2.388932466506958e+00,-1.929607242345810e-01,-9.806544780731201e-01,1.564887724816799e-02,-2.894973196089268e-02
1609047005896455115,0,1609047005896455115,1.143836006522179e-01,2.027080535888672e+00,2.387671470642090e+00,-1.928464323282242e-01,-9.803729653358459e-01,1.702716574072838e-02,-3.727285936474800e-02
1609047005972815956,0,1609047005972815956,1.531714648008347e-01,2.078607797622681e+00,2.382399082183838e+00,-1.924880892038345e-01,-9.800578355789185e-01,1.820036582648754e-02,-4.586752504110336e-02
1609047006074843232,0,1609047006074843232,1.903563141822815e-01,2.146759748458862e+00,2.361433267593384e+00,-1.924394369125366e-01,-9.795044660568237e-01,2.132399939000607e-02,-5.552904680371284e-02
1609047006181819016,0,1609047006181819016,2.058915495872498e-01,2.226012945175171e+00,2.354861021041870e+00,-1.923209428787231e-01,-9.790577292442322e-01,2.352632395923138e-02,-6.249114871025085e-02
1609047006283583527,0,1609047006283583527,2.036777585744858e-01,2.308854579925537e+00,2.366620063781738e+00,-1.920637637376785e-01,-9.789970517158508e-01,2.093155495822430e-02,-6.510047614574432e-02
1609047006385317423,0,1609047006385317423,1.927666813135147e-01,2.385945081710815e+00,2.363959550857544e+00,-1.921732872724533e-01,-9.790762662887573e-01,1.677106693387032e-02,-6.479118764400482e-02
1609047006487669618,0,1609047006487669618,1.615068763494492e-01,2.478840827941895e+00,2.389567136764526e+00,-1.915712505578995e-01,-9.795415997505188e-01,3.271690336987376e-03,-6.154596433043480e-02
1609047006594515648,0,1609047006594515648,1.169030591845512e-01,2.574895381927490e+00,2.407350063323975e+00,-1.908744573593140e-01,-9.798800349235535e-01,-1.680902391672134e-02,-5.585210025310516e-02
1609047006691466910,0,1609047006691466910,6.183579564094543e-02,2.658914327621460e+00,2.392623662948608e+00,-1.903354972600937e-01,-9.798892736434937e-01,-3.189723193645477e-02,-5.071415007114410e-02
1609047006789076483,0,1609047006789076483,-7.144966162741184e-03,2.743103027343750e+00,2.366385221481323e+00,-1.898891776800156e-01,-9.796392321586609e-01,-4.630374535918236e-02,-4.588120430707932e-02
1609047006890896336,0,1609047006890896336,-9.306115657091141e-02,2.830459594726562e+00,2.350182056427002e+00,-1.897903680801392e-01,-9.792188405990601e-01,-5.872129276394844e-02,-4.076649621129036e-02
1609047007008170453,0,1609047007008170453,-2.016377747058868e-01,2.910146713256836e+00,2.360396623611450e+00,-1.892067044973373e-01,-9.786502122879028e-01,-7.081969082355499e-02,-3.780452534556389e-02
1609047007074320945,0,1609047007074320945,-2.823864221572876e-01,2.954400539398193e+00,2.357902288436890e+00,-1.890320777893066e-01,-9.784690737724304e-01,-7.442896068096161e-02,-3.640737384557724e-02
1609047007176137576,0,1609047007176137576,-4.095341265201569e-01,2.999854087829590e+00,2.357303857803345e+00,-1.887300163507462e-01,-9.784117937088013e-01,-7.647722959518433e-02,-3.524903208017349e-02
1609047007278712325,0,1609047007278712325,-5.463135242462158e-01,3.027281522750854e+00,2.355081081390381e+00,-1.888218224048615e-01,-9.786939620971680e-01,-7.273363322019577e-02,-3.484489396214485e-02
1609047007380777925,0,1609047007380777925,-6.912517547607422e-01,3.032835960388184e+00,2.347410440444946e+00,-1.890798211097717e-01,-9.792659282684326e-01,-6.455030292272568e-02,-3.347011283040047e-02
1609047007488003895,0,1609047007488003895,-8.511910438537598e-01,3.023897886276245e+00,2.344802618026733e+00,-1.894998848438263e-01,-9.800481796264648e-01,-5.204558745026588e-02,-2.977398782968521e-02
1609047007589937788,0,1609047007589937788,-1.010801196098328e+00,3.003320693969727e+00,2.368929624557495e+00,-1.896350085735321e-01,-9.804734587669373e-01,-4.376679658889771e-02,-2.819310501217842e-02
1609047007692261247,0,1609047007692261247,-1.179858088493347e+00,2.970067262649536e+00,2.408618688583374e+00,-1.898313760757446e-01,-9.806431531906128e-01,-3.870187699794769e-02,-2.837725915014744e-02
1609047007786440152,0,1609047007786440152,-1.351402759552002e+00,2.931300401687622e+00,2.415548801422119e+00,-1.896278858184814e-01,-9.809288978576660e-01,-3.329812735319138e-02,-2.666356600821018e-02
1609047007888613254,0,1609047007888613254,-1.540915727615356e+00,2.882742881774902e+00,2.378499984741211e+00,-1.900605112314224e-01,-9.812220335006714e-01,-2.567668817937374e-02,-2.052065916359425e-02
1609047008000763700,0,1609047008000763700,-1.743125915527344e+00,2.832897186279297e+00,2.377539873123169e+00,-1.898567527532578e-01,-9.814245700836182e-01,-2.050326019525528e-02,-1.843426004052162e-02
1609047008098053083,0,1609047008098053083,-1.934249281883240e+00,2.791708469390869e+00,2.395819902420044e+00,-1.895242333412170e-01,-9.815812110900879e-01,-2.143736742436886e-02,-1.092498376965523e-02
1609047008164268672,0,1609047008164268672,-2.085916519165039e+00,2.754556179046631e+00,2.394351482391357e+00,-1.892639398574829e-01,-9.816809296607971e-01,-2.129274047911167e-02,-5.322830285876989e-03
1609047008266353939,0,1609047008266353939,-2.313826799392700e+00,2.695989131927490e+00,2.387051343917847e+00,-1.885968893766403e-01,-9.818653464317322e-01,-1.890250295400620e-02,3.792494302615523e-03
1609047008369623529,0,1609047008369623529,-2.537702083587646e+00,2.637643575668335e+00,2.392628431320190e+00,-1.889681071043015e-01,-9.816929101943970e-01,-1.825081184506416e-02,1.539645902812481e-02
1609047008481970703,0,1609047008481970703,-2.762581825256348e+00,2.577939987182617e+00,2.401515483856201e+00,-1.883937418460846e-01,-9.815250039100647e-01,-1.536294538527727e-02,2.967498451471329e-02
1609047008583975891,0,1609047008583975891,-2.963298559188843e+00,2.520524740219116e+00,2.426839113235474e+00,-1.879883855581284e-01,-9.809647202491760e-01,-1.718844473361969e-02,4.553150758147240e-02
1609047008680513145,0,1609047008680513145,-3.145845413208008e+00,2.461422443389893e+00,2.431088447570801e+00,-1.874948143959045e-01,-9.800705313682556e-01,-1.579444296658039e-02,6.370308250188828e-02
1609047008782458482,0,1609047008782458482,-3.329118490219116e+00,2.394311904907227e+00,2.445027589797974e+00,-1.869151890277863e-01,-9.788513779640198e-01,-1.715878397226334e-02,8.135296404361725e-02
1609047008894650326,0,1609047008894650326,-3.506903409957886e+00,2.318390369415283e+00,2.448142766952515e+00,-1.861343532800674e-01,-9.778797626495361e-01,-1.702950894832611e-02,9.388910979032516e-02
1609047008987501759,0,1609047008987501759,-3.643520116806030e+00,2.246259212493896e+00,2.463319778442383e+00,-1.859055757522583e-01,-9.773077964782715e-01,-1.850331574678421e-02,9.983070194721222e-02
1609047009101044162,0,1609047009101044162,-3.785966634750366e+00,2.159325838088989e+00,2.474429845809937e+00,-1.858895421028137e-01,-9.770559668540955e-01,-1.608457788825035e-02,1.027025729417801e-01
1609047009208060731,0,1609047009208060731,-3.898346424102783e+00,2.068184137344360e+00,2.473456621170044e+00,-1.863450855016708e-01,-9.772030711174011e-01,-1.271785702556372e-02,1.009356975555420e-01
1609047009263949369,0,1609047009263949369,-3.961483716964722e+00,2.004657983779907e+00,2.475738286972046e+00,-1.861712038516998e-01,-9.773157238960266e-01,-9.022128768265247e-03,1.005628854036331e-01
1609047009366288630,0,1609047009366288630,-4.047486782073975e+00,1.888914227485657e+00,2.475714445114136e+00,-1.868741959333420e-01,-9.776230454444885e-01,-2.508083591237664e-03,9.656563401222229e-02
1609047009479191629,0,1609047009479191629,-4.115005016326904e+00,1.772659182548523e+00,2.471764326095581e+00,-1.869780421257019e-01,-9.777775406837463e-01,6.483722943812609e-03,9.459470212459564e-02
1609047009580990463,0,1609047009580990463,-4.153561592102051e+00,1.663659572601318e+00,2.472254991531372e+00,-1.872076094150543e-01,-9.779101610183716e-01,1.011054683476686e-02,9.242706000804901e-02
1609047009677643098,0,1609047009677643098,-4.169141769409180e+00,1.558529615402222e+00,2.455550193786621e+00,-1.848846226930618e-01,-9.785679578781128e-01,1.892023347318172e-02,8.868259191513062e-02
1609047009784585963,0,1609047009784585963,-4.173664569854736e+00,1.445304870605469e+00,2.448466300964355e+00,-1.816607415676117e-01,-9.792252182960510e-01,2.669338695704937e-02,8.605185896158218e-02
1609047009891454477,0,1609047009891454477,-4.163695812225342e+00,1.337388753890991e+00,2.445356607437134e+00,-1.759146302938461e-01,-9.804035425186157e-01,3.434233739972115e-02,8.175293356180191e-02
1609047009993325675,0,1609047009993325675,-4.140852451324463e+00,1.233554124832153e+00,2.419682502746582e+00,-1.679492890834808e-01,-9.815488457679749e-01,4.875549674034119e-02,7.731729000806808e-02
1609047010095118057,0,1609047010095118057,-4.104633808135986e+00,1.138212323188782e+00,2.417524814605713e+00,-1.582784205675125e-01,-9.828878045082092e-01,5.990152433514595e-02,7.274061441421509e-02
1609047010196955133,0,1609047010196955133,-4.055092811584473e+00,1.055717587471008e+00,2.422902345657349e+00,-1.442210227251053e-01,-9.848719835281372e-01,6.996582448482513e-02,6.582006067037582e-02
1609047010298901723,0,1609047010298901723,-3.992932319641113e+00,9.782219529151917e-01,2.431700706481934e+00,-1.295517534017563e-01,-9.868472218513489e-01,7.557057589292526e-02,6.031609326601028e-02
1609047010375306910,0,1609047010375306910,-3.932338237762451e+00,9.194946885108948e-01,2.429566144943237e+00,-1.158789843320847e-01,-9.887605309486389e-01,7.545372098684311e-02,5.684518441557884e-02
1609047010467080749,0,1609047010467080749,-3.847781419754028e+00,8.650080561637878e-01,2.425733804702759e+00,-9.817487746477127e-02,-9.914945960044861e-01,6.990368664264679e-02,4.912691935896873e-02
1609047010573872306,0,1609047010573872306,-3.742220163345337e+00,8.257527947425842e-01,2.439336061477661e+00,-7.791156321763992e-02,-9.950127005577087e-01,5.156552791595459e-02,3.493688628077507e-02
1609047010685775240,0,1609047010685775240,-3.644984006881714e+00,7.899717092514038e-01,2.373768568038940e+00,-5.649928748607635e-02,-9.972890019416809e-01,3.722893074154854e-02,2.892385795712471e-02
1609047010782595342,0,1609047010782595342,-3.548336982727051e+00,7.815857529640198e-01,2.325922966003418e+00,-3.666320443153381e-02,-9.987426400184631e-01,2.535783872008324e-02,2.293236367404461e-02
1609047010889823922,0,1609047010889823922,-3.446768760681152e+00,7.771606445312500e-01,2.306456804275513e+00,-1.385253667831421e-02,-9.996144771575928e-01,1.550796721130610e-02,1.839780807495117e-02
1609047010986480358,0,1609047010986480358,-3.350040912628174e+00,7.801290750503540e-01,2.312978506088257e+00,9.387552738189697e-03,-9.998139739036560e-01,8.142741397023201e-03,1.475016120821238e-02
1609047011089519753,0,1609047011089519753,-3.246381998062134e+00,7.828119397163391e-01,2.316952705383301e+00,3.614085540175438e-02,-9.992579221725464e-01,4.876794293522835e-03,1.239687856286764e-02
1609047011197281782,0,1609047011197281782,-3.145889759063721e+00,7.785055637359619e-01,2.322005271911621e+00,6.444313377141953e-02,-9.978560209274292e-01,3.359565045684576e-03,1.092411391437054e-02
1609047011304590329,0,1609047011304590329,-3.048393011093140e+00,7.682875990867615e-01,2.330945730209351e+00,9.359036386013031e-02,-9.955582022666931e-01,3.763554617762566e-03,9.515192359685898e-03
1609047011401205874,0,1609047011401205874,-2.960001707077026e+00,7.558092474937439e-01,2.340171575546265e+00,1.205446422100067e-01,-9.926664829254150e-01,4.462114069610834e-03,7.897168397903442e-03
1609047011472583326,0,1609047011472583326,-2.886333465576172e+00,7.478106617927551e-01,2.353389263153076e+00,1.429353654384613e-01,-9.896991252899170e-01,4.347261972725391e-03,6.807540543377399e-03
1609047011574440307,0,1609047011574440307,-2.786458253860474e+00,7.377917766571045e-01,2.352833509445190e+00,1.729381680488586e-01,-9.849085807800293e-01,5.253132898360491e-03,4.454506095498800e-03
1609047011676736471,0,1609047011676736471,-2.691174268722534e+00,7.287674546241760e-01,2.353301048278809e+00,1.992869675159454e-01,-9.799227118492126e-01,5.225820932537317e-03,2.979072742164135e-03
1609047011784290006,0,1609047011784290006,-2.602119207382202e+00,7.227526307106018e-01,2.353125810623169e+00,2.208087444305420e-01,-9.753009676933289e-01,4.844850860536098e-03,2.864662557840347e-03
1609047011875832971,0,1609047011875832971,-2.525829076766968e+00,7.196293473243713e-01,2.345161199569702e+00,2.385097444057465e-01,-9.711216092109680e-01,5.730268545448780e-03,1.797022880055010e-03
1609047011988879131,0,1609047011988879131,-2.437733411788940e+00,7.219523191452026e-01,2.354126214981079e+00,2.557509541511536e-01,-9.667262434959412e-01,5.645415745675564e-03,2.446129219606519e-04
1609047012081020739,0,1609047012081020739,-2.368386268615723e+00,7.218660116195679e-01,2.342181682586670e+00,2.694239020347595e-01,-9.629964828491211e-01,5.893145687878132e-03,-3.719268366694450e-03
1609047012194081838,0,1609047012194081838,-2.291358470916748e+00,7.219440937042236e-01,2.355226993560791e+00,2.832695841789246e-01,-9.589865207672119e-01,3.838293254375458e-03,-9.411155246198177e-03
1609047012301291353,0,1609047012301291353,-2.227727174758911e+00,7.255971431732178e-01,2.337501764297485e+00,2.937644720077515e-01,-9.557390809059143e-01,4.470199812203646e-03,-1.566699147224426e-02
1609047012400487106,0,1609047012400487106,-2.174041032791138e+00,7.312080860137939e-01,2.365536928176880e+00,3.000615239143372e-01,-9.537177085876465e-01,1.736963633447886e-03,-1.956517621874809e-02
1609047012494471922,0,1609047012494471922,-2.122090101242065e+00,7.313838601112366e-01,2.353514432907104e+00,3.058909177780151e-01,-9.517472982406616e-01,5.254577845335007e-04,-2.464981004595757e-02
1609047012576044914,0,1609047012576044914,-2.080214500427246e+00,7.322864532470703e-01,2.344161272048950e+00,3.085988759994507e-01,-9.507563710212708e-01,-3.160769119858742e-04,-2.879212237894535e-02
1609047012678204986,0,1609047012678204986,-2.037267446517944e+00,7.342389225959778e-01,2.340808868408203e+00,3.116011023521423e-01,-9.496530890464783e-01,-1.538304495625198e-03,-3.258082643151283e-02
1609047012780399658,0,1609047012780399658,-2.004026889801025e+00,7.338408827781677e-01,2.337314128875732e+00,3.134936392307281e-01,-9.489095211029053e-01,-1.478289370425045e-03,-3.592096641659737e-02
1609047012872321555,0,1609047012872321555,-1.981304883956909e+00,7.296410202980042e-01,2.335259437561035e+00,3.147714734077454e-01,-9.484016895294189e-01,-1.168202629742154e-06,-3.812132030725479e-02
1609047012989669294,0,1609047012989669294,-1.967948794364929e+00,7.212029099464417e-01,2.322417497634888e+00,3.154788315296173e-01,-9.481081366539001e-01,5.223519634455442e-03,-3.920195624232292e-02
1609047013092245013,0,1609047013092245013,-1.970590829849243e+00,7.119425535202026e-01,2.311068534851074e+00,3.155097365379333e-01,-9.480319023132324e-01,1.296574063599110e-02,-3.900124505162239e-02
1609047013184000679,0,1609047013184000679,-1.979059696197510e+00,7.015322446823120e-01,2.314541816711426e+00,3.156602084636688e-01,-9.477999806404114e-01,2.209027111530304e-02,-3.931866213679314e-02
1609047013286738146,0,1609047013286738146,-2.001832723617554e+00,6.895337700843811e-01,2.342349529266357e+00,3.158975839614868e-01,-9.475834965705872e-01,3.026180900633335e-02,-3.713013604283333e-02
1609047013395801873,0,1609047013395801873,-2.037509918212891e+00,6.789898872375488e-01,2.336998939514160e+00,3.159511685371399e-01,-9.471842646598816e-01,4.059193283319473e-02,-3.700346499681473e-02
1609047013503015045,0,1609047013503015045,-2.084772348403931e+00,6.735254526138306e-01,2.363169431686401e+00,3.159652054309845e-01,-9.469463229179382e-01,4.762894287705421e-02,-3.450041264295578e-02
1609047013599836563,0,1609047013599836563,-2.136148691177368e+00,6.757290959358215e-01,2.362081527709961e+00,3.159013986587524e-01,-9.466264247894287e-01,5.520230904221535e-02,-3.252005204558372e-02
1609047013671697887,0,1609047013671697887,-2.187626361846924e+00,6.800907850265503e-01,2.363756656646729e+00,3.157124817371368e-01,-9.464202523231506e-01,6.054066866636276e-02,-3.080808557569981e-02
1609047013774277362,0,1609047013774277362,-2.272580146789551e+00,6.983274221420288e-01,2.380280494689941e+00,3.157562613487244e-01,-9.461601376533508e-01,6.581132858991623e-02,-2.734510414302349e-02
1609047013881264934,0,1609047013881264934,-2.370479345321655e+00,7.330562472343445e-01,2.403967618942261e+00,3.159919083118439e-01,-9.462463855743408e-01,6.508636474609375e-02,-2.303431183099747e-02
1609047013973013301,0,1609047013973013301,-2.462273120880127e+00,7.682090997695923e-01,2.370570898056030e+00,3.155711591243744e-01,-9.462941288948059e-01,6.697224080562592e-02,-2.137779630720615e-02
1609047014074952205,0,1609047014074952205,-2.577802181243896e+00,8.266097307205200e-01,2.401869773864746e+00,3.161985874176025e-01,-9.466798901557922e-01,5.927890539169312e-02,-1.737238839268684e-02
1609047014223369511,0,1609047014223369511,-2.727208852767944e+00,9.076815247535706e-01,2.424577713012695e+00,3.173455297946930e-01,-9.473963975906372e-01,4.023694247007370e-02,-1.062759011983871e-02
1609047014284304510,0,1609047014284304510,-2.814910888671875e+00,9.531276226043701e-01,2.372004508972168e+00,3.165135681629181e-01,-9.478589296340942e-01,3.605303540825844e-02,-9.095286950469017e-03
1609047014396380065,0,1609047014396380065,-2.947845935821533e+00,1.031553864479065e+00,2.350873947143555e+00,3.165181279182434e-01,-9.482357501983643e-01,2.512651495635509e-02,-5.834447219967842e-03
1609047014488392507,0,1609047014488392507,-3.067528486251831e+00,1.110037803649902e+00,2.337476730346680e+00,3.164069950580597e-01,-9.484440088272095e-01,1.801364496350288e-02,-4.019894171506166e-03
1609047014596915952,0,1609047014596915952,-3.212726116180420e+00,1.204361915588379e+00,2.362489223480225e+00,3.168069720268250e-01,-9.484575986862183e-01,7.751036435365677e-03,-1.270001521334052e-03
1609047014698850372,0,1609047014698866418,-3.353132009506226e+00,1.295934081077576e+00,2.391285657882690e+00,3.170460462570190e-01,-9.483965039253235e-01,-3.462434047833085e-03,3.733115503564477e-03
1609047014770219318,0,1609047014770219318,-3.458135604858398e+00,1.357129216194153e+00,2.394220829010010e+00,3.171145319938660e-01,-9.482860565185547e-01,-1.141844503581524e-02,7.838232442736626e-03
1609047014869246241,0,1609047014869246241,-3.606508493423462e+00,1.439541101455688e+00,2.355755090713501e+00,3.167752027511597e-01,-9.481732249259949e-01,-2.127945795655251e-02,1.297427713871002e-02
1609047014971500452,0,1609047014971500452,-3.749518156051636e+00,1.517282366752625e+00,2.349190235137939e+00,3.164640665054321e-01,-9.479050040245056e-01,-3.164818510413170e-02,1.802914403378963e-02
1609047015083537789,0,1609047015083537789,-3.889750957489014e+00,1.586928725242615e+00,2.321581602096558e+00,3.162162899971008e-01,-9.477333426475525e-01,-3.739594668149948e-02,2.025747485458851e-02
1609047015175600077,0,1609047015175600077,-4.003932476043701e+00,1.638205289840698e+00,2.312954425811768e+00,3.161049783229828e-01,-9.476330280303955e-01,-4.085570946335793e-02,2.000584639608860e-02
1609047015277799009,0,1609047015277799009,-4.120214939117432e+00,1.685353159904480e+00,2.284695386886597e+00,3.157753348350525e-01,-9.479528069496155e-01,-3.731709718704224e-02,1.670093275606632e-02
1609047015394959955,0,1609047015394959955,-4.230283260345459e+00,1.733768582344055e+00,2.295017242431641e+00,3.155086338520050e-01,-9.483360648155212e-01,-3.067840635776520e-02,1.311379298567772e-02
1609047015492159295,0,1609047015492159295,-4.319161415100098e+00,1.765145897865295e+00,2.298244714736938e+00,3.156649768352509e-01,-9.485830068588257e-01,-2.195784635841846e-02,7.980993017554283e-03
1609047015594233181,0,1609047015594233181,-4.409627437591553e+00,1.791174173355103e+00,2.304249048233032e+00,3.156709372997284e-01,-9.487795233726501e-01,-1.249895431101322e-02,3.623842494562268e-03
1609047015696140858,0,1609047015696140858,-4.504514217376709e+00,1.810759782791138e+00,2.322952270507812e+00,3.157369494438171e-01,-9.488309621810913e-01,-5.461233668029308e-03,4.488404083531350e-04
1609047015793076748,0,1609047015793076748,-4.595832347869873e+00,1.827935934066772e+00,2.315060853958130e+00,3.158385455608368e-01,-9.488052129745483e-01,-7.026784005574882e-04,-3.776785917580128e-03
1609047015874546151,0,1609047015874546151,-4.680830478668213e+00,1.842602968215942e+00,2.301413059234619e+00,3.155499398708344e-01,-9.488570094108582e-01,1.274166046641767e-03,-9.853435680270195e-03
1609047015966431359,0,1609047015966431359,-4.781079769134521e+00,1.863055467605591e+00,2.290852785110474e+00,3.154435157775879e-01,-9.488101601600647e-01,2.086355525534600e-04,-1.595640182495117e-02
1609047016068369830,0,1609047016068369830,-4.888810157775879e+00,1.882785797119141e+00,2.317492008209229e+00,3.156701028347015e-01,-9.486729502677917e-01,-3.415747312828898e-03,-1.898557506501675e-02
1609047016181373809,0,1609047016181373809,-5.006013870239258e+00,1.902685523033142e+00,2.326443195343018e+00,3.157664835453033e-01,-9.485850930213928e-01,-8.678031153976917e-03,-2.006227709352970e-02
1609047016288772728,0,1609047016288772728,-5.120789051055908e+00,1.921300530433655e+00,2.343721866607666e+00,3.160199224948883e-01,-9.484742879867554e-01,-1.562412083148956e-02,-1.684698276221752e-02
1609047016380488305,0,1609047016380488305,-5.227962970733643e+00,1.939861536026001e+00,2.352715969085693e+00,3.159016966819763e-01,-9.484893679618835e-01,-2.111887186765671e-02,-1.131077483296394e-02
1609047016487723941,0,1609047016487723941,-5.357722759246826e+00,1.946177124977112e+00,2.350799798965454e+00,3.160886168479919e-01,-9.483153223991394e-01,-2.736597694456577e-02,-6.093908566981554e-03
1609047016589923040,0,1609047016589923040,-5.481668949127197e+00,1.949454903602600e+00,2.359929800033569e+00,3.160436749458313e-01,-9.481611251831055e-01,-3.327023610472679e-02,-3.451656666584313e-04
1609047016697108497,0,1609047016697108497,-5.608880043029785e+00,1.943369030952454e+00,2.352923870086670e+00,3.160511255264282e-01,-9.481002092361450e-01,-3.476186841726303e-02,3.058655653148890e-03
1609047016804064727,0,1609047016804064727,-5.733534336090088e+00,1.932640194892883e+00,2.368047952651978e+00,3.158709406852722e-01,-9.480826258659363e-01,-3.654137253761292e-02,5.447800271213055e-03
1609047016900596973,0,1609047016900596973,-5.845181465148926e+00,1.916317701339722e+00,2.389490127563477e+00,3.158234059810638e-01,-9.480123519897461e-01,-3.857677802443504e-02,6.334738805890083e-03
1609047016976952727,0,1609047016976952727,-5.936812877655029e+00,1.896854281425476e+00,2.404611587524414e+00,3.161075711250305e-01,-9.478743076324463e-01,-3.930719569325447e-02,8.089597336947918e-03
1609047017068719187,0,1609047017068719187,-6.047677993774414e+00,1.867846965789795e+00,2.427546501159668e+00,3.161279261112213e-01,-9.477703571319580e-01,-4.069406539201736e-02,1.176655199378729e-02
1609047017175714205,0,1609047017175714205,-6.166420936584473e+00,1.825087428092957e+00,2.429885387420654e+00,3.159068226814270e-01,-9.477688074111938e-01,-4.089784249663353e-02,1.626873947679996e-02
1609047017284025009,0,1609047017284025009,-6.276776313781738e+00,1.772741198539734e+00,2.437531232833862e+00,3.159548044204712e-01,-9.476347565650940e-01,-4.233160242438316e-02,1.921105198562145e-02
1609047017375702833,0,1609047017375702833,-6.367584228515625e+00,1.721195816993713e+00,2.437500000000000e+00,3.158358633518219e-01,-9.476436376571655e-01,-4.257445409893990e-02,2.016469649970531e-02
1609047017477838690,0,1609047017477838690,-6.460502624511719e+00,1.659682631492615e+00,2.430782794952393e+00,3.157279491424561e-01,-9.478260874748230e-01,-4.008866101503372e-02,1.828615553677082e-02
1609047017580876501,0,1609047017580876501,-6.545735359191895e+00,1.592710733413696e+00,2.435767173767090e+00,3.153515756130219e-01,-9.481822848320007e-01,-3.558659180998802e-02,1.541014853864908e-02
1609047017693457728,0,1609047017693457728,-6.627052307128906e+00,1.516945600509644e+00,2.451607465744019e+00,3.153836727142334e-01,-9.484760165214539e-01,-2.841638214886189e-02,1.090418174862862e-02
1609047017795338544,0,1609047017795338544,-6.694307804107666e+00,1.442950725555420e+00,2.474561214447021e+00,3.154637515544891e-01,-9.486031532287598e-01,-2.377893403172493e-02,8.326490409672260e-03
1609047017892211378,0,1609047017892211378,-6.760551929473877e+00,1.367287874221802e+00,2.487832784652710e+00,3.153335154056549e-01,-9.487681388854980e-01,-1.927081122994423e-02,5.697386804968119e-03
1609047017994092379,0,1609047017994092379,-6.824797153472900e+00,1.281356573104858e+00,2.492681741714478e+00,3.153761029243469e-01,-9.488410353660583e-01,-1.416101027280092e-02,6.178900599479675e-03
1609047018065457062,0,1609047018065457062,-6.879584312438965e+00,1.212131381034851e+00,2.499012231826782e+00,3.155258595943451e-01,-9.487968683242798e-01,-1.203793566673994e-02,9.117934852838516e-03
1609047018172546939,0,1609047018172546939,-6.957834720611572e+00,1.109536886215210e+00,2.471501350402832e+00,3.152668178081512e-01,-9.488717317581177e-01,-3.741424065083265e-03,1.534364186227322e-02
1609047018280460132,0,1609047018280460132,-7.031021118164062e+00,1.014928579330444e+00,2.481511592864990e+00,3.153586387634277e-01,-9.487030506134033e-01,3.002285375259817e-04,2.261548675596714e-02
1609047018372295335,0,1609047018372295335,-7.097850322723389e+00,9.306243658065796e-01,2.477393865585327e+00,3.153412938117981e-01,-9.485237002372742e-01,3.376712091267109e-03,2.917636558413506e-02
1609047018484395031,0,1609047018484395031,-7.173479557037354e+00,8.369770050048828e-01,2.470262765884399e+00,3.153178095817566e-01,-9.483881592750549e-01,4.942682571709156e-03,3.332039341330528e-02
1609047018586038983,0,1609047018586038983,-7.233148574829102e+00,7.553923130035400e-01,2.461932182312012e+00,3.149189352989197e-01,-9.483704566955566e-01,7.967583835124969e-03,3.682675957679749e-02
1609047018682768295,0,1609047018682768295,-7.282421112060547e+00,6.839852333068848e-01,2.469887018203735e+00,3.153801262378693e-01,-9.481845498085022e-01,6.209231447428465e-03,3.798520565032959e-02
1609047018789573538,0,1609047018789573538,-7.330409049987793e+00,6.121221780776978e-01,2.476803302764893e+00,3.153472542762756e-01,-9.481673240661621e-01,2.125741215422750e-03,3.911899775266647e-02
1609047018896612644,0,1609047018896612644,-7.374868392944336e+00,5.439164042472839e-01,2.467375755310059e+00,3.150568902492523e-01,-9.481847286224365e-01,1.389528370054904e-05,4.104844480752945e-02
1609047019004494804,0,1609047019004494804,-7.410325527191162e+00,4.804911017417908e-01,2.459652900695801e+00,3.148989975452423e-01,-9.481067657470703e-01,-6.904932670295238e-04,4.395372048020363e-02
1609047019102735364,0,1609047019102735364,-7.437995910644531e+00,4.250218570232391e-01,2.461057424545288e+00,3.146686851978302e-01,-9.479646682739258e-01,-1.994433812797070e-03,4.840232804417610e-02
1609047019174103458,0,1609047019174103458,-7.456395626068115e+00,3.794596791267395e-01,2.460677385330200e+00,3.145020008087158e-01,-9.477502107620239e-01,-1.639829715713859e-03,5.343731120228767e-02
1609047019271904942,0,1609047019271904942,-7.475762367248535e+00,3.167807161808014e-01,2.442855119705200e+00,3.144504129886627e-01,-9.474908113479614e-01,1.075131003744900e-03,5.814704671502113e-02
1609047019368646724,0,1609047019368646724,-7.481017112731934e+00,2.650727331638336e-01,2.447485446929932e+00,3.146446943283081e-01,-9.472407102584839e-01,9.991478145821020e-05,6.110359355807304e-02
1609047019491382378,0,1609047019491382378,-7.480117797851562e+00,2.125034779310226e-01,2.452982902526855e+00,3.148818016052246e-01,-9.475129246711731e-01,-8.695084601640701e-03,5.470817908644676e-02
1609047019588153751,0,1609047019588153751,-7.470138072967529e+00,1.668255776166916e-01,2.435819387435913e+00,3.145286142826080e-01,-9.479777812957764e-01,-1.488244719803333e-02,4.677920043468475e-02
1609047019695484173,0,1609047019695484173,-7.442146778106689e+00,1.193339154124260e-01,2.419583082199097e+00,3.138161003589630e-01,-9.484974145889282e-01,-2.103933691978455e-02,3.780829906463623e-02
1609047019786997492,0,1609047019786997492,-7.408145427703857e+00,8.123768121004105e-02,2.426344156265259e+00,3.133111000061035e-01,-9.487290978431702e-01,-2.917879261076450e-02,2.996559999883175e-02
1609047019893795855,0,1609047019893795855,-7.361836910247803e+00,3.933288529515266e-02,2.428594112396240e+00,3.128335177898407e-01,-9.488210678100586e-01,-3.591479361057281e-02,2.416597306728363e-02
1609047020000925661,0,1609047020000925661,-7.319573402404785e+00,-1.324117928743362e-02,2.417406558990479e+00,3.125572800636292e-01,-9.488871693611145e-01,-3.949180617928505e-02,1.901149377226830e-02
1609047020103779146,0,1609047020103779146,-7.277120590209961e+00,-7.259620726108551e-02,2.398451089859009e+00,3.122221529483795e-01,-9.490843415260315e-01,-3.893449157476425e-02,1.550406031310558e-02
1609047020200539565,0,1609047020200539565,-7.231341838836670e+00,-1.355989277362823e-01,2.377792119979858e+00,3.120990693569183e-01,-9.493992924690247e-01,-3.296839073300362e-02,1.217722892761230e-02
1609047020271914724,0,1609047020271914724,-7.192314147949219e+00,-1.925158798694611e-01,2.380499601364136e+00,3.120809495449066e-01,-9.496379494667053e-01,-2.623872458934784e-02,1.023475732654333e-02
1609047020373679412,0,1609047020373679412,-7.132197380065918e+00,-2.791450321674347e-01,2.412719011306763e+00,3.126997947692871e-01,-9.495959877967834e-01,-2.001174539327621e-02,9.267728775739670e-03
1609047020475551288,0,1609047020475551288,-7.071436882019043e+00,-3.722165822982788e-01,2.416763782501221e+00,3.128043413162231e-01,-9.496791958808899e-01,-1.345403492450714e-02,9.051816537976265e-03
1609047020577645577,0,1609047020577645577,-7.015778064727783e+00,-4.648223519325256e-01,2.406617403030396e+00,3.129029273986816e-01,-9.497015476226807e-01,-9.165206924080849e-03,8.640409447252750e-03
1609047020680126317,0,1609047020680126317,-6.965679645538330e+00,-5.613265633583069e-01,2.393288850784302e+00,3.129675090312958e-01,-9.497074484825134e-01,-5.900960415601730e-03,8.505692705512047e-03
1609047020781946775,0,1609047020787020769,-6.909969806671143e+00,-6.602281332015991e-01,2.376915216445923e+00,3.128253221511841e-01,-9.497559070587158e-01,1.038421411067247e-03,1.015015598386526e-02
1609047020893979509,0,1609047020893979509,-6.863613605499268e+00,-7.528628706932068e-01,2.345328330993652e+00,3.124950528144836e-01,-9.497795104980469e-01,1.219148654490709e-02,1.082042511552572e-02
1609047020990836216,0,1609047020990836216,-6.814792156219482e+00,-8.270491957664490e-01,2.359129905700684e+00,3.128846287727356e-01,-9.494926929473877e-01,1.984015852212906e-02,1.316587254405022e-02
1609047021107740973,0,1609047021107740973,-6.765158653259277e+00,-9.134740233421326e-01,2.334047079086304e+00,3.130916357040405e-01,-9.491142630577087e-01,3.140841051936150e-02,1.300755888223648e-02
1609047021194023916,0,1609047021194023916,-6.726457595825195e+00,-9.725983738899231e-01,2.335627794265747e+00,3.131172060966492e-01,-9.487972855567932e-01,3.932251781225204e-02,1.396500319242477e-02
1609047021300951361,0,1609047021300951361,-6.679410934448242e+00,-1.036846280097961e+00,2.352935552597046e+00,3.134580850601196e-01,-9.483674764633179e-01,4.582858830690384e-02,1.558714453130960e-02
1609047021372177150,0,1609047021372177150,-6.645839691162109e+00,-1.083484411239624e+00,2.358317613601685e+00,3.132387697696686e-01,-9.482349157333374e-01,4.933988675475121e-02,1.725699380040169e-02
1609047021474240691,0,1609047021474240691,-6.600779533386230e+00,-1.135482668876648e+00,2.364628314971924e+00,3.132347464561462e-01,-9.480184912681580e-01,5.291534960269928e-02,1.856943964958191e-02
1609047021571566570,0,1609047021571566570,-6.559304714202881e+00,-1.169023394584656e+00,2.378875494003296e+00,3.130935430526733e-01,-9.479967355728149e-01,5.361821129918098e-02,1.999796368181705e-02
1609047021673983638,0,1609047021673983638,-6.520203113555908e+00,-1.189589738845825e+00,2.399337053298950e+00,3.128124177455902e-01,-9.480395913124084e-01,5.411192402243614e-02,2.100722864270210e-02
1609047021786216820,0,1609047021786216820,-6.484575271606445e+00,-1.192774057388306e+00,2.442222833633423e+00,3.128310441970825e-01,-9.481319785118103e-01,5.271371081471443e-02,2.009431459009647e-02
1609047021882782484,0,1609047021882782484,-6.454205036163330e+00,-1.180536508560181e+00,2.482768058776855e+00,3.124899864196777e-01,-9.483578205108643e-01,5.122290551662445e-02,1.853886991739273e-02
1609047021984566769,0,1609047021984566769,-6.423882961273193e+00,-1.151915550231934e+00,2.538851737976074e+00,3.125194013118744e-01,-9.485655426979065e-01,4.771696031093597e-02,1.667392253875732e-02
1609047022086927706,0,1609047022086927706,-6.396001338958740e+00,-1.109282970428467e+00,2.635781764984131e+00,3.127262890338898e-01,-9.490104913711548e-01,3.607013449072838e-02,1.674373447895050e-02
1609047022189234136,0,1609047022189234136,-6.367089748382568e+00,-1.071611046791077e+00,2.671602487564087e+00,3.124977648258209e-01,-9.494838714599609e-01,2.450192905962467e-02,1.500848215073347e-02
1609047022302653108,0,1609047022302653108,-6.337443828582764e+00,-1.023625373840332e+00,2.684802770614624e+00,3.121848702430725e-01,-9.497801661491394e-01,1.639056392014027e-02,1.376872882246971e-02
1609047022395446490,0,1609047022395446490,-6.313238143920898e+00,-9.740154147148132e-01,2.756561756134033e+00,3.118706941604614e-01,-9.499657154083252e-01,6.156236398965120e-03,1.625021733343601e-02
1609047022471985334,0,1609047022471985334,-6.295326709747314e+00,-9.303108453750610e-01,2.807127475738525e+00,3.118717074394226e-01,-9.499359726905823e-01,-6.517361907754093e-05,1.891378127038479e-02
1609047022573745357,0,1609047022573745357,-6.266344070434570e+00,-8.726553320884705e-01,2.849785566329956e+00,3.116442859172821e-01,-9.499559998512268e-01,-6.857575383037329e-03,2.035960741341114e-02
1609047022670617706,0,1609047022670617706,-6.241809368133545e+00,-8.194534778594971e-01,2.888572216033936e+00,3.113415241241455e-01,-9.500226378440857e-01,-1.058484707027674e-02,2.028410322964191e-02
1609047022782566262,0,1609047022782566262,-6.209675312042236e+00,-7.673811316490173e-01,2.959594964981079e+00,3.111530244350433e-01,-9.500928521156311e-01,-1.222457922995090e-02,1.892034150660038e-02
1609047022874189859,0,1609047022874189859,-6.180191040039062e+00,-7.275371551513672e-01,3.022596359252930e+00,3.110179305076599e-01,-9.501709342002869e-01,-1.353671774268150e-02,1.612181402742863e-02
1609047022987015408,0,1609047022987015408,-6.143922328948975e+00,-6.802416443824768e-01,3.089313745498657e+00,3.107750117778778e-01,-9.502781033515930e-01,-1.487020775675774e-02,1.301548164337873e-02
1609047023083758623,0,1609047023083758623,-6.103658676147461e+00,-6.466398835182190e-01,3.156506061553955e+00,3.109359741210938e-01,-9.502586126327515e-01,-1.447844039648771e-02,1.085061486810446e-02
1609047023185650315,0,1609047023185650315,-6.060948848724365e+00,-6.148726940155029e-01,3.220443964004517e+00,3.106561005115509e-01,-9.503874182701111e-01,-1.356783695518970e-02,8.516522124409676e-03
1609047023288036380,0,1609047023288036380,-6.018778324127197e+00,-5.845508575439453e-01,3.274911165237427e+00,3.106876611709595e-01,-9.504152536392212e-01,-1.257264334708452e-02,5.105904769152403e-03
1609047023400704040,0,1609047023400704040,-5.975336074829102e+00,-5.544636249542236e-01,3.356002569198608e+00,3.108666241168976e-01,-9.503764510154724e-01,-1.155462116003036e-02,3.626371501013637e-03
1609047023502589211,0,1609047023502589211,-5.937386512756348e+00,-5.289359688758850e-01,3.432326316833496e+00,3.110468089580536e-01,-9.503321051597595e-01,-1.041975989937782e-02,3.179045394062996e-03
1609047023563634021,0,1609047023563634021,-5.909699440002441e+00,-5.138733386993408e-01,3.463999986648560e+00,3.111447393894196e-01,-9.503115415573120e-01,-9.512037038803101e-03,2.568748313933611e-03
1609047023670524502,0,1609047023670524502,-5.867709636688232e+00,-4.930174052715302e-01,3.520197153091431e+00,3.109467029571533e-01,-9.503827691078186e-01,-8.940630592405796e-03,2.186088589951396e-03
1609047023777823725,0,1609047023777823725,-5.833860874176025e+00,-4.735580682754517e-01,3.587033033370972e+00,3.108665049076080e-01,-9.504131674766541e-01,-8.630088530480862e-03,1.540321856737137e-03
1609047023874537452,0,1609047023874537452,-5.805891990661621e+00,-4.579652249813080e-01,3.636445760726929e+00,3.106597661972046e-01,-9.504826068878174e-01,-8.523286320269108e-03,9.290804737247527e-04
1609047023976323380,0,1609047023976323380,-5.776230335235596e+00,-4.447287321090698e-01,3.677261114120483e+00,3.106684684753418e-01,-9.504867792129517e-01,-7.746739313006401e-03,-4.211638006381691e-04
1609047024078107994,0,1609047024078107994,-5.749190807342529e+00,-4.331977367401123e-01,3.743101358413696e+00,3.108764588832855e-01,-9.504141211509705e-01,-8.182340301573277e-03,-1.366357086226344e-03
1609047024185962610,0,1609047024185962610,-5.720684528350830e+00,-4.213577210903168e-01,3.784331798553467e+00,3.104905486106873e-01,-9.505578875541687e-01,-5.167146679013968e-03,-2.940245671197772e-03
1609047024297964723,0,1609047024297964723,-5.697288036346436e+00,-4.108814597129822e-01,3.853392124176025e+00,3.107109665870667e-01,-9.504898190498352e-01,-4.364275839179754e-03,-2.964938990771770e-03
1609047024395392921,0,1609047024395392921,-5.677151203155518e+00,-4.039876163005829e-01,3.880841255187988e+00,3.104653060436249e-01,-9.505725502967834e-01,-3.593477420508862e-03,-3.203353378921747e-03
1609047024492150627,0,1609047024492150627,-5.657945632934570e+00,-3.974404036998749e-01,3.921584606170654e+00,3.106776475906372e-01,-9.505103230476379e-01,-2.619696315377951e-03,-1.675301347859204e-03
1609047024594168910,0,1609047024594168910,-5.638981342315674e+00,-3.925744295120239e-01,3.934413671493530e+00,3.106606006622314e-01,-9.505186080932617e-01,-2.038026694208384e-03,-4.788369988091290e-04
1609047024675595075,0,1609047024675595075,-5.626814365386963e+00,-3.895176649093628e-01,3.942760467529297e+00,3.107685148715973e-01,-9.504842758178711e-01,-1.600147341378033e-03,2.637137658894062e-04
1609047024773367764,0,1609047024773367764,-5.613903999328613e+00,-3.867490887641907e-01,3.936290979385376e+00,3.108909428119659e-01,-9.504430890083313e-01,8.989839698188007e-04,2.046514302492142e-03
1609047024870119717,0,1609047024870119717,-5.604224205017090e+00,-3.799940347671509e-01,3.963247299194336e+00,3.107627928256989e-01,-9.504663944244385e-01,1.546484418213367e-03,6.133155431598425e-03
1609047024972638149,0,1609047024972638149,-5.597465991973877e+00,-3.796221315860748e-01,3.946469545364380e+00,3.110227882862091e-01,-9.503378272056580e-01,2.870515221729875e-03,1.070425473153591e-02
1609047025084595112,0,1609047025084595112,-5.588348865509033e+00,-3.754801750183105e-01,3.951972961425781e+00,3.108795583248138e-01,-9.502751827239990e-01,4.645938519388437e-03,1.759170927107334e-02
1609047025186422835,0,1609047025186422835,-5.580272674560547e+00,-3.736390769481659e-01,3.925496339797974e+00,3.107420802116394e-01,-9.502130150794983e-01,6.088543683290482e-03,2.230480313301086e-02
1609047025288207975,0,1609047025288207975,-5.571187019348145e+00,-3.731729090213776e-01,3.894812583923340e+00,3.107098937034607e-01,-9.501044154167175e-01,9.546235203742981e-03,2.588186971843243e-02
1609047025390291762,0,1609047025390291762,-5.558991432189941e+00,-3.623949587345123e-01,3.898093700408936e+00,3.106427490711212e-01,-9.500069618225098e-01,1.205266080796719e-02,2.902888506650925e-02
1609047025487301714,0,1609047025487301714,-5.544598579406738e+00,-3.459850847721100e-01,3.914020776748657e+00,3.106046617031097e-01,-9.499077200889587e-01,1.327533181756735e-02,3.199770301580429e-02
1609047025600076655,0,1609047025600076655,-5.525238037109375e+00,-3.276373147964478e-01,3.904830932617188e+00,3.106776475906372e-01,-9.497497677803040e-01,1.478706113994122e-02,3.515720367431641e-02
1609047025701993442,0,1609047025701993442,-5.501659870147705e+00,-3.080230057239532e-01,3.903942584991455e+00,3.105741739273071e-01,-9.496581554412842e-01,1.478160731494427e-02,3.840116783976555e-02
1609047025773323945,0,1609047025773323945,-5.480480670928955e+00,-2.891841530799866e-01,3.878136157989502e+00,3.104861080646515e-01,-9.496311545372009e-01,1.425258908420801e-02,3.995010629296303e-02
1609047025870141686,0,1609047025870141686,-5.448910236358643e+00,-2.567898035049438e-01,3.853325128555298e+00,3.104743659496307e-01,-9.495922923088074e-01,1.257492695003748e-02,4.149589315056801e-02
1609047025977071328,0,1609047025977071328,-5.411246299743652e+00,-2.199266552925110e-01,3.820984125137329e+00,3.103244304656982e-01,-9.496450424194336e-01,1.258523389697075e-02,4.140933230519295e-02
1609047026084340175,0,1609047026084340175,-5.368092060089111e+00,-1.759902685880661e-01,3.815575122833252e+00,3.101076781749725e-01,-9.498145580291748e-01,1.144095230847597e-02,3.943082690238953e-02
1609047026176007121,0,1609047026176007121,-5.324939727783203e+00,-1.340630352497101e-01,3.811693429946899e+00,3.099633455276489e-01,-9.499547481536865e-01,1.061101444065571e-02,3.736493736505508e-02
1609047026277962874,0,1609047026277962874,-5.269558429718018e+00,-8.269677311182022e-02,3.817678689956665e+00,3.100136816501617e-01,-9.500100016593933e-01,1.012035645544529e-02,3.563662245869637e-02
1609047026390058881,0,1609047026390058881,-5.209666728973389e+00,-2.422256395220757e-02,3.816720485687256e+00,3.098590373992920e-01,-9.500687718391418e-01,9.596356190741062e-03,3.556128218770027e-02
1609047026497500412,0,1609047026497500412,-5.152740955352783e+00,3.389053419232368e-02,3.783128261566162e+00,3.099834918975830e-01,-9.501078128814697e-01,9.547657333314419e-03,3.338054567575455e-02
1609047026594998639,0,1609047026594998639,-5.095416545867920e+00,9.154635667800903e-02,3.764028549194336e+00,3.098758757114410e-01,-9.502024054527283e-01,9.717466309666634e-03,3.158947452902794e-02
1609047026696787595,0,1609047026696787595,-5.032446861267090e+00,1.497322320938110e-01,3.760235548019409e+00,3.099316656589508e-01,-9.502347707748413e-01,9.874168783426285e-03,2.997834794223309e-02
1609047026793827274,0,1609047026793827274,-4.971337795257568e+00,2.123152613639832e-01,3.741361618041992e+00,3.099978566169739e-01,-9.502788782119751e-01,9.680500254034996e-03,2.788607962429523e-02
1609047026865137796,0,1609047026865137796,-4.918437004089355e+00,2.647419571876526e-01,3.740379810333252e+00,3.099621832370758e-01,-9.503174424171448e-01,9.168202988803387e-03,2.713535912334919e-02
1609047026972945530,0,1609047026972945530,-4.840142726898193e+00,3.433684110641479e-01,3.747944593429565e+00,3.099374771118164e-01,-9.503441452980042e-01,8.184340782463551e-03,2.679086290299892e-02
1609047027079803909,0,1609047027079803909,-4.764522552490234e+00,4.211061000823975e-01,3.734094381332397e+00,3.099303245544434e-01,-9.503669738769531e-01,5.494589917361736e-03,2.675169147551060e-02
1609047027171538699,0,1609047027171538699,-4.693644046783447e+00,4.950487315654755e-01,3.734412670135498e+00,3.098801374435425e-01,-9.503512382507324e-01,2.475073328241706e-03,2.829866670072079e-02
1609047027289735498,0,1609047027289735498,-4.606809616088867e+00,5.780523419380188e-01,3.735750675201416e+00,3.098782300949097e-01,-9.502992033958435e-01,-3.139764303341508e-03,2.995250187814236e-02
1609047027386919657,0,1609047027386919657,-4.533123493194580e+00,6.470294594764709e-01,3.736298561096191e+00,3.095746040344238e-01,-9.502759575843811e-01,-8.339037187397480e-03,3.270631283521652e-02
1609047027489506910,0,1609047027489506910,-4.454001426696777e+00,7.214798927307129e-01,3.719611644744873e+00,3.094915449619293e-01,-9.501977562904358e-01,-1.470946706831455e-02,3.351075574755669e-02
1609047027597252378,0,1609047027597252378,-4.365310668945312e+00,7.939128279685974e-01,3.704847335815430e+00,3.094269633293152e-01,-9.501082301139832e-01,-1.995503529906273e-02,3.392757475376129e-02
1609047027693968891,0,1609047027693968891,-4.280536651611328e+00,8.630712032318115e-01,3.712434768676758e+00,3.089008033275604e-01,-9.501301050186157e-01,-2.603741921484470e-02,3.398706763982773e-02
1609047027790713663,0,1609047027790713663,-4.193120956420898e+00,9.309465885162354e-01,3.692148447036743e+00,3.083763122558594e-01,-9.502294659614563e-01,-3.014102205634117e-02,3.255287185311317e-02
1609047027897650547,0,1609047027897650547,-4.092094898223877e+00,9.949373006820679e-01,3.699113130569458e+00,3.081688582897186e-01,-9.502767920494080e-01,-3.349187970161438e-02,2.973785623908043e-02
1609047027968898787,0,1609047027968898787,-4.009889125823975e+00,1.040827751159668e+00,3.699148178100586e+00,3.080202043056488e-01,-9.503551721572876e-01,-3.498137369751930e-02,2.692347578704357e-02
1609047028070770318,0,1609047028070770318,-3.886102914810181e+00,1.099308967590332e+00,3.695900440216064e+00,3.076920807361603e-01,-9.505401849746704e-01,-3.552521392703056e-02,2.316946536302567e-02
1609047028167623881,0,1609047028167623881,-3.764576911926270e+00,1.151964306831360e+00,3.713873147964478e+00,3.073829114437103e-01,-9.506266713142395e-01,-3.696564957499504e-02,2.141085267066956e-02
1609047028279630908,0,1609047028279630908,-3.632419824600220e+00,1.197227716445923e+00,3.712287664413452e+00,3.071631491184235e-01,-9.506997466087341e-01,-3.767875209450722e-02,2.002624049782753e-02
1609047028381320716,0,1609047028381320716,-3.512561082839966e+00,1.230102419853210e+00,3.714194297790527e+00,3.068203330039978e-01,-9.507521390914917e-01,-3.966993093490601e-02,1.892235688865185e-02
1609047028487284215,0,1609047028487284215,-3.384741067886353e+00,1.255761623382568e+00,3.702735185623169e+00,3.067038953304291e-01,-9.507368803024292e-01,-4.154994711279869e-02,1.748633570969105e-02
1609047028584025368,0,1609047028584025368,-3.265052080154419e+00,1.270615935325623e+00,3.677193164825439e+00,3.061853349208832e-01,-9.509862065315247e-01,-4.136069864034653e-02,1.285479776561260e-02
1609047028691008736,0,1609047028691008736,-3.137952327728271e+00,1.275833368301392e+00,3.636015415191650e+00,3.058540523052216e-01,-9.514333605766296e-01,-3.471561893820763e-02,4.764856304973364e-03
1609047028792936703,0,1609047028792936703,-3.015370845794678e+00,1.280581474304199e+00,3.692935228347778e+00,3.058522045612335e-01,-9.515306949615479e-01,-3.230738639831543e-02,-6.642183143412694e-05
1609047028900501095,0,1609047028900501095,-2.886813640594482e+00,1.276130557060242e+00,3.725676536560059e+00,3.060604631900787e-01,-9.516406655311584e-01,-2.607590518891811e-02,-5.204526241868734e-03
1609047028997588951,0,1609047028997588951,-2.768001317977905e+00,1.264557242393494e+00,3.738636732101440e+00,3.059416413307190e-01,-9.518023729324341e-01,-1.979795843362808e-02,-8.943416178226471e-03
1609047029065200708,0,1609047029065200708,-2.675613164901733e+00,1.252161622047424e+00,3.752313137054443e+00,3.061727881431580e-01,-9.517653584480286e-01,-1.767805777490139e-02,-9.402944706380367e-03
1609047029172486354,0,1609047029172486354,-2.539716005325317e+00,1.228737592697144e+00,3.710782527923584e+00,3.059677183628082e-01,-9.517955183982849e-01,-1.556813530623913e-02,-1.505748182535172e-02
1609047029274455949,0,1609047029274455949,-2.419911384582520e+00,1.201801657676697e+00,3.707564592361450e+00,3.056817352771759e-01,-9.516168832778931e-01,-1.741051301360130e-02,-2.609347924590111e-02
1609047029372007633,0,1609047029372007633,-2.309947490692139e+00,1.174970149993896e+00,3.720615625381470e+00,3.056749403476715e-01,-9.513554573059082e-01,-1.810842007398605e-02,-3.402447327971458e-02
1609047029482707690,0,1609047029482707690,-2.202029228210449e+00,1.142383456230164e+00,3.725913763046265e+00,3.055948317050934e-01,-9.512131214141846e-01,-1.945198699831963e-02,-3.777591511607170e-02
1609047029580255429,0,1609047029580255429,-2.121203184127808e+00,1.107045173645020e+00,3.735610246658325e+00,3.057157695293427e-01,-9.511198401451111e-01,-1.877070963382721e-02,-3.945479914546013e-02
1609047029687669036,0,1609047029687669036,-2.040719509124756e+00,1.062479019165039e+00,3.723256826400757e+00,3.058854639530182e-01,-9.512225985527039e-01,-1.664474606513977e-02,-3.650487959384918e-02
1609047029794572994,0,1609047029794572994,-1.972247362136841e+00,1.008899807929993e+00,3.706248521804810e+00,3.061003983020782e-01,-9.514037966728210e-01,-9.827550500631332e-03,-3.220124915242195e-02
1609047029896433397,0,1609047029896433397,-1.920024752616882e+00,9.564310908317566e-01,3.722797155380249e+00,3.064094483852386e-01,-9.514985084533691e-01,-6.636954843997955e-03,-2.683009207248688e-02
1609047029998351216,0,1609047029998351216,-1.878112912178040e+00,8.971682786941528e-01,3.727925300598145e+00,3.065385520458221e-01,-9.516301155090332e-01,-1.351927290670574e-03,-2.079864405095577e-02
1609047030100241791,0,1609047030100241791,-1.840324997901917e+00,8.331642746925354e-01,3.733681201934814e+00,3.066628873348236e-01,-9.516702294349670e-01,3.574310336261988e-03,-1.639973744750023e-02
1609047030171557972,0,1609047030171557972,-1.813852667808533e+00,7.807789444923401e-01,3.716841220855713e+00,3.065646588802338e-01,-9.517010450363159e-01,8.176581002771854e-03,-1.471197884529829e-02
1609047030268717772,0,1609047030268717772,-1.782376050949097e+00,7.102576494216919e-01,3.699615478515625e+00,3.073294162750244e-01,-9.514049887657166e-01,1.473464071750641e-02,-1.265901420265436e-02
1609047030370854812,0,1609047030370854812,-1.754991054534912e+00,6.417759656906128e-01,3.716484546661377e+00,3.097261190414429e-01,-9.505214095115662e-01,2.039098553359509e-02,-1.276949886232615e-02
1609047030477866280,0,1609047030477866280,-1.732822299003601e+00,5.813874006271362e-01,3.725576639175415e+00,3.151556551456451e-01,-9.486294388771057e-01,2.446300536394119e-02,-1.344291865825653e-02
1609047030574834036,0,1609047030574834036,-1.717367768287659e+00,5.269150137901306e-01,3.723572015762329e+00,3.208825290203094e-01,-9.465985298156738e-01,2.728197537362576e-02,-1.553412340581417e-02
1609047030677182632,0,1609047030677182632,-1.708118796348572e+00,4.749428927898407e-01,3.736290931701660e+00,3.284267783164978e-01,-9.439473748207092e-01,2.861923165619373e-02,-1.673870161175728e-02
1609047030794300289,0,1609047030794300289,-1.702034354209900e+00,4.265722930431366e-01,3.728378057479858e+00,3.373033106327057e-01,-9.407632350921631e-01,2.944480627775192e-02,-1.799925975501537e-02
1609047030891475411,0,1609047030891475411,-1.706692576408386e+00,3.939666748046875e-01,3.726454257965088e+00,3.444203734397888e-01,-9.382261633872986e-01,2.767341397702694e-02,-1.845181733369827e-02
1609047030993444813,0,1609047030993444813,-1.723777055740356e+00,3.606316745281219e-01,3.750997543334961e+00,3.518807888031006e-01,-9.356342554092407e-01,2.237083017826080e-02,-1.637245528399944e-02
1609047031100404536,0,1609047031100404536,-1.739704012870789e+00,3.270287215709686e-01,3.747510671615601e+00,3.604332208633423e-01,-9.325403571128845e-01,1.785157248377800e-02,-1.173954643309116e-02
1609047031197212974,0,1609047031197212974,-1.762285470962524e+00,2.946974635124207e-01,3.703913450241089e+00,3.698531389236450e-01,-9.289395213127136e-01,1.328162755817175e-02,-1.018686220049858e-02
1609047031275120161,0,1609047031275120161,-1.787007451057434e+00,2.729020714759827e-01,3.684307813644409e+00,3.790462911128998e-01,-9.253012537956238e-01,8.889881893992424e-03,-7.910980843007565e-03
1609047031371840621,0,1609047031371840621,-1.824427485466003e+00,2.447606921195984e-01,3.671685457229614e+00,3.904755711555481e-01,-9.205785393714905e-01,6.527177523821592e-03,-4.635441582649946e-03
1609047031473610810,0,1609047031473610810,-1.865315079689026e+00,2.162989079952240e-01,3.674750089645386e+00,4.034802615642548e-01,-9.149755239486694e-01,4.814992193132639e-03,-6.208393606357276e-04
1609047031585937594,0,1609047031585937594,-1.904608488082886e+00,1.892002522945404e-01,3.669977188110352e+00,4.176669716835022e-01,-9.085760712623596e-01,5.263220053166151e-03,4.009963944554329e-03
1609047031677376796,0,1609047031677376796,-1.946556925773621e+00,1.686625331640244e-01,3.665380954742432e+00,4.261822998523712e-01,-9.046024680137634e-01,5.709350574761629e-03,5.512528587132692e-03
1609047031784333635,0,1609047031784333635,-1.992312669754028e+00,1.440878063440323e-01,3.675120353698730e+00,4.330207109451294e-01,-9.013356566429138e-01,6.298182997852564e-03,6.891030352562666e-03
1609047031886267285,0,1609047031886267285,-2.034070730209351e+00,1.209173873066902e-01,3.698457241058350e+00,4.385036528110504e-01,-8.986641764640808e-01,5.478661973029375e-03,9.349772706627846e-03
1609047031983233709,0,1609047031983233709,-2.070821523666382e+00,9.958320856094360e-02,3.725450754165649e+00,4.415831863880157e-01,-8.970226645469666e-01,8.217863738536835e-03,1.694861985743046e-02
1609047032095846149,0,1609047032095846149,-2.117589473724365e+00,7.758808881044388e-02,3.715682268142700e+00,4.434972703456879e-01,-8.958961963653564e-01,8.387582376599312e-03,2.469611912965775e-02
1609047032203113464,0,1609047032203113464,-2.161567926406860e+00,6.138219311833382e-02,3.706279039382935e+00,4.445436596870422e-01,-8.951074481010437e-01,9.931294247508049e-03,3.263555839657784e-02
1609047032300001251,0,1609047032300001251,-2.202920913696289e+00,4.933051392436028e-02,3.683837413787842e+00,4.447781741619110e-01,-8.947216272354126e-01,1.267944835126400e-02,3.853338584303856e-02
1609047032371560325,0,1609047032371560325,-2.234921932220459e+00,4.519989714026451e-02,3.673735380172729e+00,4.452672302722931e-01,-8.944970369338989e-01,1.219377201050520e-02,3.825581446290016e-02
1609047032479030383,0,1609047032479030383,-2.274885654449463e+00,4.860245436429977e-02,3.686057329177856e+00,4.453898072242737e-01,-8.944474458694458e-01,1.070648990571499e-02,3.843369707465172e-02
1609047032581740379,0,1609047032581740379,-2.305786609649658e+00,5.192549899220467e-02,3.683226346969604e+00,4.456923305988312e-01,-8.944435715675354e-01,1.029535755515099e-02,3.497281670570374e-02
1609047032684041377,0,1609047032684041377,-2.326046466827393e+00,6.378301233053207e-02,3.693592071533203e+00,4.458637833595276e-01,-8.945000171661377e-01,9.559566155076027e-03,3.136766329407692e-02
1609047032775606149,0,1609047032775606149,-2.341660737991333e+00,7.912681251764297e-02,3.672010421752930e+00,4.458311796188354e-01,-8.946678638458252e-01,1.107258815318346e-02,2.610466443002224e-02
1609047032878185983,0,1609047032878185983,-2.352074861526489e+00,1.054093986749649e-01,3.676991462707520e+00,4.458715021610260e-01,-8.947860002517700e-01,1.021360885351896e-02,2.126715332269669e-02
1609047032980492922,0,1609047032980492922,-2.366215944290161e+00,1.342367231845856e-01,3.666908025741577e+00,4.459692835807800e-01,-8.949055671691895e-01,8.365645073354244e-03,1.361754909157753e-02
1609047033082637490,0,1609047033082637490,-2.374404430389404e+00,1.638389080762863e-01,3.678812265396118e+00,4.460346698760986e-01,-8.949393630027771e-01,8.168214000761509e-03,8.362445048987865e-03
1609047033195602899,0,1609047033195602899,-2.387711286544800e+00,1.969964206218719e-01,3.673678636550903e+00,4.461366832256317e-01,-8.949339985847473e-01,6.708235014230013e-03,3.195188706740737e-03
1609047033298116578,0,1609047033298116578,-2.403247356414795e+00,2.278698086738586e-01,3.673424720764160e+00,4.461983740329742e-01,-8.949211239814758e-01,4.827471449971199e-03,1.808013621484861e-04
1609047033400035650,0,1609047033400035650,-2.420649290084839e+00,2.585057318210602e-01,3.670027971267700e+00,4.462032616138458e-01,-8.949228525161743e-01,3.547457978129387e-03,-1.815182040445507e-03
1609047033471576843,0,1609047033471576843,-2.435883283615112e+00,2.837175726890564e-01,3.685047626495361e+00,4.464016258716583e-01,-8.948313593864441e-01,-6.368717877194285e-04,1.442334265448153e-03
1609047033573727599,0,1609047033573727599,-2.459054470062256e+00,3.144727647304535e-01,3.632983922958374e+00,4.463125765323639e-01,-8.948636651039124e-01,3.297231160104275e-04,4.891950171440840e-03
1609047033675601824,0,1609047033675601824,-2.487211704254150e+00,3.454740941524506e-01,3.614609479904175e+00,4.460889697074890e-01,-8.949541449546814e-01,1.848503598012030e-03,7.633030414581299e-03
1609047033772844121,0,1609047033772844121,-2.512816667556763e+00,3.764136433601379e-01,3.631563186645508e+00,4.463106095790863e-01,-8.947905898094177e-01,2.380290534347296e-03,1.229433342814445e-02
1609047033875347543,0,1609047033875347543,-2.543127775192261e+00,4.058555960655212e-01,3.631527662277222e+00,4.462331831455231e-01,-8.947685360908508e-01,4.110740497708321e-03,1.575540192425251e-02
1609047033982418404,0,1609047033982418404,-2.573805093765259e+00,4.322250783443451e-01,3.611323356628418e+00,4.460209310054779e-01,-8.948559165000916e-01,6.603932008147240e-03,1.595870777964592e-02
1609047034090431099,0,1609047034090431099,-2.595496177673340e+00,4.656253159046173e-01,3.638741970062256e+00,4.462084770202637e-01,-8.947713971138000e-01,4.284191876649857e-03,1.624441519379616e-02
1609047034192262122,0,1609047034192262122,-2.617698192596436e+00,4.949133396148682e-01,3.634097576141357e+00,4.462080597877502e-01,-8.948014378547668e-01,3.558155614882708e-03,1.470610965043306e-02
1609047034294007204,0,1609047034294007204,-2.633030414581299e+00,5.300027728080750e-01,3.656140804290771e+00,4.462833106517792e-01,-8.947515487670898e-01,2.121563535183668e-03,1.569624803960323e-02
1609047034400917149,0,1609047034400917149,-2.649023771286011e+00,5.689497590065002e-01,3.659417152404785e+00,4.463365674018860e-01,-8.946499228477478e-01,3.687838790938258e-03,1.928018778562546e-02
1609047034492596347,0,1609047034492596347,-2.670390844345093e+00,6.054754853248596e-01,3.657103538513184e+00,4.460584819316864e-01,-8.947428464889526e-01,2.672629663720727e-03,2.144938334822655e-02
1609047034563808271,0,1609047034563808271,-2.686990022659302e+00,6.388276815414429e-01,3.646284103393555e+00,4.460940062999725e-01,-8.947341442108154e-01,6.733195041306317e-04,2.122397907078266e-02
1609047034665630501,0,1609047034665630501,-2.707105875015259e+00,6.834791302680969e-01,3.646318912506104e+00,4.460924565792084e-01,-8.947358727455139e-01,5.823349929414690e-04,2.118900977075100e-02
1609047034773027378,0,1609047034773027378,-2.721370458602905e+00,7.322019934654236e-01,3.655310869216919e+00,4.462707936763763e-01,-8.946718573570251e-01,-1.472317380830646e-03,2.006708458065987e-02
1609047034885123028,0,1609047034885123028,-2.733651399612427e+00,7.797926068305969e-01,3.653646707534790e+00,4.461168348789215e-01,-8.947897553443909e-01,-1.204071100801229e-03,1.815866306424141e-02
1609047034986957280,0,1609047034986957280,-2.735770463943481e+00,8.258662223815918e-01,3.665040969848633e+00,4.462944865226746e-01,-8.947094678878784e-01,-1.602282281965017e-03,1.771312765777111e-02
1609047035083595385,0,1609047035083595385,-2.745199918746948e+00,8.688428997993469e-01,3.640015363693237e+00,4.459980428218842e-01,-8.949052691459656e-01,-1.003766432404518e-03,1.513989269733429e-02
1609047035185470379,0,1609047035185470379,-2.744357347488403e+00,9.161074757575989e-01,3.657120943069458e+00,4.461834430694580e-01,-8.948129415512085e-01,-1.401703571900725e-03,1.510760094970465e-02
1609047035297460768,0,1609047035297460768,-2.746460437774658e+00,9.651749730110168e-01,3.667321443557739e+00,4.462411701679230e-01,-8.947481513023376e-01,-4.947325796820223e-04,1.715992577373981e-02
1609047035394287040,0,1609047035394287040,-2.750203847885132e+00,1.007330179214478e+00,3.658408403396606e+00,4.461446404457092e-01,-8.947948813438416e-01,1.290414365939796e-03,1.718669012188911e-02
1609047035501372506,0,1609047035501372506,-2.754820823669434e+00,1.057744026184082e+00,3.657641172409058e+00,4.458730518817902e-01,-8.949402570724487e-01,2.208227757364511e-03,1.656555756926537e-02
1609047035597999622,0,1609047035597999622,-2.755410432815552e+00,1.103023886680603e+00,3.688786506652832e+00,4.460569322109222e-01,-8.948310017585754e-01,2.956040669232607e-03,1.737959310412407e-02
1609047035664305691,0,1609047035664305691,-2.749392986297607e+00,1.141041636466980e+00,3.711338996887207e+00,4.457854628562927e-01,-8.948729634284973e-01,4.764081444591284e-03,2.133404091000557e-02
1609047035777718472,0,1609047035777718472,-2.746535539627075e+00,1.199942231178284e+00,3.699147224426270e+00,4.457851350307465e-01,-8.947004079818726e-01,8.667910471558571e-03,2.667624317109585e-02
1609047035874561153,0,1609047035874561153,-2.741730213165283e+00,1.257085323333740e+00,3.700254917144775e+00,4.455414116382599e-01,-8.946969509124756e-01,8.527632802724838e-03,3.062014281749725e-02
1609047035971627437,0,1609047035971627437,-2.740310192108154e+00,1.313396215438843e+00,3.672980785369873e+00,4.456136226654053e-01,-8.946333527565002e-01,8.351544849574566e-03,3.146400302648544e-02
1609047036073461467,0,1609047036073461467,-2.729735374450684e+00,1.378522515296936e+00,3.682023525238037e+00,4.451050758361816e-01,-8.948318362236023e-01,7.781409658491611e-03,3.312306478619576e-02
1609047036186363607,0,1609047036186363607,-2.715631008148193e+00,1.446176290512085e+00,3.675060272216797e+00,4.453517794609070e-01,-8.948863148689270e-01,3.067805198952556e-03,2.882535383105278e-02
1609047036288393555,0,1609047036288393555,-2.692346334457397e+00,1.514067411422729e+00,3.678819417953491e+00,4.451429843902588e-01,-8.950780630111694e-01,6.620085914619267e-04,2.612593956291676e-02
1609047036400224299,0,1609047036400224299,-2.667096138000488e+00,1.590735077857971e+00,3.681571006774902e+00,4.452580213546753e-01,-8.951408863067627e-01,-5.590594955720007e-04,2.162708342075348e-02
1609047036497056248,0,1609047036497056248,-2.647663354873657e+00,1.663816094398499e+00,3.679172754287720e+00,4.452261030673981e-01,-8.952577710151672e-01,-3.529535373672843e-03,1.657978072762489e-02
1609047036598824940,0,1609047036598824940,-2.620765209197998e+00,1.736813545227051e+00,3.702781677246094e+00,4.452871680259705e-01,-8.952622413635254e-01,-5.833607167005539e-03,1.381114590913057e-02
1609047036701328975,0,1609047036701328975,-2.595972537994385e+00,1.809583067893982e+00,3.704081058502197e+00,4.450989365577698e-01,-8.953906297683716e-01,-7.409755606204271e-03,1.037780847400427e-02
1609047036772955201,0,1609047036772955201,-2.573666810989380e+00,1.865972638130188e+00,3.705904960632324e+00,4.449895620346069e-01,-8.954429626464844e-01,-8.788499049842358e-03,9.437825530767441e-03
1609047036874966185,0,1609047036874966185,-2.541086673736572e+00,1.943153142929077e+00,3.726238250732422e+00,4.450368285179138e-01,-8.953953981399536e-01,-1.170238293707371e-02,8.507589809596539e-03
1609047036972107023,0,1609047036972107023,-2.513349533081055e+00,2.012142658233643e+00,3.739599227905273e+00,4.451096951961517e-01,-8.952866792678833e-01,-1.585377380251884e-02,9.365897625684738e-03
1609047037079447886,0,1609047037079447886,-2.482418060302734e+00,2.081541776657104e+00,3.718174934387207e+00,4.450393915176392e-01,-8.952569365501404e-01,-1.834973320364952e-02,1.087277289479971e-02
1609047037176310041,0,1609047037176310041,-2.454066276550293e+00,2.142141103744507e+00,3.706116676330566e+00,4.450421929359436e-01,-8.952099680900574e-01,-1.970641873776913e-02,1.217982638627291e-02
1609047037284249928,0,1609047037284249928,-2.422390699386597e+00,2.202983140945435e+00,3.715983867645264e+00,4.449705779552460e-01,-8.951467871665955e-01,-2.318458259105682e-02,1.326219458132982e-02
1609047037381434675,0,1609047037381434675,-2.391981124877930e+00,2.251681089401245e+00,3.719919204711914e+00,4.448702931404114e-01,-8.951317667961121e-01,-2.528639882802963e-02,1.378804910928011e-02
1609047037489689482,0,1609047037489689482,-2.353568077087402e+00,2.300778388977051e+00,3.715801954269409e+00,4.446935057640076e-01,-8.952335119247437e-01,-2.494452148675919e-02,1.350323203951120e-02
1609047037594479223,0,1609047037594479223,-2.311762332916260e+00,2.346101999282837e+00,3.761342048645020e+00,4.448049366474152e-01,-8.949461579322815e-01,-3.160893544554710e-02,1.486629061400890e-02
1609047037701588518,0,1609047037701588518,-2.267946481704712e+00,2.386636734008789e+00,3.804445505142212e+00,4.446189105510712e-01,-8.945985436439514e-01,-4.067951068282127e-02,1.877821423113346e-02
1609047037799866604,0,1609047037799866604,-2.227565765380859e+00,2.414522409439087e+00,3.757471323013306e+00,4.443493485450745e-01,-8.946439623832703e-01,-4.250334948301315e-02,1.895458251237869e-02
1609047037871099714,0,1609047037871099714,-2.185206890106201e+00,2.435467004776001e+00,3.729114770889282e+00,4.439136683940887e-01,-8.948624730110168e-01,-4.258035868406296e-02,1.867930218577385e-02
1609047037973364255,0,1609047037973364255,-2.121357917785645e+00,2.460209846496582e+00,3.743726968765259e+00,4.440794885158539e-01,-8.946973085403442e-01,-4.405057802796364e-02,1.922974921762943e-02
1609047038080280174,0,1609047038080280174,-2.054359674453735e+00,2.477365970611572e+00,3.748122930526733e+00,4.438489079475403e-01,-8.950454592704773e-01,-3.878714516758919e-02,1.967844925820827e-02
1609047038177050447,0,1609047038177050447,-1.985373377799988e+00,2.486213684082031e+00,3.764553070068359e+00,4.442560374736786e-01,-8.951090574264526e-01,-3.258537501096725e-02,1.883056946098804e-02
1609047038280825407,0,1609047038280825407,-1.906831264495850e+00,2.490853071212769e+00,3.793630361557007e+00,4.444350600242615e-01,-8.953077197074890e-01,-2.389398403465748e-02,1.818775571882725e-02
1609047038377569498,0,1609047038377569498,-1.831381440162659e+00,2.491214752197266e+00,3.824354171752930e+00,4.446237683296204e-01,-8.953778147697449e-01,-1.704057492315769e-02,1.782948151230812e-02
1609047038480708046,0,1609047038480708046,-1.742639303207397e+00,2.485721349716187e+00,3.848844528198242e+00,4.448400735855103e-01,-8.953269720077515e-01,-1.173866353929043e-02,1.921342127025127e-02
1609047038592983613,0,1609047038592983613,-1.652083516120911e+00,2.480010271072388e+00,3.842628717422485e+00,4.451021850109100e-01,-8.951769471168518e-01,-6.159150507301092e-03,2.245945110917091e-02
1609047038700029070,0,1609047038700029070,-1.569301486015320e+00,2.473284244537354e+00,3.826071023941040e+00,4.453220963478088e-01,-8.950387835502625e-01,-1.457120990380645e-03,2.432635612785816e-02
1609047038791305703,0,1609047038791305703,-1.491815805435181e+00,2.469587087631226e+00,3.822489738464355e+00,4.452542364597321e-01,-8.950256705284119e-01,1.764463726431131e-03,2.597329579293728e-02
1609047038893232124,0,1609047038893232124,-1.403024792671204e+00,2.468683481216431e+00,3.817684173583984e+00,4.455539584159851e-01,-8.949299454689026e-01,3.942835901398212e-04,2.412402257323265e-02
1609047038964507638,0,1609047038964507638,-1.330670237541199e+00,2.469642639160156e+00,3.812592267990112e+00,4.457447528839111e-01,-8.949079513549805e-01,-1.536151510663331e-03,2.118921652436256e-02
1609047039077647396,0,1609047039077647396,-1.226129889488220e+00,2.474986553192139e+00,3.812650203704834e+00,4.456384479999542e-01,-8.950442075729370e-01,-3.586841048672795e-03,1.701297797262669e-02
1609047039170814106,0,1609047039170814106,-1.132962822914124e+00,2.479300260543823e+00,3.810353517532349e+00,4.456708431243896e-01,-8.950684070587158e-01,-5.559106357395649e-03,1.411376800388098e-02
1609047039272755904,0,1609047039272755904,-1.037232160568237e+00,2.486463785171509e+00,3.812570333480835e+00,4.455120563507080e-01,-8.951628208160400e-01,-8.055603131651878e-03,1.173778250813484e-02
1609047039379795212,0,1609047039379795212,-9.418106079101562e-01,2.492178201675415e+00,3.793029308319092e+00,4.456100761890411e-01,-8.951268792152405e-01,-1.048454456031322e-02,8.347273804247379e-03
1609047039476907077,0,1609047039476907077,-8.532701134681702e-01,2.499113798141479e+00,3.790100336074829e+00,4.455009698867798e-01,-8.951451182365417e-01,-1.399142947047949e-02,6.951109040528536e-03
1609047039594249314,0,1609047039594249314,-7.561070322990417e-01,2.505305051803589e+00,3.783873796463013e+00,4.457908868789673e-01,-8.949420452117920e-01,-1.756845228374004e-02,6.375859025865793e-03
1609047039691567959,0,1609047039691567959,-6.725059747695923e-01,2.505732297897339e+00,3.765134572982788e+00,4.458421468734741e-01,-8.948707580566406e-01,-1.981891319155693e-02,6.196550093591213e-03
1609047039788439735,0,1609047039788439735,-5.864309072494507e-01,2.502491235733032e+00,3.751247644424438e+00,4.456961452960968e-01,-8.948984146118164e-01,-2.173997089266777e-02,6.265886593610048e-03
1609047039895353459,0,1609047039895353459,-4.959583878517151e-01,2.495680093765259e+00,3.755211830139160e+00,4.456353783607483e-01,-8.948643207550049e-01,-2.395043894648552e-02,7.306620478630066e-03
1609047039997355540,0,1609047039997355540,-4.092857837677002e-01,2.479262828826904e+00,3.749076366424561e+00,4.457676112651825e-01,-8.947253823280334e-01,-2.632372453808784e-02,8.058359846472740e-03
1609047040073601872,0,1609047040073601872,-3.336091041564941e-01,2.463358402252197e+00,3.725220441818237e+00,4.456114768981934e-01,-8.948848247528076e-01,-2.374278940260410e-02,6.921207997947931e-03
1609047040165226042,0,1609047040165226042,-2.427038401365280e-01,2.437253236770630e+00,3.731998920440674e+00,4.454340338706970e-01,-8.949756026268005e-01,-2.369166724383831e-02,6.778763607144356e-03
1609047040268584212,0,1609047040268584212,-1.411063075065613e-01,2.408611536026001e+00,3.707944393157959e+00,4.455440342426300e-01,-8.950518369674683e-01,-1.887446641921997e-02,4.053581506013870e-03
1609047040376268777,0,1609047040376268777,-3.809382021427155e-02,2.377347946166992e+00,3.721582174301147e+00,4.457190632820129e-01,-8.950312733650208e-01,-1.581139303743839e-02,1.886229380033910e-03
1609047040478661654,0,1609047040478661654,5.550910159945488e-02,2.339997053146362e+00,3.719871044158936e+00,4.458535909652710e-01,-8.950154185295105e-01,-1.272663474082947e-02,4.257524778950028e-05
1609047040586340180,0,1609047040586340180,1.512635499238968e-01,2.301943778991699e+00,3.725309610366821e+00,4.458150565624237e-01,-8.950649499893188e-01,-1.035380642861128e-02,-7.534972392022610e-04
1609047040683243682,0,1609047040683243682,2.371767610311508e-01,2.264328718185425e+00,3.749230861663818e+00,4.461601674556732e-01,-8.948634862899780e-01,-1.266101188957691e-02,1.852108980529010e-04
1609047040785307456,0,1609047040785307456,3.231254518032074e-01,2.222004175186157e+00,3.720200300216675e+00,4.460828006267548e-01,-8.948940038681030e-01,-1.321456301957369e-02,3.066603676415980e-04
1609047040892643848,0,1609047040892643848,4.090647399425507e-01,2.174428939819336e+00,3.714649677276611e+00,4.460197091102600e-01,-8.949027657508850e-01,-1.465208362787962e-02,8.318846812471747e-04
1609047040999577049,0,1609047040999577049,4.946123063564301e-01,2.125338554382324e+00,3.704710245132446e+00,4.461585581302643e-01,-8.948096632957458e-01,-1.604028418660164e-02,1.003087963908911e-03
1609047041096472913,0,1609047041096472913,5.710930824279785e-01,2.079922199249268e+00,3.695210695266724e+00,4.460576772689819e-01,-8.948552012443542e-01,-1.628511026501656e-02,1.298228395171463e-03
1609047041167924545,0,1609047041167924545,6.347476840019226e-01,2.037585973739624e+00,3.686119556427002e+00,4.460976123809814e-01,-8.948585987091064e-01,-1.499798335134983e-02,2.591605880297720e-04
1609047041269950452,0,1609047041269950452,7.225016951560974e-01,1.977276444435120e+00,3.678020000457764e+00,4.459211230278015e-01,-8.949741721153259e-01,-1.324535906314850e-02,-5.561318248510361e-04
1609047041377104644,0,1609047041377104644,8.075370192527771e-01,1.911024093627930e+00,3.700052976608276e+00,4.460707306861877e-01,-8.949110507965088e-01,-1.236978173255920e-02,-1.450307550840080e-03
1609047041479422263,0,1609047041479422263,8.856648802757263e-01,1.849890589714050e+00,3.698569774627686e+00,4.458156228065491e-01,-8.950567841529846e-01,-1.088743191212416e-02,-1.833181595429778e-03
1609047041576711831,0,1609047041576711831,9.623641371726990e-01,1.788413882255554e+00,3.702735424041748e+00,4.459330141544342e-01,-8.950014114379883e-01,-1.060830242931843e-02,-1.899633789435029e-03
1609047041689121242,0,1609047041689121242,1.040816545486450e+00,1.719780921936035e+00,3.693531751632690e+00,4.460637569427490e-01,-8.949419260025024e-01,-1.016531419008970e-02,-1.671515405178070e-03
1609047041786419986,0,1609047041786419986,1.107244610786438e+00,1.657096028327942e+00,3.696301698684692e+00,4.461077153682709e-01,-8.949162364006042e-01,-1.053509768098593e-02,-1.379784196615219e-03
1609047041884549692,0,1609047041884549692,1.171807527542114e+00,1.589512586593628e+00,3.694144725799561e+00,4.460326433181763e-01,-8.949341773986816e-01,-1.214035600423813e-02,-7.096137851476669e-04
1609047041996376715,0,1609047041996376715,1.242833137512207e+00,1.514616250991821e+00,3.685547590255737e+00,4.460450708866119e-01,-8.949294090270996e-01,-1.199992373585701e-02,-1.149342395365238e-03
1609047042103272776,0,1609047042103272776,1.308117032051086e+00,1.441791415214539e+00,3.686854600906372e+00,4.459623992443085e-01,-8.949782252311707e-01,-1.141075231134892e-02,-1.200294820591807e-03
1609047042199952702,0,1609047042199952702,1.368551611900330e+00,1.369378924369812e+00,3.684574365615845e+00,4.459877610206604e-01,-8.949680924415588e-01,-1.119864545762539e-02,-1.330981380306184e-03
1609047042276624531,0,1609047042276624531,1.419403195381165e+00,1.307374119758606e+00,3.682399272918701e+00,4.457997679710388e-01,-8.950760960578918e-01,-9.919260628521442e-03,-1.760140061378479e-03
1609047042373279699,0,1609047042373279699,1.482380747795105e+00,1.224334955215454e+00,3.698072671890259e+00,4.458909928798676e-01,-8.950188159942627e-01,-1.099818572402000e-02,-1.267157495021820e-03
1609047042470404057,0,1609047042470404057,1.542084336280823e+00,1.139354825019836e+00,3.678461790084839e+00,4.458204805850983e-01,-8.950813412666321e-01,-8.311588317155838e-03,-2.081035869196057e-03
1609047042572339665,0,1609047042572339665,1.602355122566223e+00,1.051737785339355e+00,3.685319662094116e+00,4.458202719688416e-01,-8.950826525688171e-01,-8.073371835052967e-03,-2.504468895494938e-03
1609047042679265720,0,1609047042679265720,1.658052682876587e+00,9.599974155426025e-01,3.683208465576172e+00,4.457485377788544e-01,-8.951233625411987e-01,-7.261609658598900e-03,-3.118116175755858e-03
1609047042781078771,0,1609047042781078771,1.708486795425415e+00,8.725799918174744e-01,3.676307678222656e+00,4.457476139068604e-01,-8.951255679130554e-01,-6.648113019764423e-03,-3.889702958986163e-03
1609047042890838558,0,1609047042890838558,1.759166121482849e+00,7.821296453475952e-01,3.673633337020874e+00,4.458218216896057e-01,-8.950873017311096e-01,-6.711650639772415e-03,-4.072776529937983e-03
1609047042987567661,0,1609047042987567661,1.800273299217224e+00,6.987837553024292e-01,3.671538591384888e+00,4.456692636013031e-01,-8.951617479324341e-01,-6.578607484698296e-03,-4.602185916155577e-03
1609047043094794140,0,1609047043094794140,1.844495773315430e+00,6.060388684272766e-01,3.663727998733521e+00,4.458889365196228e-01,-8.950552940368652e-01,-5.987568758428097e-03,-4.829847719520330e-03
1609047043191341682,0,1609047043191341682,1.881194472312927e+00,5.165640115737915e-01,3.642512559890747e+00,4.455877542495728e-01,-8.952089548110962e-01,-4.403935745358467e-03,-5.750419106334448e-03
1609047043299411241,0,1609047043299411241,1.920116662979126e+00,4.221494793891907e-01,3.618363142013550e+00,4.453290998935699e-01,-8.953210115432739e-01,1.986133866012096e-03,-8.852688595652580e-03
1609047043375916874,0,1609047043375916874,1.947216987609863e+00,3.434056937694550e-01,3.619141101837158e+00,4.451407492160797e-01,-8.953502178192139e-01,7.569170556962490e-03,-1.184863317757845e-02
1609047043472578907,0,1609047043472578907,1.977305293083191e+00,2.462054342031479e-01,3.628196239471436e+00,4.449432194232941e-01,-8.953012824058533e-01,1.505468133836985e-02,-1.531633641570807e-02
1609047043574493415,0,1609047043574493415,2.002341747283936e+00,1.448225378990173e-01,3.635995626449585e+00,4.448643028736115e-01,-8.951132893562317e-01,2.223990485072136e-02,-1.932398416101933e-02
1609047043676561797,0,1609047043676561797,2.017337322235107e+00,4.936613515019417e-02,3.646160602569580e+00,4.447770118713379e-01,-8.948836326599121e-01,2.893758937716484e-02,-2.278982475399971e-02
1609047043783754092,0,1609047043783754092,2.023801088333130e+00,-4.803417250514030e-02,3.633030891418457e+00,4.445300698280334e-01,-8.946170210838318e-01,3.652551025152206e-02,-2.681946754455566e-02
1609047043877164439,0,1609047043877164439,2.016949892044067e+00,-1.286487132310867e-01,3.636187076568604e+00,4.443431198596954e-01,-8.944521546363831e-01,3.987427428364754e-02,-3.040717169642448e-02
1609047043989235332,0,1609047043989235332,2.001477003097534e+00,-2.090746462345123e-01,3.685849189758301e+00,4.450426995754242e-01,-8.943622708320618e-01,3.537918999791145e-02,-2.831073477864265e-02
1609047044085886860,0,1609047044085886860,1.973855733871460e+00,-2.807108461856842e-01,3.691718101501465e+00,4.456153512001038e-01,-8.944476246833801e-01,2.776671759784222e-02,-2.488995902240276e-02
1609047044192736423,0,1609047044192736423,1.938475489616394e+00,-3.546772897243500e-01,3.644773244857788e+00,4.459317028522491e-01,-8.946150541305542e-01,1.917900145053864e-02,-2.099823206663132e-02
1609047044294605353,0,1609047044294605353,1.893266201019287e+00,-4.245400726795197e-01,3.598036289215088e+00,4.462002515792847e-01,-8.946822881698608e-01,1.263747178018093e-02,-1.701166294515133e-02
1609047044401509371,0,1609047044401509371,1.837522864341736e+00,-4.902833700180054e-01,3.563055992126465e+00,4.464211165904999e-01,-8.947097659111023e-01,4.736050032079220e-03,-1.342623867094517e-02
1609047044469001682,0,1609047044469001682,1.793225765228271e+00,-5.394685268402100e-01,3.555720329284668e+00,4.466059207916260e-01,-8.946512341499329e-01,8.733992581255734e-04,-1.190256793051958e-02
1609047044572109987,0,1609047044572109987,1.720750331878662e+00,-6.122275590896606e-01,3.542750120162964e+00,4.467738866806030e-01,-8.945746421813965e-01,-1.804756233468652e-03,-1.123299915343523e-02
1609047044679155081,0,1609047044679155081,1.647887468338013e+00,-6.827105879783630e-01,3.559094905853271e+00,4.468181729316711e-01,-8.945257067680359e-01,-4.150061868131161e-03,-1.265436038374901e-02
1609047044770739968,0,1609047044770739968,1.576712012290955e+00,-7.476798295974731e-01,3.567486763000488e+00,4.469952881336212e-01,-8.943961858749390e-01,-6.262021139264107e-03,-1.453948393464088e-02
1609047044877715601,0,1609047044877715601,1.497810244560242e+00,-8.218966126441956e-01,3.568036556243896e+00,4.472291171550751e-01,-8.942242860794067e-01,-6.143403239548206e-03,-1.765136234462261e-02
1609047044985734772,0,1609047044985734772,1.421585559844971e+00,-9.005900621414185e-01,3.574314832687378e+00,4.471113383769989e-01,-8.942316770553589e-01,-5.444377660751343e-03,-2.028605900704861e-02
1609047045082517845,0,1609047045082517845,1.352220177650452e+00,-9.746679067611694e-01,3.605707168579102e+00,4.472090601921082e-01,-8.942075967788696e-01,-5.241389852017164e-03,-1.921893842518330e-02
1609047045195279649,0,1609047045195279649,1.268766760826111e+00,-1.059525132179260e+00,3.605945110321045e+00,4.473744332790375e-01,-8.941711783409119e-01,-4.387348424643278e-03,-1.716842502355576e-02
1609047045286938140,0,1609047045286938140,1.192583084106445e+00,-1.137045502662659e+00,3.599982500076294e+00,4.472638070583344e-01,-8.942779302597046e-01,-2.864285372197628e-03,-1.462317723780870e-02
1609047045393822410,0,1609047045393822410,1.103365540504456e+00,-1.225393533706665e+00,3.609411716461182e+00,4.474774897098541e-01,-8.942746520042419e-01,8.298446773551404e-04,-6.001069676131010e-03
1609047045495897098,0,1609047045495897098,1.012579202651978e+00,-1.311588883399963e+00,3.606029748916626e+00,4.472208917140961e-01,-8.944101929664612e-01,4.860052373260260e-03,5.870190798304975e-04
1609047045562179345,0,1609047045562179345,9.402127861976624e-01,-1.380469799041748e+00,3.595315456390381e+00,4.471327364444733e-01,-8.944370746612549e-01,5.853438284248114e-03,4.517240915447474e-03
1609047045664107800,0,1609047045664107800,8.339432477951050e-01,-1.482255935668945e+00,3.600469350814819e+00,4.472741484642029e-01,-8.943196535110474e-01,8.199833333492279e-03,8.421487174928188e-03
1609047045781334409,0,1609047045781334409,7.240560054779053e-01,-1.579642057418823e+00,3.602038145065308e+00,4.469351470470428e-01,-8.945047855377197e-01,6.911945063620806e-03,7.906996645033360e-03
1609047045873057929,0,1609047045873057929,6.359985470771790e-01,-1.660361170768738e+00,3.601674556732178e+00,4.466848969459534e-01,-8.946226239204407e-01,9.000239893794060e-03,6.491776555776596e-03
1609047045975874512,0,1609047045975874512,5.408796668052673e-01,-1.744326949119568e+00,3.593864202499390e+00,4.461342394351959e-01,-8.948706984519958e-01,1.264622714370489e-02,3.291171276941895e-03
1609047046077791334,0,1609047046077791334,4.481849372386932e-01,-1.818166971206665e+00,3.604052782058716e+00,4.458912611007690e-01,-8.949347734451294e-01,1.650968194007874e-02,5.114828236401081e-04
1609047046179516594,0,1609047046179516594,3.581987619400024e-01,-1.887798786163330e+00,3.614898443222046e+00,4.457755088806152e-01,-8.948814272880554e-01,2.167347818613052e-02,-1.285901176743209e-03
1609047046291689717,0,1609047046291689717,2.574500441551208e-01,-1.958360195159912e+00,3.643242835998535e+00,4.456829726696014e-01,-8.948059082031250e-01,2.625084482133389e-02,-2.076994278468192e-04
1609047046394160699,0,1609047046394160699,1.650021076202393e-01,-2.017098665237427e+00,3.656111240386963e+00,4.454970955848694e-01,-8.947975039482117e-01,2.919269539415836e-02,4.180493298918009e-03
1609047046491380697,0,1609047046491380697,6.803637742996216e-02,-2.078349113464355e+00,3.636541128158569e+00,4.455196559429169e-01,-8.946832418441772e-01,3.174176067113876e-02,6.842229515314102e-03
1609047046593238243,0,1609047046593238243,-3.472211956977844e-02,-2.128614187240601e+00,3.627591133117676e+00,4.456635117530823e-01,-8.946920037269592e-01,2.886964194476604e-02,8.768289349973202e-03
1609047046670091541,0,1609047046670091541,-1.218893676996231e-01,-2.168721675872803e+00,3.614211082458496e+00,4.456423819065094e-01,-8.948453068733215e-01,2.406785450875759e-02,8.690240792930126e-03
1609047046766845328,0,1609047046766845328,-2.355164587497711e-01,-2.219599246978760e+00,3.605538845062256e+00,4.456120431423187e-01,-8.949537277221680e-01,2.001237682998180e-02,9.347903542220592e-03
1609047046868552151,0,1609047046868552151,-3.490386605262756e-01,-2.262677907943726e+00,3.602648496627808e+00,4.454466998577118e-01,-8.950824141502380e-01,1.760884001851082e-02,9.729254059493542e-03
1609047046975410753,0,1609047046975410753,-4.634555578231812e-01,-2.299164056777954e+00,3.603560686111450e+00,4.452282190322876e-01,-8.951897621154785e-01,1.628399826586246e-02,1.191815547645092e-02
1609047047082442268,0,1609047047082442268,-5.755820870399475e-01,-2.325413942337036e+00,3.590002059936523e+00,4.450734257698059e-01,-8.952180743217468e-01,1.672348938882351e-02,1.465467456728220e-02
1609047047179350733,0,1609047047179350733,-6.774518489837646e-01,-2.347022771835327e+00,3.599606275558472e+00,4.449418187141418e-01,-8.952075839042664e-01,1.747158542275429e-02,1.802674122154713e-02
1609047047281001857,0,1609047047281001857,-7.828388214111328e-01,-2.373684883117676e+00,3.593790769577026e+00,4.449732005596161e-01,-8.951914906501770e-01,1.695733703672886e-02,1.853358931839466e-02
1609047047392967986,0,1609047047392967986,-8.975668549537659e-01,-2.397971868515015e+00,3.604452848434448e+00,4.446816146373749e-01,-8.954730629920959e-01,1.350046787410975e-02,1.428558025509119e-02
1609047047494859292,0,1609047047494859292,-9.937201738357544e-01,-2.412755012512207e+00,3.620271921157837e+00,4.446347951889038e-01,-8.955764174461365e-01,1.094170659780502e-02,1.109258178621531e-02
1609047047596903748,0,1609047047596903748,-1.093588471412659e+00,-2.427650690078735e+00,3.620096921920776e+00,4.444361329078674e-01,-8.957568407058716e-01,7.321245037019253e-03,6.525926757603884e-03
1609047047693738507,0,1609047047693738507,-1.187905430793762e+00,-2.439794301986694e+00,3.624868631362915e+00,4.444628059864044e-01,-8.957877159118652e-01,3.977898042649031e-03,1.212689443491399e-03
1609047047762231180,0,1609047047762231180,-1.262751817703247e+00,-2.447594165802002e+00,3.631088256835938e+00,4.444812238216400e-01,-8.957840204238892e-01,2.233042614534497e-03,-1.617083675228059e-03
1609047047869147900,0,1609047047869147900,-1.373960494995117e+00,-2.460837364196777e+00,3.631184101104736e+00,4.445163905620575e-01,-8.957541584968567e-01,2.209281083196402e-03,-4.971955437213182e-03
1609047047976408858,0,1609047047976408858,-1.482684135437012e+00,-2.475111484527588e+00,3.624834537506104e+00,4.441492855548859e-01,-8.959050774574280e-01,4.013619851320982e-03,-8.334228768944740e-03
1609047048073275489,0,1609047048073275489,-1.582658767700195e+00,-2.490697383880615e+00,3.647311687469482e+00,4.443036019802094e-01,-8.958023190498352e-01,5.626080092042685e-03,-1.004855521023273e-02
1609047048175191541,0,1609047048175191541,-1.689878582954407e+00,-2.508631944656372e+00,3.664776563644409e+00,4.443716704845428e-01,-8.957475423812866e-01,7.131065241992474e-03,-1.092354953289032e-02
1609047048282528576,0,1609047048282528576,-1.803463459014893e+00,-2.528986692428589e+00,3.668236255645752e+00,4.444007575511932e-01,-8.957013487815857e-01,9.360671974718571e-03,-1.181495934724808e-02
1609047048394559264,0,1609047048394559264,-1.923313140869141e+00,-2.550032854080200e+00,3.671497344970703e+00,4.441956579685211e-01,-8.957704901695251e-01,1.069758273661137e-02,-1.308073755353689e-02
1609047048486025018,0,1609047048486025018,-2.023629426956177e+00,-2.569150209426880e+00,3.680493116378784e+00,4.444381594657898e-01,-8.956394195556641e-01,1.248835958540440e-02,-1.220563519746065e-02
1609047048589930612,0,1609047048589930612,-2.141747236251831e+00,-2.587837696075439e+00,3.704660892486572e+00,4.444118440151215e-01,-8.956919312477112e-01,1.301388256251812e-02,-8.048934862017632e-03
1609047048696672745,0,1609047048696672745,-2.268718004226685e+00,-2.610857486724854e+00,3.718875885009766e+00,4.445666968822479e-01,-8.956624865531921e-01,1.194917596876621e-02,-2.526827622205019e-03
1609047048799462355,0,1609047048799462355,-2.400013923645020e+00,-2.634601593017578e+00,3.697508811950684e+00,4.443307518959045e-01,-8.957692980766296e-01,1.291771419346333e-02,9.127644007094204e-04
1609047048875912998,0,1609047048875912998,-2.504449129104614e+00,-2.650795698165894e+00,3.700395345687866e+00,4.443380534648895e-01,-8.957729339599609e-01,1.203739177435637e-02,3.116785548627377e-03
1609047048972840501,0,1609047048972840501,-2.639000415802002e+00,-2.668078422546387e+00,3.705152034759521e+00,4.441809058189392e-01,-8.958448171615601e-01,1.124215405434370e-02,6.247248034924269e-03
1609047049069727741,0,1609047049069727741,-2.770643949508667e+00,-2.684141397476196e+00,3.703355550765991e+00,4.441008269786835e-01,-8.958827853202820e-01,1.043935399502516e-02,7.715769112110138e-03
1609047049182058721,0,1609047049182058721,-2.914384126663208e+00,-2.697398662567139e+00,3.710912704467773e+00,4.440185427665710e-01,-8.959597349166870e-01,8.212356828153133e-03,6.027782335877419e-03
1609047049273639683,0,1609047049273639683,-3.032879590988159e+00,-2.709914684295654e+00,3.719476461410522e+00,4.440309703350067e-01,-8.959662914276123e-01,8.080632425844669e-03,3.965777810662985e-03
1609047049386260800,0,1609047049386260800,-3.166605949401855e+00,-2.718855857849121e+00,3.748253345489502e+00,4.440429508686066e-01,-8.959754109382629e-01,7.040421944111586e-03,2.078208839520812e-03
1609047049488042081,0,1609047049488042081,-3.287795066833496e+00,-2.724925994873047e+00,3.754022359848022e+00,4.442746341228485e-01,-8.958451151847839e-01,9.028693661093712e-03,1.289996871491894e-04
1609047049594955903,0,1609047049594955903,-3.414727687835693e+00,-2.727613210678101e+00,3.787186145782471e+00,4.445380270481110e-01,-8.957064747810364e-01,9.654004126787186e-03,1.602488104254007e-03
1609047049691980387,0,1609047049691980387,-3.527015924453735e+00,-2.728659391403198e+00,3.795555830001831e+00,4.445091187953949e-01,-8.956379890441895e-01,1.287650503218174e-02,8.855484426021576e-03
1609047049788668387,0,1609047049788668387,-3.647008895874023e+00,-2.735692024230957e+00,3.800350904464722e+00,4.444237351417542e-01,-8.955488204956055e-01,1.563304476439953e-02,1.535069849342108e-02
1609047049895573270,0,1609047049895573270,-3.779956102371216e+00,-2.741875648498535e+00,3.795776128768921e+00,4.445249140262604e-01,-8.952826261520386e-01,1.743838749825954e-02,2.371878549456596e-02
1609047049961740397,0,1609047049961740397,-3.876646280288696e+00,-2.745708465576172e+00,3.790189027786255e+00,4.444493949413300e-01,-8.951715230941772e-01,1.947909407317638e-02,2.744551934301853e-02
1609047050064243667,0,1609047050064243667,-4.011507987976074e+00,-2.741279602050781e+00,3.810116767883301e+00,4.441043436527252e-01,-8.951173424720764e-01,2.003674581646919e-02,3.368704393506050e-02
1609047050176495778,0,1609047050176495778,-4.146213531494141e+00,-2.739076137542725e+00,3.801619291305542e+00,4.437739253044128e-01,-8.950321674346924e-01,2.324724569916725e-02,3.796975314617157e-02
1609047050278906165,0,1609047050278906165,-4.259798526763916e+00,-2.721030235290527e+00,3.833967924118042e+00,4.435559809207916e-01,-8.949128389358521e-01,2.419741079211235e-02,4.246987029910088e-02
1609047050375783503,0,1609047050375783503,-4.365420341491699e+00,-2.698835372924805e+00,3.829754114151001e+00,4.433880150318146e-01,-8.949077725410461e-01,2.516806870698929e-02,4.374833405017853e-02
1609047050482787502,0,1609047050482787502,-4.473805904388428e+00,-2.663017272949219e+00,3.837210178375244e+00,4.435010552406311e-01,-8.950725793838501e-01,2.284495905041695e-02,4.037322849035263e-02
1609047050579844532,0,1609047050579844532,-4.565723896026611e+00,-2.626754760742188e+00,3.836447238922119e+00,4.436160624027252e-01,-8.952865600585938e-01,2.087390236556530e-02,3.508625552058220e-02
1609047050697394117,0,1609047050697394117,-4.659183502197266e+00,-2.576031208038330e+00,3.848543643951416e+00,4.437537193298340e-01,-8.954970836639404e-01,1.857262663543224e-02,2.868259139358997e-02
1609047050794693503,0,1609047050794693503,-4.734974384307861e+00,-2.524127006530762e+00,3.858242750167847e+00,4.439689218997955e-01,-8.955735564231873e-01,1.612172462046146e-02,2.407869137823582e-02
1609047050892215921,0,1609047050892215921,-4.812365531921387e+00,-2.467659235000610e+00,3.856360435485840e+00,4.438803195953369e-01,-8.957920670509338e-01,1.419852767139673e-02,1.803563348948956e-02
1609047050993854950,0,1609047050993854950,-4.890881061553955e+00,-2.412624359130859e+00,3.849471330642700e+00,4.440084993839264e-01,-8.958598375320435e-01,1.144710648804903e-02,1.267534587532282e-02
1609047051065111585,0,1609047051065111585,-4.956178188323975e+00,-2.363578557968140e+00,3.848521471023560e+00,4.439580142498016e-01,-8.959521055221558e-01,8.967697620391846e-03,9.524515829980373e-03
1609047051173828854,0,1609047051173828854,-5.049819946289062e+00,-2.291591882705688e+00,3.849640607833862e+00,4.440642297267914e-01,-8.959540128707886e-01,7.220535073429346e-03,4.601427819579840e-03
1609047051277458840,0,1609047051277458840,-5.136805534362793e+00,-2.225378036499023e+00,3.846699714660645e+00,4.438605904579163e-01,-8.960707187652588e-01,6.550061982125044e-03,1.477549434639513e-03
1609047051371112217,0,1609047051371112217,-5.217260360717773e+00,-2.167008161544800e+00,3.853872537612915e+00,4.439013004302979e-01,-8.960546255111694e-01,6.135333329439163e-03,-4.531465237960219e-04
1609047051478538159,0,1609047051478538159,-5.308019638061523e+00,-2.104179859161377e+00,3.856845855712891e+00,4.439576268196106e-01,-8.960328102111816e-01,5.004032514989376e-03,-1.344264717772603e-03
1609047051586438618,0,1609047051586438618,-5.397159099578857e+00,-2.044353723526001e+00,3.863525390625000e+00,4.440374970436096e-01,-8.959969878196716e-01,3.970692399889231e-03,-2.076626988127828e-03
1609047051688296220,0,1609047051688296220,-5.485764503479004e+00,-1.990135192871094e+00,3.854137420654297e+00,4.440399110317230e-01,-8.959882855415344e-01,4.497859627008438e-03,-3.659596666693687e-03
1609047051785031453,0,1609047051785031453,-5.571663856506348e+00,-1.938139557838440e+00,3.874349355697632e+00,4.439019858837128e-01,-8.960580825805664e-01,3.441374748945236e-03,-4.361087456345558e-03
1609047051889022860,0,1609047051889022860,-5.660657882690430e+00,-1.885489106178284e+00,3.877630949020386e+00,4.439873397350311e-01,-8.960092663764954e-01,2.489654114469886e-03,-6.044619251042604e-03
1609047051997775541,0,1609047051997775541,-5.752789020538330e+00,-1.833835721015930e+00,3.865190982818604e+00,4.438955783843994e-01,-8.960438966751099e-01,2.912674099206924e-03,-7.323313038796186e-03
1609047052100809181,0,1609047052100809181,-5.844969749450684e+00,-1.784641385078430e+00,3.887025833129883e+00,4.438622891902924e-01,-8.960626125335693e-01,1.703015877865255e-03,-7.434555329382420e-03
1609047052172749669,0,1609047052172749669,-5.918510437011719e+00,-1.749286532402039e+00,3.879149436950684e+00,4.438688755035400e-01,-8.960576057434082e-01,1.804267521947622e-03,-7.615592330694199e-03
1609047052265319195,0,1609047052265319195,-6.020575046539307e+00,-1.700018048286438e+00,3.873528718948364e+00,4.437654614448547e-01,-8.961070179939270e-01,1.423910958692431e-03,-7.908565923571587e-03
1609047052372325217,0,1609047052372325217,-6.126081943511963e+00,-1.649440765380859e+00,3.871951103210449e+00,4.438238739967346e-01,-8.960840702056885e-01,7.914248853921890e-04,-7.287157699465752e-03
1609047052479321480,0,1609047052479321480,-6.233640193939209e+00,-1.607912659645081e+00,3.865379333496094e+00,4.439861774444580e-01,-8.960132002830505e-01,1.456518541090190e-03,-5.887519102543592e-03
1609047052581537032,0,1609047052581537032,-6.335809707641602e+00,-1.566651463508606e+00,3.849164009094238e+00,4.439431726932526e-01,-8.960388898849487e-01,1.559138414449990e-03,-5.147216375917196e-03
1609047052683454162,0,1609047052683454162,-6.440163612365723e+00,-1.527028679847717e+00,3.846669673919678e+00,4.438944756984711e-01,-8.960680961608887e-01,2.858735388144851e-03,-3.388848155736923e-03
1609047052781666066,0,1609047052781666066,-6.538421154022217e+00,-1.490255832672119e+00,3.855926036834717e+00,4.439378678798676e-01,-8.960385322570801e-01,5.808542016893625e-03,7.106184493750334e-04
1609047052884692813,0,1609047052884692813,-6.648061752319336e+00,-1.452936768531799e+00,3.869105339050293e+00,4.439305365085602e-01,-8.960225582122803e-01,6.819988600909710e-03,4.765457939356565e-03
1609047052986523759,0,1609047052986523759,-6.754477024078369e+00,-1.415776729583740e+00,3.849401950836182e+00,4.439604580402374e-01,-8.959855437278748e-01,8.143148384988308e-03,6.536663044244051e-03
1609047053098581594,0,1609047053098581594,-6.862267017364502e+00,-1.375576853752136e+00,3.847283601760864e+00,4.438907802104950e-01,-8.959804773330688e-01,8.907206356525421e-03,1.003535743802786e-02
1609047053195410768,0,1609047053195410768,-6.959552764892578e+00,-1.341909289360046e+00,3.858353614807129e+00,4.439270198345184e-01,-8.958708643913269e-01,1.052940730005503e-02,1.527810934931040e-02
1609047053261919643,0,1609047053261919643,-7.036318302154541e+00,-1.313301682472229e+00,3.857381820678711e+00,4.436836242675781e-01,-8.958545923233032e-01,1.332957111299038e-02,2.029543183743954e-02
1609047053363874734,0,1609047053363874734,-7.147087097167969e+00,-1.261925339698792e+00,3.893619775772095e+00,4.439755380153656e-01,-8.953257203102112e-01,1.384957972913980e-02,3.295300528407097e-02
1609047053476153924,0,1609047053476153924,-7.260859012603760e+00,-1.210231542587280e+00,3.861637592315674e+00,4.437313377857208e-01,-8.948995471000671e-01,1.322159729897976e-02,4.563612863421440e-02
1609047053573133952,0,1609047053573133952,-7.355309486389160e+00,-1.161988615989685e+00,3.834957838058472e+00,4.433095157146454e-01,-8.945354223251343e-01,1.190118212252855e-02,5.604990571737289e-02
1609047053675135059,0,1609047053675135059,-7.442944526672363e+00,-1.107669591903687e+00,3.818324327468872e+00,4.429553747177124e-01,-8.941615819931030e-01,1.050719898194075e-02,6.446041911840439e-02
1609047053782171479,0,1609047053782171479,-7.519816398620605e+00,-1.043628334999084e+00,3.817914485931396e+00,4.424935281276703e-01,-8.938441276550293e-01,8.783374913036823e-03,7.186940312385559e-02
1609047053889242803,0,1609047053889242803,-7.589427471160889e+00,-9.786504507064819e-01,3.789351224899292e+00,4.423417747020721e-01,-8.938957452774048e-01,8.185846731066704e-03,7.223043590784073e-02
1609047053991209400,0,1609047053991209400,-7.641691684722900e+00,-9.029425382614136e-01,3.763517379760742e+00,4.420785307884216e-01,-8.946518898010254e-01,8.517650887370110e-03,6.396902352571487e-02
1609047054088040634,0,1609047054088040634,-7.673874378204346e+00,-8.185708522796631e-01,3.780067682266235e+00,4.424628019332886e-01,-8.950592279434204e-01,9.915373288094997e-03,5.474754050374031e-02
1609047054191604531,0,1609047054191604531,-7.693909645080566e+00,-7.218275666236877e-01,3.814954519271851e+00,4.426019489765167e-01,-8.955090641975403e-01,1.133730076253414e-02,4.514987766742706e-02
1609047054298754017,0,1609047054298754017,-7.705364227294922e+00,-6.230034232139587e-01,3.840841293334961e+00,4.428251683712006e-01,-8.956039547920227e-01,1.361832953989506e-02,4.017538204789162e-02
1609047054365019137,0,1609047054365019137,-7.712092399597168e+00,-5.481625199317932e-01,3.857033491134644e+00,4.428687393665314e-01,-8.953305482864380e-01,1.352536771446466e-02,4.547037556767464e-02
1609047054466628933,0,1609047054466628933,-7.719874382019043e+00,-4.354416131973267e-01,3.846998453140259e+00,4.430886507034302e-01,-8.947470784187317e-01,1.054945029318333e-02,5.467096716165543e-02
1609047054570470060,0,1609047054570470060,-7.728847503662109e+00,-3.220151960849762e-01,3.803788900375366e+00,4.424233138561249e-01,-8.943587541580200e-01,7.373955100774765e-03,6.579991430044174e-02
1609047054672757554,0,1609047054672757554,-7.735486030578613e+00,-2.154247760772705e-01,3.764177799224854e+00,4.422434270381927e-01,-8.939821124076843e-01,4.391152411699295e-03,7.209384441375732e-02
1609047054780114725,0,1609047054780114725,-7.738831043243408e+00,-1.027948632836342e-01,3.720128297805786e+00,4.418193399906158e-01,-8.948484063148499e-01,3.104250878095627e-03,6.350208818912506e-02
1609047054882178418,0,1609047054882178418,-7.714867115020752e+00,1.849347725510597e-02,3.745135545730591e+00,4.420661330223083e-01,-8.954619169235229e-01,-3.062805917579681e-04,5.220693722367287e-02
1609047054989766499,0,1609047054989766499,-7.676539897918701e+00,1.526706814765930e-01,3.810183763504028e+00,4.417498409748077e-01,-8.959764838218689e-01,-7.535883225500584e-03,4.501609131693840e-02
1609047055087226489,0,1609047055087226489,-7.635209560394287e+00,2.778473794460297e-01,3.872039079666138e+00,4.415553808212280e-01,-8.960813879966736e-01,-2.169768139719963e-02,3.995283693075180e-02
1609047055189299572,0,1609047055189299572,-7.590527057647705e+00,3.998038768768311e-01,3.823303222656250e+00,4.411838054656982e-01,-8.959400653839111e-01,-3.578338772058487e-02,3.698437660932541e-02
1609047055296313444,0,1609047055296313444,-7.540345191955566e+00,5.221737623214722e-01,3.740900039672852e+00,4.404583275318146e-01,-8.958302140235901e-01,-4.629475995898247e-02,3.662563115358353e-02
1609047055392981617,0,1609047055392981617,-7.490331172943115e+00,6.329970955848694e-01,3.690081834793091e+00,4.400403797626495e-01,-8.956665396690369e-01,-5.316244810819626e-02,3.632671758532524e-02
1609047055469633034,0,1609047055469633034,-7.435978412628174e+00,7.224882841110229e-01,3.689060926437378e+00,4.398283660411835e-01,-8.957207798957825e-01,-5.424510315060616e-02,3.595384210348129e-02
1609047055572661768,0,1609047055572661768,-7.356256961822510e+00,8.292477130889893e-01,3.698509216308594e+00,4.397428631782532e-01,-8.958184719085693e-01,-5.383209139108658e-02,3.518115356564522e-02
1609047055674876061,0,1609047055674876061,-7.271451950073242e+00,9.208214879035950e-01,3.674107313156128e+00,4.396025240421295e-01,-8.964699506759644e-01,-4.595943167805672e-02,3.128895908594131e-02
1609047055778013246,0,1609047055778013246,-7.175545692443848e+00,1.001261830329895e+00,3.678503274917603e+00,4.402459263801575e-01,-8.967832922935486e-01,-3.585944324731827e-02,2.602705731987953e-02
1609047055881553095,0,1609047055881553095,-7.073483467102051e+00,1.075064778327942e+00,3.692967891693115e+00,4.407714307308197e-01,-8.970659971237183e-01,-2.449955046176910e-02,1.982465758919716e-02
1609047055978348111,0,1609047055978348111,-6.969540119171143e+00,1.134520411491394e+00,3.711338758468628e+00,4.415108263492584e-01,-8.970329761505127e-01,-1.389748509973288e-02,1.439260132610798e-02
1609047056080270890,0,1609047056080270890,-6.859652996063232e+00,1.193321585655212e+00,3.742094516754150e+00,4.417263567447662e-01,-8.970515131950378e-01,-7.159606553614140e-03,1.119036413729191e-02
1609047056182238741,0,1609047056182238741,-6.751169681549072e+00,1.248486280441284e+00,3.742290019989014e+00,4.419406652450562e-01,-8.969947695732117e-01,-1.976266968995333e-03,9.224535897374153e-03
1609047056295277488,0,1609047056295277488,-6.639683723449707e+00,1.308711647987366e+00,3.737262725830078e+00,4.419986009597778e-01,-8.969738483428955e-01,-1.382123591611162e-04,8.680992759764194e-03
1609047056397175468,0,1609047056397175468,-6.543516159057617e+00,1.362856626510620e+00,3.697001695632935e+00,4.418263733386993e-01,-8.970757126808167e-01,4.182083066552877e-04,6.663778331130743e-03
1609047056494035600,0,1609047056494035600,-6.451978683471680e+00,1.415034174919128e+00,3.682886600494385e+00,4.416558146476746e-01,-8.971599936485291e-01,1.336456742137671e-03,6.514247041195631e-03
1609047056570517854,0,1609047056570517854,-6.372956275939941e+00,1.462646007537842e+00,3.682810068130493e+00,4.418249726295471e-01,-8.970744609832764e-01,4.222739953547716e-04,6.922459229826927e-03
1609047056672425258,0,1609047056672425258,-6.273884773254395e+00,1.528877019882202e+00,3.671131372451782e+00,4.414059817790985e-01,-8.972857594490051e-01,1.573253102833405e-04,6.255693733692169e-03
1609047056774384211,0,1609047056774384211,-6.179915904998779e+00,1.591301083564758e+00,3.652051448822021e+00,4.412474334239960e-01,-8.973699808120728e-01,1.291180495172739e-03,5.111567676067352e-03
1609047056871854017,0,1609047056871854017,-6.090369224548340e+00,1.649768114089966e+00,3.645896434783936e+00,4.412134289741516e-01,-8.973869681358337e-01,3.574256319552660e-03,3.826257307082415e-03
1609047056980917970,0,1609047056980917970,-6.000584602355957e+00,1.718571305274963e+00,3.671598911285400e+00,4.411815702915192e-01,-8.973973393440247e-01,5.097024142742157e-03,3.309743013232946e-03
1609047057082883072,0,1609047057082883072,-5.920327663421631e+00,1.779762268066406e+00,3.706234693527222e+00,4.413200318813324e-01,-8.973384499549866e-01,3.005777485668659e-03,3.364490112289786e-03
1609047057184791977,0,1609047057184791977,-5.844709873199463e+00,1.837200641632080e+00,3.696217775344849e+00,4.410708844661713e-01,-8.974646329879761e-01,2.291368786245584e-03,2.900807419791818e-03
1609047057291741455,0,1609047057291741455,-5.766667842864990e+00,1.893475890159607e+00,3.667534589767456e+00,4.409533739089966e-01,-8.975220918655396e-01,1.611058251000941e-03,3.398365573957562e-03
1609047057388570294,0,1609047057388570294,-5.696975231170654e+00,1.947298049926758e+00,3.681950330734253e+00,4.410462379455566e-01,-8.974758386611938e-01,-3.702355606947094e-04,3.909823484718800e-03
1609047057497174546,0,1609047057497174546,-5.624100685119629e+00,2.007857799530029e+00,3.696375370025635e+00,4.408431649208069e-01,-8.975610733032227e-01,-2.410997112747282e-04,6.442579440772533e-03
1609047057599204727,0,1609047057599204727,-5.556166648864746e+00,2.062770128250122e+00,3.710656642913818e+00,4.408811628818512e-01,-8.975167870521545e-01,9.319176315329969e-04,9.302132762968540e-03
1609047057670585709,0,1609047057670585709,-5.504693031311035e+00,2.106005430221558e+00,3.711373805999756e+00,4.409547746181488e-01,-8.974526524543762e-01,1.559712225571275e-03,1.162398606538773e-02
1609047057772558147,0,1609047057772558147,-5.429719924926758e+00,2.171237230300903e+00,3.707327127456665e+00,4.408327937126160e-01,-8.974657654762268e-01,3.010718850418925e-03,1.458015479147434e-02
1609047057869890877,0,1609047057869890877,-5.361364364624023e+00,2.229995727539062e+00,3.714424610137939e+00,4.411897361278534e-01,-8.972281217575073e-01,4.948921967297792e-03,1.757598109543324e-02
1609047057981979628,0,1609047057981979628,-5.286386013031006e+00,2.297515869140625e+00,3.718958377838135e+00,4.411427378654480e-01,-8.971795439720154e-01,6.575500126928091e-03,2.046492323279381e-02
1609047058073705298,0,1609047058073705298,-5.226673603057861e+00,2.352690696716309e+00,3.726140499114990e+00,4.414276182651520e-01,-8.970149755477905e-01,6.809782702475786e-03,2.143470570445061e-02
1609047058181019590,0,1609047058181019590,-5.159003257751465e+00,2.419529438018799e+00,3.721345901489258e+00,4.413365125656128e-01,-8.970851898193359e-01,6.227774545550346e-03,2.053370699286461e-02
1609047058288311697,0,1609047058288311697,-5.090363979339600e+00,2.487256526947021e+00,3.728956460952759e+00,4.413427114486694e-01,-8.971237540245056e-01,4.930241033434868e-03,1.900746487081051e-02
1609047058385903747,0,1609047058385903747,-5.025186538696289e+00,2.558828115463257e+00,3.774135112762451e+00,4.416235983371735e-01,-8.970101475715637e-01,-2.184030599892139e-03,1.834942772984505e-02
1609047058497981326,0,1609047058497981326,-4.948218822479248e+00,2.635708570480347e+00,3.805179119110107e+00,4.415048360824585e-01,-8.969160914421082e-01,-1.364568155258894e-02,2.070868574082851e-02
1609047058589840718,0,1609047058589840718,-4.882480144500732e+00,2.697655677795410e+00,3.801765680313110e+00,4.414897561073303e-01,-8.966206312179565e-01,-2.478628605604172e-02,2.332122251391411e-02
1609047058697770240,0,1609047058697770240,-4.808436393737793e+00,2.767083644866943e+00,3.763323783874512e+00,4.408736228942871e-01,-8.963745236396790e-01,-3.778817132115364e-02,2.674441784620285e-02
1609047058764417340,0,1609047058764417340,-4.751583099365234e+00,2.816055059432983e+00,3.730710268020630e+00,4.404135048389435e-01,-8.963092565536499e-01,-4.335126280784607e-02,2.804024890065193e-02
1609047058871063139,0,1609047058871063139,-4.663260936737061e+00,2.886152505874634e+00,3.706936120986938e+00,4.399496316909790e-01,-8.962765336036682e-01,-4.811761900782585e-02,2.858917415142059e-02
1609047058967864042,0,1609047058967864042,-4.573870182037354e+00,2.944679975509644e+00,3.700932025909424e+00,4.394654333591461e-01,-8.966004848480225e-01,-4.701745137572289e-02,2.769367769360542e-02
1609047059069768907,0,1609047059069768907,-4.472060203552246e+00,2.995760440826416e+00,3.706451177597046e+00,4.394927024841309e-01,-8.968885540962219e-01,-4.271621257066727e-02,2.475035749375820e-02
1609047059182035538,0,1609047059182035538,-4.363241672515869e+00,3.035212993621826e+00,3.669724464416504e+00,4.393236935138702e-01,-8.975349664688110e-01,-3.282465785741806e-02,1.866091787815094e-02
1609047059278921228,0,1609047059278921228,-4.257564544677734e+00,3.063050270080566e+00,3.683545827865601e+00,4.396183788776398e-01,-8.977617621421814e-01,-2.392008714377880e-02,1.368726976215839e-02
1609047059381701641,0,1609047059381701641,-4.146403312683105e+00,3.091342449188232e+00,3.714954137802124e+00,4.395999312400818e-01,-8.979876041412354e-01,-1.580298878252506e-02,1.097609102725983e-02
1609047059483618554,0,1609047059483618554,-4.031624317169189e+00,3.113020420074463e+00,3.715665102005005e+00,4.398155212402344e-01,-8.979952335357666e-01,-9.051404893398285e-03,9.223056957125664e-03
1609047059585709833,0,1609047059585709833,-3.918701887130737e+00,3.131739377975464e+00,3.707085609436035e+00,4.400138854980469e-01,-8.979308009147644e-01,-4.170867614448071e-03,9.525720030069351e-03
1609047059697843847,0,1609047059697843847,-3.803902864456177e+00,3.149957656860352e+00,3.681087732315063e+00,4.400292038917542e-01,-8.979215025901794e-01,-9.232173906639218e-04,1.051584817469120e-02
1609047059799887191,0,1609047059799887191,-3.699514865875244e+00,3.168768405914307e+00,3.662870407104492e+00,4.401874840259552e-01,-8.978265523910522e-01,1.248576561920345e-03,1.187633164227009e-02
1609047059861021512,0,1609047059861021512,-3.627024412155151e+00,3.183917045593262e+00,3.642415285110474e+00,4.404111504554749e-01,-8.976864814758301e-01,2.805397612974048e-03,1.375202089548111e-02
1609047059963713158,0,1609047059963713158,-3.512382745742798e+00,3.212360858917236e+00,3.628209829330444e+00,4.404273331165314e-01,-8.976168036460876e-01,3.305386984720826e-03,1.723217032849789e-02
1609047060075731889,0,1609047060075731889,-3.395723581314087e+00,3.241784572601318e+00,3.605756998062134e+00,4.402699172496796e-01,-8.976227641105652e-01,3.450257936492562e-03,2.058789879083633e-02
1609047060178055475,0,1609047060178055475,-3.293506622314453e+00,3.273523330688477e+00,3.600019931793213e+00,4.404114484786987e-01,-8.975186944007874e-01,3.053278196603060e-03,2.210931479930878e-02
1609047060275883698,0,1609047060275883698,-3.197569370269775e+00,3.307251453399658e+00,3.590862751007080e+00,4.401630759239197e-01,-8.976655006408691e-01,1.808254048228264e-03,2.121262811124325e-02
1609047060383122014,0,1609047060383122014,-3.093813896179199e+00,3.340424776077271e+00,3.583625555038452e+00,4.400442838668823e-01,-8.978265523910522e-01,-4.454807203728706e-04,1.637973636388779e-02
1609047060493165181,0,1609047060493165181,-2.991706132888794e+00,3.377665281295776e+00,3.601063489913940e+00,4.398430883884430e-01,-8.979859352111816e-01,-2.748769707977772e-03,1.232634205371141e-02
1609047060585838740,0,1609047060585838740,-2.899153232574463e+00,3.413431644439697e+00,3.618835926055908e+00,4.397163689136505e-01,-8.980652093887329e-01,-5.259738303720951e-03,1.003924291580915e-02
1609047060688691185,0,1609047060688691185,-2.796148300170898e+00,3.452788591384888e+00,3.622365713119507e+00,4.395811557769775e-01,-8.981356620788574e-01,-7.628438994288445e-03,7.909230887889862e-03
1609047060790978760,0,1609047060790978760,-2.695503473281860e+00,3.489248991012573e+00,3.621751546859741e+00,4.395650923252106e-01,-8.981382250785828e-01,-9.415646083652973e-03,6.456609815359116e-03
1609047060893898668,0,1609047060893898668,-2.594911813735962e+00,3.523381471633911e+00,3.620711326599121e+00,4.394579231739044e-01,-8.981857299804688e-01,-1.054107397794724e-02,5.302143283188343e-03
1609047060970521690,0,1609047060970521690,-2.513034105300903e+00,3.548146247863770e+00,3.620296716690063e+00,4.395349323749542e-01,-8.981326222419739e-01,-1.164462137967348e-02,5.586438346654177e-03
1609047061067537193,0,1609047061067537193,-2.409852504730225e+00,3.577911615371704e+00,3.625351190567017e+00,4.397753179073334e-01,-8.979837894439697e-01,-1.375168189406395e-02,5.812082439661026e-03
1609047061170165165,0,1609047061170165165,-2.306051969528198e+00,3.606437921524048e+00,3.612671852111816e+00,4.396922886371613e-01,-8.979955911636353e-01,-1.528791431337595e-02,6.401555147022009e-03
1609047061282423147,0,1609047061282423147,-2.200978279113770e+00,3.629770755767822e+00,3.615899562835693e+00,4.397278130054474e-01,-8.979079723358154e-01,-1.863963901996613e-02,7.311195135116577e-03
1609047061384035696,0,1609047061384035696,-2.109029531478882e+00,3.647747755050659e+00,3.614276170730591e+00,4.398954510688782e-01,-8.977733850479126e-01,-2.069516479969025e-02,8.162725716829300e-03
1609047061480830838,0,1609047061480830838,-2.021040439605713e+00,3.664414882659912e+00,3.604832410812378e+00,4.397288262844086e-01,-8.978400230407715e-01,-2.135640755295753e-02,8.105430752038956e-03
1609047061593011573,0,1609047061593011573,-1.917734384536743e+00,3.674797058105469e+00,3.613014221191406e+00,4.398128986358643e-01,-8.977766633033752e-01,-2.215201221406460e-02,8.426057174801826e-03
1609047061684751247,0,1609047061684751247,-1.831562519073486e+00,3.682248353958130e+00,3.621218681335449e+00,4.399064183235168e-01,-8.976920843124390e-01,-2.364361099898815e-02,8.503469638526440e-03
1609047061786745731,0,1609047061786745731,-1.735320210456848e+00,3.687994956970215e+00,3.628236055374146e+00,4.399874508380890e-01,-8.976291418075562e-01,-2.458376437425613e-02,8.289047516882420e-03
1609047061898926520,0,1609047061898926520,-1.630429625511169e+00,3.686428785324097e+00,3.635583639144897e+00,4.401735961437225e-01,-8.975006937980652e-01,-2.580909989774227e-02,8.581789210438728e-03
1609047061995747035,0,1609047061995747035,-1.538291573524475e+00,3.682373762130737e+00,3.633364677429199e+00,4.401914477348328e-01,-8.974636197090149e-01,-2.667320519685745e-02,8.896660059690475e-03
1609047062061938733,0,1609047062061938733,-1.463334202766418e+00,3.675041437149048e+00,3.633321285247803e+00,4.401967525482178e-01,-8.974350690841675e-01,-2.747816406190395e-02,9.063271805644035e-03
1609047062170610155,0,1609047062170610155,-1.347457528114319e+00,3.659945011138916e+00,3.628988265991211e+00,4.403622448444366e-01,-8.973281979560852e-01,-2.829617448151112e-02,9.087989106774330e-03
1609047062272448253,0,1609047062272448253,-1.242060184478760e+00,3.641496181488037e+00,3.626136541366577e+00,4.402504563331604e-01,-8.973808884620667e-01,-2.840628288686275e-02,8.954466320574284e-03
1609047062379493807,0,1609047062379493807,-1.133438467979431e+00,3.615400552749634e+00,3.622572183609009e+00,4.405153691768646e-01,-8.972879052162170e-01,-2.754720486700535e-02,7.859902456402779e-03
1609047062481432029,0,1609047062481432029,-1.029454469680786e+00,3.589807748794556e+00,3.624663591384888e+00,4.405570626258850e-01,-8.973035216331482e-01,-2.651471830904484e-02,7.280621211975813e-03
1609047062589397512,0,1609047062589397512,-9.220456480979919e-01,3.558067083358765e+00,3.629039525985718e+00,4.405989944934845e-01,-8.973120450973511e-01,-2.572668157517910e-02,6.468251347541809e-03
1609047062686195738,0,1609047062686195738,-8.242715597152710e-01,3.524826049804688e+00,3.634729862213135e+00,4.407467246055603e-01,-8.972495198249817e-01,-2.552165463566780e-02,5.857724230736494e-03
1609047062788617988,0,1609047062788617988,-7.189551591873169e-01,3.481716871261597e+00,3.631438016891479e+00,4.409682154655457e-01,-8.971726298332214e-01,-2.446757815778255e-02,5.452802870422602e-03
1609047062886790632,0,1609047062886790632,-6.187281012535095e-01,3.441586017608643e+00,3.639386415481567e+00,4.409382939338684e-01,-8.971763253211975e-01,-2.486237324774265e-02,5.480459891259670e-03
1609047062995370575,0,1609047062995370575,-5.137546658515930e-01,3.391391992568970e+00,3.629809617996216e+00,4.409934282302856e-01,-8.971608281135559e-01,-2.456810884177685e-02,4.870354663580656e-03
1609047063097102496,0,1609047063097102496,-4.138260483741760e-01,3.340628623962402e+00,3.636183261871338e+00,4.412903189659119e-01,-8.969634175300598e-01,-2.629518695175648e-02,5.292267072945833e-03
1609047063173608300,0,1609047063173608300,-3.285205364227295e-01,3.294829845428467e+00,3.640662908554077e+00,4.414547383785248e-01,-8.968310356140137e-01,-2.739603072404861e-02,7.826266810297966e-03
1609047063272111674,0,1609047063272111674,-2.184926122426987e-01,3.230708360671997e+00,3.614016532897949e+00,4.414315521717072e-01,-8.968202471733093e-01,-2.742535993456841e-02,9.973744861781597e-03
1609047063369274996,0,1609047063369274996,-1.084867641329765e-01,3.164814233779907e+00,3.572760343551636e+00,4.413234293460846e-01,-8.969782590866089e-01,-2.321893349289894e-02,1.116298232227564e-02
1609047063471233936,0,1609047063471233936,3.543728496879339e-03,3.091141462326050e+00,3.585349321365356e+00,4.413733482360840e-01,-8.970115780830383e-01,-2.013926394283772e-02,1.242787856608629e-02
1609047063583590368,0,1609047063583590368,1.176964044570923e-01,3.016227960586548e+00,3.598224639892578e+00,4.416227638721466e-01,-8.969369530677795e-01,-1.737042516469955e-02,1.310412958264351e-02
1609047063685526092,0,1609047063685526092,2.238152176141739e-01,2.941740989685059e+00,3.579132080078125e+00,4.416004121303558e-01,-8.970420956611633e-01,-1.455909945070744e-02,9.620844386518002e-03
1609047063793140466,0,1609047063793140466,3.308680057525635e-01,2.866520643234253e+00,3.591713666915894e+00,4.416470825672150e-01,-8.970767855644226e-01,-1.327965501695871e-02,4.980199038982391e-03
1609047063884824216,0,1609047063884824216,4.280961751937866e-01,2.797271490097046e+00,3.616354227066040e+00,4.417319595813751e-01,-8.970676064491272e-01,-1.178026571869850e-02,1.953911967575550e-03
1609047063987267483,0,1609047063987267483,5.349562168121338e-01,2.719507932662964e+00,3.614983081817627e+00,4.417656064033508e-01,-8.970378041267395e-01,-1.286778878420591e-02,-8.918559178709984e-04
1609047064094349875,0,1609047064094349875,6.414839625358582e-01,2.639223575592041e+00,3.605778932571411e+00,4.417929649353027e-01,-8.970254659652710e-01,-1.247652061283588e-02,-2.943991916254163e-03
1609047064196993111,0,1609047064196993111,7.423012852668762e-01,2.555456161499023e+00,3.592428207397461e+00,4.417794942855835e-01,-8.970379233360291e-01,-1.163835078477859e-02,-4.304132889956236e-03
1609047064263498584,0,1609047064263498584,8.164330720901489e-01,2.493577718734741e+00,3.581585645675659e+00,4.418044090270996e-01,-8.970192074775696e-01,-1.209756173193455e-02,-4.354180768132210e-03
1609047064370515166,0,1609047064370515166,9.270457029342651e-01,2.397064447402954e+00,3.570445299148560e+00,4.420078694820404e-01,-8.969196677207947e-01,-1.211964990943670e-02,-4.176315851509571e-03
1609047064468242458,0,1609047064468242458,1.021776914596558e+00,2.306788206100464e+00,3.561366796493530e+00,4.420272707939148e-01,-8.969256877899170e-01,-1.116870529949665e-02,-3.384740557521582e-03
1609047064577529667,0,1609047064577529667,1.117434859275818e+00,2.207489490509033e+00,3.558658838272095e+00,4.422253966331482e-01,-8.968577980995178e-01,-8.995373733341694e-03,-1.356892636977136e-03
1609047064684609487,0,1609047064684609487,1.205599665641785e+00,2.110789537429810e+00,3.538965463638306e+00,4.423633813858032e-01,-8.968047499656677e-01,-7.454583887010813e-03,5.092433420941234e-04
1609047064786554232,0,1609047064786554232,1.282467961311340e+00,2.014137744903564e+00,3.532881498336792e+00,4.422392249107361e-01,-8.968695402145386e-01,-6.956530734896660e-03,1.041779411025345e-03
1609047064878475656,0,1609047064878475656,1.353976488113403e+00,1.926130533218384e+00,3.538826942443848e+00,4.423597753047943e-01,-8.968147635459900e-01,-6.172895431518555e-03,1.721577020362020e-03
1609047064995783129,0,1609047064995783129,1.438090324401855e+00,1.822406649589539e+00,3.545174598693848e+00,4.422878026962280e-01,-8.968504071235657e-01,-4.293723963201046e-03,4.733948502689600e-03
1609047065092743091,0,1609047065092743091,1.508620738983154e+00,1.733568310737610e+00,3.571976661682129e+00,4.426358342170715e-01,-8.966247439384460e-01,-4.652546718716621e-03,1.077560614794493e-02
1609047065194645288,0,1609047065194645288,1.585935235023499e+00,1.641515731811523e+00,3.534589529037476e+00,4.427232444286346e-01,-8.965353369712830e-01,-3.089665668085217e-03,1.452385447919369e-02
1609047065297492407,0,1609047065297492407,1.653840541839600e+00,1.544054508209229e+00,3.473246812820435e+00,4.425413608551025e-01,-8.966580629348755e-01,-3.227319102734327e-03,1.229130476713181e-02
1609047065368830507,0,1609047065368830507,1.713175654411316e+00,1.471752166748047e+00,3.464593410491943e+00,4.425143897533417e-01,-8.967000842094421e-01,-4.309475421905518e-03,9.560255333781242e-03
1609047065471863208,0,1609047065471863208,1.796345949172974e+00,1.369781374931335e+00,3.476277112960815e+00,4.424058198928833e-01,-8.967847228050232e-01,-4.830272868275642e-03,5.564736202359200e-03
1609047065574678332,0,1609047065574678332,1.874014973640442e+00,1.273111224174500e+00,3.462885856628418e+00,4.424995779991150e-01,-8.967655897140503e-01,-2.350497990846634e-03,-4.006721428595483e-05
1609047065671654856,0,1609047065671654856,1.948381781578064e+00,1.184145808219910e+00,3.457706928253174e+00,4.422134160995483e-01,-8.968796133995056e-01,1.609624159755185e-04,-7.371122948825359e-03
1609047065778605144,0,1609047065778605144,2.025097608566284e+00,1.089580178260803e+00,3.451180934906006e+00,4.421307742595673e-01,-8.968016505241394e-01,3.851989051327109e-03,-1.589007116854191e-02
1609047065875344801,0,1609047065875344801,2.090399503707886e+00,1.002443552017212e+00,3.467490434646606e+00,4.419585466384888e-01,-8.967394828796387e-01,5.845442414283752e-03,-2.228998392820358e-02
1609047065987347119,0,1609047065987347119,2.153541564941406e+00,9.057856202125549e-01,3.469439029693604e+00,4.418073296546936e-01,-8.966180086135864e-01,8.666538633406162e-03,-2.841563150286674e-02
1609047066090101646,0,1609047066090101646,2.199950695037842e+00,8.149999380111694e-01,3.457275867462158e+00,4.416169226169586e-01,-8.964943289756775e-01,1.111842505633831e-02,-3.389641642570496e-02
1609047066186828535,0,1609047066186828535,2.238811731338501e+00,7.294755578041077e-01,3.446314096450806e+00,4.416599571704865e-01,-8.962486386299133e-01,1.356862671673298e-02,-3.861231729388237e-02
1609047066288728944,0,1609047066288728944,2.264367818832397e+00,6.343628168106079e-01,3.431876659393311e+00,4.415562748908997e-01,-8.960576057434082e-01,1.676847226917744e-02,-4.275155439972878e-02
1609047066400867702,0,1609047066400867702,2.281239032745361e+00,5.357283353805542e-01,3.438066720962524e+00,4.416764676570892e-01,-8.958320021629333e-01,1.833114586770535e-02,-4.550778865814209e-02
1609047066472170571,0,1609047066472170571,2.284300088882446e+00,4.633852839469910e-01,3.446184158325195e+00,4.416808784008026e-01,-8.958043456077576e-01,1.928618736565113e-02,-4.561515152454376e-02
1609047066569118409,0,1609047066569118409,2.275317430496216e+00,3.637199401855469e-01,3.492515325546265e+00,4.421804249286652e-01,-8.958778381347656e-01,1.464999467134476e-02,-4.080258309841156e-02
1609047066676091443,0,1609047066676091443,2.254951238632202e+00,2.583094835281372e-01,3.476952075958252e+00,4.429579079151154e-01,-8.959476947784424e-01,9.489587508141994e-03,-3.123964741826057e-02
1609047066778118844,0,1609047066778118844,2.220911741256714e+00,1.569661647081375e-01,3.425245523452759e+00,4.428284168243408e-01,-8.962681889533997e-01,5.146709736436605e-03,-2.408093400299549e-02
1609047066885817874,0,1609047066885817874,2.176297426223755e+00,4.895619675517082e-02,3.397928476333618e+00,4.430598020553589e-01,-8.963002562522888e-01,2.518592868000269e-03,-1.837326958775520e-02
1609047066977736874,0,1609047066977736874,2.133145570755005e+00,-3.981876000761986e-02,3.397253274917603e+00,4.429161846637726e-01,-8.964565992355347e-01,1.666591415414587e-04,-1.380974799394608e-02
1609047067084748069,0,1609047067084748069,2.081405878067017e+00,-1.434015333652496e-01,3.401212215423584e+00,4.432966709136963e-01,-8.962903022766113e-01,-5.775367608293891e-04,-1.230841316282749e-02
1609047067191667509,0,1609047067191667509,2.023627042770386e+00,-2.445149123668671e-01,3.398918390274048e+00,4.428665637969971e-01,-8.964453935623169e-01,4.662421531975269e-03,-1.526980753988028e-02
1609047067293673217,0,1609047067293673217,1.971667289733887e+00,-3.366785347461700e-01,3.416285037994385e+00,4.427261650562286e-01,-8.964301347732544e-01,1.020780205726624e-02,-1.738796569406986e-02
1609047067390379278,0,1609047067390379278,1.912488341331482e+00,-4.288350939750671e-01,3.451848268508911e+00,4.427562952041626e-01,-8.963242173194885e-01,1.383691094815731e-02,-1.945171318948269e-02
1609047067492196711,0,1609047067492196711,1.844552516937256e+00,-5.285915732383728e-01,3.500468730926514e+00,4.428492188453674e-01,-8.962869048118591e-01,1.318695209920406e-02,-1.950543373823166e-02
1609047067563759355,0,1609047067563759355,1.788942337036133e+00,-6.062411665916443e-01,3.515678882598877e+00,4.433142840862274e-01,-8.961479067802429e-01,9.129848331212997e-03,-1.755333505570889e-02
1609047067671675474,0,1609047067671675474,1.701862931251526e+00,-7.219142317771912e-01,3.491007566452026e+00,4.431529939174652e-01,-8.962780237197876e-01,6.955772638320923e-03,-1.590058207511902e-02
1609047067768359524,0,1609047067768359524,1.620826721191406e+00,-8.229637742042542e-01,3.461205720901489e+00,4.430557191371918e-01,-8.963363170623779e-01,6.426741369068623e-03,-1.554458308964968e-02
1609047067880942024,0,1609047067880942024,1.528563499450684e+00,-9.269370436668396e-01,3.445831060409546e+00,4.428236782550812e-01,-8.964095115661621e-01,1.087351981550455e-02,-1.545807998627424e-02
1609047067977759741,0,1609047067977759741,1.434195637702942e+00,-1.018123388290405e+00,3.472340822219849e+00,4.427297711372375e-01,-8.964360356330872e-01,1.584771089255810e-02,-1.190342940390110e-02
1609047068085128593,0,1609047068085128593,1.336468696594238e+00,-1.112794876098633e+00,3.532962322235107e+00,4.428549110889435e-01,-8.963242173194885e-01,2.180264145135880e-02,-2.661814214661717e-03
1609047068192106731,0,1609047068192106731,1.233670234680176e+00,-1.203932523727417e+00,3.561353445053101e+00,4.430208802223206e-01,-8.960972428321838e-01,2.609985694289207e-02,7.816650904715061e-03
1609047068288837480,0,1609047068288837480,1.133927106857300e+00,-1.284155368804932e+00,3.570160150527954e+00,4.427655637264252e-01,-8.958990573883057e-01,3.108775429427624e-02,1.889451034367085e-02
1609047068385566551,0,1609047068385566551,1.032433509826660e+00,-1.364316344261169e+00,3.553073644638062e+00,4.425051808357239e-01,-8.956218957901001e-01,3.540633618831635e-02,2.823079936206341e-02
1609047068497576646,0,1609047068497576646,9.178422689437866e-01,-1.440349340438843e+00,3.555188655853271e+00,4.422679245471954e-01,-8.955818414688110e-01,3.594626858830452e-02,3.225171566009521e-02
1609047068600500467,0,1609047068600500467,8.125391006469727e-01,-1.501648187637329e+00,3.550790309906006e+00,4.423298239707947e-01,-8.957473039627075e-01,3.442750126123428e-02,2.820913121104240e-02
1609047068661583568,0,1609047068661583568,7.418664693832397e-01,-1.538270950317383e+00,3.550403594970703e+00,4.420101046562195e-01,-8.961019515991211e-01,3.327787294983864e-02,2.282359823584557e-02
1609047068773499649,0,1609047068773499649,6.293640136718750e-01,-1.589976549148560e+00,3.592063903808594e+00,4.422480165958405e-01,-8.962988257408142e-01,3.039800748229027e-02,1.187549624592066e-02
1609047068875418666,0,1609047068875418666,5.279393196105957e-01,-1.627613544464111e+00,3.587871074676514e+00,4.420033693313599e-01,-8.965029120445251e-01,3.023658879101276e-02,1.229600748047233e-03
1609047068977594980,0,1609047068977594980,4.309918284416199e-01,-1.652998924255371e+00,3.607892036437988e+00,4.421188831329346e-01,-8.964239358901978e-01,2.997279539704323e-02,-7.525363937020302e-03
1609047069074735400,0,1609047069074735400,3.304044008255005e-01,-1.672851920127869e+00,3.614609241485596e+00,4.419170618057251e-01,-8.963294625282288e-01,3.305190056562424e-02,-1.451202016323805e-02
1609047069181652718,0,1609047069181652718,2.192281335592270e-01,-1.688601613044739e+00,3.654040098190308e+00,4.421693086624146e-01,-8.961361646652222e-01,3.433969616889954e-02,-1.571525819599628e-02
1609047069289000952,0,1609047069289000952,1.026420816779137e-01,-1.699112296104431e+00,3.689582347869873e+00,4.424164593219757e-01,-8.961263298988342e-01,3.394451364874840e-02,-8.554558269679546e-03
1609047069391412528,0,1609047069391412528,-1.433747448027134e-02,-1.712095856666565e+00,3.661998033523560e+00,4.424211978912354e-01,-8.961436748504639e-01,3.442001715302467e-02,-2.320118946954608e-03
1609047069493868257,0,1609047069493868257,-1.431388258934021e-01,-1.720219135284424e+00,3.651936054229736e+00,4.423072040081024e-01,-8.961806297302246e-01,3.376755118370056e-02,9.186306968331337e-03
1609047069590695658,0,1609047069590695658,-2.679678499698639e-01,-1.728600144386292e+00,3.628234148025513e+00,4.422887563705444e-01,-8.959776759147644e-01,3.494343906641006e-02,1.958606205880642e-02
1609047069697707438,0,1609047069697707438,-4.052296876907349e-01,-1.727744579315186e+00,3.591069459915161e+00,4.417875707149506e-01,-8.959792256355286e-01,3.436799347400665e-02,2.939289249479771e-02
1609047069775092853,0,1609047069775092853,-5.162528157234192e-01,-1.718488097190857e+00,3.586119890213013e+00,4.417609274387360e-01,-8.957169651985168e-01,3.542090207338333e-02,3.583138436079025e-02
1609047069871902506,0,1609047069871902506,-6.534470915794373e-01,-1.695341348648071e+00,3.588500499725342e+00,4.414927363395691e-01,-8.955289721488953e-01,3.566001355648041e-02,4.290094971656799e-02
1609047069973902115,0,1609047069973902115,-7.845817208290100e-01,-1.664803028106689e+00,3.602155447006226e+00,4.414680302143097e-01,-8.951935172080994e-01,3.517308831214905e-02,4.997340589761734e-02
1609047070075950646,0,1609047070075950646,-9.084451198577881e-01,-1.627607226371765e+00,3.607734918594360e+00,4.410861432552338e-01,-8.949821591377258e-01,3.413215652108192e-02,5.731469392776489e-02
1609047070177539344,0,1609047070177539344,-1.023133039474487e+00,-1.581616044044495e+00,3.612760543823242e+00,4.409900903701782e-01,-8.946732282638550e-01,3.131415694952011e-02,6.408550590276718e-02
1609047070284441408,0,1609047070284441408,-1.133013963699341e+00,-1.521150112152100e+00,3.611838579177856e+00,4.404616355895996e-01,-8.945600986480713e-01,2.759354561567307e-02,7.067145407199860e-02
1609047070386931978,0,1609047070386931978,-1.228121757507324e+00,-1.456596255302429e+00,3.599515438079834e+00,4.400072991847992e-01,-8.944905996322632e-01,2.283764258027077e-02,7.588578015565872e-02
1609047070488858778,0,1609047070488858778,-1.307181358337402e+00,-1.376927256584167e+00,3.598628759384155e+00,4.395091235637665e-01,-8.944179415702820e-01,1.752602495253086e-02,8.087741583585739e-02
1609047070595852747,0,1609047070595852747,-1.381310820579529e+00,-1.293069124221802e+00,3.566762924194336e+00,4.391488134860992e-01,-8.946317434310913e-01,1.320956274867058e-02,8.128973096609116e-02
1609047070702853993,0,1609047070702853993,-1.439922809600830e+00,-1.199142098426819e+00,3.544879436492920e+00,4.389920830726624e-01,-8.949612975120544e-01,8.722887374460697e-03,7.908255606889725e-02
1609047070799664930,0,1609047070799664930,-1.476980328559875e+00,-1.097427248954773e+00,3.560606241226196e+00,4.388808608055115e-01,-8.951982855796814e-01,4.099778365343809e-03,7.737492769956589e-02
1609047070870932803,0,1609047070870932803,-1.503855824470520e+00,-1.010646462440491e+00,3.556127309799194e+00,4.387289285659790e-01,-8.957021236419678e-01,-6.888985517434776e-04,7.234729081392288e-02
1609047070972800740,0,1609047070972800740,-1.524513006210327e+00,-8.842080235481262e-01,3.554425716400146e+00,4.391421079635620e-01,-8.960593342781067e-01,-7.368298713117838e-03,6.463436782360077e-02
1609047071074648342,0,1609047071074648342,-1.532274723052979e+00,-7.633469700813293e-01,3.544879198074341e+00,4.392781257629395e-01,-8.964217901229858e-01,-1.269908156245947e-02,5.745838209986687e-02
1609047071172840288,0,1609047071172840288,-1.523384213447571e+00,-6.397397518157959e-01,3.553531646728516e+00,4.393775761127472e-01,-8.965827226638794e-01,-2.019394934177399e-02,5.175985023379326e-02
1609047071280360387,0,1609047071280360387,-1.510927796363831e+00,-5.125024318695068e-01,3.534250974655151e+00,4.392308592796326e-01,-8.968307971954346e-01,-2.646015398204327e-02,4.550515860319138e-02
1609047071378296020,0,1609047071378296020,-1.489799857139587e+00,-3.973851501941681e-01,3.531929731369019e+00,4.392020702362061e-01,-8.968333005905151e-01,-3.294715285301208e-02,4.130394756793976e-02
1609047071485830243,0,1609047071485830243,-1.460133075714111e+00,-2.816866934299469e-01,3.527261972427368e+00,4.391229152679443e-01,-8.968641757965088e-01,-3.663547709584236e-02,3.825739398598671e-02
1609047071588047944,0,1609047071588047944,-1.426073431968689e+00,-1.785606741905212e-01,3.489790916442871e+00,4.390079677104950e-01,-8.972601890563965e-01,-3.314896300435066e-02,3.312778472900391e-02
1609047071684853040,0,1609047071684853040,-1.381381034851074e+00,-8.524429798126221e-02,3.509330272674561e+00,4.393886029720306e-01,-8.972847461700439e-01,-3.115272335708141e-02,2.911039255559444e-02
1609047071797606554,0,1609047071797606554,-1.329757452011108e+00,1.926583610475063e-02,3.512304306030273e+00,4.397457242012024e-01,-8.974972367286682e-01,-2.362917922437191e-02,2.374935708940029e-02
1609047071899529007,0,1609047071899529007,-1.278492927551270e+00,1.027261242270470e-01,3.558842897415161e+00,4.398574829101562e-01,-8.976374268531799e-01,-1.849418506026268e-02,2.074799686670303e-02
1609047071970593239,0,1609047071970593239,-1.234438776969910e+00,1.642098426818848e-01,3.568556785583496e+00,4.400508403778076e-01,-8.976622223854065e-01,-1.449281349778175e-02,1.864857785403728e-02
1609047072072870537,0,1609047072072870537,-1.172053694725037e+00,2.461233139038086e-01,3.554787158966064e+00,4.403235912322998e-01,-8.976802229881287e-01,-7.737344130873680e-03,1.501847710460424e-02
1609047072175924563,0,1609047072175924563,-1.111360311508179e+00,3.281326293945312e-01,3.550735712051392e+00,4.404238760471344e-01,-8.977085947990417e-01,-2.528487937524915e-03,1.181442383676767e-02
1609047072272963346,0,1609047072272963346,-1.050594568252563e+00,4.058736860752106e-01,3.566232204437256e+00,4.405099451541901e-01,-8.976933360099792e-01,1.901116338558495e-04,9.880290366709232e-03
1609047072385676792,0,1609047072385676792,-9.863296151161194e-01,4.883516728878021e-01,3.568028450012207e+00,4.405901134014130e-01,-8.976590633392334e-01,2.105795545503497e-03,9.179273620247841e-03
1609047072487652490,0,1609047072487652490,-9.348340630531311e-01,5.619031190872192e-01,3.568496704101562e+00,4.405852556228638e-01,-8.976647257804871e-01,2.804632764309645e-03,8.652367629110813e-03
1609047072585845235,0,1609047072585845235,-8.866735100746155e-01,6.351312398910522e-01,3.570049762725830e+00,4.405940771102905e-01,-8.976588845252991e-01,3.859113669022918e-03,8.404226042330265e-03
1609047072684346764,0,1609047072684346764,-8.377832770347595e-01,7.124328017234802e-01,3.577536582946777e+00,4.405921399593353e-01,-8.976588845252991e-01,3.241766011342406e-03,8.755094371736050e-03
1609047072793477321,0,1609047072793477321,-7.892963886260986e-01,7.955565452575684e-01,3.581770896911621e+00,4.407365918159485e-01,-8.975931406021118e-01,3.017921466380358e-03,8.289176039397717e-03
1609047072901371473,0,1609047072901371473,-7.415292263031006e-01,8.755270838737488e-01,3.588664293289185e+00,4.405853152275085e-01,-8.976671099662781e-01,3.061838913708925e-03,8.309070952236652e-03
1609047072998263924,0,1609047072998263924,-6.999175548553467e-01,9.496961236000061e-01,3.598088979721069e+00,4.406737685203552e-01,-8.976188302040100e-01,3.155284561216831e-03,8.776741102337837e-03
1609047073069641551,0,1609047073069641551,-6.669603586196899e-01,1.011830091476440e+00,3.609107255935669e+00,4.408439099788666e-01,-8.975259661674500e-01,2.388586057350039e-03,9.906653314828873e-03
1609047073171517649,0,1609047073171517649,-6.229369044303894e-01,1.097073435783386e+00,3.595098018646240e+00,4.407263100147247e-01,-8.975870609283447e-01,3.424886614084244e-03,9.285256266593933e-03
1609047073274443657,0,1609047073274443657,-5.750598907470703e-01,1.183939576148987e+00,3.599828004837036e+00,4.407708644866943e-01,-8.975698947906494e-01,4.097579978406429e-03,8.520266041159630e-03
1609047073376318428,0,1609047073376318428,-5.331139564514160e-01,1.267530322074890e+00,3.614511489868164e+00,4.408844709396362e-01,-8.975214958190918e-01,4.064579959958792e-03,7.717024534940720e-03
1609047073478194819,0,1609047073478194819,-4.952957034111023e-01,1.345487594604492e+00,3.607505083084106e+00,4.406780898571014e-01,-8.976258039474487e-01,7.093484513461590e-03,4.522333387285471e-03
1609047073575315314,0,1609047073575315314,-4.625547528266907e-01,1.421677231788635e+00,3.645566463470459e+00,4.408867061138153e-01,-8.975201845169067e-01,8.318175561726093e-03,2.715759910643101e-03
1609047073683589002,0,1609047073683589002,-4.273017942905426e-01,1.506163001060486e+00,3.661220073699951e+00,4.409618973731995e-01,-8.974648118019104e-01,1.043059770017862e-02,8.116511162370443e-04
1609047073790549157,0,1609047073790549157,-3.972241580486298e-01,1.585202693939209e+00,3.660728931427002e+00,4.410431385040283e-01,-8.973960876464844e-01,1.263460423797369e-02,-1.318164169788361e-03
1609047073892345954,0,1609047073892345954,-3.695720732212067e-01,1.662125825881958e+00,3.665371417999268e+00,4.412662088871002e-01,-8.972544074058533e-01,1.457866374403238e-02,-2.493593841791153e-03
1609047073994761244,0,1609047073994761244,-3.455559909343719e-01,1.739567995071411e+00,3.661425113677979e+00,4.411878585815430e-01,-8.972405195236206e-01,1.732314378023148e-02,-3.554011229425669e-03
1609047074097562337,0,1609047074097562337,-3.252526223659515e-01,1.817264556884766e+00,3.657450675964355e+00,4.412836432456970e-01,-8.971373438835144e-01,1.975173689424992e-02,-4.836042877286673e-03
1609047074168915431,0,1609047074168915431,-3.121698498725891e-01,1.881497621536255e+00,3.663490772247314e+00,4.411182105541229e-01,-8.971678018569946e-01,2.172698453068733e-02,-5.718145519495010e-03
1609047074270756117,0,1609047074270756117,-2.996116280555725e-01,1.970526218414307e+00,3.654139757156372e+00,4.413090646266937e-01,-8.969722986221313e-01,2.494312636554241e-02,-8.049144409596920e-03
1609047074373904507,0,1609047074373904507,-2.964231967926025e-01,2.060780048370361e+00,3.648961544036865e+00,4.410907626152039e-01,-8.969456553459167e-01,2.840976417064667e-02,-1.096897013485432e-02
1609047074470951683,0,1609047074470951683,-2.988142371177673e-01,2.150604248046875e+00,3.645051002502441e+00,4.410382211208344e-01,-8.968418836593628e-01,3.146052733063698e-02,-1.304471585899591e-02
1609047074573943022,0,1609047074573943022,-3.060557246208191e-01,2.244768381118774e+00,3.638430833816528e+00,4.409892857074738e-01,-8.966904878616333e-01,3.516586869955063e-02,-1.542396098375320e-02
1609047074680688747,0,1609047074680688747,-3.240489363670349e-01,2.344395637512207e+00,3.643435716629028e+00,4.408982992172241e-01,-8.966159224510193e-01,3.729616478085518e-02,-1.725193485617638e-02
1609047074787959647,0,1609047074787959647,-3.463435173034668e-01,2.443688154220581e+00,3.635736703872681e+00,4.407638311386108e-01,-8.965940475463867e-01,3.892887383699417e-02,-1.818992011249065e-02
1609047074889668249,0,1609047074889668249,-3.797508776187897e-01,2.541724681854248e+00,3.649490594863892e+00,4.410567879676819e-01,-8.965747952461243e-01,3.637462109327316e-02,-1.730538159608841e-02
1609047074991597412,0,1609047074991597412,-4.206533730030060e-01,2.646239042282104e+00,3.671027421951294e+00,4.414074718952179e-01,-8.967519402503967e-01,2.921376936137676e-02,-1.191395241767168e-02
1609047075089206572,0,1609047075089206572,-4.666130244731903e-01,2.742954730987549e+00,3.620153665542603e+00,4.414529800415039e-01,-8.969382643699646e-01,2.295834571123123e-02,-9.697589091956615e-03
1609047075198014027,0,1609047075198014027,-5.202137827873230e-01,2.850333213806152e+00,3.570999145507812e+00,4.412446916103363e-01,-8.971892595291138e-01,1.737266965210438e-02,-7.275164593011141e-03
1609047075275212827,0,1609047075275212827,-5.690504312515259e-01,2.940077304840088e+00,3.547341585159302e+00,4.414031505584717e-01,-8.971926569938660e-01,9.533165954053402e-03,-1.084922160953283e-02
1609047075371954035,0,1609047075371954035,-6.366213560104370e-01,3.054663896560669e+00,3.514667272567749e+00,4.414279758930206e-01,-8.971540927886963e-01,2.381448168307543e-03,-1.582376845180988e-02
1609047075468687795,0,1609047075468687795,-7.036870121955872e-01,3.169016599655151e+00,3.532691955566406e+00,4.417061507701874e-01,-8.968851566314697e-01,-4.433713387697935e-03,-2.174855396151543e-02
1609047075571422332,0,1609047075571422332,-7.747583389282227e-01,3.281034946441650e+00,3.534189224243164e+00,4.415405690670013e-01,-8.967759609222412e-01,-8.417283184826374e-03,-2.763879671692848e-02
1609047075678549116,0,1609047075678549116,-8.479301929473877e-01,3.388698101043701e+00,3.532119035720825e+00,4.416712820529938e-01,-8.965061306953430e-01,-1.197190210223198e-02,-3.255690261721611e-02
1609047075785994642,0,1609047075785994642,-9.242026209831238e-01,3.482290267944336e+00,3.537722587585449e+00,4.417346417903900e-01,-8.963747024536133e-01,-1.569866389036179e-02,-3.371289372444153e-02
1609047075888172215,0,1609047075888172215,-1.002258181571960e+00,3.561825037002563e+00,3.531759262084961e+00,4.419395625591278e-01,-8.962127566337585e-01,-1.918474771082401e-02,-3.352699428796768e-02
1609047075990938828,0,1609047075990938828,-1.087389469146729e+00,3.633654356002808e+00,3.522823095321655e+00,4.420162737369537e-01,-8.961594104766846e-01,-2.289755083620548e-02,-3.155486285686493e-02
1609047076094182947,0,1609047076094182947,-1.180669188499451e+00,3.694508790969849e+00,3.518718242645264e+00,4.423415958881378e-01,-8.959815502166748e-01,-2.774549834430218e-02,-2.795169316232204e-02
1609047076201647987,0,1609047076201647987,-1.279378294944763e+00,3.750590562820435e+00,3.500494956970215e+00,4.425016939640045e-01,-8.958377242088318e-01,-3.164056688547134e-02,-2.580695040524006e-02
1609047076298647343,0,1609047076298647343,-1.375486135482788e+00,3.791782140731812e+00,3.480297327041626e+00,4.425839483737946e-01,-8.957334160804749e-01,-3.434754908084869e-02,-2.452342584729195e-02
1609047076370293556,0,1609047076370293556,-1.456364989280701e+00,3.819078922271729e+00,3.476693630218506e+00,4.426927864551544e-01,-8.956106901168823e-01,-3.622342646121979e-02,-2.433738298714161e-02
1609047076472438502,0,1609047076472438502,-1.567674398422241e+00,3.849565029144287e+00,3.476294517517090e+00,4.426338970661163e-01,-8.956009745597839e-01,-3.688422590494156e-02,-2.477472461760044e-02
1609047076575854753,0,1609047076575854753,-1.678866505622864e+00,3.869513988494873e+00,3.474858760833740e+00,4.424061775207520e-01,-8.956299424171448e-01,-3.615818545222282e-02,-2.857224829494953e-02
1609047076677839896,0,1609047076677839896,-1.785805940628052e+00,3.877582311630249e+00,3.496551275253296e+00,4.425405561923981e-01,-8.955340981483459e-01,-3.492236137390137e-02,-3.093496710062027e-02
1609047076775145721,0,1609047076775145721,-1.888980984687805e+00,3.878376722335815e+00,3.513878822326660e+00,4.424946606159210e-01,-8.956045508384705e-01,-3.283226862549782e-02,-3.182770684361458e-02
1609047076879110577,0,1609047076879110577,-2.000998973846436e+00,3.863239049911499e+00,3.532020807266235e+00,4.427821934223175e-01,-8.954733014106750e-01,-3.310740739107132e-02,-3.123277984559536e-02
1609047076987257027,0,1609047076987257027,-2.118314504623413e+00,3.841021776199341e+00,3.527513027191162e+00,4.427729547023773e-01,-8.955554366111755e-01,-3.313509002327919e-02,-2.889168076217175e-02
1609047077089092659,0,1609047077089092659,-2.230460166931152e+00,3.808853626251221e+00,3.523984193801880e+00,4.428225755691528e-01,-8.956075906753540e-01,-3.365943953394890e-02,-2.573521994054317e-02
1609047077196570697,0,1609047077196570697,-2.349021434783936e+00,3.767042160034180e+00,3.518970012664795e+00,4.430235326290131e-01,-8.955914378166199e-01,-3.488467261195183e-02,-2.071678265929222e-02
1609047077289121449,0,1609047077289121449,-2.459255456924438e+00,3.721288442611694e+00,3.511701345443726e+00,4.432553052902222e-01,-8.955010175704956e-01,-3.656860068440437e-02,-1.629202254116535e-02
1609047077391784605,0,1609047077391784605,-2.580496788024902e+00,3.665773630142212e+00,3.505179405212402e+00,4.435166418552399e-01,-8.953327536582947e-01,-3.912003710865974e-02,-1.191226765513420e-02
1609047077473447372,0,1609047077473447372,-2.686193704605103e+00,3.612201452255249e+00,3.511654615402222e+00,4.436297416687012e-01,-8.951649665832520e-01,-4.233033582568169e-02,-8.975557982921600e-03
1609047077575394089,0,1609047077575394089,-2.815316438674927e+00,3.539910793304443e+00,3.496516704559326e+00,4.437646567821503e-01,-8.950625658035278e-01,-4.347499832510948e-02,-6.775329820811749e-03
1609047077677187667,0,1609047077677187667,-2.936345100402832e+00,3.457299232482910e+00,3.508994340896606e+00,4.440303146839142e-01,-8.948857188224792e-01,-4.455337673425674e-02,-5.640479270368814e-03
1609047077769073548,0,1609047077769073548,-3.051765203475952e+00,3.378113269805908e+00,3.500047922134399e+00,4.436885714530945e-01,-8.951664566993713e-01,-4.204742610454559e-02,-7.038163952529430e-03
1609047077872635550,0,1609047077872635550,-3.166490077972412e+00,3.285276412963867e+00,3.540639400482178e+00,4.438349306583405e-01,-8.952091336250305e-01,-3.926987573504448e-02,-8.307399228215218e-03
1609047077985274461,0,1609047077985274461,-3.286990880966187e+00,3.181620597839355e+00,3.549784660339355e+00,4.436455070972443e-01,-8.954635858535767e-01,-3.499989584088326e-02,-9.930670261383057e-03
1609047078087429081,0,1609047078087429081,-3.387019157409668e+00,3.078014373779297e+00,3.593608617782593e+00,4.440407752990723e-01,-8.953264355659485e-01,-3.405052796006203e-02,-7.674028165638447e-03
1609047078189383391,0,1609047078189383391,-3.488821029663086e+00,2.966194152832031e+00,3.586575746536255e+00,4.442774951457977e-01,-8.952013850212097e-01,-3.466324880719185e-02,-5.530919879674911e-03
1609047078286052955,0,1609047078286052955,-3.587806701660156e+00,2.851018667221069e+00,3.581599950790405e+00,4.442881643772125e-01,-8.951184153556824e-01,-3.688249364495277e-02,-3.274703398346901e-03
1609047078387839266,0,1609047078387839266,-3.693501472473145e+00,2.725517749786377e+00,3.572206974029541e+00,4.443030357360840e-01,-8.950411677360535e-01,-3.867215290665627e-02,8.458569645881653e-04
1609047078499807238,0,1609047078499807238,-3.798431396484375e+00,2.588639259338379e+00,3.571855306625366e+00,4.443045854568481e-01,-8.949737548828125e-01,-3.954762220382690e-02,7.172232959419489e-03
1609047078560881784,0,1609047078560881784,-3.868488073348999e+00,2.494016647338867e+00,3.583578109741211e+00,4.442090094089508e-01,-8.949382901191711e-01,-4.057136178016663e-02,1.085736975073814e-02
1609047078672993774,0,1609047078672993774,-3.979123353958130e+00,2.328843593597412e+00,3.573880910873413e+00,4.442076683044434e-01,-8.948697447776794e-01,-4.013199359178543e-02,1.665195822715759e-02
1609047078769687513,0,1609047078769687513,-4.072024822235107e+00,2.181981086730957e+00,3.587255477905273e+00,4.442877173423767e-01,-8.947535157203674e-01,-3.927060216665268e-02,2.196334861218929e-02
1609047078876781343,0,1609047078876781343,-4.163918495178223e+00,2.021972894668579e+00,3.592856645584106e+00,4.442151188850403e-01,-8.948040604591370e-01,-3.704407811164856e-02,2.502951584756374e-02
1609047078981522578,0,1609047078981522578,-4.239960670471191e+00,1.860885143280029e+00,3.596317529678345e+00,4.441531300544739e-01,-8.949919342994690e-01,-2.965867333114147e-02,2.894540131092072e-02
1609047079084049620,0,1609047079084049620,-4.300157546997070e+00,1.706510305404663e+00,3.610793828964233e+00,4.441952705383301e-01,-8.950200676918030e-01,-1.736090704798698e-02,3.644547984004021e-02
1609047079180942373,0,1609047079180942373,-4.352180957794189e+00,1.562161445617676e+00,3.683988809585571e+00,4.447659254074097e-01,-8.944057226181030e-01,-9.407535195350647e-03,4.618575051426888e-02
1609047079283232189,0,1609047079283232189,-4.406830310821533e+00,1.409497380256653e+00,3.691046953201294e+00,4.449458122253418e-01,-8.939551711082458e-01,-2.321087289601564e-03,5.349891260266304e-02
1609047079390076234,0,1609047079390076234,-4.448548316955566e+00,1.259803771972656e+00,3.721308231353760e+00,4.451461136341095e-01,-8.933531045913696e-01,-1.112318481318653e-03,6.135112792253494e-02
1609047079497087105,0,1609047079497087105,-4.480250358581543e+00,1.111877202987671e+00,3.717646121978760e+00,4.452381134033203e-01,-8.929749131202698e-01,-4.543952818494290e-04,6.601896136999130e-02
1609047079599005560,0,1609047079599005560,-4.499673366546631e+00,9.782600998878479e-01,3.692204236984253e+00,4.450156986713409e-01,-8.929004073143005e-01,-2.878697123378515e-03,6.842241436243057e-02
1609047079670663335,0,1609047079670663335,-4.509184360504150e+00,8.777391314506531e-01,3.690696239471436e+00,4.448820650577545e-01,-8.929262161254883e-01,-5.265517160296440e-03,6.881113350391388e-02
1609047079772461352,0,1609047079772461352,-4.510763168334961e+00,7.479150891304016e-01,3.691105604171753e+00,4.447140693664551e-01,-8.929086327552795e-01,-5.715126171708107e-03,7.007830590009689e-02
1609047079874310958,0,1609047079874310958,-4.499460697174072e+00,6.294448971748352e-01,3.685757637023926e+00,4.444600939750671e-01,-8.929082155227661e-01,-8.887543808668852e-04,7.189749181270599e-02
1609047079974156824,0,1609047079974156824,-4.476521968841553e+00,5.252884626388550e-01,3.706964015960693e+00,4.442841112613678e-01,-8.927615880966187e-01,4.141712561249733e-03,7.464137673377991e-02
1609047080081106867,0,1609047080081106867,-4.444279193878174e+00,4.276217520236969e-01,3.738175630569458e+00,4.444895684719086e-01,-8.924285173416138e-01,8.260639384388924e-03,7.702001929283142e-02
1609047080177843376,0,1609047080177843376,-4.405318260192871e+00,3.421726822853088e-01,3.741881132125854e+00,4.443334639072418e-01,-8.922575712203979e-01,1.313169300556183e-02,7.919491082429886e-02
1609047080279779205,0,1609047080279779205,-4.350593566894531e+00,2.613714337348938e-01,3.751396179199219e+00,4.441930651664734e-01,-8.921602368354797e-01,1.378961838781834e-02,8.094755560159683e-02
1609047080386387038,0,1609047080386387038,-4.285878181457520e+00,1.859156191349030e-01,3.724650382995605e+00,4.438965320587158e-01,-8.921913504600525e-01,1.532938051968813e-02,8.194845914840698e-02
1609047080493004067,0,1609047080493004067,-4.205170631408691e+00,1.292493790388107e-01,3.728050470352173e+00,4.437917172908783e-01,-8.921466469764709e-01,1.434977166354656e-02,8.317040652036667e-02
1609047080596265393,0,1609047080596265393,-4.127741336822510e+00,8.100725710391998e-02,3.712032079696655e+00,4.436612129211426e-01,-8.923082351684570e-01,1.353017147630453e-02,8.226584643125534e-02
1609047080693162319,0,1609047080693162319,-4.038750171661377e+00,4.461149871349335e-02,3.704347372055054e+00,4.435437023639679e-01,-8.925936818122864e-01,1.355846598744392e-02,7.976025342941284e-02
1609047080774660319,0,1609047080774660319,-3.948443651199341e+00,1.823061890900135e-02,3.700327634811401e+00,4.432188868522644e-01,-8.929629921913147e-01,1.438450347632170e-02,7.724794745445251e-02
1609047080871361892,0,1609047080871361892,-3.829988002777100e+00,-3.386595286428928e-03,3.696128129959106e+00,4.432354271411896e-01,-8.932686448097229e-01,1.534615270793438e-02,7.333521544933319e-02
1609047080968675432,0,1609047080968675432,-3.703061103820801e+00,-9.719877503812313e-03,3.696651220321655e+00,4.432827830314636e-01,-8.936281204223633e-01,1.590323820710182e-02,6.838282942771912e-02
1609047081070414961,0,1609047081070414961,-3.570203781127930e+00,-1.043811626732349e-02,3.702352046966553e+00,4.433309137821198e-01,-8.938938379287720e-01,1.707573235034943e-02,6.418780237436295e-02
1609047081173013452,0,1609047081173013452,-3.427446126937866e+00,-6.507709622383118e-05,3.695749759674072e+00,4.430186152458191e-01,-8.942705392837524e-01,1.723128184676170e-02,6.097452715039253e-02
1609047081275243959,0,1609047081275243959,-3.283152580261230e+00,1.468629110604525e-02,3.688751935958862e+00,4.432173967361450e-01,-8.943771719932556e-01,1.728651672601700e-02,5.787196010351181e-02
1609047081387601319,0,1609047081387601319,-3.126427173614502e+00,3.636671602725983e-02,3.671714305877686e+00,4.433414936065674e-01,-8.944920897483826e-01,1.747971400618553e-02,5.501525849103928e-02
1609047081489606876,0,1609047081489606876,-2.978221654891968e+00,6.559967994689941e-02,3.668226003646851e+00,4.431760311126709e-01,-8.946687579154968e-01,1.671086996793747e-02,5.369916558265686e-02
1609047081591592139,0,1609047081591592139,-2.825483560562134e+00,1.018527597188950e-01,3.650510787963867e+00,4.433194696903229e-01,-8.946934342384338e-01,1.624112576246262e-02,5.222779884934425e-02
1609047081695160759,0,1609047081695160759,-2.668309926986694e+00,1.467179656028748e-01,3.635493516921997e+00,4.432601332664490e-01,-8.948836922645569e-01,1.553970482200384e-02,4.962010681629181e-02
1609047081797056100,0,1609047081797056100,-2.510590314865112e+00,1.961812078952789e-01,3.629046201705933e+00,4.434300661087036e-01,-8.950439691543579e-01,1.330460235476494e-02,4.570708051323891e-02
1609047081868518216,0,1609047081868518216,-2.385283708572388e+00,2.352186441421509e-01,3.613196849822998e+00,4.432920813560486e-01,-8.953790068626404e-01,1.221397053450346e-02,4.048949852585793e-02
1609047081966097850,0,1609047081966097850,-2.208626270294189e+00,2.951647937297821e-01,3.601145267486572e+00,4.432272613048553e-01,-8.957169055938721e-01,9.607138112187386e-03,3.389054164290428e-02
1609047082072950935,0,1609047082072950935,-2.020690202713013e+00,3.600952923297882e-01,3.574811697006226e+00,4.428069591522217e-01,-8.961682319641113e-01,9.787701070308685e-03,2.662412077188492e-02
1609047082169599287,0,1609047082169599287,-1.848409175872803e+00,4.252073466777802e-01,3.578667163848877e+00,4.431002140045166e-01,-8.961809873580933e-01,9.435773827135563e-03,2.080300450325012e-02
1609047082282382587,0,1609047082282382587,-1.661791086196899e+00,4.978795349597931e-01,3.565922498703003e+00,4.431761205196381e-01,-8.962342143058777e-01,1.004975289106369e-02,1.606657169759274e-02
1609047082384609102,0,1609047082384609102,-1.497429728507996e+00,5.656210780143738e-01,3.556132555007935e+00,4.433080852031708e-01,-8.962088823318481e-01,1.082808617502451e-02,1.305076945573092e-02
1609047082481545606,0,1609047082481545606,-1.343046426773071e+00,6.303412318229675e-01,3.552761793136597e+00,4.431003630161285e-01,-8.962972760200500e-01,1.346586085855961e-02,1.148753892630339e-02
1609047082588889112,0,1609047082588889112,-1.177989363670349e+00,6.996371746063232e-01,3.547256946563721e+00,4.432221949100494e-01,-8.962247967720032e-01,1.486721541732550e-02,1.068588346242905e-02
1609047082690998853,0,1609047082690998853,-1.025888919830322e+00,7.678875923156738e-01,3.534554719924927e+00,4.435153901576996e-01,-8.960752487182617e-01,1.540726702660322e-02,1.028821058571339e-02
1609047082793453720,0,1609047082793453720,-8.766967654228210e-01,8.363637924194336e-01,3.515543460845947e+00,4.434645175933838e-01,-8.960675001144409e-01,1.695298030972481e-02,1.071570627391338e-02
1609047082890338974,0,1609047082890338974,-7.347339987754822e-01,9.065577983856201e-01,3.510114669799805e+00,4.434716701507568e-01,-8.960661292076111e-01,1.607022248208523e-02,1.184061076492071e-02
1609047082961753516,0,1609047082961753516,-6.215879321098328e-01,9.661441445350647e-01,3.492808103561401e+00,4.432990550994873e-01,-8.961496353149414e-01,1.619932055473328e-02,1.180671993643045e-02
1609047083063814699,0,1609047083063814699,-4.636086523532867e-01,1.053313851356506e+00,3.498355865478516e+00,4.434252083301544e-01,-8.960910439491272e-01,1.428240630775690e-02,1.382119767367840e-02
1609047083175972823,0,1609047083175972823,-3.066465556621552e-01,1.143618941307068e+00,3.476838827133179e+00,4.434733688831329e-01,-8.961214423179626e-01,8.963596075773239e-03,1.474339328706264e-02
1609047083277809091,0,1609047083277809091,-1.718370914459229e-01,1.226369976997375e+00,3.466445922851562e+00,4.433252215385437e-01,-8.962306380271912e-01,3.541897516697645e-03,1.486783381551504e-02
1609047083374649004,0,1609047083374649004,-3.838820010423660e-02,1.309984326362610e+00,3.476848363876343e+00,4.433755874633789e-01,-8.962000012397766e-01,-1.780016114935279e-03,1.550801191478968e-02
1609047083481423824,0,1609047083481423824,1.014191433787346e-01,1.396774649620056e+00,3.459145545959473e+00,4.429429471492767e-01,-8.963710665702820e-01,-7.698919158428907e-03,1.616175472736359e-02
1609047083578168039,0,1609047083578168039,2.269261330366135e-01,1.477167487144470e+00,3.459707021713257e+00,4.428432583808899e-01,-8.963378667831421e-01,-1.294169761240482e-02,1.734256930649281e-02
1609047083685292888,0,1609047083685292888,3.640488684177399e-01,1.558293581008911e+00,3.457540988922119e+00,4.425855278968811e-01,-8.963806629180908e-01,-1.697057113051414e-02,1.821289770305157e-02
1609047083787558516,0,1609047083787558516,4.980460405349731e-01,1.634622097015381e+00,3.435922622680664e+00,4.427184164524078e-01,-8.962292671203613e-01,-2.064252085983753e-02,1.864192821085453e-02
1609047083895959723,0,1609047083895959723,6.359248757362366e-01,1.709162354469299e+00,3.442496061325073e+00,4.425870478153229e-01,-8.961626291275024e-01,-2.541507594287395e-02,1.906438544392586e-02
1609047083998082545,0,1609047083998082545,7.694058418273926e-01,1.773095488548279e+00,3.427834749221802e+00,4.426629543304443e-01,-8.961014151573181e-01,-2.696451358497143e-02,1.801786385476589e-02
1609047084069671545,0,1609047084069671545,8.781231045722961e-01,1.822406768798828e+00,3.417968988418579e+00,4.423804879188538e-01,-8.962383866310120e-01,-2.839501760900021e-02,1.581043563783169e-02
1609047084171383031,0,1609047084171383031,1.032687187194824e+00,1.885057806968689e+00,3.397713661193848e+00,4.422900676727295e-01,-8.962979912757874e-01,-2.965270727872849e-02,1.225969754159451e-02
1609047084268130979,0,1609047084268130979,1.181206583976746e+00,1.936063885688782e+00,3.383274793624878e+00,4.421631395816803e-01,-8.963999748229980e-01,-3.025006689131260e-02,6.617810577154160e-03
1609047084370522319,0,1609047084370522319,1.338510751724243e+00,1.983708977699280e+00,3.381424427032471e+00,4.420603811740875e-01,-8.964854478836060e-01,-2.991570346057415e-02,-1.288058701902628e-03
1609047084477779797,0,1609047084477779797,1.492568016052246e+00,2.024116992950439e+00,3.366169929504395e+00,4.418121576309204e-01,-8.965343832969666e-01,-2.986859902739525e-02,-1.166038960218430e-02
1609047084584834908,0,1609047084584834908,1.640418171882629e+00,2.060925960540771e+00,3.360130548477173e+00,4.417275190353394e-01,-8.963390588760376e-01,-2.917424403131008e-02,-2.453513629734516e-02
1609047084681496570,0,1609047084681496570,1.776679873466492e+00,2.083287239074707e+00,3.384439706802368e+00,4.415476322174072e-01,-8.960673809051514e-01,-3.011048026382923e-02,-3.453205525875092e-02
1609047084783367710,0,1609047084783367710,1.909687161445618e+00,2.095527410507202e+00,3.393352031707764e+00,4.415060877799988e-01,-8.956492543220520e-01,-3.215910866856575e-02,-4.301840066909790e-02
1609047084890359163,0,1609047084890359163,2.040317773818970e+00,2.098691701889038e+00,3.384127378463745e+00,4.414309263229370e-01,-8.952659368515015e-01,-3.370684012770653e-02,-5.001514777541161e-02
1609047084997090298,0,1609047084997090298,2.158268451690674e+00,2.089509010314941e+00,3.350836515426636e+00,4.412498176097870e-01,-8.949509263038635e-01,-3.317223489284515e-02,-5.710606276988983e-02
1609047085098633729,0,1609047085098633729,2.260761976242065e+00,2.068293094635010e+00,3.338044881820679e+00,4.411404430866241e-01,-8.948602676391602e-01,-3.069319576025009e-02,-6.064773723483086e-02
1609047085169872727,0,1609047085169872727,2.332960605621338e+00,2.042948246002197e+00,3.336209535598755e+00,4.412549734115601e-01,-8.947752118110657e-01,-2.854447998106480e-02,-6.210235133767128e-02
1609047085271977451,0,1609047085271977451,2.424627542495728e+00,1.993368387222290e+00,3.334803581237793e+00,4.412682056427002e-01,-8.949889540672302e-01,-2.019250579178333e-02,-6.220452114939690e-02
1609047085373938015,0,1609047085373938015,2.500320911407471e+00,1.932584881782532e+00,3.343260049819946e+00,4.416538178920746e-01,-8.951022624969482e-01,-1.342929620295763e-02,-5.961190536618233e-02
1609047085480887678,0,1609047085480887678,2.559891223907471e+00,1.860402584075928e+00,3.335962533950806e+00,4.418166875839233e-01,-8.953576087951660e-01,-5.226368550211191e-03,-5.572639778256416e-02
1609047085577690636,0,1609047085577690636,2.600111484527588e+00,1.781823039054871e+00,3.334060668945312e+00,4.420951306819916e-01,-8.954480290412903e-01,2.010850701481104e-03,-5.216129869222641e-02
1609047085675834741,0,1609047085675834741,2.627729415893555e+00,1.698163986206055e+00,3.335388898849487e+00,4.420256316661835e-01,-8.956215381622314e-01,1.096420735120773e-02,-4.853084310889244e-02
1609047085783878520,0,1609047085783878520,2.644240140914917e+00,1.607692003250122e+00,3.339488029479980e+00,4.419082403182983e-01,-8.957048654556274e-01,2.140558324754238e-02,-4.440550133585930e-02
1609047085887251963,0,1609047085887251963,2.646203279495239e+00,1.519325733184814e+00,3.371392250061035e+00,4.419418871402740e-01,-8.957648277282715e-01,2.769518084824085e-02,-3.906196728348732e-02
1609047085983905630,0,1609047085983905630,2.636482477188110e+00,1.440240263938904e+00,3.386169433593750e+00,4.419300258159637e-01,-8.957248926162720e-01,3.294419124722481e-02,-3.591008856892586e-02
1609047086096596710,0,1609047086096596710,2.609237670898438e+00,1.351197242736816e+00,3.403752803802490e+00,4.418211281299591e-01,-8.956636786460876e-01,3.800094872713089e-02,-3.371337428689003e-02
1609047086193515066,0,1609047086193515066,2.576522111892700e+00,1.281379580497742e+00,3.442428588867188e+00,4.420845806598663e-01,-8.957523703575134e-01,3.608770295977592e-02,-2.977493219077587e-02
1609047086269883755,0,1609047086269883755,2.541707277297974e+00,1.225326538085938e+00,3.476490020751953e+00,4.427067339420319e-01,-8.958966135978699e-01,2.787511236965656e-02,-2.455657720565796e-02
1609047086371683926,0,1609047086371683926,2.489409208297729e+00,1.151773571968079e+00,3.504570722579956e+00,4.432623386383057e-01,-8.959915041923523e-01,1.904500089585781e-02,-1.884218677878380e-02
1609047086473532297,0,1609047086473532297,2.426387548446655e+00,1.086158037185669e+00,3.488214254379272e+00,4.433929920196533e-01,-8.961294293403625e-01,1.204496622085571e-02,-1.447947137057781e-02
1609047086575441099,0,1609047086575441099,2.358011245727539e+00,1.024408340454102e+00,3.512040376663208e+00,4.437545239925385e-01,-8.960735201835632e-01,4.730667453259230e-03,-1.056733261793852e-02
1609047086677406501,0,1609047086677406501,2.282231807708740e+00,9.649944305419922e-01,3.538257598876953e+00,4.435882568359375e-01,-8.961957097053528e-01,-3.461313899606466e-04,-7.917539216578007e-03
1609047086784958958,0,1609047086784958958,2.204653739929199e+00,9.045146107673645e-01,3.569325447082520e+00,4.437116682529449e-01,-8.961373567581177e-01,-2.687062369659543e-03,-7.114376407116652e-03
1609047086886709187,0,1609047086886709187,2.131070137023926e+00,8.492971658706665e-01,3.625229358673096e+00,4.437257647514343e-01,-8.961437344551086e-01,-2.457159804180264e-03,-5.267399363219738e-03
1609047086988458994,0,1609047086988458994,2.059175729751587e+00,7.900305986404419e-01,3.699518918991089e+00,4.439474940299988e-01,-8.960518240928650e-01,-1.104084309190512e-03,-6.811456405557692e-04
1609047087090221301,0,1609047087090221301,1.981269955635071e+00,7.270495295524597e-01,3.745098114013672e+00,4.441182017326355e-01,-8.959571719169617e-01,6.367975147441030e-04,4.391720518469810e-03
1609047087194295836,0,1609047087194295836,1.904713034629822e+00,6.660021543502808e-01,3.778177261352539e+00,4.440126717090607e-01,-8.959667086601257e-01,3.675230545923114e-03,9.112488478422165e-03
1609047087296051059,0,1609047087296051059,1.823939919471741e+00,5.991088151931763e-01,3.824164152145386e+00,4.440785646438599e-01,-8.958839774131775e-01,6.002323236316442e-03,1.225622650235891e-02
1609047087362374839,0,1609047087362374839,1.768365025520325e+00,5.517260432243347e-01,3.869680881500244e+00,4.438712596893311e-01,-8.959335088729858e-01,8.369153365492821e-03,1.454128790646791e-02
1609047087469269254,0,1609047087469269254,1.680662512779236e+00,4.799993336200714e-01,3.945650577545166e+00,4.439134597778320e-01,-8.958504796028137e-01,8.928447030484676e-03,1.769532635807991e-02
1609047087571817370,0,1609047087571817370,1.601730465888977e+00,4.215044081211090e-01,3.999852418899536e+00,4.438110589981079e-01,-8.958678841590881e-01,9.821161627769470e-03,1.886802166700363e-02
1609047087678810380,0,1609047087678810380,1.525346279144287e+00,3.646874427795410e-01,4.059927940368652e+00,4.437447488307953e-01,-8.959265351295471e-01,9.432777762413025e-03,1.781539991497993e-02
1609047087780590947,0,1609047087780590947,1.456703782081604e+00,3.144966065883636e-01,4.124720096588135e+00,4.435865283012390e-01,-8.960499763488770e-01,8.390566334128380e-03,1.597093790769577e-02
1609047087882394963,0,1609047087882394963,1.388918757438660e+00,2.678625881671906e-01,4.196749687194824e+00,4.434703290462494e-01,-8.961521387100220e-01,8.316804654896259e-03,1.327629387378693e-02
1609047087979086571,0,1609047087979086571,1.323969125747681e+00,2.266309708356857e-01,4.282252311706543e+00,4.435202181339264e-01,-8.961467146873474e-01,7.436328101903200e-03,1.247845310717821e-02
1609047088081370638,0,1609047088081370638,1.254169225692749e+00,1.893413513898849e-01,4.361737251281738e+00,4.434306919574738e-01,-8.961664438247681e-01,8.523932658135891e-03,1.350232865661383e-02
1609047088189142578,0,1609047088189142578,1.184612393379211e+00,1.521976739168167e-01,4.439358711242676e+00,4.433614909648895e-01,-8.961767554283142e-01,9.322480298578739e-03,1.452893204987049e-02
1609047088297218527,0,1609047088297218527,1.116328120231628e+00,1.180041283369064e-01,4.519192695617676e+00,4.433680176734924e-01,-8.961439728736877e-01,9.890403598546982e-03,1.590217463672161e-02
1609047088399047372,0,1609047088399047372,1.051219701766968e+00,8.752391487360001e-02,4.598806858062744e+00,4.434072077274323e-01,-8.960826992988586e-01,1.054944191128016e-02,1.773495227098465e-02
1609047088470245255,0,1609047088470245255,9.988953471183777e-01,6.591790914535522e-02,4.661671161651611e+00,4.431799948215485e-01,-8.961542844772339e-01,1.099119149148464e-02,1.944624632596970e-02
1609047088562406046,0,1609047088562406046,9.311859607696533e-01,3.856253251433372e-02,4.751278877258301e+00,4.431622326374054e-01,-8.960836529731750e-01,1.298489980399609e-02,2.174697257578373e-02
1609047088674665463,0,1609047088674665463,8.555129766464233e-01,1.400039996951818e-02,4.841526508331299e+00,4.429435133934021e-01,-8.961185812950134e-01,1.366277132183313e-02,2.420559711754322e-02
1609047088771334430,0,1609047088771334430,7.903172969818115e-01,-3.432651981711388e-03,4.921325206756592e+00,4.428402185440063e-01,-8.961132168769836e-01,1.509766001254320e-02,2.540982514619827e-02
1609047088878162624,0,1609047088878162624,7.246620655059814e-01,-1.692645065486431e-02,5.022308826446533e+00,4.430484771728516e-01,-8.959134817123413e-01,1.607999391853809e-02,2.808250486850739e-02
1609047088985034000,0,1609047088985034000,6.646763682365417e-01,-2.148761227726936e-02,5.119791984558105e+00,4.429141879081726e-01,-8.957284688949585e-01,1.928095333278179e-02,3.355183079838753e-02
1609047089086844057,0,1609047089086844057,6.095086336135864e-01,-2.136577852070332e-02,5.186439037322998e+00,4.428890645503998e-01,-8.955829143524170e-01,2.147238142788410e-02,3.632465004920959e-02
1609047089188661612,0,1609047089188661612,5.532217621803284e-01,-2.039556950330734e-02,5.265032768249512e+00,4.429474174976349e-01,-8.954200744628906e-01,2.246554009616375e-02,3.893404826521873e-02
1609047089294125833,0,1609047089294125833,5.014783143997192e-01,-8.047204464673996e-03,5.327395915985107e+00,4.428737461566925e-01,-8.953860998153687e-01,2.262933366000652e-02,4.043030366301537e-02
1609047089391128092,0,1609047089391128092,4.529895186424255e-01,1.048583071678877e-02,5.389557838439941e+00,4.427533149719238e-01,-8.955083489418030e-01,2.237828262150288e-02,3.916107118129730e-02
1609047089498206086,0,1609047089498206086,4.055853486061096e-01,3.689269348978996e-02,5.470413208007812e+00,4.430729150772095e-01,-8.955481648445129e-01,2.048200555145741e-02,3.550165146589279e-02
1609047089574956212,0,1609047089574956212,3.735923469066620e-01,6.482699513435364e-02,5.529578685760498e+00,4.430133700370789e-01,-8.958523869514465e-01,1.771391741931438e-02,2.956182882189751e-02
1609047089677134019,0,1609047089677134019,3.322842717170715e-01,1.084918156266212e-01,5.612703323364258e+00,4.430433213710785e-01,-8.961007595062256e-01,1.436712499707937e-02,2.257785014808178e-02
1609047089774171847,0,1609047089774171847,2.913984060287476e-01,1.532759219408035e-01,5.668817996978760e+00,4.429877996444702e-01,-8.963574767112732e-01,1.013626065105200e-02,1.422652322798967e-02
1609047089878059499,0,1609047089878059499,2.573273181915283e-01,2.061828970909119e-01,5.725916862487793e+00,4.432252645492554e-01,-8.963443636894226e-01,7.199349813163280e-03,8.145102299749851e-03
1609047089980809030,0,1609047089980809030,2.196754962205887e-01,2.601326704025269e-01,5.766093730926514e+00,4.432626068592072e-01,-8.963750004768372e-01,4.914899822324514e-03,2.474022563546896e-03
1609047090083069818,0,1609047090083069818,1.817833632230759e-01,3.129478693008423e-01,5.803202629089355e+00,4.431682229042053e-01,-8.964326977729797e-01,3.041687421500683e-03,-1.057975925505161e-03
1609047090185393839,0,1609047090185393839,1.432896405458450e-01,3.640422821044922e-01,5.826509952545166e+00,4.432970285415649e-01,-8.963659405708313e-01,2.238322282209992e-03,-3.313166322186589e-03
1609047090282298061,0,1609047090282298061,1.014165505766869e-01,4.125031828880310e-01,5.843776226043701e+00,4.432715177536011e-01,-8.963735103607178e-01,1.230818801559508e-03,-4.834010265767574e-03
1609047090383981290,0,1609047090383981290,5.657949298620224e-02,4.613018631935120e-01,5.854093074798584e+00,4.433584511280060e-01,-8.963308930397034e-01,1.434743520803750e-03,-4.712813068181276e-03
1609047090496250872,0,1609047090496250872,5.572735797613859e-03,5.110431313514709e-01,5.864887237548828e+00,4.431457817554474e-01,-8.964383006095886e-01,3.522510814946145e-04,-4.492264706641436e-03
1609047090593238920,0,1609047090593238920,-4.382757097482681e-02,5.524402856826782e-01,5.867947578430176e+00,4.433112144470215e-01,-8.963589072227478e-01,-9.744448470883071e-04,-3.872131230309606e-03
1609047090669983540,0,1609047090669983540,-8.801561594009399e-02,5.882769227027893e-01,5.870092868804932e+00,4.431945383548737e-01,-8.964176774024963e-01,-2.224925672635436e-03,-2.982612233608961e-03
1609047090766886242,0,1609047090766886242,-1.481250822544098e-01,6.311600804328918e-01,5.878517627716064e+00,4.429187476634979e-01,-8.965508937835693e-01,-3.666360629722476e-03,-2.467869780957699e-03
1609047090873944044,0,1609047090873944044,-2.125146090984344e-01,6.738942265510559e-01,5.888127803802490e+00,4.430845677852631e-01,-8.964615464210510e-01,-5.576324183493853e-03,1.331761828623712e-03
1609047090976244566,0,1609047090976244566,-2.719552516937256e-01,7.147768735885620e-01,5.878956794738770e+00,4.428673684597015e-01,-8.965490460395813e-01,-6.499398499727249e-03,5.115073639899492e-03
1609047091072828957,0,1609047091072828957,-3.272835016250610e-01,7.505986690521240e-01,5.851332664489746e+00,4.429686665534973e-01,-8.964813947677612e-01,-6.019583437591791e-03,7.982159033417702e-03
1609047091174715176,0,1609047091174715176,-3.865672349929810e-01,7.854571342468262e-01,5.841712474822998e+00,4.428656995296478e-01,-8.965088129043579e-01,-5.894124973565340e-03,1.035047415643930e-02
1609047091281642391,0,1609047091281642391,-4.448739290237427e-01,8.208545446395874e-01,5.832488536834717e+00,4.427365362644196e-01,-8.965826630592346e-01,-4.233053419739008e-03,1.029397081583738e-02
1609047091393664645,0,1609047091393664645,-5.006201267242432e-01,8.556587100028992e-01,5.831042766571045e+00,4.426651298999786e-01,-8.966360092163086e-01,-1.290781423449516e-03,9.472695179283619e-03
1609047091495477513,0,1609047091495477513,-5.527654290199280e-01,8.895719051361084e-01,5.844209671020508e+00,4.426350891590118e-01,-8.966604471206665e-01,-1.158648985438049e-03,8.539921604096889e-03
1609047091592439995,0,1609047091592439995,-6.035580039024353e-01,9.216006994247437e-01,5.844212055206299e+00,4.424281418323517e-01,-8.967869281768799e-01,1.629956823308021e-04,5.519337952136993e-03
1609047091694762714,0,1609047091694762714,-6.556084752082825e-01,9.494856595993042e-01,5.848327159881592e+00,4.422996044158936e-01,-8.968613743782043e-01,3.299754811450839e-03,1.232074864674360e-04
1609047091766038334,0,1609047091766038334,-6.989923119544983e-01,9.739651679992676e-01,5.836658000946045e+00,4.419823884963989e-01,-8.969925642013550e-01,6.741596851497889e-03,-3.244581865146756e-03
1609047091867839595,0,1609047091867839595,-7.633414864540100e-01,1.011889219284058e+00,5.852598667144775e+00,4.421623349189758e-01,-8.968364000320435e-01,1.079767756164074e-02,-7.777005899697542e-03
1609047091979890705,0,1609047091979890705,-8.317586779594421e-01,1.053734421730042e+00,5.856552124023438e+00,4.420997500419617e-01,-8.968131542205811e-01,1.296310126781464e-02,-1.030076388269663e-02
1609047092076569027,0,1609047092076569027,-8.919527530670166e-01,1.088286161422729e+00,5.851379871368408e+00,4.421271383762360e-01,-8.967624306678772e-01,1.413192506879568e-02,-1.187608856707811e-02
1609047092174377034,0,1609047092174377034,-9.558112621307373e-01,1.123619556427002e+00,5.839641571044922e+00,4.419277608394623e-01,-8.968485593795776e-01,1.427090074867010e-02,-1.260918471962214e-02
1609047092282420594,0,1609047092282420594,-1.030965089797974e+00,1.160473227500916e+00,5.835999011993408e+00,4.421723484992981e-01,-8.967360258102417e-01,1.381896715611219e-02,-1.253398321568966e-02
1609047092384258542,0,1609047092384258542,-1.109585285186768e+00,1.196390748023987e+00,5.842472076416016e+00,4.423227906227112e-01,-8.967057466506958e-01,1.164231356233358e-02,-1.157305482774973e-02
1609047092491244815,0,1609047092491244815,-1.198347449302673e+00,1.235799670219421e+00,5.843372821807861e+00,4.422558546066284e-01,-8.967532515525818e-01,1.112707983702421e-02,-1.094040181487799e-02
1609047092593066324,0,1609047092593066324,-1.287891864776611e+00,1.273383140563965e+00,5.837574958801270e+00,4.423376619815826e-01,-8.967204093933105e-01,1.079384051263332e-02,-1.064903941005468e-02
1609047092695162527,0,1609047092695162527,-1.380143642425537e+00,1.308541297912598e+00,5.843557357788086e+00,4.423858523368835e-01,-8.967157602310181e-01,1.031155884265900e-02,-9.459946304559708e-03
1609047092791890915,0,1609047092791890915,-1.473348736763000e+00,1.343466043472290e+00,5.848448753356934e+00,4.423462450504303e-01,-8.967601656913757e-01,9.006382897496223e-03,-8.357491344213486e-03
1609047092873634139,0,1609047092873634139,-1.559388041496277e+00,1.375516176223755e+00,5.851888179779053e+00,4.423382878303528e-01,-8.967792987823486e-01,8.501268923282623e-03,-7.178238593041897e-03
1609047092965929803,0,1609047092965929803,-1.666324496269226e+00,1.413285613059998e+00,5.862908840179443e+00,4.423364698886871e-01,-8.968126177787781e-01,6.207899656146765e-03,-5.210010800510645e-03
1609047093067751921,0,1609047093067751921,-1.780173897743225e+00,1.448892354965210e+00,5.853945255279541e+00,4.423398375511169e-01,-8.968207240104675e-01,6.275353487581015e-03,-2.959662117063999e-03
1609047093180002026,0,1609047093180002026,-1.900192379951477e+00,1.488143920898438e+00,5.856774806976318e+00,4.422363340854645e-01,-8.968845009803772e-01,4.996711388230324e-03,-5.496368976309896e-04
1609047093276686713,0,1609047093276686713,-2.005091905593872e+00,1.521876573562622e+00,5.852990627288818e+00,4.421370923519135e-01,-8.969228863716125e-01,6.251089740544558e-03,2.231562975794077e-03
1609047093384056561,0,1609047093384056561,-2.122761011123657e+00,1.561451673507690e+00,5.873559951782227e+00,4.423435926437378e-01,-8.967922329902649e-01,6.992723327130079e-03,6.855950690805912e-03
1609047093486082876,0,1609047093486082876,-2.232683420181274e+00,1.598171830177307e+00,5.878598690032959e+00,4.420828223228455e-01,-8.968567848205566e-01,9.253832511603832e-03,1.118523813784122e-02
1609047093583590746,0,1609047093583590746,-2.335757017135620e+00,1.630675077438354e+00,5.881331920623779e+00,4.421588778495789e-01,-8.967016935348511e-01,1.282627042382956e-02,1.603726297616959e-02
1609047093690732788,0,1609047093690732788,-2.447484731674194e+00,1.671301245689392e+00,5.895866870880127e+00,4.419454634189606e-01,-8.966409564018250e-01,1.510572340339422e-02,2.216497808694839e-02
1609047093792695071,0,1609047093792695071,-2.555581092834473e+00,1.709697842597961e+00,5.897917270660400e+00,4.417904615402222e-01,-8.965085148811340e-01,1.882976479828358e-02,2.718881703913212e-02
1609047093899580727,0,1609047093899580727,-2.659703016281128e+00,1.757661104202271e+00,5.885231018066406e+00,4.415476620197296e-01,-8.964142799377441e-01,2.087966352701187e-02,3.226603195071220e-02
1609047093965755520,0,1609047093965755520,-2.734846353530884e+00,1.795886516571045e+00,5.885439872741699e+00,4.415408670902252e-01,-8.962610960006714e-01,2.207649685442448e-02,3.564387559890747e-02
1609047094062463151,0,1609047094062463151,-2.843440532684326e+00,1.856459856033325e+00,5.898064136505127e+00,4.413239657878876e-01,-8.961706161499023e-01,2.372085303068161e-02,3.935403376817703e-02
1609047094174919148,0,1609047094174919148,-2.954854488372803e+00,1.930075883865356e+00,5.901344299316406e+00,4.412734806537628e-01,-8.962769508361816e-01,1.947772875428200e-02,3.982529416680336e-02
1609047094277775203,0,1609047094277775203,-3.049403905868530e+00,1.999099731445312e+00,5.877861976623535e+00,4.413467049598694e-01,-8.965092301368713e-01,1.353225484490395e-02,3.607008606195450e-02
1609047094380130975,0,1609047094380130975,-3.133929967880249e+00,2.075331926345825e+00,5.861453533172607e+00,4.413475394248962e-01,-8.968356847763062e-01,6.507849786430597e-03,2.925092913210392e-02
1609047094476756706,0,1609047094476756706,-3.212402343750000e+00,2.154329299926758e+00,5.860813617706299e+00,4.412931799888611e-01,-8.970852494239807e-01,3.929524973500520e-05,2.232535183429718e-02
1609047094588984551,0,1609047094588984551,-3.289562225341797e+00,2.245481014251709e+00,5.863481521606445e+00,4.410670101642609e-01,-8.973395824432373e-01,-5.548139102756977e-03,1.452357135713100e-02
1609047094685777410,0,1609047094685777410,-3.360359668731689e+00,2.324881553649902e+00,5.870903968811035e+00,4.410431385040283e-01,-8.974061608314514e-01,-7.731717545539141e-03,9.129444137215614e-03
1609047094792933831,0,1609047094792933831,-3.435186147689819e+00,2.411657094955444e+00,5.868722438812256e+00,4.410324096679688e-01,-8.974408507347107e-01,-8.328309282660484e-03,4.587427712976933e-03
1609047094894652523,0,1609047094894652523,-3.504585981369019e+00,2.491137981414795e+00,5.862929344177246e+00,4.408235847949982e-01,-8.975605964660645e-01,-7.609189953655005e-03,1.278365380130708e-03
1609047094991354263,0,1609047094991354263,-3.571465730667114e+00,2.563888549804688e+00,5.858988285064697e+00,4.407654702663422e-01,-8.975984454154968e-01,-6.508991122245789e-03,-7.057352922856808e-04
1609047095067705995,0,1609047095067705995,-3.632802009582520e+00,2.623672962188721e+00,5.860306262969971e+00,4.407142698764801e-01,-8.976190090179443e-01,-7.109196856617928e-03,-6.431668298318982e-04
1609047095170134283,0,1609047095170134283,-3.715145111083984e+00,2.697171688079834e+00,5.857626914978027e+00,4.404110610485077e-01,-8.977697491645813e-01,-6.860486231744289e-03,-7.753121317364275e-04
1609047095272818616,0,1609047095272818616,-3.797928333282471e+00,2.763868808746338e+00,5.853844165802002e+00,4.404757022857666e-01,-8.977286219596863e-01,-8.037902414798737e-03,-6.359830149449408e-05
1609047095374883441,0,1609047095374883441,-3.877067327499390e+00,2.825074911117554e+00,5.839006423950195e+00,4.404265284538269e-01,-8.977192640304565e-01,-1.116474717855453e-02,5.575722752837464e-05
1609047095472005653,0,1609047095472005653,-3.954090118408203e+00,2.880850791931152e+00,5.823886394500732e+00,4.403749406337738e-01,-8.976891636848450e-01,-1.496697217226028e-02,-1.153022021753713e-04
1609047095584346133,0,1609047095584346133,-4.041303634643555e+00,2.937573909759521e+00,5.817012786865234e+00,4.401435852050781e-01,-8.977280259132385e-01,-1.887428015470505e-02,-1.307413796894252e-03
1609047095691471369,0,1609047095691471369,-4.120242118835449e+00,2.986388683319092e+00,5.811709403991699e+00,4.400856792926788e-01,-8.977286815643311e-01,-1.983197405934334e-02,-3.823267528787255e-03
1609047095788381328,0,1609047095788381328,-4.197657108306885e+00,3.028995037078857e+00,5.829356193542480e+00,4.397723674774170e-01,-8.978121280670166e-01,-2.260615490376949e-02,-4.751094151288271e-03
1609047095885207284,0,1609047095885207284,-4.274140834808350e+00,3.071671247482300e+00,5.853739738464355e+00,4.374029040336609e-01,-8.988783359527588e-01,-2.605733647942543e-02,-4.184376914054155e-03
1609047095992231922,0,1609047095992231922,-4.355185508728027e+00,3.106301069259644e+00,5.863282203674316e+00,4.330920279026031e-01,-9.009299874305725e-01,-2.720607258379459e-02,-4.050144925713539e-03
1609047096099232226,0,1609047096099232226,-4.435629367828369e+00,3.131851673126221e+00,5.872300148010254e+00,4.268954694271088e-01,-9.038354158401489e-01,-2.881791442632675e-02,-3.365701530128717e-03
1609047096170535663,0,1609047096170535663,-4.498061656951904e+00,3.147891521453857e+00,5.869945526123047e+00,4.210596978664398e-01,-9.065604805946350e-01,-2.910158038139343e-02,-3.154776757583022e-03
1609047096267370360,0,1609047096267370360,-4.581880569458008e+00,3.164292812347412e+00,5.867611408233643e+00,4.132569730281830e-01,-9.101218581199646e-01,-2.985349297523499e-02,-2.398364245891571e-03
1609047096374591292,0,1609047096374591292,-4.667959690093994e+00,3.175556421279907e+00,5.863678932189941e+00,4.044587910175323e-01,-9.140542745590210e-01,-3.022388741374016e-02,-2.113986061885953e-03
1609047096476323687,0,1609047096476323687,-4.746050834655762e+00,3.180350780487061e+00,5.868936538696289e+00,3.954091966152191e-01,-9.179717898368835e-01,-3.126044571399689e-02,-1.502458471804857e-03
1609047096578092144,0,1609047096578092144,-4.822153091430664e+00,3.177693605422974e+00,5.873904705047607e+00,3.862332403659821e-01,-9.218593239784241e-01,-3.159790858626366e-02,-9.095102432183921e-04
1609047096685066976,0,1609047096685066976,-4.899346828460693e+00,3.171715497970581e+00,5.877912998199463e+00,3.767854273319244e-01,-9.257307052612305e-01,-3.248431533575058e-02,-4.178562667220831e-04
1609047096786872862,0,1609047096786872862,-4.970107555389404e+00,3.156986474990845e+00,5.882384300231934e+00,3.673668205738068e-01,-9.295374751091003e-01,-3.164973109960556e-02,1.509023131802678e-04
1609047096883905882,0,1609047096883905882,-5.039499759674072e+00,3.138154983520508e+00,5.877184867858887e+00,3.586779236793518e-01,-9.329493641853333e-01,-3.091513365507126e-02,1.589861931279302e-04
1609047096990928584,0,1609047096990928584,-5.113562583923340e+00,3.111841440200806e+00,5.880690574645996e+00,3.495704829692841e-01,-9.364448189735413e-01,-2.952446229755878e-02,-1.335507549811155e-04
1609047097092778267,0,1609047097092778267,-5.183962345123291e+00,3.081616878509521e+00,5.877565383911133e+00,3.413471579551697e-01,-9.395388364791870e-01,-2.735904604196548e-02,-6.472097593359649e-04
1609047097199653350,0,1609047097199653350,-5.254993438720703e+00,3.042978525161743e+00,5.890639305114746e+00,3.330942392349243e-01,-9.425480961799622e-01,-2.548917755484581e-02,-1.234061666764319e-03
1609047097260718854,0,1609047097260718854,-5.302826404571533e+00,3.010226726531982e+00,5.895774841308594e+00,3.275357186794281e-01,-9.445650577545166e-01,-2.265000715851784e-02,-2.051141578704119e-03
1609047097368400113,0,1609047097368400113,-5.382834434509277e+00,2.957375764846802e+00,5.889369964599609e+00,3.195383250713348e-01,-9.474098086357117e-01,-1.738882251083851e-02,-2.762290183454752e-03
1609047097471638913,0,1609047097471638913,-5.458089351654053e+00,2.904563665390015e+00,5.889458656311035e+00,3.133416175842285e-01,-9.495399594306946e-01,-1.341807655990124e-02,-3.295374102890491e-03
1609047097578948035,0,1609047097578948035,-5.532891273498535e+00,2.848818063735962e+00,5.890616893768311e+00,3.081462383270264e-01,-9.512824416160583e-01,-9.918683208525181e-03,-3.065538126975298e-03
1609047097680575138,0,1609047097680575138,-5.602817058563232e+00,2.789599895477295e+00,5.886824607849121e+00,3.040973544120789e-01,-9.526100158691406e-01,-6.879633292555809e-03,-3.429532283917069e-03
1609047097782296413,0,1609047097782296413,-5.674638271331787e+00,2.729884147644043e+00,5.894647598266602e+00,3.008028268814087e-01,-9.536599516868591e-01,-5.230164621025324e-03,-4.837633110582829e-03
1609047097884134260,0,1609047097884134260,-5.748913288116455e+00,2.672089338302612e+00,5.891686439514160e+00,2.979502081871033e-01,-9.545567631721497e-01,-2.111931564286351e-03,-6.531580816954374e-03
1609047097991000112,0,1609047097991000112,-5.829568386077881e+00,2.614491224288940e+00,5.910078048706055e+00,2.953673601150513e-01,-9.553508162498474e-01,-7.655394729226828e-04,-7.904012687504292e-03
1609047098092893204,0,1609047098092893204,-5.911315917968750e+00,2.557147741317749e+00,5.927059650421143e+00,2.933212220668793e-01,-9.559727311134338e-01,1.437098835594952e-03,-8.755178190767765e-03
1609047098194765796,0,1609047098194765796,-5.995139122009277e+00,2.497996330261230e+00,5.952445030212402e+00,2.915668487548828e-01,-9.565080404281616e-01,2.298316219821572e-03,-8.706815540790558e-03
1609047098291307442,0,1609047098291307442,-6.079117774963379e+00,2.439593076705933e+00,5.957981586456299e+00,2.900502383708954e-01,-9.569727182388306e-01,1.828464563004673e-03,-8.408000692725182e-03
1609047098367538295,0,1609047098367538295,-6.153855800628662e+00,2.389274597167969e+00,5.961544513702393e+00,2.894692122936249e-01,-9.571539759635925e-01,9.255025652237236e-04,-7.936250418424606e-03
1609047098476382857,0,1609047098476382857,-6.258774280548096e+00,2.318189144134521e+00,5.953272342681885e+00,2.886523306369781e-01,-9.574023485183716e-01,2.519747242331505e-03,-7.361915428191423e-03
1609047098574031994,0,1609047098574031994,-6.357856750488281e+00,2.257807970046997e+00,5.948254585266113e+00,2.881726026535034e-01,-9.575521945953369e-01,2.745150122791529e-03,-6.536547094583511e-03
1609047098671677264,0,1609047098671677264,-6.456868648529053e+00,2.194741725921631e+00,5.938239097595215e+00,2.878148555755615e-01,-9.576567411422729e-01,3.782276529818773e-03,-6.471031345427036e-03
1609047098773925287,0,1609047098773925287,-6.564258098602295e+00,2.131880998611450e+00,5.938584804534912e+00,2.874203026294708e-01,-9.577590227127075e-01,5.722516216337681e-03,-7.393780164420605e-03
1609047098886275882,0,1609047098886275882,-6.678683280944824e+00,2.067235231399536e+00,5.948858261108398e+00,2.873979210853577e-01,-9.577414393424988e-01,8.217846043407917e-03,-8.136553689837456e-03
1609047098983082512,0,1609047098983082512,-6.786611557006836e+00,2.018414974212646e+00,6.010562896728516e+00,2.875418066978455e-01,-9.577380418777466e-01,6.344492547214031e-03,-4.156894050538540e-03
1609047099080467873,0,1609047099080467873,-6.893069744110107e+00,1.959092259407043e+00,6.033341884613037e+00,2.875483334064484e-01,-9.577417969703674e-01,6.293592508882284e-03,2.657881937921047e-03
1609047099189317410,0,1609047099189317410,-7.007700920104980e+00,1.898192524909973e+00,6.005051136016846e+00,2.872826755046844e-01,-9.577484726905823e-01,6.539423018693924e-03,1.199805643409491e-02
1609047099296241923,0,1609047099296241923,-7.121063232421875e+00,1.844639658927917e+00,5.975637912750244e+00,2.873139381408691e-01,-9.575793147087097e-01,7.433325517922640e-03,2.091145701706409e-02
1609047099398252627,0,1609047099398252627,-7.231197834014893e+00,1.794526934623718e+00,5.979907989501953e+00,2.872984707355499e-01,-9.573419094085693e-01,6.695528980344534e-03,3.018865361809731e-02
1609047099469723264,0,1609047099469723264,-7.313968658447266e+00,1.755449533462524e+00,5.972350120544434e+00,2.870471477508545e-01,-9.572555422782898e-01,8.266555145382881e-03,3.460659831762314e-02
1609047099570917865,0,1609047099570917865,-7.432179450988770e+00,1.706618666648865e+00,5.990781307220459e+00,2.871169149875641e-01,-9.570063948631287e-01,7.858487777411938e-03,4.051005840301514e-02
1609047099672966997,0,1609047099672966997,-7.537620544433594e+00,1.661933064460754e+00,6.011662006378174e+00,2.870211303234100e-01,-9.569381475448608e-01,5.786878056824207e-03,4.306745156645775e-02
1609047099779951532,0,1609047099779951532,-7.634160995483398e+00,1.618437170982361e+00,6.019815921783447e+00,2.869991660118103e-01,-9.569297432899475e-01,4.941219463944435e-03,4.350465163588524e-02
1609047099876754094,0,1609047099876754094,-7.711025714874268e+00,1.586538434028625e+00,6.004264831542969e+00,2.868154644966125e-01,-9.570664763450623e-01,5.149186123162508e-03,4.164457321166992e-02
1609047099984010291,0,1609047099984010291,-7.788040637969971e+00,1.559630155563354e+00,6.029481410980225e+00,2.867388427257538e-01,-9.570736289024353e-01,6.520205643028021e-03,4.181524366140366e-02
1609047100087342402,0,1609047100087342402,-7.851923465728760e+00,1.534461975097656e+00,6.038558006286621e+00,2.867371737957001e-01,-9.569766521453857e-01,7.873640395700932e-03,4.376689717173576e-02
1609047100189266063,0,1609047100189266063,-7.908124923706055e+00,1.512606739997864e+00,6.037114143371582e+00,2.867276370525360e-01,-9.568541049957275e-01,9.466240182518959e-03,4.612807929515839e-02
1609047100292166013,0,1609047100292166013,-7.961077213287354e+00,1.493264555931091e+00,6.060244560241699e+00,2.866085171699524e-01,-9.567319750785828e-01,1.151465810835361e-02,4.885591194033623e-02
1609047100395208551,0,1609047100395208551,-8.009409904479980e+00,1.476556897163391e+00,6.059976577758789e+00,2.865424454212189e-01,-9.566037654876709e-01,1.452274620532990e-02,5.091021955013275e-02
1609047100497069587,0,1609047100497069587,-8.049819946289062e+00,1.469877481460571e+00,6.055644989013672e+00,2.864384055137634e-01,-9.564831852912903e-01,1.754856295883656e-02,5.277324467897415e-02
1609047100568419972,0,1609047100568419972,-8.079208374023438e+00,1.466380476951599e+00,6.061585903167725e+00,2.862402200698853e-01,-9.564273953437805e-01,1.965243555605412e-02,5.410145595669746e-02
1609047100665141902,0,1609047100665141902,-8.112219810485840e+00,1.466168642044067e+00,6.049263477325439e+00,2.864363789558411e-01,-9.564016461372375e-01,1.827179826796055e-02,5.358888953924179e-02
1609047100773513924,0,1609047100773513924,-8.135740280151367e+00,1.471317887306213e+00,6.005783081054688e+00,2.864196598529816e-01,-9.567413330078125e-01,1.602690480649471e-02,4.850699380040169e-02
1609047100875255065,0,1609047100875255065,-8.150335311889648e+00,1.487260103225708e+00,6.010117530822754e+00,2.862305343151093e-01,-9.572090506553650e-01,1.122497580945492e-02,4.119528830051422e-02
1609047100976996892,0,1609047100976996892,-8.157851219177246e+00,1.504479765892029e+00,6.006314277648926e+00,2.860870361328125e-01,-9.576621651649475e-01,8.719664998352528e-03,3.100753575563431e-02
1609047101074073727,0,1609047101074073727,-8.159806251525879e+00,1.529632687568665e+00,5.979920864105225e+00,2.860960364341736e-01,-9.579300284385681e-01,5.404802504926920e-03,2.213248237967491e-02
1609047101186104624,0,1609047101186104624,-8.159901618957520e+00,1.557569622993469e+00,5.996400356292725e+00,2.858607470989227e-01,-9.581441283226013e-01,5.494096782058477e-03,1.460395473986864e-02
1609047101288123532,0,1609047101288123532,-8.160504341125488e+00,1.584568142890930e+00,6.003999233245850e+00,2.859115302562714e-01,-9.582016468048096e-01,5.000543314963579e-03,8.907806128263474e-03
1609047101384939164,0,1609047101384939164,-8.159278869628906e+00,1.608475804328918e+00,6.009469985961914e+00,2.859673500061035e-01,-9.582089185714722e-01,5.613820627331734e-03,5.178757011890411e-03
1609047101486793675,0,1609047101486793675,-8.162008285522461e+00,1.637062072753906e+00,6.006071090698242e+00,2.858262062072754e-01,-9.582491517066956e-01,7.487407885491848e-03,2.422226127237082e-03
1609047101599017320,0,1609047101599017320,-8.169831275939941e+00,1.662864446640015e+00,6.015916347503662e+00,2.861189246177673e-01,-9.581470489501953e-01,9.425315074622631e-03,1.176961930468678e-03
1609047101665163082,0,1609047101665163082,-8.176568984985352e+00,1.681085824966431e+00,6.016091823577881e+00,2.858607769012451e-01,-9.582285881042480e-01,8.970336057245731e-03,1.060422160662711e-03
1609047101767013332,0,1609047101767013332,-8.190949440002441e+00,1.708912253379822e+00,6.011077404022217e+00,2.859315574169159e-01,-9.582173228263855e-01,7.790957577526569e-03,1.404121168889105e-03
1609047101874067624,0,1609047101874067624,-8.208595275878906e+00,1.737029314041138e+00,5.990017890930176e+00,2.860108911991119e-01,-9.582058787345886e-01,6.156253162771463e-03,1.201210194267333e-03
1609047101970734950,0,1609047101970734950,-8.227145195007324e+00,1.763936638832092e+00,5.989251136779785e+00,2.858314216136932e-01,-9.582740068435669e-01,3.368656849488616e-03,-6.553344974236097e-06
1609047102077600159,0,1609047102077600159,-8.254957199096680e+00,1.801230549812317e+00,6.001543521881104e+00,2.857621610164642e-01,-9.582991003990173e-01,-1.390769262798131e-03,-1.000239746645093e-03
1609047102184520541,0,1609047102184520541,-8.281116485595703e+00,1.829848885536194e+00,6.013755321502686e+00,2.857482135295868e-01,-9.582785964012146e-01,-7.078711409121752e-03,6.812309584347531e-05
1609047102282283491,0,1609047102282283491,-8.305981636047363e+00,1.852589726448059e+00,6.000701904296875e+00,2.853606939315796e-01,-9.583156704902649e-01,-1.394814159721136e-02,2.388248220086098e-03
1609047102389702473,0,1609047102389702473,-8.333021163940430e+00,1.873810172080994e+00,5.987370014190674e+00,2.851968705654144e-01,-9.582554101943970e-01,-1.963006705045700e-02,4.915344063192606e-03
1609047102497166603,0,1609047102497166603,-8.359580039978027e+00,1.890977740287781e+00,5.993193149566650e+00,2.849647700786591e-01,-9.581799507141113e-01,-2.506706491112709e-02,7.615782320499420e-03
1609047102594004463,0,1609047102594004463,-8.384943962097168e+00,1.905695796012878e+00,6.013054847717285e+00,2.848587036132812e-01,-9.580745697021484e-01,-2.925954572856426e-02,9.628053754568100e-03
1609047102701584267,0,1609047102701584267,-8.412381172180176e+00,1.917193174362183e+00,6.042072772979736e+00,2.846723198890686e-01,-9.579763412475586e-01,-3.328305855393410e-02,1.163746509701014e-02
1609047102767725925,0,1609047102767725925,-8.430064201354980e+00,1.919069170951843e+00,6.053339004516602e+00,2.844444811344147e-01,-9.579575061798096e-01,-3.546259924769402e-02,1.229572668671608e-02
1609047102870560928,0,1609047102870560928,-8.453814506530762e+00,1.916494250297546e+00,6.064057350158691e+00,2.844027876853943e-01,-9.578114748001099e-01,-3.920399770140648e-02,1.324434578418732e-02
1609047102977682485,0,1609047102977682485,-8.474476814270020e+00,1.904963612556458e+00,6.047163963317871e+00,2.841255366802216e-01,-9.577425718307495e-01,-4.267073795199394e-02,1.346032042056322e-02
1609047103079704587,0,1609047103079704587,-8.494307518005371e+00,1.885860800743103e+00,6.024231433868408e+00,2.841880619525909e-01,-9.576826095581055e-01,-4.372937977313995e-02,1.299750618636608e-02
1609047103176660563,0,1609047103176660563,-8.507527351379395e+00,1.859777569770813e+00,6.013154506683350e+00,2.841287255287170e-01,-9.576563835144043e-01,-4.476130008697510e-02,1.271321531385183e-02
1609047103278658437,0,1609047103278658437,-8.515608787536621e+00,1.821299433708191e+00,6.010478973388672e+00,2.840322256088257e-01,-9.576518535614014e-01,-4.550844803452492e-02,1.255800668150187e-02
1609047103386380044,0,1609047103386380044,-8.521406173706055e+00,1.774105072021484e+00,6.012120246887207e+00,2.838762998580933e-01,-9.577345848083496e-01,-4.480245709419250e-02,1.230854913592339e-02
1609047103487954284,0,1609047103487954284,-8.524199485778809e+00,1.722054123878479e+00,6.021872997283936e+00,2.839915156364441e-01,-9.577802419662476e-01,-4.320543631911278e-02,1.180286053568125e-02
1609047103590183117,0,1609047103590183117,-8.524134635925293e+00,1.663598895072937e+00,6.049880027770996e+00,2.840217053890228e-01,-9.578711390495300e-01,-4.087964445352554e-02,1.197384577244520e-02
1609047103695870888,0,1609047103695870888,-8.521126747131348e+00,1.594846963882446e+00,6.114616394042969e+00,2.838928997516632e-01,-9.580298066139221e-01,-3.773047402501106e-02,1.265741605311632e-02
1609047103792629638,0,1609047103792629638,-8.515252113342285e+00,1.521044254302979e+00,6.144526958465576e+00,2.840671241283417e-01,-9.580489397048950e-01,-3.574011474847794e-02,1.307103503495455e-02
1609047103869017782,0,1609047103869017782,-8.509478569030762e+00,1.456479549407959e+00,6.159338474273682e+00,2.837112545967102e-01,-9.581714272499084e-01,-3.527449816465378e-02,1.308597065508366e-02
1609047103970911066,0,1609047103970911066,-8.499709129333496e+00,1.359568715095520e+00,6.155038833618164e+00,2.836882472038269e-01,-9.583582282066345e-01,-3.042464889585972e-02,1.204023882746696e-02
1609047104073548247,0,1609047104073548247,-8.491345405578613e+00,1.263033747673035e+00,6.158111572265625e+00,2.836501002311707e-01,-9.585177898406982e-01,-2.585196867585182e-02,1.086355652660131e-02
1609047104175495491,0,1609047104175495491,-8.482350349426270e+00,1.170915246009827e+00,6.204701900482178e+00,2.837830483913422e-01,-9.586126804351807e-01,-1.957779936492443e-02,1.207105722278357e-02
1609047104272268339,0,1609047104272268339,-8.471392631530762e+00,1.073991417884827e+00,6.209687709808350e+00,2.838819622993469e-01,-9.586570858955383e-01,-1.436707563698292e-02,1.346808206290007e-02
1609047104379379611,0,1609047104379379611,-8.456930160522461e+00,9.731756448745728e-01,6.219132900238037e+00,2.838931679725647e-01,-9.586738348007202e-01,-1.066347211599350e-02,1.534462440758944e-02
1609047104486407774,0,1609047104486407774,-8.447022438049316e+00,8.730548620223999e-01,6.218004703521729e+00,2.839564085006714e-01,-9.586403965950012e-01,-7.042249664664268e-03,1.810145564377308e-02
1609047104589476940,0,1609047104589476940,-8.432811737060547e+00,7.762869596481323e-01,6.222775936126709e+00,2.840132713317871e-01,-9.585587978363037e-01,-6.899034604430199e-03,2.130199037492275e-02
1609047104692940663,0,1609047104692940663,-8.416567802429199e+00,6.759970188140869e-01,6.213450908660889e+00,2.840358912944794e-01,-9.584336876869202e-01,-4.922137595713139e-03,2.654183283448219e-02
1609047104795328471,0,1609047104795328471,-8.397091865539551e+00,5.783481597900391e-01,6.217944622039795e+00,2.840997874736786e-01,-9.582400321960449e-01,-2.586444141343236e-03,3.250565007328987e-02
1609047104897205553,0,1609047104897205553,-8.380172729492188e+00,4.873964488506317e-01,6.176219940185547e+00,2.839519679546356e-01,-9.580343365669250e-01,-7.693406078033149e-04,3.925397992134094e-02
1609047104969332120,0,1609047104969332120,-8.360382080078125e+00,4.142992496490479e-01,6.163473606109619e+00,2.839479446411133e-01,-9.578201174736023e-01,2.246095798909664e-03,4.415039345622063e-02
1609047105071254516,0,1609047105071254516,-8.328020095825195e+00,3.171185255050659e-01,6.145932197570801e+00,2.838744819164276e-01,-9.575105309486389e-01,5.875969771295786e-03,5.054146796464920e-02
1609047105173200492,0,1609047105173200492,-8.289820671081543e+00,2.251876890659332e-01,6.120366096496582e+00,2.838915288448334e-01,-9.571523666381836e-01,8.403619751334190e-03,5.651829019188881e-02
1609047105274980136,0,1609047105274980136,-8.244967460632324e+00,1.408275365829468e-01,6.126079082489014e+00,2.840389907360077e-01,-9.567773938179016e-01,1.125658117234707e-02,6.141718104481697e-02
1609047105376722721,0,1609047105376722721,-8.191963195800781e+00,6.479415297508240e-02,6.116087913513184e+00,2.839134931564331e-01,-9.564030170440674e-01,1.411864347755909e-02,6.698620319366455e-02
1609047105473699455,0,1609047105473699455,-8.133462905883789e+00,-2.198456786572933e-03,6.106802463531494e+00,2.836692035198212e-01,-9.562200903892517e-01,1.553369686007500e-02,7.024016976356506e-02
1609047105585785629,0,1609047105585785629,-8.059632301330566e+00,-6.461913883686066e-02,6.076241493225098e+00,2.836113572120667e-01,-9.560906887054443e-01,1.581619307398796e-02,7.214704900979996e-02
1609047105682676382,0,1609047105682676382,-7.980462074279785e+00,-1.169857904314995e-01,6.050650596618652e+00,2.834156453609467e-01,-9.560894370079041e-01,1.752256788313389e-02,7.253679633140564e-02
1609047105795418918,0,1609047105795418918,-7.885351657867432e+00,-1.636917442083359e-01,6.038875102996826e+00,2.834726274013519e-01,-9.561651945114136e-01,1.715875975787640e-02,7.139421999454498e-02
1609047105897141664,0,1609047105897141664,-7.786437511444092e+00,-2.020259946584702e-01,6.029103755950928e+00,2.832038104534149e-01,-9.562696218490601e-01,1.756246201694012e-02,7.096268236637115e-02
1609047105999247191,0,1609047105999247191,-7.675416946411133e+00,-2.276028096675873e-01,6.033604145050049e+00,2.832455039024353e-01,-9.563434720039368e-01,1.752972789108753e-02,6.979840248823166e-02
1609047106065507037,0,1609047106065507037,-7.584127426147461e+00,-2.431827336549759e-01,6.030321121215820e+00,2.830981016159058e-01,-9.564914107322693e-01,1.762025058269501e-02,6.833104789257050e-02
1609047106167429903,0,1609047106167429903,-7.438491344451904e+00,-2.579197287559509e-01,6.021916866302490e+00,2.829313278198242e-01,-9.566376805305481e-01,1.887414790689945e-02,6.661760807037354e-02
1609047106269644493,0,1609047106269644493,-7.290619850158691e+00,-2.654067873954773e-01,6.001005649566650e+00,2.828547060489655e-01,-9.567273259162903e-01,2.082985080778599e-02,6.505586206912994e-02
1609047106378295532,0,1609047106378295532,-7.138771057128906e+00,-2.614288330078125e-01,5.977347850799561e+00,2.828160822391510e-01,-9.568477869033813e-01,2.151954732835293e-02,6.320080161094666e-02
1609047106480170575,0,1609047106480170575,-6.991068840026855e+00,-2.498652338981628e-01,5.951217174530029e+00,2.828367352485657e-01,-9.569081068038940e-01,2.100686170160770e-02,6.236197054386139e-02
1609047106576980493,0,1609047106576980493,-6.839126586914062e+00,-2.388691604137421e-01,5.921072006225586e+00,2.827743291854858e-01,-9.569782018661499e-01,2.150483801960945e-02,6.139269843697548e-02
1609047106704506124,0,1609047106704506124,-6.650001525878906e+00,-2.144792675971985e-01,5.903708934783936e+00,2.827159762382507e-01,-9.571670889854431e-01,1.961224153637886e-02,5.931480228900909e-02
1609047106785800281,0,1609047106785800281,-6.511088848114014e+00,-1.925473064184189e-01,5.887453556060791e+00,2.826054096221924e-01,-9.573538303375244e-01,1.843291521072388e-02,5.716799199581146e-02
1609047106892545530,0,1609047106892545530,-6.328010559082031e+00,-1.538828015327454e-01,5.871918201446533e+00,2.826553285121918e-01,-9.575980901718140e-01,1.599827967584133e-02,5.344104021787643e-02
1609047106994299675,0,1609047106994299675,-6.145210742950439e+00,-1.143978312611580e-01,5.852255821228027e+00,2.827437520027161e-01,-9.578199982643127e-01,1.362361013889313e-02,4.951066151261330e-02
1609047107096135588,0,1609047107096135588,-5.963686466217041e+00,-7.222513109445572e-02,5.862462520599365e+00,2.824586331844330e-01,-9.580815434455872e-01,1.161532010883093e-02,4.649618268013000e-02
1609047107167395077,0,1609047107167395077,-5.815325260162354e+00,-3.588014096021652e-02,5.864937782287598e+00,2.825133800506592e-01,-9.581932425498962e-01,1.068133581429720e-02,4.402085766196251e-02
1609047107274677079,0,1609047107274677079,-5.600599288940430e+00,2.380950562655926e-02,5.841702938079834e+00,2.825286686420441e-01,-9.584888219833374e-01,7.929831743240356e-03,3.760242834687233e-02
1609047107366257113,0,1609047107366257113,-5.407542705535889e+00,7.736919820308685e-02,5.813741207122803e+00,2.827114164829254e-01,-9.586862325668335e-01,5.450231488794088e-03,3.106942772865295e-02
1609047107468138523,0,1609047107468138523,-5.201968193054199e+00,1.342379152774811e-01,5.808530807495117e+00,2.824733555316925e-01,-9.589660763740540e-01,4.054162651300430e-03,2.400746010243893e-02
1609047107570887810,0,1609047107570887810,-5.002032756805420e+00,1.932274103164673e-01,5.780500411987305e+00,2.825484275817871e-01,-9.590591192245483e-01,3.459663130342960e-03,1.897914707660675e-02
1609047107683097686,0,1609047107683097686,-4.797062873840332e+00,2.541251182556152e-01,5.755013942718506e+00,2.824392616748810e-01,-9.591542482376099e-01,3.585924394428730e-03,1.544243283569813e-02
1609047107790489503,0,1609047107790489503,-4.606784820556641e+00,3.110907077789307e-01,5.745957851409912e+00,2.827907204627991e-01,-9.590811729431152e-01,3.373980289325118e-03,1.346926204860210e-02
1609047107882032934,0,1609047107882032934,-4.436044216156006e+00,3.621204197406769e-01,5.728451251983643e+00,2.827284932136536e-01,-9.591158032417297e-01,3.997553139925003e-03,1.206118613481522e-02
1609047107983738611,0,1609047107983738611,-4.249657154083252e+00,4.179378747940063e-01,5.714686870574951e+00,2.830444276332855e-01,-9.590229988098145e-01,3.921552095562220e-03,1.205618120729923e-02
1609047108101760854,0,1609047108101760854,-4.051912784576416e+00,4.774684607982635e-01,5.701766490936279e+00,2.827659547328949e-01,-9.591069817543030e-01,3.554381895810366e-03,1.201965287327766e-02
1609047108201382826,0,1609047108201382826,-3.884250402450562e+00,5.281335115432739e-01,5.695316314697266e+00,2.830487191677094e-01,-9.590226411819458e-01,4.094327799975872e-03,1.192411687225103e-02
1609047108268102615,0,1609047108268102615,-3.754918336868286e+00,5.695757269859314e-01,5.688799858093262e+00,2.827934026718140e-01,-9.590916037559509e-01,3.961915150284767e-03,1.246940158307552e-02
1609047108365115180,0,1609047108365115180,-3.568733453750610e+00,6.310530304908752e-01,5.690398693084717e+00,2.829042673110962e-01,-9.590588212013245e-01,1.030840561725199e-03,1.305048074573278e-02
1609047108466874284,0,1609047108466874284,-3.382077455520630e+00,6.879222393035889e-01,5.674570560455322e+00,2.829518020153046e-01,-9.590324163436890e-01,-9.409171761944890e-04,1.393823511898518e-02
1609047108573926022,0,1609047108573926022,-3.198122262954712e+00,7.484141588211060e-01,5.670190811157227e+00,2.827171981334686e-01,-9.590934514999390e-01,-3.255093237385154e-03,1.414611563086510e-02
1609047108670992994,0,1609047108670992994,-3.033195734024048e+00,8.054913282394409e-01,5.655082702636719e+00,2.825873792171478e-01,-9.591275453567505e-01,-4.637960810214281e-03,1.404569484293461e-02
1609047108779129830,0,1609047108779129830,-2.858698606491089e+00,8.639317750930786e-01,5.652842998504639e+00,2.825613915920258e-01,-9.591194391250610e-01,-7.367718033492565e-03,1.395645365118980e-02
1609047108886194376,0,1609047108886194376,-2.689594984054565e+00,9.156217575073242e-01,5.655426979064941e+00,2.822144627571106e-01,-9.592132568359375e-01,-7.957388646900654e-03,1.420245599001646e-02
1609047108982991649,0,1609047108982991649,-2.537395954132080e+00,9.633234739303589e-01,5.655670166015625e+00,2.820947468280792e-01,-9.592239260673523e-01,-1.054858416318893e-02,1.417081244289875e-02
1609047109091560631,0,1609047109091560631,-2.370384693145752e+00,1.008974075317383e+00,5.650415420532227e+00,2.819279730319977e-01,-9.592773914337158e-01,-1.044789236038923e-02,1.394250523298979e-02
1609047109193673745,0,1609047109193673745,-2.214842081069946e+00,1.049941301345825e+00,5.648845672607422e+00,2.819867730140686e-01,-9.592885971069336e-01,-1.150371786206961e-02,1.080289669334888e-02
1609047109295597806,0,1609047109295597806,-2.059816122055054e+00,1.090679526329041e+00,5.650001049041748e+00,2.818518280982971e-01,-9.593399167060852e-01,-1.200666371732950e-02,9.074759669601917e-03
1609047109367231782,0,1609047109367231782,-1.935071349143982e+00,1.121112465858459e+00,5.645061016082764e+00,2.820190787315369e-01,-9.592956304550171e-01,-1.259160228073597e-02,7.664935663342476e-03
1609047109470457123,0,1609047109470457123,-1.759830832481384e+00,1.163371205329895e+00,5.631653308868408e+00,2.822853624820709e-01,-9.592146277427673e-01,-1.353316288441420e-02,6.252082530409098e-03
1609047109578510529,0,1609047109578510529,-1.588267922401428e+00,1.199627995491028e+00,5.619708061218262e+00,2.822920680046082e-01,-9.591909646987915e-01,-1.502759382128716e-02,6.177245639264584e-03
1609047109676487886,0,1609047109676487886,-1.438495278358459e+00,1.230481982231140e+00,5.621836662292480e+00,2.824715077877045e-01,-9.590917825698853e-01,-1.745578274130821e-02,6.940533872693777e-03
1609047109773333869,0,1609047109773333869,-1.289695739746094e+00,1.253975152969360e+00,5.608732223510742e+00,2.823456525802612e-01,-9.590666294097900e-01,-1.988255977630615e-02,8.760792203247547e-03
1609047109875564155,0,1609047109875564155,-1.140435695648193e+00,1.275660157203674e+00,5.598914623260498e+00,2.823034226894379e-01,-9.589930772781372e-01,-2.285612560808659e-02,1.071085222065449e-02
1609047109977565179,0,1609047109977565179,-9.945774674415588e-01,1.291927456855774e+00,5.599875926971436e+00,2.821412980556488e-01,-9.589545726776123e-01,-2.535874582827091e-02,1.262172125279903e-02
1609047110089604981,0,1609047110089604981,-8.429910540580750e-01,1.303437352180481e+00,5.596103668212891e+00,2.821826934814453e-01,-9.588928222656250e-01,-2.666908875107765e-02,1.364277489483356e-02
1609047110192372681,0,1609047110192372681,-7.045116424560547e-01,1.305902004241943e+00,5.601488590240479e+00,2.820865809917450e-01,-9.589042067527771e-01,-2.699620649218559e-02,1.418258063495159e-02
1609047110289131168,0,1609047110289131168,-5.689787268638611e-01,1.302428126335144e+00,5.606408119201660e+00,2.822656631469727e-01,-9.588486552238464e-01,-2.720956876873970e-02,1.396393403410912e-02
1609047110396321019,0,1609047110396321019,-4.182817041873932e-01,1.292365908622742e+00,5.610294342041016e+00,2.820956408977509e-01,-9.589497447013855e-01,-2.692858129739761e-02,1.059359963983297e-02
1609047110468102590,0,1609047110468102590,-3.039920330047607e-01,1.282789349555969e+00,5.611625671386719e+00,2.822057604789734e-01,-9.590094089508057e-01,-2.518143691122532e-02,5.186750553548336e-03
1609047110564934071,0,1609047110564934071,-1.483482867479324e-01,1.268037796020508e+00,5.618547439575195e+00,2.820168733596802e-01,-9.591319561004639e-01,-2.299682796001434e-02,-1.855069538578391e-03
1609047110667863381,0,1609047110667863381,4.104867577552795e-03,1.245372533798218e+00,5.627228736877441e+00,2.822855114936829e-01,-9.590771198272705e-01,-1.986319012939930e-02,-9.569353424012661e-03
1609047110769711311,0,1609047110769711311,1.496720016002655e-01,1.218678355216980e+00,5.638731002807617e+00,2.823073863983154e-01,-9.590109586715698e-01,-1.851445622742176e-02,-1.605831645429134e-02
1609047110876974603,0,1609047110876974603,2.895331680774689e-01,1.188484430313110e+00,5.656113147735596e+00,2.825314998626709e-01,-9.588559865951538e-01,-1.874600723385811e-02,-2.048687823116779e-02
1609047110978912298,0,1609047110978912298,4.166098535060883e-01,1.151481747627258e+00,5.670658111572266e+00,2.824538946151733e-01,-9.588113427162170e-01,-1.780881173908710e-02,-2.415552362799644e-02
1609047111082456607,0,1609047111082456607,5.371537804603577e-01,1.107422471046448e+00,5.687144756317139e+00,2.824801206588745e-01,-9.587345123291016e-01,-1.853032596409321e-02,-2.626482024788857e-02
1609047111189511916,0,1609047111189511916,6.502501368522644e-01,1.055340290069580e+00,5.694908142089844e+00,2.826147675514221e-01,-9.586561918258667e-01,-1.810869760811329e-02,-2.791544422507286e-02
1609047111286410903,0,1609047111286410903,7.459080219268799e-01,1.002361893653870e+00,5.708973884582520e+00,2.823078930377960e-01,-9.586710333824158e-01,-1.715314388275146e-02,-3.095153346657753e-02
1609047111388268558,0,1609047111388268558,8.372611403465271e-01,9.430492520332336e-01,5.718040943145752e+00,2.822151780128479e-01,-9.585868120193481e-01,-1.625743322074413e-02,-3.466471284627914e-02
1609047111495059063,0,1609047111495059063,9.194945096969604e-01,8.801664113998413e-01,5.728536128997803e+00,2.823508381843567e-01,-9.584418535232544e-01,-1.645080372691154e-02,-3.737095370888710e-02
1609047111561356848,0,1609047111561356848,9.756264686584473e-01,8.241078257560730e-01,5.731846809387207e+00,2.824661731719971e-01,-9.583638310432434e-01,-1.557263173162937e-02,-3.884849697351456e-02
1609047111668393155,0,1609047111668393155,1.053120732307434e+00,7.469961643218994e-01,5.741262435913086e+00,2.824720144271851e-01,-9.582998156547546e-01,-1.533563900738955e-02,-4.044610261917114e-02
1609047111765074973,0,1609047111765074973,1.115319728851318e+00,6.646456122398376e-01,5.744807243347168e+00,2.822609245777130e-01,-9.583426713943481e-01,-1.394923869520426e-02,-4.139550402760506e-02
1609047111877502911,0,1609047111877502911,1.164114117622375e+00,5.729361772537231e-01,5.748461723327637e+00,2.825440168380737e-01,-9.582206606864929e-01,-1.469526067376137e-02,-4.202730208635330e-02
1609047111979618048,0,1609047111979618048,1.198324799537659e+00,4.831081926822662e-01,5.747544288635254e+00,2.825821638107300e-01,-9.581941366195679e-01,-1.432978268712759e-02,-4.249943792819977e-02
1609047112077141872,0,1609047112077141872,1.221953034400940e+00,3.914991021156311e-01,5.751564502716064e+00,2.825348377227783e-01,-9.582038521766663e-01,-1.444541662931442e-02,-4.255205392837524e-02
1609047112184312241,0,1609047112184312241,1.234695076942444e+00,2.884279489517212e-01,5.761548519134521e+00,2.826953530311584e-01,-9.582015275955200e-01,-1.320070121437311e-02,-4.193995893001556e-02
1609047112281582399,0,1609047112281582399,1.235457539558411e+00,1.888868957757950e-01,5.760912418365479e+00,2.828128337860107e-01,-9.583107829093933e-01,-1.377372816205025e-02,-3.831199556589127e-02
1609047112393946243,0,1609047112393946243,1.229721903800964e+00,7.477063685655594e-02,5.766664981842041e+00,2.829892635345459e-01,-9.585044384002686e-01,-1.127804443240166e-02,-3.254371508955956e-02
1609047112495849283,0,1609047112495849283,1.216614007949829e+00,-3.278009220957756e-02,5.768752098083496e+00,2.830486893653870e-01,-9.587080478668213e-01,-7.031891960650682e-03,-2.670269273221493e-02
1609047112597666200,0,1609047112597666200,1.197622060775757e+00,-1.496393829584122e-01,5.773785591125488e+00,2.830132544040680e-01,-9.587979912757874e-01,4.085348336957395e-05,-2.469483204185963e-02
1609047112664107389,0,1609047112664107389,1.177027702331543e+00,-2.378187477588654e-01,5.766180992126465e+00,2.828054130077362e-01,-9.588712453842163e-01,6.650836206972599e-03,-2.330069988965988e-02
1609047112771239000,0,1609047112771239000,1.136789560317993e+00,-3.687123358249664e-01,5.772076606750488e+00,2.825554609298706e-01,-9.588252902030945e-01,1.774057187139988e-02,-2.240289188921452e-02
1609047112868012408,0,1609047112868012408,1.090913176536560e+00,-4.850360751152039e-01,5.772981166839600e+00,2.821908891201019e-01,-9.586578011512756e-01,2.819559350609779e-02,-2.342252619564533e-02
1609047112974937014,0,1609047112974937014,1.032680034637451e+00,-6.031895279884338e-01,5.793096065521240e+00,2.823184430599213e-01,-9.583425521850586e-01,3.551491722464561e-02,-2.478836476802826e-02
1609047113077793458,0,1609047113077793458,9.715688228607178e-01,-7.104085683822632e-01,5.808110237121582e+00,2.823776900768280e-01,-9.582080245018005e-01,3.851532191038132e-02,-2.483503147959709e-02
1609047113179902947,0,1609047113179902947,9.059002399444580e-01,-8.126124739646912e-01,5.799373626708984e+00,2.826041281223297e-01,-9.581755995750427e-01,3.787233307957649e-02,-2.449803985655308e-02
1609047113281825800,0,1609047113281825800,8.365597724914551e-01,-9.078314304351807e-01,5.767906665802002e+00,2.827104628086090e-01,-9.581075310707092e-01,3.866526484489441e-02,-2.469371072947979e-02
1609047113379696697,0,1609047113379696697,7.568672299385071e-01,-9.898868799209595e-01,5.757297992706299e+00,2.827894687652588e-01,-9.580595493316650e-01,3.957331553101540e-02,-2.420787326991558e-02
1609047113492036066,0,1609047113492036066,6.594526767730713e-01,-1.069821715354919e+00,5.742613792419434e+00,2.826139330863953e-01,-9.580504298210144e-01,4.073848575353622e-02,-2.468255721032619e-02
1609047113594672347,0,1609047113594672347,5.614928603172302e-01,-1.135681629180908e+00,5.739271163940430e+00,2.826111018657684e-01,-9.579684734344482e-01,4.278722405433655e-02,-2.442901208996773e-02
1609047113696443892,0,1609047113696443892,4.513009786605835e-01,-1.192765831947327e+00,5.766856193542480e+00,2.824913561344147e-01,-9.581064581871033e-01,4.284353554248810e-02,-1.988069713115692e-02
1609047113772566780,0,1609047113772566780,3.539391756057739e-01,-1.242835402488708e+00,5.761312484741211e+00,2.826499342918396e-01,-9.580801129341125e-01,4.392343014478683e-02,-1.619683206081390e-02
1609047113863966804,0,1609047113863966804,2.296638637781143e-01,-1.297021865844727e+00,5.731228828430176e+00,2.826595008373260e-01,-9.579945206642151e-01,4.676944762468338e-02,-1.275289338082075e-02
1609047113965845343,0,1609047113965845343,8.779495209455490e-02,-1.343289732933044e+00,5.729310989379883e+00,2.825313806533813e-01,-9.580271244049072e-01,4.757690057158470e-02,-9.831412695348263e-03
1609047114072838828,0,1609047114072838828,-6.234151124954224e-02,-1.379309535026550e+00,5.730920314788818e+00,2.826213836669922e-01,-9.580451250076294e-01,4.693990200757980e-02,-8.444397710263729e-03
1609047114175145715,0,1609047114175145715,-2.138452082872391e-01,-1.405269980430603e+00,5.732470989227295e+00,2.825876176357269e-01,-9.581312537193298e-01,4.575332999229431e-02,-5.957996472716331e-03
1609047114282323693,0,1609047114282323693,-3.713586330413818e-01,-1.413972377777100e+00,5.811715602874756e+00,2.830426990985870e-01,-9.582591652870178e-01,3.990847989916801e-02,5.798102822154760e-03
1609047114384120451,0,1609047114384120451,-5.163311958312988e-01,-1.424875259399414e+00,5.776735305786133e+00,2.831692099571228e-01,-9.582732915878296e-01,3.530673310160637e-02,1.675947196781635e-02
1609047114480836966,0,1609047114480836966,-6.581592559814453e-01,-1.429340362548828e+00,5.735378742218018e+00,2.831383347511292e-01,-9.580738544464111e-01,3.384984657168388e-02,2.795275673270226e-02
1609047114592742963,0,1609047114592742963,-8.192651867866516e-01,-1.419785737991333e+00,5.745263576507568e+00,2.824728786945343e-01,-9.576907157897949e-01,3.216158598661423e-02,4.475637525320053e-02
1609047114694652241,0,1609047114694652241,-9.643819928169250e-01,-1.400630354881287e+00,5.761353492736816e+00,2.821849584579468e-01,-9.569891691207886e-01,3.241277858614922e-02,5.910031124949455e-02
1609047114797608775,0,1609047114797608775,-1.100550293922424e+00,-1.378265142440796e+00,5.784486293792725e+00,2.817442417144775e-01,-9.562038183212280e-01,3.401153162121773e-02,7.167697697877884e-02
1609047114868854721,0,1609047114868854721,-1.202363371849060e+00,-1.353498697280884e+00,5.790864467620850e+00,2.813763916492462e-01,-9.556788802146912e-01,3.479376807808876e-02,7.933936268091202e-02
1609047114960509517,0,1609047114960509517,-1.330593705177307e+00,-1.311631679534912e+00,5.807744979858398e+00,2.809171676635742e-01,-9.550735354423523e-01,3.618437424302101e-02,8.724013715982437e-02
1609047115077955381,0,1609047115077955381,-1.457346439361572e+00,-1.249565124511719e+00,5.831324577331543e+00,2.808259129524231e-01,-9.547669887542725e-01,3.826334699988365e-02,8.995989710092545e-02
1609047115179872857,0,1609047115179872857,-1.546949744224548e+00,-1.183908581733704e+00,5.848397731781006e+00,2.808332145214081e-01,-9.549280405044556e-01,3.886132687330246e-02,8.794817328453064e-02
1609047115276671053,0,1609047115276671053,-1.614392280578613e+00,-1.107597827911377e+00,5.845825195312500e+00,2.807718217372894e-01,-9.551777839660645e-01,3.837581351399422e-02,8.561518043279648e-02
1609047115378614283,0,1609047115378614283,-1.670815944671631e+00,-1.015361666679382e+00,5.874287128448486e+00,2.808923721313477e-01,-9.553685188293457e-01,3.939005360007286e-02,8.257784694433212e-02
1609047115485660397,0,1609047115485660397,-1.714969754219055e+00,-9.095612168312073e-01,5.880999565124512e+00,2.807212471961975e-01,-9.555122256278992e-01,3.866427391767502e-02,8.183707296848297e-02
1609047115592913200,0,1609047115592913200,-1.743035197257996e+00,-7.988983988761902e-01,5.875277042388916e+00,2.804929912090302e-01,-9.556328058242798e-01,3.814117610454559e-02,8.145478367805481e-02
1609047115690416145,0,1609047115690416145,-1.758991360664368e+00,-6.817375421524048e-01,5.880928516387939e+00,2.804641425609589e-01,-9.554486274719238e-01,3.787703812122345e-02,8.380376547574997e-02
1609047115787243962,0,1609047115787243962,-1.765308141708374e+00,-5.549746751785278e-01,5.893395423889160e+00,2.801137268543243e-01,-9.552173018455505e-01,3.756676986813545e-02,8.766434341669083e-02
1609047115894268325,0,1609047115894268325,-1.760965943336487e+00,-4.048061966896057e-01,5.883871555328369e+00,2.800185382366180e-01,-9.549877047538757e-01,3.779113292694092e-02,9.033224731683731e-02
1609047115965655045,0,1609047115965655045,-1.750948429107666e+00,-2.870083451271057e-01,5.878492832183838e+00,2.797206938266754e-01,-9.549890756607056e-01,3.680003806948662e-02,9.164082258939743e-02
1609047116072680048,0,1609047116072680048,-1.726973056793213e+00,-1.101090386509895e-01,5.868464946746826e+00,2.796638607978821e-01,-9.550693035125732e-01,3.389867767691612e-02,9.209665656089783e-02
1609047116169715326,0,1609047116169715326,-1.689788460731506e+00,6.371880322694778e-02,5.889307498931885e+00,2.796211838722229e-01,-9.555961489677429e-01,2.771310880780220e-02,8.876910805702209e-02
1609047116267997727,0,1609047116267997727,-1.637980222702026e+00,2.427882105112076e-01,5.882016181945801e+00,2.798678278923035e-01,-9.564923048019409e-01,1.802934519946575e-02,8.044587075710297e-02
1609047116371075826,0,1609047116371075826,-1.572404980659485e+00,4.229194819927216e-01,5.840485572814941e+00,2.803373336791992e-01,-9.576370120048523e-01,1.300642825663090e-02,6.459961831569672e-02
1609047116483388167,0,1609047116483388167,-1.491606473922729e+00,6.269445419311523e-01,5.819775581359863e+00,2.808887660503387e-01,-9.585405588150024e-01,1.090603508055210e-02,4.671734943985939e-02
1609047116585461379,0,1609047116585461379,-1.414243578910828e+00,8.234903216362000e-01,5.793143272399902e+00,2.810212075710297e-01,-9.590150713920593e-01,9.031765162944794e-03,3.515041619539261e-02
1609047116689176116,0,1609047116689176116,-1.328833460807800e+00,1.019732356071472e+00,5.799245834350586e+00,2.816573977470398e-01,-9.591488242149353e-01,9.218055754899979e-03,2.485343813896179e-02
1609047116791623221,0,1609047116791623221,-1.239995598793030e+00,1.210700869560242e+00,5.785223484039307e+00,2.817696034908295e-01,-9.592602252960205e-01,1.088928245007992e-02,1.752622239291668e-02
1609047116894748509,0,1609047116894748509,-1.151889920234680e+00,1.401052355766296e+00,5.771598339080811e+00,2.821410596370697e-01,-9.591931104660034e-01,1.332319714128971e-02,1.294977497309446e-02
1609047116991702836,0,1609047116991702836,-1.069724559783936e+00,1.584466099739075e+00,5.771313190460205e+00,2.821631133556366e-01,-9.591808915138245e-01,1.659054122865200e-02,8.993291296064854e-03
1609047117068056497,0,1609047117068056497,-1.001888155937195e+00,1.743637084960938e+00,5.777102470397949e+00,2.822446823120117e-01,-9.591530561447144e-01,1.851138286292553e-02,4.552718717604876e-03
1609047117159794123,0,1609047117159794123,-9.198086261749268e-01,1.941149353981018e+00,5.771077156066895e+00,2.824518978595734e-01,-9.590165615081787e-01,2.249221876263618e-02,-1.534215989522636e-03
1609047117272056176,0,1609047117272056176,-8.431997299194336e-01,2.165815114974976e+00,5.783526897430420e+00,2.826503813266754e-01,-9.589868783950806e-01,1.940456032752991e-02,-8.740205317735672e-03
1609047117379249244,0,1609047117379249244,-7.765691280364990e-01,2.369529724121094e+00,5.793730258941650e+00,2.828613221645355e-01,-9.588192105293274e-01,1.195516437292099e-02,-2.263439260423183e-02
1609047117481284560,0,1609047117481284560,-7.200680375099182e-01,2.554294109344482e+00,5.771829605102539e+00,2.828857898712158e-01,-9.583947062492371e-01,4.084794316440821e-03,-3.792761266231537e-02
1609047117573492753,0,1609047117573492753,-6.742025017738342e-01,2.732042551040649e+00,5.747894287109375e+00,2.828773260116577e-01,-9.575352668762207e-01,-5.061866715550423e-03,-5.550767481327057e-02
1609047117685966852,0,1609047117685966852,-6.357834339141846e-01,2.935059070587158e+00,5.734298706054688e+00,2.828709185123444e-01,-9.557863473892212e-01,-1.599640585482121e-02,-7.874389737844467e-02
1609047117793516170,0,1609047117793516170,-6.135905981063843e-01,3.115134239196777e+00,5.727617740631104e+00,2.826210558414459e-01,-9.539377093315125e-01,-2.317248098552227e-02,-9.793470054864883e-02
1609047117890422014,0,1609047117890422014,-6.100478172302246e-01,3.270911931991577e+00,5.716714382171631e+00,2.823453247547150e-01,-9.522231817245483e-01,-2.882912196218967e-02,-1.127876564860344e-01
1609047117992452854,0,1609047117992452854,-6.280136704444885e-01,3.420102596282959e+00,5.716129302978516e+00,2.819252014160156e-01,-9.506720900535583e-01,-3.329947218298912e-02,-1.250280886888504e-01
1609047118094489515,0,1609047118094489515,-6.701139807701111e-01,3.550062894821167e+00,5.706616878509521e+00,2.816126048564911e-01,-9.495013952255249e-01,-3.691743686795235e-02,-1.333360821008682e-01
1609047118160647161,0,1609047118160647161,-7.198787927627563e-01,3.636572599411011e+00,5.698092460632324e+00,2.814964056015015e-01,-9.490706324577332e-01,-3.935034200549126e-02,-1.359279155731201e-01
1609047118269254958,0,1609047118269254958,-8.248923420906067e-01,3.749341249465942e+00,5.686589241027832e+00,2.813202142715454e-01,-9.488415122032166e-01,-3.956044465303421e-02,-1.378180384635925e-01
1609047118371534141,0,1609047118371534141,-9.618454575538635e-01,3.829681158065796e+00,5.694212436676025e+00,2.816329002380371e-01,-9.491772055625916e-01,-4.100703820586205e-02,-1.344019174575806e-01
1609047118473524230,0,1609047118473524230,-1.127688169479370e+00,3.887736558914185e+00,5.713401794433594e+00,2.825987637042999e-01,-9.498737454414368e-01,-4.885651916265488e-02,-1.244620084762573e-01
1609047118575468734,0,1609047118575468734,-1.309329986572266e+00,3.919558763504028e+00,5.718220233917236e+00,2.830455601215363e-01,-9.511241912841797e-01,-5.673420056700706e-02,-1.096772626042366e-01
1609047118682931799,0,1609047118682931799,-1.519748806953430e+00,3.932755708694458e+00,5.720550060272217e+00,2.842243611812592e-01,-9.522842168807983e-01,-6.836095452308655e-02,-8.773888647556305e-02
1609047118786950573,0,1609047118786950573,-1.733350872993469e+00,3.924056291580200e+00,5.704960823059082e+00,2.850458920001984e-01,-9.531242847442627e-01,-7.865033298730850e-02,-6.416480243206024e-02
1609047118889086643,0,1609047118889086643,-1.957887768745422e+00,3.895831823348999e+00,5.691677570343018e+00,2.851951718330383e-01,-9.535617828369141e-01,-8.601299673318863e-02,-4.455789551138878e-02
1609047118991721084,0,1609047118991721084,-2.188350677490234e+00,3.849658966064453e+00,5.682306289672852e+00,2.852194011211395e-01,-9.539335966110229e-01,-8.895908296108246e-02,-2.732732333242893e-02
1609047119094358860,0,1609047119094358860,-2.420473337173462e+00,3.784156560897827e+00,5.695705413818359e+00,2.856355309486389e-01,-9.540227055549622e-01,-8.991981297731400e-02,-1.294310390949249e-02
1609047119195924841,0,1609047119195924841,-2.645026206970215e+00,3.700395584106445e+00,5.727978706359863e+00,2.858705818653107e-01,-9.544074535369873e-01,-8.592917025089264e-02,7.974705658853054e-04
1609047119272098716,0,1609047119272098716,-2.821105718612671e+00,3.616079568862915e+00,5.753223419189453e+00,2.856309115886688e-01,-9.549949169158936e-01,-7.937365770339966e-02,9.978315792977810e-03
1609047119368722036,0,1609047119368722036,-3.046564579010010e+00,3.499210357666016e+00,5.791108131408691e+00,2.858183085918427e-01,-9.552412033081055e-01,-7.410440593957901e-02,1.818452961742878e-02
1609047119470594307,0,1609047119470594307,-3.256135940551758e+00,3.360114812850952e+00,5.827674388885498e+00,2.857943475246429e-01,-9.554169178009033e-01,-6.995701044797897e-02,2.462407015264034e-02
1609047119567488108,0,1609047119567488108,-3.442584514617920e+00,3.215066432952881e+00,5.856446266174316e+00,2.859766781330109e-01,-9.555909633636475e-01,-6.487429141998291e-02,2.923520281910896e-02
1609047119670081898,0,1609047119670081898,-3.620155334472656e+00,3.056873321533203e+00,5.881741523742676e+00,2.860604524612427e-01,-9.558616280555725e-01,-5.764571204781532e-02,3.427692130208015e-02
1609047119777290725,0,1609047119777290725,-3.792584419250488e+00,2.896408796310425e+00,5.939993381500244e+00,2.860795855522156e-01,-9.558364748954773e-01,-4.941126704216003e-02,4.575635865330696e-02
1609047119884436812,0,1609047119884436812,-3.944297552108765e+00,2.732391595840454e+00,5.944955825805664e+00,2.861855030059814e-01,-9.554691910743713e-01,-4.226052016019821e-02,5.822833254933357e-02
1609047119981237353,0,1609047119981237353,-4.075942039489746e+00,2.574401378631592e+00,5.931092262268066e+00,2.863380908966064e-01,-9.549418687820435e-01,-4.008277878165245e-02,6.700787693262100e-02
1609047120088464047,0,1609047120088464047,-4.200830936431885e+00,2.396694183349609e+00,5.940855026245117e+00,2.864993810653687e-01,-9.542245864868164e-01,-4.156965762376785e-02,7.513692975044250e-02
1609047120185688659,0,1609047120185688659,-4.296330928802490e+00,2.224900960922241e+00,5.943123340606689e+00,2.859517931938171e-01,-9.538416862487793e-01,-4.009491577744484e-02,8.252381533384323e-02
1609047120297718319,0,1609047120297718319,-4.388571739196777e+00,2.041944026947021e+00,5.961053848266602e+00,2.858475148677826e-01,-9.534043669700623e-01,-3.543208539485931e-02,8.975560963153839e-02
1609047120363879829,0,1609047120363879829,-4.440355777740479e+00,1.916455149650574e+00,5.977848052978516e+00,2.857092916965485e-01,-9.531247615814209e-01,-3.055207990109921e-02,9.481561183929443e-02
1609047120460508712,0,1609047120460508712,-4.503121376037598e+00,1.737216114997864e+00,6.002762317657471e+00,2.856181859970093e-01,-9.528435468673706e-01,-2.303250692784786e-02,9.990532696247101e-02
1609047120572591237,0,1609047120572591237,-4.548289775848389e+00,1.539848327636719e+00,5.996417045593262e+00,2.857148945331573e-01,-9.530559182167053e-01,-1.082547660917044e-02,9.967184811830521e-02
1609047120679573448,0,1609047120679573448,-4.560987472534180e+00,1.371693849563599e+00,6.023159503936768e+00,2.857500314712524e-01,-9.536402821540833e-01,4.767320351675153e-04,9.442962706089020e-02
1609047120771096858,0,1609047120771096858,-4.560547351837158e+00,1.236035585403442e+00,6.067399024963379e+00,2.861939072608948e-01,-9.537310004234314e-01,8.857091888785362e-03,9.171590954065323e-02
1609047120883336210,0,1609047120883336210,-4.541253089904785e+00,1.076876759529114e+00,6.076475143432617e+00,2.861558198928833e-01,-9.539737105369568e-01,1.600220426917076e-02,8.827760815620422e-02
1609047120985567922,0,1609047120985567922,-4.505276203155518e+00,9.351143836975098e-01,6.086627960205078e+00,2.861414551734924e-01,-9.539685249328613e-01,2.036618255078793e-02,8.747812360525131e-02
1609047121088161008,0,1609047121088161008,-4.457611083984375e+00,8.031935691833496e-01,6.085733890533447e+00,2.863086760044098e-01,-9.538181424140930e-01,2.303176745772362e-02,8.790838718414307e-02
1609047121190019496,0,1609047121190019496,-4.401065349578857e+00,6.852284669876099e-01,6.076168537139893e+00,2.861992418766022e-01,-9.536023139953613e-01,2.484976314008236e-02,9.008402377367020e-02
1609047121291794572,0,1609047121291794572,-4.332304000854492e+00,5.839244723320007e-01,6.069849014282227e+00,2.861638069152832e-01,-9.532459378242493e-01,2.497734688222408e-02,9.385393559932709e-02
1609047121393713012,0,1609047121393713012,-4.253465652465820e+00,4.894641935825348e-01,6.058082103729248e+00,2.862094342708588e-01,-9.524676203727722e-01,2.725859731435776e-02,1.007307991385460e-01
1609047121459964062,0,1609047121459964062,-4.185996055603027e+00,4.237727522850037e-01,6.038526535034180e+00,2.860714197158813e-01,-9.520533680915833e-01,2.827405929565430e-02,1.046815365552902e-01
1609047121567042968,0,1609047121567042968,-4.068881034851074e+00,3.379269540309906e-01,6.020594120025635e+00,2.859273254871368e-01,-9.515406489372253e-01,2.902988903224468e-02,1.094226464629173e-01
1609047121669204637,0,1609047121669204637,-3.943780899047852e+00,2.714238464832306e-01,6.002729415893555e+00,2.859590053558350e-01,-9.512550234794617e-01,2.975221350789070e-02,1.116075590252876e-01
1609047121792323281,0,1609047121792323281,-3.789735555648804e+00,2.136060893535614e-01,5.980865955352783e+00,2.859617769718170e-01,-9.517827033996582e-01,2.861894667148590e-02,1.073151081800461e-01
1609047121878819290,0,1609047121878819290,-3.661019563674927e+00,1.820154935121536e-01,5.961036205291748e+00,2.861658036708832e-01,-9.524859786033630e-01,2.716282382607460e-02,1.007067635655403e-01
1609047121981946574,0,1609047121981946574,-3.491750001907349e+00,1.583170294761658e-01,5.960119724273682e+00,2.860050499439240e-01,-9.538049697875977e-01,2.366515807807446e-02,8.886651694774628e-02
1609047122085042358,0,1609047122085042358,-3.308836221694946e+00,1.455235034227371e-01,5.942946434020996e+00,2.860246300697327e-01,-9.549446702003479e-01,2.058994583785534e-02,7.646393775939941e-02
1609047122181914368,0,1609047122181914368,-3.124105691909790e+00,1.426938921213150e-01,5.897276878356934e+00,2.857602238655090e-01,-9.560198187828064e-01,1.711875759065151e-02,6.382910162210464e-02
1609047122283842136,0,1609047122283842136,-2.924886465072632e+00,1.452831476926804e-01,5.862217426300049e+00,2.856034636497498e-01,-9.566922783851624e-01,1.517310086637735e-02,5.422626063227654e-02
1609047122385797559,0,1609047122385797559,-2.721787452697754e+00,1.560225784778595e-01,5.818120002746582e+00,2.856366038322449e-01,-9.571187496185303e-01,1.315913535654545e-02,4.650183767080307e-02
1609047122503109486,0,1609047122503109486,-2.497159481048584e+00,1.703613698482513e-01,5.784717082977295e+00,2.855587005615234e-01,-9.574111104011536e-01,1.279402058571577e-02,4.070227593183517e-02
1609047122564289394,0,1609047122564289394,-2.349566698074341e+00,1.825658380985260e-01,5.771300792694092e+00,2.854686677455902e-01,-9.575384855270386e-01,1.210512127727270e-02,3.848640248179436e-02
1609047122660943565,0,1609047122660943565,-2.125585556030273e+00,2.007841020822525e-01,5.749778747558594e+00,2.854557633399963e-01,-9.576893448829651e-01,1.172657497227192e-02,3.476494550704956e-02
1609047122773101901,0,1609047122773101901,-1.887633800506592e+00,2.268735766410828e-01,5.721485614776611e+00,2.854351401329041e-01,-9.578233361244202e-01,1.069920323789120e-02,3.141389787197113e-02
1609047122874907236,0,1609047122874907236,-1.676385164260864e+00,2.511252462863922e-01,5.704832553863525e+00,2.853714227676392e-01,-9.579033255577087e-01,9.813484735786915e-03,2.979962714016438e-02
1609047122976746022,0,1609047122976746022,-1.470816254615784e+00,2.763488888740540e-01,5.689743995666504e+00,2.852991223335266e-01,-9.579827785491943e-01,8.889839984476566e-03,2.818833291530609e-02
1609047123078542226,0,1609047123078542226,-1.266422748565674e+00,3.056214451789856e-01,5.687201976776123e+00,2.852340936660767e-01,-9.580587744712830e-01,8.121153339743614e-03,2.644062973558903e-02
1609047123186945284,0,1609047123186945284,-1.055970191955566e+00,3.383812010288239e-01,5.675883769989014e+00,2.849223315715790e-01,-9.581766128540039e-01,5.878687836229801e-03,2.612254582345486e-02
1609047123284328905,0,1609047123284328905,-8.598193526268005e-01,3.704820275306702e-01,5.677235126495361e+00,2.848355174064636e-01,-9.582145214080811e-01,1.957455184310675e-03,2.626506611704826e-02
1609047123396184990,0,1609047123396184990,-6.477046012878418e-01,4.012602567672729e-01,5.645380973815918e+00,2.848361432552338e-01,-9.582386016845703e-01,-1.622149284230545e-04,2.543764375150204e-02
1609047123497810304,0,1609047123497810304,-4.512211978435516e-01,4.328176379203796e-01,5.645636558532715e+00,2.844521105289459e-01,-9.584442973136902e-01,-4.842660855501890e-03,2.117007784545422e-02
1609047123594999418,0,1609047123594999418,-2.545340657234192e-01,4.623303711414337e-01,5.639493942260742e+00,2.846233546733856e-01,-9.584258198738098e-01,-8.369073271751404e-03,1.843015477061272e-02
1609047123666402399,0,1609047123666402399,-9.339258074760437e-02,4.876998364925385e-01,5.625903606414795e+00,2.843479812145233e-01,-9.585491418838501e-01,-1.097345445305109e-02,1.447283476591110e-02
1609047123763492141,0,1609047123763492141,1.278193444013596e-01,5.194900035858154e-01,5.606657981872559e+00,2.844365835189819e-01,-9.585637450218201e-01,-1.334898732602596e-02,8.557528257369995e-03
1609047123865488373,0,1609047123865488373,3.471865355968475e-01,5.527817010879517e-01,5.591003894805908e+00,2.842418849468231e-01,-9.586303830146790e-01,-1.523412112146616e-02,-1.484233653172851e-03
1609047123972628821,0,1609047123972628821,5.632629394531250e-01,5.799320340156555e-01,5.582372665405273e+00,2.843005061149597e-01,-9.585056304931641e-01,-1.629626564681530e-02,-1.321304589509964e-02
1609047124071796575,0,1609047124071796575,7.572816610336304e-01,6.001425981521606e-01,5.577892303466797e+00,2.841061949729919e-01,-9.582968354225159e-01,-1.752794720232487e-02,-2.537078037858009e-02
1609047124173840454,0,1609047124173840454,9.446746706962585e-01,6.125460267066956e-01,5.582764625549316e+00,2.840283215045929e-01,-9.578645229339600e-01,-1.831835508346558e-02,-3.857412934303284e-02
1609047124291080485,0,1609047124291080485,1.135217547416687e+00,6.164373159408569e-01,5.564026832580566e+00,2.835287153720856e-01,-9.571657776832581e-01,-1.920168288052082e-02,-5.546468123793602e-02
1609047124393065420,0,1609047124393065420,1.284079909324646e+00,6.109254360198975e-01,5.583917617797852e+00,2.834148108959198e-01,-9.563711285591125e-01,-2.140384539961815e-02,-6.761808693408966e-02
1609047124490420718,0,1609047124490420718,1.425724148750305e+00,5.968574881553650e-01,5.581459999084473e+00,2.830109000205994e-01,-9.557046294212341e-01,-2.292302809655666e-02,-7.751150429248810e-02
1609047124592160944,0,1609047124592160944,1.553514599800110e+00,5.761402249336243e-01,5.586978912353516e+00,2.829239964485168e-01,-9.548658132553101e-01,-2.480103261768818e-02,-8.700662106275558e-02
1609047124694120160,0,1609047124694120160,1.659825205802917e+00,5.439647436141968e-01,5.598253250122070e+00,2.828828394412994e-01,-9.541767835617065e-01,-2.759477123618126e-02,-9.360879659652710e-02
1609047124765413777,0,1609047124765413777,1.731380939483643e+00,5.091183781623840e-01,5.601908683776855e+00,2.825824618339539e-01,-9.537799358367920e-01,-2.823466993868351e-02,-9.825345873832703e-02
1609047124867343928,0,1609047124867343928,1.806504368782043e+00,4.499002695083618e-01,5.616855144500732e+00,2.826294004917145e-01,-9.530137777328491e-01,-3.109874948859215e-02,-1.044901311397552e-01
1609047124964036217,0,1609047124964036217,1.854812741279602e+00,3.781579136848450e-01,5.625755310058594e+00,2.823800742626190e-01,-9.524973630905151e-01,-3.351554647088051e-02,-1.090269684791565e-01
1609047125066821649,0,1609047125066821649,1.878895878791809e+00,2.929895222187042e-01,5.634556293487549e+00,2.823336720466614e-01,-9.519734978675842e-01,-3.427523002028465e-02,-1.133991703391075e-01
1609047125184362280,0,1609047125184362280,1.873594284057617e+00,1.854205727577209e-01,5.653340816497803e+00,2.826272547245026e-01,-9.518881440162659e-01,-3.243413567543030e-02,-1.139252483844757e-01
1609047125278094186,0,1609047125278094186,1.847831368446350e+00,8.326107263565063e-02,5.655417442321777e+00,2.823167443275452e-01,-9.521980881690979e-01,-2.790564112365246e-02,-1.133024543523788e-01
1609047125379800774,0,1609047125379800774,1.795657634735107e+00,-3.646072372794151e-02,5.671617507934570e+00,2.827566564083099e-01,-9.526344537734985e-01,-2.212985232472420e-02,-1.097571849822998e-01
1609047125486940805,0,1609047125486940805,1.716369032859802e+00,-1.722142398357391e-01,5.686611652374268e+00,2.832394540309906e-01,-9.533613324165344e-01,-1.415417436510324e-02,-1.033310145139694e-01
1609047125588917960,0,1609047125588917960,1.619699239730835e+00,-3.152298629283905e-01,5.701616764068604e+00,2.833849191665649e-01,-9.549012184143066e-01,-7.276070537045598e-04,-8.863499760627747e-02
1609047125691070058,0,1609047125691070058,1.503837704658508e+00,-4.624663591384888e-01,5.689888477325439e+00,2.836027741432190e-01,-9.561204314231873e-01,1.360963657498360e-02,-7.223479449748993e-02
1609047125793079379,0,1609047125793079379,1.367787837982178e+00,-6.086732745170593e-01,5.685026645660400e+00,2.839425802230835e-01,-9.567375183105469e-01,2.230655029416084e-02,-5.943446233868599e-02
1609047125870434056,0,1609047125870434056,1.246981143951416e+00,-7.338228225708008e-01,5.674545288085938e+00,2.836833000183105e-01,-9.570567011833191e-01,3.206758201122284e-02,-5.037890002131462e-02
1609047125967306454,0,1609047125967306454,1.077213525772095e+00,-8.941868543624878e-01,5.699076652526855e+00,2.832502126693726e-01,-9.572860598564148e-01,4.261473938822746e-02,-3.945627436041832e-02
1609047126065142747,0,1609047126065142747,9.005069732666016e-01,-1.041908144950867e+00,5.720283985137939e+00,2.829836010932922e-01,-9.571996331214905e-01,5.040825158357620e-02,-3.388551622629166e-02
1609047126172261399,0,1609047126172261399,7.013180255889893e-01,-1.173148870468140e+00,5.804010391235352e+00,2.832335233688354e-01,-9.573736190795898e-01,5.051396787166595e-02,-2.574902959167957e-02
1609047126283868906,0,1609047126283868906,5.051671862602234e-01,-1.301284790039062e+00,5.831220149993896e+00,2.835804522037506e-01,-9.575325846672058e-01,5.057092010974884e-02,-1.248660124838352e-02
1609047126381049695,0,1609047126381049695,3.290214240550995e-01,-1.405618906021118e+00,5.793616294860840e+00,2.837423980236053e-01,-9.575611352920532e-01,5.065449327230453e-02,-9.939105948433280e-04
1609047126477680572,0,1609047126477680572,1.417478173971176e-01,-1.493062019348145e+00,5.799210071563721e+00,2.839570641517639e-01,-9.574949741363525e-01,4.910106211900711e-02,1.268257386982441e-02
1609047126579444623,0,1609047126579444623,-5.669308826327324e-02,-1.574577212333679e+00,5.794594764709473e+00,2.836758494377136e-01,-9.573457837104797e-01,4.811383411288261e-02,2.649720385670662e-02
1609047126686994818,0,1609047126686994818,-2.565611004829407e-01,-1.643200159072876e+00,5.794096469879150e+00,2.831887900829315e-01,-9.569296836853027e-01,5.086480081081390e-02,3.876161575317383e-02
1609047126799781237,0,1609047126799781237,-4.586920440196991e-01,-1.697409391403198e+00,5.845324516296387e+00,2.826807498931885e-01,-9.563078284263611e-01,5.489968508481979e-02,5.052849277853966e-02
1609047126896488950,0,1609047126896488950,-6.273946166038513e-01,-1.740567445755005e+00,5.843434810638428e+00,2.819229662418365e-01,-9.557036757469177e-01,6.187772005796432e-02,5.763013660907745e-02
1609047126968021594,0,1609047126968021594,-7.692610025405884e-01,-1.757577657699585e+00,5.870535373687744e+00,2.815851569175720e-01,-9.551704525947571e-01,6.611406058073044e-02,6.315226852893829e-02
1609047127065337515,0,1609047127065337515,-9.510570168495178e-01,-1.771117568016052e+00,5.896314620971680e+00,2.809070944786072e-01,-9.545678496360779e-01,7.286680489778519e-02,6.769027560949326e-02
1609047127172074380,0,1609047127172074380,-1.128738760948181e+00,-1.765329003334045e+00,5.936886310577393e+00,2.808918356895447e-01,-9.539494514465332e-01,7.768584042787552e-02,7.103002816438675e-02
1609047127279005948,0,1609047127279005948,-1.279476761817932e+00,-1.743603229522705e+00,5.957317829132080e+00,2.808332741260529e-01,-9.533331990242004e-01,8.067706972360611e-02,7.602373510599136e-02
1609047127370651729,0,1609047127375724373,-1.415047049522400e+00,-1.697825670242310e+00,5.985849380493164e+00,2.809951603412628e-01,-9.527596831321716e-01,7.986098527908325e-02,8.314435929059982e-02
1609047127472743958,0,1609047127472743958,-1.536156773567200e+00,-1.640321850776672e+00,5.987697601318359e+00,2.809161543846130e-01,-9.522822499275208e-01,7.802786678075790e-02,9.031261503696442e-02
1609047127620217206,0,1609047127620217206,-1.676838517189026e+00,-1.541290998458862e+00,5.971243381500244e+00,2.808827161788940e-01,-9.520304799079895e-01,7.327492535114288e-02,9.681867808103561e-02
1609047127691346335,0,1609047127691346335,-1.740719318389893e+00,-1.472010016441345e+00,5.970076084136963e+00,2.806754112243652e-01,-9.517004489898682e-01,7.189336419105530e-02,1.015821397304535e-01
1609047127788559572,0,1609047127788559572,-1.823980808258057e+00,-1.360125064849854e+00,5.976659297943115e+00,2.803458869457245e-01,-9.515293240547180e-01,6.898073107004166e-02,1.060183271765709e-01
1609047127885497236,0,1609047127885497236,-1.892766594886780e+00,-1.223312854766846e+00,5.986017704010010e+00,2.800298929214478e-01,-9.513900279998779e-01,6.696341186761856e-02,1.093447580933571e-01
1609047127997892795,0,1609047127997892795,-1.952341675758362e+00,-1.055217146873474e+00,5.992544651031494e+00,2.799910008907318e-01,-9.514020681381226e-01,6.563996523618698e-02,1.101388707756996e-01
1609047128060186497,0,1609047128060186497,-1.982043385505676e+00,-9.327641129493713e-01,5.996992588043213e+00,2.798665463924408e-01,-9.515867829322815e-01,6.383685767650604e-02,1.099192053079605e-01
1609047128167453887,0,1609047128167453887,-2.014853000640869e+00,-7.241047620773315e-01,5.999802112579346e+00,2.800670564174652e-01,-9.522774219512939e-01,6.156903877854347e-02,1.045916527509689e-01
1609047128269598429,0,1609047128269598429,-2.029157400131226e+00,-5.074864029884338e-01,6.033426284790039e+00,2.807806134223938e-01,-9.540449976921082e-01,5.207941681146622e-02,9.081941097974777e-02
1609047128371765471,0,1609047128371765471,-2.025676965713501e+00,-2.966221570968628e-01,6.030539989471436e+00,2.815808057785034e-01,-9.557925462722778e-01,4.317267611622810e-02,7.286202162504196e-02
1609047128483693807,0,1609047128483693807,-2.008150815963745e+00,-5.329676344990730e-02,6.013847827911377e+00,2.823922038078308e-01,-9.571700692176819e-01,3.438032418489456e-02,5.383474379777908e-02
1609047128580931189,0,1609047128580931189,-1.990144848823547e+00,1.640622615814209e-01,5.947440624237061e+00,2.829737067222595e-01,-9.580126404762268e-01,2.685696817934513e-02,3.763551637530327e-02
1609047128682750279,0,1609047128682750279,-1.958969831466675e+00,3.972520232200623e-01,5.936981678009033e+00,2.834495007991791e-01,-9.584615826606750e-01,2.146664448082447e-02,2.338572591543198e-02
1609047128779770088,0,1609047128779770088,-1.930277705192566e+00,6.279689669609070e-01,5.932295799255371e+00,2.837671339511871e-01,-9.586580395698547e-01,1.676980219781399e-02,1.303081028163433e-02
1609047128881915512,0,1609047128881915512,-1.902435064315796e+00,8.680361509323120e-01,5.914238452911377e+00,2.840174138545990e-01,-9.587117433547974e-01,1.365017704665661e-02,4.433878231793642e-03
1609047128989002711,0,1609047128989002711,-1.876882553100586e+00,1.112694501876831e+00,5.889300823211670e+00,2.844956517219543e-01,-9.586176872253418e-01,1.038683298975229e-02,-2.567331073805690e-03
1609047129096338964,0,1609047129096338964,-1.862384796142578e+00,1.355499982833862e+00,5.903915405273438e+00,2.847410738468170e-01,-9.585860967636108e-01,1.924006501212716e-03,-5.617877934128046e-03
1609047129167716528,0,1609047129167716528,-1.853283047676086e+00,1.534515380859375e+00,5.899306774139404e+00,2.846627533435822e-01,-9.585953354835510e-01,-7.137280423194170e-03,-3.357636276632547e-03
1609047129269751139,0,1609047129269751139,-1.847745299339294e+00,1.778412699699402e+00,5.894431114196777e+00,2.847006916999817e-01,-9.583783149719238e-01,-2.134246006608009e-02,-1.032364554703236e-03
1609047129371857592,0,1609047129371857592,-1.838292479515076e+00,2.002437591552734e+00,5.890120506286621e+00,2.840840816497803e-01,-9.581322669982910e-01,-3.561017662286758e-02,3.272910369560122e-03
1609047129468967685,0,1609047129468967685,-1.836362004280090e+00,2.210625648498535e+00,5.892052650451660e+00,2.836104631423950e-01,-9.575884342193604e-01,-5.014305934309959e-02,8.675971068441868e-03
1609047129570926722,0,1609047129570926722,-1.832250952720642e+00,2.414669752120972e+00,5.894520759582520e+00,2.830651402473450e-01,-9.569932818412781e-01,-6.181079149246216e-02,1.474783755838871e-02
1609047129680396422,0,1609047129680396422,-1.825764775276184e+00,2.606165170669556e+00,5.881141662597656e+00,2.825092375278473e-01,-9.566393494606018e-01,-6.852247565984726e-02,1.828494668006897e-02
1609047129782603432,0,1609047129782603432,-1.816428065299988e+00,2.769286394119263e+00,5.878023147583008e+00,2.816730141639709e-01,-9.566445350646973e-01,-7.178698480129242e-02,1.838796027004719e-02
1609047129884264922,0,1609047129884264922,-1.804163932800293e+00,2.918516159057617e+00,5.894267559051514e+00,2.818939685821533e-01,-9.566192626953125e-01,-7.126773148775101e-02,1.834062114357948e-02
1609047129990962131,0,1609047129990962131,-1.786655902862549e+00,3.056622266769409e+00,5.909259796142578e+00,2.819265127182007e-01,-9.566856622695923e-01,-7.078767567873001e-02,1.609504036605358e-02
1609047130088774100,0,1609047130088774100,-1.761458754539490e+00,3.167685270309448e+00,5.925650119781494e+00,2.821798622608185e-01,-9.565944075584412e-01,-7.110996544361115e-02,1.565429195761681e-02
1609047130196938932,0,1609047130196938932,-1.727473258972168e+00,3.271849870681763e+00,5.931354999542236e+00,2.824705839157104e-01,-9.564563035964966e-01,-7.175446301698685e-02,1.590977236628532e-02
1609047130268127731,0,1609047130268127731,-1.697945475578308e+00,3.339456796646118e+00,5.931830406188965e+00,2.824276089668274e-01,-9.563817977905273e-01,-7.285860925912857e-02,1.612870581448078e-02
1609047130360359646,0,1609047130360359646,-1.650589227676392e+00,3.412956953048706e+00,5.926101207733154e+00,2.826351225376129e-01,-9.562549591064453e-01,-7.364547252655029e-02,1.643996499478817e-02
1609047130473046607,0,1609047130473046607,-1.594777226448059e+00,3.478073120117188e+00,5.907733917236328e+00,2.825368046760559e-01,-9.565141201019287e-01,-7.079657912254333e-02,1.554509345442057e-02
1609047130575480668,0,1609047130575480668,-1.544668793678284e+00,3.524664402008057e+00,5.900817871093750e+00,2.828994691371918e-01,-9.568101763725281e-01,-6.569052487611771e-02,1.291905902326107e-02
1609047130672871790,0,1609047130672871790,-1.493578553199768e+00,3.554873228073120e+00,5.895449638366699e+00,2.831497490406036e-01,-9.571584463119507e-01,-5.974352732300758e-02,1.022893935441971e-02
1609047130779877934,0,1609047130779877934,-1.432800889015198e+00,3.570640325546265e+00,5.909172058105469e+00,2.833682000637054e-01,-9.576959609985352e-01,-4.935747757554054e-02,9.205061011016369e-03
1609047130881709444,0,1609047130881709444,-1.372011899948120e+00,3.574216842651367e+00,5.890187263488770e+00,2.838033735752106e-01,-9.581905007362366e-01,-3.556453064084053e-02,7.854816503822803e-03
1609047130989122944,0,1609047130989122944,-1.311346054077148e+00,3.576904058456421e+00,5.898301124572754e+00,2.841297388076782e-01,-9.584747552871704e-01,-2.375490218400955e-02,5.660618189722300e-03
1609047131091118776,0,1609047131091118776,-1.255175590515137e+00,3.572696685791016e+00,5.909469127655029e+00,2.843695282936096e-01,-9.586100578308105e-01,-1.332061365246773e-02,4.846434574574232e-03
1609047131187967643,0,1609047131187967643,-1.197947144508362e+00,3.561060905456543e+00,5.908518791198730e+00,2.847659587860107e-01,-9.585708379745483e-01,-5.721197463572025e-03,4.216485656797886e-03
1609047131289823502,0,1609047131289823502,-1.139617323875427e+00,3.544393062591553e+00,5.896509647369385e+00,2.849419414997101e-01,-9.585364460945129e-01,-1.384206116199493e-03,3.752168267965317e-03
1609047131371394114,0,1609047131371394114,-1.090433120727539e+00,3.533387660980225e+00,5.887990951538086e+00,2.850156426429749e-01,-9.585141539573669e-01,-1.186373410746455e-03,3.932255320250988e-03
1609047131468339501,0,1609047131468339501,-1.034912109375000e+00,3.521206855773926e+00,5.876402378082275e+00,2.851330339908600e-01,-9.584811329841614e-01,-2.657148797879927e-05,3.621631534770131e-03
1609047131565151822,0,1609047131565151822,-9.810617566108704e-01,3.508956432342529e+00,5.859830379486084e+00,2.850061357021332e-01,-9.585195183753967e-01,6.399990525096655e-04,3.361647250130773e-03
1609047131666919245,0,1609047131666919245,-9.327541589736938e-01,3.495197296142578e+00,5.855479717254639e+00,2.851508259773254e-01,-9.584753513336182e-01,8.200141601264477e-04,3.657715395092964e-03
1609047131785321480,0,1609047131785321480,-8.824213743209839e-01,3.482190847396851e+00,5.850595951080322e+00,2.870053946971893e-01,-9.579222202301025e-01,-4.746986378449947e-04,3.560342127457261e-03
1609047131882684540,0,1609047131882684540,-8.478327393531799e-01,3.470512628555298e+00,5.830652236938477e+00,2.933629453182220e-01,-9.559959769248962e-01,-5.491473129950464e-04,3.094721352681518e-03
1609047131979615335,0,1609047131979615335,-8.153665661811829e-01,3.460870027542114e+00,5.820674896240234e+00,3.056491911411285e-01,-9.521408081054688e-01,-4.724431782960892e-04,2.516636392101645e-03
1609047132081720403,0,1609047132081720403,-7.734746336936951e-01,3.444031238555908e+00,5.815623760223389e+00,3.244803845882416e-01,-9.458910226821899e-01,-4.069750430062413e-04,1.547579653561115e-03
1609047132189589235,0,1609047132189589235,-7.263408303260803e-01,3.422539472579956e+00,5.803597927093506e+00,3.486730754375458e-01,-9.372441768646240e-01,-2.947981411125511e-04,4.998073563911021e-04
1609047132296798461,0,1609047132296798461,-6.798218488693237e-01,3.398516893386841e+00,5.809813976287842e+00,3.754656016826630e-01,-9.268361926078796e-01,-6.257669883780181e-04,-1.626162993488833e-04
1609047132393824863,0,1609047132393824863,-6.395226716995239e-01,3.376790761947632e+00,5.808409690856934e+00,4.015163481235504e-01,-9.158504009246826e-01,-1.274796784855425e-03,-1.071660546585917e-03
1609047132460502431,0,1609047132460502431,-6.075897812843323e-01,3.358630418777466e+00,5.810008525848389e+00,4.226722717285156e-01,-9.062798023223877e-01,-7.456301827915013e-04,-2.161275595426559e-03
1609047132569221955,0,1609047132569221955,-5.615509748458862e-01,3.327678442001343e+00,5.810056209564209e+00,4.535012543201447e-01,-8.912482857704163e-01,-1.728180563077331e-03,-3.183658700436354e-03
1609047132671506419,0,1609047132671506419,-5.219472050666809e-01,3.301248073577881e+00,5.800960063934326e+00,4.815508723258972e-01,-8.764066696166992e-01,-2.212990541011095e-03,-3.897284856066108e-03
1609047132773935795,0,1609047132773935795,-4.879252016544342e-01,3.274948596954346e+00,5.791386127471924e+00,5.082938671112061e-01,-8.611671924591064e-01,-2.148142782971263e-03,-4.882888868451118e-03
1609047132871340367,0,1609047132871340367,-4.570171833038330e-01,3.247700691223145e+00,5.789338588714600e+00,5.336562395095825e-01,-8.456801772117615e-01,-1.982324291020632e-03,-5.670207086950541e-03
1609047132974903648,0,1609047132974903648,-4.258413910865784e-01,3.219801425933838e+00,5.795020580291748e+00,5.599085092544556e-01,-8.285268545150757e-01,-3.020715899765491e-03,-6.042832974344492e-03
1609047133077061571,0,1609047133077061571,-4.004206359386444e-01,3.189006567001343e+00,5.791235923767090e+00,5.855192542076111e-01,-8.106225728988647e-01,-2.131752436980605e-03,-7.322719320654869e-03
1609047133189714622,0,1609047133189714622,-3.723626434803009e-01,3.160696983337402e+00,5.806008338928223e+00,6.118914484977722e-01,-7.908942103385925e-01,-2.265081740915775e-03,-8.376195095479488e-03
1609047133286901403,0,1609047133286901403,-3.493754267692566e-01,3.135451316833496e+00,5.813509464263916e+00,6.348259449005127e-01,-7.725981473922729e-01,-2.641502534970641e-03,-9.009039029479027e-03
1609047133394310803,0,1609047133394310803,-3.273786306381226e-01,3.104073286056519e+00,5.826466083526611e+00,6.591357588768005e-01,-7.519601583480835e-01,-2.192733576521277e-03,-9.546179324388504e-03
1609047133491117215,0,1609047133491117215,-3.091765046119690e-01,3.076773881912231e+00,5.843255043029785e+00,6.810606718063354e-01,-7.321513295173645e-01,-1.812829868867993e-03,-1.037319190800190e-02
1609047133568026767,0,1609047133568026767,-2.918885350227356e-01,3.051244258880615e+00,5.844375610351562e+00,6.990784406661987e-01,-7.149576544761658e-01,-7.875453447923064e-04,-1.114907301962376e-02
1609047133674947743,0,1609047133674947743,-2.740885913372040e-01,3.017219781875610e+00,5.857880115509033e+00,7.221894860267639e-01,-6.916080713272095e-01,-1.272250316105783e-03,-1.090543996542692e-02
1609047133771982524,0,1609047133771982524,-2.618101239204407e-01,2.983602046966553e+00,5.852278232574463e+00,7.420399188995361e-01,-6.702694892883301e-01,-1.225415267981589e-03,-1.068919431418180e-02
1609047133873827728,0,1609047133873827728,-2.509340047836304e-01,2.947922945022583e+00,5.848796844482422e+00,7.613753676414490e-01,-6.482106447219849e-01,-1.781725150067359e-04,-1.142633240669966e-02
1609047133975703789,0,1609047133975703789,-2.399978339672089e-01,2.913351535797119e+00,5.853475570678711e+00,7.794369459152222e-01,-6.263806819915771e-01,-5.787324043922126e-04,-1.117845252156258e-02
1609047134072940572,0,1609047134072940572,-2.349136173725128e-01,2.878673553466797e+00,5.847632884979248e+00,7.962138652801514e-01,-6.049071550369263e-01,-5.308711552061141e-04,-1.142853870987892e-02
1609047134185099557,0,1609047134185099557,-2.322387695312500e-01,2.842623949050903e+00,5.842124462127686e+00,8.130857348442078e-01,-5.820141434669495e-01,-5.324088851921260e-04,-1.227841433137655e-02
1609047134287223450,0,1609047134287223450,-2.375351190567017e-01,2.825370550155640e+00,5.842538356781006e+00,8.252681493759155e-01,-5.645849704742432e-01,-1.849862630479038e-03,-1.315099652856588e-02
1609047134383959083,0,1609047134383959083,-2.457711696624756e-01,2.796684503555298e+00,5.844792842864990e+00,8.351440429687500e-01,-5.498537421226501e-01,-2.861657878383994e-03,-1.368238870054483e-02
1609047134487064692,0,1609047134487064692,-2.621989846229553e-01,2.762920618057251e+00,5.846346378326416e+00,8.415791392326355e-01,-5.399156212806702e-01,-3.555733012035489e-03,-1.493579242378473e-02
1609047134594223644,0,1609047134594223644,-2.701369524002075e-01,2.709879398345947e+00,5.841885566711426e+00,8.465883135795593e-01,-5.320273041725159e-01,-2.944067586213350e-03,-1.505200751125813e-02
1609047134670614391,0,1609047134670614391,-2.774170935153961e-01,2.667423248291016e+00,5.838128089904785e+00,8.486031889915466e-01,-5.288124680519104e-01,-2.996140858158469e-03,-1.486475579440594e-02
1609047134762583044,0,1609047134762583044,-2.916460037231445e-01,2.612867116928101e+00,5.821670055389404e+00,8.507409691810608e-01,-5.253483057022095e-01,-2.457732800394297e-03,-1.558397058397532e-02
1609047134864407128,0,1609047134864407128,-3.101186752319336e-01,2.554424047470093e+00,5.822692394256592e+00,8.520809412002563e-01,-5.231809020042419e-01,-2.501775976270437e-03,-1.528513431549072e-02
1609047134971373326,0,1609047134971373326,-3.323262035846710e-01,2.495558500289917e+00,5.821548938751221e+00,8.529673814773560e-01,-5.217441320419312e-01,-3.129668300971389e-03,-1.482795551419258e-02
1609047135083375949,0,1609047135083375949,-3.637156188488007e-01,2.438255310058594e+00,5.799198150634766e+00,8.533996939659119e-01,-5.210210680961609e-01,-2.911397255957127e-03,-1.541562285274267e-02
1609047135181135169,0,1609047135181135169,-3.863788843154907e-01,2.392030477523804e+00,5.804546833038330e+00,8.537145853042603e-01,-5.205027461051941e-01,-3.478286787867546e-03,-1.537286769598722e-02
1609047135278648521,0,1609047135278648521,-4.183573126792908e-01,2.340619325637817e+00,5.813828468322754e+00,8.538862466812134e-01,-5.202958583831787e-01,-2.287929411977530e-03,-1.285854168236256e-02
1609047135385480284,0,1609047135385480284,-4.500132203102112e-01,2.282377004623413e+00,5.828548431396484e+00,8.541236519813538e-01,-5.199840664863586e-01,-3.529988462105393e-03,-8.772505447268486e-03
1609047135492537695,0,1609047135492537695,-4.896526038646698e-01,2.224246501922607e+00,5.782277584075928e+00,8.541612625122070e-01,-5.199427604675293e-01,-2.103479811921716e-03,-7.977850735187531e-03
1609047135590111910,0,1609047135590111910,-5.256682038307190e-01,2.168019294738770e+00,5.751960754394531e+00,8.541552424430847e-01,-5.199720263481140e-01,-3.149882424622774e-03,-6.171645596623421e-03
1609047135691967790,0,1609047135691967790,-5.651232004165649e-01,2.107272386550903e+00,5.744999885559082e+00,8.540317416191101e-01,-5.201718807220459e-01,-2.491405466571450e-03,-6.692261900752783e-03
1609047135758596656,0,1609047135758596656,-5.901972055435181e-01,2.064252614974976e+00,5.754591464996338e+00,8.540148735046387e-01,-5.201975107192993e-01,-3.572080051526427e-03,-6.353624165058136e-03
1609047135866585987,0,1609047135866585987,-6.346797347068787e-01,1.996007800102234e+00,5.749080181121826e+00,8.540022969245911e-01,-5.202117562294006e-01,-2.974435687065125e-03,-7.142719812691212e-03
1609047135963312553,0,1609047135963312553,-6.721543669700623e-01,1.937929868698120e+00,5.759627819061279e+00,8.539468050003052e-01,-5.203113555908203e-01,-2.157949376851320e-03,-6.800499279052019e-03
1609047136075312554,0,1609047136075312554,-7.130903601646423e-01,1.872600317001343e+00,5.759974956512451e+00,8.540198802947998e-01,-5.201681852340698e-01,-2.701655263081193e-03,-8.244673721492290e-03
1609047136172459659,0,1609047136172459659,-7.546826601028442e-01,1.816998600959778e+00,5.757384777069092e+00,8.539131283760071e-01,-5.203480720520020e-01,-1.449419884011149e-03,-8.257508277893066e-03
1609047136274443977,0,1609047136274443977,-7.929440736770630e-01,1.755290627479553e+00,5.775669574737549e+00,8.540849685668945e-01,-5.200703740119934e-01,-1.138820429332554e-03,-8.029940538108349e-03
1609047136376223888,0,1609047136376223888,-8.345324993133545e-01,1.695170521736145e+00,5.761612892150879e+00,8.541758656501770e-01,-5.199412107467651e-01,1.182592706754804e-03,-6.588209420442581e-03
1609047136488909600,0,1609047136488909600,-8.787405490875244e-01,1.630915880203247e+00,5.729963779449463e+00,8.542008399963379e-01,-5.198794007301331e-01,4.039453808218241e-03,-7.068906910717487e-03
1609047136586922622,0,1609047136586922622,-9.166136980056763e-01,1.574359059333801e+00,5.714906692504883e+00,8.542300462722778e-01,-5.198370218276978e-01,5.819225683808327e-03,-5.162765737622976e-03
1609047136694161737,0,1609047136694161737,-9.634956121444702e-01,1.510296225547791e+00,5.702657699584961e+00,8.542166948318481e-01,-5.198505520820618e-01,5.476164631545544e-03,-6.273661274462938e-03
1609047136796111656,0,1609047136796111656,-1.010191440582275e+00,1.450755953788757e+00,5.704366207122803e+00,8.542737960815430e-01,-5.197362899780273e-01,8.222952485084534e-03,-4.778280854225159e-03
1609047136872520255,0,1609047136872520255,-1.055619835853577e+00,1.400452256202698e+00,5.693749427795410e+00,8.541581630706787e-01,-5.198817849159241e-01,1.101969368755817e-02,-3.929347265511751e-03
1609047136969163845,0,1609047136969163845,-1.109917044639587e+00,1.339013814926147e+00,5.704284191131592e+00,8.542777895927429e-01,-5.196558833122253e-01,1.260416302829981e-02,-2.911819145083427e-03
1609047137070995484,0,1609047137070995484,-1.173935413360596e+00,1.277378678321838e+00,5.696529388427734e+00,8.541383743286133e-01,-5.197529792785645e-01,1.744916290044785e-02,-2.095746749546379e-04
1609047137167806367,0,1609047137167806367,-1.236552834510803e+00,1.222211837768555e+00,5.694288253784180e+00,8.539322018623352e-01,-5.199133753776550e-01,2.193029597401619e-02,3.008464816957712e-03
1609047137275856637,0,1609047137275856637,-1.302135705947876e+00,1.165935754776001e+00,5.695044040679932e+00,8.538948297500610e-01,-5.197415947914124e-01,2.647389657795429e-02,5.595926195383072e-03
1609047137377992242,0,1609047137377992242,-1.369388580322266e+00,1.118310570716858e+00,5.694841384887695e+00,8.538759350776672e-01,-5.198855400085449e-01,2.417001686990261e-02,5.548702552914619e-03
1609047137490087856,0,1609047137490087856,-1.443946599960327e+00,1.071684956550598e+00,5.690650463104248e+00,8.538835644721985e-01,-5.198192596435547e-01,2.534298039972782e-02,5.356035195291042e-03
1609047137581785909,0,1609047137581785909,-1.510542750358582e+00,1.040477514266968e+00,5.698676109313965e+00,8.538480401039124e-01,-5.199283957481384e-01,2.418603003025055e-02,5.757657811045647e-03
1609047137684067544,0,1609047137684067544,-1.594503760337830e+00,1.007854461669922e+00,5.690668582916260e+00,8.538174629211426e-01,-5.200127363204956e-01,2.370072342455387e-02,4.552626982331276e-03
1609047137787515508,0,1609047137787515508,-1.675557613372803e+00,9.832162261009216e-01,5.695480346679688e+00,8.539995551109314e-01,-5.198491215705872e-01,2.070415578782558e-02,3.627103520557284e-03
1609047137889290990,0,1609047137889290990,-1.765661597251892e+00,9.582211375236511e-01,5.698952198028564e+00,8.540275692939758e-01,-5.199832916259766e-01,1.594843342900276e-02,2.184529585065320e-04
1609047137965436398,0,1609047137965436398,-1.840123295783997e+00,9.405928254127502e-01,5.707431793212891e+00,8.540817499160767e-01,-5.200241208076477e-01,1.059287041425705e-02,-2.644263906404376e-03
1609047138067345258,0,1609047138067345258,-1.938186526298523e+00,9.206434488296509e-01,5.724460124969482e+00,8.540331721305847e-01,-5.201852917671204e-01,3.532544942572713e-03,-4.693559370934963e-03
1609047138164114008,0,1609047138164114008,-2.040493726730347e+00,8.996916413307190e-01,5.721839904785156e+00,8.539128303527832e-01,-5.203638672828674e-01,-7.439506007358432e-04,-7.343474775552750e-03
1609047138271330558,0,1609047138271330558,-2.140184879302979e+00,8.798709511756897e-01,5.749505996704102e+00,8.539243936538696e-01,-5.203099846839905e-01,-6.120913196355104e-03,-7.298016920685768e-03
1609047138379123198,0,1609047138379123198,-2.242973089218140e+00,8.598265647888184e-01,5.742030620574951e+00,8.538981676101685e-01,-5.203058123588562e-01,-8.831436745822430e-03,-7.868155837059021e-03
1609047138481333444,0,1609047138481333444,-2.342472553253174e+00,8.389545083045959e-01,5.722258090972900e+00,8.537457585334778e-01,-5.205223560333252e-01,-8.946022950112820e-03,-9.734828025102615e-03
1609047138590239625,0,1609047138590239625,-2.434566497802734e+00,8.149520158767700e-01,5.741810321807861e+00,8.536845445632935e-01,-5.205932259559631e-01,-9.691878221929073e-03,-1.056216191500425e-02
1609047138686940387,0,1609047138686940387,-2.519496202468872e+00,7.886404395103455e-01,5.765642642974854e+00,8.536936640739441e-01,-5.205743312835693e-01,-1.008664816617966e-02,-1.037778239697218e-02
1609047138790197366,0,1609047138790197366,-2.614197254180908e+00,7.576354146003723e-01,5.749848365783691e+00,8.538230061531067e-01,-5.203499794006348e-01,-8.662997744977474e-03,-1.212657522410154e-02
1609047138893409084,0,1609047138893409084,-2.703288793563843e+00,7.255654335021973e-01,5.752893924713135e+00,8.538361191749573e-01,-5.203872323036194e-01,-7.061196491122246e-03,-1.054488588124514e-02
1609047138991314790,0,1609047138991314790,-2.789509534835815e+00,6.926315426826477e-01,5.774440765380859e+00,8.538725376129150e-01,-5.204286575317383e-01,-4.389464855194092e-03,-6.034910678863525e-03
1609047139072896152,0,1609047139072896152,-2.869620800018311e+00,6.595674753189087e-01,5.766347408294678e+00,8.539510369300842e-01,-5.203530192375183e-01,5.009064334444702e-04,-4.782469477504492e-04
1609047139159557760,0,1609047139159557760,-2.961575269699097e+00,6.225905418395996e-01,5.748998165130615e+00,8.539190292358398e-01,-5.203790664672852e-01,3.696164814755321e-03,3.781459061428905e-03
1609047139272308328,0,1609047139272308328,-3.072021722793579e+00,5.772100687026978e-01,5.709601879119873e+00,8.537829518318176e-01,-5.205325484275818e-01,8.010971359908581e-03,6.025856360793114e-03
1609047139374229928,0,1609047139374229928,-3.162072181701660e+00,5.436975359916687e-01,5.715369701385498e+00,8.536857366561890e-01,-5.206682682037354e-01,8.198983967304230e-03,7.626752369105816e-03
1609047139471065329,0,1609047139471065329,-3.249701976776123e+00,5.128291845321655e-01,5.715640068054199e+00,8.536977767944336e-01,-5.206795334815979e-01,6.295340601354837e-03,7.306908722966909e-03
1609047139578207823,0,1609047139578207823,-3.350729703903198e+00,4.828223288059235e-01,5.707797527313232e+00,8.536121845245361e-01,-5.208694338798523e-01,3.519366728141904e-03,5.376975983381271e-03
1609047139690560867,0,1609047139690560867,-3.455410957336426e+00,4.568622708320618e-01,5.686036586761475e+00,8.535428047180176e-01,-5.210174918174744e-01,1.523540122434497e-03,1.793480594642460e-03
1609047139787961368,0,1609047139787961368,-3.534815311431885e+00,4.420194923877716e-01,5.724579811096191e+00,8.535684943199158e-01,-5.209780335426331e-01,-1.002838253043592e-03,1.295662834309042e-03
1609047139884754249,0,1609047139884754249,-3.627279520034790e+00,4.236842691898346e-01,5.728079795837402e+00,8.534213304519653e-01,-5.212110280990601e-01,-3.202423686161637e-03,1.004135003313422e-03
1609047139987757634,0,1609047139987757634,-3.724031686782837e+00,4.027342796325684e-01,5.735734939575195e+00,8.534163832664490e-01,-5.212116837501526e-01,-4.297925159335136e-03,6.138269673101604e-04
1609047140095420102,0,1609047140095420102,-3.820073366165161e+00,3.815974593162537e-01,5.746011734008789e+00,8.533271551132202e-01,-5.213598012924194e-01,-3.081718226894736e-03,2.686806954443455e-03
1609047140171840061,0,1609047140171840061,-3.892918348312378e+00,3.657193779945374e-01,5.753750801086426e+00,8.532453775405884e-01,-5.214677453041077e-01,-1.112427562475204e-03,6.519799120724201e-03
1609047140268657766,0,1609047140268657766,-3.989881753921509e+00,3.437428474426270e-01,5.722075462341309e+00,8.533136248588562e-01,-5.213285088539124e-01,-1.581732940394431e-04,8.510724641382694e-03
1609047140371901028,0,1609047140371901028,-4.090763568878174e+00,3.232756257057190e-01,5.709775447845459e+00,8.532348275184631e-01,-5.214316248893738e-01,2.094647847115993e-03,9.745818562805653e-03
1609047140473796607,0,1609047140473796607,-4.186108112335205e+00,3.041032254695892e-01,5.697890758514404e+00,8.532065153121948e-01,-5.214611887931824e-01,4.592308308929205e-03,9.785198606550694e-03
1609047140575748892,0,1609047140575748892,-4.280041217803955e+00,2.886314094066620e-01,5.707767486572266e+00,8.531225323677063e-01,-5.215789079666138e-01,7.078852038830519e-03,9.338397532701492e-03
1609047140682789999,0,1609047140682789999,-4.371328830718994e+00,2.769198715686798e-01,5.734544754028320e+00,8.531140685081482e-01,-5.216717720031738e-01,5.592497065663338e-03,4.853043239563704e-03
1609047140784959652,0,1609047140784959652,-4.459249973297119e+00,2.688107490539551e-01,5.752479553222656e+00,8.530677556991577e-01,-5.217850804328918e-01,3.661297494545579e-03,1.526818843558431e-03
1609047140887160527,0,1609047140887160527,-4.546380996704102e+00,2.635398209095001e-01,5.776985645294189e+00,8.530730605125427e-01,-5.217865705490112e-01,5.918379756622016e-04,-2.192481420934200e-03
1609047140983863484,0,1609047140983863484,-4.633923053741455e+00,2.587534785270691e-01,5.787039279937744e+00,8.530329465866089e-01,-5.218365192413330e-01,-1.182899228297174e-03,-4.490129649639130e-03
1609047141095825697,0,1609047141095825697,-4.732091426849365e+00,2.525228261947632e-01,5.806864261627197e+00,8.529848456382751e-01,-5.219102501869202e-01,-1.051729312166572e-03,-5.042225588113070e-03
1609047141192560030,0,1609047141192560030,-4.820181846618652e+00,2.466022968292236e-01,5.807616710662842e+00,8.530418276786804e-01,-5.218152999877930e-01,-2.658688172232360e-04,-5.329336971044540e-03
1609047141263831277,0,1609047141263831277,-4.892729282379150e+00,2.413872480392456e-01,5.809829235076904e+00,8.530197739601135e-01,-5.218580961227417e-01,1.948261982761323e-03,-4.194390494376421e-03
1609047141360310712,0,1609047141360310712,-4.991755485534668e+00,2.312422096729279e-01,5.834571361541748e+00,8.530262708663940e-01,-5.218344330787659e-01,5.828058347105980e-03,-9.918418945744634e-04
1609047141477178944,0,1609047141477178944,-5.102824687957764e+00,2.216340601444244e-01,5.843285560607910e+00,8.529771566390991e-01,-5.218722224235535e-01,8.709998801350594e-03,1.845283550210297e-03
1609047141568927477,0,1609047141568927477,-5.193700313568115e+00,2.130109816789627e-01,5.840651988983154e+00,8.528650999069214e-01,-5.219983458518982e-01,1.132013462483883e-02,3.283918602392077e-03
1609047141678644216,0,1609047141678644216,-5.295400619506836e+00,2.038648128509521e-01,5.861422538757324e+00,8.528838753700256e-01,-5.219579935073853e-01,1.175746694207191e-02,3.277353243902326e-03
1609047141775715467,0,1609047141775715467,-5.390017032623291e+00,2.004958093166351e-01,5.873263359069824e+00,8.528138995170593e-01,-5.220816135406494e-01,1.151274424046278e-02,2.572101308032870e-03
1609047141877381750,0,1609047141877381750,-5.486800670623779e+00,2.016175240278244e-01,5.883735179901123e+00,8.529103994369507e-01,-5.219635963439941e-01,9.623717516660690e-03,2.270470838993788e-03
1609047141984429505,0,1609047141984429505,-5.591885566711426e+00,2.030425518751144e-01,5.886192798614502e+00,8.528981804847717e-01,-5.220044255256653e-01,8.637680672109127e-03,1.185125904157758e-03
1609047142091515778,0,1609047142091515778,-5.697749137878418e+00,2.048233002424240e-01,5.886808872222900e+00,8.528906702995300e-01,-5.220433473587036e-01,6.935459561645985e-03,-4.779747687280178e-04
1609047142188319381,0,1609047142188319381,-5.795051574707031e+00,2.106784284114838e-01,5.901024818420410e+00,8.529838919639587e-01,-5.219171643257141e-01,4.406724590808153e-03,-1.308869454078376e-03
1609047142291393737,0,1609047142291393737,-5.900509834289551e+00,2.167070358991623e-01,5.889796257019043e+00,8.529139161109924e-01,-5.220319032669067e-01,3.186129033565521e-04,-4.527756944298744e-03
1609047142367903369,0,1609047142367903369,-5.987431526184082e+00,2.194912135601044e-01,5.889246940612793e+00,8.529333472251892e-01,-5.219917297363281e-01,-2.194979228079319e-03,-4.943126812577248e-03
1609047142469787764,0,1609047142469787764,-6.103779315948486e+00,2.241858541965485e-01,5.868072509765625e+00,8.528242707252502e-01,-5.221390128135681e-01,-3.574933856725693e-03,-6.987817585468292e-03
1609047142563438551,0,1609047142563438551,-6.208499908447266e+00,2.294370979070663e-01,5.872021198272705e+00,8.528656363487244e-01,-5.220658779144287e-01,-4.479406867176294e-03,-6.893006619066000e-03
1609047142670584527,0,1609047142670584527,-6.324321269989014e+00,2.336663603782654e-01,5.895311355590820e+00,8.527964949607849e-01,-5.221968889236450e-01,-5.152542144060135e-03,-4.687761887907982e-03
1609047142772611374,0,1609047142772611374,-6.432332992553711e+00,2.338867485523224e-01,5.907577514648438e+00,8.528235554695129e-01,-5.221729278564453e-01,-4.710867535322905e-03,-2.308137947693467e-03
1609047142887272297,0,1609047142887272297,-6.540528774261475e+00,2.332639247179031e-01,5.911296844482422e+00,8.530278205871582e-01,-5.217788219451904e-01,-9.423311799764633e-03,1.245914958417416e-03
1609047142984845334,0,1609047142984845334,-6.632617950439453e+00,2.338794022798538e-01,5.932545185089111e+00,8.529294133186340e-01,-5.218083262443542e-01,-1.322699990123510e-02,7.245683111250401e-03
1609047143087221976,0,1609047143087221976,-6.733151435852051e+00,2.298324406147003e-01,5.896703243255615e+00,8.528009653091431e-01,-5.218349099159241e-01,-1.716922409832478e-02,1.114289276301861e-02
1609047143184487515,0,1609047143184487515,-6.823711395263672e+00,2.284585684537888e-01,5.910649776458740e+00,8.525819182395935e-01,-5.217878818511963e-01,-2.231590077280998e-02,1.853580214083195e-02
1609047143292501149,0,1609047143292501149,-6.918830871582031e+00,2.260204106569290e-01,5.922670841217041e+00,8.523774147033691e-01,-5.215943455696106e-01,-2.755024656653404e-02,2.516135014593601e-02
1609047143395022311,0,1609047143395022311,-7.006570816040039e+00,2.273828685283661e-01,5.892319202423096e+00,8.521037101745605e-01,-5.215324759483337e-01,-3.138493746519089e-02,3.062958084046841e-02
1609047143471749520,0,1609047143471749520,-7.070626258850098e+00,2.295094877481461e-01,5.873260974884033e+00,8.518496155738831e-01,-5.215796828269958e-01,-3.397734463214874e-02,3.394634276628494e-02
1609047143566118384,0,1609047143566118384,-7.144670486450195e+00,2.348570227622986e-01,5.875050544738770e+00,8.517819643020630e-01,-5.213310122489929e-01,-3.557362779974937e-02,3.763041272759438e-02
1609047143663216968,0,1609047143663216968,-7.222302436828613e+00,2.396589815616608e-01,5.805191993713379e+00,8.518138527870178e-01,-5.217739939689636e-01,-3.265341743826866e-02,3.314981609582901e-02
1609047143776396701,0,1609047143776396701,-7.273532390594482e+00,2.530042827129364e-01,5.841326236724854e+00,8.519165515899658e-01,-5.222905278205872e-01,-2.767381444573402e-02,2.617103047668934e-02
1609047143883795968,0,1609047143883795968,-7.305559158325195e+00,2.722916305065155e-01,5.902973175048828e+00,8.520130515098572e-01,-5.226694941520691e-01,-2.336571924388409e-02,1.855710521340370e-02
1609047143981160788,0,1609047143981160788,-7.330111026763916e+00,2.908933460712433e-01,5.900297641754150e+00,8.520783185958862e-01,-5.229723453521729e-01,-1.927995122969151e-02,9.525083936750889e-03
1609047144082760305,0,1609047144082760305,-7.350236415863037e+00,3.109039962291718e-01,5.952548503875732e+00,8.522141575813293e-01,-5.229271054267883e-01,-1.622377522289753e-02,3.892255248501897e-03
1609047144184658957,0,1609047144184658957,-7.369423866271973e+00,3.310572504997253e-01,5.966187953948975e+00,8.523256778717041e-01,-5.228331685066223e-01,-1.351496390998363e-02,-1.943558338098228e-03
1609047144292508701,0,1609047144292508701,-7.395966053009033e+00,3.483127355575562e-01,5.919989109039307e+00,8.522185683250427e-01,-5.230191349983215e-01,-1.013863459229469e-02,-8.475071750581264e-03
1609047144394313277,0,1609047144394313277,-7.423482418060303e+00,3.581714034080505e-01,5.885270595550537e+00,8.520891070365906e-01,-5.231701731681824e-01,-7.123907096683979e-03,-1.365347672253847e-02
1609047144496166406,0,1609047144496166406,-7.445797443389893e+00,3.669270873069763e-01,5.905996322631836e+00,8.519399762153625e-01,-5.232864618301392e-01,-4.895877093076706e-03,-1.859146915376186e-02
1609047144572523526,0,1609047144572523526,-7.464708805084229e+00,3.722620308399200e-01,5.920307636260986e+00,8.518848419189453e-01,-5.232710838317871e-01,-2.663283841684461e-03,-2.173581160604954e-02
1609047144670503030,0,1609047144670503030,-7.492327213287354e+00,3.775080442428589e-01,5.923976898193359e+00,8.518677949905396e-01,-5.232071280479431e-01,-1.306274090893567e-03,-2.395327202975750e-02
1609047144777577555,0,1609047144777577555,-7.532884120941162e+00,3.761762380599976e-01,5.923255443572998e+00,8.518087863922119e-01,-5.232039093971252e-01,3.489374357741326e-04,-2.606655657291412e-02
1609047144874437761,0,1609047144874437761,-7.573018550872803e+00,3.689592480659485e-01,5.946094989776611e+00,8.517531752586365e-01,-5.232350230216980e-01,9.581079939380288e-04,-2.721874229609966e-02
1609047144976256556,0,1609047144976256556,-7.615027904510498e+00,3.604783117771149e-01,5.945758819580078e+00,8.517611622810364e-01,-5.231432318687439e-01,1.588038518093526e-03,-2.866611443459988e-02
1609047145078404395,0,1609047145078404395,-7.661585330963135e+00,3.468005657196045e-01,5.971002101898193e+00,8.517606258392334e-01,-5.231788158416748e-01,1.003670622594655e-03,-2.805001661181450e-02
1609047145180278675,0,1609047145180278675,-7.710718154907227e+00,3.307840526103973e-01,5.993116378784180e+00,8.517749905586243e-01,-5.232560634613037e-01,1.899404218420386e-03,-2.605737745761871e-02
1609047145292303107,0,1609047145292303107,-7.763945579528809e+00,3.077442049980164e-01,5.976071834564209e+00,8.520034551620483e-01,-5.230365991592407e-01,2.054480137303472e-03,-2.277588285505772e-02
1609047145388956416,0,1609047145388956416,-7.820932388305664e+00,2.807371318340302e-01,5.981302738189697e+00,8.520694971084595e-01,-5.231705904006958e-01,5.028800223954022e-04,-1.642764918506145e-02
1609047145486620439,0,1609047145486620439,-7.889291286468506e+00,2.484059482812881e-01,5.953305244445801e+00,8.521550893783569e-01,-5.231046080589294e-01,1.649418962188065e-03,-1.380503550171852e-02
1609047145593714713,0,1609047145593714713,-7.954853057861328e+00,2.166187018156052e-01,5.944619655609131e+00,8.522908091545105e-01,-5.230112075805664e-01,3.414448350667953e-03,-6.931024137884378e-03
1609047145670088624,0,1609047145670088624,-8.009455680847168e+00,1.886173784732819e-01,5.932443141937256e+00,8.524017930030823e-01,-5.228673815727234e-01,4.581633955240250e-03,-1.005242156679742e-04
1609047145766906593,0,1609047145766906593,-8.079772949218750e+00,1.556988358497620e-01,5.969645500183105e+00,8.519534468650818e-01,-5.234956145286560e-01,6.830138154327869e-03,9.000259451568127e-03
1609047145868700372,0,1609047145868700372,-8.161867141723633e+00,1.300774216651917e-01,5.933035373687744e+00,8.494052290916443e-01,-5.274100303649902e-01,9.537676349282265e-03,1.607442833483219e-02
1609047145965783778,0,1609047145965783778,-8.232783317565918e+00,1.048167794942856e-01,5.952873229980469e+00,8.449663519859314e-01,-5.341802239418030e-01,1.157198660075665e-02,2.344124577939510e-02
1609047146072721090,0,1609047146072721090,-8.305573463439941e+00,7.873615622520447e-02,5.943758487701416e+00,8.396580219268799e-01,-5.422403216362000e-01,1.301501970738173e-02,2.793522365391254e-02
1609047146184910950,0,1609047146184910950,-8.374096870422363e+00,5.793937295675278e-02,5.954788684844971e+00,8.335136771202087e-01,-5.515813231468201e-01,1.334182545542717e-02,2.889435552060604e-02
1609047146286484913,0,1609047146286484913,-8.430151939392090e+00,3.986156731843948e-02,5.983090877532959e+00,8.296270370483398e-01,-5.574311614036560e-01,1.259832270443439e-02,2.882142737507820e-02
1609047146389213246,0,1609047146389213246,-8.489103317260742e+00,3.985413536429405e-02,5.976184844970703e+00,8.259972929954529e-01,-5.629358887672424e-01,1.117219682782888e-02,2.658816799521446e-02
1609047146496469821,0,1609047146496469821,-8.553333282470703e+00,5.215427279472351e-02,6.003645896911621e+00,8.235981464385986e-01,-5.665072798728943e-01,8.844835683703423e-03,2.602526545524597e-02
1609047146593402513,0,1609047146593402513,-8.618087768554688e+00,7.000066339969635e-02,6.013896942138672e+00,8.220448493957520e-01,-5.688040256500244e-01,6.683993618935347e-03,2.568336389958858e-02
1609047146696809352,0,1609047146696809352,-8.685991287231445e+00,9.557314962148666e-02,5.992587566375732e+00,8.210900425910950e-01,-5.702244043350220e-01,3.874958027154207e-03,2.530587278306484e-02
1609047146763292466,0,1609047146763292466,-8.730793952941895e+00,1.167202591896057e-01,5.981173038482666e+00,8.207269310951233e-01,-5.707373619079590e-01,1.310209860093892e-03,2.577896602451801e-02
1609047146866653323,0,1609047146866653323,-8.793051719665527e+00,1.508403718471527e-01,6.005502223968506e+00,8.204120397567749e-01,-5.710461735725403e-01,-6.368049886077642e-03,2.810490690171719e-02
1609047146963477468,0,1609047146963477468,-8.849537849426270e+00,1.866120100021362e-01,5.985624313354492e+00,8.199906945228577e-01,-5.712580680847168e-01,-1.613778248429298e-02,3.192291781306267e-02
1609047147070316317,0,1609047147070316317,-8.907839775085449e+00,2.233061492443085e-01,5.945840835571289e+00,8.193477988243103e-01,-5.714363455772400e-01,-2.804606407880783e-02,3.664873540401459e-02
1609047147178246925,0,1609047147178246925,-8.963986396789551e+00,2.601964771747589e-01,5.878732204437256e+00,8.186832666397095e-01,-5.716538429260254e-01,-3.637669980525970e-02,4.057575762271881e-02
1609047147274914216,0,1609047147274914216,-8.997929573059082e+00,2.976159453392029e-01,5.859158515930176e+00,8.181161284446716e-01,-5.717187523841858e-01,-4.304009303450584e-02,4.439811781048775e-02
1609047147376657621,0,1609047147376657621,-9.020269393920898e+00,3.402563631534576e-01,5.846326351165771e+00,8.176456689834595e-01,-5.717146396636963e-01,-4.822288826107979e-02,4.767002165317535e-02
1609047147483465193,0,1609047147483465193,-9.033885955810547e+00,3.823594748973846e-01,5.796463966369629e+00,8.176180720329285e-01,-5.718818306922913e-01,-4.827080667018890e-02,4.606219008564949e-02
1609047147595960963,0,1609047147595960963,-9.025197982788086e+00,4.287969768047333e-01,5.800927162170410e+00,8.176744580268860e-01,-5.717892050743103e-01,-4.911061003804207e-02,4.531855136156082e-02
1609047147693624489,0,1609047147693624489,-9.002389907836914e+00,4.762593209743500e-01,5.881742954254150e+00,8.175588250160217e-01,-5.718062520027161e-01,-4.999555647373199e-02,4.621273651719093e-02
1609047147791625084,0,1609047147791625084,-8.974338531494141e+00,5.216726064682007e-01,5.878767013549805e+00,8.179023265838623e-01,-5.716824531555176e-01,-4.810871928930283e-02,4.359547421336174e-02
1609047147862938351,0,1609047147862938351,-8.946610450744629e+00,5.584557652473450e-01,5.848862648010254e+00,8.185375928878784e-01,-5.712913870811462e-01,-4.537202790379524e-02,3.954596817493439e-02
1609047147964699522,0,1609047147964699522,-8.890953063964844e+00,6.121143698692322e-01,5.825466156005859e+00,8.198321461677551e-01,-5.701571702957153e-01,-4.093893617391586e-02,3.346686810255051e-02
1609047148077042341,0,1609047148077042341,-8.813090324401855e+00,6.739050149917603e-01,5.880606174468994e+00,8.214456439018250e-01,-5.683124661445618e-01,-3.813391923904419e-02,2.817623130977154e-02
1609047148168824338,0,1609047148168824338,-8.745605468750000e+00,7.265082001686096e-01,5.880455017089844e+00,8.226224184036255e-01,-5.671240091323853e-01,-3.415124118328094e-02,2.228076197206974e-02
1609047148270427546,0,1609047148270427546,-8.661332130432129e+00,7.851343750953674e-01,5.862181663513184e+00,8.235685229301453e-01,-5.660556554794312e-01,-3.229371085762978e-02,1.652609743177891e-02
1609047148377364350,0,1609047148377364350,-8.582698822021484e+00,8.346386551856995e-01,5.859403133392334e+00,8.243010640144348e-01,-5.653415918350220e-01,-2.846929803490639e-02,1.030129194259644e-02
1609047148489691397,0,1609047148489691397,-8.484913825988770e+00,8.866060972213745e-01,5.917556762695312e+00,8.249137401580811e-01,-5.646397471427917e-01,-2.471563965082169e-02,9.404155425727367e-03
1609047148586422468,0,1609047148586422468,-8.400935173034668e+00,9.316318631172180e-01,5.889895915985107e+00,8.251872062683105e-01,-5.644112229347229e-01,-2.153900638222694e-02,6.491333246231079e-03
1609047148688326901,0,1609047148688326901,-8.309788703918457e+00,9.773597121238708e-01,5.874512195587158e+00,8.254383802413940e-01,-5.641607046127319e-01,-1.894223876297474e-02,3.935293294489384e-03
1609047148785247642,0,1609047148785247642,-8.225530624389648e+00,1.016289591789246e+00,5.854208946228027e+00,8.254667520523071e-01,-5.641928315162659e-01,-1.705318503081799e-02,4.511224105954170e-04
1609047148893499636,0,1609047148893499636,-8.129999160766602e+00,1.057763814926147e+00,5.845669746398926e+00,8.255678415298462e-01,-5.641094446182251e-01,-1.460485905408859e-02,-2.247362863272429e-03
1609047148970015066,0,1609047148970015066,-8.054654121398926e+00,1.089985966682434e+00,5.840865135192871e+00,8.255398273468018e-01,-5.641396045684814e-01,-1.476093195378780e-02,-3.561872523277998e-03
1609047149066608364,0,1609047149066608364,-7.958836078643799e+00,1.131447911262512e+00,5.806142330169678e+00,8.255679011344910e-01,-5.640859603881836e-01,-1.408639829605818e-02,-6.798458751291037e-03
1609047149163353863,0,1609047149163353863,-7.867462635040283e+00,1.167982816696167e+00,5.793127059936523e+00,8.253887891769409e-01,-5.643233656883240e-01,-1.429307088255882e-02,-8.267197757959366e-03
1609047149266149717,0,1609047149266149717,-7.773901462554932e+00,1.199421048164368e+00,5.765195846557617e+00,8.254477381706238e-01,-5.641980171203613e-01,-1.467860862612724e-02,-1.005721744149923e-02
1609047149383683119,0,1609047149383683119,-7.682292461395264e+00,1.229934573173523e+00,5.725824356079102e+00,8.252906203269958e-01,-5.644392967224121e-01,-1.375982351601124e-02,-1.069617550820112e-02
1609047149485546221,0,1609047149485546221,-7.595948219299316e+00,1.253004550933838e+00,5.714750766754150e+00,8.254573345184326e-01,-5.642486214637756e-01,-1.226297300308943e-02,-9.659947827458382e-03
1609047149578552849,0,1609047149578552849,-7.519325733184814e+00,1.271764397621155e+00,5.746059894561768e+00,8.254067301750183e-01,-5.643749833106995e-01,-1.186928059905767e-02,-6.612840574234724e-03
1609047149681672422,0,1609047149681672422,-7.436597347259521e+00,1.288599491119385e+00,5.761660575866699e+00,8.254920244216919e-01,-5.642859935760498e-01,-1.126919314265251e-02,-4.175105597823858e-03
1609047149789526737,0,1609047149789526737,-7.355770587921143e+00,1.303030252456665e+00,5.765135765075684e+00,8.254602551460266e-01,-5.643162131309509e-01,-1.270340010523796e-02,-1.089527853764594e-03
1609047149891640835,0,1609047149891640835,-7.278984069824219e+00,1.315169692039490e+00,5.742247104644775e+00,8.254420161247253e-01,-5.643240213394165e-01,-1.355631276965141e-02,-2.379500801907852e-04
1609047149992593302,0,1609047149992593302,-7.192758083343506e+00,1.330050706863403e+00,5.761836051940918e+00,8.254322409629822e-01,-5.642865300178528e-01,-1.545195281505585e-02,1.897771493531764e-03
1609047150063839499,0,1609047150063839499,-7.127285003662109e+00,1.340561747550964e+00,5.769919395446777e+00,8.254249691963196e-01,-5.642484426498413e-01,-1.700438000261784e-02,2.884754911065102e-03
1609047150160644575,0,1609047150160644575,-7.040018081665039e+00,1.352725625038147e+00,5.775167942047119e+00,8.253520727157593e-01,-5.642807483673096e-01,-1.919535361230373e-02,3.578450530767441e-03
1609047150267534061,0,1609047150267534061,-6.941138267517090e+00,1.360949397087097e+00,5.786111354827881e+00,8.269389867782593e-01,-5.618902444839478e-01,-2.093308418989182e-02,3.638005349785089e-03
1609047150369280932,0,1609047150369280932,-6.842149734497070e+00,1.367145776748657e+00,5.782341957092285e+00,8.306492567062378e-01,-5.563778877258301e-01,-2.134003676474094e-02,3.194888355210423e-03
1609047150476465332,0,1609047150476465332,-6.745595455169678e+00,1.378815412521362e+00,5.774125576019287e+00,8.364597558975220e-01,-5.476207733154297e-01,-2.111172117292881e-02,9.087054058909416e-04
1609047150573063882,0,1609047150573063882,-6.656363487243652e+00,1.393718361854553e+00,5.776247978210449e+00,8.425597548484802e-01,-5.381888151168823e-01,-2.110018022358418e-02,-7.656748639419675e-04
1609047150685089545,0,1609047150685089545,-6.558103084564209e+00,1.406340956687927e+00,5.767510414123535e+00,8.501414060592651e-01,-5.261275172233582e-01,-2.089787647128105e-02,-3.555745352059603e-03
1609047150792462174,0,1609047150792462174,-6.463411808013916e+00,1.414804220199585e+00,5.769373893737793e+00,8.568616509437561e-01,-5.150916576385498e-01,-2.097856253385544e-02,-5.363297648727894e-03
1609047150894728407,0,1609047150894728407,-6.375014781951904e+00,1.416054368019104e+00,5.763639926910400e+00,8.630158901214600e-01,-5.047027468681335e-01,-2.022257633507252e-02,-8.362068794667721e-03
1609047150986332266,0,1609047150986332266,-6.282729148864746e+00,1.414737939834595e+00,5.763964653015137e+00,8.683760166168213e-01,-4.954157173633575e-01,-1.976910606026649e-02,-9.776648133993149e-03
1609047151093538628,0,1609047151093538628,-6.176318645477295e+00,1.410965681076050e+00,5.763138294219971e+00,8.738847970962524e-01,-4.856193959712982e-01,-1.944166235625744e-02,-1.101152785122395e-02
1609047151164864610,0,1609047151164864610,-6.095399379730225e+00,1.404198169708252e+00,5.758770942687988e+00,8.775858879089355e-01,-4.789046049118042e-01,-1.848659664392471e-02,-1.231494732201099e-02
1609047151266734050,0,1609047151266734050,-5.982924461364746e+00,1.390052080154419e+00,5.753221511840820e+00,8.825615048408508e-01,-4.696660041809082e-01,-1.834155432879925e-02,-1.275953371077776e-02
1609047151368564692,0,1609047151368564692,-5.875013828277588e+00,1.372176408767700e+00,5.744687557220459e+00,8.870519399642944e-01,-4.611901640892029e-01,-1.673162728548050e-02,-1.275132782757282e-02
1609047151465545283,0,1609047151465545283,-5.774078845977783e+00,1.354097604751587e+00,5.726525306701660e+00,8.911473155021667e-01,-4.532513916492462e-01,-1.470087561756372e-02,-1.427109446376562e-02
1609047151572631582,0,1609047151572631582,-5.666406154632568e+00,1.332554221153259e+00,5.721584796905518e+00,8.953173160552979e-01,-4.450686872005463e-01,-1.077756285667419e-02,-1.430454943329096e-02
1609047151675171941,0,1609047151675171941,-5.572062969207764e+00,1.306819438934326e+00,5.711971282958984e+00,8.989497423171997e-01,-4.377753138542175e-01,-6.146913859993219e-03,-1.429222989827394e-02
1609047151787421326,0,1609047151787421326,-5.468687057495117e+00,1.281719446182251e+00,5.732279300689697e+00,9.028351306915283e-01,-4.297784566879272e-01,-1.468910835683346e-03,-1.330935396254063e-02
1609047151904486954,0,1609047151904486954,-5.367783069610596e+00,1.253304839134216e+00,5.750869750976562e+00,9.070803523063660e-01,-4.207646250724792e-01,9.088621591217816e-04,-1.271201483905315e-02
1609047151980714685,0,1609047151980714685,-5.297687530517578e+00,1.229791879653931e+00,5.746452808380127e+00,9.100684523582458e-01,-4.142524600028992e-01,3.648353973403573e-03,-1.253366284072399e-02
1609047152097783534,0,1609047152097783534,-5.198734283447266e+00,1.196490526199341e+00,5.748126506805420e+00,9.148035049438477e-01,-4.036944210529327e-01,5.132079590111971e-03,-1.179012656211853e-02
1609047152194324090,0,1609047152194324090,-5.124870300292969e+00,1.166320681571960e+00,5.726362705230713e+00,9.186408519744873e-01,-3.948138058185577e-01,6.473377346992493e-03,-1.338653173297644e-02
1609047152265699700,0,1609047152265699700,-5.059658527374268e+00,1.145721912384033e+00,5.736191749572754e+00,9.220411777496338e-01,-3.868380784988403e-01,4.735659807920456e-03,-1.318876724690199e-02
1609047152367821354,0,1609047152367821354,-4.980180740356445e+00,1.115690469741821e+00,5.734447002410889e+00,9.265623688697815e-01,-3.758668601512909e-01,4.166355356574059e-03,-1.374393235892057e-02
1609047152464556493,0,1609047152464556493,-4.904792785644531e+00,1.086992383003235e+00,5.749706268310547e+00,9.308000802993774e-01,-3.652666211128235e-01,2.358939731493592e-03,-1.363979838788509e-02
1609047152571576811,0,1609047152571576811,-4.831818103790283e+00,1.055358529090881e+00,5.744290351867676e+00,9.351053833961487e-01,-3.540593981742859e-01,2.483696211129427e-03,-1.462163683027029e-02
1609047152673351716,0,1609047152673351716,-4.766636371612549e+00,1.025935411453247e+00,5.751620769500732e+00,9.389911890029907e-01,-3.436497449874878e-01,1.878594397567213e-03,-1.403464656323195e-02
1609047152775457502,0,1609047152775457502,-4.706711292266846e+00,9.935371279716492e-01,5.749794483184814e+00,9.428085684776306e-01,-3.330053985118866e-01,2.471543848514557e-03,-1.460432820022106e-02
1609047152878129489,0,1609047152878129489,-4.648046016693115e+00,9.622876644134521e-01,5.756410121917725e+00,9.464376568794250e-01,-3.225883543491364e-01,2.378680510446429e-03,-1.367040351033211e-02
1609047152986768036,0,1609047152986768036,-4.593093872070312e+00,9.262384772300720e-01,5.750353336334229e+00,9.500482678413391e-01,-3.117995262145996e-01,3.548397216945887e-03,-1.329400762915611e-02
1609047153093704679,0,1609047153093704679,-4.542739868164062e+00,8.908927440643311e-01,5.764091491699219e+00,9.534074664115906e-01,-3.014254271984100e-01,3.801595652475953e-03,-1.194343063980341e-02
1609047153190462079,0,1609047153190462079,-4.501807212829590e+00,8.531568646430969e-01,5.759906291961670e+00,9.563168883323669e-01,-2.920381128787994e-01,5.323336925357580e-03,-1.197153981775045e-02
1609047153292785573,0,1609047153292785573,-4.458716392517090e+00,8.149384856224060e-01,5.755011558532715e+00,9.592612981796265e-01,-2.822617590427399e-01,6.101807579398155e-03,-1.043384708464146e-02
1609047153358905096,0,1609047153358905096,-4.425288200378418e+00,7.860890030860901e-01,5.760165691375732e+00,9.613798260688782e-01,-2.749116122722626e-01,6.602922920137644e-03,-1.135146990418434e-02
1609047153465787898,0,1609047153465787898,-4.379981517791748e+00,7.431314587593079e-01,5.765865802764893e+00,9.644314050674438e-01,-2.639795243740082e-01,7.795236073434353e-03,-1.122825965285301e-02
1609047153572769777,0,1609047153572769777,-4.340669155120850e+00,7.017327547073364e-01,5.785604953765869e+00,9.674367308616638e-01,-2.528102099895477e-01,7.487440947443247e-03,-9.853636845946312e-03
1609047153674736038,0,1609047153674736038,-4.311685562133789e+00,6.590904593467712e-01,5.789743900299072e+00,9.701838493347168e-01,-2.420337349176407e-01,7.363385520875454e-03,-1.042784191668034e-02
1609047153772539308,0,1609047153772539308,-4.288068294525146e+00,6.209849119186401e-01,5.787071704864502e+00,9.727261066436768e-01,-2.316367924213409e-01,6.506551988422871e-03,-1.029641926288605e-02
1609047153879979392,0,1609047153879979392,-4.259637355804443e+00,5.838333368301392e-01,5.768198013305664e+00,9.754239320755005e-01,-2.199220061302185e-01,5.935867317020893e-03,-1.213645841926336e-02
1609047153981761233,0,1609047153981761233,-4.236763477325439e+00,5.487653613090515e-01,5.788111686706543e+00,9.778458476066589e-01,-2.089919596910477e-01,2.815665211528540e-03,-1.148412935435772e-02
1609047154078608441,0,1609047154078608441,-4.224903106689453e+00,5.062949061393738e-01,5.782355785369873e+00,9.801114797592163e-01,-1.980275511741638e-01,9.375432273373008e-04,-1.287668943405151e-02
1609047154190029706,0,1609047154190029706,-4.212100505828857e+00,4.623261690139771e-01,5.778247833251953e+00,9.825432300567627e-01,-1.856228858232498e-01,-1.229461631737649e-03,-1.230924390256405e-02
1609047154286750825,0,1609047154286750825,-4.198626995086670e+00,4.265894889831543e-01,5.783421516418457e+00,9.846216440200806e-01,-1.743094623088837e-01,-2.173727843910456e-03,-1.147377863526344e-02
1609047154388699451,0,1609047154388699451,-4.183351993560791e+00,3.891854584217072e-01,5.788598060607910e+00,9.867877364158630e-01,-1.617259383201599e-01,-2.816942287608981e-03,-9.320398792624474e-03
1609047154465111836,0,1609047154465111836,-4.175345420837402e+00,3.546582460403442e-01,5.788365840911865e+00,9.885600805282593e-01,-1.506630480289459e-01,-2.465381054207683e-03,-6.611497607082129e-03
1609047154572041818,0,1609047154572041818,-4.160544395446777e+00,3.058480322360992e-01,5.804170608520508e+00,9.907750487327576e-01,-1.354547739028931e-01,-1.269332598894835e-03,-3.917029593139887e-03
1609047154663635724,0,1609047154663635724,-4.151134490966797e+00,2.653152346611023e-01,5.796213626861572e+00,9.925172328948975e-01,-1.220968291163445e-01,2.298598155903164e-05,-1.413021236658096e-03
1609047154766763853,0,1609047154766763853,-4.142031669616699e+00,2.245546728372574e-01,5.797844886779785e+00,9.942445158958435e-01,-1.071182787418365e-01,1.889142207801342e-03,-9.740176756167784e-05
1609047154868912385,0,1609047154868912385,-4.132025718688965e+00,1.895293742418289e-01,5.794665813446045e+00,9.956831336021423e-01,-9.272718429565430e-02,3.366868011653423e-03,2.364939544349909e-03
1609047154976565898,0,1609047154976565898,-4.126146316528320e+00,1.537200063467026e-01,5.784767627716064e+00,9.968558549880981e-01,-7.904809713363647e-02,4.772034473717213e-03,2.673728158697486e-03
1609047155083564579,0,1609047155083564579,-4.127709388732910e+00,1.205762773752213e-01,5.785683631896973e+00,9.976408481597900e-01,-6.825631111860275e-02,6.229413207620382e-03,3.883961588144302e-03
1609047155181365047,0,1609047155181365047,-4.136902809143066e+00,9.365019947290421e-02,5.781605243682861e+00,9.980659484863281e-01,-6.144875660538673e-02,7.459432352334261e-03,5.726016592234373e-03
1609047155288288432,0,1609047155288288432,-4.138032436370850e+00,6.840246170759201e-02,5.794675350189209e+00,9.983605146408081e-01,-5.575692281126976e-02,8.872714824974537e-03,9.427867829799652e-03
1609047155390074505,0,1609047155390074505,-4.141196727752686e+00,4.258078709244728e-02,5.781434535980225e+00,9.984993338584900e-01,-5.239985510706902e-02,8.707768283784389e-03,1.332584675401449e-02
1609047155491955717,0,1609047155491955717,-4.145740032196045e+00,2.173762954771519e-02,5.778094768524170e+00,9.985147118568420e-01,-5.010542646050453e-02,8.876543492078781e-03,1.946874521672726e-02
1609047155558685743,0,1609047155558685743,-4.153539180755615e+00,5.150479730218649e-03,5.765540122985840e+00,9.984862208366394e-01,-4.928837344050407e-02,8.172656409442425e-03,2.300565876066685e-02
1609047155662041313,0,1609047155662041313,-4.165042400360107e+00,-1.034087128937244e-02,5.747719764709473e+00,9.984271526336670e-01,-4.848457872867584e-02,7.055524736642838e-03,2.725301310420036e-02
1609047155763920652,0,1609047155763920652,-4.183088302612305e+00,-1.568771898746490e-02,5.744905948638916e+00,9.982997179031372e-01,-4.799932986497879e-02,5.145928822457790e-03,3.267121315002441e-02
1609047155877336510,0,1609047155877336510,-4.202566623687744e+00,-1.436083856970072e-02,5.746678352355957e+00,9.980614781379700e-01,-4.762808233499527e-02,1.734644174575806e-03,4.002488404512405e-02
1609047155974098028,0,1609047155974098028,-4.223854064941406e+00,-7.563688792288303e-03,5.722971916198730e+00,9.979689121246338e-01,-4.747150838375092e-02,-6.778543465770781e-04,4.247476160526276e-02
1609047156086074014,0,1609047156086074014,-4.243638038635254e+00,1.495791506022215e-02,5.721868515014648e+00,9.977188706398010e-01,-4.733547195792198e-02,-4.341546446084976e-03,4.793319478631020e-02
1609047156183177653,0,1609047156183177653,-4.271235942840576e+00,4.339647293090820e-02,5.699144363403320e+00,9.975952506065369e-01,-4.738490656018257e-02,-6.342586595565081e-03,5.018213763833046e-02
1609047156280325867,0,1609047156280325867,-4.294494152069092e+00,8.407695591449738e-02,5.683029651641846e+00,9.974721670150757e-01,-4.752306267619133e-02,-8.324619382619858e-03,5.216872692108154e-02
1609047156388790566,0,1609047156388790566,-4.317845821380615e+00,1.412717401981354e-01,5.673269271850586e+00,9.974956512451172e-01,-4.759632423520088e-02,-8.952668868005276e-03,5.154625698924065e-02
1609047156492083569,0,1609047156492083569,-4.332301139831543e+00,2.111023366451263e-01,5.680840492248535e+00,9.975404143333435e-01,-4.750422015786171e-02,-9.899979457259178e-03,5.058134347200394e-02
1609047156589822515,0,1609047156589822515,-4.351305484771729e+00,2.835618555545807e-01,5.643700122833252e+00,9.977474212646484e-01,-4.773313924670219e-02,-9.792363271117210e-03,4.610597714781761e-02
1609047156666215333,0,1609047156666215333,-4.364719390869141e+00,3.537378013134003e-01,5.638851165771484e+00,9.978920817375183e-01,-4.767599701881409e-02,-1.013840828090906e-02,4.284373670816422e-02
1609047156773450409,0,1609047156773450409,-4.379795074462891e+00,4.606863260269165e-01,5.651725769042969e+00,9.981753230094910e-01,-4.797083884477615e-02,-1.189303770661354e-02,3.469116985797882e-02
1609047156870276422,0,1609047156870276422,-4.389198303222656e+00,5.688078999519348e-01,5.643115043640137e+00,9.984601736068726e-01,-4.818217083811760e-02,-1.779232546687126e-02,2.095950953662395e-02
1609047156968108137,0,1609047156968108137,-4.397617340087891e+00,6.899392604827881e-01,5.671843528747559e+00,9.984278678894043e-01,-4.842310026288033e-02,-2.547260001301765e-02,1.217343378812075e-02
1609047157069991661,0,1609047157069991661,-4.411334991455078e+00,8.138567805290222e-01,5.684514045715332e+00,9.981889128684998e-01,-4.878874868154526e-02,-3.510593995451927e-02,2.489343751221895e-03
1609047157171911585,0,1609047157171911585,-4.418447017669678e+00,9.310447573661804e-01,5.693093299865723e+00,9.977348446846008e-01,-4.894154518842697e-02,-4.567304626107216e-02,-6.634218618273735e-03
1609047157279988581,0,1609047157279988581,-4.421728134155273e+00,1.051823973655701e+00,5.698696136474609e+00,9.972979426383972e-01,-4.884488880634308e-02,-5.367069691419601e-02,-1.142267975956202e-02
1609047157386975454,0,1609047157386975454,-4.420031070709229e+00,1.162780642509460e+00,5.682331562042236e+00,9.971755743026733e-01,-4.888505861163139e-02,-5.527750775218010e-02,-1.398573257029057e-02
1609047157483547048,0,1609047157483547048,-4.404389858245850e+00,1.263317704200745e+00,5.663890361785889e+00,9.973700046539307e-01,-4.859399795532227e-02,-5.150443315505981e-02,-1.545631512999535e-02
1609047157585499300,0,1609047157585499300,-4.373233318328857e+00,1.363838553428650e+00,5.650331974029541e+00,9.977720975875854e-01,-4.864816367626190e-02,-4.302052780985832e-02,-1.527730561792850e-02
1609047157688346635,0,1609047157688346635,-4.318896770477295e+00,1.465051770210266e+00,5.651258468627930e+00,9.980731010437012e-01,-4.828932881355286e-02,-3.531209006905556e-02,-1.647141203284264e-02
1609047157765740020,0,1609047157765740020,-4.273459434509277e+00,1.543347477912903e+00,5.644101619720459e+00,9.982778429985046e-01,-4.840532317757607e-02,-2.942902408540249e-02,-1.523821428418159e-02
1609047157867745586,0,1609047157867745586,-4.209166526794434e+00,1.640827059745789e+00,5.637546062469482e+00,9.984333515167236e-01,-4.819685220718384e-02,-2.329939603805542e-02,-1.628201082348824e-02
1609047157970910124,0,1609047157970910124,-4.144918441772461e+00,1.732022523880005e+00,5.632616996765137e+00,9.984089732170105e-01,-4.844388738274574e-02,-1.966288127005100e-02,-2.112193778157234e-02
1609047158067838026,0,1609047158067838026,-4.088018894195557e+00,1.812395453453064e+00,5.648544311523438e+00,9.983469247817993e-01,-4.886341467499733e-02,-1.886835135519505e-02,-2.366277016699314e-02
1609047158170429123,0,1609047158170429123,-4.032016277313232e+00,1.896029114723206e+00,5.684013843536377e+00,9.983426332473755e-01,-4.877430200576782e-02,-1.770850270986557e-02,-2.488888427615166e-02
1609047158280119257,0,1609047158280119257,-3.965629339218140e+00,1.979629874229431e+00,5.701491355895996e+00,9.984014630317688e-01,-4.870963841676712e-02,-1.822276785969734e-02,-2.213404327630997e-02
1609047158381885076,0,1609047158381885076,-3.909508943557739e+00,2.044655799865723e+00,5.683765888214111e+00,9.983709454536438e-01,-4.876373335719109e-02,-1.901798322796822e-02,-2.271499112248421e-02
1609047158478799881,0,1609047158478799881,-3.857054710388184e+00,2.105448007583618e+00,5.660341262817383e+00,9.983813762664795e-01,-4.879218339920044e-02,-1.897051744163036e-02,-2.222892269492149e-02
1609047158582067568,0,1609047158582067568,-3.796404838562012e+00,2.170924425125122e+00,5.651077270507812e+00,9.984102249145508e-01,-4.882284998893738e-02,-1.912089996039867e-02,-2.068131230771542e-02
1609047158690150927,0,1609047158690150927,-3.738964557647705e+00,2.230369091033936e+00,5.617640495300293e+00,9.984750747680664e-01,-4.893762618303299e-02,-1.476576738059521e-02,-2.084973640739918e-02
1609047158792115186,0,1609047158792115186,-3.674123287200928e+00,2.290334701538086e+00,5.620627403259277e+00,9.985847473144531e-01,-4.879127815365791e-02,-1.187109109014273e-02,-1.752823591232300e-02
1609047158858256706,0,1609047158858256706,-3.626991510391235e+00,2.328125953674316e+00,5.630766391754150e+00,9.985781311988831e-01,-4.878091439604759e-02,-1.075799390673637e-02,-1.861197687685490e-02
1609047158965263595,0,1609047158965263595,-3.545921087265015e+00,2.382191419601440e+00,5.644096851348877e+00,9.985212087631226e-01,-4.884427785873413e-02,-1.195299625396729e-02,-2.065923437476158e-02
1609047159062786903,0,1609047159062786903,-3.478897333145142e+00,2.429813146591187e+00,5.675862789154053e+00,9.985046982765198e-01,-4.895135387778282e-02,-1.397398672997952e-02,-1.992448419332504e-02
1609047159170154451,0,1609047159170154451,-3.417361974716187e+00,2.475351572036743e+00,5.666446208953857e+00,9.984625577926636e-01,-4.889756068587303e-02,-1.573272608220577e-02,-2.083166502416134e-02
1609047159276943605,0,1609047159276943605,-3.353455543518066e+00,2.517787218093872e+00,5.665831089019775e+00,9.985545873641968e-01,-4.675910994410515e-02,-1.762431859970093e-02,-1.978978328406811e-02
1609047159373543679,0,1609047159373543679,-3.294466257095337e+00,2.553108215332031e+00,5.659765243530273e+00,9.985895156860352e-01,-4.477419704198837e-02,-1.892149634659290e-02,-2.135989442467690e-02
1609047159475612365,0,1609047159475612365,-3.225231647491455e+00,2.592776060104370e+00,5.661417007446289e+00,9.986885786056519e-01,-4.206877201795578e-02,-1.964268274605274e-02,-2.157802693545818e-02
1609047159587611751,0,1609047159587611751,-3.152243852615356e+00,2.631516695022583e+00,5.658734321594238e+00,9.987740516662598e-01,-3.958553448319435e-02,-2.017832733690739e-02,-2.182652056217194e-02
1609047159689601064,0,1609047159689601064,-3.088035345077515e+00,2.662192821502686e+00,5.655449390411377e+00,9.988223910331726e-01,-3.817210346460342e-02,-1.991720870137215e-02,-2.236412651836872e-02
1609047159786342321,0,1609047159786342321,-3.019030094146729e+00,2.686365604400635e+00,5.667068481445312e+00,9.988878965377808e-01,-3.680591285228729e-02,-2.003879658877850e-02,-2.160719595849514e-02
1609047159889207829,0,1609047159889207829,-2.951873540878296e+00,2.703493595123291e+00,5.656467437744141e+00,9.989847540855408e-01,-3.647026047110558e-02,-1.542809139937162e-02,-2.147870510816574e-02
1609047159965495260,0,1609047159965495260,-2.889595746994019e+00,2.717726469039917e+00,5.650444030761719e+00,9.990411996841431e-01,-3.626125305891037e-02,-1.167094241827726e-02,-2.157634869217873e-02
1609047160072813524,0,1609047160072813524,-2.807619810104370e+00,2.734544277191162e+00,5.678855895996094e+00,9.991173744201660e-01,-3.645544499158859e-02,-4.084174521267414e-03,-2.046447061002254e-02
1609047160169480519,0,1609047160169480519,-2.727055072784424e+00,2.746411561965942e+00,5.689381599426270e+00,9.991069436073303e-01,-3.626608476042747e-02,6.527362857013941e-04,-2.167303487658501e-02
1609047160276431187,0,1609047160276431187,-2.641044855117798e+00,2.759657144546509e+00,5.704980373382568e+00,9.991599321365356e-01,-3.530723229050636e-02,3.664260730147362e-03,-2.048117294907570e-02
1609047160373039064,0,1609047160373039064,-2.560614347457886e+00,2.763442516326904e+00,5.720851898193359e+00,9.992747306823730e-01,-3.073137812316418e-02,4.881618544459343e-03,-2.195223048329353e-02
1609047160480044086,0,1609047160480044086,-2.485471725463867e+00,2.768557071685791e+00,5.731174945831299e+00,9.994468092918396e-01,-2.333537489175797e-02,4.972124937921762e-03,-2.317236922681332e-02
1609047160587041216,0,1609047160587041216,-2.424645662307739e+00,2.772865295410156e+00,5.710769176483154e+00,9.996244311332703e-01,-1.380322687327862e-02,1.381218200549483e-03,-2.363629825413227e-02
1609047160678682625,0,1609047160678682625,-2.377330064773560e+00,2.778250694274902e+00,5.705176830291748e+00,9.997137188911438e-01,-4.000582732260227e-03,6.158289033919573e-05,-2.359307929873466e-02
1609047160785445045,0,1609047160785445045,-2.330636501312256e+00,2.775234460830688e+00,5.718688011169434e+00,9.996554851531982e-01,9.332347661256790e-03,-7.619137759320438e-04,-2.451858669519424e-02
1609047160887047673,0,1609047160887047673,-2.281618118286133e+00,2.768431186676025e+00,5.727844238281250e+00,9.994295835494995e-01,2.109637111425400e-02,-2.646718407049775e-03,-2.623726427555084e-02
1609047160989106094,0,1609047160989106094,-2.239287853240967e+00,2.762477397918701e+00,5.736636638641357e+00,9.991142749786377e-01,3.205089643597603e-02,-3.075963584706187e-03,-2.709208242595196e-02
1609047161065463216,0,1609047161065463216,-2.199173688888550e+00,2.751993656158447e+00,5.732779979705811e+00,9.988074898719788e-01,3.949197009205818e-02,-3.002983983606100e-03,-2.854865603148937e-02
1609047161167329828,0,1609047161167329828,-2.153210639953613e+00,2.736893177032471e+00,5.727241992950439e+00,9.985113143920898e-01,4.675241932272911e-02,6.439295830205083e-04,-2.808907069265842e-02
1609047161264132583,0,1609047161264132583,-2.101975679397583e+00,2.719007730484009e+00,5.707489013671875e+00,9.982178807258606e-01,5.188130587339401e-02,7.366660051047802e-03,-2.855040878057480e-02
1609047161366710806,0,1609047161366710806,-2.049513816833496e+00,2.698386907577515e+00,5.688341140747070e+00,9.980421662330627e-01,5.479712039232254e-02,1.496135815978050e-02,-2.617799118161201e-02
1609047161468572469,0,1609047161468572469,-1.990173816680908e+00,2.668095111846924e+00,5.678576469421387e+00,9.978668093681335e-01,5.686236172914505e-02,1.643200591206551e-02,-2.753970585763454e-02
1609047161580632637,0,1609047161580632637,-1.941145658493042e+00,2.630987167358398e+00,5.658286094665527e+00,9.978066682815552e-01,5.842609703540802e-02,1.484387367963791e-02,-2.734989114105701e-02
1609047161682391379,0,1609047161682391379,-1.899601340293884e+00,2.599138021469116e+00,5.675600051879883e+00,9.974832534790039e-01,6.361753493547440e-02,1.012202352285385e-02,-2.962480112910271e-02
1609047161779165745,0,1609047161779165745,-1.870561838150024e+00,2.561228752136230e+00,5.687485694885254e+00,9.970482587814331e-01,7.078575342893600e-02,2.009594580158591e-03,-2.966618910431862e-02
1609047161896339760,0,1609047161896339760,-1.856326818466187e+00,2.516600847244263e+00,5.692965030670166e+00,9.962864518165588e-01,8.081445842981339e-02,-3.996499348431826e-03,-2.943538501858711e-02
1609047161988269648,0,1609047161988269648,-1.849407434463501e+00,2.478872299194336e+00,5.672594547271729e+00,9.955123662948608e-01,8.962742984294891e-02,-9.258446283638477e-03,-2.891896851360798e-02
1609047162090277950,0,1609047162090277950,-1.843428850173950e+00,2.432941675186157e+00,5.672135829925537e+00,9.946558475494385e-01,9.907609969377518e-02,-1.041282899677753e-02,-2.711517736315727e-02
1609047162166672705,0,1609047162166672705,-1.833727836608887e+00,2.386348485946655e+00,5.665637016296387e+00,9.942363500595093e-01,1.036126613616943e-01,-8.988003246486187e-03,-2.603351697325706e-02
1609047162264556787,0,1609047162264556787,-1.809684157371521e+00,2.330725431442261e+00,5.665865898132324e+00,9.936138391494751e-01,1.104305312037468e-01,-5.964050535112619e-03,-2.238472551107407e-02
1609047162366610284,0,1609047162366610284,-1.777526617050171e+00,2.267249584197998e+00,5.678197860717773e+00,9.932139515876770e-01,1.144963055849075e-01,-3.737516934052110e-03,-2.006976492702961e-02
1609047162468292785,0,1609047162468292785,-1.749017357826233e+00,2.201689481735229e+00,5.707393646240234e+00,9.929688572883606e-01,1.170523017644882e-01,-1.251511159352958e-03,-1.760554872453213e-02
1609047162570330453,0,1609047162570330453,-1.714097142219543e+00,2.139995813369751e+00,5.731382369995117e+00,9.925301671028137e-01,1.211831048130989e-01,-2.454952918924391e-04,-1.408660877496004e-02
1609047162672388654,0,1609047162672388654,-1.678000211715698e+00,2.076991081237793e+00,5.727182865142822e+00,9.917714595794678e-01,1.274551749229431e-01,-1.683873124420643e-04,-1.202961150556803e-02
1609047162784673292,0,1609047162784673292,-1.652277469635010e+00,2.015539169311523e+00,5.730896949768066e+00,9.906372427940369e-01,1.362186074256897e-01,5.757802282460034e-04,-9.052694775164127e-03
1609047162886701658,0,1609047162886701658,-1.634799957275391e+00,1.961529254913330e+00,5.709733486175537e+00,9.891651868820190e-01,1.466056853532791e-01,7.713397499173880e-04,-7.637846749275923e-03
1609047162988449078,0,1609047162988449078,-1.625579714775085e+00,1.904299139976501e+00,5.704753875732422e+00,9.875482916831970e-01,1.571645140647888e-01,3.923572658095509e-04,-6.900049280375242e-03
1609047163085554613,0,1609047163085554613,-1.623022198677063e+00,1.849208593368530e+00,5.717229366302490e+00,9.860532283782959e-01,1.663147062063217e-01,1.012971275486052e-03,-6.130227819085121e-03
1609047163187867722,0,1609047163187867722,-1.617321491241455e+00,1.791827201843262e+00,5.721540927886963e+00,9.848842620849609e-01,1.730261445045471e-01,7.587654399685562e-04,-8.019623346626759e-03
1609047163264704366,0,1609047163264704366,-1.607813000679016e+00,1.749023079872131e+00,5.727239131927490e+00,9.841600656509399e-01,1.771259605884552e-01,-1.280029828194529e-04,-7.435740437358618e-03
1609047163367835328,0,1609047163367835328,-1.595378994941711e+00,1.697034358978271e+00,5.748580455780029e+00,9.833570718765259e-01,1.816208809614182e-01,7.208678289316595e-04,-4.703019745647907e-03
1609047163465484970,0,1609047163465484970,-1.584428548812866e+00,1.649963617324829e+00,5.747083663940430e+00,9.828306436538696e-01,1.845068037509918e-01,-6.348029128275812e-04,-9.492671233601868e-04
1609047163567450876,0,1609047163567450876,-1.570197463035583e+00,1.595760703086853e+00,5.711151599884033e+00,9.825348258018494e-01,1.860562711954117e-01,-2.900671912357211e-03,-2.262016787426546e-04
1609047163669539931,0,1609047163669539931,-1.559134960174561e+00,1.548293709754944e+00,5.700112342834473e+00,9.823345541954041e-01,1.870531588792801e-01,-5.478667560964823e-03,-2.539895649533719e-04
1609047163777388798,0,1609047163777388798,-1.551539540290833e+00,1.495474457740784e+00,5.705619335174561e+00,9.822195768356323e-01,1.875839233398438e-01,-7.231958210468292e-03,-2.185066929087043e-03
1609047163884552156,0,1609047163884552156,-1.555969834327698e+00,1.458413004875183e+00,5.739666461944580e+00,9.820986390113831e-01,1.881943345069885e-01,-7.755364757031202e-03,2.269964199513197e-03
1609047163981083758,0,1609047163981083758,-1.558521151542664e+00,1.413829088211060e+00,5.726618766784668e+00,9.820812940597534e-01,1.882483065128326e-01,-8.773524314165115e-03,1.428295159712434e-03
1609047164082741168,0,1609047164082741168,-1.555127739906311e+00,1.372701525688171e+00,5.717012405395508e+00,9.820688366889954e-01,1.882906407117844e-01,-9.312706999480724e-03,-8.810895960777998e-04
1609047164184609824,0,1609047164184609824,-1.551388859748840e+00,1.342721939086914e+00,5.724102497100830e+00,9.820335507392883e-01,1.885251849889755e-01,-8.253940381109715e-03,4.270701610948890e-04
1609047164292655961,0,1609047164292655961,-1.548253059387207e+00,1.307684421539307e+00,5.736812591552734e+00,9.820107817649841e-01,1.886502355337143e-01,-7.721103262156248e-03,2.525104675441980e-03
1609047164364332336,0,1609047164364332336,-1.544281840324402e+00,1.286214590072632e+00,5.741407871246338e+00,9.819619059562683e-01,1.889308243989944e-01,-6.207062397152185e-03,4.184202756732702e-03
1609047164461993780,0,1609047164461993780,-1.540927410125732e+00,1.259956955909729e+00,5.739531517028809e+00,9.819427132606506e-01,1.889695823192596e-01,-4.468420986086130e-03,7.687307894229889e-03
1609047164564348865,0,1609047164564348865,-1.535336732864380e+00,1.234138131141663e+00,5.730694770812988e+00,9.818957448005676e-01,1.890785545110703e-01,-3.126217983663082e-03,1.096842531114817e-02
1609047164666023485,0,1609047164666023485,-1.531806707382202e+00,1.215096473693848e+00,5.726230144500732e+00,9.818457961082458e-01,1.891673058271408e-01,-1.313346438109875e-03,1.388979330658913e-02
1609047164778479494,0,1609047164778479494,-1.530168056488037e+00,1.193277359008789e+00,5.724380016326904e+00,9.818394780158997e-01,1.891765147447586e-01,-2.155067923013121e-04,1.426636893302202e-02
1609047164875074143,0,1609047164875074143,-1.532752633094788e+00,1.179778575897217e+00,5.736730098724365e+00,9.818817377090454e-01,1.889009773731232e-01,4.797564179170877e-04,1.498866546899080e-02
1609047164976938522,0,1609047164976938522,-1.536784172058105e+00,1.177688479423523e+00,5.737126827239990e+00,9.818491935729980e-01,1.891146898269653e-01,-1.207156921736896e-03,1.436479110270739e-02
1609047165078673902,0,1609047165078673902,-1.544037103652954e+00,1.175751090049744e+00,5.723011493682861e+00,9.818939566612244e-01,1.891175359487534e-01,-3.247605636715889e-03,1.040523126721382e-02
1609047165190688922,0,1609047165190688922,-1.556225180625916e+00,1.184724569320679e+00,5.749789237976074e+00,9.819381833076477e-01,1.888976991176605e-01,-4.903973545879126e-03,9.546196088194847e-03
1609047165287355777,0,1609047165287355777,-1.570481181144714e+00,1.195888876914978e+00,5.773877143859863e+00,9.819386601448059e-01,1.888584196567535e-01,-7.239972241222858e-03,8.747615851461887e-03
1609047165389127256,0,1609047165389127256,-1.585116386413574e+00,1.213183999061584e+00,5.783972740173340e+00,9.818738102912903e-01,1.891734749078751e-01,-8.743274025619030e-03,7.800058461725712e-03
1609047165470581897,0,1609047165470581897,-1.592510342597961e+00,1.227838277816772e+00,5.784873008728027e+00,9.815790057182312e-01,1.906270533800125e-01,-9.823894128203392e-03,8.224898949265480e-03
1609047165572761011,0,1609047165572761011,-1.604101419448853e+00,1.252300381660461e+00,5.786629199981689e+00,9.811632633209229e-01,1.927190423011780e-01,-1.167902909219265e-02,6.457059644162655e-03
1609047165664294287,0,1609047165664294287,-1.609317541122437e+00,1.276529073715210e+00,5.782507419586182e+00,9.805736541748047e-01,1.956645548343658e-01,-1.289744488894939e-02,4.947409965097904e-03
1609047165771635815,0,1609047165771635815,-1.624188423156738e+00,1.309312462806702e+00,5.785466194152832e+00,9.797323942184448e-01,1.998296380043030e-01,-1.351579837501049e-02,3.143689595162868e-03
1609047165868367690,0,1609047165868367690,-1.638176798820496e+00,1.338595151901245e+00,5.788835048675537e+00,9.788966774940491e-01,2.038736492395401e-01,-1.403018180280924e-02,1.466639223508537e-04
1609047165975532923,0,1609047165975532923,-1.650684356689453e+00,1.369446039199829e+00,5.800021648406982e+00,9.780437350273132e-01,2.077970653772354e-01,-1.540660113096237e-02,-3.662324976176023e-03
1609047166077748598,0,1609047166077748598,-1.667385101318359e+00,1.409896850585938e+00,5.811479568481445e+00,9.772650003433228e-01,2.114315479993820e-01,-1.540070213377476e-02,-3.548689885064960e-03
1609047166180175366,0,1609047166180175366,-1.673812389373779e+00,1.443003654479980e+00,5.808580398559570e+00,9.765765666961670e-01,2.145178616046906e-01,-1.594544388353825e-02,-5.108612589538097e-03
1609047166286396171,0,1609047166286396171,-1.678438663482666e+00,1.479526281356812e+00,5.809684753417969e+00,9.758425354957581e-01,2.177498787641525e-01,-1.653361320495605e-02,-6.564180832356215e-03
1609047166388231136,0,1609047166388231136,-1.676826953887939e+00,1.521746754646301e+00,5.805842876434326e+00,9.748565554618835e-01,2.220202982425690e-01,-1.724939234554768e-02,-8.010461926460266e-03
1609047166490171810,0,1609047166490171810,-1.676945209503174e+00,1.559031844139099e+00,5.806175708770752e+00,9.738960266113281e-01,2.260845154523849e-01,-1.797910593450069e-02,-9.441689588129520e-03
1609047166566564605,0,1609047166566564605,-1.678817033767700e+00,1.591178417205811e+00,5.804107666015625e+00,9.730167984962463e-01,2.296658605337143e-01,-1.893894933164120e-02,-1.154103223234415e-02
1609047166663489119,0,1609047166663489119,-1.677226066589355e+00,1.634505987167358e+00,5.799814701080322e+00,9.718142151832581e-01,2.345611453056335e-01,-1.957243494689465e-02,-1.323659811168909e-02
1609047166765649462,0,1609047166765649462,-1.671581029891968e+00,1.680557489395142e+00,5.810241222381592e+00,9.704263806343079e-01,2.400427013635635e-01,-2.068847604095936e-02,-1.496970094740391e-02
1609047166867570990,0,1609047166867570990,-1.668940067291260e+00,1.716162323951721e+00,5.800917625427246e+00,9.695686101913452e-01,2.432597428560257e-01,-2.172387763857841e-02,-1.701402477920055e-02
1609047166969737096,0,1609047166969737096,-1.662685036659241e+00,1.757553815841675e+00,5.790827751159668e+00,9.688190817832947e-01,2.460624277591705e-01,-2.267644926905632e-02,-1.813103631138802e-02
1609047167071999104,0,1609047167071999104,-1.653408885002136e+00,1.800272107124329e+00,5.780340671539307e+00,9.683641195297241e-01,2.480653375387192e-01,-2.255624160170555e-02,-1.502673607319593e-02
1609047167176223185,0,1609047167176223185,-1.633339405059814e+00,1.837087273597717e+00,5.763102054595947e+00,9.680193066596985e-01,2.492473125457764e-01,-2.251478470861912e-02,-1.753565855324268e-02
1609047167279482685,0,1609047167279482685,-1.611849546432495e+00,1.872056126594543e+00,5.738999366760254e+00,9.679486155509949e-01,2.497174590826035e-01,-2.049014344811440e-02,-1.722946763038635e-02
1609047167386998310,0,1609047167386998310,-1.585723161697388e+00,1.903069496154785e+00,5.730997562408447e+00,9.678506255149841e-01,2.501254081726074e-01,-1.817818544805050e-02,-1.929222606122494e-02
1609047167488883406,0,1609047167488883406,-1.570378541946411e+00,1.931078672409058e+00,5.736009120941162e+00,9.678553342819214e-01,2.501015365123749e-01,-1.618577912449837e-02,-2.105402573943138e-02
1609047167595754476,0,1609047167595754476,-1.542058467864990e+00,1.965412378311157e+00,5.726005554199219e+00,9.678274989128113e-01,2.502340078353882e-01,-1.187713816761971e-02,-2.349130064249039e-02
1609047167662189614,0,1609047167662189614,-1.520737051963806e+00,1.986076474189758e+00,5.714211463928223e+00,9.679492115974426e-01,2.501350939273834e-01,-3.737554652616382e-03,-2.219957485795021e-02
1609047167760993181,0,1609047167760993181,-1.484611272811890e+00,2.021460056304932e+00,5.698698520660400e+00,9.678760170936584e-01,2.502391934394836e-01,2.607287606224418e-03,-2.428252622485161e-02
1609047167863010976,0,1609047167863010976,-1.454125046730042e+00,2.050828218460083e+00,5.684112071990967e+00,9.678472876548767e-01,2.499743103981018e-01,1.288485713303089e-02,-2.486948110163212e-02
1609047167970037794,0,1609047167970037794,-1.430314540863037e+00,2.068380594253540e+00,5.674018383026123e+00,9.676994085311890e-01,2.498824149370193e-01,2.029216289520264e-02,-2.655190788209438e-02
1609047168076941854,0,1609047168076941854,-1.400349855422974e+00,2.081759691238403e+00,5.650704383850098e+00,9.678036570549011e-01,2.497992217540741e-01,1.763756200671196e-02,-2.540389634668827e-02
1609047168173623623,0,1609047168173623623,-1.387352108955383e+00,2.098360776901245e+00,5.641139507293701e+00,9.678721427917480e-01,2.503459453582764e-01,1.000014040619135e-02,-2.122161537408829e-02
1609047168275648635,0,1609047168275648635,-1.372384428977966e+00,2.107212066650391e+00,5.631487846374512e+00,9.679719209671021e-01,2.506477534770966e-01,2.564679598435760e-03,-1.412311475723982e-02
1609047168377492683,0,1609047168377492683,-1.364386796951294e+00,2.112777471542358e+00,5.596395969390869e+00,9.679854512214661e-01,2.508613765239716e-01,-4.054642748087645e-03,-7.506745867431164e-03
1609047168494706321,0,1609047168494706321,-1.358809590339661e+00,2.116788625717163e+00,5.551330089569092e+00,9.679095745086670e-01,2.510897219181061e-01,-1.020034495741129e-02,-9.239898645319045e-04
1609047168592279169,0,1609047168592279169,-1.359319567680359e+00,2.110453367233276e+00,5.534806251525879e+00,9.678698778152466e-01,2.510399520397186e-01,-1.428837236016989e-02,1.658503315411508e-03
1609047168690142048,0,1609047168690142048,-1.354653596878052e+00,2.112269878387451e+00,5.522270679473877e+00,9.677801132202148e-01,2.511794567108154e-01,-1.715257950127125e-02,4.054234363138676e-03
1609047168766493618,0,1609047168766493618,-1.350873589515686e+00,2.117510795593262e+00,5.517528057098389e+00,9.677447080612183e-01,2.512930929660797e-01,-1.778234355151653e-02,2.432871377095580e-03
1609047168864204690,0,1609047168864204690,-1.344195723533630e+00,2.133191108703613e+00,5.518930435180664e+00,9.677779078483582e-01,2.510904371738434e-01,-1.894245855510235e-02,9.038085700012743e-04
1609047168966715197,0,1609047168966715197,-1.328694224357605e+00,2.153209686279297e+00,5.517479419708252e+00,9.677867889404297e-01,2.509690523147583e-01,-1.996156200766563e-02,-2.183835254982114e-03
1609047169068476812,0,1609047169068476812,-1.317312240600586e+00,2.182069063186646e+00,5.520141601562500e+00,9.677416682243347e-01,2.511169016361237e-01,-2.030320093035698e-02,-2.074195072054863e-03
1609047169170245055,0,1609047169170245055,-1.299386382102966e+00,2.208300590515137e+00,5.509942054748535e+00,9.677183628082275e-01,2.511263191699982e-01,-2.091876976191998e-02,-4.369465634226799e-03
1609047169271836957,0,1609047169271836957,-1.279936790466309e+00,2.239951133728027e+00,5.506625175476074e+00,9.676790833473206e-01,2.512512803077698e-01,-2.124310098588467e-02,-4.331508185714483e-03
1609047169384106306,0,1609047169384106306,-1.255302548408508e+00,2.274344921112061e+00,5.496407032012939e+00,9.677397012710571e-01,2.510911524295807e-01,-2.068749442696571e-02,-2.298041246831417e-03
1609047169486172031,0,1609047169486172031,-1.230633139610291e+00,2.304365158081055e+00,5.472488880157471e+00,9.677032232284546e-01,2.512140572071075e-01,-2.080506086349487e-02,-3.043440170586109e-03
1609047169588622265,0,1609047169588622265,-1.202927827835083e+00,2.334421157836914e+00,5.456126689910889e+00,9.677693843841553e-01,2.509867846965790e-01,-2.035017125308514e-02,-3.737888764590025e-03
1609047169686595957,0,1609047169686595957,-1.177065014839172e+00,2.366413116455078e+00,5.459549903869629e+00,9.677575230598450e-01,2.509444653987885e-01,-2.128738537430763e-02,-4.373367875814438e-03
1609047169788811265,0,1609047169788811265,-1.150778770446777e+00,2.403391361236572e+00,5.464323520660400e+00,9.677563309669495e-01,2.508533298969269e-01,-2.204863540828228e-02,-5.837121512740850e-03
1609047169865206096,0,1609047169865206096,-1.127261400222778e+00,2.437435388565063e+00,5.466283321380615e+00,9.677327275276184e-01,2.508986890316010e-01,-2.233065478503704e-02,-6.679892539978027e-03
1609047169962428289,0,1609047169962428289,-1.088088154792786e+00,2.479105234146118e+00,5.456992626190186e+00,9.677253365516663e-01,2.508750855922699e-01,-2.121214196085930e-02,-1.092944294214249e-02
1609047170064355227,0,1609047170064355227,-1.052124142646790e+00,2.526769876480103e+00,5.450692653656006e+00,9.677425026893616e-01,2.508688569068909e-01,-1.934537850320339e-02,-1.284694671630859e-02
1609047170166106056,0,1609047170166106056,-1.010625362396240e+00,2.574393272399902e+00,5.445235729217529e+00,9.678710103034973e-01,2.506165206432343e-01,-1.486655790358782e-02,-1.400341093540192e-02
1609047170267908253,0,1609047170267908253,-9.725449085235596e-01,2.618308067321777e+00,5.435761928558350e+00,9.678905010223389e-01,2.504819333553314e-01,-1.403860747814178e-02,-1.580422557890415e-02
1609047170379993898,0,1609047170379993898,-9.283389449119568e-01,2.663372755050659e+00,5.449775218963623e+00,9.679101109504700e-01,2.504421472549438e-01,-1.115232519805431e-02,-1.745197176933289e-02
1609047170476673816,0,1609047170476673816,-8.879615068435669e-01,2.698534727096558e+00,5.463510513305664e+00,9.679082632064819e-01,2.503744959831238e-01,-1.041094493120909e-02,-1.892035268247128e-02
1609047170580238237,0,1609047170580238237,-8.427487611770630e-01,2.731999397277832e+00,5.469976425170898e+00,9.679054021835327e-01,2.501478791236877e-01,-1.102258171886206e-02,-2.153221517801285e-02
1609047170693526958,0,1609047170693526958,-7.993358969688416e-01,2.772644758224487e+00,5.478499412536621e+00,9.678847789764404e-01,2.500630021095276e-01,-1.237472891807556e-02,-2.268263883888721e-02
1609047170790446092,0,1609047170790446092,-7.597785592079163e-01,2.807999372482300e+00,5.478558063507080e+00,9.678702950477600e-01,2.500743865966797e-01,-9.859207086265087e-03,-2.434580586850643e-02
1609047170892381022,0,1609047170892381022,-7.142899632453918e-01,2.840842008590698e+00,5.465121269226074e+00,9.678950905799866e-01,2.499982118606567e-01,-5.306191742420197e-03,-2.553187124431133e-02
1609047170958598883,0,1609047170958598883,-6.793488860130310e-01,2.859419107437134e+00,5.456784248352051e+00,9.678876996040344e-01,2.498773932456970e-01,-2.580343047156930e-03,-2.735340967774391e-02
1609047171060658322,0,1609047171060658322,-6.314615011215210e-01,2.895859003067017e+00,5.450228691101074e+00,9.678584337234497e-01,2.498787045478821e-01,1.548843807540834e-03,-2.843255922198296e-02
1609047171167531833,0,1609047171167531833,-5.833212137222290e-01,2.921226263046265e+00,5.471984863281250e+00,9.678211808204651e-01,2.498174905776978e-01,5.995312239974737e-03,-2.962395176291466e-02
1609047171276663976,0,1609047171276663976,-5.338842868804932e-01,2.940201520919800e+00,5.477396488189697e+00,9.677829146385193e-01,2.497408688068390e-01,8.704124949872494e-03,-3.082367219030857e-02
1609047171375319125,0,1609047171375319125,-4.910041987895966e-01,2.952973365783691e+00,5.479977130889893e+00,9.677587747573853e-01,2.498095184564590e-01,1.017132680863142e-02,-3.057395108044147e-02
1609047171475290989,0,1609047171475290989,-4.571334719657898e-01,2.962086439132690e+00,5.487273216247559e+00,9.677988886833191e-01,2.499781697988510e-01,1.029312517493963e-02,-2.775637246668339e-02
1609047171577524615,0,1609047171577524615,-4.183730185031891e-01,2.964528083801270e+00,5.516233921051025e+00,9.678128957748413e-01,2.503055036067963e-01,8.479712530970573e-03,-2.477101236581802e-02
1609047171685076794,0,1609047171685076794,-3.889862895011902e-01,2.956872463226318e+00,5.530495166778564e+00,9.679000973701477e-01,2.503030300140381e-01,7.290656678378582e-03,-2.155585587024689e-02
1609047171786780244,0,1609047171786780244,-3.613467812538147e-01,2.947409152984619e+00,5.523875713348389e+00,9.679540395736694e-01,2.504991888999939e-01,4.331539850682020e-03,-1.721823401749134e-02
1609047171883438015,0,1609047171883438015,-3.392416536808014e-01,2.943024396896362e+00,5.525018692016602e+00,9.679951667785645e-01,2.506942451000214e-01,1.320748939178884e-03,-1.166459266096354e-02
1609047171990609741,0,1609047171990609741,-3.135290443897247e-01,2.929151296615601e+00,5.534191131591797e+00,9.680274724960327e-01,2.506909668445587e-01,1.972827594727278e-03,-8.551134727895260e-03
1609047172057034693,0,1609047172057034693,-2.981530427932739e-01,2.920706510543823e+00,5.534311771392822e+00,9.680734276771545e-01,2.505776286125183e-01,3.113285871222615e-03,-5.912492051720619e-03
1609047172164131935,0,1609047172164131935,-2.794261276721954e-01,2.907719850540161e+00,5.546425342559814e+00,9.680274128913879e-01,2.507956326007843e-01,4.474167712032795e-03,-2.148587256669998e-03
1609047172271252590,0,1609047172271252590,-2.600103020668030e-01,2.900763034820557e+00,5.545420646667480e+00,9.679775238037109e-01,2.509525120258331e-01,6.405975669622421e-03,-1.120558474212885e-03
1609047172368157370,0,1609047172368157370,-2.435418814420700e-01,2.895488739013672e+00,5.546220779418945e+00,9.679991602897644e-01,2.508381605148315e-01,7.463845890015364e-03,1.489939284510911e-03
1609047172469758665,0,1609047172469758665,-2.373738139867783e-01,2.888755559921265e+00,5.541195392608643e+00,9.679756164550781e-01,2.509361207485199e-01,7.241822779178619e-03,1.372330822050571e-03
1609047172576520995,0,1609047172576520995,-2.288929522037506e-01,2.890369892120361e+00,5.546691417694092e+00,9.679564833641052e-01,2.509863078594208e-01,8.029772900044918e-03,1.259424840100110e-03
1609047172679621805,0,1609047172679621805,-2.238394170999527e-01,2.896215200424194e+00,5.564794540405273e+00,9.679375290870667e-01,2.509903013706207e-01,9.444082155823708e-03,3.439421765506268e-03
1609047172786403340,0,1609047172786403340,-2.239975631237030e-01,2.901003599166870e+00,5.555466175079346e+00,9.678939580917358e-01,2.511067688465118e-01,1.023264788091183e-02,4.699082113802433e-03
1609047172883500111,0,1609047172883500111,-2.276640534400940e-01,2.909520626068115e+00,5.553861618041992e+00,9.679285287857056e-01,2.509424090385437e-01,9.802036918699741e-03,6.807019002735615e-03
1609047172996046126,0,1609047172996046126,-2.342126369476318e-01,2.920562028884888e+00,5.564091682434082e+00,9.678552150726318e-01,2.511023283004761e-01,1.089728809893131e-02,9.231081232428551e-03
1609047173092757242,0,1609047173092757242,-2.432136237621307e-01,2.929118394851685e+00,5.559769630432129e+00,9.678949117660522e-01,2.509088814258575e-01,1.064289081841707e-02,1.052890904247761e-02
1609047173164120059,0,1609047173164120059,-2.544355690479279e-01,2.939705133438110e+00,5.557980060577393e+00,9.678883552551270e-01,2.509073913097382e-01,9.887503460049629e-03,1.183092594146729e-02
1609047173261351378,0,1609047173261351378,-2.749387621879578e-01,2.958684682846069e+00,5.562488079071045e+00,9.679270386695862e-01,2.506817281246185e-01,8.204745128750801e-03,1.444191951304674e-02
1609047173363130246,0,1609047173363130246,-2.979940772056580e-01,2.978449106216431e+00,5.554999351501465e+00,9.678665995597839e-01,2.509431838989258e-01,6.495523266494274e-03,1.482208259403706e-02
1609047173470134250,0,1609047173470134250,-3.344137072563171e-01,3.003537416458130e+00,5.552528381347656e+00,9.678143858909607e-01,2.510627806186676e-01,4.751298576593399e-03,1.673825085163116e-02
1609047173566859930,0,1609047173566859930,-3.749043643474579e-01,3.030385971069336e+00,5.549791336059570e+00,9.677993655204773e-01,2.509483993053436e-01,1.840323791839182e-03,1.964543014764786e-02
1609047173673735397,0,1609047173673735397,-4.127442836761475e-01,3.062809705734253e+00,5.541361808776855e+00,9.677469134330750e-01,2.510835528373718e-01,-1.207691151648760e-03,2.053061872720718e-02
1609047173776971753,0,1609047173776971753,-4.541979730129242e-01,3.103441238403320e+00,5.534273624420166e+00,9.676833152770996e-01,2.510837018489838e-01,-3.933682106435299e-03,2.303377166390419e-02
1609047173878860886,0,1609047173878860886,-4.901584982872009e-01,3.147606372833252e+00,5.531897068023682e+00,9.676861166954041e-01,2.510128021240234e-01,-6.050706375390291e-03,2.322973124682903e-02
1609047173986072168,0,1609047173986072168,-5.346281528472900e-01,3.201351881027222e+00,5.530549526214600e+00,9.675878286361694e-01,2.512182891368866e-01,-7.806551642715931e-03,2.454013004899025e-02
1609047174082707464,0,1609047174082707464,-5.759595036506653e-01,3.256293773651123e+00,5.531216144561768e+00,9.675680994987488e-01,2.511877417564392e-01,-8.502981625497341e-03,2.538914978504181e-02
1609047174189475694,0,1609047174189475694,-6.215814352035522e-01,3.319032669067383e+00,5.529532432556152e+00,9.675622582435608e-01,2.511588037014008e-01,-9.826936759054661e-03,2.541811391711235e-02
1609047174265642438,0,1609047174265642438,-6.581078767776489e-01,3.374957084655762e+00,5.527555942535400e+00,9.676235318183899e-01,2.510520219802856e-01,-1.105388812720776e-02,2.357132919132710e-02
1609047174367392922,0,1609047174367392922,-7.042226195335388e-01,3.454590797424316e+00,5.519186496734619e+00,9.677137136459351e-01,2.508763074874878e-01,-1.230770722031593e-02,2.096902951598167e-02
1609047174474858992,0,1609047174474858992,-7.508392333984375e-01,3.546931028366089e+00,5.533609390258789e+00,9.678063988685608e-01,2.507876157760620e-01,-1.380239613354206e-02,1.630753278732300e-02
1609047174566824853,0,1609047174566824853,-7.917819023132324e-01,3.632655382156372e+00,5.533969402313232e+00,9.679092168807983e-01,2.505595684051514e-01,-1.604363694787025e-02,1.069737225770950e-02
1609047174694181556,0,1609047174694181556,-8.425313234329224e-01,3.741047143936157e+00,5.527744770050049e+00,9.679813385009766e-01,2.503123283386230e-01,-1.880944706499577e-02,-1.503888866864145e-03
1609047174770751450,0,1609047174770751450,-8.842962384223938e-01,3.827514410018921e+00,5.534842014312744e+00,9.680463671684265e-01,2.500164508819580e-01,-1.915507018566132e-02,-3.348699305206537e-03
1609047174888355881,0,1609047174888355881,-9.303401112556458e-01,3.935414075851440e+00,5.543707847595215e+00,9.678798913955688e-01,2.502005398273468e-01,-2.164299786090851e-02,-1.182428933680058e-02
1609047174986275198,0,1609047174986275198,-9.619454145431519e-01,4.026932239532471e+00,5.552564144134521e+00,9.677992463111877e-01,2.501057684421539e-01,-2.290521748363972e-02,-1.694437861442566e-02
1609047175084112771,0,1609047175084112771,-9.929485321044922e-01,4.124915599822998e+00,5.551765918731689e+00,9.676773548126221e-01,2.501762807369232e-01,-2.419782057404518e-02,-2.065991051495075e-02
1609047175186838760,0,1609047175186838760,-1.016226291656494e+00,4.218037128448486e+00,5.556972980499268e+00,9.674949049949646e-01,2.501074671745300e-01,-2.531458064913750e-02,-2.755123935639858e-02
1609047175290748477,0,1609047175290748477,-1.036920428276062e+00,4.311061382293701e+00,5.563957214355469e+00,9.672279953956604e-01,2.499051988124847e-01,-2.766002900898457e-02,-3.539043664932251e-02
1609047175357066497,0,1609047175357066497,-1.049530148506165e+00,4.375645160675049e+00,5.552718162536621e+00,9.668467044830322e-01,2.495042830705643e-01,-2.999213710427284e-02,-4.533824324607849e-02
1609047175465401426,0,1609047175465401426,-1.062793374061584e+00,4.470063209533691e+00,5.554407596588135e+00,9.660688638687134e-01,2.486032694578171e-01,-3.457242995500565e-02,-6.092774122953415e-02
1609047175562361248,0,1609047175562361248,-1.068799018859863e+00,4.547193527221680e+00,5.557142257690430e+00,9.649747014045715e-01,2.480716258287430e-01,-3.854553028941154e-02,-7.614950090646744e-02
1609047175666369521,0,1609047175666369521,-1.068326234817505e+00,4.614905357360840e+00,5.572675228118896e+00,9.640463590621948e-01,2.474652081727982e-01,-4.242409765720367e-02,-8.704015612602234e-02
1609047175773642179,0,1609047175773642179,-1.054401516914368e+00,4.665233612060547e+00,5.587276935577393e+00,9.630785584449768e-01,2.474693357944489e-01,-4.577053338289261e-02,-9.562349319458008e-02
1609047175880456643,0,1609047175880456643,-1.029632210731506e+00,4.700239181518555e+00,5.593150615692139e+00,9.627153873443604e-01,2.475064396858215e-01,-4.706475138664246e-02,-9.851202368736267e-02
1609047175982328411,0,1609047175982328411,-9.886869192123413e-01,4.715579509735107e+00,5.595175266265869e+00,9.626970291137695e-01,2.478026598691940e-01,-4.756616428494453e-02,-9.770273417234421e-02
1609047176079198793,0,1609047176079198793,-9.384941458702087e-01,4.716518402099609e+00,5.611271381378174e+00,9.639268517494202e-01,2.489658594131470e-01,-4.249876365065575e-02,-8.399357646703720e-02
1609047176181635575,0,1609047176181635575,-8.717865347862244e-01,4.700660705566406e+00,5.626880168914795e+00,9.651302099227905e-01,2.497938722372055e-01,-3.136212751269341e-02,-7.171484082937241e-02
1609047176288700023,0,1609047176288700023,-7.932431101799011e-01,4.662267684936523e+00,5.600890636444092e+00,9.660969376564026e-01,2.500597536563873e-01,-1.666322536766529e-02,-6.204103305935860e-02
1609047176386341281,0,1609047176386341281,-7.127477526664734e-01,4.610746383666992e+00,5.593797206878662e+00,9.668468236923218e-01,2.500775158405304e-01,-4.675648175179958e-03,-5.144543200731277e-02
1609047176464343216,0,1609047176464343216,-6.423464417457581e-01,4.567445755004883e+00,5.601080417633057e+00,9.670754671096802e-01,2.498528063297272e-01,5.054758395999670e-03,-4.809434711933136e-02
1609047176562443503,0,1609047176562443503,-5.544345974922180e-01,4.503053188323975e+00,5.624826908111572e+00,9.672963619232178e-01,2.494468092918396e-01,1.755357347428799e-02,-4.249671101570129e-02
1609047176665162577,0,1609047176665162577,-4.647266566753387e-01,4.442769050598145e+00,5.640035152435303e+00,9.673200845718384e-01,2.491611689329147e-01,2.593954280018806e-02,-3.921376168727875e-02
1609047176766968749,0,1609047176766968749,-3.916540741920471e-01,4.374084472656250e+00,5.659817218780518e+00,9.672685265541077e-01,2.488847523927689e-01,3.267625719308853e-02,-3.715149313211441e-02
1609047176869159831,0,1609047176869159831,-3.284579813480377e-01,4.297140121459961e+00,5.675215244293213e+00,9.673075079917908e-01,2.486780583858490e-01,3.308439627289772e-02,-3.716089203953743e-02
1609047176971587015,0,1609047176971587015,-2.791918516159058e-01,4.218392848968506e+00,5.701135635375977e+00,9.674354791641235e-01,2.491192370653152e-01,2.702810056507587e-02,-3.574656322598457e-02
1609047177083961250,0,1609047177083961250,-2.247416377067566e-01,4.134573459625244e+00,5.708118915557861e+00,9.676292538642883e-01,2.493615448474884e-01,1.695371419191360e-02,-3.500078618526459e-02
1609047177186036804,0,1609047177186036804,-1.916383653879166e-01,4.058527469635010e+00,5.714080333709717e+00,9.677760601043701e-01,2.496741712093353e-01,8.117529563605785e-03,-3.172207623720169e-02
1609047177282544058,0,1609047177282544058,-1.576567441225052e-01,3.969662666320801e+00,5.696444034576416e+00,9.677631855010986e-01,2.501582801342010e-01,-1.048399019055068e-03,-2.922642230987549e-02
1609047177385611632,0,1609047177385611632,-1.334220021963120e-01,3.873883485794067e+00,5.699646472930908e+00,9.676895737648010e-01,2.506093680858612e-01,-9.637390263378620e-03,-2.605633996427059e-02
1609047177487459533,0,1609047177487459533,-9.780478477478027e-02,3.780224800109863e+00,5.690175533294678e+00,9.676421284675598e-01,2.509074509143829e-01,-1.512302458286285e-02,-2.203539200127125e-02
1609047177563913776,0,1609047177563913776,-6.765343248844147e-02,3.698009014129639e+00,5.694413661956787e+00,9.675513505935669e-01,2.510881721973419e-01,-1.784791983664036e-02,-2.192481979727745e-02
1609047177666418578,0,1609047177666418578,-2.643804624676704e-02,3.590300559997559e+00,5.698077678680420e+00,9.675754904747009e-01,2.510678172111511e-01,-2.041509561240673e-02,-1.860197633504868e-02
1609047177773279313,0,1609047177773297487,2.389857731759548e-02,3.480319976806641e+00,5.701970577239990e+00,9.675934314727783e-01,2.510061562061310e-01,-2.165900543332100e-02,-1.702530868351460e-02
1609047177865404100,0,1609047177865404100,7.076308131217957e-02,3.390029668807983e+00,5.716135978698730e+00,9.675459861755371e-01,2.512845396995544e-01,-2.250143513083458e-02,-1.430657599121332e-02
1609047177967180094,0,1609047177967180094,1.252758502960205e-01,3.286395549774170e+00,5.722199916839600e+00,9.675658941268921e-01,2.513765692710876e-01,-2.182538434863091e-02,-1.224378123879433e-02
1609047178080147017,0,1609047178080147017,1.861640959978104e-01,3.186060905456543e+00,5.724690437316895e+00,9.675890803337097e-01,2.513981759548187e-01,-2.117489837110043e-02,-1.104817818850279e-02
1609047178182268426,0,1609047178182268426,2.428064793348312e-01,3.098762750625610e+00,5.719180583953857e+00,9.675937891006470e-01,2.515019774436951e-01,-1.962514407932758e-02,-1.113087031990290e-02
1609047178281196737,0,1609047178281196737,2.957329154014587e-01,3.012618064880371e+00,5.716183662414551e+00,9.676446318626404e-01,2.514234781265259e-01,-1.779644005000591e-02,-1.155250612646341e-02
1609047178383316025,0,1609047178383316025,3.547018468379974e-01,2.930684804916382e+00,5.710718154907227e+00,9.676684141159058e-01,2.514968514442444e-01,-1.478131767362356e-02,-1.219905447214842e-02
1609047178485965733,0,1609047178485965733,4.167783558368683e-01,2.845928192138672e+00,5.723770141601562e+00,9.676899313926697e-01,2.515076994895935e-01,-1.087950449436903e-02,-1.420868095010519e-02
1609047178587808302,0,1609047178587808302,4.780673682689667e-01,2.764988183975220e+00,5.722651481628418e+00,9.677710533142090e-01,2.513628900051117e-01,-4.921580664813519e-03,-1.455208659172058e-02
1609047178669855622,0,1609047178669855622,5.294158458709717e-01,2.694024085998535e+00,5.720237731933594e+00,9.677727222442627e-01,2.514593899250031e-01,-1.381135429255664e-03,-1.349717658013105e-02
1609047178761566778,0,1609047178761566778,5.923742055892944e-01,2.607383251190186e+00,5.709623813629150e+00,9.678094983100891e-01,2.514203786849976e-01,1.854323782026768e-03,-1.136783603578806e-02
1609047178863514578,0,1609047178863514578,6.582342982292175e-01,2.519075155258179e+00,5.733010292053223e+00,9.677729606628418e-01,2.517078518867493e-01,4.205932840704918e-03,-6.395221687853336e-03
1609047178965365718,0,1609047178965365718,7.189665436744690e-01,2.434117078781128e+00,5.714784145355225e+00,9.676931500434875e-01,2.520832717418671e-01,4.893693141639233e-03,1.139980013249442e-04
1609047179077273648,0,1609047179077273648,7.795283198356628e-01,2.341787099838257e+00,5.697601795196533e+00,9.676226377487183e-01,2.522930800914764e-01,5.004289560019970e-03,5.447867326438427e-03
1609047179184059924,0,1609047179184059924,8.308120965957642e-01,2.257068634033203e+00,5.678131580352783e+00,9.676099419593811e-01,2.522404193878174e-01,4.918823018670082e-03,9.032311849296093e-03
1609047179275514819,0,1609047179275514819,8.627004623413086e-01,2.188162088394165e+00,5.680471420288086e+00,9.675272107124329e-01,2.524155378341675e-01,5.172568373382092e-03,1.228238362818956e-02
1609047179377488152,0,1609047179377488152,9.009202718734741e-01,2.110610961914062e+00,5.665848731994629e+00,9.675152897834778e-01,2.523949444293976e-01,3.841509576886892e-03,1.400456391274929e-02
1609047179489715168,0,1609047179489715168,9.392082691192627e-01,2.035797357559204e+00,5.650978565216064e+00,9.675481319427490e-01,2.524731457233429e-01,3.483792825136334e-04,1.038550492376089e-02
1609047179591770770,0,1609047179591770770,9.629418253898621e-01,1.978778958320618e+00,5.660035610198975e+00,9.675872325897217e-01,2.523668110370636e-01,-3.441623644903302e-03,8.609545417129993e-03
1609047179693842590,0,1609047179693842590,9.929259419441223e-01,1.922157764434814e+00,5.656339645385742e+00,9.675979018211365e-01,2.523790299892426e-01,-7.127686403691769e-03,2.907987451180816e-03
1609047179765261868,0,1609047179765261868,1.009018659591675e+00,1.884866714477539e+00,5.662604331970215e+00,9.675834178924561e-01,2.523303627967834e-01,-1.051189471036196e-02,-1.069428632035851e-03
1609047179862299105,0,1609047179862299105,1.031067132949829e+00,1.839259982109070e+00,5.671470165252686e+00,9.675471782684326e-01,2.522644698619843e-01,-1.384772453457117e-02,-4.829950165003538e-03
1609047179969184912,0,1609047179969184912,1.065758585929871e+00,1.789415836334229e+00,5.666571140289307e+00,9.674431681632996e-01,2.523228824138641e-01,-1.684061065316200e-02,-1.016255561262369e-02
1609047180070746434,0,1609047180070746434,1.099085450172424e+00,1.744468450546265e+00,5.673608303070068e+00,9.673452377319336e-01,2.521861493587494e-01,-1.980934664607048e-02,-1.590534299612045e-02
1609047180174417014,0,1609047180174417014,1.127854824066162e+00,1.702106475830078e+00,5.689770698547363e+00,9.672698378562927e-01,2.521202862262726e-01,-2.123598754405975e-02,-1.932580582797527e-02
1609047180271163222,0,1609047180271163222,1.156073808670044e+00,1.662827134132385e+00,5.697339057922363e+00,9.671648740768433e-01,2.522556483745575e-01,-2.236359752714634e-02,-2.142829634249210e-02
1609047180373053785,0,1609047180373053785,1.192997574806213e+00,1.620340704917908e+00,5.699223995208740e+00,9.670911431312561e-01,2.524107396602631e-01,-2.258253097534180e-02,-2.266149781644344e-02
1609047180490333047,0,1609047180490333047,1.238117218017578e+00,1.565897583961487e+00,5.698935508728027e+00,9.670348763465881e-01,2.523940801620483e-01,-2.368860319256783e-02,-2.407347038388252e-02
1609047180592164103,0,1609047180592164103,1.277589082717896e+00,1.516763448715210e+00,5.706358432769775e+00,9.669843316078186e-01,2.525154352188110e-01,-2.419683709740639e-02,-2.432647533714771e-02
1609047180683745148,0,1609047180683745148,1.324482679367065e+00,1.468320131301880e+00,5.703856945037842e+00,9.669466018676758e-01,2.524211704730988e-01,-2.537831105291843e-02,-2.557107247412205e-02
1609047180786446141,0,1609047180786446141,1.378722310066223e+00,1.418407440185547e+00,5.704667568206787e+00,9.669301509857178e-01,2.524783909320831e-01,-2.541796304285526e-02,-2.558733709156513e-02
1609047180862806713,0,1609047180862806713,1.425743699073792e+00,1.371887922286987e+00,5.699356079101562e+00,9.669016599655151e-01,2.522614598274231e-01,-2.595009841024876e-02,-2.814195677638054e-02
1609047180964926995,0,1609047180964926995,1.496282219886780e+00,1.307899951934814e+00,5.698741436004639e+00,9.668061733245850e-01,2.522472739219666e-01,-2.679277211427689e-02,-3.064666688442230e-02
1609047181066951336,0,1609047181066951336,1.561821460723877e+00,1.241056084632874e+00,5.700047016143799e+00,9.666349887847900e-01,2.521170079708099e-01,-2.779534459114075e-02,-3.579378128051758e-02
1609047181168779879,0,1609047181168779879,1.628992915153503e+00,1.178771138191223e+00,5.706171512603760e+00,9.666205644607544e-01,2.518019080162048e-01,-2.723148278892040e-02,-3.871648013591766e-02
1609047181271171865,0,1609047181271171865,1.700940489768982e+00,1.116577029228210e+00,5.717683315277100e+00,9.667781591415405e-01,2.517489194869995e-01,-2.371864579617977e-02,-3.741688653826714e-02
1609047181378107167,0,1609047181378107167,1.774453401565552e+00,1.050409913063049e+00,5.726542949676514e+00,9.669176936149597e-01,2.520491182804108e-01,-1.676704175770283e-02,-3.550232946872711e-02
1609047181480051770,0,1609047181480051770,1.857784509658813e+00,9.760549068450928e-01,5.717541217803955e+00,9.670652151107788e-01,2.517917454242706e-01,-1.004962064325809e-02,-3.584452718496323e-02
1609047181576793049,0,1609047181576793049,1.937934041023254e+00,8.990575075149536e-01,5.716006278991699e+00,9.672237634658813e-01,2.516196668148041e-01,-1.943845767527819e-03,-3.408962488174438e-02
1609047181688808175,0,1609047181688808175,2.025411367416382e+00,8.204271197319031e-01,5.717001438140869e+00,9.673641920089722e-01,2.516748607158661e-01,7.200195454061031e-03,-2.854034490883350e-02
1609047181786596035,0,1609047181786596035,2.100913286209106e+00,7.434350252151489e-01,5.721446037292480e+00,9.674291610717773e-01,2.516200244426727e-01,1.533895544707775e-02,-2.308339625597000e-02
1609047181888481525,0,1609047181888481525,2.171951055526733e+00,6.558983325958252e-01,5.718938350677490e+00,9.674229025840759e-01,2.516905069351196e-01,2.213971689343452e-02,-1.595588028430939e-02
1609047181956199407,0,1609047181956199407,2.223455190658569e+00,5.862790942192078e-01,5.712919235229492e+00,9.674048423767090e-01,2.518549263477325e-01,2.502101100981236e-02,-8.422981016337872e-03
1609047182058200887,0,1609047182058200887,2.293081998825073e+00,4.869714677333832e-01,5.710052013397217e+00,9.673158526420593e-01,2.521847784519196e-01,2.596129849553108e-02,5.387713667005301e-03
1609047182170449914,0,1609047182170449914,2.360386133193970e+00,3.832972049713135e-01,5.684926986694336e+00,9.671667218208313e-01,2.526085972785950e-01,2.316016145050526e-02,1.552632078528404e-02
1609047182267861450,0,1609047182267861450,2.409440517425537e+00,2.965739369392395e-01,5.663506507873535e+00,9.671396613121033e-01,2.526386976242065e-01,1.807518675923347e-02,2.209067903459072e-02
1609047182380572913,0,1609047182380572913,2.449291467666626e+00,2.045597285032272e-01,5.649000644683838e+00,9.671195149421692e-01,2.527998089790344e-01,1.129830535501242e-02,2.538973651826382e-02
1609047182472194285,0,1609047182472194285,2.472850561141968e+00,1.371850520372391e-01,5.642659187316895e+00,9.671245813369751e-01,2.528896629810333e-01,5.529413931071758e-03,2.619789727032185e-02
1609047182574015164,0,1609047182574015164,2.490660429000854e+00,7.243599742650986e-02,5.640136241912842e+00,9.671358466148376e-01,2.529415786266327e-01,-3.101174297626130e-05,2.586312964558601e-02
1609047182684904459,0,1609047182684904459,2.505838155746460e+00,1.434617023915052e-02,5.641633033752441e+00,9.671513438224792e-01,2.530185878276825e-01,-4.315719474107027e-03,2.411059476435184e-02
1609047182781651562,0,1609047182781651562,2.516350507736206e+00,-3.074580617249012e-02,5.624368190765381e+00,9.672225713729858e-01,2.530253529548645e-01,-8.694010786712170e-03,1.957608200609684e-02
1609047182889414424,0,1609047182889414424,2.532270431518555e+00,-7.191694527864456e-02,5.604987621307373e+00,9.673945307731628e-01,2.527737617492676e-01,-1.223888900130987e-02,1.017170306295156e-02
1609047182987703383,0,1609047182987703383,2.537478685379028e+00,-1.001477539539337e-01,5.598503589630127e+00,9.674763679504395e-01,2.524648010730743e-01,-1.581943221390247e-02,9.450869983993471e-04
1609047183064121077,0,1609047183064121077,2.547740936279297e+00,-1.192443370819092e-01,5.602951049804688e+00,9.674901366233826e-01,2.522420287132263e-01,-1.795171387493610e-02,-3.807966364547610e-03
1609047183171708000,0,1609047183171708000,2.565673589706421e+00,-1.413233578205109e-01,5.607588768005371e+00,9.673574566841125e-01,2.523401975631714e-01,-2.103357203304768e-02,-1.008014380931854e-02
1609047183273931878,0,1609047183273931878,2.589310407638550e+00,-1.610755473375320e-01,5.596939563751221e+00,9.672563672065735e-01,2.522852718830109e-01,-2.290443703532219e-02,-1.558192539960146e-02
1609047183366293039,0,1609047183366293039,2.606597423553467e+00,-1.760395467281342e-01,5.587015628814697e+00,9.671785831451416e-01,2.522874772548676e-01,-2.398394420742989e-02,-1.848112605512142e-02
1609047183468261228,0,1609047183468261228,2.635412931442261e+00,-1.995191574096680e-01,5.573255538940430e+00,9.670950770378113e-01,2.521859109401703e-01,-2.493924275040627e-02,-2.252713590860367e-02
1609047183570138851,0,1609047183570138851,2.664565086364746e+00,-2.298189848661423e-01,5.572117805480957e+00,9.670457243919373e-01,2.519686818122864e-01,-2.651030011475086e-02,-2.513028122484684e-02
1609047183678743561,0,1609047183678743561,2.699453115463257e+00,-2.657355666160583e-01,5.564395904541016e+00,9.669020771980286e-01,2.517465353012085e-01,-2.810117043554783e-02,-3.056630678474903e-02
1609047183790844594,0,1609047183790844594,2.728941679000854e+00,-3.004419505596161e-01,5.569459438323975e+00,9.668118357658386e-01,2.521383762359619e-01,-2.776869945228100e-02,-3.049871884286404e-02
1609047183887613313,0,1609047183887613313,2.766142368316650e+00,-3.342194259166718e-01,5.578017711639404e+00,9.668912887573242e-01,2.521433830261230e-01,-2.462562918663025e-02,-3.063567914068699e-02
1609047183984282157,0,1609047183984282157,2.810631275177002e+00,-3.683644533157349e-01,5.572797775268555e+00,9.669722914695740e-01,2.523349821567535e-01,-1.921033672988415e-02,-3.037714958190918e-02
1609047184086211939,0,1609047184086211939,2.859866380691528e+00,-4.122663736343384e-01,5.565889835357666e+00,9.671278595924377e-01,2.521735429763794e-01,-1.132992655038834e-02,-3.072256967425346e-02
1609047184167655106,0,1609047184167655106,2.904576539993286e+00,-4.481804072856903e-01,5.560405731201172e+00,9.671694040298462e-01,2.521390914916992e-01,-3.364712698385119e-03,-3.159219399094582e-02
1609047184259663670,0,1609047184259663670,2.959575653076172e+00,-4.955285489559174e-01,5.559129714965820e+00,9.672562479972839e-01,2.518835961818695e-01,5.035994574427605e-03,-3.073898330330849e-02
1609047184362392704,0,1609047184362392704,3.014040231704712e+00,-5.482929348945618e-01,5.560061454772949e+00,9.671249985694885e-01,2.518720626831055e-01,1.299521140754223e-02,-3.257102891802788e-02
1609047184464231445,0,1609047184464231445,3.066172838211060e+00,-6.019411087036133e-01,5.552466869354248e+00,9.670864343643188e-01,2.519235610961914e-01,1.788566261529922e-02,-3.096031025052071e-02
1609047184571802849,0,1609047184571802849,3.112519025802612e+00,-6.589410305023193e-01,5.542494773864746e+00,9.671310186386108e-01,2.522823810577393e-01,1.780525408685207e-02,-2.634648047387600e-02
1609047184673855354,0,1609047184673855354,3.147563934326172e+00,-7.220211029052734e-01,5.548387527465820e+00,9.671815633773804e-01,2.525232136249542e-01,1.657528802752495e-02,-2.274391241371632e-02
1609047184776354617,0,1609047184776354617,3.176480770111084e+00,-7.871117591857910e-01,5.540881633758545e+00,9.673159122467041e-01,2.527169883251190e-01,1.268446445465088e-02,-1.652829907834530e-02
1609047184878360492,0,1609047184878360492,3.207287073135376e+00,-8.575149774551392e-01,5.519960880279541e+00,9.673772454261780e-01,2.528378367424011e-01,8.050805889070034e-03,-1.376829948276281e-02
1609047184980227415,0,1609047184980227415,3.227638959884644e+00,-9.291208386421204e-01,5.509171485900879e+00,9.674113392829895e-01,2.529379725456238e-01,4.057446029037237e-03,-1.100962422788143e-02
1609047185082092722,0,1609047185082092722,3.244818210601807e+00,-1.002230525016785e+00,5.508064270019531e+00,9.675041437149048e-01,2.526417374610901e-01,-2.377894270466641e-04,-1.038742437958717e-02
1609047185189165750,0,1609047185189165750,3.259685754776001e+00,-1.073027968406677e+00,5.512853622436523e+00,9.675046205520630e-01,2.526165246963501e-01,-3.493394935503602e-03,-1.037346851080656e-02
1609047185260553336,0,1609047185260553336,3.269829988479614e+00,-1.127687931060791e+00,5.521002769470215e+00,9.674845933914185e-01,2.527527213096619e-01,-5.852697417140007e-03,-7.445924449712038e-03
1609047185357303405,0,1609047185357303405,3.280125141143799e+00,-1.202649474143982e+00,5.531245231628418e+00,9.674693346023560e-01,2.528007924556732e-01,-9.317394345998764e-03,-2.827283227816224e-03
1609047185464258922,0,1609047185464258922,3.293191194534302e+00,-1.272399425506592e+00,5.526391983032227e+00,9.673407673835754e-01,2.531659305095673e-01,-1.205074694007635e-02,3.689674893394113e-03
1609047185576566678,0,1609047185576566678,3.310902357101440e+00,-1.339998126029968e+00,5.511043548583984e+00,9.672247171401978e-01,2.534003853797913e-01,-1.257490366697311e-02,1.032579597085714e-02
1609047185673316989,0,1609047185673316989,3.326835155487061e+00,-1.395033121109009e+00,5.493552684783936e+00,9.671404361724854e-01,2.534435093402863e-01,-1.326298713684082e-02,1.516490709036589e-02
1609047185770999452,0,1609047185770999452,3.338863134384155e+00,-1.445361733436584e+00,5.470505714416504e+00,9.671059250831604e-01,2.533994019031525e-01,-1.336237043142319e-02,1.778300106525421e-02
1609047185872983173,0,1609047185872983173,3.348814725875854e+00,-1.489842772483826e+00,5.446242809295654e+00,9.671602249145508e-01,2.532894313335419e-01,-1.398698054254055e-02,1.580735109746456e-02
1609047185982168783,0,1609047185982168783,3.372377157211304e+00,-1.535133719444275e+00,5.428081512451172e+00,9.673752784729004e-01,2.527042031288147e-01,-1.732542738318443e-02,5.055471789091825e-03
1609047186084009587,0,1609047186084009587,3.386948108673096e+00,-1.562323689460754e+00,5.452540397644043e+00,9.673385620117188e-01,2.526548206806183e-01,-2.047355659306049e-02,-1.571504166349769e-03
1609047186190874990,0,1609047186190874990,3.402141571044922e+00,-1.583645582199097e+00,5.469275474548340e+00,9.673032760620117e-01,2.523951530456543e-01,-2.311002463102341e-02,-9.330437518656254e-03
1609047186287448787,0,1609047186287448787,3.415870428085327e+00,-1.600921511650085e+00,5.459330081939697e+00,9.672421216964722e-01,2.523086667060852e-01,-2.448443323373795e-02,-1.355151832103729e-02
1609047186363977307,0,1609047186363977307,3.430052518844604e+00,-1.618893861770630e+00,5.450517654418945e+00,9.671384096145630e-01,2.524116337299347e-01,-2.534317784011364e-02,-1.701160706579685e-02
1609047186465687960,0,1609047186465687960,3.456143140792847e+00,-1.642037987709045e+00,5.436137676239014e+00,9.670723080635071e-01,2.525269985198975e-01,-2.578317560255527e-02,-1.834399439394474e-02
1609047186572546209,0,1609047186572546209,3.489414453506470e+00,-1.672585368156433e+00,5.417065620422363e+00,9.670632481575012e-01,2.523233592510223e-01,-2.602506615221500e-02,-2.107960358262062e-02
1609047186664043628,0,1609047186664043628,3.516231298446655e+00,-1.695507526397705e+00,5.408601760864258e+00,9.671471714973450e-01,2.523243725299835e-01,-2.077265456318855e-02,-2.296529710292816e-02
1609047186775965662,0,1609047186775965662,3.549019098281860e+00,-1.727813839912415e+00,5.399341583251953e+00,9.671620130538940e-01,2.526110708713531e-01,-1.347603462636471e-02,-2.457333542406559e-02
1609047186883507310,0,1609047186883507310,3.588795661926270e+00,-1.763210535049438e+00,5.400660514831543e+00,9.672014713287354e-01,2.526143193244934e-01,-5.550319328904152e-03,-2.601214312016964e-02
1609047186980144626,0,1609047186980144626,3.627831935882568e+00,-1.798936009407043e+00,5.404023170471191e+00,9.671720266342163e-01,2.526169121265411e-01,2.697553252801299e-03,-2.749264799058437e-02
1609047187082190083,0,1609047187082190083,3.669139862060547e+00,-1.836209416389465e+00,5.406454086303711e+00,9.670976400375366e-01,2.524778544902802e-01,8.047170937061310e-03,-3.020601719617844e-02
1609047187184311120,0,1609047187184311120,3.700561761856079e+00,-1.878761768341064e+00,5.419617176055908e+00,9.670850634574890e-01,2.522183656692505e-01,1.353172399103642e-02,-3.081240877509117e-02
1609047187291165525,0,1609047187291165525,3.733836889266968e+00,-1.924864292144775e+00,5.423202991485596e+00,9.670433998107910e-01,2.522832453250885e-01,1.625079847872257e-02,-3.026604279875755e-02
1609047187387907921,0,1609047187387907921,3.760348081588745e+00,-1.976528406143188e+00,5.431682586669922e+00,9.671590328216553e-01,2.524156868457794e-01,1.444676797837019e-02,-2.609995752573013e-02
1609047187469449503,0,1609047187469449503,3.779800891876221e+00,-2.025446891784668e+00,5.439731121063232e+00,9.672832489013672e-01,2.528796792030334e-01,8.737354539334774e-03,-1.840453408658504e-02
1609047187566206956,0,1609047187566206956,3.804909944534302e+00,-2.087275266647339e+00,5.427649497985840e+00,9.674170613288879e-01,2.528572678565979e-01,5.793902557343245e-03,-1.157750468701124e-02
1609047187662958934,0,1609047187662958934,3.819622516632080e+00,-2.151560306549072e+00,5.409703254699707e+00,9.674487709999084e-01,2.530321776866913e-01,2.561348490417004e-03,-3.316970309242606e-03
1609047187765535376,0,1609047187765535376,3.838774681091309e+00,-2.218242406845093e+00,5.392181873321533e+00,9.674015045166016e-01,2.532022893428802e-01,-1.627619349164888e-04,4.792409949004650e-03
1609047187867470448,0,1609047187867470448,3.848695516586304e+00,-2.282929420471191e+00,5.374513626098633e+00,9.673510789871216e-01,2.531849443912506e-01,-2.326087327674031e-03,1.113187335431576e-02
1609047187969608703,0,1609047187969608703,3.855046272277832e+00,-2.340920925140381e+00,5.362603664398193e+00,9.672762155532837e-01,2.532164454460144e-01,-2.170707331970334e-03,1.592070795595646e-02
1609047188073665680,0,1609047188073665680,3.856859922409058e+00,-2.391230583190918e+00,5.368235111236572e+00,9.670999050140381e-01,2.533865571022034e-01,-6.280213710851967e-04,2.264289930462837e-02
1609047188175523556,0,1609047188175523556,3.861286401748657e+00,-2.435854196548462e+00,5.362425804138184e+00,9.669381380081177e-01,2.535333931446075e-01,1.404173090122640e-03,2.737623266875744e-02
1609047188292546420,0,1609047188292546420,3.862766265869141e+00,-2.471266031265259e+00,5.351289272308350e+00,9.667647480964661e-01,2.536818087100983e-01,4.730438813567162e-03,3.145024180412292e-02
1609047188384436096,0,1609047188384436096,3.857377529144287e+00,-2.491434812545776e+00,5.343260288238525e+00,9.665614962577820e-01,2.539567053318024e-01,7.153470534831285e-03,3.483834490180016e-02
1609047188491920643,0,1609047188491920643,3.851241350173950e+00,-2.510320425033569e+00,5.336646080017090e+00,9.663806557655334e-01,2.541401982307434e-01,8.795957081019878e-03,3.799841180443764e-02
1609047188563453970,0,1609047188563453970,3.844923734664917e+00,-2.513091325759888e+00,5.328242778778076e+00,9.662880897521973e-01,2.543437778949738e-01,8.879886940121651e-03,3.895948082208633e-02
1609047188660998147,0,1609047188660998147,3.826199769973755e+00,-2.511563062667847e+00,5.320087432861328e+00,9.663232564926147e-01,2.542884647846222e-01,8.117021992802620e-03,3.861293569207191e-02
1609047188762752307,0,1609047188762752307,3.800107717514038e+00,-2.502236843109131e+00,5.316272735595703e+00,9.663700461387634e-01,2.543609440326691e-01,4.489374812692404e-03,3.754004836082458e-02
1609047188876007786,0,1609047188876007786,3.765068769454956e+00,-2.483380317687988e+00,5.309381484985352e+00,9.666285514831543e-01,2.539988756179810e-01,-1.048894948326051e-03,3.336028382182121e-02
1609047188972664912,0,1609047188972664912,3.729677915573120e+00,-2.455003023147583e+00,5.316039085388184e+00,9.667066931724548e-01,2.540795207023621e-01,-4.987525753676891e-03,2.994770370423794e-02
1609047189069350751,0,1609047189069350751,3.689236402511597e+00,-2.419073581695557e+00,5.306089878082275e+00,9.668202400207520e-01,2.541059255599976e-01,-8.496755734086037e-03,2.483224868774414e-02
1609047189181519664,0,1609047189181519664,3.642239809036255e+00,-2.372463464736938e+00,5.307100772857666e+00,9.668904542922974e-01,2.541320025920868e-01,-1.168837491422892e-02,2.008079364895821e-02
1609047189289871968,0,1609047189289871968,3.600579261779785e+00,-2.325639724731445e+00,5.294670581817627e+00,9.670204520225525e-01,2.539130747318268e-01,-1.409670524299145e-02,1.417004410177469e-02
1609047189381474400,0,1609047189381474400,3.561984062194824e+00,-2.276186466217041e+00,5.307923316955566e+00,9.670466184616089e-01,2.538574039936066e-01,-1.600790396332741e-02,1.100020017474890e-02
1609047189488402887,0,1609047189488402887,3.523311376571655e+00,-2.213746786117554e+00,5.314109325408936e+00,9.671338200569153e-01,2.536854743957520e-01,-1.549518015235662e-02,7.471357006579638e-03
1609047189584769577,0,1609047189584769577,3.489373922348022e+00,-2.149826288223267e+00,5.288619518280029e+00,9.672071337699890e-01,2.534862756729126e-01,-1.588215120136738e-02,1.647027325816453e-03
1609047189661221064,0,1609047189661221064,3.455516099929810e+00,-2.099976301193237e+00,5.282576084136963e+00,9.672678709030151e-01,2.532428205013275e-01,-1.592847332358360e-02,-2.687437226995826e-03
1609047189758631357,0,1609047189758631357,3.423368930816650e+00,-2.030146837234497e+00,5.275454044342041e+00,9.672875404357910e-01,2.530236542224884e-01,-1.589773409068584e-02,-9.012273512780666e-03
1609047189866369578,0,1609047189866369578,3.384723901748657e+00,-1.954825401306152e+00,5.281654834747314e+00,9.673429131507874e-01,2.527029812335968e-01,-1.485316269099712e-02,-1.297471299767494e-02
1609047189963778246,0,1609047189963778246,3.354956626892090e+00,-1.889648318290710e+00,5.284304618835449e+00,9.673290848731995e-01,2.526515126228333e-01,-1.355156116187572e-02,-1.606492698192596e-02
1609047190070771342,0,1609047190070771342,3.325645208358765e+00,-1.824258327484131e+00,5.283499717712402e+00,9.672974348068237e-01,2.526799440383911e-01,-1.168787386268377e-02,-1.876316405832767e-02
1609047190182881787,0,1609047190182881787,3.303158521652222e+00,-1.765751481056213e+00,5.280297756195068e+00,9.673007130622864e-01,2.526226937770844e-01,-9.615188464522362e-03,-2.046460658311844e-02
1609047190285147262,0,1609047190285147262,3.286260128021240e+00,-1.711640954017639e+00,5.272145748138428e+00,9.673107862472534e-01,2.525276541709900e-01,-7.797592319548130e-03,-2.188624814152718e-02
1609047190377019987,0,1609047190377019987,3.267565488815308e+00,-1.664718985557556e+00,5.265827655792236e+00,9.672955870628357e-01,2.524906694889069e-01,-6.765817757695913e-03,-2.328084781765938e-02
1609047190479122669,0,1609047190479122669,3.244665384292603e+00,-1.616776466369629e+00,5.271459102630615e+00,9.673386812210083e-01,2.523785829544067e-01,-5.223437212407589e-03,-2.309981733560562e-02
1609047190588245636,0,1609047190588245636,3.226334571838379e+00,-1.569064855575562e+00,5.265832901000977e+00,9.673434495925903e-01,2.523441016674042e-01,-4.273426253348589e-03,-2.347251214087009e-02
1609047190685294754,0,1609047190685294754,3.208652734756470e+00,-1.528274416923523e+00,5.269631385803223e+00,9.673133492469788e-01,2.524016797542572e-01,-3.912939690053463e-03,-2.414332330226898e-02
1609047190766916657,0,1609047190766916657,3.191879272460938e+00,-1.496149897575378e+00,5.272076606750488e+00,9.673435091972351e-01,2.524017393589020e-01,-3.840180113911629e-03,-2.291911654174328e-02
1609047190861234329,0,1609047190861234329,3.168852329254150e+00,-1.462285518646240e+00,5.275098323822021e+00,9.673790335655212e-01,2.522168755531311e-01,-4.535517189651728e-03,-2.332198247313499e-02
1609047190963761472,0,1609047190963761472,3.143953800201416e+00,-1.425393819808960e+00,5.272645473480225e+00,9.674447178840637e-01,2.519553601741791e-01,-5.231856834143400e-03,-2.327722683548927e-02
1609047191066246163,0,1609047191066246163,3.122979164123535e+00,-1.392501115798950e+00,5.279207706451416e+00,9.674441814422607e-01,2.520368099212646e-01,-6.155547685921192e-03,-2.216412872076035e-02
1609047191185357063,0,1609047191185357063,3.099678039550781e+00,-1.365362167358398e+00,5.284163951873779e+00,9.673916697502136e-01,2.520832717418671e-01,-7.682399358600378e-03,-2.341933920979500e-02
1609047191277818158,0,1609047191277818158,3.081711292266846e+00,-1.344430923461914e+00,5.292621135711670e+00,9.673530459403992e-01,2.520143687725067e-01,-9.609918110072613e-03,-2.498959936201572e-02
1609047191374697538,0,1609047191374697538,3.063704967498779e+00,-1.326745867729187e+00,5.317372322082520e+00,9.673199653625488e-01,2.519238591194153e-01,-1.172306761145592e-02,-2.625199407339096e-02
1609047191476585892,0,1609047191476585892,3.049545526504517e+00,-1.309611558914185e+00,5.350459575653076e+00,9.672102928161621e-01,2.519354820251465e-01,-1.378035824745893e-02,-2.903410419821739e-02
1609047191594468850,0,1609047191594468850,3.031893968582153e+00,-1.295920491218567e+00,5.400649547576904e+00,9.672469496726990e-01,2.518157660961151e-01,-1.485134381800890e-02,-2.831346914172173e-02
1609047191693389233,0,1609047191693389233,3.017749071121216e+00,-1.285277962684631e+00,5.440301418304443e+00,9.672442674636841e-01,2.520126402378082e-01,-1.454549003392458e-02,-2.677191048860550e-02
1609047191790607443,0,1609047191790607443,3.011076211929321e+00,-1.280413508415222e+00,5.466798782348633e+00,9.672908782958984e-01,2.518611252307892e-01,-1.497309003025293e-02,-2.627154998481274e-02
1609047191857012063,0,1609047191857012063,3.007517576217651e+00,-1.274968504905701e+00,5.491094112396240e+00,9.673061370849609e-01,2.518346607685089e-01,-1.601218059659004e-02,-2.533471025526524e-02
1609047191960383787,0,1609047191960383787,3.001511335372925e+00,-1.271902441978455e+00,5.533191680908203e+00,9.673418402671814e-01,2.518603801727295e-01,-1.749573089182377e-02,-2.258550934493542e-02
1609047192062358140,0,1609047192062358140,3.006244659423828e+00,-1.270459294319153e+00,5.570458412170410e+00,9.673038721084595e-01,2.519889175891876e-01,-1.901191845536232e-02,-2.152759023010731e-02
1609047192169483834,0,1609047192169483834,3.008198976516724e+00,-1.273329257965088e+00,5.601194858551025e+00,9.672917723655701e-01,2.519364356994629e-01,-2.036436274647713e-02,-2.144820429384708e-02
1609047192266571220,0,1609047192266571220,3.011950016021729e+00,-1.277651190757751e+00,5.628590583801270e+00,9.672375321388245e-01,2.519421577453613e-01,-2.178845554590225e-02,-2.240405231714249e-02
1609047192369022577,0,1609047192369022577,3.017805099487305e+00,-1.287174701690674e+00,5.662185192108154e+00,9.671933650970459e-01,2.518008351325989e-01,-2.336455136537552e-02,-2.423952892422676e-02
1609047192486363628,0,1609047192486363628,3.030516386032104e+00,-1.296745657920837e+00,5.700197696685791e+00,9.670936465263367e-01,2.516246736049652e-01,-2.494930289685726e-02,-2.815016545355320e-02
1609047192578039254,0,1609047192578039254,3.042077064514160e+00,-1.303442716598511e+00,5.733563423156738e+00,9.670276641845703e-01,2.514585554599762e-01,-2.620593085885048e-02,-3.064876049757004e-02
1609047192679894311,0,1609047192679894311,3.064359903335571e+00,-1.313356399536133e+00,5.757613658905029e+00,9.668988585472107e-01,2.511979043483734e-01,-2.762139961123466e-02,-3.525857627391815e-02
1609047192781694131,0,1609047192781694131,3.089599370956421e+00,-1.323424816131592e+00,5.791759967803955e+00,9.667121767997742e-01,2.511690557003021e-01,-2.944257110357285e-02,-3.892104700207710e-02
1609047192884831287,0,1609047192884831287,3.117242336273193e+00,-1.342057824134827e+00,5.823942661285400e+00,9.666072726249695e-01,2.510344386100769e-01,-3.104185126721859e-02,-4.109229519963264e-02
1609047192961138329,0,1609047192961138329,3.145472764968872e+00,-1.355226755142212e+00,5.854454517364502e+00,9.665941596031189e-01,2.513781189918518e-01,-3.161842003464699e-02,-3.879545256495476e-02
1609047193062811344,0,1609047193062811344,3.197227239608765e+00,-1.381104230880737e+00,5.890385627746582e+00,9.667511582374573e-01,2.516070604324341e-01,-2.954526245594025e-02,-3.483102470636368e-02
1609047193169848736,0,1609047193169848736,3.237725734710693e+00,-1.416270971298218e+00,5.907265663146973e+00,9.668805003166199e-01,2.515724301338196e-01,-2.731395140290260e-02,-3.327973559498787e-02
1609047193265356708,0,1609047193265356708,3.287860155105591e+00,-1.450900793075562e+00,5.941534996032715e+00,9.670261740684509e-01,2.516502141952515e-01,-2.486925199627876e-02,-3.023532778024673e-02
1609047193367092473,0,1609047193367092473,3.342697143554688e+00,-1.486917376518250e+00,5.977941036224365e+00,9.672222137451172e-01,2.513979971408844e-01,-2.205413766205311e-02,-2.817478030920029e-02
1609047193474044328,0,1609047193474044328,3.400876998901367e+00,-1.525042295455933e+00,6.015443325042725e+00,9.673556685447693e-01,2.512389123439789e-01,-1.924767345190048e-02,-2.704853191971779e-02
1609047193580836559,0,1609047193580836559,3.465575456619263e+00,-1.567499160766602e+00,6.051748275756836e+00,9.674623608589172e-01,2.509474158287048e-01,-1.564149372279644e-02,-2.823741920292377e-02
1609047193677452049,0,1609047193677452049,3.522724866867065e+00,-1.608824372291565e+00,6.081662654876709e+00,9.675700068473816e-01,2.506100535392761e-01,-1.242541149258614e-02,-2.913204766809940e-02
1609047193779562588,0,1609047193779562588,3.586202383041382e+00,-1.651264905929565e+00,6.118992805480957e+00,9.676368832588196e-01,2.502742707729340e-01,-8.481460623443127e-03,-3.113990835845470e-02
1609047193881645613,0,1609047193881645613,3.652306079864502e+00,-1.693357348442078e+00,6.163012981414795e+00,9.676412940025330e-01,2.502442896366119e-01,-6.212163250893354e-03,-3.177185356616974e-02
1609047193988851647,0,1609047193988851647,3.709372758865356e+00,-1.739722013473511e+00,6.215307712554932e+00,9.677643775939941e-01,2.498645931482315e-01,-4.135591909289360e-03,-3.134905546903610e-02
1609047194054995550,0,1609047194054995550,3.758342981338501e+00,-1.779048442840576e+00,6.248569488525391e+00,9.677735567092896e-01,2.497632354497910e-01,-4.499049391597509e-03,-3.181783854961395e-02
1609047194158502372,0,1609047194158502372,3.829839706420898e+00,-1.840643525123596e+00,6.300387382507324e+00,9.677740335464478e-01,2.496260106563568e-01,-4.444629885256290e-03,-3.287511318922043e-02
1609047194260403366,0,1609047194260403366,3.892250776290894e+00,-1.904663443565369e+00,6.338457107543945e+00,9.678584337234497e-01,2.493679970502853e-01,-3.414497477933764e-03,-3.246602788567543e-02
1609047194372217836,0,1609047194372217836,3.960460186004639e+00,-1.970817446708679e+00,6.360144615173340e+00,9.679176211357117e-01,2.494681924581528e-01,-1.835127477534115e-03,-2.996338717639446e-02
1609047194473851113,0,1609047194473851113,4.021389007568359e+00,-2.035555124282837e+00,6.388213157653809e+00,9.680022001266479e-01,2.495620399713516e-01,-1.254901755601168e-03,-2.625171467661858e-02
1609047194570490101,0,1609047194570490101,4.081041812896729e+00,-2.101315498352051e+00,6.420536041259766e+00,9.680981636047363e-01,2.494562864303589e-01,3.823332372121513e-04,-2.361134067177773e-02
1609047194672211981,0,1609047194672211981,4.140311717987061e+00,-2.169878244400024e+00,6.450009822845459e+00,9.682418704032898e-01,2.493045181035995e-01,4.433064255863428e-03,-1.831012777984142e-02
1609047194779123639,0,1609047194779123639,4.198051929473877e+00,-2.240007638931274e+00,6.474739551544189e+00,9.682387113571167e-01,2.496894001960754e-01,8.957653306424618e-03,-9.429630823433399e-03
1609047194892264108,0,1609047194892264108,4.247912883758545e+00,-2.311001300811768e+00,6.496523380279541e+00,9.681396484375000e-01,2.501853108406067e-01,1.060441229492426e-02,6.453241803683341e-04
1609047194989042434,0,1609047194989042434,4.293771266937256e+00,-2.378097057342529e+00,6.518423557281494e+00,9.679543375968933e-01,2.505142688751221e-01,1.083099283277988e-02,1.377180032432079e-02
1609047195085717572,0,1609047195085717572,4.334442615509033e+00,-2.432384252548218e+00,6.509198188781738e+00,9.675822854042053e-01,2.510403394699097e-01,1.197723764926195e-02,2.489457838237286e-02
1609047195162013951,0,1609047195162013951,4.364105224609375e+00,-2.484813451766968e+00,6.501960754394531e+00,9.670851826667786e-01,2.515547573566437e-01,9.490195661783218e-03,3.710092976689339e-02
1609047195270046560,0,1609047195270046560,4.400003433227539e+00,-2.549293279647827e+00,6.483882904052734e+00,9.666916728019714e-01,2.515709400177002e-01,7.163438946008682e-03,4.656293243169785e-02
1609047195361637274,0,1609047195361637274,4.425515174865723e+00,-2.593421697616577e+00,6.482294559478760e+00,9.664016366004944e-01,2.515367269515991e-01,5.089477635920048e-03,5.264396592974663e-02
1609047195463574762,0,1609047195463574762,4.443605422973633e+00,-2.625918388366699e+00,6.481430530548096e+00,9.663247466087341e-01,2.513778507709503e-01,3.226049942895770e-03,5.491201579570770e-02
1609047195565849414,0,1609047195565849414,4.447586536407471e+00,-2.635754585266113e+00,6.482358455657959e+00,9.663993120193481e-01,2.513346672058105e-01,1.042809337377548e-03,5.387068539857864e-02
1609047195677663548,0,1609047195677663548,4.449350833892822e+00,-2.635589838027954e+00,6.426850318908691e+00,9.671077132225037e-01,2.509201467037201e-01,-4.798442590981722e-03,4.145756363868713e-02
1609047195784613243,0,1609047195784613243,4.456832408905029e+00,-2.619740486145020e+00,6.426546096801758e+00,9.677946567535400e-01,2.502704560756683e-01,-1.150311809033155e-02,2.461257949471474e-02
1609047195876590803,0,1609047195876590803,4.450665950775146e+00,-2.589664459228516e+00,6.482107639312744e+00,9.680786132812500e-01,2.497550249099731e-01,-1.828366331756115e-02,1.057738810777664e-02
1609047195978586862,0,1609047195978586862,4.443796634674072e+00,-2.549408197402954e+00,6.531372070312500e+00,9.679949879646301e-01,2.498409003019333e-01,-2.374712564051151e-02,-1.148560782894492e-03
1609047196090920461,0,1609047196090920461,4.444193840026855e+00,-2.503611803054810e+00,6.547296524047852e+00,9.678789377212524e-01,2.496542930603027e-01,-2.750449813902378e-02,-1.125541515648365e-02
1609047196196230644,0,1609047196196230644,4.446082592010498e+00,-2.456796407699585e+00,6.558057785034180e+00,9.677670598030090e-01,2.498433887958527e-01,-2.755073457956314e-02,-1.568558812141418e-02
1609047196263256113,0,1609047196263256113,4.452480792999268e+00,-2.426456689834595e+00,6.559741020202637e+00,9.678449034690857e-01,2.495656013488770e-01,-2.499551512300968e-02,-1.919688656926155e-02
1609047196365279363,0,1609047196365279363,4.462382793426514e+00,-2.384933233261108e+00,6.578753471374512e+00,9.677709937095642e-01,2.501068711280823e-01,-2.127937041223049e-02,-2.032654732465744e-02
1609047196461917787,0,1609047196461917787,4.482624053955078e+00,-2.350081682205200e+00,6.583723068237305e+00,9.677770733833313e-01,2.500047683715820e-01,-1.779469102621078e-02,-2.426115237176418e-02
1609047196563778302,0,1609047196563778302,4.508686542510986e+00,-2.312876939773560e+00,6.608856678009033e+00,9.678020477294922e-01,2.498729377985001e-01,-1.238566543906927e-02,-2.773713134229183e-02
1609047196680852449,0,1609047196680852449,4.535391330718994e+00,-2.283560991287231e+00,6.606568813323975e+00,9.678583741188049e-01,2.496465593576431e-01,-4.795382265001535e-03,-3.006300143897533e-02
1609047196778037385,0,1609047196778037385,4.560104370117188e+00,-2.258809328079224e+00,6.627410888671875e+00,9.677681922912598e-01,2.497961521148682e-01,-1.626523444429040e-04,-3.204251453280449e-02
1609047196874794346,0,1609047196874794346,4.585408210754395e+00,-2.237279415130615e+00,6.626735210418701e+00,9.677146077156067e-01,2.496684193611145e-01,5.259952973574400e-03,-3.415576368570328e-02
1609047196978503634,0,1609047196978503634,4.608609199523926e+00,-2.223673582077026e+00,6.628785610198975e+00,9.676710963249207e-01,2.494207322597504e-01,8.443402126431465e-03,-3.647996485233307e-02
1609047197080239506,0,1609047197080239506,4.627182960510254e+00,-2.212070226669312e+00,6.624200820922852e+00,9.674889445304871e-01,2.495835870504379e-01,1.471865456551313e-02,-3.816570341587067e-02
1609047197181783018,0,1609047197181783018,4.638280391693115e+00,-2.207137107849121e+00,6.622254848480225e+00,9.674463868141174e-01,2.496524155139923e-01,2.097097039222717e-02,-3.579840436577797e-02
1609047197288488253,0,1609047197288488253,4.652534961700439e+00,-2.214603900909424e+00,6.619869709014893e+00,9.674156904220581e-01,2.494880259037018e-01,2.345818467438221e-02,-3.622842207551003e-02
1609047197354661032,0,1609047197354661032,4.657380104064941e+00,-2.220814466476440e+00,6.630201339721680e+00,9.673975706100464e-01,2.495768815279007e-01,2.463972009718418e-02,-3.530494123697281e-02
1609047197459180008,0,1609047197459180008,4.660444259643555e+00,-2.236357688903809e+00,6.621841430664062e+00,9.673511981964111e-01,2.494590431451797e-01,2.738573588430882e-02,-3.538163006305695e-02
1609047197565988483,0,1609047197565988483,4.653975009918213e+00,-2.261355161666870e+00,6.634799003601074e+00,9.674597978591919e-01,2.499072551727295e-01,2.549097500741482e-02,-3.030211851000786e-02
1609047197672821885,0,1609047197672821885,4.644953727722168e+00,-2.294839620590210e+00,6.653121948242188e+00,9.676919579505920e-01,2.505041956901550e-01,2.071486040949821e-02,-1.976872794330120e-02
1609047197769665170,0,1609047197769665170,4.628595352172852e+00,-2.322133302688599e+00,6.648139476776123e+00,9.678161740303040e-01,2.509857118129730e-01,1.600573025643826e-02,-9.048910811543465e-03
1609047197871518838,0,1609047197871518838,4.607335567474365e+00,-2.354782581329346e+00,6.607869148254395e+00,9.678126573562622e-01,2.514411211013794e-01,1.066761557012796e-02,1.485675224103034e-03
1609047197975652751,0,1609047197975652751,4.576353549957275e+00,-2.391901493072510e+00,6.593082904815674e+00,9.677056074142456e-01,2.517332136631012e-01,6.049050949513912e-03,1.181490067392588e-02
1609047198082467526,0,1609047198082467526,4.542908191680908e+00,-2.426589727401733e+00,6.575862884521484e+00,9.676290154457092e-01,2.516706585884094e-01,3.031362313777208e-03,1.861978322267532e-02
1609047198184247339,0,1609047198184247339,4.507654666900635e+00,-2.451802015304565e+00,6.561109066009521e+00,9.674711227416992e-01,2.519134879112244e-01,5.871645407751203e-04,2.321457304060459e-02
1609047198286554257,0,1609047198286554257,4.469963073730469e+00,-2.472640037536621e+00,6.553715229034424e+00,9.674351215362549e-01,2.519122660160065e-01,-7.656681700609624e-04,2.467536553740501e-02
1609047198393480744,0,1609047198393480744,4.425320625305176e+00,-2.484755277633667e+00,6.562771320343018e+00,9.674404859542847e-01,2.519001066684723e-01,-2.764617558568716e-03,2.444542571902275e-02
1609047198454593948,0,1609047198454593948,4.396474361419678e+00,-2.487187862396240e+00,6.555633544921875e+00,9.675685763359070e-01,2.516117990016937e-01,-3.373696934431791e-03,2.216225489974022e-02
1609047198566572530,0,1609047198566572530,4.344177722930908e+00,-2.478066205978394e+00,6.563018321990967e+00,9.675226211547852e-01,2.518374025821686e-01,-4.030869342386723e-03,2.148619480431080e-02
1609047198673744435,0,1609047198673744435,4.294065952301025e+00,-2.463027238845825e+00,6.560767650604248e+00,9.674009680747986e-01,2.522096335887909e-01,-4.984408617019653e-03,2.237748354673386e-02
1609047198765550145,0,1609047198765550145,4.253026485443115e+00,-2.446444988250732e+00,6.549960136413574e+00,9.673797488212585e-01,2.521859407424927e-01,-5.758751183748245e-03,2.335973270237446e-02
1609047198867382446,0,1609047198867382446,4.204601287841797e+00,-2.418426275253296e+00,6.530376434326172e+00,9.673464894294739e-01,2.522592246532440e-01,-5.573273636400700e-03,2.397850714623928e-02
1609047198969544254,0,1609047198969544254,4.149533271789551e+00,-2.383742570877075e+00,6.518729209899902e+00,9.672527909278870e-01,2.524295151233673e-01,-5.029087886214256e-03,2.600441873073578e-02
1609047199077202726,0,1609047199077202726,4.093488693237305e+00,-2.344032049179077e+00,6.495811939239502e+00,9.671994447708130e-01,2.524967789649963e-01,-4.211224149912596e-03,2.743754908442497e-02
1609047199178959770,0,1609047199178959770,4.041002273559570e+00,-2.301023960113525e+00,6.490722656250000e+00,9.671202898025513e-01,2.526450157165527e-01,-3.258231328800321e-03,2.895225770771503e-02
1609047199280713286,0,1609047199280713286,3.987750530242920e+00,-2.249067068099976e+00,6.486402511596680e+00,9.671191573143005e-01,2.525507807731628e-01,-3.512419294565916e-03,2.977101877331734e-02
1609047199382448107,0,1609047199382448107,3.931551218032837e+00,-2.190788984298706e+00,6.484130859375000e+00,9.670078158378601e-01,2.528008818626404e-01,-3.327384823933244e-03,3.124982491135597e-02
1609047199490239424,0,1609047199490239424,3.870360136032104e+00,-2.122194528579712e+00,6.474433422088623e+00,9.670786857604980e-01,2.526701092720032e-01,-3.994735423475504e-03,3.001222573220730e-02
1609047199556465632,0,1609047199556465632,3.822211980819702e+00,-2.067940235137939e+00,6.470998764038086e+00,9.671377539634705e-01,2.525758147239685e-01,-4.239236004650593e-03,2.884375490248203e-02
1609047199658400386,0,1609047199658400386,3.749279737472534e+00,-1.981095910072327e+00,6.469541072845459e+00,9.672164916992188e-01,2.524604797363281e-01,-6.083645857870579e-03,2.681620791554451e-02
1609047199760336775,0,1609047199760336775,3.677808523178101e+00,-1.890768289566040e+00,6.471494197845459e+00,9.673259258270264e-01,2.522631287574768e-01,-8.093852549791336e-03,2.404915355145931e-02
1609047199864287170,0,1609047199864287170,3.606466531753540e+00,-1.794284462928772e+00,6.462742805480957e+00,9.674531817436218e-01,2.520054578781128e-01,-9.753585793077946e-03,2.079330943524837e-02
1609047199976401481,0,1609047199976401481,3.529469251632690e+00,-1.691622734069824e+00,6.477587699890137e+00,9.675815105438232e-01,2.516897618770599e-01,-1.247266028076410e-02,1.681205444037914e-02
1609047200078731412,0,1609047200078731412,3.463424444198608e+00,-1.592751979827881e+00,6.466802120208740e+00,9.677341580390930e-01,2.513857483863831e-01,-1.395728159695864e-02,1.005589030683041e-02
1609047200171611903,0,1609047200171611903,3.396719455718994e+00,-1.487507700920105e+00,6.472193717956543e+00,9.678434133529663e-01,2.509752810001373e-01,-1.638454757630825e-02,4.719221498817205e-03
1609047200288974617,0,1609047200288974617,3.324786901473999e+00,-1.367209672927856e+00,6.483135223388672e+00,9.679028391838074e-01,2.506243586540222e-01,-1.854284293949604e-02,-2.798420609906316e-03
1609047200380852858,0,1609047200380852858,3.262687683105469e+00,-1.264900207519531e+00,6.491043567657471e+00,9.679007530212402e-01,2.504617571830750e-01,-1.977000199258327e-02,-6.806057412177324e-03
1609047200493271942,0,1609047200493271942,3.197605609893799e+00,-1.148290991783142e+00,6.512926101684570e+00,9.678865075111389e-01,2.502668797969818e-01,-2.069337479770184e-02,-1.157431770116091e-02
1609047200590001547,0,1609047200590001547,3.140278339385986e+00,-1.046885371208191e+00,6.535650253295898e+00,9.678447842597961e-01,2.501928508281708e-01,-2.220011875033379e-02,-1.368739828467369e-02
1609047200656163342,0,1609047200656163342,3.097599506378174e+00,-9.640654921531677e-01,6.545131206512451e+00,9.678291082382202e-01,2.500865161418915e-01,-2.282205596566200e-02,-1.557895075529814e-02
1609047200757976936,0,1609047200757976936,3.036140203475952e+00,-8.444052338600159e-01,6.556148052215576e+00,9.679416418075562e-01,2.497058659791946e-01,-2.220633625984192e-02,-1.558686047792435e-02
1609047200865238144,0,1609047200865238144,2.982159614562988e+00,-7.244850993156433e-01,6.564455032348633e+00,9.678493738174438e-01,2.499778866767883e-01,-2.281323075294495e-02,-1.606787368655205e-02
1609047200972324362,0,1609047200972324362,2.937247753143311e+00,-6.189572811126709e-01,6.561325550079346e+00,9.678339362144470e-01,2.496921420097351e-01,-2.387082390487194e-02,-1.952942274510860e-02
1609047201069541556,0,1609047201069541556,2.898045539855957e+00,-5.209400653839111e-01,6.569367408752441e+00,9.677184820175171e-01,2.498107850551605e-01,-2.472959272563457e-02,-2.244949340820312e-02
1609047201172085856,0,1609047201172085856,2.857951879501343e+00,-4.239656031131744e-01,6.572654247283936e+00,9.677077531814575e-01,2.495426386594772e-01,-2.532684057950974e-02,-2.507834881544113e-02
1609047201279139525,0,1609047201279139525,2.820552110671997e+00,-3.204238116741180e-01,6.571050643920898e+00,9.676167368888855e-01,2.496544569730759e-01,-2.576195448637009e-02,-2.695824578404427e-02
1609047201375743592,0,1609047201375743592,2.797342777252197e+00,-2.361911386251450e-01,6.560877799987793e+00,9.675019979476929e-01,2.495562732219696e-01,-2.639661915600300e-02,-3.106303326785564e-02
1609047201482840505,0,1609047201482840505,2.778396844863892e+00,-1.480063199996948e-01,6.554447174072266e+00,9.673540592193604e-01,2.492418885231018e-01,-2.748174965381622e-02,-3.673371672630310e-02
1609047201590820468,0,1609047201590820468,2.749084711074829e+00,-6.390999257564545e-02,6.568914413452148e+00,9.670992493629456e-01,2.488624751567841e-01,-2.928600646555424e-02,-4.391896352171898e-02
1609047201687445611,0,1609047201687445611,2.735500097274780e+00,9.495289996266365e-03,6.566162109375000e+00,9.669053554534912e-01,2.485099136829376e-01,-2.974697574973106e-02,-4.951724782586098e-02
1609047201768898453,0,1609047201768898453,2.727226257324219e+00,7.050240784883499e-02,6.578293323516846e+00,9.668476581573486e-01,2.483446002006531e-01,-2.879198268055916e-02,-5.197640135884285e-02
1609047201865721647,0,1609047201865721647,2.722685575485229e+00,1.350013762712479e-01,6.575810909271240e+00,9.667781591415405e-01,2.482135742902756e-01,-2.710244618356228e-02,-5.473158881068230e-02
1609047201967487234,0,1609047201967487234,2.727267265319824e+00,1.977757215499878e-01,6.579477787017822e+00,9.668424129486084e-01,2.484917640686035e-01,-2.336801029741764e-02,-5.405087396502495e-02
1609047202064253830,0,1609047202064253830,2.731735229492188e+00,2.492402642965317e-01,6.585204124450684e+00,9.672139286994934e-01,2.488363236188889e-01,-1.724950224161148e-02,-4.775250330567360e-02
1609047202171593185,0,1609047202171593185,2.745020866394043e+00,2.904384732246399e-01,6.577551841735840e+00,9.674612879753113e-01,2.491513341665268e-01,-1.015048474073410e-02,-4.288753867149353e-02
1609047202269832260,0,1609047202269832260,2.758040428161621e+00,3.131073117256165e-01,6.572584152221680e+00,9.676777124404907e-01,2.491943836212158e-01,-4.482571035623550e-03,-3.849843889474869e-02
1609047202384007343,0,1609047202384007343,2.777761220932007e+00,3.361286520957947e-01,6.572264671325684e+00,9.677788019180298e-01,2.491018772125244e-01,9.145431686192751e-04,-3.676460310816765e-02
1609047202475785236,0,1609047202475785236,2.798087596893311e+00,3.510537147521973e-01,6.575471401214600e+00,9.678804278373718e-01,2.489327937364578e-01,4.698814358562231e-03,-3.490127250552177e-02
1609047202588997415,0,1609047202588997415,2.813870668411255e+00,3.604671657085419e-01,6.597479343414307e+00,9.678971171379089e-01,2.489362657070160e-01,7.145970128476620e-03,-3.398398309946060e-02
1609047202686118533,0,1609047202686118533,2.825384140014648e+00,3.644237816333771e-01,6.608304977416992e+00,9.678432941436768e-01,2.490092366933823e-01,8.718997240066528e-03,-3.461023792624474e-02
1609047202787930103,0,1609047202787930103,2.830536842346191e+00,3.661878705024719e-01,6.613634109497070e+00,9.678924083709717e-01,2.488608211278915e-01,9.117250330746174e-03,-3.419676423072815e-02
1609047202864330844,0,1609047202864330844,2.835338354110718e+00,3.613587021827698e-01,6.621132850646973e+00,9.678847193717957e-01,2.489841431379318e-01,9.573525749146938e-03,-3.338168561458588e-02
1609047202956127692,0,1609047202956127692,2.840160608291626e+00,3.493938744068146e-01,6.620788097381592e+00,9.678816795349121e-01,2.489075511693954e-01,1.063572056591511e-02,-3.371955081820488e-02
1609047203069390846,0,1609047203069390846,2.838357448577881e+00,3.355224430561066e-01,6.632267475128174e+00,9.678542017936707e-01,2.490107864141464e-01,1.463397406041622e-02,-3.221625089645386e-02
1609047203176744478,0,1609047203176744478,2.832526683807373e+00,3.164649307727814e-01,6.642470836639404e+00,9.679186344146729e-01,2.491988092660904e-01,1.647908613085747e-02,-2.760315127670765e-02
1609047203274705753,0,1609047203274705753,2.822999477386475e+00,2.905271649360657e-01,6.658305644989014e+00,9.680194258689880e-01,2.495062351226807e-01,1.596335135400295e-02,-2.074265666306019e-02
1609047203371362002,0,1609047203371362002,2.812669038772583e+00,2.653749585151672e-01,6.664584636688232e+00,9.681118130683899e-01,2.498570829629898e-01,1.349067408591509e-02,-1.221119984984398e-02
1609047203473202552,0,1609047203473202552,2.800660610198975e+00,2.358981817960739e-01,6.654856681823730e+00,9.681252837181091e-01,2.502852380275726e-01,9.238655678927898e-03,-2.343705156818032e-03
1609047203576884443,0,1609047203576884443,2.787311315536499e+00,2.042006403207779e-01,6.622228622436523e+00,9.681056141853333e-01,2.504938840866089e-01,2.995798364281654e-03,3.927496727555990e-03
1609047203678749363,0,1609047203678749363,2.762268066406250e+00,1.771711409091949e-01,6.611994743347168e+00,9.679982662200928e-01,2.506960928440094e-01,-3.342766780406237e-03,1.093940809369087e-02
1609047203795872813,0,1609047203795872813,2.732555389404297e+00,1.530435085296631e-01,6.600133419036865e+00,9.678921103477478e-01,2.507520318031311e-01,-8.093181066215038e-03,1.558284182101488e-02
1609047203893483406,0,1609047203893483406,2.700924634933472e+00,1.346557587385178e-01,6.599253177642822e+00,9.678142666816711e-01,2.506667971611023e-01,-1.175974588841200e-02,1.906715705990791e-02
1609047203954563695,0,1609047203954563695,2.680937290191650e+00,1.254939138889313e-01,6.598507404327393e+00,9.677903652191162e-01,2.505786716938019e-01,-1.344396546483040e-02,2.028391510248184e-02
1609047204056440816,0,1609047204056440816,2.646926403045654e+00,1.248446926474571e-01,6.599472999572754e+00,9.676873087882996e-01,2.507232129573822e-01,-1.501634903252125e-02,2.222048863768578e-02
1609047204169569120,0,1609047204169569120,2.612492799758911e+00,1.301683485507965e-01,6.604143619537354e+00,9.676548838615417e-01,2.506686151027679e-01,-1.583663560450077e-02,2.363507449626923e-02
1609047204271672549,0,1609047204271672549,2.587115526199341e+00,1.414500474929810e-01,6.607865333557129e+00,9.676110148429871e-01,2.508556544780731e-01,-1.638448424637318e-02,2.306374162435532e-02
1609047204369585626,0,1609047204369585626,2.559403657913208e+00,1.638595312833786e-01,6.606635570526123e+00,9.675728678703308e-01,2.509514391422272e-01,-1.705441437661648e-02,2.313773334026337e-02
1609047204477957543,0,1609047204477957543,2.532229900360107e+00,1.941374987363815e-01,6.595312595367432e+00,9.676178693771362e-01,2.509258091449738e-01,-1.658931188285351e-02,2.183727733790874e-02
1609047204586546029,0,1609047204586546029,2.503574132919312e+00,2.321401387453079e-01,6.595055580139160e+00,9.676507115364075e-01,2.508596479892731e-01,-1.635772734880447e-02,2.130412496626377e-02
1609047204678675555,0,1609047204678675555,2.482043981552124e+00,2.705110311508179e-01,6.580744743347168e+00,9.676392078399658e-01,2.509891390800476e-01,-1.625075377523899e-02,2.036481909453869e-02
1609047204780466851,0,1609047204780466851,2.459374427795410e+00,3.152168393135071e-01,6.578276157379150e+00,9.676471948623657e-01,2.511655986309052e-01,-1.630940474569798e-02,1.756933331489563e-02
1609047204882521894,0,1609047204882521894,2.434513330459595e+00,3.671402335166931e-01,6.569056987762451e+00,9.677605628967285e-01,2.509600222110748e-01,-1.754880696535110e-02,1.227548625320196e-02
1609047204994555876,0,1609047204994555876,2.406718492507935e+00,4.280714988708496e-01,6.565126419067383e+00,9.678524136543274e-01,2.507568597793579e-01,-1.911022886633873e-02,4.188393708318472e-03
1609047205060758130,0,1609047205060758130,2.386711120605469e+00,4.766125679016113e-01,6.583276748657227e+00,9.678764939308167e-01,2.506214380264282e-01,-2.007706090807915e-02,1.002310775220394e-03
1609047205162911971,0,1609047205162911971,2.359955787658691e+00,5.470893383026123e-01,6.594195365905762e+00,9.678774476051331e-01,2.503765523433685e-01,-2.211432717740536e-02,-5.989179480820894e-03
1609047205259633456,0,1609047205259633456,2.336686611175537e+00,6.203126907348633e-01,6.603226184844971e+00,9.677929282188416e-01,2.502816021442413e-01,-2.385353110730648e-02,-1.292284019291401e-02
1609047205366556952,0,1609047205366556952,2.317255735397339e+00,6.961366534233093e-01,6.624946594238281e+00,9.677802920341492e-01,2.502672672271729e-01,-2.245342731475830e-02,-1.622883789241314e-02
1609047205474293291,0,1609047205474293291,2.304839611053467e+00,7.643486857414246e-01,6.625724315643311e+00,9.677642583847046e-01,2.502813935279846e-01,-1.955771073698997e-02,-2.022641152143478e-02
1609047205576823391,0,1609047205576823391,2.293950557708740e+00,8.302241563796997e-01,6.631798744201660e+00,9.677685499191284e-01,2.504175603389740e-01,-1.528043020516634e-02,-2.194664441049099e-02
1609047205678568705,0,1609047205678568705,2.288321256637573e+00,8.910862803459167e-01,6.620864391326904e+00,9.677811264991760e-01,2.504150271415710e-01,-1.027749292552471e-02,-2.421448193490505e-02
1609047205775315095,0,1609047205775315095,2.281122922897339e+00,9.450004100799561e-01,6.636898040771484e+00,9.678826928138733e-01,2.500468194484711e-01,-4.935157019644976e-03,-2.560026384890079e-02
1609047205888099641,0,1609047205888099641,2.277636528015137e+00,1.005664825439453e+00,6.627752780914307e+00,9.678136706352234e-01,2.502269744873047e-01,-4.686629690695554e-04,-2.688625641167164e-02
1609047205989966006,0,1609047205989989986,2.273137569427490e+00,1.055617094039917e+00,6.623169422149658e+00,9.677999019622803e-01,2.501011788845062e-01,3.034248016774654e-03,-2.834850922226906e-02
1609047206088236914,0,1609047206088236914,2.265345335006714e+00,1.097947359085083e+00,6.624858856201172e+00,9.678434133529663e-01,2.498182654380798e-01,5.486767273396254e-03,-2.898081764578819e-02
1609047206164655775,0,1609047206164655775,2.256564617156982e+00,1.132570743560791e+00,6.629921436309814e+00,9.678120613098145e-01,2.499162107706070e-01,6.970324087888002e-03,-2.886407263576984e-02
1609047206261443135,0,1609047206261443135,2.243497848510742e+00,1.170840859413147e+00,6.621072769165039e+00,9.677886962890625e-01,2.497848570346832e-01,8.751834742724895e-03,-3.026806190609932e-02
1609047206373716682,0,1609047206373716682,2.225378990173340e+00,1.207517981529236e+00,6.620008945465088e+00,9.677487015724182e-01,2.497630417346954e-01,1.015945337712765e-02,-3.126790001988411e-02
1609047206465955538,0,1609047206465955538,2.207810163497925e+00,1.229532718658447e+00,6.624606132507324e+00,9.678992033004761e-01,2.491653859615326e-01,1.074215769767761e-02,-3.118317946791649e-02
1609047206567660806,0,1609047206567660806,2.183216333389282e+00,1.247227907180786e+00,6.623404979705811e+00,9.689869284629822e-01,2.448549866676331e-01,9.933625347912312e-03,-3.180783614516258e-02
1609047206669423116,0,1609047206669423116,2.159108877182007e+00,1.262400031089783e+00,6.613901615142822e+00,9.709267020225525e-01,2.370655685663223e-01,9.032810106873512e-03,-3.193331509828568e-02
1609047206771288215,0,1609047206771288215,2.136555671691895e+00,1.271924257278442e+00,6.610215663909912e+00,9.735708236694336e-01,2.260530292987823e-01,8.371842093765736e-03,-3.146141767501831e-02
1609047206878821596,0,1609047206878821596,2.114018440246582e+00,1.275787234306335e+00,6.608232021331787e+00,9.768993258476257e-01,2.113815546035767e-01,8.484704419970512e-03,-3.022474795579910e-02
1609047206986274328,0,1609047206986274328,2.088576793670654e+00,1.270017147064209e+00,6.599015235900879e+00,9.802298545837402e-01,1.954263895750046e-01,7.589673157781363e-03,-3.000798076391220e-02
1609047207083266008,0,1609047207083266008,2.069578409194946e+00,1.262528181076050e+00,6.596961021423340e+00,9.830062985420227e-01,1.811565905809402e-01,6.869401317089796e-03,-2.887532860040665e-02
1609047207185536616,0,1609047207185536616,2.047290802001953e+00,1.248780965805054e+00,6.595205307006836e+00,9.855848550796509e-01,1.667508184909821e-01,6.520556285977364e-03,-2.782303839921951e-02
1609047207267720589,0,1609047207267720589,2.018324375152588e+00,1.235076308250427e+00,6.590207576751709e+00,9.875770211219788e-01,1.547392457723618e-01,5.734256934374571e-03,-2.673060446977615e-02
1609047207369710988,0,1609047207369710988,1.973699450492859e+00,1.216232419013977e+00,6.581007957458496e+00,9.900319576263428e-01,1.384565830230713e-01,4.790022969245911e-03,-2.536745555698872e-02
1609047207461363911,0,1609047207461363911,1.934347510337830e+00,1.194147706031799e+00,6.573556423187256e+00,9.921010136604309e-01,1.229037120938301e-01,3.454995807260275e-03,-2.486602962017059e-02
1609047207563993105,0,1609047207563993105,1.891613245010376e+00,1.164427518844604e+00,6.574966430664062e+00,9.942013621330261e-01,1.047545000910759e-01,1.785673783160746e-03,-2.422842569649220e-02
1609047207676090725,0,1609047207676090725,1.847941398620605e+00,1.130376100540161e+00,6.582170009613037e+00,9.961701631546021e-01,8.431436121463776e-02,1.196420053020120e-03,-2.312572300434113e-02
1609047207777727423,0,1609047207777727423,1.807554483413696e+00,1.096477270126343e+00,6.596268653869629e+00,9.976496696472168e-01,6.509823352098465e-02,5.610009538941085e-04,-2.137677185237408e-02
1609047207886015480,0,1609047207886015480,1.766790390014648e+00,1.058186173439026e+00,6.596107006072998e+00,9.988133907318115e-01,4.425826668739319e-02,2.403826074441895e-04,-2.032335847616196e-02
1609047207982903503,0,1609047207982903503,1.726659774780273e+00,1.019157409667969e+00,6.601279258728027e+00,9.994845390319824e-01,2.554250136017799e-02,-8.351765427505597e-05,-1.945060864090919e-02
1609047208080135770,0,1609047208080135770,1.684063434600830e+00,9.781026840209961e-01,6.608808517456055e+00,9.998165369033813e-01,6.397784221917391e-03,-2.392036112723872e-04,-1.805228926241398e-02
1609047208182258038,0,1609047208182258038,1.639096856117249e+00,9.333348274230957e-01,6.611155509948730e+00,9.997597932815552e-01,-1.335133146494627e-02,2.635933924466372e-04,-1.738352142274380e-02
1609047208284317936,0,1609047208284317936,1.589411616325378e+00,8.890264630317688e-01,6.612633228302002e+00,9.993221759796143e-01,-3.309049457311630e-02,1.508255722001195e-03,-1.606429927051067e-02
1609047208356674148,0,1609047208356674148,1.550656557083130e+00,8.529151082038879e-01,6.613008975982666e+00,9.986610412597656e-01,-4.926322028040886e-02,2.729053609073162e-03,-1.555175520479679e-02
1609047208464769834,0,1609047208464769834,1.491840004920959e+00,8.032003641128540e-01,6.617015838623047e+00,9.972005486488342e-01,-7.352608442306519e-02,5.746573209762573e-03,-1.233079936355352e-02
1609047208561503054,0,1609047208561503054,1.439294457435608e+00,7.529339194297791e-01,6.607603073120117e+00,9.953808784484863e-01,-9.515478461980820e-02,9.260597638785839e-03,-8.759848773479462e-03
1609047208663198227,0,1609047208663198227,1.379751682281494e+00,7.020857930183411e-01,6.601465702056885e+00,9.928777813911438e-01,-1.182487607002258e-01,1.396788470447063e-02,-3.995124716311693e-03
1609047208774941067,0,1609047208774941067,1.318932175636292e+00,6.466344594955444e-01,6.588543891906738e+00,9.895734190940857e-01,-1.429987102746964e-01,1.719527132809162e-02,3.299722156953067e-04
1609047208876711498,0,1609047208876711498,1.257142066955566e+00,5.956194996833801e-01,6.582850933074951e+00,9.861447215080261e-01,-1.648699939250946e-01,1.787242665886879e-02,4.128229338675737e-03
1609047208973635903,0,1609047208973635903,1.198149323463440e+00,5.487385988235474e-01,6.566042900085449e+00,9.825981855392456e-01,-1.848663538694382e-01,1.753105409443378e-02,4.228315781801939e-03
1609047209075608903,0,1609047209075608903,1.129373788833618e+00,4.995449483394623e-01,6.545916557312012e+00,9.794088602066040e-01,-2.010604143142700e-01,1.788704842329025e-02,3.633118933066726e-03
1609047209192746180,0,1609047209192746180,1.048681616783142e+00,4.606519341468811e-01,6.537595748901367e+00,9.768965244293213e-01,-2.128544896841049e-01,1.880793087184429e-02,3.506221342831850e-03
1609047209295785041,0,1609047209295785041,9.678797721862793e-01,4.375025331974030e-01,6.537172317504883e+00,9.751851558685303e-01,-2.208330929279327e-01,1.568804122507572e-02,6.881689769215882e-04
1609047209392552184,0,1609047209392552184,8.832255005836487e-01,4.255187213420868e-01,6.540379047393799e+00,9.739387631416321e-01,-2.264096885919571e-01,1.344109792262316e-02,-1.087455661036074e-03
1609047209463845858,0,1609047209463845858,8.121844530105591e-01,4.152847826480865e-01,6.526788711547852e+00,9.733986258506775e-01,-2.287543118000031e-01,1.258555613458157e-02,-2.864455105736852e-03
1609047209565899807,0,1609047209565899807,7.068923115730286e-01,4.055359363555908e-01,6.527760505676270e+00,9.728505611419678e-01,-2.311373054981232e-01,1.164659671485424e-02,-1.324180746451020e-03
1609047209673112307,0,1609047209673112307,6.017622947692871e-01,3.903749585151672e-01,6.508730888366699e+00,9.725407958030701e-01,-2.325756847858429e-01,8.516460657119751e-03,-6.715226918458939e-04
1609047209775338146,0,1609047209775338146,5.063427090644836e-01,3.760004639625549e-01,6.501523971557617e+00,9.724056720733643e-01,-2.332925647497177e-01,8.633236866444349e-04,9.892004309222102e-04
1609047209872070657,0,1609047209872070657,4.082522094249725e-01,3.614716529846191e-01,6.462206840515137e+00,9.722764492034912e-01,-2.337942570447922e-01,-3.184243105351925e-03,2.949777059257030e-03
1609047209969021252,0,1609047209969021252,3.071094155311584e-01,3.502362966537476e-01,6.428256988525391e+00,9.721695184707642e-01,-2.341054230928421e-01,-5.477538798004389e-03,7.150355726480484e-03
1609047210086291822,0,1609047210086291822,1.963981688022614e-01,3.406148254871368e-01,6.382943153381348e+00,9.721042513847351e-01,-2.341828346252441e-01,-6.577732041478157e-03,1.133840437978506e-02
1609047210177978533,0,1609047210177978533,1.118904873728752e-01,3.318971693515778e-01,6.348306655883789e+00,9.720747470855713e-01,-2.340758144855499e-01,-8.093811571598053e-03,1.461570616811514e-02
1609047210284724701,0,1609047210284724701,2.068044245243073e-02,3.271914124488831e-01,6.309569358825684e+00,9.720799922943115e-01,-2.339867800474167e-01,-8.402856998145580e-03,1.550010219216347e-02
1609047210381173427,0,1609047210381173427,-6.782603263854980e-02,3.223027586936951e-01,6.248601913452148e+00,9.720139503479004e-01,-2.344614565372467e-01,-7.571769878268242e-03,1.263080257922411e-02
1609047210493262903,0,1609047210493262903,-1.560768932104111e-01,3.266968429088593e-01,6.226865768432617e+00,9.720301628112793e-01,-2.344901412725449e-01,-8.176865056157112e-03,1.024420373141766e-02
1609047210559565836,0,1609047210559565836,-2.189527899026871e-01,3.342652618885040e-01,6.212241649627686e+00,9.720499515533447e-01,-2.345249354839325e-01,-7.856322452425957e-03,7.433984894305468e-03
1609047210666592989,0,1609047210666592989,-3.103207945823669e-01,3.488144874572754e-01,6.193168163299561e+00,9.720536470413208e-01,-2.345238178968430e-01,-8.788073435425758e-03,5.762293003499508e-03
1609047210759274868,0,1609047210759274868,-3.924098908901215e-01,3.621274530887604e-01,6.164437770843506e+00,9.720540642738342e-01,-2.345428913831711e-01,-9.009558707475662e-03,4.393250215798616e-03
1609047210871536821,0,1609047210871536821,-4.814316928386688e-01,3.794703781604767e-01,6.122191905975342e+00,9.721199870109558e-01,-2.342872321605682e-01,-8.533915504813194e-03,4.405861720442772e-03
1609047210968437615,0,1609047210968437615,-5.641344189643860e-01,3.946868479251862e-01,6.075866222381592e+00,9.721053242683411e-01,-2.343427389860153e-01,-8.277841843664646e-03,5.124685354530811e-03
1609047211075202170,0,1609047211075202170,-6.473420262336731e-01,4.105989933013916e-01,6.045037269592285e+00,9.720928668975830e-01,-2.343666702508926e-01,-7.455737330019474e-03,7.218074519187212e-03
1609047211171765527,0,1609047211171765527,-7.220226526260376e-01,4.240844845771790e-01,6.002932548522949e+00,9.720807075500488e-01,-2.343892008066177e-01,-7.108347956091166e-03,8.379550650715828e-03
1609047211278921355,0,1609047211278921355,-8.008759021759033e-01,4.405164122581482e-01,5.959159374237061e+00,9.721057415008545e-01,-2.342987358570099e-01,-7.807961199432611e-03,7.324817590415478e-03
1609047211380789740,0,1609047211380789740,-8.716752529144287e-01,4.612177610397339e-01,5.935127735137939e+00,9.720132350921631e-01,-2.345913648605347e-01,-1.166975405067205e-02,4.586691968142986e-03
1609047211487905443,0,1609047211487905443,-9.492986798286438e-01,4.839593470096588e-01,5.895613193511963e+00,9.717230796813965e-01,-2.356875836849213e-01,-1.433681976050138e-02,4.151449247729033e-04
1609047211584506549,0,1609047211584506549,-1.020182490348816e+00,5.096300840377808e-01,5.850485324859619e+00,9.712875485420227e-01,-2.372904717922211e-01,-1.660157926380634e-02,-4.276718944311142e-03
1609047211660774307,0,1609047211660774307,-1.072035074234009e+00,5.319052934646606e-01,5.841703891754150e+00,9.709600806236267e-01,-2.382529526948929e-01,-2.034875564277172e-02,-7.629881612956524e-03
1609047211757471096,0,1609047211757471096,-1.146811366081238e+00,5.482206344604492e-01,5.839035511016846e+00,9.706555008888245e-01,-2.389797568321228e-01,-2.439724095165730e-02,-1.102185901254416e-02
1609047211859650397,0,1609047211859650397,-1.219721555709839e+00,5.684873461723328e-01,5.830966472625732e+00,9.703758955001831e-01,-2.396949529647827e-01,-2.683763206005096e-02,-1.402403414249420e-02
1609047211971691652,0,1609047211971691652,-1.286928892135620e+00,5.882173776626587e-01,5.814874172210693e+00,9.702649116516113e-01,-2.398764640092850e-01,-2.765087969601154e-02,-1.675767824053764e-02
1609047212073480021,0,1609047212073480021,-1.340810537338257e+00,6.035811901092529e-01,5.813156604766846e+00,9.702634215354919e-01,-2.398796826601028e-01,-2.747251465916634e-02,-1.708348095417023e-02
1609047212175032120,0,1609047212175032120,-1.388749718666077e+00,6.117450594902039e-01,5.800404071807861e+00,9.702305197715759e-01,-2.399176806211472e-01,-2.732960321009159e-02,-1.858527958393097e-02
1609047212276808552,0,1609047212276808552,-1.429022550582886e+00,6.165590286254883e-01,5.815725326538086e+00,9.702597856521606e-01,-2.399547845125198e-01,-2.742653153836727e-02,-1.629154570400715e-02
1609047212389201545,0,1609047212389201545,-1.472436428070068e+00,6.112250089645386e-01,5.805440425872803e+00,9.702704548835754e-01,-2.397881299257278e-01,-2.825753763318062e-02,-1.669062115252018e-02
1609047212485875980,0,1609047212485875980,-1.511129260063171e+00,6.012698411941528e-01,5.795092582702637e+00,9.701859951019287e-01,-2.398967593908310e-01,-2.988650649785995e-02,-1.718960516154766e-02
1609047212587686906,0,1609047212587686906,-1.540351390838623e+00,5.918837189674377e-01,5.792998313903809e+00,9.700685143470764e-01,-2.399037331342697e-01,-3.263240307569504e-02,-1.866577751934528e-02
1609047212684774777,0,1609047212684774777,-1.572639226913452e+00,5.800282955169678e-01,5.795370101928711e+00,9.699802398681641e-01,-2.399305850267410e-01,-3.434937447309494e-02,-1.979579217731953e-02
1609047212756597024,0,1609047212756597024,-1.594272017478943e+00,5.675631165504456e-01,5.798772811889648e+00,9.699392318725586e-01,-2.399354130029678e-01,-3.529125452041626e-02,-2.008832432329655e-02
1609047212864407846,0,1609047212864407846,-1.622200489044189e+00,5.462443828582764e-01,5.779603958129883e+00,9.699181318283081e-01,-2.399571985006332e-01,-3.476907312870026e-02,-2.169154398143291e-02
1609047212971440213,0,1609047212971440213,-1.640336990356445e+00,5.210265517234802e-01,5.769122600555420e+00,9.699958562850952e-01,-2.398281544446945e-01,-3.366833925247192e-02,-2.137893438339233e-02
1609047213068699254,0,1609047213068699254,-1.651232957839966e+00,4.929881691932678e-01,5.741253376007080e+00,9.700875878334045e-01,-2.397098094224930e-01,-3.157024458050728e-02,-2.174330875277519e-02
1609047213175618347,0,1609047213175618347,-1.656528830528259e+00,4.588586688041687e-01,5.726580142974854e+00,9.702508449554443e-01,-2.395291775465012e-01,-2.931040152907372e-02,-1.949562877416611e-02
1609047213278613978,0,1609047213278613978,-1.658230781555176e+00,4.189382195472717e-01,5.708381175994873e+00,9.703692793846130e-01,-2.393084913492203e-01,-2.837192080914974e-02,-1.760523021221161e-02
1609047213380493623,0,1609047213380493623,-1.657749533653259e+00,3.749198913574219e-01,5.687570095062256e+00,9.705005288124084e-01,-2.390365302562714e-01,-2.813410945236683e-02,-1.409637369215488e-02
1609047213482304473,0,1609047213482304473,-1.652107119560242e+00,3.296464681625366e-01,5.681131362915039e+00,9.705963730812073e-01,-2.388085424900055e-01,-2.847658097743988e-02,-1.012197323143482e-02
1609047213578965079,0,1609047213578965079,-1.648896455764771e+00,2.819747030735016e-01,5.657415866851807e+00,9.706994891166687e-01,-2.386569082736969e-01,-2.766508422791958e-02,-4.477927926927805e-03
1609047213691093083,0,1609047213691093083,-1.641622900962830e+00,2.288807481527328e-01,5.603025436401367e+00,9.707610011100769e-01,-2.385038584470749e-01,-2.718096598982811e-02,4.321557353250682e-04
1609047213798045599,0,1609047213798045599,-1.631544470787048e+00,1.792780309915543e-01,5.565620422363281e+00,9.707881808280945e-01,-2.384846210479736e-01,-2.608557231724262e-02,3.869324922561646e-03
1609047213864748127,0,1609047213864748127,-1.617207646369934e+00,1.431409567594528e-01,5.550101757049561e+00,9.707946181297302e-01,-2.385776489973068e-01,-2.471677400171757e-02,5.250608548521996e-03
1609047213961624591,0,1609047213961624591,-1.595416665077209e+00,9.300382435321808e-02,5.517824172973633e+00,9.708176851272583e-01,-2.386832386255264e-01,-2.246543765068054e-02,6.216654088348150e-03
1609047214068603041,0,1609047214068603041,-1.567310929298401e+00,4.536471515893936e-02,5.484801769256592e+00,9.708616137504578e-01,-2.388644069433212e-01,-1.841213367879391e-02,5.696569569408894e-03
1609047214170663728,0,1609047214170663728,-1.541773796081543e+00,-6.229301798157394e-04,5.461560726165771e+00,9.708470702171326e-01,-2.392416298389435e-01,-1.422890089452267e-02,4.115851130336523e-03
1609047214277700637,0,1609047214277700637,-1.509326457977295e+00,-4.147381708025932e-02,5.450794696807861e+00,9.709031581878662e-01,-2.392630428075790e-01,-9.759757667779922e-03,2.268009353429079e-03
1609047214380677270,0,1609047214380677270,-1.477800726890564e+00,-7.705695927143097e-02,5.443691253662109e+00,9.709089398384094e-01,-2.394092679023743e-01,-4.188823979347944e-03,1.284643658436835e-03
1609047214477256979,0,1609047214477256979,-1.447951555252075e+00,-1.114080697298050e-01,5.428191661834717e+00,9.708863496780396e-01,-2.395400404930115e-01,-2.813360479194671e-04,6.099254242144525e-04
1609047214579211591,0,1609047214579211591,-1.414918065071106e+00,-1.414096802473068e-01,5.414002418518066e+00,9.708750247955322e-01,-2.395411580801010e-01,4.510075319558382e-03,1.235792995430529e-03
1609047214686620266,0,1609047214686620266,-1.387217283248901e+00,-1.721751242876053e-01,5.399661064147949e+00,9.708526730537415e-01,-2.394917756319046e-01,8.680946193635464e-03,3.662381786853075e-03
1609047214790978695,0,1609047214790978695,-1.361134171485901e+00,-1.994699239730835e-01,5.387360095977783e+00,9.708451032638550e-01,-2.393442541360855e-01,1.134808734059334e-02,6.732205860316753e-03
1609047214893118628,0,1609047214893118628,-1.341182708740234e+00,-2.279612421989441e-01,5.362112045288086e+00,9.708136916160583e-01,-2.393421381711960e-01,1.284792460501194e-02,8.436365984380245e-03
1609047214964472618,0,1609047214964472618,-1.327077865600586e+00,-2.461714744567871e-01,5.345152378082275e+00,9.707408547401428e-01,-2.395432889461517e-01,1.333022024482489e-02,1.017851009964943e-02
1609047215056034229,0,1609047215056034229,-1.309933900833130e+00,-2.682817578315735e-01,5.328998565673828e+00,9.708075523376465e-01,-2.391701042652130e-01,1.386352721601725e-02,1.175857428461313e-02
1609047215168068693,0,1609047215168068693,-1.299484014511108e+00,-2.861770987510681e-01,5.301222324371338e+00,9.707994461059570e-01,-2.391897588968277e-01,1.410695537924767e-02,1.173024158924818e-02
1609047215271085824,0,1609047215271085824,-1.296024322509766e+00,-2.982539236545563e-01,5.293791770935059e+00,9.707718491554260e-01,-2.393248379230499e-01,1.374511513859034e-02,1.169031206518412e-02
1609047215373420469,0,1609047215373420469,-1.293643951416016e+00,-3.045372962951660e-01,5.285562992095947e+00,9.708054065704346e-01,-2.393000870943069e-01,1.348865684121847e-02,9.508964605629444e-03
1609047215475146045,0,1609047215475146045,-1.296445131301880e+00,-3.064711391925812e-01,5.276318550109863e+00,9.708102345466614e-01,-2.393793761730194e-01,1.344980392605066e-02,6.647929083555937e-03
1609047215571778829,0,1609047215571778829,-1.303502202033997e+00,-3.033904433250427e-01,5.274967670440674e+00,9.707608222961426e-01,-2.396067678928375e-01,1.335926540195942e-02,5.789783783257008e-03
1609047215683823102,0,1609047215683823102,-1.316558718681335e+00,-3.003325462341309e-01,5.260859966278076e+00,9.707150459289551e-01,-2.397575527429581e-01,1.459771674126387e-02,3.946953918784857e-03
1609047215786607336,0,1609047215786607336,-1.330293297767639e+00,-2.924060821533203e-01,5.250176906585693e+00,9.706650376319885e-01,-2.398198246955872e-01,1.682477258145809e-02,3.573040012270212e-03
1609047215883976771,0,1609047215883976771,-1.346034288406372e+00,-2.834158837795258e-01,5.225612163543701e+00,9.706260561943054e-01,-2.398644536733627e-01,1.857006736099720e-02,2.327800029888749e-03
1609047215993526135,0,1609047215993526135,-1.363203883171082e+00,-2.697030901908875e-01,5.203996181488037e+00,9.705930948257446e-01,-2.398633360862732e-01,2.027247101068497e-02,1.955143641680479e-03
1609047216059710364,0,1609047216059710364,-1.380285382270813e+00,-2.595465183258057e-01,5.178615570068359e+00,9.705625772476196e-01,-2.399031370878220e-01,2.116717211902142e-02,2.611314179375768e-03
1609047216161444170,0,1609047216161444170,-1.409706711769104e+00,-2.427429258823395e-01,5.148884773254395e+00,9.705649018287659e-01,-2.397667169570923e-01,2.245679683983326e-02,3.376748878508806e-03
1609047216273591333,0,1609047216273591333,-1.445729374885559e+00,-2.225518971681595e-01,5.114596366882324e+00,9.705843329429626e-01,-2.396306246519089e-01,2.281608246266842e-02,4.757172428071499e-03
1609047216370105962,0,1609047216370105962,-1.484594941139221e+00,-2.031525671482086e-01,5.068330764770508e+00,9.705940485000610e-01,-2.395294755697250e-01,2.309242635965347e-02,6.297438871115446e-03
1609047216466796168,0,1609047216466796168,-1.527257084846497e+00,-1.806711703538895e-01,5.024839401245117e+00,9.706252813339233e-01,-2.394004762172699e-01,2.284707501530647e-02,7.209755014628172e-03
1609047216578989705,0,1609047216578989705,-1.583303213119507e+00,-1.557216346263885e-01,4.977709770202637e+00,9.705696105957031e-01,-2.395384609699249e-01,2.365155890583992e-02,7.523854728788137e-03
1609047216686062918,0,1609047216686062918,-1.640331983566284e+00,-1.287164539098740e-01,4.933264732360840e+00,9.705808758735657e-01,-2.395600229501724e-01,2.270206250250340e-02,8.265591226518154e-03
1609047216783014612,0,1609047216783014612,-1.693153858184814e+00,-9.672358632087708e-02,4.904726505279541e+00,9.705713987350464e-01,-2.396627217531204e-01,2.165794745087624e-02,9.158945642411709e-03
1609047216884821047,0,1609047216884821047,-1.754177689552307e+00,-6.118103116750717e-02,4.846721649169922e+00,9.705339670181274e-01,-2.398929297924042e-01,2.066129259765148e-02,9.398444555699825e-03
1609047216982408733,0,1609047216982408733,-1.816876292228699e+00,-2.413298189640045e-02,4.792936801910400e+00,9.705387949943542e-01,-2.399454712867737e-01,1.961111463606358e-02,9.795239195227623e-03
1609047217084248584,0,1609047217084248584,-1.891219735145569e+00,1.670280843973160e-02,4.728807926177979e+00,9.705176353454590e-01,-2.402263283729553e-01,1.823874376714230e-02,7.362858392298222e-03
1609047217160718554,0,1609047217160718554,-1.951621651649475e+00,5.634389817714691e-02,4.689273834228516e+00,9.705933928489685e-01,-2.403533309698105e-01,1.296319346874952e-02,3.289690474048257e-03
1609047217264898723,0,1609047217264898723,-2.033472776412964e+00,1.086918637156487e-01,4.633363723754883e+00,9.706526994705200e-01,-2.404144853353500e-01,4.391198512166739e-03,-3.882548306137323e-03
1609047217366765772,0,1609047217366765772,-2.124343872070312e+00,1.572668105363846e-01,4.568643569946289e+00,9.704939126968384e-01,-2.408646643161774e-01,-1.949106459505856e-03,-1.104940008372068e-02
1609047217463988462,0,1609047217463988462,-2.206196308135986e+00,2.084350138902664e-01,4.523456096649170e+00,9.702864289283752e-01,-2.413268685340881e-01,-7.763350848108530e-03,-1.566302031278610e-02
1609047217575893041,0,1609047217575893041,-2.296338319778442e+00,2.601337432861328e-01,4.474878311157227e+00,9.700040221214294e-01,-2.418910115957260e-01,-1.329636946320534e-02,-2.010179683566093e-02
1609047217677690296,0,1609047217677690296,-2.378095388412476e+00,3.015010952949524e-01,4.420696735382080e+00,9.696777462959290e-01,-2.428644150495529e-01,-1.562998071312904e-02,-2.231198176741600e-02
1609047217779558889,0,1609047217779558889,-2.454886436462402e+00,3.376910686492920e-01,4.369698047637939e+00,9.693118333816528e-01,-2.442100942134857e-01,-1.761933788657188e-02,-2.203927561640739e-02
1609047217876236977,0,1609047217876236977,-2.525226354598999e+00,3.685334324836731e-01,4.313082695007324e+00,9.689286947250366e-01,-2.457938492298126e-01,-1.773142255842686e-02,-2.117384038865566e-02
1609047217978402751,0,1609047217978402751,-2.600345373153687e+00,3.936464786529541e-01,4.248547554016113e+00,9.684438705444336e-01,-2.478421479463577e-01,-1.750091277062893e-02,-1.960811205208302e-02
1609047218090379231,0,1609047218090379231,-2.673076152801514e+00,4.133752584457397e-01,4.184365749359131e+00,9.678728580474854e-01,-2.501638531684875e-01,-1.796662248671055e-02,-1.781886070966721e-02
1609047218197379929,0,1609047218197379929,-2.739169359207153e+00,4.273890256881714e-01,4.119250774383545e+00,9.672331213951111e-01,-2.527919411659241e-01,-1.824177242815495e-02,-1.495611667633057e-02
1609047218258328623,0,1609047218258328623,-2.781286954879761e+00,4.339069724082947e-01,4.078651428222656e+00,9.668138623237610e-01,-2.545361220836639e-01,-1.870652474462986e-02,-1.150781009346247e-02
1609047218369986126,0,1609047218369986126,-2.859920024871826e+00,4.403561949729919e-01,4.002967834472656e+00,9.659123420715332e-01,-2.581685483455658e-01,-1.761653088033199e-02,-7.210165262222290e-03
1609047218466873838,0,1609047218466873838,-2.917389631271362e+00,4.473225772380829e-01,3.952958345413208e+00,9.651508331298828e-01,-2.610917985439301e-01,-1.731285080313683e-02,-3.898489754647017e-03
1609047218574312433,0,1609047218574312433,-2.983553171157837e+00,4.494975805282593e-01,3.888725280761719e+00,9.642412066459656e-01,-2.644645571708679e-01,-1.720490306615829e-02,-1.183814252726734e-03
1609047218666012643,0,1609047218666012643,-3.038395643234253e+00,4.505743384361267e-01,3.825514316558838e+00,9.633510708808899e-01,-2.677041292190552e-01,-1.700078137218952e-02,3.353654465172440e-04
1609047218778289704,0,1609047218778289704,-3.097585916519165e+00,4.543545842170715e-01,3.756464242935181e+00,9.622349739074707e-01,-2.717041671276093e-01,-1.675236411392689e-02,2.292477729497477e-04
1609047218875450879,0,1609047218875450879,-3.145351171493530e+00,4.590211808681488e-01,3.700318336486816e+00,9.611719250679016e-01,-2.754073739051819e-01,-1.727375574409962e-02,9.541895706206560e-04
1609047218993233578,0,1609047218993233578,-3.194264411926270e+00,4.640817344188690e-01,3.645275831222534e+00,9.600111842155457e-01,-2.792813479900360e-01,-1.950684003531933e-02,2.111475041601807e-04
1609047219084870808,0,1609047219084870808,-3.241063594818115e+00,4.626624882221222e-01,3.594964265823364e+00,9.589220881462097e-01,-2.829440832138062e-01,-2.026164717972279e-02,7.352933171205223e-04
1609047219182864113,0,1609047219182864113,-3.285527706146240e+00,4.656615555286407e-01,3.525676012039185e+00,9.576390981674194e-01,-2.871939241886139e-01,-2.114051952958107e-02,-3.546715597622097e-04
1609047219290912555,0,1609047219290912555,-3.322804927825928e+00,4.717739820480347e-01,3.463822126388550e+00,9.565309286117554e-01,-2.908243238925934e-01,-2.167133241891861e-02,-5.580966826528311e-04
1609047219362897522,0,1609047219362897522,-3.347115516662598e+00,4.766471087932587e-01,3.420683860778809e+00,9.556779861450195e-01,-2.936278581619263e-01,-2.150276862084866e-02,6.836366810603067e-05
1609047219460717206,0,1609047219460717206,-3.379952669143677e+00,4.805907905101776e-01,3.358153104782104e+00,9.545547962188721e-01,-2.972843945026398e-01,-2.114253491163254e-02,4.402605409268290e-04
1609047219568940560,0,1609047219568940560,-3.411763668060303e+00,4.832741022109985e-01,3.292718887329102e+00,9.534739255905151e-01,-3.008086085319519e-01,-2.003007568418980e-02,7.627290324307978e-04
1609047219671202430,0,1609047219671202430,-3.436242580413818e+00,4.866779148578644e-01,3.219289541244507e+00,9.525486826896667e-01,-3.038450479507446e-01,-1.814438402652740e-02,-1.815661817090586e-04
1609047219768301284,0,1609047219768301284,-3.456042289733887e+00,4.871340692043304e-01,3.162669658660889e+00,9.517173767089844e-01,-3.065205812454224e-01,-1.666743494570255e-02,-1.140338368713856e-03
1609047219878219630,0,1609047219878219630,-3.475014925003052e+00,4.867664277553558e-01,3.105328798294067e+00,9.509256482124329e-01,-3.090544342994690e-01,-1.479571405798197e-02,-2.617705846205354e-03
1609047219981558861,0,1609047219981558861,-3.489120483398438e+00,4.862827956676483e-01,3.042727470397949e+00,9.501246809959412e-01,-3.115534484386444e-01,-1.344818528741598e-02,-4.089801572263241e-03
1609047220078943435,0,1609047220078943435,-3.499198913574219e+00,4.851098358631134e-01,3.001050949096680e+00,9.493413567543030e-01,-3.139347434043884e-01,-1.320443395525217e-02,-4.657715559005737e-03
1609047220180868651,0,1609047220180868651,-3.512150526046753e+00,4.827978312969208e-01,2.950864076614380e+00,9.484670758247375e-01,-3.166154325008392e-01,-1.240106485784054e-02,-3.326770383864641e-03
1609047220283224564,0,1609047220283224564,-3.525175809860229e+00,4.782389998435974e-01,2.903643369674683e+00,9.475288987159729e-01,-3.194328546524048e-01,-1.221523154526949e-02,-1.540758297778666e-03
1609047220391912080,0,1609047220391912080,-3.537608623504639e+00,4.743465781211853e-01,2.850190639495850e+00,9.464477300643921e-01,-3.226354420185089e-01,-1.180376298725605e-02,1.910638064146042e-03
1609047220463706721,0,1609047220463706721,-3.548826694488525e+00,4.696575701236725e-01,2.805446624755859e+00,9.455549716949463e-01,-3.252277672290802e-01,-1.176362670958042e-02,3.784880274906754e-03
1609047220565973264,0,1609047220565973264,-3.563463926315308e+00,4.607942402362823e-01,2.744154453277588e+00,9.442210197448730e-01,-3.290394246578217e-01,-1.176561787724495e-02,6.445176433771849e-03
1609047220663480970,0,1609047220663480970,-3.573551893234253e+00,4.542438983917236e-01,2.694730758666992e+00,9.429032802581787e-01,-3.327411413192749e-01,-1.229598373174667e-02,8.091240189969540e-03
1609047220775979265,0,1609047220775979265,-3.587368965148926e+00,4.465451240539551e-01,2.632788658142090e+00,9.414952397346497e-01,-3.366689085960388e-01,-1.216861885040998e-02,9.626189246773720e-03
1609047220877998233,0,1609047220877998233,-3.592652082443237e+00,4.428271353244781e-01,2.589960098266602e+00,9.402114748954773e-01,-3.402089774608612e-01,-1.245620287954807e-02,1.025473419576883e-02
1609047220974803104,0,1609047220974803104,-3.600723028182983e+00,4.408654868602753e-01,2.527253389358521e+00,9.391407966613770e-01,-3.432686924934387e-01,-1.135917287319899e-02,7.214921060949564e-03
1609047221077807915,0,1609047221077807915,-3.599874019622803e+00,4.444116353988647e-01,2.488476276397705e+00,9.382430315017700e-01,-3.457927107810974e-01,-1.039336528629065e-02,4.420264624059200e-03
1609047221184735506,0,1609047221184735506,-3.595338344573975e+00,4.496564865112305e-01,2.444768428802490e+00,9.375484585762024e-01,-3.477647006511688e-01,-7.912234403192997e-03,3.798911639023572e-04
1609047221291711668,0,1609047221291711668,-3.592078208923340e+00,4.568965137004852e-01,2.400661468505859e+00,9.371109604835510e-01,-3.489682674407959e-01,-5.645949393510818e-03,-3.516727127134800e-03
1609047221388457894,0,1609047221388457894,-3.590925455093384e+00,4.621201455593109e-01,2.359810352325439e+00,9.367875456809998e-01,-3.498088121414185e-01,-3.109313314780593e-03,-7.293565198779106e-03
1609047221490181406,0,1609047221490181406,-3.586367368698120e+00,4.681633710861206e-01,2.321404933929443e+00,9.365162253379822e-01,-3.504894077777863e-01,-5.808158311992884e-04,-9.706168435513973e-03
1609047221561668622,0,1609047221561668622,-3.588018894195557e+00,4.705173075199127e-01,2.284856081008911e+00,9.363446235656738e-01,-3.508776724338531e-01,1.792347989976406e-03,-1.185706350952387e-02
1609047221659004290,0,1609047221659004290,-3.586406469345093e+00,4.714745581150055e-01,2.235809564590454e+00,9.362446665763855e-01,-3.510691225528717e-01,3.669442376121879e-03,-1.352159399539232e-02
1609047221760477402,0,1609047221760477402,-3.595668554306030e+00,4.669409096240997e-01,2.190506458282471e+00,9.361767768859863e-01,-3.511941432952881e-01,5.284105893224478e-03,-1.442069280892611e-02
1609047221862571107,0,1609047221862571107,-3.599414587020874e+00,4.657762050628662e-01,2.139605522155762e+00,9.362102150917053e-01,-3.511484563350677e-01,5.999346263706684e-03,-1.300612743943930e-02
1609047221974829440,0,1609047221974829440,-3.612127065658569e+00,4.607695341110229e-01,2.082566022872925e+00,9.362534284591675e-01,-3.511325716972351e-01,6.515857763588428e-03,-9.650534018874168e-03
1609047222072310888,0,1609047222072310888,-3.631633520126343e+00,4.522951543331146e-01,2.026721954345703e+00,9.362165331840515e-01,-3.512910008430481e-01,6.443371530622244e-03,-7.197276689112186e-03
1609047222174626536,0,1609047222174626536,-3.654268980026245e+00,4.410830140113831e-01,1.962880373001099e+00,9.363011121749878e-01,-3.511013686656952e-01,6.185776088386774e-03,-5.466145463287830e-03
1609047222281502691,0,1609047222281502691,-3.677196979522705e+00,4.322349727153778e-01,1.903403520584106e+00,9.362224340438843e-01,-3.513200283050537e-01,6.919481791555882e-03,-3.747446462512016e-03
1609047222383263130,0,1609047222383263130,-3.699220418930054e+00,4.260241091251373e-01,1.839238405227661e+00,9.362358450889587e-01,-3.512939214706421e-01,7.042592857033014e-03,-2.326269168406725e-03
1609047222490249475,0,1609047222490249475,-3.726085662841797e+00,4.209267497062683e-01,1.780626058578491e+00,9.361805915832520e-01,-3.514616191387177e-01,6.346489302814007e-03,-6.766274455003440e-04
1609047222592674781,0,1609047222592674781,-3.752255201339722e+00,4.153738319873810e-01,1.743985295295715e+00,9.362546801567078e-01,-3.513006865978241e-01,3.588036401197314e-03,1.486950321123004e-03
1609047222668995852,0,1609047222668995852,-3.776021718978882e+00,4.093987047672272e-01,1.710098743438721e+00,9.363719820976257e-01,-3.509936928749084e-01,2.037861122516915e-04,3.283166559413075e-03
1609047222755601203,0,1609047222755601203,-3.804993391036987e+00,4.066095054149628e-01,1.662234544754028e+00,9.363862872123718e-01,-3.509154021739960e-01,-3.515544347465038e-03,5.161845590919256e-03
1609047222862593733,0,1609047222862593733,-3.841265201568604e+00,4.029607176780701e-01,1.602632164955139e+00,9.364246726036072e-01,-3.507097065448761e-01,-8.566278964281082e-03,6.187364459037781e-03
1609047222964491263,0,1609047222964491263,-3.877240419387817e+00,3.987522125244141e-01,1.561725258827209e+00,9.363615512847900e-01,-3.507214784622192e-01,-1.353300269693136e-02,6.188005208969116e-03
1609047223066247320,0,1609047223066247320,-3.906506299972534e+00,3.998968601226807e-01,1.538538813591003e+00,9.363548755645752e-01,-3.505226373672485e-01,-1.837079413235188e-02,5.988671910017729e-03
1609047223171062354,0,1609047223171062354,-3.925244092941284e+00,4.035413563251495e-01,1.524452686309814e+00,9.363353252410889e-01,-3.503023982048035e-01,-2.301600947976112e-02,5.885805003345013e-03
1609047223277939210,0,1609047223277939210,-3.957278490066528e+00,4.031546413898468e-01,1.507498741149902e+00,9.362033605575562e-01,-3.505434691905975e-01,-2.502922900021076e-02,4.002901725471020e-03
1609047223374806678,0,1609047223374806678,-3.980859518051147e+00,4.004251658916473e-01,1.502943158149719e+00,9.360768795013428e-01,-3.508426547050476e-01,-2.586173824965954e-02,7.686322205699980e-04
1609047223483657369,0,1609047223483657369,-3.987982034683228e+00,3.998521864414215e-01,1.509410858154297e+00,9.360324740409851e-01,-3.509034514427185e-01,-2.659074403345585e-02,-1.713825622573495e-03
1609047223590958156,0,1609047223590958156,-3.993518114089966e+00,3.996487259864807e-01,1.509171605110168e+00,9.359931349754333e-01,-3.509771823883057e-01,-2.658297866582870e-02,-5.019880365580320e-03
1609047223689973997,0,1609047223689973997,-3.996407747268677e+00,3.950126469135284e-01,1.511515140533447e+00,9.359723925590515e-01,-3.509983122348785e-01,-2.666264027357101e-02,-6.711454596370459e-03
1609047223761490864,0,1609047223761516948,-3.993795394897461e+00,3.905960619449615e-01,1.507151603698730e+00,9.359645247459412e-01,-3.510271012783051e-01,-2.625893801450729e-02,-7.800885476171970e-03
1609047223863734954,0,1609047223863734954,-3.988741636276245e+00,3.804320096969604e-01,1.499316334724426e+00,9.359683394432068e-01,-3.509811460971832e-01,-2.689797244966030e-02,-7.219378836452961e-03
1609047223966261059,0,1609047223966261059,-3.983957290649414e+00,3.645102381706238e-01,1.482415556907654e+00,9.360318779945374e-01,-3.509490489959717e-01,-2.556804753839970e-02,-5.048382561653852e-03
1609047224073925280,0,1609047224073925280,-3.972247838973999e+00,3.467395007610321e-01,1.466963410377502e+00,9.361388683319092e-01,-3.508155047893524e-01,-2.388829365372658e-02,-1.438189530745149e-03
1609047224166334059,0,1609047224166334059,-3.959272384643555e+00,3.286229074001312e-01,1.454833388328552e+00,9.362745881080627e-01,-3.505329787731171e-01,-2.268202602863312e-02,1.497375080361962e-03
1609047224279017383,0,1609047224279017383,-3.941484451293945e+00,3.069511950016022e-01,1.442432165145874e+00,9.363712072372437e-01,-3.503815531730652e-01,-2.028797008097172e-02,5.497011821717024e-03
1609047224381663763,0,1609047224381663763,-3.920770168304443e+00,2.867474555969238e-01,1.421374201774597e+00,9.364023804664612e-01,-3.503538370132446e-01,-1.882079802453518e-02,6.973960436880589e-03
1609047224480975438,0,1609047224480975438,-3.898122787475586e+00,2.658221423625946e-01,1.405030488967896e+00,9.364375472068787e-01,-3.503315150737762e-01,-1.720953173935413e-02,7.511866278946400e-03
1609047224588048686,0,1609047224588048686,-3.873517274856567e+00,2.468493282794952e-01,1.385599613189697e+00,9.364088177680969e-01,-3.505505323410034e-01,-1.446719374507666e-02,6.597416941076517e-03
1609047224681080360,0,1609047224681080360,-3.853071212768555e+00,2.302631884813309e-01,1.371520638465881e+00,9.363629817962646e-01,-3.507863283157349e-01,-1.162791717797518e-02,6.177918985486031e-03
1609047224789473392,0,1609047224789473392,-3.816412448883057e+00,2.152708768844604e-01,1.353137969970703e+00,9.364135265350342e-01,-3.507607281208038e-01,-9.388665668666363e-03,2.911696908995509e-03
1609047224860812495,0,1609047224860812495,-3.791380405426025e+00,2.041864395141602e-01,1.340608596801758e+00,9.363817572593689e-01,-3.508944809436798e-01,-7.847809232771397e-03,7.997436332516372e-04
1609047224963069453,0,1609047224963069453,-3.759346246719360e+00,1.891187429428101e-01,1.315130114555359e+00,9.363294243812561e-01,-3.510770797729492e-01,-5.492706783115864e-03,-1.438634120859206e-03
1609047225065022979,0,1609047225065022979,-3.731128931045532e+00,1.755914092063904e-01,1.292409420013428e+00,9.362362027168274e-01,-3.513522446155548e-01,-2.779263071715832e-03,-2.380350837484002e-03
1609047225172102076,0,1609047225172102076,-3.703881978988647e+00,1.606478095054626e-01,1.270458579063416e+00,9.362230896949768e-01,-3.514036834239960e-01,6.212866719579324e-05,-1.377824926748872e-03
1609047225274795501,0,1609047225274795501,-3.675063371658325e+00,1.467771679162979e-01,1.247979879379272e+00,9.361957311630249e-01,-3.514641225337982e-01,3.241359256207943e-03,-3.142844361718744e-04
1609047225381768655,0,1609047225381768655,-3.645456314086914e+00,1.314971148967743e-01,1.228531837463379e+00,9.362180233001709e-01,-3.513734638690948e-01,5.542994942516088e-03,1.341923139989376e-03
1609047225485596924,0,1609047225485596924,-3.621819257736206e+00,1.159194484353065e-01,1.209023833274841e+00,9.362162947654724e-01,-3.513264954090118e-01,7.855564355850220e-03,2.650515409186482e-03
1609047225583264663,0,1609047225583264663,-3.607074499130249e+00,1.026040986180305e-01,1.191534161567688e+00,9.361571669578552e-01,-3.514326214790344e-01,9.622327052056789e-03,3.523681778460741e-03
1609047225680158321,0,1609047225680158321,-3.590383291244507e+00,9.546747058629990e-02,1.173689723014832e+00,9.361107945442200e-01,-3.515114784240723e-01,1.095922384411097e-02,4.028816241770983e-03
1609047225782049924,0,1609047225782049924,-3.571702718734741e+00,8.925282955169678e-02,1.156230568885803e+00,9.361302256584167e-01,-3.514446020126343e-01,1.118469610810280e-02,4.659029655158520e-03
1609047225884117717,0,1609047225884117717,-3.557778596878052e+00,8.426711708307266e-02,1.134150028228760e+00,9.361264705657959e-01,-3.514399826526642e-01,1.149477716535330e-02,5.016225855797529e-03
1609047225955631890,0,1609047225955631890,-3.551654577255249e+00,8.150415867567062e-02,1.115017294883728e+00,9.361245036125183e-01,-3.514322638511658e-01,1.182579901069403e-02,5.155402701348066e-03
1609047226062642989,0,1609047226062642989,-3.544874191284180e+00,8.113814890384674e-02,1.086048245429993e+00,9.360591173171997e-01,-3.515763878822327e-01,1.279470231384039e-02,4.860216286033392e-03
1609047226159516218,0,1609047226159516218,-3.539981842041016e+00,8.540364354848862e-02,1.066406965255737e+00,9.360828995704651e-01,-3.514853119850159e-01,1.348241884261370e-02,5.009856540709734e-03
1609047226276603517,0,1609047226276603517,-3.540778636932373e+00,9.239245206117630e-02,1.037315964698792e+00,9.360399842262268e-01,-3.515565395355225e-01,1.451422832906246e-02,5.148072727024555e-03
1609047226379904445,0,1609047226379904445,-3.542477369308472e+00,1.023775413632393e-01,1.012554407119751e+00,9.360502958297729e-01,-3.515149354934692e-01,1.488503161817789e-02,5.048383027315140e-03
1609047226476602961,0,1609047226476602961,-3.553905487060547e+00,1.130947470664978e-01,9.864929914474487e-01,9.359411001205444e-01,-3.517754673957825e-01,1.554045639932156e-02,5.183074157685041e-03
1609047226573600392,0,1609047226573600392,-3.566879034042358e+00,1.265758126974106e-01,9.594383239746094e-01,9.358937144279480e-01,-3.518860936164856e-01,1.601529866456985e-02,4.756453912705183e-03
1609047226675654006,0,1609047226675654006,-3.578586339950562e+00,1.450158208608627e-01,9.344798922538757e-01,9.358998537063599e-01,-3.518689274787903e-01,1.612920872867107e-02,4.413177724927664e-03
1609047226779104699,0,1609047226779104699,-3.593643188476562e+00,1.652690023183823e-01,9.108045101165771e-01,9.359225034713745e-01,-3.518632054328918e-01,1.506618969142437e-02,3.812695387750864e-03
1609047226881791421,0,1609047226881791421,-3.612054824829102e+00,1.878132373094559e-01,8.869270682334900e-01,9.359279870986938e-01,-3.519285321235657e-01,1.303718797862530e-02,3.911183681339025e-03
1609047226994088674,0,1609047226994088674,-3.632444381713867e+00,2.135511785745621e-01,8.565565943717957e-01,9.360681772232056e-01,-3.516914546489716e-01,8.829648606479168e-03,3.410592675209045e-03
1609047227055293558,0,1609047227055293558,-3.651874065399170e+00,2.302927672863007e-01,8.350846171379089e-01,9.360197186470032e-01,-3.518663644790649e-01,6.517071742564440e-03,3.842914011329412e-03
1609047227167492093,0,1609047227167492093,-3.689216852188110e+00,2.605417668819427e-01,8.002851009368896e-01,9.359997510910034e-01,-3.519609570503235e-01,2.613835735246539e-03,4.601967055350542e-03
1609047227264673330,0,1609047227264673330,-3.726328849792480e+00,2.908670306205750e-01,7.648019194602966e-01,9.359188675880432e-01,-3.521762788295746e-01,6.918219733051956e-04,5.233861505985260e-03
1609047227366755869,0,1609047227366755869,-3.757943630218506e+00,3.212566971778870e-01,7.308899164199829e-01,9.359267950057983e-01,-3.521437644958496e-01,-2.544357848819345e-04,5.990275647491217e-03
1609047227474590032,0,1609047227474590032,-3.789015054702759e+00,3.531934320926666e-01,6.953940987586975e-01,9.359408020973206e-01,-3.521036803722382e-01,-3.717781510204077e-04,6.142986007034779e-03
1609047227571371596,0,1609047227571371596,-3.816641092300415e+00,3.840340077877045e-01,6.658859252929688e-01,9.358857870101929e-01,-3.522644340991974e-01,-5.865043494850397e-04,5.217207595705986e-03
1609047227678372004,0,1609047227678372004,-3.854645729064941e+00,4.163648188114166e-01,6.321479082107544e-01,9.358134269714355e-01,-3.524895012378693e-01,-1.497987250331789e-04,2.080733887851238e-03
1609047227779953864,0,1609047227779953864,-3.876192092895508e+00,4.531601965427399e-01,6.071014404296875e-01,9.357976913452148e-01,-3.525361418724060e-01,-7.201121188700199e-04,-7.728451164439321e-04
1609047227891707314,0,1609047227891707314,-3.909301757812500e+00,4.924796819686890e-01,5.786620974540710e-01,9.356244802474976e-01,-3.529815971851349e-01,-8.803398231975734e-04,-3.206449095159769e-03
1609047227983986227,0,1609047227983986227,-3.935771703720093e+00,5.282545685768127e-01,5.523985028266907e-01,9.356374144554138e-01,-3.529049456119537e-01,-1.411993871442974e-03,-6.223073229193687e-03
1609047228085863151,0,1609047228085863151,-3.963313102722168e+00,5.680208802223206e-01,5.280817151069641e-01,9.355957508087158e-01,-3.529612421989441e-01,-1.788245164789259e-03,-8.701676502823830e-03
1609047228157221158,0,1609047228157221158,-3.984991550445557e+00,5.969375371932983e-01,5.058024525642395e-01,9.355489015579224e-01,-3.530402481555939e-01,-1.666069147177041e-03,-1.039375923573971e-02
1609047228259335423,0,1609047228259335423,-4.020687103271484e+00,6.373429298400879e-01,4.779031276702881e-01,9.355276823043823e-01,-3.531016111373901e-01,-1.297633047215641e-03,-1.028103660792112e-02
1609047228361344344,0,1609047228361344344,-4.056109428405762e+00,6.722413301467896e-01,4.503241777420044e-01,9.355832934379578e-01,-3.530272245407104e-01,-5.876001087017357e-04,-7.447702810168266e-03
1609047228463193525,0,1609047228463193525,-4.091932296752930e+00,6.987106800079346e-01,4.231557548046112e-01,9.355294108390808e-01,-3.532223105430603e-01,2.986053586937487e-04,-4.309867043048143e-03
1609047228575147759,0,1609047228575147759,-4.124411106109619e+00,7.260596752166748e-01,3.902815878391266e-01,9.355676174163818e-01,-3.531390726566315e-01,7.462032954208553e-04,-2.347361762076616e-03
1609047228677080617,0,1609047228677080617,-4.159927368164062e+00,7.501103878021240e-01,3.596643507480621e-01,9.356238842010498e-01,-3.529834449291229e-01,-1.831449219025671e-03,-2.732830354943871e-03
1609047228780374058,0,1609047228780374058,-4.189991474151611e+00,7.795829772949219e-01,3.330392241477966e-01,9.355787634849548e-01,-3.530568480491638e-01,-5.585364531725645e-03,-3.477107267826796e-03
1609047228877103101,0,1609047228877103101,-4.222278118133545e+00,8.081726431846619e-01,3.029624819755554e-01,9.356408715248108e-01,-3.528137505054474e-01,-8.920501917600632e-03,-4.381833132356405e-03
1609047228979050219,0,1609047228979050219,-4.270085811614990e+00,8.347641825675964e-01,2.698210477828979e-01,9.355300068855286e-01,-3.530154228210449e-01,-1.178365293890238e-02,-4.992654081434011e-03
1609047229081369819,0,1609047229081369819,-4.314154624938965e+00,8.626550436019897e-01,2.387225925922394e-01,9.354829192161560e-01,-3.530525863170624e-01,-1.370714791119099e-02,-6.137864664196968e-03
1609047229184320025,0,1609047229184320025,-4.356268882751465e+00,8.888087272644043e-01,2.098424881696701e-01,9.354665279388428e-01,-3.530530631542206e-01,-1.488369703292847e-02,-5.859485827386379e-03
1609047229255555974,0,1609047229255555974,-4.384502887725830e+00,9.053396582603455e-01,1.840716302394867e-01,9.355375170707703e-01,-3.529444932937622e-01,-1.338919065892696e-02,-4.514300264418125e-03
1609047229358342323,0,1609047229358342323,-4.422672748565674e+00,9.294475317001343e-01,1.446501016616821e-01,9.355799555778503e-01,-3.529826998710632e-01,-9.611657820641994e-03,-9.777155937626958e-04
1609047229460315120,0,1609047229460315120,-4.451745986938477e+00,9.245513081550598e-01,9.051349759101868e-02,9.354207515716553e-01,-3.535305857658386e-01,1.145690679550171e-03,-1.663585891947150e-03
1609047229562671172,0,1609047229562671172,-4.449604511260986e+00,9.650641679763794e-01,9.269414842128754e-02,9.367026686668396e-01,-3.499967455863953e-01,6.091158371418715e-03,7.292374037206173e-03
1609047229675946019,0,1609047229675946019,-4.453875064849854e+00,9.618011116981506e-01,7.611346244812012e-02,9.371959567070007e-01,-3.484287858009338e-01,1.467720698565245e-02,6.762440782040358e-03
1609047229778078641,0,1609047229778078641,-4.443759441375732e+00,9.671762585639954e-01,7.663850486278534e-02,9.378635883331299e-01,-3.466731011867523e-01,1.480930764228106e-02,3.183641238138080e-03
1609047229880573269,0,1609047229880573269,-4.447773933410645e+00,9.644371271133423e-01,8.026275038719177e-02,9.381616711616516e-01,-3.461294174194336e-01,4.224638920277357e-03,5.402120761573315e-03
1609047229989690388,0,1609047229989690388,-4.474546909332275e+00,9.682016968727112e-01,7.681463658809662e-02,9.379626512527466e-01,-3.467352092266083e-01,1.282899320358410e-04,9.733256301842630e-04
1609047230086642184,0,1609047230086642184,-4.485918521881104e+00,9.638112187385559e-01,6.520904600620270e-02,9.380409121513367e-01,-3.465188145637512e-01,-1.725256675854325e-03,-9.710614685900509e-04
1609047230188803544,0,1609047230188803544,-4.479961872100830e+00,9.637476205825806e-01,6.571104377508163e-02,9.381555318832397e-01,-3.462099134922028e-01,-9.910361841320992e-04,1.410817494615912e-03
1609047230291015142,0,1609047230291015142,-4.479117393493652e+00,9.622054100036621e-01,6.443914771080017e-02,9.381327033042908e-01,-3.462741374969482e-01,-1.055730856023729e-03,-2.854792983271182e-04
1609047230361616874,0,1609047230361616874,-4.481278419494629e+00,9.648869037628174e-01,6.765367090702057e-02,9.381211996078491e-01,-3.463058471679688e-01,-9.767842711880803e-04,6.677208148175851e-05
1609047230459228803,0,1609047230459228803,-4.478863716125488e+00,9.672899246215820e-01,7.068317383527756e-02,9.381537437438965e-01,-3.462168872356415e-01,-8.026855648495257e-04,-8.715267176739872e-04
1609047230566328712,0,1609047230566328712,-4.476367473602295e+00,9.664149880409241e-01,7.121970504522324e-02,9.381484985351562e-01,-3.462304472923279e-01,-1.039149705320597e-03,-8.602631860412657e-04
1609047230663764455,0,1609047230663764455,-4.475843429565430e+00,9.679596424102783e-01,7.198609411716461e-02,9.381111264228821e-01,-3.463277816772461e-01,-1.642475253902376e-03,-1.364475232549012e-03
1609047230765602069,0,1609047230765602069,-4.476074218750000e+00,9.674974083900452e-01,7.193875312805176e-02,9.380828142166138e-01,-3.463981449604034e-01,-2.281954279169440e-03,-1.946134376339614e-03
1609047230877808082,0,1609047230877808082,-4.470218658447266e+00,9.676959514617920e-01,7.212454080581665e-02,9.381371140480042e-01,-3.462445437908173e-01,-3.059737617149949e-03,-2.041924744844437e-03
1609047230974870537,0,1609047230974870537,-4.468780040740967e+00,9.674943685531616e-01,7.208251208066940e-02,9.381489157676697e-01,-3.462078273296356e-01,-3.508543362841010e-03,-2.093268558382988e-03
1609047231081837775,0,1609047231081837775,-4.470070838928223e+00,9.682970046997070e-01,7.199295610189438e-02,9.381783604621887e-01,-3.461189270019531e-01,-4.208041820675135e-03,-2.312738215550780e-03
1609047231179178588,0,1609047231179178588,-4.472388744354248e+00,9.693751931190491e-01,7.280633598566055e-02,9.382227063179016e-01,-3.460150063037872e-01,-3.026203950867057e-03,-1.598272821865976e-03
1609047231282584145,0,1609047231282584145,-4.474254608154297e+00,9.705359935760498e-01,7.281745225191116e-02,9.381989240646362e-01,-3.460921943187714e-01,-1.176229445263743e-03,-1.305325422435999e-03
1609047231384418523,0,1609047231384418523,-4.474566459655762e+00,9.694358110427856e-01,7.327725738286972e-02,9.382723569869995e-01,-3.458945453166962e-01,1.402840716764331e-03,-1.558868389111012e-04
1609047231458801290,0,1609047231458801290,-4.472754478454590e+00,9.680418372154236e-01,7.468738406896591e-02,9.383898973464966e-01,-3.455668091773987e-01,2.839714987203479e-03,1.770093222148716e-04
1609047231560710246,0,1609047231560710246,-4.468150615692139e+00,9.680526852607727e-01,7.709967344999313e-02,9.384913444519043e-01,-3.452889919281006e-01,3.093206556513906e-03,2.343521045986563e-04
1609047231667470237,0,1609047231667470237,-4.469293117523193e+00,9.679275751113892e-01,7.770211994647980e-02,9.384184479713440e-01,-3.454856872558594e-01,3.212512703612447e-03,4.317432758398354e-04
1609047231765616219,0,1609047231765616219,-4.473176002502441e+00,9.670237302780151e-01,7.609175145626068e-02,9.383402466773987e-01,-3.457002341747284e-01,2.985030878335238e-03,4.199605900794268e-04
1609047231867634312,0,1609047231867634312,-4.477325439453125e+00,9.653093218803406e-01,7.570075243711472e-02,9.382900595664978e-01,-3.458315730094910e-01,3.395997686311603e-03,9.024820174090564e-04
1609047231980163246,0,1609047231980163246,-4.479478359222412e+00,9.649542570114136e-01,7.600466161966324e-02,9.382919073104858e-01,-3.458191752433777e-01,4.047818947583437e-03,9.562399936839938e-04
1609047232072298023,0,1609047232072298023,-4.476893901824951e+00,9.678075313568115e-01,7.689487934112549e-02,9.383367896080017e-01,-3.456958532333374e-01,4.209765233099461e-03,8.877215441316366e-04
1609047232175097324,0,1609047232175097324,-4.475649356842041e+00,9.690352082252502e-01,7.808827608823776e-02,9.383754134178162e-01,-3.455941975116730e-01,3.943514544516802e-03,8.178389980457723e-04
1609047232282314795,0,1609047232282314795,-4.476941585540771e+00,9.702234268188477e-01,7.878006994724274e-02,9.383537769317627e-01,-3.456521332263947e-01,3.980802372097969e-03,1.057225745171309e-03
1609047232390364270,0,1609047232390364270,-4.478906631469727e+00,9.697515368461609e-01,7.880682498216629e-02,9.383128285408020e-01,-3.457564115524292e-01,4.414216615259647e-03,1.397610409185290e-03
1609047232483695621,0,1609047232483695621,-4.481626987457275e+00,9.708622694015503e-01,7.798301428556442e-02,9.383841753005981e-01,-3.455540537834167e-01,4.986728541553020e-03,1.673481077887118e-03
1609047232570477385,0,1609047232570477385,-4.482413768768311e+00,9.712634086608887e-01,7.819996774196625e-02,9.385181069374084e-01,-3.451816439628601e-01,5.451549775898457e-03,1.920178299769759e-03
1609047232656820902,0,1609047232656820902,-4.480280876159668e+00,9.708912372589111e-01,7.988282293081284e-02,9.385412335395813e-01,-3.451147973537445e-01,5.701864603906870e-03,1.882254611700773e-03
1609047232758470062,0,1609047232758470062,-4.479663372039795e+00,9.695527553558350e-01,8.088959753513336e-02,9.384729266166687e-01,-3.453045487403870e-01,5.477566737681627e-03,1.850104890763760e-03
1609047232870769329,0,1609047232870769329,-4.476955413818359e+00,9.689122438430786e-01,7.945740222930908e-02,9.384705424308777e-01,-3.453116416931152e-01,5.420939531177282e-03,1.892884611152112e-03
1609047232968313375,0,1609047232968313375,-4.478887557983398e+00,9.686067104339600e-01,7.921106368303299e-02,9.384595751762390e-01,-3.453428745269775e-01,5.343967583030462e-03,1.850013853982091e-03
1609047233070701178,0,1609047233070701178,-4.479730606079102e+00,9.696980714797974e-01,7.897449284791946e-02,9.384493827819824e-01,-3.453675806522369e-01,5.488827824592590e-03,1.994906924664974e-03
1609047233178955058,0,1609047233178955058,-4.478880882263184e+00,9.697644114494324e-01,7.947973161935806e-02,9.384896159172058e-01,-3.452554941177368e-01,5.678184796124697e-03,1.926714205183089e-03
1609047233275935864,0,1609047233275935864,-4.477291107177734e+00,9.702872037887573e-01,7.986978441476822e-02,9.385086297988892e-01,-3.452052175998688e-01,5.623912438750267e-03,1.797736622393131e-03
1609047233383081734,0,1609047233383081734,-4.476360321044922e+00,9.704000949859619e-01,7.977110147476196e-02,9.384693503379822e-01,-3.453127741813660e-01,5.591924767941236e-03,1.800075289793313e-03
1609047233481721663,0,1609047233481721663,-4.476640701293945e+00,9.711349010467529e-01,7.933980226516724e-02,9.384498000144958e-01,-3.453625440597534e-01,5.744248162955046e-03,1.909813261590898e-03
1609047233588549970,0,1609047233588549970,-4.479035854339600e+00,9.713215827941895e-01,7.920406013727188e-02,9.384576082229614e-01,-3.453389406204224e-01,5.871944129467010e-03,1.973355887457728e-03
1609047233654688328,0,1609047233654688328,-4.481074810028076e+00,9.707264900207520e-01,7.895568013191223e-02,9.384269118309021e-01,-3.454200327396393e-01,5.931091029196978e-03,2.193991327658296e-03
1609047233756640328,0,1609047233756640328,-4.480864524841309e+00,9.703884124755859e-01,7.889451086521149e-02,9.384460449218750e-01,-3.453681170940399e-01,5.912988912314177e-03,2.246674150228500e-03
1609047233859800403,0,1609047233859800403,-4.479747772216797e+00,9.706235527992249e-01,7.903103530406952e-02,9.384701251983643e-01,-3.453071713447571e-01,5.741048138588667e-03,1.988351810723543e-03
1609047233962891422,0,1609047233962891422,-4.479162216186523e+00,9.694438576698303e-01,7.841698825359344e-02,9.384598135948181e-01,-3.453338444232941e-01,5.804137326776981e-03,2.025374909862876e-03
1609047234075101957,0,1609047234075101957,-4.477778911590576e+00,9.682905673980713e-01,7.710405439138412e-02,9.384588599205017e-01,-3.453292250633240e-01,6.228980142623186e-03,2.008513081818819e-03
1609047234172014991,0,1609047234172014991,-4.479577064514160e+00,9.692649245262146e-01,7.794297486543655e-02,9.384697079658508e-01,-3.453005552291870e-01,6.146138068288565e-03,2.068330999463797e-03
1609047234274035358,0,1609047234274035358,-4.479599475860596e+00,9.692859053611755e-01,7.942523807287216e-02,9.384756088256836e-01,-3.452867865562439e-01,5.995069630444050e-03,2.181524178013206e-03
1609047234376010599,0,1609047234376010599,-4.479573249816895e+00,9.694635868072510e-01,7.990393042564392e-02,9.384610652923584e-01,-3.453297317028046e-01,5.879365839064121e-03,1.917346497066319e-03
1609047234477973302,0,1609047234477973302,-4.480016708374023e+00,9.699554443359375e-01,7.990623265504837e-02,9.384744167327881e-01,-3.452959358692169e-01,5.726606119424105e-03,1.923528849147260e-03
1609047234585009310,0,1609047234585009310,-4.479238033294678e+00,9.716002345085144e-01,7.973232120275497e-02,9.384692311286926e-01,-3.453100919723511e-01,5.772378761321306e-03,1.795297954231501e-03
1609047234686613383,0,1609047234686613383,-4.477845668792725e+00,9.717342257499695e-01,7.938531786203384e-02,9.384697675704956e-01,-3.453077375888824e-01,5.821982864290476e-03,1.789888949133456e-03
1609047234757931805,0,1609047234757931805,-4.478539466857910e+00,9.701338410377502e-01,7.924944907426834e-02,9.384562969207764e-01,-3.453426659107208e-01,5.848011933267117e-03,2.017138293012977e-03
1609047234859966229,0,1609047234859966229,-4.478283405303955e+00,9.689963459968567e-01,7.919168472290039e-02,9.384630918502808e-01,-3.453245162963867e-01,5.835417658090591e-03,1.980571541935205e-03
1609047234962009840,0,1609047234962009840,-4.478724479675293e+00,9.700796008110046e-01,7.923759520053864e-02,9.384514093399048e-01,-3.453583419322968e-01,5.783515982329845e-03,1.801825477741659e-03
1609047235063828229,0,1609047235063828229,-4.478646278381348e+00,9.711081981658936e-01,7.844658941030502e-02,9.384621977806091e-01,-3.453274667263031e-01,5.888468585908413e-03,1.716986764222383e-03
1609047235170851424,0,1609047235170851424,-4.474056720733643e+00,9.662852287292480e-01,7.741791009902954e-02,9.384635090827942e-01,-3.453002274036407e-01,6.952801253646612e-03,2.377411583438516e-03
1609047235268581912,0,1609047235268581912,-4.475586414337158e+00,9.679951667785645e-01,7.878015190362930e-02,9.384685754776001e-01,-3.452967405319214e-01,6.550861522555351e-03,2.035555662587285e-03
1609047235380591433,0,1609047235380591433,-4.476928710937500e+00,9.688712954521179e-01,7.874874770641327e-02,9.384756088256836e-01,-3.452831208705902e-01,6.324619520455599e-03,1.779241138137877e-03
1609047235482914159,0,1609047235482914159,-4.476237297058105e+00,9.699213504791260e-01,7.922905683517456e-02,9.384843111038208e-01,-3.452624976634979e-01,6.150525063276291e-03,1.819996628910303e-03
1609047235579576433,0,1609047235579576433,-4.477743625640869e+00,9.706335067749023e-01,7.899933308362961e-02,9.384636878967285e-01,-3.453185260295868e-01,6.102774292230606e-03,1.936224405653775e-03
1609047235681681033,0,1609047235681681033,-4.477739334106445e+00,9.710367918014526e-01,7.902935147285461e-02,9.384757876396179e-01,-3.452870845794678e-01,6.004311144351959e-03,2.021889202296734e-03
1609047235783977290,0,1609047235783977290,-4.477644443511963e+00,9.714668393135071e-01,7.923610508441925e-02,9.384703040122986e-01,-3.453019857406616e-01,6.017985753715038e-03,1.945892698131502e-03
1609047235855328191,0,1609047235855328191,-4.478090763092041e+00,9.707548022270203e-01,7.904663681983948e-02,9.384505152702332e-01,-3.453557491302490e-01,5.963229108601809e-03,2.098318655043840e-03
1609047235957571320,0,1609047235957571320,-4.471838951110840e+00,9.646698832511902e-01,7.677580416202545e-02,9.384461045265198e-01,-3.453402817249298e-01,7.221095263957977e-03,2.644895343109965e-03
1609047236059555252,0,1609047236059555252,-4.475694656372070e+00,9.664221405982971e-01,7.704252004623413e-02,9.384574890136719e-01,-3.453238904476166e-01,6.634298712015152e-03,2.236535539850593e-03
1609047236166868175,0,1609047236166868175,-4.477625846862793e+00,9.670128822326660e-01,7.749231159687042e-02,9.384652376174927e-01,-3.453074693679810e-01,6.396719254553318e-03,2.218256471678615e-03
1609047236268648397,0,1609047236268648397,-4.479032039642334e+00,9.684192538261414e-01,7.796762883663177e-02,9.384716749191284e-01,-3.452932238578796e-01,6.248202640563250e-03,2.128982916474342e-03
1609047236370764121,0,1609047236370764121,-4.479916095733643e+00,9.691700339317322e-01,7.856683433055878e-02,9.384797215461731e-01,-3.452760875225067e-01,6.012917961925268e-03,2.005902584642172e-03
1609047236472996073,0,1609047236472996073,-4.481073856353760e+00,9.693278074264526e-01,7.896307110786438e-02,9.384774565696716e-01,-3.452831506729126e-01,5.966421216726303e-03,2.023391192778945e-03
1609047236574551753,0,1609047236574551753,-4.480008602142334e+00,9.701501727104187e-01,7.909781485795975e-02,9.384821653366089e-01,-3.452693521976471e-01,6.011507008224726e-03,2.044828375801444e-03
1609047236676767407,0,1609047236676767407,-4.480835437774658e+00,9.707441329956055e-01,7.840102910995483e-02,9.384703040122986e-01,-3.453008830547333e-01,6.048013921827078e-03,2.063409425318241e-03
1609047236789655780,0,1609047236789655780,-4.480331420898438e+00,9.713345170021057e-01,7.852522283792496e-02,9.384810328483582e-01,-3.452722728252411e-01,6.025739479809999e-03,2.024623332545161e-03
1609047236886317499,0,1609047236886317499,-4.479582786560059e+00,9.707903861999512e-01,7.919402420520782e-02,9.384616017341614e-01,-3.453260064125061e-01,5.947492085397243e-03,2.106328727677464e-03
1609047236962792342,0,1609047236962792342,-4.478744506835938e+00,9.696109294891357e-01,7.815318554639816e-02,9.384443759918213e-01,-3.453706800937653e-01,6.013743113726377e-03,2.258981112390757e-03
1609047237064715574,0,1609047237064715574,-4.478975296020508e+00,9.691812992095947e-01,7.781326770782471e-02,9.384436607360840e-01,-3.453723490238190e-01,6.090434733778238e-03,2.099073026329279e-03
1609047237161399063,0,1609047237161399063,-4.478353500366211e+00,9.700179100036621e-01,7.763496041297913e-02,9.384541511535645e-01,-3.453447222709656e-01,6.092566531151533e-03,1.960482681170106e-03
1609047237263746767,0,1609047237263746767,-4.479023933410645e+00,9.702241420745850e-01,7.854527980089188e-02,9.384701251983643e-01,-3.453032970428467e-01,5.983493756502867e-03,1.942564733326435e-03
1609047237365523494,0,1609047237365523494,-4.479027748107910e+00,9.697031378746033e-01,7.904755324125290e-02,9.384771585464478e-01,-3.452835381031036e-01,5.977934692054987e-03,2.067059976980090e-03
1609047237468278213,0,1609047237468278213,-4.478969573974609e+00,9.692499637603760e-01,7.909818738698959e-02,9.384644627571106e-01,-3.453172743320465e-01,6.050185766071081e-03,1.944739953614771e-03
1609047237576727897,0,1609047237576727897,-4.477956771850586e+00,9.693387150764465e-01,7.862568646669388e-02,9.384842514991760e-01,-3.452630043029785e-01,6.111084483563900e-03,1.848232466727495e-03
1609047237680182482,0,1609047237680182482,-4.478544712066650e+00,9.689347743988037e-01,7.798971980810165e-02,9.384792447090149e-01,-3.452751338481903e-01,6.142075173556805e-03,2.021391410380602e-03
1609047237782237788,0,1609047237782237788,-4.476987361907959e+00,9.686345458030701e-01,7.771329581737518e-02,9.384802579879761e-01,-3.452709317207336e-01,6.130679510533810e-03,2.282735891640186e-03
1609047237889580357,0,1609047237889580357,-4.476876258850098e+00,9.690591692924500e-01,7.837698608636856e-02,9.384838938713074e-01,-3.452620208263397e-01,6.089038681238890e-03,2.240933012217283e-03
1609047237986610775,0,1609047237986610775,-4.475589752197266e+00,9.709867238998413e-01,7.904382795095444e-02,9.384818077087402e-01,-3.452689647674561e-01,6.062116473913193e-03,2.140223514288664e-03
1609047238058060022,0,1609047238058060022,-4.475651264190674e+00,9.708060026168823e-01,7.849594950675964e-02,9.384771585464478e-01,-3.452824950218201e-01,5.962847266346216e-03,2.239419845864177e-03
1609047238160049993,0,1609047238160049993,-4.477191925048828e+00,9.704000949859619e-01,7.805977761745453e-02,9.384842514991760e-01,-3.452640771865845e-01,5.990287289023399e-03,2.054854528978467e-03
1609047238261962478,0,1609047238261962478,-4.478525638580322e+00,9.703295826911926e-01,7.836896926164627e-02,9.384862184524536e-01,-3.452599644660950e-01,5.953492596745491e-03,1.948168617673218e-03
1609047238364021811,0,1609047238364021811,-4.479779243469238e+00,9.701912999153137e-01,7.858300954103470e-02,9.384819269180298e-01,-3.452724218368530e-01,5.914009176194668e-03,1.920679933391511e-03
1609047238465951747,0,1609047238465951747,-4.478456020355225e+00,9.689750671386719e-01,7.772182673215866e-02,9.384838938713074e-01,-3.452633321285248e-01,6.080546416342258e-03,2.051734365522861e-03
1609047238573214506,0,1609047238573214506,-4.478634834289551e+00,9.680383205413818e-01,7.658629119396210e-02,9.384809136390686e-01,-3.452679514884949e-01,6.232887506484985e-03,2.171828178688884e-03
1609047238675997834,0,1609047238675997834,-4.477526664733887e+00,9.674692749977112e-01,7.701189815998077e-02,9.384797215461731e-01,-3.452700674533844e-01,6.276024971157312e-03,2.250380348414183e-03
1609047238783787012,0,1609047238783787012,-4.476950645446777e+00,9.689723253250122e-01,7.759685069322586e-02,9.384945631027222e-01,-3.452329933643341e-01,6.152051966637373e-03,2.093393122777343e-03
1609047238885883053,0,1609047238885883053,-4.476481914520264e+00,9.700246453285217e-01,7.806483656167984e-02,9.384935498237610e-01,-3.452355563640594e-01,6.144436541944742e-03,2.132354071363807e-03
1609047238982860206,0,1609047238982860206,-4.476316452026367e+00,9.707846045494080e-01,7.845750451087952e-02,9.384854435920715e-01,-3.452585339546204e-01,6.096669007092714e-03,2.127762418240309e-03
1609047239084731089,0,1609047239084731089,-4.475218772888184e+00,9.704407453536987e-01,7.865671813488007e-02,9.384839534759521e-01,-3.452601134777069e-01,6.158617325127125e-03,2.333277603611350e-03
1609047239156407299,0,1609047239156407299,-4.476028919219971e+00,9.698184728622437e-01,7.850668579339981e-02,9.384635686874390e-01,-3.453157842159271e-01,6.106758955866098e-03,2.435439266264439e-03
1609047239258421574,0,1609047239258421574,-4.471458911895752e+00,9.637381434440613e-01,7.770152390003204e-02,9.384512901306152e-01,-3.453214168548584e-01,7.329730316996574e-03,2.937153214588761e-03
1609047239360255990,0,1609047239360255990,-4.467555046081543e+00,9.610304832458496e-01,7.635612785816193e-02,9.384593367576599e-01,-3.452808856964111e-01,8.098650723695755e-03,3.115682629868388e-03
1609047239462616786,0,1609047239462616786,-4.471498012542725e+00,9.642052054405212e-01,7.715796679258347e-02,9.384740591049194e-01,-3.452654778957367e-01,7.152196019887924e-03,2.668260829523206e-03
1609047239569768548,0,1609047239569768548,-4.474162101745605e+00,9.657257199287415e-01,7.728566974401474e-02,9.384666681289673e-01,-3.452893793582916e-01,7.037452422082424e-03,2.481409581378102e-03
1609047239667981719,0,1609047239667981719,-4.475886821746826e+00,9.672998189926147e-01,7.762347906827927e-02,9.384688138961792e-01,-3.452893197536469e-01,6.785200443118811e-03,2.331229392439127e-03
1609047239780249976,0,1609047239780249976,-4.477950096130371e+00,9.689794778823853e-01,7.803039252758026e-02,9.384840726852417e-01,-3.452545106410980e-01,6.487589795142412e-03,2.191047184169292e-03
1609047239877119105,0,1609047239877119105,-4.479695320129395e+00,9.708577394485474e-01,7.841898500919342e-02,9.384712576866150e-01,-3.452955186367035e-01,6.221153773367405e-03,2.029361668974161e-03
1609047239979192739,0,1609047239979192739,-4.480074405670166e+00,9.719505310058594e-01,7.890938967466354e-02,9.384682178497314e-01,-3.453063368797302e-01,6.128224078565836e-03,1.877537346445024e-03
1609047240081091949,0,1609047240081091949,-4.479158878326416e+00,9.729194641113281e-01,7.925058156251907e-02,9.384663105010986e-01,-3.453113436698914e-01,6.110609509050846e-03,1.963747432455420e-03
1609047240188123374,0,1609047240188123374,-4.478362560272217e+00,9.734298586845398e-01,7.948802411556244e-02,9.384794831275940e-01,-3.452771604061127e-01,6.061490159481764e-03,1.817371230572462e-03
1609047240255279332,0,1609047240255279332,-4.478219509124756e+00,9.722086191177368e-01,7.912229746580124e-02,9.384618997573853e-01,-3.453245162963867e-01,5.991210229694843e-03,2.095673000440001e-03
1609047240357083912,0,1609047240357083912,-4.479044437408447e+00,9.701588153839111e-01,7.864435017108917e-02,9.384678602218628e-01,-3.453065752983093e-01,6.124684587121010e-03,2.023380482569337e-03
1609047240459227017,0,1609047240459227017,-4.479031562805176e+00,9.701373577117920e-01,7.819890975952148e-02,9.384662508964539e-01,-3.453101515769958e-01,6.173635367304087e-03,1.987529918551445e-03
1609047240571243012,0,1609047240571243012,-4.479246616363525e+00,9.705908298492432e-01,7.845000177621841e-02,9.384708404541016e-01,-3.452986180782318e-01,6.174698006361723e-03,1.792552182450891e-03
1609047240668042779,0,1609047240668042779,-4.478435993194580e+00,9.706557393074036e-01,7.832431793212891e-02,9.384723901748657e-01,-3.452939987182617e-01,6.184204015880823e-03,1.865839934907854e-03
1609047240774898347,0,1609047240774898347,-4.478354930877686e+00,9.703876972198486e-01,7.837583869695663e-02,9.384801983833313e-01,-3.452730774879456e-01,6.158457603305578e-03,1.895614201202989e-03
1609047240871924226,0,1609047240871924226,-4.479444503784180e+00,9.690267443656921e-01,7.848802953958511e-02,9.384702444076538e-01,-3.453004062175751e-01,6.072921212762594e-03,2.116563031449914e-03
1609047240974009088,0,1609047240974009088,-4.479901313781738e+00,9.694682955741882e-01,7.956629991531372e-02,9.384754300117493e-01,-3.452880084514618e-01,5.937835667282343e-03,2.225199248641729e-03
1609047241081278498,0,1609047241081278498,-4.480183601379395e+00,9.697293043136597e-01,7.963107526302338e-02,9.384908080101013e-01,-3.452469110488892e-01,5.923416931182146e-03,2.127851126715541e-03
1609047241183035129,0,1609047241183035129,-4.479320049285889e+00,9.695824384689331e-01,7.997911423444748e-02,9.384950399398804e-01,-3.452345132827759e-01,5.978472996503115e-03,2.097137738019228e-03
1609047241284777206,0,1609047241284777206,-4.478180885314941e+00,9.703597426414490e-01,7.956873625516891e-02,9.384897947311401e-01,-3.452495634555817e-01,5.961664486676455e-03,2.038981998339295e-03
1609047241355995414,0,1609047241355995414,-4.477950572967529e+00,9.690673351287842e-01,7.915888726711273e-02,9.384703636169434e-01,-3.453014194965363e-01,5.969242658466101e-03,2.157900249585509e-03
1609047241458063791,0,1609047241458063791,-4.478385925292969e+00,9.685041308403015e-01,7.844722270965576e-02,9.384806156158447e-01,-3.452720940113068e-01,6.094604730606079e-03,2.062267856672406e-03
1609047241559837325,0,1609047241559837325,-4.479274749755859e+00,9.691159725189209e-01,7.839243859052658e-02,9.384772181510925e-01,-3.452820777893066e-01,6.117623765021563e-03,1.875668298453093e-03
1609047241661578093,0,1609047241661578093,-4.479787349700928e+00,9.701725840568542e-01,7.844717800617218e-02,9.384863376617432e-01,-3.452584147453308e-01,6.058248225599527e-03,1.827888539992273e-03
1609047241773562797,0,1609047241773562797,-4.478753566741943e+00,9.708695411682129e-01,7.818008214235306e-02,9.384950995445251e-01,-3.452349305152893e-01,6.082151085138321e-03,1.666132244281471e-03
1609047241870362917,0,1609047241870362917,-4.478151798248291e+00,9.714593887329102e-01,7.850394397974014e-02,9.384882450103760e-01,-3.452538251876831e-01,6.070674397051334e-03,1.690194709226489e-03
1609047241972321819,0,1609047241972321819,-4.479581832885742e+00,9.712750315666199e-01,7.815514504909515e-02,9.384782910346985e-01,-3.452824652194977e-01,5.954672582447529e-03,1.775453449226916e-03
1609047242074262363,0,1609047242074262363,-4.479043483734131e+00,9.708066582679749e-01,7.856206595897675e-02,9.384861588478088e-01,-3.452598750591278e-01,5.976961925625801e-03,1.920091919600964e-03
1609047242186937585,0,1609047242186937585,-4.478982448577881e+00,9.704568982124329e-01,7.900021225214005e-02,9.384812712669373e-01,-3.452724218368530e-01,6.034172140061855e-03,1.898671733215451e-03
1609047242283676742,0,1609047242283676742,-4.476969242095947e+00,9.720247983932495e-01,7.864525169134140e-02,9.384710192680359e-01,-3.453010320663452e-01,5.994686391204596e-03,1.858038594946265e-03
1609047242386329517,0,1609047242386329517,-4.477696418762207e+00,9.715081453323364e-01,7.832890748977661e-02,9.384624361991882e-01,-3.453231155872345e-01,6.019699387252331e-03,2.036168240010738e-03
1609047242457864506,0,1609047242457864506,-4.478604793548584e+00,9.704375863075256e-01,7.817550748586655e-02,9.384434223175049e-01,-3.453738391399384e-01,5.964600481092930e-03,2.297584898769855e-03
1609047242555992336,0,1609047242555992336,-4.478409767150879e+00,9.698295593261719e-01,7.783690094947815e-02,9.384574294090271e-01,-3.453375995159149e-01,5.895346403121948e-03,2.227006247267127e-03
1609047242657888744,0,1609047242657888744,-4.478107452392578e+00,9.689019322395325e-01,7.774814963340759e-02,9.384695291519165e-01,-3.453029990196228e-01,6.065292283892632e-03,2.007845090702176e-03
1609047242763735870,0,1609047242763735870,-4.478659629821777e+00,9.699311256408691e-01,7.750593125820160e-02,9.384751915931702e-01,-3.452883064746857e-01,6.056815385818481e-03,1.928962185047567e-03
1609047242865597560,0,1609047242865597560,-4.478485107421875e+00,9.695296883583069e-01,7.763528823852539e-02,9.384791851043701e-01,-3.452759981155396e-01,6.145886145532131e-03,1.866967766545713e-03
1609047242969924242,0,1609047242969924242,-4.476341247558594e+00,9.701562523841858e-01,7.684884965419769e-02,9.384822845458984e-01,-3.452647030353546e-01,6.351292598992586e-03,1.706643612124026e-03
1609047243072522290,0,1609047243072522290,-4.475465297698975e+00,9.707871675491333e-01,7.739360630512238e-02,9.384832978248596e-01,-3.452649712562561e-01,6.200370378792286e-03,1.691939891315997e-03
1609047243175139632,0,1609047243175139632,-4.474902153015137e+00,9.707701802253723e-01,7.831086963415146e-02,9.384862184524536e-01,-3.452557623386383e-01,6.231769453734159e-03,1.814773306250572e-03
1609047243277503253,0,1609047243277503253,-4.476375579833984e+00,9.712752103805542e-01,7.823643088340759e-02,9.384639859199524e-01,-3.453164696693420e-01,6.202993914484978e-03,1.878983108326793e-03
1609047243390147622,0,1609047243390147622,-4.475319862365723e+00,9.705075621604919e-01,7.838508486747742e-02,9.384687542915344e-01,-3.453018665313721e-01,6.238698959350586e-03,2.009334973990917e-03
1609047243488137822,0,1609047243488137822,-4.475172519683838e+00,9.699603319168091e-01,7.841110974550247e-02,9.384619593620300e-01,-3.453193306922913e-01,6.231388542801142e-03,2.223369898274541e-03
1609047243554648311,0,1609047243554648311,-4.476573944091797e+00,9.691237211227417e-01,7.845156639814377e-02,9.384530782699585e-01,-3.453445732593536e-01,6.084518972784281e-03,2.424586797133088e-03
1609047243659982954,0,1609047243659982954,-4.476725101470947e+00,9.692635536193848e-01,7.832828164100647e-02,9.384719133377075e-01,-3.452959060668945e-01,6.040692795068026e-03,2.193700755015016e-03
1609047243762265399,0,1609047243762265399,-4.477413654327393e+00,9.696503877639771e-01,7.866837084293365e-02,9.384745359420776e-01,-3.452904224395752e-01,6.010994315147400e-03,2.001314656808972e-03
1609047243864118793,0,1609047243864118793,-4.478463649749756e+00,9.704873561859131e-01,7.866314798593521e-02,9.384700059890747e-01,-3.453024029731750e-01,6.035440601408482e-03,1.982420915737748e-03
1609047243970976307,0,1609047243970976307,-4.478022098541260e+00,9.702593088150024e-01,7.780563831329346e-02,9.384860396385193e-01,-3.452574610710144e-01,6.147651933133602e-03,1.881881267763674e-03
1609047244073488709,0,1609047244073488709,-4.477860450744629e+00,9.697002768516541e-01,7.838760316371918e-02,9.384930133819580e-01,-3.452379703521729e-01,6.178497802466154e-03,1.884007826447487e-03
1609047244175292492,0,1609047244175292492,-4.475069522857666e+00,9.691022038459778e-01,7.858981937170029e-02,9.385115504264832e-01,-3.451883494853973e-01,6.137050688266754e-03,1.871619257144630e-03
1609047244283326786,0,1609047244283326786,-4.476012229919434e+00,9.698208570480347e-01,7.829851657152176e-02,9.384955167770386e-01,-3.452320396900177e-01,6.139594595879316e-03,1.816022442653775e-03
1609047244380002313,0,1609047244380002313,-4.476462364196777e+00,9.707980751991272e-01,7.840772718191147e-02,9.384732246398926e-01,-3.452925980091095e-01,6.119146011769772e-03,1.904233242385089e-03
1609047244481781645,0,1609047244481781645,-4.475998878479004e+00,9.715780615806580e-01,7.854778319597244e-02,9.384834170341492e-01,-3.452644348144531e-01,6.135785952210426e-03,1.924918382428586e-03
1609047244589486600,0,1609047244589486600,-4.474510192871094e+00,9.713023304939270e-01,7.875388115644455e-02,9.384991526603699e-01,-3.452209532260895e-01,6.169427186250687e-03,1.937289140187204e-03
1609047244655994678,0,1609047244655994678,-4.475932121276855e+00,9.701884984970093e-01,7.821805030107498e-02,9.384704232215881e-01,-3.452984988689423e-01,6.119390949606895e-03,2.215815242379904e-03
1609047244757797202,0,1609047244757797202,-4.477351188659668e+00,9.698706865310669e-01,7.764536887407303e-02,9.384777545928955e-01,-3.452781736850739e-01,6.205521058291197e-03,2.032410586252809e-03
1609047244860362941,0,1609047244860362941,-4.479179382324219e+00,9.708867669105530e-01,7.801637053489685e-02,9.384784102439880e-01,-3.452789485454559e-01,6.120228208601475e-03,1.830083900131285e-03
1609047244967497860,0,1609047244967497860,-4.480346202850342e+00,9.710869789123535e-01,7.831188291311264e-02,9.384945631027222e-01,-3.452366292476654e-01,6.035313010215759e-03,1.803205930627882e-03
1609047245069686717,0,1609047245069686717,-4.480997085571289e+00,9.717115163803101e-01,7.843820005655289e-02,9.384856820106506e-01,-3.452619612216949e-01,5.986043252050877e-03,1.732768141664565e-03
1609047245177547688,0,1609047245177547688,-4.480328559875488e+00,9.708849787712097e-01,7.914504408836365e-02,9.384922385215759e-01,-3.452433049678802e-01,6.009355187416077e-03,1.829934306442738e-03
1609047245275682909,0,1609047245275682909,-4.479550361633301e+00,9.716014862060547e-01,7.845594733953476e-02,9.384925365447998e-01,-3.452433347702026e-01,5.984364543110132e-03,1.747751142829657e-03
1609047245388220612,0,1609047245388220612,-4.474284648895264e+00,9.661867022514343e-01,7.739119231700897e-02,9.384886622428894e-01,-3.452273309230804e-01,7.138087879866362e-03,2.481983276084065e-03
1609047245480946446,0,1609047245480946446,-4.475264549255371e+00,9.682756662368774e-01,7.842580974102020e-02,9.384813308715820e-01,-3.452570140361786e-01,6.663635373115540e-03,2.464021090418100e-03
1609047245582806396,0,1609047245582806396,-4.475000858306885e+00,9.701339602470398e-01,7.878752052783966e-02,9.384861588478088e-01,-3.452508747577667e-01,6.381209939718246e-03,2.194760367274284e-03
1609047245685132724,0,1609047245685132724,-4.475054740905762e+00,9.708707928657532e-01,7.926589995622635e-02,9.384819269180298e-01,-3.452654182910919e-01,6.218742579221725e-03,2.206957200542092e-03
1609047245761479204,0,1609047245761479204,-4.476522922515869e+00,9.707381725311279e-01,7.923018187284470e-02,9.384664893150330e-01,-3.453090786933899e-01,6.080291233956814e-03,2.302415901795030e-03
1609047245864370393,0,1609047245864370393,-4.477243900299072e+00,9.701879620552063e-01,7.851711660623550e-02,9.384683370590210e-01,-3.453050851821899e-01,6.084469147026539e-03,2.133263275027275e-03
1609047245962080805,0,1609047245962080805,-4.476809978485107e+00,9.712019562721252e-01,7.846391946077347e-02,9.384760856628418e-01,-3.452848196029663e-01,6.086002103984356e-03,1.999872038140893e-03
1609047246064762512,0,1609047246064762512,-4.477606773376465e+00,9.716047048568726e-01,7.884647697210312e-02,9.384852647781372e-01,-3.452623784542084e-01,5.989926867187023e-03,1.882070791907609e-03
1609047246166628215,0,1609047246166628215,-4.478281497955322e+00,9.724525809288025e-01,7.946589589118958e-02,9.384837150573730e-01,-3.452677130699158e-01,5.960339680314064e-03,1.751431263983250e-03
1609047246273455058,0,1609047246273455058,-4.478294372558594e+00,9.725493788719177e-01,7.923188805580139e-02,9.384970068931580e-01,-3.452321887016296e-01,5.939656868577003e-03,1.681888941675425e-03
1609047246375256246,0,1609047246375256246,-4.480621337890625e+00,9.717963337898254e-01,7.945754379034042e-02,9.384853243827820e-01,-3.452630341053009e-01,5.963361822068691e-03,1.750543946400285e-03
1609047246477287861,0,1609047246477287861,-4.479214191436768e+00,9.721946716308594e-01,7.953757047653198e-02,9.384984374046326e-01,-3.452272117137909e-01,5.989364348351955e-03,1.723690773360431e-03
1609047246579883072,0,1609047246579883072,-4.479034900665283e+00,9.724019169807434e-01,7.890539616346359e-02,9.384767413139343e-01,-3.452845513820648e-01,6.069370079785585e-03,1.801858656108379e-03
1609047246682536221,0,1609047246682536221,-4.476457118988037e+00,9.727697968482971e-01,7.802939414978027e-02,9.384797215461731e-01,-3.452750146389008e-01,6.149315275251865e-03,1.819614553824067e-03
1609047246784666918,0,1609047246784666918,-4.475481986999512e+00,9.732753634452820e-01,7.806537300348282e-02,9.384880661964417e-01,-3.452530503273010e-01,6.093814037740231e-03,1.834649243392050e-03
1609047246855956306,0,1609047246855956306,-4.476403236389160e+00,9.726083874702454e-01,7.871244102716446e-02,9.384719729423523e-01,-3.452984988689423e-01,5.953195970505476e-03,1.995113212615252e-03
1609047246958288082,0,1609047246958288082,-4.477143287658691e+00,9.712701439857483e-01,7.877111434936523e-02,9.384821057319641e-01,-3.452701270580292e-01,6.025151815265417e-03,1.908926526084542e-03
1609047247060130316,0,1609047247060130316,-4.477807521820068e+00,9.706317186355591e-01,7.927661389112473e-02,9.384914040565491e-01,-3.452463150024414e-01,5.972713697701693e-03,1.814777613617480e-03
1609047247167342613,0,1609047247167342613,-4.477712631225586e+00,9.695826768875122e-01,7.960975170135498e-02,9.385000467300415e-01,-3.452219963073730e-01,6.002302281558514e-03,1.855341601185501e-03
1609047247264175230,0,1609047247264175230,-4.478485107421875e+00,9.691300392150879e-01,7.950235903263092e-02,9.385025501251221e-01,-3.452158272266388e-01,5.992115009576082e-03,1.783141051419079e-03
1609047247371336534,0,1609047247371336534,-4.478425979614258e+00,9.685831069946289e-01,8.009327948093414e-02,9.384934902191162e-01,-3.452400565147400e-01,5.987582728266716e-03,1.899434835650027e-03
1609047247473078750,0,1609047247473078750,-4.477517127990723e+00,9.699156284332275e-01,8.005380630493164e-02,9.385068416595459e-01,-3.452040851116180e-01,5.986887961626053e-03,1.821216195821762e-03
1609047247575000462,0,1609047247575000462,-4.477586746215820e+00,9.706990122795105e-01,7.996600866317749e-02,9.385120868682861e-01,-3.451895415782928e-01,5.992864258587360e-03,1.826434745453298e-03
1609047247676751706,0,1609047247676751706,-4.478542804718018e+00,9.709041118621826e-01,7.977289706468582e-02,9.384992718696594e-01,-3.452244997024536e-01,5.958365742117167e-03,1.911487663164735e-03
1609047247789005285,0,1609047247789005285,-4.477883338928223e+00,9.704000949859619e-01,7.943829149007797e-02,9.385072588920593e-01,-3.452025055885315e-01,5.984289571642876e-03,1.910315477289259e-03
1609047247885709496,0,1609047247885709496,-4.477667331695557e+00,9.713536500930786e-01,7.965324074029922e-02,9.384890794754028e-01,-3.452523946762085e-01,5.921894684433937e-03,2.003129804506898e-03
1609047247957082718,0,1609047247957082718,-4.478672504425049e+00,9.704661369323730e-01,7.956451922655106e-02,9.384750723838806e-01,-3.452901542186737e-01,5.865253042429686e-03,2.210420789197087e-03
1609047248069820553,0,1609047248069820553,-4.479842662811279e+00,9.701557159423828e-01,7.942502200603485e-02,9.384714365005493e-01,-3.453000187873840e-01,5.926899611949921e-03,2.048111055046320e-03
1609047248161471778,0,1609047248161471778,-4.481086730957031e+00,9.696400761604309e-01,7.886552065610886e-02,9.384596943855286e-01,-3.453289866447449e-01,6.062855478376150e-03,2.102941507473588e-03
1609047248263249235,0,1609047248263249235,-4.481466293334961e+00,9.702882766723633e-01,7.863825559616089e-02,9.384630918502808e-01,-3.453211784362793e-01,6.019300781190395e-03,2.025404479354620e-03
1609047248365030849,0,1609047248365030849,-4.482234001159668e+00,9.702637195587158e-01,7.901170104742050e-02,9.384649991989136e-01,-3.453171253204346e-01,5.981039255857468e-03,1.953730126842856e-03
1609047248472033392,0,1609047248472033392,-4.481213092803955e+00,9.703171849250793e-01,7.899791002273560e-02,9.384725093841553e-01,-3.452971875667572e-01,5.975538864731789e-03,1.878401264548302e-03
1609047248573755985,0,1609047248573755985,-4.480052471160889e+00,9.708901643753052e-01,7.912479341030121e-02,9.384697079658508e-01,-3.453043997287750e-01,6.014731712639332e-03,1.824647421017289e-03
1609047248675507207,0,1609047248675507207,-4.478527545928955e+00,9.714257121086121e-01,7.944181561470032e-02,9.384803771972656e-01,-3.452756404876709e-01,5.996877327561378e-03,1.832366921007633e-03
1609047248777527625,0,1609047248777527625,-4.477765083312988e+00,9.712786674499512e-01,7.921878248453140e-02,9.384853839874268e-01,-3.452617526054382e-01,5.990231875330210e-03,1.917869318276644e-03
1609047248889433969,0,1609047248889433969,-4.477243900299072e+00,9.709664583206177e-01,7.938818633556366e-02,9.384887218475342e-01,-3.452518582344055e-01,6.026257295161486e-03,1.978940330445766e-03
1609047248987078253,0,1609047248987078253,-4.477188587188721e+00,9.717412590980530e-01,7.996040582656860e-02,9.384866952896118e-01,-3.452568650245667e-01,5.972020793706179e-03,2.207937417551875e-03
1609047249058454355,0,1609047249058454355,-4.477946758270264e+00,9.709081649780273e-01,7.955825328826904e-02,9.384689331054688e-01,-3.453045785427094e-01,5.943272728472948e-03,2.359080594033003e-03
1609047249155121066,0,1609047249155121066,-4.479205131530762e+00,9.710643291473389e-01,7.844211906194687e-02,9.384691715240479e-01,-3.453044295310974e-01,5.988818127661943e-03,2.133179688826203e-03
1609047249262220872,0,1609047249262220872,-4.479360580444336e+00,9.706109166145325e-01,7.776016741991043e-02,9.384776353836060e-01,-3.452808558940887e-01,6.093421485275030e-03,1.969791483134031e-03
1609047249364440562,0,1609047249364440562,-4.478826522827148e+00,9.704142808914185e-01,7.826812565326691e-02,9.384880661964417e-01,-3.452523052692413e-01,6.104876752942801e-03,1.957808388397098e-03
1609047249466191779,0,1609047249466191779,-4.478864669799805e+00,9.697506427764893e-01,7.854694873094559e-02,9.384853243827820e-01,-3.452587127685547e-01,6.109119858592749e-03,2.080826554447412e-03
1609047249567956200,0,1609047249567956200,-4.480268478393555e+00,9.698591828346252e-01,7.874934375286102e-02,9.384682178497314e-01,-3.453066647052765e-01,6.051797419786453e-03,2.036276040598750e-03
1609047249674815114,0,1609047249674815114,-4.480328559875488e+00,9.701700806617737e-01,7.871378213167191e-02,9.384815692901611e-01,-3.452712893486023e-01,6.012428551912308e-03,2.000964945182204e-03
1609047249776812361,0,1609047249776812361,-4.479453563690186e+00,9.704119563102722e-01,7.902371138334274e-02,9.384819269180298e-01,-3.452697992324829e-01,6.022816058248281e-03,2.038330305367708e-03
1609047249878659943,0,1609047249878659943,-4.479324340820312e+00,9.707405567169189e-01,8.009660989046097e-02,9.384745359420776e-01,-3.452904522418976e-01,5.979964975267649e-03,2.080339007079601e-03
1609047249981835256,0,1609047249981835256,-4.478161334991455e+00,9.710622429847717e-01,8.024091273546219e-02,9.384770989418030e-01,-3.452845811843872e-01,5.921942647546530e-03,2.082790248095989e-03
1609047250085988634,0,1609047250085988634,-4.475761890411377e+00,9.713351130485535e-01,7.990863919258118e-02,9.384867548942566e-01,-3.452567756175995e-01,6.009186618030071e-03,2.067557536065578e-03
1609047250162344425,0,1609047250162344425,-4.476455688476562e+00,9.707561135292053e-01,7.988366484642029e-02,9.384740591049194e-01,-3.452923595905304e-01,5.926517769694328e-03,2.143972786143422e-03
1609047250264308581,0,1609047250264308581,-4.476947784423828e+00,9.694659113883972e-01,7.832183688879013e-02,9.384632706642151e-01,-3.453186750411987e-01,6.137074436992407e-03,2.039517974480987e-03
1609047250361536080,0,1609047250361536080,-4.477948665618896e+00,9.693796038627625e-01,7.789304852485657e-02,9.384574890136719e-01,-3.453348577022552e-01,6.126826629042625e-03,1.991270575672388e-03
1609047250464760957,0,1609047250464760957,-4.478395462036133e+00,9.697400927543640e-01,7.712668925523758e-02,9.384599328041077e-01,-3.453271687030792e-01,6.188351660966873e-03,1.959944143891335e-03
1609047250567282920,0,1609047250567282920,-4.479414463043213e+00,9.693462252616882e-01,7.838784903287888e-02,9.384640455245972e-01,-3.453168869018555e-01,6.143842358142138e-03,1.955138053745031e-03
1609047250669040502,0,1609047250669040502,-4.479217529296875e+00,9.698531031608582e-01,7.867246121168137e-02,9.384758472442627e-01,-3.452861309051514e-01,6.077404133975506e-03,1.920292503200471e-03
1609047250770730382,0,1609047250770730382,-4.478176593780518e+00,9.686494469642639e-01,7.821054011583328e-02,9.384818673133850e-01,-3.452668786048889e-01,6.186063867062330e-03,2.076976699754596e-03
1609047250882109385,0,1609047250882109385,-4.478212833404541e+00,9.700551033020020e-01,7.896105200052261e-02,9.384882450103760e-01,-3.452512025833130e-01,6.118333898484707e-03,2.002258319407701e-03
1609047250994021051,0,1609047250994021051,-4.475087642669678e+00,9.706299901008606e-01,7.850152999162674e-02,9.385055899620056e-01,-3.452005386352539e-01,6.336207501590252e-03,1.896499888971448e-03
1609047251082935179,0,1609047251082935179,-4.475936889648438e+00,9.716047644615173e-01,7.827178388834000e-02,9.384796619415283e-01,-3.452724814414978e-01,6.258374545723200e-03,1.927120028994977e-03
