%time,field.header.seq,field.header.stamp,field.pose.pose.position.x,field.pose.pose.position.y,field.pose.pose.position.z,field.pose.pose.orientation.x,field.pose.pose.orientation.y,field.pose.pose.orientation.z,field.pose.pose.orientation.w,field.twist.twist.linear.x,field.twist.twist.linear.y,field.twist.twist.linear.z,field.twist.twist.angular.x,field.twist.twist.angular.y,field.twist.twist.angular.z
1609045331556977272,0,1609045331556977272,7.155334929621379e-03,2.028149190184116e-03,4.466674118510181e-05,2.909125102084801e-01,9.564223414605667e-01,-8.543065231724219e-05,-2.502416553832755e-02
1609045331660177469,0,1609045331660177469,-2.583038673153348e-04,4.105037442138415e-03,9.049908477720696e-05,2.906912620798895e-01,9.564907621874291e-01,-8.439702081185301e-05,-2.498008962462816e-02
1609045331763889790,0,1609045331763889790,-3.134713690424457e-03,6.573909674007142e-03,-2.072619380103588e-03,2.905516795575098e-01,9.565321884268683e-01,-1.517298978146611e-04,-2.501741368835174e-02
1609045331833288431,0,1609045331833288431,-3.576253695615550e-03,6.141397546311309e-03,-3.717230540667023e-03,2.906789018996951e-01,9.564968041802316e-01,7.013047347403501e-05,-2.489246201377475e-02
1609045331935285330,0,1609045331935285330,-1.527762272734104e-03,2.539697733754722e-03,-6.045046486222935e-03,2.907385044616736e-01,9.564799498889958e-01,-1.450431726693063e-06,-2.484406330751449e-02
1609045332038764238,0,1609045332038764238,-9.151831681516785e-04,7.957747677790877e-04,-7.667617283645745e-03,2.908215980112993e-01,9.564549023341207e-01,-8.956238980891087e-05,-2.483565802953137e-02
1609045332141316175,0,1609045332141316175,-6.838149400045250e-04,1.311104913693443e-03,-8.863029876809952e-03,2.908283460254615e-01,9.564533324145643e-01,-1.151372546997477e-04,-2.481698621071030e-02
1609045332244363070,0,1609045332244363070,-1.746176180348081e-05,2.346283514134232e-03,-9.918026657692196e-03,2.905809989621994e-01,9.565244664076634e-01,-2.093990173539239e-04,-2.497167110382388e-02
1609045332347327948,0,1609045332347327948,6.292710305070298e-04,1.754291447891155e-03,-9.822377534767560e-03,2.908247072997472e-01,9.564537598299931e-01,-1.391826299850322e-04,-2.484301832069412e-02
1609045332450338125,0,1609045332450338125,1.241182804086040e-03,1.840703345502778e-03,-8.967528643763632e-03,2.908385376069552e-01,9.564477402653306e-01,-1.757486897225853e-04,-2.491253291797896e-02
1609045332557093382,0,1609045332557093382,1.286731544529884e-03,3.511992225860293e-03,-8.031994924755861e-03,2.906304947930209e-01,9.565091082728934e-01,-1.788991784534054e-04,-2.498418064383018e-02
1609045332658263922,0,1609045332658263922,9.562596225661273e-04,3.586649961788650e-03,-7.246029223721104e-03,2.906712702860779e-01,9.564971118029582e-01,-2.272116037624771e-04,-2.496870276495118e-02
1609045332759687901,0,1609045332759687901,7.010812834492295e-04,2.594817134081936e-03,-6.335606032382993e-03,2.906435467352728e-01,9.565048436908619e-01,-1.819462356733544e-04,-2.499559226399888e-02
1609045332862648010,0,1609045332862648010,-1.148628086380853e-04,3.123246713753386e-03,-5.376067128615620e-03,2.906274873367929e-01,9.565089358147999e-01,-1.996908901256308e-04,-2.502557560352170e-02
1609045332932960510,0,1609045332932960510,-2.970043198809627e-05,2.955933250974451e-03,-5.025753216719120e-03,2.906945147917285e-01,9.564936352185723e-01,2.810831496334497e-05,-2.483191628292856e-02
1609045333036054850,0,1609045333036054850,2.381237297410244e-04,3.461540197869364e-03,-5.599425851444694e-03,2.909425331586113e-01,9.564184211748936e-01,-3.395754692895842e-06,-2.482430311291589e-02
1609045333138016462,0,1609045333138016462,-4.206584191014238e-05,3.062946782777061e-03,-5.712466507811024e-03,2.908356444819790e-01,9.564505807978038e-01,-3.613466949491123e-05,-2.483773509365375e-02
1609045333242776394,0,1609045333242776394,1.107854409855085e-03,1.670247829073677e-03,-5.308976384358344e-03,2.908070729476598e-01,9.564589838514889e-01,-6.087173365325189e-05,-2.484863835354721e-02
1609045333344448805,0,1609045333344448805,3.219289231853024e-04,2.042053957671047e-03,-4.739162457743276e-03,2.908022553294738e-01,9.564601736427022e-01,-3.121708610174545e-05,-2.485927505295807e-02
1609045333448555946,0,1609045333448555946,-9.381414982620230e-06,1.360966956777535e-03,-4.381201092513604e-03,2.907761363923478e-01,9.564674892154038e-01,-8.488612677607607e-05,-2.488319459128321e-02
1609045333551103592,0,1609045333551103592,4.271256055740943e-06,8.608784704078089e-04,-3.834243518460887e-03,2.908511329110221e-01,9.564436528739797e-01,-8.746536417057537e-05,-2.492287526078142e-02
1609045333653843403,0,1609045333653843403,-3.555272196492758e-04,8.316064718834506e-04,-3.294191248536534e-03,2.907153875439136e-01,9.564839947202698e-01,-6.172035240145170e-05,-2.495851517511618e-02
1609045333756675243,0,1609045333756675243,-2.079813802936515e-05,1.642181736415033e-03,-3.218702479293600e-03,2.908096640014390e-01,9.564548080644092e-01,-1.075680701880240e-04,-2.497854845575864e-02
1609045333859847069,0,1609045333859847069,-4.962780474764541e-04,1.304174751193427e-03,-2.972633319072265e-03,2.907390129022742e-01,9.564770232058614e-01,-1.095210074719449e-04,-2.495031985799821e-02
1609045333963321209,0,1609045333963321209,-1.353847779387749e-03,8.037771587615900e-04,-2.789451556512022e-03,2.906174378423064e-01,9.565114387663242e-01,-1.453839703067357e-04,-2.504697975112193e-02
1609045334033530235,0,1609045334033530235,-1.222717557861639e-03,1.316419662541702e-03,-2.863415413571713e-03,2.909285446032212e-01,9.564224900485507e-01,6.220746453656621e-05,-2.483140339601300e-02
1609045334134853363,0,1609045334134853363,-1.318997998958789e-03,1.492860785217654e-03,-3.432007923996376e-03,2.907222903925729e-01,9.564847920516623e-01,6.100366241056338e-05,-2.484730813064098e-02
1609045334237840414,0,1609045334237840414,-2.655215282696791e-03,2.598249307831259e-03,-3.579028580932405e-03,2.908345644098926e-01,9.564509193767270e-01,5.427887514727405e-05,-2.483731108081548e-02
1609045334340977430,0,1609045334340977430,-2.501592422340368e-03,2.549419139405465e-03,-3.646154997423722e-03,2.907843815522755e-01,9.564660133960284e-01,2.731756655186074e-05,-2.484366956225400e-02
1609045334444622517,0,1609045334444622517,-1.848048712104399e-03,1.800341437747441e-03,-3.488053744857764e-03,2.907102027815214e-01,9.564869333074733e-01,-1.539084439501768e-05,-2.490630791409576e-02
1609045334548476458,0,1609045334548476458,-2.035401026992253e-03,1.533669039718068e-03,-3.229183762393666e-03,2.908254919244547e-01,9.564513021228829e-01,-4.631079674750849e-05,-2.492865358673354e-02
1609045334650213480,0,1609045334650213480,-2.484195480608495e-03,2.097237713285227e-03,-2.656315999141162e-03,2.908104352447963e-01,9.564555560491945e-01,-4.336361396688339e-05,-2.494109410092842e-02
1609045334753608465,0,1609045334753608465,-1.092487000732506e-03,1.851198592031753e-03,-2.661725227275642e-03,2.908117441556797e-01,9.564558321937315e-01,-5.374999205419920e-05,-2.491520890266801e-02
1609045334856482506,0,1609045334856482506,-7.337126801129398e-04,2.078375874893100e-03,-2.500984104990238e-03,2.906712101378077e-01,9.564964881340952e-01,-8.166603377205270e-05,-2.499418161934062e-02
1609045334959853172,0,1609045334959853172,-1.045647445866147e-03,2.204663395863047e-03,-2.336880687288213e-03,2.906281799931772e-01,9.565089713949938e-01,-9.167958843843222e-05,-2.501679894777624e-02
1609045335062543631,0,1609045335062543631,-4.289282942029040e-04,1.471000239542394e-03,-2.243993716696586e-03,2.906881457553993e-01,9.564905142228086e-01,-1.519270421673473e-04,-2.502548775237380e-02
1609045335136481285,0,1609045335136481285,-1.116455126450145e-03,9.992513262355480e-04,-2.081703979476996e-03,2.908147210219886e-01,9.564568932740788e-01,1.197747327401203e-04,-2.483938403843278e-02
1609045335239706755,0,1609045335239706755,-1.188677426195406e-03,6.430369308028619e-04,-2.609803504989933e-03,2.909091680577173e-01,9.564268878011793e-01,7.780973224055655e-05,-2.488891674136017e-02
1609045335343481779,0,1609045335343481779,-1.023325391408034e-03,4.177203866457824e-04,-2.892245126138895e-03,2.909508451711366e-01,9.564146639446048e-01,3.121031214547413e-05,-2.487157638431391e-02
1609045335446259260,0,1609045335446259260,-1.204773019489938e-03,5.807398097572250e-04,-2.720245233993045e-03,2.908930909055976e-01,9.564315011810918e-01,2.131554777148581e-06,-2.489966279534140e-02
1609045335550040245,0,1609045335550040245,-9.664433246441079e-04,8.589997012341894e-04,-2.715265469031229e-03,2.908681755411659e-01,9.564390985023091e-01,-2.068222109486535e-05,-2.489889326222508e-02
1609045335653109312,0,1609045335653109312,-1.383275964288074e-03,1.046517851279732e-03,-2.419693031484858e-03,2.908813220995791e-01,9.564338326404597e-01,-5.409779685950111e-05,-2.494749101023050e-02
1609045335756672144,0,1609045335756672144,-9.515656493588891e-04,1.273938291019884e-03,-2.111822500647773e-03,2.907918574661868e-01,9.564598195103494e-01,-9.379543238696721e-05,-2.499400920235392e-02
1609045335858270884,0,1609045335858270884,-1.293679161349473e-03,1.195119079287870e-03,-1.899031624874502e-03,2.908844533002131e-01,9.564320964642109e-01,-8.017913151649982e-05,-2.497745488660999e-02
1609045335961065769,0,1609045335961065769,-1.013241767298970e-03,1.789527410382203e-03,-1.730791859538873e-03,2.907006466724696e-01,9.564867202544941e-01,-1.305528931795669e-04,-2.502540622942509e-02
1609045336032910109,0,1609045336032910109,-1.538198318650815e-03,1.890231084689017e-03,-2.068638839356796e-03,2.908547843164918e-01,9.564443597706322e-01,7.405625712586797e-05,-2.485308067059611e-02
1609045336133235216,0,1609045336133235216,-2.186541919655365e-03,2.000049542107884e-03,-2.506815354575814e-03,2.907218110375382e-01,9.564841327756350e-01,7.776558076284218e-05,-2.487822919755733e-02
1609045336237477303,0,1609045336237477303,-2.566169816104043e-03,1.520489548638348e-03,-2.778980516365060e-03,2.908065870569700e-01,9.564593847469963e-01,4.895983337726748e-05,-2.483891818505763e-02
1609045336340491295,0,1609045336340491295,-2.137059568822042e-03,1.664146038157430e-03,-2.708765776135057e-03,2.908248692226471e-01,9.564523193986196e-01,6.138179373012607e-05,-2.489683495753707e-02
1609045336442521811,0,1609045336442521811,-1.592178370769142e-03,6.072274558150656e-04,-2.489152699668305e-03,2.908741977127581e-01,9.564377048598776e-01,1.819858180475545e-05,-2.488207178144317e-02
1609045336545405865,0,1609045336545405865,-1.031557021689957e-03,7.737409998555977e-04,-2.379708645781588e-03,2.907018881406451e-01,9.564889790075082e-01,1.115730413427419e-05,-2.492478975132732e-02
1609045336649846077,0,1609045336649846077,-1.341451232703036e-03,1.244580798204747e-03,-2.209262644144831e-03,2.907487049190845e-01,9.564745001322612e-01,2.418424917709956e-05,-2.493432573246830e-02
1609045336752170324,0,1609045336752170324,-1.793574750499265e-03,1.937476442847006e-03,-1.856874292439982e-03,2.908348428053901e-01,9.564486521199282e-01,5.771695539095363e-05,-2.492121058621359e-02
1609045336855256557,0,1609045336855256557,-1.638250704879526e-03,1.498558236140159e-03,-1.650464043627214e-03,2.908837910007929e-01,9.564350432989547e-01,-5.805960346653855e-05,-2.487216741275846e-02
1609045336958138227,0,1609045336958138227,-1.093632127526844e-03,1.632992807471402e-03,-1.745264348338909e-03,2.907533023539731e-01,9.564737394288961e-01,1.675530824008203e-05,-2.490989105583285e-02
1609045337060894251,0,1609045337060894251,-1.687782220570571e-03,1.472923734927490e-03,-1.816475897709063e-03,2.907222091899112e-01,9.564811472094669e-01,-9.611411587843348e-05,-2.498805471951767e-02
1609045337134028673,0,1609045337134028673,-5.769040295785554e-04,1.468972086495669e-03,-2.031083554245647e-03,2.909086150485906e-01,9.564284052336807e-01,8.686866246855315e-05,-2.483698464979444e-02
1609045337233505011,0,1609045337233505011,-9.521175960514148e-04,1.749842085569973e-03,-2.321127674730134e-03,2.908551694116501e-01,9.564450392780067e-01,9.626080593656534e-05,-2.482232867519886e-02
1609045337337249279,0,1609045337337249279,-1.689766959461223e-03,2.399461506366340e-03,-2.467178072449241e-03,2.908608957548078e-01,9.564424421875444e-01,4.214839551649504e-05,-2.485542851244110e-02
1609045337439498901,0,1609045337439498901,-2.671993043269284e-03,2.534303399663991e-03,-2.286098117327456e-03,2.907931113348726e-01,9.564631511815710e-01,5.687344696987449e-05,-2.485163168491913e-02
1609045337542296886,0,1609045337542296886,-1.727163358994010e-03,2.352518888529728e-03,-2.193006398464403e-03,2.907560796604088e-01,9.564733372517794e-01,2.782808996497483e-05,-2.489290044446408e-02
1609045337650397778,0,1609045337650397778,-2.128261046779547e-03,2.028730767880614e-03,-2.069823696176925e-03,2.907451715265970e-01,9.564752038189795e-01,-2.881478082346913e-05,-2.494852466793327e-02
1609045337753044128,0,1609045337753044128,-1.337323573509494e-03,1.563227564685310e-03,-2.128689358963925e-03,2.907422137114336e-01,9.564761861532539e-01,-6.576456936153406e-05,-2.494526333611945e-02
1609045337858331442,0,1609045337858331442,-1.462849129973746e-03,3.277301574750423e-03,-1.816532533381904e-03,2.906494223993755e-01,9.565021054007401e-01,-1.110231699636255e-04,-2.503244488061902e-02
1609045337960863590,0,1609045337960863590,-1.500628616495976e-03,3.597474711511553e-03,-1.692057142566223e-03,2.906589577727458e-01,9.564997958736311e-01,-1.044125777159769e-04,-2.500999516512374e-02
1609045338063875198,0,1609045338063875198,-1.763402851454720e-03,2.410651886855979e-03,-1.287677805742864e-03,2.906902195439246e-01,9.564891642663402e-01,-1.310166961736374e-04,-2.505309835509147e-02
1609045338133143187,0,1609045338133143187,-1.664622282683229e-03,2.175648776418380e-03,-1.379374019812734e-03,2.908276813365019e-01,9.564537374088201e-01,1.199737664332230e-04,-2.480914289952918e-02
1609045338235003710,0,1609045338235003710,-2.347814136738912e-03,2.768179984958341e-03,-1.609644316198089e-03,2.908675631203569e-01,9.564401464532560e-01,9.037605390268480e-05,-2.486561499434474e-02
1609045338339739799,0,1609045338339739799,-1.015574461850722e-03,1.877832215280164e-03,-1.749612600978021e-03,2.907487129361012e-01,9.564762779008312e-01,6.193392310280275e-05,-2.486587829016109e-02
1609045338440989017,0,1609045338440989017,-1.312161093147518e-03,2.688147926244259e-03,-1.667601408192751e-03,2.907493440463437e-01,9.564755765225205e-01,4.490758710542694e-05,-2.488550654136532e-02
1609045338545768023,0,1609045338545768023,-1.352357414771702e-03,2.462684858367627e-03,-1.365187684577506e-03,2.907315595620386e-01,9.564816132998307e-01,5.133224217420846e-05,-2.486123607058428e-02
1609045338651625633,0,1609045338651625633,-1.632463129544004e-03,2.784234285192334e-03,-1.362531921433179e-03,2.907127194860111e-01,9.564852045843846e-01,1.860734142990081e-06,-2.494329843329259e-02
1609045338754911184,0,1609045338754911184,-1.242219664549209e-03,2.121968162435435e-03,-1.178702325951179e-03,2.906318541341421e-01,9.565086954602983e-01,-7.759990615177948e-05,-2.498469230592415e-02
1609045338858487129,0,1609045338858487129,-1.172275822135495e-03,1.790572200113994e-03,-1.109011455955331e-03,2.906864051344419e-01,9.564921642431483e-01,-8.696881510520603e-05,-2.498291511966256e-02
1609045338961009979,0,1609045338961009979,-1.567966163910226e-03,1.214535832731246e-03,-9.444728045861754e-04,2.907545240371868e-01,9.564705855249028e-01,-1.074723097483645e-04,-2.501627924450201e-02
1609045339033335924,0,1609045339033335924,-1.444245553745817e-03,1.688706827281903e-03,-1.309161028603883e-03,2.909611076157870e-01,9.564136683445834e-01,1.267569372798408e-04,-2.478936851368931e-02
1609045339132763624,0,1609045339132763624,-2.020564554507027e-03,2.539709515950838e-03,-1.819051329954622e-03,2.908643297484800e-01,9.564429003627969e-01,1.737938977732904e-04,-2.479697201730225e-02
1609045339236118078,0,1609045339236118078,-2.262386788387271e-03,4.083680626354509e-03,-1.935721001287648e-03,2.908399499459964e-01,9.564490574357860e-01,8.651283551682290e-05,-2.484585601491406e-02
1609045339339248419,0,1609045339339248419,-2.262691068421642e-03,4.551725733104015e-03,-1.771148044033099e-03,2.909034945847644e-01,9.564284330221408e-01,5.654864591323651e-05,-2.489590623800972e-02
1609045339442728519,0,1609045339442728519,-1.341670768614508e-03,3.528190391924124e-03,-1.852885499651538e-03,2.908285789948388e-01,9.564517855361742e-01,5.444601582143852e-05,-2.487401495767779e-02
1609045339545366526,0,1609045339545366526,-2.063163454474193e-03,3.435995900672807e-03,-1.669358392850029e-03,2.907201396613867e-01,9.564842041668427e-01,3.305728633627958e-05,-2.489510959558392e-02
1609045339648260593,0,1609045339648260593,-1.397243905217371e-03,2.563575952824330e-03,-1.394434132037236e-03,2.908264925547892e-01,9.564516407467576e-01,6.037368301964705e-06,-2.490401784127267e-02
1609045339751495361,0,1609045339751495361,-1.651161989393118e-03,3.039065523476482e-03,-1.413625774616670e-03,2.907628556289316e-01,9.564695114214355e-01,-1.547605581691081e-05,-2.496067443428317e-02
1609045339857869148,0,1609045339857869148,-3.010945290338420e-03,3.047277222204838e-03,-1.385158368531567e-03,2.907268329561721e-01,9.564796767106581e-01,-7.082778590254744e-05,-2.499063068720617e-02
1609045339957832575,0,1609045339957832575,-3.390017276999392e-03,4.628113508587426e-03,-9.158523160105648e-04,2.907364596171969e-01,9.564770351632776e-01,-5.218825432577571e-05,-2.497978244261081e-02
1609045340060621500,0,1609045340060621500,-2.852115306030575e-03,3.700660748498504e-03,-7.450818910437972e-04,2.906409184867810e-01,9.565047767292489e-01,-5.452973845505128e-05,-2.502929527111503e-02
1609045340132570744,0,1609045340132570744,-3.604194304040165e-03,3.180142006663708e-03,-9.359935684779742e-04,2.907891631712571e-01,9.564643963432053e-01,1.240373037221864e-04,-2.484966246660507e-02
1609045340233176231,0,1609045340233176231,-4.196862057672563e-03,3.809684010488948e-03,-1.440907774953482e-03,2.906725584789442e-01,9.565004281544531e-01,1.251496584843764e-04,-2.482698179772353e-02
1609045340336808920,0,1609045340336808920,-3.887652252048687e-03,3.409268494262035e-03,-1.813952327310344e-03,2.907323006811601e-01,9.564817450962863e-01,7.636390039738932e-05,-2.484743058597585e-02
1609045340439440489,0,1609045340439440489,-4.346944160803379e-03,3.897073788330856e-03,-1.972007097968475e-03,2.907627788239749e-01,9.564722822433299e-01,7.814287809129093e-05,-2.485505269464039e-02
1609045340542489767,0,1609045340542489767,-2.888557613379404e-03,3.954790698231736e-03,-1.954856608419885e-03,2.908430717126770e-01,9.564478460628955e-01,5.320022481430840e-05,-2.485603685392639e-02
1609045340645764351,0,1609045340645764351,-2.231890055982363e-03,5.113368451852409e-03,-1.528767595195317e-03,2.907599063824626e-01,9.564722903913061e-01,1.403687994574791e-05,-2.488843821938903e-02
1609045340748774290,0,1609045340748774290,-6.552609458986350e-04,5.607406800198173e-03,-1.440025783321258e-03,2.907098839690875e-01,9.564866313322519e-01,2.285411431213990e-05,-2.492161557791623e-02
1609045340853703499,0,1609045340853703499,-1.515206146086584e-03,5.177629695847070e-03,-9.739982494679594e-04,2.906602120539304e-01,9.565006576253025e-01,-2.401450317432207e-05,-2.496262234608223e-02
1609045340954999924,0,1609045340954999924,-2.614516526137780e-03,5.467874342811404e-03,-5.635095401672232e-04,2.908018524348943e-01,9.564576403447541e-01,-1.341383565298805e-05,-2.496126332158673e-02
1609045341058140993,0,1609045341058140993,-2.595075817492292e-03,4.912847719503867e-03,-2.434941756583891e-04,2.907602425530740e-01,9.564709553517434e-01,-1.553032153067480e-05,-2.493577104824934e-02
1609045341162000895,0,1609045341162000895,-1.924793280140868e-03,4.593883057989081e-03,-3.252844125856193e-04,2.905652961926326e-01,9.565277097628474e-01,-8.438003395488269e-05,-2.503082068772017e-02
1609045341233028889,0,1609045341233028889,-1.919969959502421e-03,4.482386433054743e-03,-7.070719803543514e-04,2.908286904371786e-01,9.564521066494730e-01,1.453093083470820e-04,-2.485999576728212e-02
1609045341333099127,0,1609045341333099127,-2.885727158767142e-03,4.913776176869033e-03,-1.021520118237298e-03,2.907653218973138e-01,9.564725194096050e-01,1.239958052820795e-04,-2.481595900218515e-02
1609045341436953783,0,1609045341436953783,-2.333081267859548e-03,4.360082914756310e-03,-1.365617556538830e-03,2.908025362621459e-01,9.564603195281446e-01,9.643037817180337e-05,-2.485020669463716e-02
1609045341539001942,0,1609045341539001942,-2.920808603268380e-03,3.830488110119282e-03,-1.390683010971008e-03,2.908131803731872e-01,9.564578234120455e-01,7.109310186834741e-05,-2.482178681832698e-02
1609045341643350363,0,1609045341643350363,-3.456904359027016e-03,4.649273713233078e-03,-1.302966935730079e-03,2.906869267721300e-01,9.564944142906756e-01,5.266633815446265e-05,-2.489062596093137e-02
1609045341745488405,0,1609045341745488405,-3.415130949067347e-03,4.399071316377785e-03,-1.337287853182142e-03,2.907781449129433e-01,9.564663202234259e-01,3.929062989722228e-05,-2.490476210385287e-02
1609045341848456860,0,1609045341848456860,-3.006715016101406e-03,4.049774204428197e-03,-1.125212048632400e-03,2.906459040486893e-01,9.565059692612340e-01,1.159618893162292e-05,-2.492567136171194e-02
1609045341951930761,0,1609045341951930761,-3.009552207200001e-03,3.679584552669235e-03,-1.085301018526030e-03,2.907218151417427e-01,9.564827159016850e-01,-7.071336399136174e-06,-2.493271609712611e-02
1609045342054544926,0,1609045342054544926,-2.469709023104006e-03,3.667856976156699e-03,-9.947422567122904e-04,2.907087669142953e-01,9.564869362544860e-01,-2.029027817287539e-05,-2.492294529020963e-02
1609045342157800198,0,1609045342157800198,-3.069654409778225e-03,3.349366225643427e-03,-8.920648477513801e-04,2.905431012997226e-01,9.565344251507231e-01,-5.345112943153441e-05,-2.503191825746240e-02
1609045342261409760,0,1609045342261409760,-2.412217416523514e-03,3.208554972891812e-03,-8.369023981206001e-04,2.906956605662490e-01,9.564882181590368e-01,-8.913533422946425e-05,-2.502625632713152e-02
1609045342332484245,0,1609045342332484245,-2.566023073779797e-03,2.613627435420012e-03,-9.923356334049561e-04,2.907816600990197e-01,9.564670200391294e-01,9.870954508775348e-05,-2.483658559273303e-02
1609045342433052301,0,1609045342433052301,-2.176079355451714e-03,2.134110000790993e-03,-1.195095247631492e-03,2.906582104719149e-01,9.565045546616280e-01,1.291026822249978e-04,-2.483596040569316e-02
1609045342536562920,0,1609045342536562920,-2.675677078949071e-03,2.651035526824991e-03,-1.439856537239324e-03,2.908949982020760e-01,9.564322136263619e-01,8.035097184494273e-05,-2.484983505903219e-02
1609045342640196085,0,1609045342640196085,-2.423007466386566e-03,2.895645070592208e-03,-1.491268473979642e-03,2.907488484031360e-01,9.564767128126402e-01,6.496814015829542e-05,-2.484755075385981e-02
1609045342742177486,0,1609045342742177486,-2.971571995689686e-03,3.810653544600336e-03,-1.341609396972071e-03,2.907531233042372e-01,9.564745609192290e-01,5.842479783503154e-05,-2.488035750727073e-02
1609045342845651388,0,1609045342845651388,-1.822562787420481e-03,3.976232617565532e-03,-1.256301833387741e-03,2.907724603594056e-01,9.564682320328691e-01,3.952934891750756e-05,-2.489770764209265e-02
1609045342948883533,0,1609045342948883533,-9.286952363218465e-04,3.705103434033277e-03,-1.018199804037792e-03,2.907370971819509e-01,9.564780938979295e-01,-2.735576762960137e-06,-2.493183122149467e-02
1609045343053819180,0,1609045343053819180,-1.185499467789999e-03,2.932890709616649e-03,-8.973047235862156e-04,2.907674403737950e-01,9.564683844163597e-01,-2.666640485477004e-05,-2.495044126415398e-02
1609045343132723331,0,1609045343132723331,-2.012823285231071e-03,2.723719290180384e-03,-1.099778043814312e-03,2.907812381524678e-01,9.564668201831273e-01,1.318353754011242e-04,-2.484906530778944e-02
1609045343232996702,0,1609045343232996702,-1.819834854105637e-03,2.728293042530085e-03,-1.440579545748804e-03,2.908730474275104e-01,9.564390134699093e-01,8.530486020243676e-05,-2.484505012998331e-02
1609045343336480379,0,1609045343336480379,-2.762239736035329e-03,3.602565665870965e-03,-1.441112031707117e-03,2.907247147734840e-01,9.564839843534426e-01,1.026072775680853e-04,-2.484989671865263e-02
1609045343439057112,0,1609045343439057112,-2.718276462084945e-03,4.281907387583656e-03,-1.484559529937570e-03,2.906679284848447e-01,9.565009534210076e-01,6.258631780487901e-05,-2.486116525679117e-02
1609045343542794943,0,1609045343542794943,-1.719697259728088e-03,3.729900929113876e-03,-1.583138357385379e-03,2.907181069220792e-01,9.564853910519241e-01,7.574209580738307e-05,-2.487314364864626e-02
1609045343645304918,0,1609045343645304918,-1.008148024206287e-03,3.206176503296527e-03,-1.708240006894955e-03,2.907150281588499e-01,9.564851317598523e-01,3.197684449420902e-05,-2.491915131696715e-02
1609045343748369217,0,1609045343748369217,-6.629426109324657e-04,2.738107383719616e-03,-1.504538972233683e-03,2.907532142798278e-01,9.564736328054878e-01,6.138140443718333e-06,-2.491501748110910e-02
1609045343853159666,0,1609045343853159666,-1.329985747092511e-03,3.425777207787205e-03,-1.147409785681038e-03,2.907073641888999e-01,9.564858872324496e-01,-5.073674661654446e-05,-2.497945870546446e-02
1609045343954471588,0,1609045343954471588,-1.165993072850443e-03,3.649326222385003e-03,-7.034779311590116e-04,2.907809738971971e-01,9.564643622756249e-01,-2.261908490612521e-05,-2.494691172061345e-02
1609045344062379599,0,1609045344062379599,-1.260591553145183e-03,4.515594381174779e-03,-6.117010593776133e-04,2.907092755946454e-01,9.564834077889384e-01,-8.415957151719082e-05,-2.505195850230325e-02
1609045344132569313,0,1609045344132569313,-8.520500606713790e-04,3.362268366779651e-03,-6.956979634157842e-04,2.908280342525577e-01,9.564522301240911e-01,1.366356344250748e-04,-2.486297074141185e-02
1609045344235209465,0,1609045344235209465,-1.889422686931053e-03,2.515925262278812e-03,-8.757704593371284e-04,2.907442931905916e-01,9.564781355984082e-01,1.118677102162991e-04,-2.484591686477662e-02
1609045344337351799,0,1609045344337351799,-2.384753110115079e-03,2.303218378212746e-03,-1.331219744636207e-03,2.907204620568319e-01,9.564848619232358e-01,9.224386455170379e-05,-2.486590726594420e-02
1609045344440500975,0,1609045344440500975,-1.572649966798898e-03,2.267608267932094e-03,-1.675304457941039e-03,2.907672698744473e-01,9.564704950690976e-01,4.698154995525043e-05,-2.487136153706717e-02
1609045344543879747,0,1609045344543879747,-3.235882632867942e-04,1.348274342678374e-03,-1.595992007830193e-03,2.907610255451309e-01,9.564714430522984e-01,4.528123144099175e-06,-2.490792301316636e-02
1609045344647241592,0,1609045344647241592,-1.032045491944194e-04,2.164425577082262e-03,-1.479723878986016e-03,2.907911358154988e-01,9.564621466272089e-01,2.185390158386177e-05,-2.491338842357064e-02
1609045344749951601,0,1609045344749951601,7.352426073528851e-04,2.292154179260329e-03,-1.321202785902883e-03,2.907493546326145e-01,9.564742290010982e-01,-6.417290571742756e-06,-2.493716094955320e-02
1609045344853025913,0,1609045344853025913,2.757199954058659e-04,1.903045564223995e-03,-1.175899075910648e-03,2.908030213233975e-01,9.564570232145151e-01,-2.819666302436522e-05,-2.497127825507058e-02
1609045344956140041,0,1609045344956140041,5.179634416145802e-05,2.111378846943988e-03,-7.349128947245844e-04,2.907723441918201e-01,9.564658993702678e-01,-5.186651166817835e-05,-2.498848744552627e-02
1609045345059230089,0,1609045345059230089,-3.609077740337025e-04,2.813635352925394e-03,-7.412595695468171e-04,2.907024116861348e-01,9.564870893373941e-01,-9.240899197083963e-05,-2.499094298451608e-02
1609045345164479494,0,1609045345164479494,-5.300914173683633e-04,3.313770602267640e-03,-3.112685192758582e-04,2.906284238000164e-01,9.565090886555949e-01,-7.747603128154105e-05,-2.500953010668522e-02
1609045345233464479,0,1609045345233464479,-4.667757492835920e-04,3.308726757397397e-03,-7.589052260594990e-04,2.908588472047456e-01,9.564432675539627e-01,1.167079129766104e-04,-2.484740092280472e-02
1609045345334598303,0,1609045345334598303,-5.298104224163493e-04,4.015557513973615e-03,-1.023211633825055e-03,2.908950154042731e-01,9.564312289851448e-01,1.497295200867641e-04,-2.488718175919261e-02
1609045345437605143,0,1609045345437605143,-6.087211162940815e-04,3.723188182066106e-03,-1.276522272881607e-03,2.908672507625119e-01,9.564401882721515e-01,1.027636566064274e-04,-2.486761209587175e-02
1609045345540814400,0,1609045345540814400,-2.797835956670679e-04,2.812321104128224e-03,-1.459212463180722e-03,2.907371085545764e-01,9.564797874652052e-01,8.067876901555725e-05,-2.486651102795537e-02
1609045345644352674,0,1609045345644352674,3.779490223275135e-04,1.738317782411094e-03,-1.600138515252997e-03,2.907873438268063e-01,9.564630543010916e-01,4.223712097740666e-05,-2.492277358418305e-02
1609045345746720314,0,1609045345746720314,3.235665024554926e-04,1.224098898589222e-03,-1.371519877924812e-03,2.906529639687524e-01,9.565032521314978e-01,5.260525702914501e-06,-2.494760850858396e-02
1609045345850307465,0,1609045345850307465,1.102881914313963e-03,2.491519453053485e-03,-1.188892913332092e-03,2.907835987132601e-01,9.564635636049866e-01,-5.155344787543676e-06,-2.494694748378249e-02
1609045345953188658,0,1609045345953188658,8.445510683322818e-04,1.972305039971524e-03,-6.656799865692842e-04,2.907914625861235e-01,9.564610859010835e-01,-4.282915705509864e-06,-2.495027906702285e-02
1609045346056338310,0,1609045346056338310,-1.975797852765762e-04,2.147147036991646e-03,-4.192637652890013e-04,2.907282458010012e-01,9.564786753329052e-01,-2.509294567951978e-06,-2.501261122931626e-02
1609045346159126997,0,1609045346159126997,2.225458739937799e-04,1.880038526849880e-03,-4.419685332750941e-04,2.907373893619375e-01,9.564761267572436e-01,-6.395031557166069e-05,-2.500370534028646e-02
1609045346262238264,0,1609045346262238264,-7.638813624946257e-04,2.191119877913874e-03,-2.623892618511463e-04,2.907567489110041e-01,9.564695769443785e-01,-7.780249495023950e-05,-2.502908886148524e-02
1609045346333717108,0,1609045346333717108,-1.634059463353653e-03,1.947662436521964e-03,-6.951278886541810e-04,2.908981000563944e-01,9.564311666877798e-01,1.087769373468458e-04,-2.485371077582321e-02
1609045346436043501,0,1609045346436043501,-3.308999598851454e-03,2.578163657622052e-03,-8.208933943422010e-04,2.908082248270238e-01,9.564579927901441e-01,9.151049840616849e-05,-2.487319896091668e-02
1609045346538984776,0,1609045346538984776,-2.665528302593427e-03,1.992322277894662e-03,-9.700709001418443e-04,2.907900084646098e-01,9.564639572470619e-01,9.168744043051586e-05,-2.485681109416636e-02
1609045346641712666,0,1609045346641712666,-2.167873900068664e-03,2.126550242839214e-03,-1.199870474085963e-03,2.908302137586751e-01,9.564506801036553e-01,5.364525807900376e-05,-2.489739778449144e-02
1609045346743731260,0,1609045346743731260,-1.377593224752830e-03,2.299828544738487e-03,-1.133203112794994e-03,2.907810245074940e-01,9.564649344677892e-01,6.034991082826066e-05,-2.492431097743792e-02
1609045346846836090,0,1609045346846836090,-1.665984605391784e-03,1.625952159074590e-03,-1.111037799223921e-03,2.908489256780954e-01,9.564449369910258e-01,1.747800220451801e-05,-2.489949056828768e-02
1609045346949858189,0,1609045346949858189,-1.469362077476112e-03,1.177866158279074e-03,-1.124229456569130e-03,2.906942114054646e-01,9.564904617835550e-01,-7.626158301734058e-06,-2.495740199194703e-02
1609045347056054115,0,1609045347056054115,-1.220664135286282e-03,1.535093619071524e-03,-1.012491318941822e-03,2.907512242955487e-01,9.564718766190723e-01,-6.979365722619759e-05,-2.500539814092825e-02
1609045347161298990,0,1609045347161298990,-2.101462108181066e-03,3.125135706029463e-03,-5.993767398712906e-04,2.907497375480855e-01,9.564720881076170e-01,-7.457513248462593e-05,-2.501458025306769e-02
1609045347232743502,0,1609045347232743502,-2.270454386029480e-03,4.544440145521260e-03,-8.425334105093011e-04,2.907730079735032e-01,9.564690016088251e-01,1.334859024742749e-04,-2.486139531254378e-02
1609045347332663298,0,1609045347332663298,-2.867561041447759e-03,3.916329060417649e-03,-1.020481079593087e-03,2.908275586952378e-01,9.564523023608612e-01,1.015282058731836e-04,-2.486592254297972e-02
1609045347435981512,0,1609045347435981512,-3.289244487746136e-03,2.921880673274827e-03,-1.074931495324114e-03,2.907413665331517e-01,9.564791970942892e-01,1.170036134947052e-04,-2.483927580195753e-02
1609045347543174744,0,1609045347543174744,-2.464931988613970e-03,2.552263915647991e-03,-9.972799811417163e-04,2.908432793076439e-01,9.564467433714841e-01,4.285121901148293e-05,-2.489602657740129e-02
1609045347645040512,0,1609045347645040512,-2.303171221384366e-03,4.266466858932858e-03,-6.192932182395052e-04,2.907581787124082e-01,9.564721249316576e-01,3.486200596851627e-05,-2.491494581800385e-02
1609045347748454809,0,1609045347748454809,-2.011395834622424e-03,3.370328605731251e-03,-2.613733398643438e-04,2.905833566811332e-01,9.565239415667589e-01,5.435317075397724e-06,-2.496521579885895e-02
1609045347851703167,0,1609045347851703167,-1.335363039936794e-03,3.390977044000362e-03,2.189366116867426e-04,2.907834237135016e-01,9.564634438638128e-01,8.274188213069413e-06,-2.495357643857466e-02
1609045347956261635,0,1609045347956261635,-1.634529624565152e-03,2.290367763157300e-03,1.377995453002421e-04,2.906908134545310e-01,9.564906653637364e-01,-2.754762713595543e-05,-2.498914336697433e-02
1609045348057311296,0,1609045348057311296,-1.740075529732471e-03,2.815830891418587e-03,2.769843629174016e-04,2.906899159300614e-01,9.564906163460950e-01,-4.984592871522444e-05,-2.500142263413327e-02
1609045348160679102,0,1609045348160679102,-2.105826778485980e-03,1.732925093783899e-03,3.051626631023103e-04,2.906223143869778e-01,9.565107626193164e-01,-5.606060740081769e-05,-2.501655913358241e-02
1609045348233015537,0,1609045348233015537,-1.217925419707816e-03,2.331276216664029e-03,-2.012330861387572e-04,2.907253526814038e-01,9.564837740591798e-01,1.285187199966343e-04,-2.485040749417071e-02
1609045348332396030,0,1609045348332396030,-1.196392930367115e-03,2.069825444475092e-03,-8.041862068861347e-04,2.908131208106293e-01,9.564573163982548e-01,1.230392001973677e-04,-2.484181019753588e-02
1609045348435584307,0,1609045348435584307,-1.594200731711906e-03,1.026686135605896e-03,-1.078418996973987e-03,2.911275505615569e-01,9.563640904852665e-01,8.579783523719343e-05,-2.474809837044506e-02
1609045348538785219,0,1609045348538785219,-1.008295254342678e-03,4.643880820529339e-04,-1.190932006685132e-03,2.907174399569972e-01,9.564861324303726e-01,9.437303923700535e-05,-2.485235737048774e-02
1609045348641686201,0,1609045348641686201,9.156366489788857e-05,4.929776728089259e-04,-1.181816494599960e-03,2.907655240479358e-01,9.564703738699376e-01,5.868737814879414e-05,-2.489639511907172e-02
1609045348745500803,0,1609045348745500803,-8.732260959936335e-04,4.792834778005833e-04,-1.090351345504494e-03,2.907099588526517e-01,9.564866863897138e-01,2.035473762617111e-05,-2.491863095562536e-02
1609045348848001719,0,1609045348848001719,5.796480509732920e-04,-4.173386626280515e-04,-9.365475915308082e-04,2.907299958865974e-01,9.564793847644163e-01,-2.316426899484999e-05,-2.496508513469152e-02
1609045348951124668,0,1609045348951124668,-3.553305755592066e-04,-1.989525072395951e-05,-4.884333330363182e-04,2.907000521970314e-01,9.564892189550688e-01,-2.134810620140588e-06,-2.493699401913236e-02
1609045349054097176,0,1609045349054097176,-3.901053630334477e-04,-1.072835843174207e-03,-4.100419272406170e-04,2.906953725068316e-01,9.564900444452656e-01,-3.411236608418358e-05,-2.495985008883273e-02
1609045349157289267,0,1609045349157289267,-1.400793841906819e-03,-2.465608841733193e-04,-2.969686151825043e-04,2.907166727467428e-01,9.564817878971422e-01,-9.231268934476518e-05,-2.502792613100993e-02
1609045349260545969,0,1609045349260545969,-1.028024438402894e-03,-9.588699515763092e-04,-3.805234116693915e-04,2.906981294105768e-01,9.564873787643012e-01,-8.649002696872090e-05,-2.502966921807917e-02
1609045349332954168,0,1609045349332954168,-4.500960431714816e-04,-7.641710916483956e-04,-5.587828373981559e-04,2.909184615588130e-01,9.564258413943916e-01,1.476171339689516e-04,-2.482008957211124e-02
1609045349432237625,0,1609045349432237625,-7.148462085179744e-04,-2.297548432760434e-04,-7.546487934289396e-04,2.908924141021655e-01,9.564333149346936e-01,1.124436167997762e-04,-2.483756947011130e-02
1609045349535474777,0,1609045349535474777,-1.327050882949979e-03,5.681116711858607e-04,-9.230864113343620e-04,2.907894772510292e-01,9.564642088888839e-01,1.098227100071341e-04,-2.485326886968829e-02
1609045349638504028,0,1609045349638504028,-3.772376305247476e-04,4.228632857365106e-04,-1.021605912422828e-03,2.906792376766594e-01,9.564972939125167e-01,9.051057447821835e-05,-2.486964675031625e-02
1609045349746505499,0,1609045349746505499,-4.226257271189750e-04,1.240383456516062e-03,-9.297567367850080e-04,2.907345437257000e-01,9.564787610333418e-01,3.521986012729484e-06,-2.493601339885356e-02
1609045349849316597,0,1609045349849316597,-1.362902202507142e-04,-4.461259641176129e-04,-6.803139698685690e-04,2.906802598422421e-01,9.564940228449844e-01,-1.854454097824038e-05,-2.498340360851953e-02
1609045349959444761,0,1609045349959444761,-5.800921466028755e-04,1.540987386870312e-05,-5.486860365645826e-04,2.907087014947343e-01,9.564844641871832e-01,-9.242366318596213e-05,-2.501823538080823e-02
1609045350034242153,0,1609045350034242153,-7.333867975930075e-04,-3.517533034978684e-04,-6.545123811494511e-04,2.908413553542488e-01,9.564484037138845e-01,1.360972563913431e-04,-2.485434622562168e-02
1609045350135381222,0,1609045350135381222,-1.487813804064987e-03,1.700345391939243e-04,-7.618937901383391e-04,2.907772824449646e-01,9.564672232031660e-01,9.908505169645246e-05,-2.487997455786529e-02
1609045350238719463,0,1609045350238719463,-1.217094716654367e-03,1.505725534943124e-04,-1.014474447439534e-03,2.906993534242477e-01,9.564915655413601e-01,9.481235717980209e-05,-2.485481799330879e-02
1609045350341748476,0,1609045350341748476,-2.229761392623739e-03,5.289224458681684e-04,-1.065195361984768e-03,2.907477257971161e-01,9.564762557943804e-01,6.148708488599921e-05,-2.487826892303561e-02
1609045350445809841,0,1609045350445809841,-2.836389442315147e-03,-1.291698524074030e-04,-9.038295566936319e-04,2.907304777527646e-01,9.564801482355595e-01,2.764359859652431e-05,-2.493019399565347e-02
1609045350548038483,0,1609045350548038483,-1.978112719611659e-03,6.906758979440911e-04,-5.703324666855748e-04,2.906755694934390e-01,9.564964439278446e-01,1.096328384273133e-05,-2.494525872297474e-02
1609045350650452375,0,1609045350650452375,-2.270381163864384e-03,7.246144087279496e-04,-3.376409843485764e-04,2.906169827899965e-01,9.565142948602462e-01,2.108244976266149e-05,-2.494338785071596e-02
1609045350753902197,0,1609045350753902197,-2.117084647266272e-03,-2.199942791118369e-05,-2.954861897732550e-04,2.906997375389623e-01,9.564885459959730e-01,-3.108385634985214e-05,-2.496643761087033e-02
1609045350856816530,0,1609045350856816530,-2.620621053216014e-03,-1.881336387205296e-04,-1.186055215578016e-04,2.906835503346542e-01,9.564917807482256e-01,-6.160514293786283e-05,-2.503084358608734e-02
1609045350931749821,0,1609045350931749821,-2.957627183613384e-03,2.503122824351952e-04,-4.153954992831950e-04,2.907631383677937e-01,9.564718556073987e-01,1.206290908239982e-04,-2.486709162668924e-02
1609045351034852266,0,1609045351034852266,-2.721708010970079e-03,1.271502764704126e-04,-6.639084340608511e-04,2.906645895479995e-01,9.565026413755375e-01,1.211238824276687e-04,-2.483503077134201e-02
1609045351138008833,0,1609045351138008833,-1.589614780590666e-03,-3.505712473020145e-04,-8.879966876866769e-04,2.906411958899473e-01,9.565082595562718e-01,9.008011588966621e-05,-2.489249962862340e-02
1609045351242184639,0,1609045351242184639,-1.556849645411876e-03,-9.314573776358489e-04,-1.045104214413222e-03,2.907757515889270e-01,9.564671541663405e-01,3.864030767445008e-05,-2.490067861844715e-02
1609045351346283436,0,1609045351346283436,-1.816830834227630e-03,-6.060792291513181e-04,-9.765575019200065e-04,2.907832036205549e-01,9.564656819730174e-01,7.091948719233185e-05,-2.487011601057151e-02
1609045351452354908,0,1609045351452354908,-1.834899962704673e-03,-9.089151303274417e-05,-7.420634976796528e-04,2.906928183252376e-01,9.564900431335371e-01,-3.559324925595112e-05,-2.498962771930055e-02
1609045351555515528,0,1609045351555515528,-1.892065856991156e-03,5.870949586179669e-04,-2.764181102366656e-04,2.907613817649828e-01,9.564684482151705e-01,-4.509787899155325e-05,-2.501848134992295e-02
1609045351658570766,0,1609045351658570766,-1.156294723695430e-03,2.927688452309120e-04,-1.795582115162478e-04,2.907102104259951e-01,9.564836303576858e-01,-9.507685849427096e-05,-2.503256623156970e-02
1609045351761726379,0,1609045351761726379,-1.011889652228007e-03,2.416741449669926e-04,1.024513641627957e-05,2.905414480177567e-01,9.565340888972733e-01,-1.049948907098288e-04,-2.506377340248127e-02
1609045351833051443,0,1609045351833051443,-1.377286455703902e-03,3.379725016886213e-05,-8.142122976271843e-05,2.908010070539976e-01,9.564604440725621e-01,1.319662398492706e-04,-2.486314150902482e-02
1609045351933578253,0,1609045351933578253,-7.874492196975125e-04,-1.085436909908396e-04,-6.268813729651571e-04,2.907281829809306e-01,9.564827222940374e-01,1.143190348868673e-04,-2.485784593725523e-02
1609045352036904812,0,1609045352036904812,-1.312552586026398e-03,-1.127332054312083e-04,-9.457879316732005e-04,2.907847770066719e-01,9.564651087246853e-01,7.803852137403748e-05,-2.487374445740504e-02
1609045352140940905,0,1609045352140940905,-2.489259666963204e-03,-7.759031808335140e-05,-9.424906826286821e-04,2.906642161800937e-01,9.565011599311335e-01,4.591484828290761e-05,-2.489663379896984e-02
1609045352243038416,0,1609045352243038416,-2.203221150475843e-03,-1.825185318697584e-04,-8.112119159985492e-04,2.905977734447988e-01,9.565205377900317e-01,3.063048498366549e-05,-2.492777399713452e-02
1609045352347327232,0,1609045352347327232,-2.785137858637550e-03,6.928176965275265e-04,-6.502286731187514e-04,2.906706933489726e-01,9.564987363700066e-01,2.847307735266163e-05,-2.491414336830347e-02
1609045352450716496,0,1609045352450716496,-1.811721829405137e-03,7.130956225675651e-04,-7.075264527529682e-04,2.905519840774644e-01,9.565327146895867e-01,-2.408822329240863e-05,-2.499419326284848e-02
1609045352552486897,0,1609045352552486897,-1.074134372824285e-03,4.902042324862119e-04,-6.529461649568695e-04,2.907061903214727e-01,9.564861917284704e-01,-2.370556663369972e-05,-2.498150074501996e-02
1609045352655330420,0,1609045352655330420,-7.728810285984933e-04,4.321145058862884e-04,-6.917920044445553e-04,2.906454466825053e-01,9.565037673810268e-01,-6.775212977090890e-05,-2.501524971218259e-02
1609045352757711411,0,1609045352757711411,-1.156462160544088e-03,8.192180677942101e-04,-5.184561099800367e-04,2.905765806034116e-01,9.565243328120886e-01,-8.044218379771667e-05,-2.502888475655455e-02
1609045352861351490,0,1609045352861351490,-8.746477771908843e-04,7.328181277352337e-04,-5.097787554164132e-04,2.905580571872101e-01,9.565294877627528e-01,-1.001810305925236e-04,-2.504684426358469e-02
1609045352931742191,0,1609045352931742191,-1.259298253102488e-03,1.299525784747672e-03,-5.425771441861843e-04,2.907440135935350e-01,9.564774862616939e-01,1.287580878874784e-04,-2.487408802892412e-02
1609045353034091473,0,1609045353034091473,-1.580764324179825e-03,1.508409995204590e-03,-6.987254563227681e-04,2.906638745699686e-01,9.565017410209739e-01,1.010024746991264e-04,-2.487812778730230e-02
1609045353137523651,0,1609045353137523651,-1.530093915058136e-03,1.688688988960303e-03,-7.045159337125273e-04,2.907237641148515e-01,9.564833381316826e-01,9.867551490134007e-05,-2.488588190904083e-02
1609045353240047693,0,1609045353240047693,-2.959428347609605e-03,1.434356255042198e-03,-7.934957136162982e-04,2.906744925504319e-01,9.564979783641071e-01,5.995273114605476e-05,-2.489885883886413e-02
1609045353343299389,0,1609045353343299389,-2.362727296031034e-03,3.225456723873201e-04,-6.996624607332557e-04,2.905944465372855e-01,9.565212361396749e-01,6.021872801130820e-05,-2.493970386960483e-02
1609045353446299553,0,1609045353446299553,-1.983361127150752e-03,3.369998765514137e-04,-7.000226536177250e-04,2.907311466738197e-01,9.564799477406737e-01,2.757716930997345e-05,-2.493008550138760e-02
1609045353549280882,0,1609045353549280882,-1.424702567457750e-03,-3.959575102305565e-04,-5.868478782527811e-04,2.906936726706786e-01,9.564902788787356e-01,-2.191616600552009e-05,-2.497067478613115e-02
1609045353652722597,0,1609045353652722597,-1.827201163527038e-03,-1.093274980099227e-03,-5.997666607056068e-04,2.906738668173414e-01,9.564961232780487e-01,-2.959909057607739e-05,-2.497735829299149e-02
1609045353755414248,0,1609045353755414248,-1.695720235009321e-03,-3.810396155206326e-04,-4.627575250243704e-04,2.906628604640203e-01,9.564989316634257e-01,-7.426171245377706e-05,-2.499779507639654e-02
1609045353858381510,0,1609045353858381510,-1.715978989731638e-03,-4.070033923215837e-04,-1.048204594727427e-04,2.906543300997111e-01,9.565004433360491e-01,-5.337838805101845e-05,-2.503915818997402e-02
1609045353961846113,0,1609045353961846113,-2.191190275065123e-03,-6.351564739244171e-04,-2.717756377606777e-04,2.905655766611931e-01,9.565272717767185e-01,-1.605882628627462e-04,-2.504392577512004e-02
1609045354031914234,0,1609045354031914234,-2.304058767218339e-03,-9.191228891001326e-04,-5.619762929014418e-04,2.907581282348519e-01,9.564733776064800e-01,1.144847274993688e-04,-2.486716084612904e-02
1609045354133610725,0,1609045354133610725,-3.075668542352346e-03,-4.692201913066447e-04,-9.817743260525440e-04,2.906436843171691e-01,9.565085641499308e-01,1.148742682889619e-04,-2.485160514261602e-02
1609045354237198353,0,1609045354237198353,-2.798002058766456e-03,-5.452102611691104e-04,-1.331849488532349e-03,2.907238827005715e-01,9.564839752480029e-01,8.159468121980103e-05,-2.486005759191209e-02
1609045354339655161,0,1609045354339655161,-1.756120912195563e-03,-5.099070070628226e-04,-1.473781608032263e-03,2.906903411053842e-01,9.564933189573640e-01,4.557863055632520e-05,-2.489285641364878e-02
1609045354445027590,0,1609045354445027590,-1.851546578460901e-03,-2.321479030968222e-04,-1.240499266855482e-03,2.907447467362602e-01,9.564754263336811e-01,1.151750629064297e-05,-2.494495805367960e-02
1609045354545716286,0,1609045354545716286,-2.060729972152804e-03,2.647448503175027e-04,-9.721687095271156e-04,2.907481051924046e-01,9.564746273793829e-01,1.742968664182480e-05,-2.493644326251274e-02
1609045354648598909,0,1609045354648598909,-1.777652515634424e-03,3.864700262442662e-04,-7.265857943701389e-04,2.907507358100481e-01,9.564738546686515e-01,-1.451820307531695e-05,-2.493541157289853e-02
1609045354751622677,0,1609045354751622677,-6.670601995435932e-04,7.534433838602805e-04,-4.832027727914924e-04,2.907760529184032e-01,9.564657336637937e-01,-4.345471098566328e-05,-2.495166302563068e-02
1609045354854784012,0,1609045354854784012,3.391424150259997e-04,6.172834692926987e-04,-5.765581003444846e-04,2.906317985133127e-01,9.565085148723408e-01,-6.135410564769576e-05,-2.499229691688156e-02
1609045354961596489,0,1609045354961596489,5.223261780565068e-04,2.256477818122086e-04,-2.758756753920967e-04,2.907357560378368e-01,9.564753859261210e-01,-8.840761845103529e-05,-2.505091739958475e-02
1609045355061107874,0,1609045355061107874,3.710736945592748e-04,-4.873731435117659e-04,-1.892791690155646e-04,2.905897000676946e-01,9.565196629377345e-01,-1.031820245062665e-04,-2.505493926158244e-02
1609045355131920338,0,1609045355131920338,-4.471772906843278e-04,8.037894139872538e-04,-3.536797030990532e-04,2.907828620155669e-01,9.564659817895743e-01,1.163398642682261e-04,-2.486240741074652e-02
1609045355233077288,0,1609045355233077288,-1.666754678082632e-03,1.876923558266444e-03,-6.673401369552861e-04,2.908277451290042e-01,9.564535542827598e-01,1.519146663199089e-04,-2.481527926237605e-02
1609045355336642981,0,1609045355336642981,-3.076072285959122e-03,2.102347296390780e-03,-8.013752131035044e-04,2.907049504273618e-01,9.564891912713833e-01,1.196649421790539e-04,-2.488060405663188e-02
1609045355439540386,0,1609045355439540386,-3.315555717709214e-03,1.743440800517717e-03,-9.807781788480343e-04,2.907650626252797e-01,9.564703876072420e-01,4.737343916111154e-05,-2.490127993915870e-02
1609045355542252064,0,1609045355542252064,-2.052023080755178e-03,1.063052628234348e-03,-9.459999722006095e-04,2.906580930618622e-01,9.565027284810341e-01,5.189465068246391e-05,-2.490784319856313e-02
1609045355645478487,0,1609045355645478487,-1.944144598695652e-03,9.974469399206248e-04,-7.396530049325413e-04,2.907137297621362e-01,9.564850387781380e-01,7.755327427606468e-06,-2.493788004434058e-02
1609045355748636484,0,1609045355748636484,-2.514952383824916e-03,1.050335752195939e-03,-5.504212585037373e-04,2.907285798410905e-01,9.564798439761603e-01,-8.188373226504166e-06,-2.496399134254089e-02
1609045355851861000,0,1609045355851861000,-3.121195164422916e-03,9.721583522810305e-04,-2.118291775167303e-04,2.905936503660395e-01,9.565197400735879e-01,-3.139053988967714e-05,-2.500632382030463e-02
1609045355954836607,0,1609045355954836607,-2.312667292398947e-03,-2.160187107882078e-04,-1.075143041122076e-04,2.905937823312335e-01,9.565196148944525e-01,-3.673530207070054e-05,-2.500957102768165e-02
1609045356057944536,0,1609045356057944536,-2.581091127931554e-03,-8.196561202232271e-04,5.192734151413930e-06,2.905766084141516e-01,9.565235441807041e-01,-7.291444585678637e-05,-2.505870614919673e-02
1609045356161173582,0,1609045356161173582,-2.242792626199252e-03,-8.940303111364307e-04,-5.874192254250441e-05,2.905699715990890e-01,9.565257335927849e-01,-1.098476611569074e-04,-2.505195627201044e-02
1609045356231507540,0,1609045356231507540,-1.373151915927293e-03,-9.503645950245366e-04,-4.657912173384557e-04,2.908006414577946e-01,9.564603015307129e-01,1.031562589447877e-04,-2.487303524246923e-02
1609045356333556175,0,1609045356333556175,-1.989275565699076e-03,-5.881889743714074e-04,-7.969350381046319e-04,2.907585402498816e-01,9.564733664085147e-01,9.051496084612424e-05,-2.486287251780402e-02
1609045356437293530,0,1609045356437293530,-1.578827710767236e-03,-2.682464484416566e-04,-1.051329194288118e-03,2.907166036640954e-01,9.564853949825346e-01,8.127850832437846e-05,-2.489053902175783e-02
1609045356539383888,0,1609045356539383888,-1.180127409853365e-03,3.969636376464940e-04,-7.860194884675893e-04,2.906436630644487e-01,9.565074469897585e-01,8.986738310730293e-05,-2.489491709845333e-02
1609045356642381430,0,1609045356642381430,-6.157545885439773e-04,5.080331567519306e-04,-6.103651192987515e-04,2.906677799769103e-01,9.564997758324068e-01,7.369822444278860e-05,-2.490813289451637e-02
1609045356746361256,0,1609045356746361256,-4.643427823156406e-04,5.340030379730242e-04,-3.867511637400757e-04,2.907243478794110e-01,9.564823457219053e-01,3.020529012327449e-05,-2.491736261972127e-02
1609045356854861975,0,1609045356854861975,-8.097684344906258e-04,3.340947543576148e-04,-1.975074984548963e-04,2.906015578510628e-01,9.565172415364339e-01,-6.133328894225672e-05,-2.500994714436467e-02
1609045356958357573,0,1609045356958357573,-1.143154176398705e-03,-2.519690545840553e-04,-1.326529702381622e-04,2.907171022136429e-01,9.564813801695841e-01,-8.287072580455929e-05,-2.503855031151715e-02
1609045357061709642,0,1609045357061709642,-1.326884551223819e-03,-7.041050262145113e-04,-7.386161406167597e-05,2.905964288497142e-01,9.565176545392452e-01,-1.180910346049243e-04,-2.505350572098770e-02
1609045357131057024,0,1609045357131057024,-1.328016596275167e-03,-3.465845591361349e-04,-4.399212877979743e-04,2.907173365944352e-01,9.564864729718324e-01,1.328760184223133e-04,-2.484028118148200e-02
1609045357235401154,0,1609045357235401154,-1.338537764505801e-03,-2.205967136575081e-04,-1.098019030630031e-03,2.907804624237661e-01,9.564664064387914e-01,6.934097918278613e-05,-2.487430840008777e-02
1609045357338570118,0,1609045357338570118,-7.431705271636293e-04,-2.793983258607059e-04,-1.272717036669768e-03,2.907263965258334e-01,9.564827091788080e-01,5.947802344784085e-05,-2.487942658715422e-02
1609045357439825773,0,1609045357439825773,-1.554328798465430e-03,2.098052969971705e-04,-1.015580776849177e-03,2.907074472732381e-01,9.564879622873572e-01,7.628585359353959e-05,-2.489884092871865e-02
1609045357542685509,0,1609045357542685509,-1.862030847581225e-03,6.047600375764991e-04,-6.957116688436607e-04,2.907163789972464e-01,9.564849999576518e-01,3.482393570020120e-05,-2.490844487114134e-02
1609045357645743847,0,1609045357645743847,-2.383639791545081e-03,1.446303471468890e-03,-3.628524683212820e-04,2.905996504386100e-01,9.565202524073522e-01,5.305867678353712e-05,-2.491680324949368e-02
1609045357749105453,0,1609045357749105453,-2.129748930042842e-03,8.962262291426948e-04,-3.720090322035735e-04,2.906239973928803e-01,9.565110409177470e-01,-4.392045278270810e-06,-2.498641075472608e-02
1609045357852055073,0,1609045357852055073,-1.551793936864202e-03,4.842417709726223e-04,-2.460592488443710e-04,2.907620108111173e-01,9.564692362833724e-01,-2.645272849014251e-05,-2.498104106501439e-02
1609045357954969406,0,1609045357954969406,-1.064365822508840e-03,-1.858748132619241e-04,2.387457596211131e-04,2.906267803563702e-01,9.565101181210407e-01,-1.325385166175668e-05,-2.498936365653452e-02
1609045358058198929,0,1609045358058198929,-1.170056489872054e-03,-1.530531951785946e-04,4.628293214952265e-04,2.906328491138835e-01,9.565066140850680e-01,-3.740614251648285e-05,-2.505280080363004e-02
1609045358161063194,0,1609045358161063194,-1.380957409318682e-03,6.202961683493542e-04,4.277084694343360e-04,2.905562316940249e-01,9.565294973981440e-01,-7.628719888081333e-05,-2.506772847996151e-02
1609045358231339216,0,1609045358231339216,-1.555743794442164e-03,5.780200044992659e-04,-4.225706725205473e-05,2.907634742931339e-01,9.564726486941034e-01,1.325380632957406e-04,-2.483257438511757e-02
1609045358333197117,0,1609045358333197117,-1.760478941963509e-03,5.296046765047050e-04,-4.850047998417736e-04,2.907584440913333e-01,9.564722544348316e-01,1.070593204032933e-04,-2.490667027317687e-02
1609045358436339855,0,1609045358436339855,-2.089153124943084e-03,1.545346144662338e-03,-6.273995880957508e-04,2.905731612524706e-01,9.565284267454169e-01,8.621868315265237e-05,-2.491183160426079e-02
1609045358540098667,0,1609045358540098667,-1.648238364412869e-03,1.139277873882719e-04,-6.034087580597960e-04,2.907223693216855e-01,9.564833664132245e-01,8.118367211295524e-05,-2.490114776227057e-02
1609045358642568111,0,1609045358642568111,-1.780466414097393e-03,3.680102657571217e-04,-5.909359552398024e-04,2.907247960844387e-01,9.564821001685330e-01,3.784908685147765e-05,-2.492154822951533e-02
1609045358745796204,0,1609045358745796204,-1.361473927678901e-03,6.832213276254927e-04,-4.744667109752622e-04,2.907349551786126e-01,9.564784620935294e-01,1.704630340600509e-05,-2.494267623502186e-02
1609045358848853111,0,1609045358848853111,-1.768669189468007e-03,1.059967901630460e-03,-3.520758806762607e-04,2.906110655502470e-01,9.565152336820484e-01,-5.701381462060833e-06,-2.497631440535027e-02
1609045358951894999,0,1609045358951894999,-1.476473548477529e-03,1.870046678416873e-03,-2.317439363446265e-04,2.906941906297197e-01,9.564896919927951e-01,-2.885822268843662e-05,-2.498711293280606e-02
1609045359055296421,0,1609045359055296421,-2.670051717908595e-04,5.419285446215050e-04,-1.218634744427905e-04,2.907144042281802e-01,9.564829846955401e-01,-4.941082206633286e-05,-2.500865291433335e-02
1609045359157958031,0,1609045359157958031,-2.343775048133060e-04,6.478066799203028e-04,1.319479996394031e-04,2.906576734118531e-01,9.564996771913465e-01,-5.673878871049258e-05,-2.502960647357762e-02
1609045359260460138,0,1609045359260460138,-1.085577952139222e-03,-2.167969316255980e-04,3.498358377679280e-04,2.906007461511771e-01,9.565166565710086e-01,-8.346201163444255e-05,-2.504166672855805e-02
1609045359331172705,0,1609045359331172705,-1.561727976052674e-03,1.710039367695103e-04,2.785610650941530e-05,2.907497596103309e-01,9.564765252902873e-01,1.488087160034113e-04,-2.484374591264433e-02
1609045359432994127,0,1609045359432994127,-1.096065367676856e-03,1.228565015509297e-04,-5.207979666783557e-04,2.906924536151322e-01,9.564929358935684e-01,1.089009885590473e-04,-2.488270759673109e-02
1609045359536203861,0,1609045359536203861,-9.612763467949474e-04,-3.553723644756569e-04,-8.113528801130776e-04,2.907857198216708e-01,9.564647983812888e-01,6.875965438128634e-05,-2.487468345919859e-02
1609045359639272451,0,1609045359639272451,-1.240937596480260e-03,-2.137586013511426e-04,-8.481916784164814e-04,2.906922800680227e-01,9.564927676543560e-01,5.033468337971855e-05,-2.489138806966374e-02
1609045359742456675,0,1609045359742456675,-1.029191488151691e-03,-3.841211714130349e-04,-9.246088614233892e-04,2.906986611286602e-01,9.564899572431236e-01,4.732722694782002e-05,-2.492484445358304e-02
1609045359845452070,0,1609045359845452070,2.707242478055964e-04,-1.437099084385069e-03,-8.736715325053499e-04,2.906780381401510e-01,9.564959899804225e-01,3.270337062010420e-05,-2.493387704916303e-02
1609045359948611975,0,1609045359948611975,3.107132327035491e-04,-1.135367890878907e-03,-7.104610022145574e-04,2.907145772996832e-01,9.564845403157209e-01,-1.787282882194671e-05,-2.494711131374576e-02
1609045360051887274,0,1609045360051887274,1.999000790339828e-04,-3.815632696574849e-05,-4.267159016449587e-04,2.906852372832454e-01,9.564924884630194e-01,-3.769391193991192e-05,-2.498421338407328e-02
1609045360154910326,0,1609045360154910326,-3.613472817807704e-04,5.035148997801441e-04,-1.606629547795212e-04,2.906169686602709e-01,9.565122657570718e-01,-4.608704515666300e-05,-2.502120818066083e-02
1609045360257815361,0,1609045360257815361,-1.863608607968557e-04,3.807575017242831e-04,1.124476805460143e-04,2.906788614440433e-01,9.564938259174116e-01,-4.279925357672130e-05,-2.500717216197535e-02
1609045360360925674,0,1609045360360925674,-7.538946658768790e-04,9.081207407922745e-04,3.216573503177821e-04,2.906614160990538e-01,9.564980029218667e-01,-7.711718731773608e-05,-2.505006288536019e-02
1609045360431188107,0,1609045360431188107,-1.647451874357567e-03,9.652841542568206e-04,1.440022140558822e-04,2.907353800400220e-01,9.564801881763647e-01,1.480256338074621e-04,-2.487099731311962e-02
1609045360533060312,0,1609045360533060312,-1.664180730661672e-03,8.775096854980776e-04,-2.239295237156817e-04,2.906778830762893e-01,9.564975567379586e-01,1.064057851678006e-04,-2.487530748067520e-02
1609045360636082411,0,1609045360636082411,-1.834320880400625e-03,1.450176707503306e-03,-3.305271560259727e-04,2.907218326397455e-01,9.564841217436866e-01,1.120987534891760e-04,-2.487826988580553e-02
1609045360739422083,0,1609045360739422083,-2.025055616418493e-03,1.346766229327954e-03,-6.202296556194803e-04,2.906615108477563e-01,9.565013322840227e-01,8.072434380675230e-05,-2.492149542085983e-02
1609045360842194557,0,1609045360842194557,-1.734758905633210e-03,1.541901391771113e-03,-7.105867617711165e-04,2.906206062552724e-01,9.565137475028118e-01,2.980450200229196e-05,-2.492214215265307e-02
1609045360945333958,0,1609045360945333958,-1.925541698346078e-03,6.743339288473203e-04,-4.670348703716803e-04,2.906382638069813e-01,9.565078164980335e-01,4.233760812696075e-05,-2.494383284088946e-02
1609045361048320532,0,1609045361048320532,-1.494437302349557e-03,1.201583376088848e-03,-5.138523290389219e-04,2.907292473174869e-01,9.564793670029383e-01,-1.233178205404642e-05,-2.497448897640527e-02
1609045361151491165,0,1609045361151491165,-1.124608416895414e-03,1.095098982367176e-03,-1.716777214785290e-04,2.905993569975827e-01,9.565184474193272e-01,-2.799936784076168e-05,-2.498945127417860e-02
1609045361254214048,0,1609045361254214048,-1.394680475782331e-03,1.312658086248450e-03,6.317738468373053e-05,2.906850952871426e-01,9.564909355352936e-01,-3.670976869152951e-05,-2.504524443794057e-02
1609045361357444763,0,1609045361357444763,-1.145625179024712e-03,9.650314553175076e-04,7.780399055117341e-05,2.905476935892072e-01,9.565326302801649e-01,-6.909333925386534e-05,-2.504715922521504e-02
1609045361460551977,0,1609045361460551977,-1.735858202627524e-03,1.211908481616654e-03,2.024451029224283e-04,2.906662155283677e-01,9.564964986386831e-01,-8.437426093818209e-05,-2.505178882199950e-02
1609045361530902863,0,1609045361530902863,-1.298888799639157e-03,1.792469467619039e-03,-1.454229395247641e-04,2.907909902521513e-01,9.564641087614000e-01,1.364044451900534e-04,-2.483928406986007e-02
1609045361632678032,0,1609045361632678032,-1.455135601943520e-03,6.418382635037392e-04,-5.156482973382126e-04,2.907498161572474e-01,9.564758344671839e-01,1.095759829638753e-04,-2.486987088378446e-02
1609045361735631704,0,1609045361735631704,-2.410552032307601e-03,1.273542249813332e-03,-9.123962263254823e-04,2.907654327199490e-01,9.564716470996572e-01,1.104474409762644e-04,-2.484832450793018e-02
1609045361838678122,0,1609045361838678122,-2.059666015201315e-03,8.639548274519250e-04,-9.307336400602275e-04,2.907152499633159e-01,9.564852249561399e-01,6.029354499139281e-05,-2.491293326561040e-02
1609045361942206621,0,1609045361942206621,-2.308112765557637e-03,1.754789035666881e-03,-8.813520944410059e-04,2.906618152563843e-01,9.565012370281697e-01,2.491059202837454e-05,-2.492171933768920e-02
1609045362045191050,0,1609045362045191050,-1.895567610932140e-03,6.448877469622856e-04,-8.584094409852041e-04,2.906943444602798e-01,9.564910497225756e-01,2.048977260576057e-05,-2.493330061223996e-02
1609045362148372650,0,1609045362148372650,-9.204474840796516e-04,3.765528612203886e-04,-8.260082732727167e-04,2.906913952375149e-01,9.564912212747128e-01,-1.139105323958924e-05,-2.496109431406947e-02
1609045362251464605,0,1609045362251464605,-8.947334402499163e-04,-4.531067293116764e-05,-6.689377659105731e-04,2.906817554422170e-01,9.564934000606036e-01,-7.895123220460951e-06,-2.498985056059519e-02
1609045362354897022,0,1609045362354897022,-1.057994566068548e-03,5.786059424344934e-06,-3.929638700245448e-04,2.907356457087629e-01,9.564763497325209e-01,-4.937598033110886e-05,-2.501548077712779e-02
1609045362457978010,0,1609045362457978010,-1.139099136213824e-03,3.318186204201420e-04,-2.195504692697763e-04,2.906085770373358e-01,9.565137390944464e-01,-4.974567940366671e-05,-2.506231037036220e-02
1609045362561050415,0,1609045362561050415,-1.347978179838380e-03,-5.104013672179293e-04,-1.882976316202749e-04,2.905031031205396e-01,9.565456838911706e-01,-9.837073829894618e-05,-2.506575411879127e-02
1609045362631200552,0,1609045362631200552,-2.001605922707185e-03,-9.560919521241145e-05,-3.865895859447601e-04,2.907206749213895e-01,9.564845802694514e-01,1.320427265887148e-04,-2.487407173296796e-02
1609045362732993841,0,1609045362732993841,-1.807080023946288e-03,4.096842054959949e-04,-7.535153932461997e-04,2.907493386175049e-01,9.564756783342178e-01,9.169734667010010e-05,-2.488152808839362e-02
1609045362835984468,0,1609045362835984468,-1.164502044161873e-03,9.449271242569036e-04,-7.999558785695136e-04,2.907192994724205e-01,9.564855186050412e-01,9.530542799280099e-05,-2.485422559284583e-02
1609045362939144135,0,1609045362939144135,-7.705449942520052e-04,1.672775088651716e-03,-8.304442536710975e-04,2.906319228774799e-01,9.565103930442189e-01,7.959529301030078e-05,-2.491880950918850e-02
1609045363042131662,0,1609045363042131662,-2.836354907447029e-04,1.765018380355915e-03,-6.569855792198864e-04,2.906749222181015e-01,9.564974677906884e-01,4.424766483629641e-05,-2.491348521337768e-02
1609045363145369053,0,1609045363145369053,-8.218899226426897e-04,9.036504636098328e-04,-4.979872789026145e-04,2.906784756074859e-01,9.564954388026053e-01,7.543702561882785e-06,-2.494993609697324e-02
1609045363248570442,0,1609045363248570442,-8.821638051976314e-04,9.482944827697919e-04,-4.243782614821422e-04,2.906684779032135e-01,9.564981889173262e-01,2.103605543566072e-05,-2.496097170825160e-02
1609045363352061987,0,1609045363352061987,-1.052501123796835e-03,1.040615122514364e-03,-5.624471567114982e-05,2.906787241887757e-01,9.564937641425312e-01,-2.808484479982380e-05,-2.501115094337909e-02
1609045363455431700,0,1609045363455431700,-1.576661443568743e-03,1.300984830093461e-03,-8.581943678028589e-06,2.905939836184530e-01,9.565192335635939e-01,-5.347440736062495e-05,-2.502178346946433e-02
1609045363557510614,0,1609045363557510614,-1.610758213684764e-03,8.842613439330413e-04,-2.172841019609002e-05,2.906513579583658e-01,9.565018622529274e-01,-6.327800941439290e-05,-2.501942484079974e-02
1609045363660771608,0,1609045363660771608,-1.370071719607196e-03,3.904113050855454e-04,-1.352606753641775e-05,2.905989706227828e-01,9.565168201499620e-01,-8.273459302170753e-05,-2.505602119255959e-02
1609045363731125116,0,1609045363731125116,-1.427341394120502e-03,1.597054295685931e-04,-3.419372902263252e-04,2.907768801215527e-01,9.564682484808515e-01,1.437654702936893e-04,-2.484501893875692e-02
1609045363832931280,0,1609045363832931280,-2.059010436380369e-03,3.949094256955177e-04,-7.231713535066766e-04,2.906737386957974e-01,9.564989651696554e-01,1.048852685668030e-04,-2.486958505674632e-02
1609045363936091661,0,1609045363936091661,-2.459750410563926e-03,7.959731057131164e-04,-8.771691188626167e-04,2.908338695573818e-01,9.564507914717660e-01,1.023141490735681e-04,-2.485021816715785e-02
1609045364039084196,0,1609045364039084196,-2.456899135763043e-03,1.483772104474397e-03,-1.062584835956066e-03,2.907613735631817e-01,9.564717220031801e-01,8.108195780101099e-05,-2.489301262336501e-02
1609045364142184019,0,1609045364142184019,-1.869478736542743e-03,7.436918704480776e-05,-1.102872715561139e-03,2.907163368563015e-01,9.564845077877903e-01,3.152304651120656e-05,-2.492783289668840e-02
1609045364245213032,0,1609045364245213032,-1.715794018121028e-03,1.348693786580944e-04,-8.796791362483895e-04,2.907360776542219e-01,9.564785645208813e-01,8.635201560435862e-06,-2.492566323231878e-02
1609045364347886562,0,1609045364347886562,-1.332759883711835e-03,4.822436737742011e-04,-9.010566136258782e-04,2.905970628774234e-01,9.565198071200843e-01,-1.232827622313690e-05,-2.496408383676832e-02
1609045364451656580,0,1609045364451656580,-1.122464049056815e-04,5.021217315572612e-04,-7.867658412355916e-04,2.907271472543894e-01,9.564800304460502e-01,-3.037636429289563e-05,-2.497351165432041e-02
1609045364555091143,0,1609045364555091143,-3.855934074600953e-04,7.496261550479178e-04,-4.301233619195613e-04,2.907545415673750e-01,9.564704733058897e-01,-6.061968902290115e-05,-2.502052311664585e-02
1609045364658421040,0,1609045364658421040,-1.585392949332197e-03,7.451742663871939e-04,-2.250589193831368e-04,2.906596339787599e-01,9.564990392947450e-01,-6.986529313051416e-05,-2.503118299692840e-02
1609045364761137247,0,1609045364761137247,-1.487299846329598e-03,1.612268146806953e-03,-2.050097030367641e-04,2.906091352865697e-01,9.565133756678409e-01,-9.995110194117935e-05,-2.506955655974022e-02
1609045364831027746,0,1609045364831027746,-1.485935453606344e-03,1.224276681435091e-03,-4.804766106815853e-04,2.907010622188300e-01,9.564907092416471e-01,1.372124695947178e-04,-2.486758395610094e-02
1609045364932848454,0,1609045364932848454,-2.118359158235833e-03,1.727719730832224e-03,-6.401535074317537e-04,2.908534581939293e-01,9.564444236768563e-01,9.467118500564081e-05,-2.486606746682801e-02
1609045365036062479,0,1609045365036062479,-2.862596757317354e-03,1.853435502895307e-03,-7.471433623154586e-04,2.906477121183382e-01,9.565065236632874e-01,7.647778022782163e-05,-2.488316259873847e-02
1609045365138471127,0,1609045365138471127,-2.634362887122748e-03,7.691996419874448e-04,-7.379450534088117e-04,2.907168350269125e-01,9.564856896721329e-01,8.538741035002985e-05,-2.487649479258127e-02
1609045365241570473,0,1609045365241570473,-2.277107853625783e-03,8.790173463506206e-04,-5.622800441797550e-04,2.906395786462982e-01,9.565088597241169e-01,7.372851835636960e-05,-2.488837394229707e-02
1609045365345337629,0,1609045365345337629,-2.493931427448447e-03,5.471953764865804e-04,-4.415442855890030e-04,2.905773347645738e-01,9.565268295345229e-01,2.108620949984321e-05,-2.492461548218945e-02
1609045365448401451,0,1609045365448401451,-1.947297198908075e-03,7.969156181903504e-04,-3.344537132825422e-04,2.906361448054391e-01,9.565080130492301e-01,2.502738192321599e-05,-2.496100315870276e-02
1609045365551885843,0,1609045365551885843,-2.008087916891340e-03,5.588848248585871e-04,-5.432683214931034e-05,2.906728739909201e-01,9.564960352818821e-01,-2.144246835080208e-05,-2.499228592850805e-02
1609045365654894829,0,1609045365654894829,-1.136835813549313e-03,6.627951418863439e-04,-2.174773626407487e-05,2.906058106386409e-01,9.565159983948790e-01,-6.324685206915887e-05,-2.500807144409633e-02
1609045365757919788,0,1609045365757919788,-1.550512486274206e-03,1.039649823003188e-04,1.190496266924004e-05,2.906706997789609e-01,9.564948304578335e-01,-6.234410668978262e-05,-2.506351353008683e-02
1609045365860867023,0,1609045365860867023,-1.567721627550324e-03,6.344866738272674e-04,1.166304965362931e-04,2.905372196466408e-01,9.565357440964848e-01,-5.054831204400404e-05,-2.504978463901177e-02
1609045365931034803,0,1609045365931034803,-1.951920319608349e-03,3.897699309101253e-04,-2.779980674344150e-04,2.906705394220069e-01,9.565001815207376e-01,1.397501327023955e-04,-2.486002278002752e-02
1609045366032932520,0,1609045366032932520,-2.112823871935721e-03,1.711191607635317e-04,-6.743082791336937e-04,2.907159636126722e-01,9.564857184311020e-01,1.057144505603133e-04,-2.488549301012359e-02
1609045366136140347,0,1609045366136140347,-1.674044234080335e-03,5.001169498470376e-05,-8.458333201570411e-04,2.907009327141300e-01,9.564907291149884e-01,8.906138281998142e-05,-2.486855251296105e-02
1609045366239610434,0,1609045366239610434,-2.665334524151280e-03,3.454095594970477e-04,-9.495438276614199e-04,2.906742331003617e-01,9.564972616124433e-01,6.258414748497032e-05,-2.492939675253530e-02
1609045366342350483,0,1609045366342350483,-3.412773160286813e-03,6.949879741092358e-04,-8.104372223455806e-04,2.906550836772319e-01,9.565030827168240e-01,3.486520831278325e-05,-2.492937765002542e-02
1609045366445388317,0,1609045366445388317,-3.057450998423923e-03,6.826893664950383e-04,-7.964027722536307e-04,2.906875887752081e-01,9.564926261665999e-01,2.159350604266519e-05,-2.495158020052408e-02
1609045366548511267,0,1609045366548511267,-2.882273989994237e-03,6.114538740705885e-04,-6.140373591951424e-04,2.906297832953397e-01,9.565096699693596e-01,1.017765577452395e-05,-2.497158811594005e-02
1609045366651593685,0,1609045366651593685,-2.516198095745414e-03,1.144330335164265e-03,-3.183232677090266e-04,2.906435567454672e-01,9.565055222543374e-01,7.344939874927146e-06,-2.497015749168139e-02
1609045366754798174,0,1609045366754798174,-2.958717752690226e-03,1.247627121530257e-03,-4.293506097575925e-05,2.906048169909750e-01,9.565161955774234e-01,-3.906488762723707e-05,-2.501212532904424e-02
1609045366857775927,0,1609045366857775927,-2.601792587682740e-03,1.041605441001923e-03,2.177080675571328e-04,2.906287332597809e-01,9.565080041688319e-01,-6.479329967527498e-05,-2.504741835813298e-02
1609045366960930586,0,1609045366960930586,-2.813194639333110e-03,7.568176653807285e-04,2.755724712724827e-04,2.906075487603200e-01,9.565137370126129e-01,-8.016659154425738e-05,-2.507423144999940e-02
1609045367031171799,0,1609045367031171799,-2.876235611088264e-03,8.388005366121556e-04,-1.556231788942783e-04,2.907373847292293e-01,9.564793903115388e-01,1.236875677961156e-04,-2.487837879096556e-02
1609045367132780313,0,1609045367132780313,-2.981593576043769e-03,4.844218773975570e-04,-3.897175550359155e-04,2.908280312202226e-01,9.564527352908537e-01,9.892972169648721e-05,-2.484374416082442e-02
1609045367236010790,0,1609045367236010790,-2.117661307551504e-03,-7.044978961835157e-05,-5.175107497624393e-04,2.907164286782949e-01,9.564854251507239e-01,1.034857570422228e-04,-2.489134109039280e-02
1609045367338628292,0,1609045367338628292,-1.670623137629971e-03,-1.209285427655474e-03,-8.101498184671878e-04,2.906810065629724e-01,9.564957576654695e-01,5.497730453736367e-05,-2.490813057611863e-02
1609045367441914082,0,1609045367441914082,-1.359654814787139e-03,-1.886386192842365e-03,-7.148421223968671e-04,2.907597940995784e-01,9.564724728285681e-01,6.011845113473820e-05,-2.488266951013052e-02
1609045367544805050,0,1609045367544805050,-1.188646211242718e-03,-8.328004522519803e-04,-6.184977789282840e-04,2.907763039658859e-01,9.564662842648182e-01,-1.475216278868001e-06,-2.492765761596778e-02
1609045367647944450,0,1609045367647944450,-1.239358020719595e-03,-5.710345358372184e-04,-5.947131331869364e-04,2.907299848360092e-01,9.564804691064689e-01,-5.666678879397277e-06,-2.492364545597007e-02
1609045367750811815,0,1609045367750811815,-1.270384213613775e-03,2.699577521108114e-04,-3.742564040036336e-04,2.905458299045911e-01,9.565344143152920e-01,-1.849121887761073e-05,-2.500069225904001e-02
1609045367854016542,0,1609045367854016542,-1.220035551311855e-03,-6.434803706214809e-04,-3.006432323995418e-04,2.906236865230836e-01,9.565104886629594e-01,-5.779911518341303e-05,-2.501108891155541e-02
1609045367957083464,0,1609045367957083464,-1.506175125128572e-03,-7.052633229828714e-04,-6.988208797937894e-05,2.905579426975999e-01,9.565299092558084e-01,-7.432188881063072e-05,-2.503216152212903e-02
1609045368060269117,0,1609045368060269117,-1.405375513620470e-03,-4.048808421329387e-04,1.174085051222521e-05,2.905975793151743e-01,9.565170960927466e-01,-1.014699914119837e-04,-2.506155386443720e-02
1609045368130473614,0,1609045368130473614,-6.226614746637636e-04,-1.139386756779098e-03,-2.380621994417098e-04,2.907507764864413e-01,9.564758044570173e-01,1.319068017766974e-04,-2.485968747243037e-02
1609045368232338190,0,1609045368232338190,-1.102708597710634e-03,-1.159326661000675e-03,-6.878881980029476e-04,2.906746238615712e-01,9.564985784129567e-01,1.006070366346351e-04,-2.487413144110100e-02
1609045368335697412,0,1609045368335697412,-1.442436936352701e-03,-6.786838004404352e-04,-8.859720435999847e-04,2.907180679098590e-01,9.564847670372468e-01,5.881232074430570e-05,-2.489762955320396e-02
1609045368438521862,0,1609045368438521862,-2.032899863878728e-03,-5.527277502365835e-04,-9.429064018051576e-04,2.907487885183428e-01,9.564752611374301e-01,6.982271217918171e-05,-2.490405452496795e-02
1609045368541522741,0,1609045368541522741,-1.792467033367578e-03,-1.023373261489843e-03,-7.506721459803542e-04,2.906964001201705e-01,9.564913909185834e-01,3.624612645993633e-05,-2.489619934485500e-02
1609045368644665480,0,1609045368644665480,-2.124518913565612e-03,-5.923794180384401e-04,-4.699736098013157e-04,2.906759385400736e-01,9.564969391460274e-01,3.313609352809527e-05,-2.492193932903707e-02
1609045368747910261,0,1609045368747910261,-2.375121235224549e-03,7.855543146344327e-05,-1.990620377651214e-04,2.906678094309488e-01,9.564983158942302e-01,-6.035035051091574e-07,-2.496389896516774e-02
1609045368850657701,0,1609045368850657701,-2.765586487240624e-03,1.186575530444882e-04,-1.007605292037615e-04,2.906129500048690e-01,9.565141460945932e-01,-2.034095554647914e-05,-2.499602361247740e-02
1609045368953937769,0,1609045368953937769,-2.600431710924834e-03,3.256832335839046e-04,2.423502532761371e-05,2.906104321607839e-01,9.565139752509256e-01,-2.636975255883523e-05,-2.503180323948943e-02
1609045369057122231,0,1609045369057122231,-2.211948758934067e-03,9.050542317514766e-04,4.181183436759851e-05,2.906799134700005e-01,9.564930628567105e-01,-3.821434546666715e-05,-2.502413138382660e-02
1609045369160168648,0,1609045369160168648,-3.327510415111188e-03,7.581956698366369e-04,-8.802318139652169e-05,2.905129603190612e-01,9.565426634544085e-01,-7.681981912988419e-05,-2.506685015520025e-02
1609045369230505943,0,1609045369230505943,-3.471934870459014e-03,1.099798458842422e-03,-4.025853679458249e-04,2.907002397618645e-01,9.564907493099771e-01,1.299693819636152e-04,-2.487569485614937e-02
1609045369332403421,0,1609045369332403421,-3.427017688752889e-03,7.006896559540201e-04,-7.065426090833022e-04,2.907480481298400e-01,9.564762998250357e-01,1.078326147572613e-04,-2.487265071531797e-02
1609045369435434341,0,1609045369435434341,-3.582249288981992e-03,9.304729265506137e-04,-9.711786023359003e-04,2.906779702668923e-01,9.564972915404077e-01,7.690675733803954e-05,-2.488459287420834e-02
1609045369538539410,0,1609045369538539410,-3.141110934425380e-03,1.106871041857721e-03,-1.000311075619532e-03,2.906450475269349e-01,9.565069063571258e-01,6.874914269527017e-05,-2.489959261757996e-02
1609045369641502380,0,1609045369641502380,-2.928331601463041e-03,1.568933426246528e-03,-6.403055997176970e-04,2.906474932495003e-01,9.565056217037557e-01,4.277079120076102e-05,-2.492044316082875e-02
1609045369744753599,0,1609045369744753599,-2.517162754908607e-03,9.930956840126304e-04,-3.620197027658746e-04,2.906627800192597e-01,9.565007096176413e-01,4.377142283920082e-05,-2.493068182510658e-02
1609045369847800255,0,1609045369847800255,-2.067597767940447e-03,6.322982418439557e-04,-5.595670411475267e-05,2.906850236346953e-01,9.564929409061150e-01,1.779952720825519e-05,-2.496939555178459e-02
1609045369950961351,0,1609045369950961351,-1.334581176200751e-03,8.054812977042937e-04,7.664411310623203e-05,2.905822305625729e-01,9.565240797267341e-01,-9.063434683713919e-06,-2.497302748635856e-02
1609045370054070473,0,1609045370054070473,-1.712571124097189e-03,4.450182536349010e-04,3.738120231098009e-04,2.906408990484463e-01,9.565048056987986e-01,-4.727743747703997e-05,-2.502842863692781e-02
1609045370157193899,0,1609045370157193899,-1.960652613738850e-03,-4.363935373782019e-04,5.893496529124866e-04,2.905465925890188e-01,9.565325584227442e-01,-6.491282464334732e-05,-2.506268138586420e-02
1609045370260167122,0,1609045370260167122,-2.422608294914575e-03,-4.745835510891335e-04,5.208758723399650e-04,2.906503419199772e-01,9.565009975740275e-01,-8.390921099024968e-05,-2.506418442136819e-02
1609045370330475807,0,1609045370330475807,-2.595684742705807e-03,-4.774470495484254e-04,-1.319857007661041e-05,2.908284036723727e-01,9.564523014070970e-01,1.347374703998345e-04,-2.485591672085845e-02
1609045370432827234,0,1609045370432827234,-3.178082013027269e-03,-1.268685375152408e-03,-5.218341886508821e-04,2.906912250285482e-01,9.564931368642337e-01,9.165624208587476e-05,-2.488940380819408e-02
1609045370535562515,0,1609045370535562515,-3.558185203649090e-03,-3.715577168599012e-04,-7.469971624679765e-04,2.907130128450794e-01,9.564866438210388e-01,1.014424057731340e-04,-2.488441407213906e-02
1609045370638440609,0,1609045370638440609,-3.263931102488318e-03,-6.683263439211137e-04,-6.886127036671394e-04,2.907463776858170e-01,9.564758564343686e-01,7.158601389955668e-05,-2.490933150312378e-02
1609045370741515398,0,1609045370741515398,-3.213658730839043e-03,-3.323672243148040e-04,-4.396117781518510e-04,2.906836100080767e-01,9.564947781508881e-01,4.076286815183381e-05,-2.491538843596874e-02
1609045370844536543,0,1609045370844536543,-2.667751502588868e-03,-8.650207288637138e-05,-1.438894864623811e-04,2.906710833852247e-01,9.564987517068114e-01,5.062739922215363e-05,-2.490896833689710e-02
1609045370947848320,0,1609045370947848320,-1.376395502700192e-03,-4.214694318867279e-04,-5.205629633030641e-05,2.906782384063813e-01,9.564943643563069e-01,-1.244445484966885e-06,-2.499385264042761e-02
1609045371050858498,0,1609045371050858498,-8.057721193414450e-04,2.197755112662944e-04,2.210730031316281e-04,2.906633643896046e-01,9.564998086326357e-01,1.991958874003408e-05,-2.495845128266956e-02
1609045371154593468,0,1609045371154593468,-1.274236281092644e-03,-1.029237255735206e-04,3.577894792095921e-04,2.907564154706005e-01,9.564696770663378e-01,-5.443692578037613e-05,-2.502919798346884e-02
1609045371257294893,0,1609045371257294893,-1.224800807837110e-03,5.703390663482240e-04,3.641178802730986e-04,2.905549197699177e-01,9.565306543356704e-01,-6.762032177359673e-05,-2.503879671498331e-02
1609045371360226631,0,1609045371360226631,-1.699538950404862e-03,1.933480938866927e-03,4.915910230877786e-04,2.906248278127029e-01,9.565085629800723e-01,-8.811086996226062e-05,-2.507131111214309e-02
1609045371430499554,0,1609045371430499554,-1.248966916872937e-03,2.384601312065988e-03,1.220695236301837e-04,2.907837878922476e-01,9.564656037389865e-01,1.513119872236154e-04,-2.486593387968247e-02
1609045371532434464,0,1609045371532434464,-1.751475751664454e-03,1.779417002450629e-03,-1.688717874049447e-04,2.907599390506777e-01,9.564725478971047e-01,1.195174097174491e-04,-2.487787526757561e-02
1609045371635551214,0,1609045371635551214,-6.951333698384745e-04,1.524730589270675e-03,-4.160616468746818e-04,2.908060528750355e-01,9.564590499786578e-01,1.125377649100593e-04,-2.485784906602042e-02
1609045371738682747,0,1609045371738682747,6.334181867992255e-04,2.213649475500241e-03,-5.666338175556123e-04,2.908374186142622e-01,9.564490226639614e-01,7.536257494562028e-05,-2.487684262922032e-02
1609045371841769457,0,1609045371841769457,7.126395418199541e-04,2.704763025565180e-03,-4.577134452669804e-04,2.908500787446676e-01,9.564443215832735e-01,4.190048983892832e-05,-2.490962965303123e-02
1609045371944468498,0,1609045371944468498,-7.006149733012351e-04,2.526313665342111e-03,-2.502738484708640e-04,2.907098765715199e-01,9.564860334697968e-01,4.317207095594056e-05,-2.494461017793514e-02
1609045372047787428,0,1609045372047787428,-3.255139232991163e-04,1.965494450882237e-03,-1.356496706752702e-04,2.906043319259879e-01,9.565175324748812e-01,2.210330231733156e-05,-2.496661461294694e-02
1609045372150837183,0,1609045372150837183,-3.410513824946084e-04,1.895357163963881e-03,4.999036295939107e-05,2.905784357930382e-01,9.565246687145597e-01,-1.783539914750842e-05,-2.499460890361848e-02
1609045372254472733,0,1609045372254472733,-4.823336609482638e-04,1.158412087673892e-03,6.087055308334159e-05,2.905876044851841e-01,9.565209087464238e-01,-3.749912784409432e-05,-2.503185658448393e-02
1609045372357251644,0,1609045372357251644,-1.209684839977716e-03,1.523340703354613e-04,3.521919846836460e-05,2.906401667653934e-01,9.565042370459516e-01,-7.592301607012196e-05,-2.505857560186858e-02
1609045372460445404,0,1609045372460445404,-1.134383569659121e-03,2.231427650548080e-04,1.905277439798605e-04,2.906445162832685e-01,9.565022453166085e-01,-8.758475814117088e-05,-2.508410228478279e-02
1609045372530694246,0,1609045372530694246,-1.443769196232510e-03,1.679764503045903e-03,-3.031492621522919e-05,2.907635312842738e-01,9.564719225835856e-01,1.279700327793447e-04,-2.485988350338822e-02
1609045372632576227,0,1609045372632576227,-1.240889034373375e-03,1.083153508951631e-03,-3.629976006853873e-04,2.907002178016800e-01,9.564906420976163e-01,1.302959164381540e-04,-2.488007179435427e-02
1609045372735430717,0,1609045372735430717,-2.548365496570866e-03,6.685787561388518e-04,-6.903881065817281e-04,2.907994875877668e-01,9.564607355350976e-01,1.082697241442088e-04,-2.486981455082982e-02
1609045372838570118,0,1609045372838570118,-2.399861382999868e-03,2.117252039403654e-03,-8.147076597716230e-04,2.907261432513405e-01,9.564829532505582e-01,6.174144568388756e-05,-2.487299658380080e-02
1609045372941589594,0,1609045372941589594,-1.837754517887100e-03,2.587035648583011e-03,-8.973410407846469e-04,2.905663325660968e-01,9.565306005746447e-01,4.103434268737744e-05,-2.490812837916467e-02
1609045373044629812,0,1609045373044629812,-1.671761133428616e-03,2.962723970067724e-03,-8.853279407644872e-04,2.907399361009797e-01,9.564776313940105e-01,4.007047821964552e-05,-2.491643218901684e-02
1609045373147747517,0,1609045373147747517,-1.955124498212206e-03,3.287957877095511e-03,-4.113986988934149e-04,2.907439678822181e-01,9.564753341292213e-01,1.004024260509929e-05,-2.495756882113956e-02
1609045373250856638,0,1609045373250856638,-1.915113615389759e-03,4.212200016797712e-03,-4.248011871710408e-04,2.904952959793249e-01,9.565510495268176e-01,-2.753342285023641e-05,-2.495139083710452e-02
1609045373354036808,0,1609045373354036808,-2.220535116355343e-03,3.125605107753831e-03,-1.672478079265302e-04,2.905661401551045e-01,9.565276904014387e-01,-2.450847574857576e-05,-2.502189220972490e-02
1609045373457007170,0,1609045373457007170,-3.420053524636608e-03,3.433852253926903e-03,-9.510715742649083e-05,2.906668108982031e-01,9.564962610773721e-01,-7.540776842752257e-05,-2.505397973795433e-02
1609045373560071707,0,1609045373560071707,-3.777214090341453e-03,3.004426538118889e-03,8.809000495426368e-05,2.905978099856511e-01,9.565160507184641e-01,-1.077196107058161e-04,-2.509872398644693e-02
1609045373630420923,0,1609045373630420923,-5.050253561586205e-03,2.521045885919894e-03,-2.741919649774156e-04,2.907274868256646e-01,9.564832786178705e-01,1.398333229839381e-04,-2.484444756578315e-02
1609045373732205868,0,1609045373732205868,-5.484286174113705e-03,2.078919870497371e-03,-6.918430954391469e-04,2.907540138824237e-01,9.564745355676012e-01,9.867195983871203e-05,-2.487079583792011e-02
1609045373835741043,0,1609045373835741043,-6.270907183195366e-03,1.001244755498137e-03,-7.150307562658194e-04,2.906640979699149e-01,9.565011975884072e-01,7.522029927385746e-05,-2.489649583678527e-02
1609045373938401222,0,1609045373938401222,-6.415282688925285e-03,8.288614177705200e-04,-6.705918731330855e-04,2.906494642902102e-01,9.565060026653037e-01,5.651467289768617e-05,-2.488277675243416e-02
1609045374041725636,0,1609045374041725636,-5.728998910180547e-03,7.313389820052606e-04,-4.071160178568116e-04,2.906533682752778e-01,9.565041649553900e-01,4.222404139220697e-05,-2.490783310771249e-02
1609045374144717455,0,1609045374144717455,-4.197969036775736e-03,5.180050178573618e-04,-2.002194772963311e-04,2.906904229782116e-01,9.564920209530217e-01,2.047664922974353e-05,-2.494176061192602e-02
1609045374248055220,0,1609045374248055220,-4.334897946142664e-03,6.660759688699595e-04,-1.985494899100452e-04,2.906226150783028e-01,9.565122052007791e-01,-9.040265462849317e-06,-2.495790105412718e-02
1609045374351155519,0,1609045374351155519,-4.545547295883382e-03,8.085438979805048e-04,2.056641541009153e-04,2.905595935517610e-01,9.565297865633703e-01,-3.020803685826459e-05,-2.501777566661582e-02
1609045374454221249,0,1609045374454221249,-3.074452696356953e-03,1.350924834386514e-03,1.382672813374924e-04,2.905869739142565e-01,9.565217076546092e-01,-3.327933244719222e-05,-2.500864388793712e-02
1609045374557211399,0,1609045374557211399,-4.520039174156684e-03,9.778340754596419e-04,1.473552855504614e-04,2.904787643682559e-01,9.565532245828253e-01,-6.884195445723876e-05,-2.506015266989622e-02
1609045374660223961,0,1609045374660223961,-4.519626255716275e-03,1.231332311968800e-03,1.808565158719005e-05,2.904804027216003e-01,9.565517753666166e-01,-1.218902798855138e-04,-2.509625111832637e-02
1609045374730571270,0,1609045374730571270,-5.578546370491546e-03,1.421872515589294e-03,-3.121998306996157e-04,2.906946212210561e-01,9.564922006018141e-01,1.218406963913672e-04,-2.488558891510549e-02
1609045374832369804,0,1609045374832369804,-7.716385620988408e-03,1.803820155531850e-03,-4.717351691245779e-04,2.906301058452662e-01,9.565125676568518e-01,1.067898821428761e-04,-2.485634901884864e-02
1609045374935522318,0,1609045374935522318,-8.989467725633284e-03,2.237095254934523e-03,-7.035321371716209e-04,2.906323162117135e-01,9.565106409689138e-01,8.554055965212081e-05,-2.490468167282188e-02
1609045375038605213,0,1609045375038605213,-8.840996951529524e-03,1.762638300808541e-03,-8.744033749553005e-04,2.905591191108085e-01,9.565322934238061e-01,5.059590625492028e-05,-2.492724169974095e-02
1609045375141595125,0,1609045375141595125,-7.797476730165864e-03,-2.190006785416296e-04,-9.076396420491633e-04,2.905404157069403e-01,9.565375301390558e-01,5.167564495100316e-05,-2.494429004200666e-02
1609045375244626760,0,1609045375244626760,-7.089133521568295e-03,-5.722402667914151e-05,-7.189490898304417e-04,2.906471273920292e-01,9.565041674054381e-01,-1.102861536135395e-05,-2.498049144669288e-02
1609045375347781658,0,1609045375347781658,-6.542536027026067e-03,7.440167721414056e-04,-5.844796513469076e-04,2.906139038562978e-01,9.565144276171638e-01,-8.374345714350263e-06,-2.497415814877119e-02
1609045375450703621,0,1609045375450703621,-5.371730968163397e-03,3.832228252051733e-04,-1.905424927277561e-04,2.906024533046814e-01,9.565163920166579e-01,-3.727858847661567e-05,-2.503207036583635e-02
1609045375553983450,0,1609045375553983450,-4.700380479028697e-03,1.443131819184675e-03,1.241590603711103e-04,2.905623412956222e-01,9.565292705273906e-01,-4.589213474919441e-05,-2.500556615662041e-02
1609045375657003403,0,1609045375657003403,-4.325885633038203e-03,2.023623235738995e-03,4.763734061227099e-04,2.904795005054622e-01,9.565531714745857e-01,-6.189169211893295e-05,-2.505366434645131e-02
1609045375760240793,0,1609045375760240793,-4.562359996545460e-03,1.427193810369120e-03,6.263936522381447e-04,2.905265845255974e-01,9.565388529676178e-01,-6.683322333235028e-05,-2.505438046255735e-02
1609045375830125332,0,1609045375830125332,-5.136088368491528e-03,6.731206441846786e-04,8.835851449942058e-05,2.907706901967041e-01,9.564684442320487e-01,1.304835270383119e-04,-2.490991538851001e-02
1609045375932008266,0,1609045375932008266,-5.495747855642956e-03,1.345693300428860e-03,-1.335605823419944e-04,2.907783793551425e-01,9.564665236381985e-01,1.242624635722344e-04,-2.489393134184898e-02
1609045376035347700,0,1609045376035347700,-5.077693023604633e-03,1.333132797127711e-03,-4.247516128066028e-04,2.907206062962871e-01,9.564837210595126e-01,8.854140002029203e-05,-2.490808268500648e-02
1609045376138488770,0,1609045376138488770,-3.800060758514213e-03,5.007238956361028e-04,-4.608694675441947e-04,2.907542701540893e-01,9.564733219035632e-01,7.495708876113804e-05,-2.491451896212977e-02
1609045376241631269,0,1609045376241631269,-3.547664651470381e-03,2.803466470869558e-05,-4.493805951693632e-04,2.906910095476588e-01,9.564923140759892e-01,4.949586356733845e-05,-2.492363600350231e-02
1609045376344737768,0,1609045376344737768,-4.235239689846757e-03,2.919790465923876e-04,-2.912877714259277e-04,2.906845448042327e-01,9.564935218961736e-01,1.979072340821769e-05,-2.495270708142619e-02
1609045376447800398,0,1609045376447800398,-3.132461335095070e-03,-3.157124908025755e-04,-4.269513072122910e-04,2.905304639331341e-01,9.565395289940978e-01,-3.016850185503846e-05,-2.498355635541575e-02
1609045376551902056,0,1609045376551902056,-2.256984366683639e-03,-3.601171848521534e-04,-1.731078969729866e-04,2.905977235614711e-01,9.565183553712353e-01,-2.681124204664879e-05,-2.501196073301564e-02
1609045376654465914,0,1609045376654465914,-2.830353484756663e-03,-6.001293954574777e-04,-2.386302672828679e-04,2.906762082528535e-01,9.564940887294635e-01,-7.000968267535463e-05,-2.502789003762283e-02
1609045376757081032,0,1609045376757081032,-3.378800892979727e-03,1.042733963632221e-04,-2.448367703753317e-04,2.904915496037545e-01,9.565490602606855e-01,-7.619194882752675e-05,-2.507088187020553e-02
1609045376859989405,0,1609045376859989405,-3.157280002914359e-03,3.139468369284237e-04,-8.925067178562577e-05,2.905329635898643e-01,9.565356984734878e-01,-1.048606815352564e-04,-2.510066966272255e-02
1609045376930070639,0,1609045376930070639,-3.124512110357412e-03,8.973621949406089e-04,-4.201781460932918e-04,2.906543304965295e-01,9.565048965814897e-01,1.122827540739116e-04,-2.486826032480469e-02
1609045377032048941,0,1609045377032048941,-3.207947495847411e-03,1.683594694462974e-04,-8.399185108986881e-04,2.906949377862649e-01,9.564925401975193e-01,1.223234821332184e-04,-2.486883046411353e-02
1609045377135101080,0,1609045377135101080,-1.993302141296090e-03,5.646231552153026e-04,-1.043303101736176e-03,2.906667335238066e-01,9.565007607725635e-01,9.732847586250443e-05,-2.488242735394093e-02
1609045377238126040,0,1609045377238126040,-2.743327316101826e-03,1.133504680451022e-03,-8.507418946932226e-04,2.907331005600435e-01,9.564806679023805e-01,5.868133834935875e-05,-2.487956438541792e-02
1609045377341236591,0,1609045377341236591,-3.565995515897097e-03,2.946874230446153e-04,-7.660715615319877e-04,2.906797874394728e-01,9.564960180598819e-01,4.718165311345945e-05,-2.491237410152112e-02
1609045377444506407,0,1609045377444506407,-4.829859456238457e-03,3.895895854026439e-04,-5.820831855736256e-04,2.905924881867323e-01,9.565220461956289e-01,3.531036644322848e-05,-2.493150023764850e-02
1609045377547567368,0,1609045377547567368,-5.565872423406676e-03,5.612974423591376e-04,-4.842621638762072e-04,2.906102458510356e-01,9.565154849454316e-01,1.767001488382047e-06,-2.497622995238506e-02
1609045377650570869,0,1609045377650570869,-5.517558163029810e-03,-1.032187490285018e-03,-2.617017794191564e-04,2.905970392026286e-01,9.565181132337512e-01,-4.284904551090659e-05,-2.502914353547808e-02
1609045377753896952,0,1609045377753896952,-5.775368349089317e-03,-1.270226057973493e-03,-1.894539458261625e-04,2.906388251172731e-01,9.565052761236201e-01,-6.604005325928304e-05,-2.503449061971191e-02
1609045377856670856,0,1609045377856670856,-4.715823970273197e-03,-1.664316922575458e-03,1.533660189505294e-04,2.906029738036446e-01,9.565153215787757e-01,-9.720587391834709e-05,-2.506674594552920e-02
1609045377959797382,0,1609045377959797382,-4.615209622994303e-03,-1.824762491833029e-03,2.149784093396385e-04,2.905586436744988e-01,9.565285539931216e-01,-1.057625446349609e-04,-2.507566142490308e-02
1609045378030010462,0,1609045378030010462,-3.639698816676815e-03,-1.353683664160702e-03,-1.007944079421374e-04,2.906613617410648e-01,9.565018332403080e-01,1.103945129487628e-04,-2.490388747885327e-02
1609045378131804228,0,1609045378131804228,-4.711708792922631e-03,4.039407525953324e-04,-5.517416461827160e-04,2.905509246612512e-01,9.565357589639013e-01,1.067559978886202e-04,-2.488956819132570e-02
1609045378234778166,0,1609045378234778166,-5.738520556681032e-03,-4.506971572345782e-04,-8.491380342428284e-04,2.907279349370478e-01,9.564821030071908e-01,6.992354856072510e-05,-2.488472593027669e-02
1609045378338108778,0,1609045378338108778,-5.794724081192787e-03,-3.477303795258331e-04,-1.002229546743686e-03,2.906498719125021e-01,9.565049499509821e-01,3.992338308613735e-05,-2.491848876608078e-02
1609045378441151381,0,1609045378441151381,-6.399090111761875e-03,4.050514980951507e-04,-9.525396325133693e-04,2.906708065723775e-01,9.564979086956235e-01,1.536508391053630e-05,-2.494459121979371e-02
1609045378544419765,0,1609045378544419765,-4.678785361438769e-03,-5.246506194929163e-04,-5.178271687907619e-04,2.906384387937035e-01,9.565079030778734e-01,1.582629726284227e-05,-2.493850425349482e-02
1609045378647586584,0,1609045378647586584,-5.050697778201687e-03,1.595598643215188e-04,-3.647644339227122e-04,2.905687692843750e-01,9.565273046098771e-01,-1.946870163344444e-05,-2.500610871448548e-02
1609045378750544786,0,1609045378750544786,-5.025093485578521e-03,4.585739050796947e-04,-2.888049484218054e-04,2.906635899345208e-01,9.564988379008343e-01,-3.344359769984375e-05,-2.499298825670098e-02
1609045378853576899,0,1609045378853576899,-4.828451757452037e-03,5.830433356881716e-04,-1.784695479159557e-04,2.906575587017791e-01,9.565006181417983e-01,-3.895886600759685e-05,-2.499499041466052e-02
1609045378956219912,0,1609045378956219912,-4.170741362341523e-03,-4.914287123684117e-04,-2.255633164387317e-04,2.905205422067102e-01,9.565414204662110e-01,-8.033650722792704e-05,-2.502636677966273e-02
1609045379059894562,0,1609045379059894562,-3.024608430851071e-03,-8.729536386896842e-04,-5.919774519527308e-05,2.906163382593007e-01,9.565108215667550e-01,-1.017245047911764e-04,-2.508349685178697e-02
1609045379130098581,0,1609045379130098581,-2.974152038805068e-03,-3.716426092878677e-05,-3.000049348908640e-04,2.908589114754686e-01,9.564436025589341e-01,1.287422585039223e-04,-2.483369011174582e-02
1609045379231867313,0,1609045379231867313,-3.786370915666097e-03,-7.936744526466082e-04,-5.881589732599092e-04,2.907286687134230e-01,9.564817618943321e-01,1.116417568359541e-04,-2.488911182615904e-02
1609045379334818125,0,1609045379334818125,-3.101740639427997e-03,-3.582277563714378e-04,-6.927772110898880e-04,2.906255773966567e-01,9.565135851938830e-01,7.109990421176511e-05,-2.487026431200497e-02
1609045379438051462,0,1609045379438051462,-4.036654953218951e-03,-4.330183274125086e-04,-8.526687817072765e-04,2.906548417231843e-01,9.565033084762908e-01,6.169153605430295e-05,-2.492348391927280e-02
1609045379541356802,0,1609045379541356802,-3.472945003600819e-03,-8.456245662437749e-04,-7.194503827282010e-04,2.906521981364856e-01,9.565043477105276e-01,3.928084640353227e-05,-2.491447342495650e-02
1609045379644187450,0,1609045379644187450,-3.124194911799230e-03,2.626674697512932e-04,-5.799778027370295e-04,2.907358373686483e-01,9.564783050129608e-01,1.166984746968272e-05,-2.493841960989336e-02
1609045379747301340,0,1609045379747301340,-5.252532351325463e-03,8.185683881192046e-04,-5.421031208693410e-04,2.907196466952395e-01,9.564828193062270e-01,-7.811672120812044e-07,-2.495402565791642e-02
1609045379850299120,0,1609045379850299120,-5.323057188623792e-03,2.676945581791773e-04,-4.175985445710949e-04,2.906135986489593e-01,9.565134723217512e-01,-3.354333881804866e-05,-2.501424437937588e-02
1609045379954309225,0,1609045379954309225,-5.928504865365776e-03,9.066323074507106e-04,-3.014373738153779e-04,2.906855481933845e-01,9.564910859232305e-01,-7.554038390414050e-05,-2.503415495472743e-02
1609045380056504488,0,1609045380056504488,-5.788798327565841e-03,3.826295769788793e-05,-2.267544678342827e-04,2.905282383006121e-01,9.565384459229038e-01,-7.609139510414985e-05,-2.505071717881913e-02
1609045380159418583,0,1609045380159418583,-5.038684604781456e-03,-1.139007721920104e-03,4.263055542201902e-05,2.905002574126103e-01,9.565467344306846e-01,-9.429834132570236e-05,-2.505865919713268e-02
1609045380229643583,0,1609045380229643583,-5.217245243994357e-03,-1.163417925154027e-03,-2.720204411644349e-04,2.908047415476322e-01,9.564595414432989e-01,1.280945239627668e-04,-2.485420421205819e-02
1609045380331655025,0,1609045380331655025,-5.906090677986032e-03,5.902514319022324e-04,-4.630503640429962e-04,2.907003516438154e-01,9.564903188160857e-01,9.871927634222642e-05,-2.489107911484698e-02
1609045380434654236,0,1609045380434654236,-5.835509049658761e-03,5.368027390284859e-04,-4.394410602988681e-04,2.906960066469376e-01,9.564914192091206e-01,1.109425503371250e-04,-2.489948574420517e-02
1609045380537865639,0,1609045380537865639,-5.953070083301632e-03,4.392605258048597e-04,-4.193143383933962e-04,2.906586158094324e-01,9.565025906204168e-01,7.496017169244776e-05,-2.490697839718806e-02
1609045380641020298,0,1609045380641020298,-6.747709145325615e-03,6.548140005868368e-04,-6.180774902300497e-04,2.906711369583835e-01,9.564987686728058e-01,4.603861239992323e-05,-2.490770055432331e-02
1609045380744261980,0,1609045380744261980,-6.049344284138431e-03,4.599930940919265e-05,-1.157821905992240e-04,2.907071849445895e-01,9.564868061504681e-01,1.653938914018965e-05,-2.494638266058624e-02
1609045380847460985,0,1609045380847460985,-6.541550166447445e-03,3.601731224141583e-04,1.392010221384114e-04,2.906244625966985e-01,9.565106801029322e-01,-8.984451061559018e-06,-2.499480962951500e-02
1609045380950240135,0,1609045380950240135,-6.094593700603636e-03,3.214952347050460e-04,3.048678639985886e-04,2.906575224394555e-01,9.565011248869809e-01,-1.868231544965917e-05,-2.497603631477304e-02
1609045381053283930,0,1609045381053283930,-5.327548982334417e-03,5.440852342652961e-04,2.989779703405432e-04,2.906155130007284e-01,9.565132699267739e-01,-3.534083885294581e-05,-2.499973615997336e-02
1609045381156368494,0,1609045381156368494,-5.237462520750517e-03,5.395606672506187e-04,3.749563287549794e-04,2.905524267797900e-01,9.565315618498149e-01,-7.980022377598812e-05,-2.503302037672654e-02
1609045381259478807,0,1609045381259478807,-4.532157956877829e-03,2.625254640396950e-04,4.153229017514544e-04,2.904987953536626e-01,9.565470465411096e-01,-1.010495973650712e-04,-2.506366773356427e-02
1609045381329856157,0,1609045381329856157,-4.096206663056993e-03,4.036484161129427e-04,6.295530242168574e-05,2.907205740776972e-01,9.564848180303150e-01,1.412592843348281e-04,-2.486605579883316e-02
1609045381431643486,0,1609045381431643486,-4.271090804443886e-03,1.569370010185924e-03,-4.318453901284607e-04,2.906845876201933e-01,9.564952402809715e-01,1.141554191236732e-04,-2.488599622660261e-02
1609045381534567595,0,1609045381534567595,-4.803811986472543e-03,1.996358775882265e-03,-3.895982021380952e-04,2.907855296699354e-01,9.564647862359376e-01,9.109807042240803e-05,-2.487730142285089e-02
1609045381637458563,0,1609045381637458563,-4.451211823406753e-03,1.579281099813234e-03,-4.651101303122196e-04,2.906412612243102e-01,9.565082252227892e-01,8.935334585377128e-05,-2.489305868701693e-02
1609045381740845680,0,1609045381740845680,-4.462607176643826e-03,1.925319082341588e-03,-4.779230172893867e-04,2.906493375389363e-01,9.565048092654472e-01,5.849753929598179e-05,-2.493008259130330e-02
1609045381843722343,0,1609045381843722343,-4.601039296800284e-03,2.277678246323352e-03,-3.606723442886165e-04,2.906861145153796e-01,9.564935431811393e-01,2.678083674394847e-05,-2.493359106207997e-02
1609045381946505547,0,1609045381946505547,-4.178440463227357e-03,1.479117691056317e-03,-2.299319704527645e-04,2.905592044760910e-01,9.565303116961390e-01,-2.148508608520089e-05,-2.500222067782186e-02
1609045382050254107,0,1609045382050254107,-4.270614964222123e-03,3.851694064925410e-04,-1.081682162310427e-04,2.906092009811358e-01,9.565153622812064e-01,-1.502917518839021e-05,-2.499307502097657e-02
1609045382153411865,0,1609045382153411865,-4.012962340923177e-03,5.570814617297528e-04,7.031089969943492e-06,2.906869834382956e-01,9.564914079556495e-01,-7.113376472968371e-05,-2.500518158844930e-02
1609045382256630659,0,1609045382256630659,-3.527160613905681e-03,4.109981062644462e-04,1.538140946093171e-04,2.906037799146994e-01,9.565155606571328e-01,-5.947552073630630e-05,-2.504838881927773e-02
1609045382359691381,0,1609045382359691381,-3.899775625268686e-03,-5.834924143520382e-04,1.178119540633058e-04,2.905775785528623e-01,9.565226571121170e-01,-8.803210004344301e-05,-2.508125841341463e-02
1609045382429914236,0,1609045382429914236,-4.862547956189537e-03,1.357586012752786e-04,-2.102907690844542e-04,2.906529731591149e-01,9.565054604966791e-01,1.248475669730180e-04,-2.486237411447662e-02
1609045382531540632,0,1609045382531540632,-4.881221969961937e-03,-3.831866941962129e-04,-5.754381124879716e-04,2.906893281336808e-01,9.564941000049270e-01,9.149599903079467e-05,-2.487454106422525e-02
1609045382634577274,0,1609045382634577274,-4.570345227686944e-03,8.048225306187524e-05,-8.758112398281235e-04,2.907514942226942e-01,9.564753628204929e-01,6.937704096765175e-05,-2.486853657175158e-02
1609045382737756729,0,1609045382737756729,-4.820775256198844e-03,5.163816628744029e-04,-7.541104262254363e-04,2.906917611574703e-01,9.564924381531976e-01,9.057259443750065e-05,-2.490998890492059e-02
1609045382840882778,0,1609045382840882778,-4.595941358436832e-03,2.143744918895213e-05,-7.196280850455276e-04,2.907470547438086e-01,9.564760170658075e-01,5.536671926079419e-05,-2.489529814996187e-02
1609045382944088936,0,1609045382944088936,-4.888423036945303e-03,7.467007768841370e-04,-6.231963034989197e-04,2.907360361931904e-01,9.564780247156743e-01,-9.349154621705274e-06,-2.494685164479139e-02
1609045383047226667,0,1609045383047226667,-4.415104288916066e-03,4.657489925585519e-04,-3.740900240230301e-04,2.906033016329750e-01,9.565179636791337e-01,-2.861351505491561e-05,-2.496207964340759e-02
1609045383150211334,0,1609045383150211334,-4.168404917279832e-03,2.002087814830311e-05,-1.894480502603511e-04,2.906775749308893e-01,9.564945046514651e-01,-1.882023399453249e-05,-2.499619269734998e-02
1609045383253473043,0,1609045383253473043,-3.981515895739919e-03,-1.116513938475738e-06,-1.654156769081786e-04,2.906427822356265e-01,9.565044993000951e-01,-4.467675961509139e-05,-2.501827245663697e-02
1609045383356467724,0,1609045383356467724,-4.590322412261232e-03,1.324465041937003e-04,-2.321087633488354e-05,2.905829957201762e-01,9.565216899379346e-01,-6.773343979801909e-05,-2.505543231447361e-02
1609045383459840059,0,1609045383459840059,-4.361239346328699e-03,-2.886614987102347e-04,9.802524752328377e-05,2.905357915217767e-01,9.565348341192883e-01,-1.143005271243812e-04,-2.510083457396860e-02
1609045383529856920,0,1609045383529856920,-4.381958549106807e-03,-1.365903019701682e-05,-2.891234717448911e-04,2.906360094800228e-01,9.565108007594710e-01,1.909163419014528e-04,-2.485480989009645e-02
1609045383631638050,0,1609045383631638050,-5.103999860943700e-03,6.809655203252368e-04,-6.113083107202524e-04,2.907480215423405e-01,9.564763572367160e-01,1.013642259945513e-04,-2.487078087651445e-02
1609045383734614849,0,1609045383734614849,-5.424695663954855e-03,1.042368872558215e-03,-8.460118288828925e-04,2.907541959791178e-01,9.564724742041859e-01,9.901592246550356e-05,-2.494782166491763e-02
1609045383837692738,0,1609045383837692738,-5.156695473759083e-03,1.211343015013636e-03,-7.839621373316890e-04,2.906887855294393e-01,9.564944144717280e-01,9.155983782008833e-05,-2.486878904004789e-02
1609045383940908670,0,1609045383940908670,-5.608146741281090e-03,3.181328192305106e-04,-6.895128806280032e-04,2.906423286077348e-01,9.565068244878809e-01,5.615318066426856e-05,-2.493448166938046e-02
1609045384044260740,0,1609045384044260740,-5.789951897310733e-03,6.693581458722574e-04,-3.812373472350317e-04,2.905998259844962e-01,9.565194321989346e-01,5.592300296965352e-06,-2.494628092620824e-02
1609045384147228479,0,1609045384147228479,-5.799417932072022e-03,2.111230814516918e-03,-2.126991335277366e-04,2.906451483360754e-01,9.565046225571149e-01,1.449582625353441e-05,-2.498608743194926e-02
1609045384250098228,0,1609045384250098228,-5.321235358147769e-03,1.530476001732423e-03,2.545674187803672e-05,2.906093789028857e-01,9.565159677711439e-01,-1.101027384050785e-05,-2.496782271240945e-02
1609045384353168964,0,1609045384353168964,-4.317500785242715e-03,8.686188146934211e-04,2.614079626469546e-04,2.906689071408123e-01,9.564969145295585e-01,-3.198742122501786e-06,-2.500477767309391e-02
1609045384456315041,0,1609045384456315041,-3.249761498369802e-03,1.216649236916914e-03,-1.695521317543284e-05,2.905921976779156e-01,9.565192068969420e-01,-3.491907090033595e-05,-2.504356736438925e-02
1609045384559123516,0,1609045384559123516,-3.918778365628222e-03,1.591579193579460e-03,1.348601414071211e-04,2.905425099366683e-01,9.565316700807016e-01,-1.956019547515247e-04,-2.514310625027298e-02
1609045384629602909,0,1609045384629602909,-5.186608698815299e-03,5.951573519091196e-04,-8.047894486040087e-05,2.905721168085035e-01,9.565302792142535e-01,1.807285539986135e-04,-2.485230807449381e-02
1609045384731650591,0,1609045384731650591,-4.070022939330103e-03,-8.497155936288942e-06,-3.433753109963518e-04,2.906196475549513e-01,9.565163750813855e-01,1.142021013723435e-04,-2.483206825443179e-02
1609045384834832191,0,1609045384834832191,-3.824014412931310e-03,2.156830890086276e-04,-7.927389756626645e-05,2.906741999264060e-01,9.564960541306197e-01,-3.456173500770827e-05,-2.497612329595812e-02
1609045384938024044,0,1609045384938024044,-3.536870781107929e-03,1.420981462862372e-03,1.965073177809368e-04,2.907309590998146e-01,9.564775782919344e-01,-3.296597786081734e-05,-2.502300059248292e-02
1609045385041081905,0,1609045385041081905,-3.614425617404781e-03,1.014231194857224e-03,-1.171565814253952e-04,2.906068850428412e-01,9.565193829697332e-01,5.016170687724098e-05,-2.486575662249293e-02
1609045385144104958,0,1609045385144104958,-3.792141484682532e-03,1.102561215609127e-03,2.139194184439677e-04,2.905687322326055e-01,9.565282354317431e-01,6.291379596540051e-05,-2.497083723332131e-02
1609045385247147560,0,1609045385247147560,-4.053056403795208e-03,6.731106849303599e-04,-9.839758053594283e-05,2.906620858160589e-01,9.564974792592299e-01,2.853765559438812e-05,-2.506238666019225e-02
1609045385350168228,0,1609045385350168228,-4.395003223688678e-03,-6.686990173524786e-05,-1.784087715085112e-03,2.904285029546158e-01,9.565858294350906e-01,-2.796623250399010e-04,-2.438764818936228e-02
1609045385453128338,0,1609045385453128338,-5.429740059285488e-03,-2.616682838719945e-04,-2.864558929914571e-04,2.906907350787659e-01,9.564992779104051e-01,-4.165218472085059e-06,-2.465822131857534e-02
1609045385556132078,0,1609045385556132078,-6.469362557606855e-04,-1.886986525957647e-03,-1.485054690918531e-03,2.908837599377874e-01,9.564446044388405e-01,-2.506619830985997e-04,-2.450089819902110e-02
1609045385659166574,0,1609045385659166574,-5.718084067718982e-03,-1.367536359638225e-03,-9.098695365279315e-05,2.909156793635633e-01,9.564168528157113e-01,9.997832678321182e-05,-2.519645122953931e-02
1609045385729465961,0,1609045385729465961,-9.758618154020827e-03,5.790286862043921e-04,-4.263198113279977e-05,2.906929565293593e-01,9.564965015204532e-01,7.980696649428642e-05,-2.473946713052591e-02
1609045385831152439,0,1609045385831152439,-1.149926028979048e-02,2.556346041356117e-04,5.018904565458392e-04,2.907199345483628e-01,9.564804853867438e-01,5.888552368922480e-05,-2.503991339300236e-02
1609045385934144497,0,1609045385934144497,-1.030239790614481e-02,7.188922658030655e-04,-9.911617055414713e-04,2.906528083446450e-01,9.565128791798594e-01,-2.245158855447207e-04,-2.457654484956925e-02
1609045386037354231,0,1609045386037354231,-1.016184445340752e-02,9.991799857639221e-04,-7.906615220066163e-04,2.906920283993930e-01,9.564980035608005e-01,-5.824689469159637e-05,-2.469231492280810e-02
1609045386141312838,0,1609045386141312838,-1.014809315911501e-02,1.802119203014890e-03,-1.479772213068740e-03,2.907128436695782e-01,9.564892733268807e-01,-3.451188612684198e-04,-2.478292615553852e-02
1609045386244278193,0,1609045386244278193,-1.062096823872594e-02,3.915580309850916e-03,1.231020807493266e-03,2.906453311236874e-01,9.565112049090028e-01,-4.133338342801972e-04,-2.472722253648300e-02
1609045386347561359,0,1609045386347561359,-9.164754556613796e-03,6.511151325406155e-03,8.560833462682984e-03,2.907238712593380e-01,9.564755530362918e-01,-1.243657087293426e-03,-2.515154946817433e-02
1609045386450528860,0,1609045386450528860,-5.749696540488560e-03,6.170136878591366e-03,3.093288963845970e-02,2.909947068346413e-01,9.563654910590045e-01,-2.434993058127097e-03,-2.609978762731197e-02
1609045386554133654,0,1609045386554133654,4.594145864085239e-03,3.774930241626061e-03,6.694404700619294e-02,2.906663810452575e-01,9.564836001460314e-01,-1.058354056091339e-03,-2.551582779621095e-02
1609045386657003403,0,1609045386657003403,9.734185840425536e-03,9.110455056995311e-03,1.037436264295589e-01,2.896921759882312e-01,9.567004710536005e-01,-1.592463176608445e-02,-2.343198582771334e-02
1609045386760028601,0,1609045386760028601,1.312065318409776e-02,1.127067599560636e-02,1.577957066514547e-01,2.896025270378681e-01,9.566361842333594e-01,-1.734763751746737e-02,-2.601243589082877e-02
1609045386830083609,0,1609045386830083609,1.862553174300412e-02,8.198933142095865e-03,1.961668403891466e-01,2.892334333966652e-01,9.566285380590805e-01,-1.847849108701440e-02,-2.940079154312183e-02
1609045386931762934,0,1609045386931762934,4.016117047846755e-02,2.099676325129872e-02,2.484464821698143e-01,2.896844770547621e-01,9.565410612632775e-01,-1.662328784920306e-02,-2.890965533531000e-02
1609045387033890486,0,1609045387033890486,6.905213459382871e-02,3.212120800264503e-02,2.917589562525506e-01,2.902289077054667e-01,9.565769075364998e-01,-1.294186291233307e-02,-2.367085304862462e-02
1609045387137278557,0,1609045387137278557,9.961796814306953e-02,4.380576038219312e-02,3.197714269478283e-01,2.905437482638446e-01,9.565697011767370e-01,-1.042866437808106e-02,-2.121273425149371e-02
1609045387240756989,0,1609045387240756989,1.234657775808776e-01,5.815368906482265e-02,3.417324252764060e-01,2.903785034741745e-01,9.566835647978084e-01,-7.696523569163068e-03,-1.943309266423046e-02
1609045387343984842,0,1609045387343984842,1.472008215869681e-01,7.368385945088103e-02,3.658424911265227e-01,2.906964311394957e-01,9.566268816345745e-01,-1.182753214759266e-03,-1.895244974650853e-02
1609045387447094202,0,1609045387447094202,1.734540977762667e-01,9.173983455970092e-02,3.897800789000423e-01,2.917223709171076e-01,9.561569009965213e-01,8.734211975062543e-03,-2.420232476637055e-02
1609045387549710512,0,1609045387549710512,2.019578428901143e-01,1.105096557765214e-01,3.906449581913198e-01,2.918824595698266e-01,9.559852153527694e-01,1.227156440481698e-02,-2.731861140575554e-02
1609045387653177023,0,1609045387653177023,2.278763150429549e-01,1.233999277617784e-01,3.936433977367375e-01,2.923639170298171e-01,9.555227735437802e-01,2.214639236130909e-02,-3.176643768596955e-02
1609045387756264925,0,1609045387756264925,2.536072423844750e-01,1.275096053401296e-01,3.797596565706654e-01,2.919967676869222e-01,9.557126692205944e-01,1.881695787177316e-02,-3.157694804415687e-02
1609045387859256268,0,1609045387859256268,2.849856107724364e-01,1.171117203409371e-01,3.772782054910598e-01,2.921908212009418e-01,9.558052431441851e-01,1.572346329977218e-02,-2.852426836153112e-02
1609045387929590702,0,1609045387929590702,3.188368887033671e-01,1.191531862565676e-01,3.637807487736589e-01,2.909921008541880e-01,9.565881760515267e-01,-4.487419792818590e-03,-1.557310958604428e-02
1609045388031551838,0,1609045388031551838,3.619276031757713e-01,1.213294831700190e-01,3.570317168758761e-01,2.907402762664982e-01,9.566455642907900e-01,-1.439899139702240e-02,-9.592972723903935e-03
1609045388134609699,0,1609045388134609699,4.093867372124652e-01,1.210872884368723e-01,3.489553799867137e-01,2.904501507956826e-01,9.566523516957331e-01,-2.034240829926487e-02,-6.416722065857992e-03
1609045388237863302,0,1609045388237863302,4.508336328069317e-01,1.264746219091816e-01,3.391588301580363e-01,2.901724367064574e-01,9.567675058008458e-01,-1.937993145533307e-02,-4.507224861031223e-03
1609045388340933561,0,1609045388340933561,4.900194717552781e-01,1.401511008010157e-01,3.426651087925386e-01,2.901793138292151e-01,9.568205198996900e-01,-1.665479243548925e-02,-3.616132342237876e-03
1609045388443981409,0,1609045388443981409,5.289430412558569e-01,1.573721514346549e-01,3.412304941632207e-01,2.886263834361293e-01,9.574297866688756e-01,-2.191284899422662e-03,-4.267628609858221e-03
1609045388546663284,0,1609045388546663284,5.649503322094733e-01,1.674916173867113e-01,3.422190271798222e-01,2.891081638771696e-01,9.571511761817565e-01,1.609511560878843e-02,-4.363801860789809e-03
1609045388650129318,0,1609045388650129318,5.938150231901710e-01,1.736772780164926e-01,3.479839504720243e-01,2.889884905838701e-01,9.566917579883999e-01,3.452010818446669e-02,-5.907168335134090e-03
1609045388753289461,0,1609045388753289461,6.144564697303351e-01,1.722043137933144e-01,3.676927384114640e-01,2.892104724943644e-01,9.560301557031516e-01,4.822915073970498e-02,-6.131313432244398e-03
1609045388856266260,0,1609045388856266260,6.312471137350191e-01,1.588331879077429e-01,3.924442931456983e-01,2.891697485446308e-01,9.560207479720345e-01,4.881383603536040e-02,-4.732376234318625e-03
1609045388959416628,0,1609045388959416628,6.416455025305615e-01,1.421381809139018e-01,4.297692239751087e-01,2.893668079518761e-01,9.561802180131871e-01,4.427513246007718e-02,-5.094485383587226e-03
1609045389029901505,0,1609045389029901505,6.452519774856236e-01,1.284418214399699e-01,4.627460352607800e-01,2.890624687767352e-01,9.568788286295701e-01,2.832633404218525e-02,-4.838932177585285e-03
1609045389131859779,0,1609045389131859779,6.507947332220844e-01,1.011532821900763e-01,5.147287202237140e-01,2.893715252422233e-01,9.571243543410027e-01,1.160159360453649e-02,-6.518721640844643e-03
1609045389234681606,0,1609045389234681606,6.549178213444684e-01,7.353713349896288e-02,5.654107305528427e-01,2.889423875787138e-01,9.573272316499974e-01,-3.112040954284731e-03,-5.213770464023772e-03
1609045389337696552,0,1609045389337696552,6.552756287252242e-01,4.483726779190541e-02,6.177385923080089e-01,2.890620306596617e-01,9.572102924685204e-01,-1.268123140395886e-02,-5.548404546489492e-03
1609045389440865755,0,1609045389440865755,6.553182364432913e-01,1.976763382029821e-02,6.677606807948688e-01,2.889940594240469e-01,9.571560028778596e-01,-1.673214633280142e-02,-7.406419598900469e-03
1609045389544022083,0,1609045389544022083,6.546715308743581e-01,-9.422082650960687e-04,7.144720246795139e-01,2.892159631415008e-01,9.571238732663201e-01,-1.303203151058106e-02,-9.908786111576043e-03
1609045389647590399,0,1609045389647590399,6.551231204514413e-01,-2.209772860769983e-02,7.537688813055229e-01,2.893906426504207e-01,9.570930793971880e-01,-8.774062009683897e-03,-1.220283376600816e-02
1609045389750151157,0,1609045389750151157,6.538590576288862e-01,-4.054822861665065e-02,7.894461242980040e-01,2.891693167691330e-01,9.571272874076286e-01,-5.936312667793992e-03,-1.591295480366632e-02
1609045389853286982,0,1609045389853286982,6.513054928586443e-01,-5.504421223289861e-02,8.174198694823551e-01,2.886126897078897e-01,9.572442562081173e-01,-2.759391465391885e-03,-1.945597734815789e-02
1609045389956382036,0,1609045389956382036,6.508578589051932e-01,-7.072085520007675e-02,8.403437877286762e-01,2.892512516320757e-01,9.569108959490021e-01,-6.698353166377348e-04,-2.558909853221392e-02
1609045390059461117,0,1609045390059461117,6.548618346044217e-01,-8.929273477527185e-02,8.637021873546891e-01,2.889277299039380e-01,9.569560727420205e-01,-1.621662499647885e-03,-2.744470705164066e-02
1609045390129633665,0,1609045390129633665,6.578198860008112e-01,-1.057413143502606e-01,8.843128415235576e-01,2.889814413511777e-01,9.569328022933565e-01,-4.005279399711078e-03,-2.744624174998461e-02
1609045390231537342,0,1609045390231537342,6.656756893714413e-01,-1.289130683347921e-01,9.083145770478533e-01,2.892082910463632e-01,9.569578662866727e-01,-1.013379334171140e-02,-2.207969144475242e-02
1609045390334705830,0,1609045390334705830,6.791870558999239e-01,-1.497126760536292e-01,9.324399424155148e-01,2.885735654681156e-01,9.571509648715664e-01,-1.679459778962985e-02,-1.747195590711385e-02
1609045390438072443,0,1609045390438072443,6.934301444107398e-01,-1.644934745169834e-01,9.530533127253163e-01,2.885508827013187e-01,9.572114897834322e-01,-1.976196798867151e-02,-9.696212650916011e-03
1609045390540842772,0,1609045390540842772,7.096712693456289e-01,-1.766937518460094e-01,9.767235300037242e-01,2.886207146800764e-01,9.572203237582725e-01,-1.964033967175139e-02,-6.449178159487547e-03
1609045390643962383,0,1609045390643962383,7.258660671287079e-01,-1.815258457553505e-01,1.003098238244053e+00,2.885762780494030e-01,9.573095471363549e-01,-1.615473198662848e-02,-4.602971091008583e-03
1609045390746962547,0,1609045390746962547,7.392512591146985e-01,-1.834367254277816e-01,1.024140435905924e+00,2.886529303480520e-01,9.573977749566310e-01,-8.010264123281536e-03,-2.195900255696050e-03
1609045390850100040,0,1609045390850100040,7.499179905394192e-01,-1.838330704909406e-01,1.049097004020884e+00,2.888809095610957e-01,9.573622444278513e-01,2.304991173576857e-03,2.001264430576617e-04
1609045390953310966,0,1609045390953310966,7.561662018050441e-01,-1.868754729904792e-01,1.073469114387315e+00,2.885063498451315e-01,9.573948059412810e-01,1.254766876842374e-02,1.351911186368251e-03
1609045391056630135,0,1609045391056630135,7.585578877940147e-01,-1.935582384678037e-01,1.098690269283635e+00,2.887224982935980e-01,9.572160865866085e-01,1.934146775655170e-02,1.609404742928289e-03
1609045391159897804,0,1609045391159897804,7.565720106349829e-01,-2.019633986492146e-01,1.126560158860148e+00,2.884963200674737e-01,9.572499929929511e-01,2.099826795332561e-02,1.181932809008155e-03
1609045391229910851,0,1609045391229910851,7.518419394454813e-01,-2.068810393974432e-01,1.149240538098332e+00,2.886265944262357e-01,9.572289211351276e-01,2.017938165303062e-02,5.235343129631833e-04
1609045391331547022,0,1609045391331547022,7.410969917306055e-01,-2.174207126302118e-01,1.180603679362672e+00,2.885045702766227e-01,9.572962228330214e-01,1.866205126705205e-02,-8.846023513086661e-04
1609045391434514761,0,1609045391434514761,7.276065584713223e-01,-2.310080567406794e-01,1.206879174778050e+00,2.882329329724420e-01,9.574387998325423e-01,1.499635527045178e-02,-2.798259032092848e-03
1609045391537640333,0,1609045391537640333,7.098702991081891e-01,-2.451537916883214e-01,1.235198253266428e+00,2.879616682453740e-01,9.575753425653244e-01,1.070383561510630e-02,-3.601226881445347e-03
1609045391640628099,0,1609045391640628099,6.919436328602150e-01,-2.566879034275229e-01,1.262809867269483e+00,2.883087777112935e-01,9.575232715046100e-01,2.733461209487151e-03,-4.445380887060643e-03
1609045391743380070,0,1609045391743380070,6.715677721849647e-01,-2.674256058821072e-01,1.289547534775515e+00,2.882216660156934e-01,9.575531843567748e-01,-2.211396740821449e-03,-3.908975758278964e-03
1609045391846768379,0,1609045391846768379,6.497254929136442e-01,-2.794278869363525e-01,1.319346749664346e+00,2.882687111058786e-01,9.575179557412137e-01,-5.348295337470254e-03,-5.648926198103558e-03
1609045391950304270,0,1609045391950304270,6.269829543661573e-01,-2.915673291416110e-01,1.345615927347082e+00,2.878721684820988e-01,9.576133549395448e-01,-5.981516467119305e-03,-8.396339397739995e-03
1609045392053437233,0,1609045392053437233,6.031513587110269e-01,-3.028440128368681e-01,1.373132213062787e+00,2.878406683570603e-01,9.575905079515852e-01,-6.348396221820512e-03,-1.130781083512116e-02
1609045392156254292,0,1609045392156254292,5.814813856397231e-01,-3.114137621914134e-01,1.400680014433545e+00,2.880541483890806e-01,9.574831054589442e-01,-6.492681118551476e-03,-1.444837181543271e-02
1609045392259460211,0,1609045392259460211,5.617107217550950e-01,-3.203542086891208e-01,1.431312402193374e+00,2.879265571622164e-01,9.575045270985559e-01,-5.906613098436431e-03,-1.576357154565792e-02
1609045392329590559,0,1609045392329590559,5.452367584350495e-01,-3.250491830209560e-01,1.451513065968729e+00,2.880000029653046e-01,9.574449648284471e-01,-6.302914761628249e-03,-1.775981086142393e-02
1609045392431504965,0,1609045392431504965,5.230652223738934e-01,-3.317875935064992e-01,1.475827859810330e+00,2.883656419441493e-01,9.572686205140408e-01,-3.707430579162824e-03,-2.164023298100283e-02
1609045392534651518,0,1609045392534651518,5.004225118620339e-01,-3.373369011040092e-01,1.490891394924988e+00,2.881212670468588e-01,9.571386406103134e-01,3.058346806390569e-04,-2.952396637969334e-02
1609045392637669325,0,1609045392637669325,4.817480585396551e-01,-3.436604370483221e-01,1.501252089129879e+00,2.878373555005208e-01,9.569938587747061e-01,3.765429748726600e-03,-3.603099477477272e-02
1609045392740756273,0,1609045392740756273,4.713510800573244e-01,-3.523347494408346e-01,1.507917087614618e+00,2.884019603336903e-01,9.566385562886722e-01,6.070459748586815e-03,-4.037488595327957e-02
1609045392843894243,0,1609045392843894243,4.654151431730135e-01,-3.610675043744642e-01,1.505043898562019e+00,2.885724604766725e-01,9.563898562260983e-01,6.845688021688309e-03,-4.469356237158363e-02
1609045392947309017,0,1609045392947309017,4.646251627896873e-01,-3.723874027115479e-01,1.500439594113441e+00,2.882628785926472e-01,9.563720466209815e-01,7.264992908344818e-03,-4.694934658979245e-02
1609045393050188541,0,1609045393050188541,4.686672349133307e-01,-3.882309171808523e-01,1.500886882608232e+00,2.883152047606479e-01,9.564855721744010e-01,6.084174624955661e-03,-4.441481447509071e-02
1609045393153351545,0,1609045393153351545,4.785556364297404e-01,-4.076619374703353e-01,1.502798312714280e+00,2.881030804995803e-01,9.567445760355310e-01,5.863197671915830e-03,-4.002566858895344e-02
1609045393256390333,0,1609045393256390333,4.947265865076994e-01,-4.256394025059546e-01,1.508547266347516e+00,2.882372107210177e-01,9.568281316708970e-01,3.191663313478599e-03,-3.726996222066525e-02
1609045393359373569,0,1609045393359373569,5.130341720533553e-01,-4.452486557939713e-01,1.512842901218939e+00,2.878800724242862e-01,9.571269312629920e-01,5.120869406086523e-04,-3.213781446722279e-02
1609045393429610491,0,1609045393429610491,5.285213777161513e-01,-4.609639338752264e-01,1.512292538312771e+00,2.881764828172116e-01,9.572459048687332e-01,-1.570835216229469e-03,-2.514209298277901e-02
1609045393531471014,0,1609045393531471014,5.531336254754812e-01,-4.829741440952398e-01,1.522033854794778e+00,2.882854443923733e-01,9.573194086849424e-01,-2.947416990172452e-03,-2.055152158310053e-02
1609045393634491920,0,1609045393634491920,5.753558586969880e-01,-5.040257137816715e-01,1.536545095696478e+00,2.879829485544699e-01,9.574896416124493e-01,-3.792113080844445e-03,-1.627966292062738e-02
1609045393738121510,0,1609045393738121510,6.006616599120164e-01,-5.255192473639480e-01,1.550883416503386e+00,2.877680911832304e-01,9.575646213116500e-01,-6.461808353569453e-03,-1.475692181755946e-02
1609045393840757370,0,1609045393840757370,6.280125637515961e-01,-5.472512703474447e-01,1.566763538603182e+00,2.876342963380275e-01,9.576141368082857e-01,-8.698287072568587e-03,-1.288473347588875e-02
1609045393944102764,0,1609045393944102764,6.541483979301365e-01,-5.637042667520263e-01,1.586450480441392e+00,2.878086576013387e-01,9.575427036664821e-01,-9.572268563483900e-03,-1.365719367361620e-02
1609045394047013760,0,1609045394047013760,6.794324923659377e-01,-5.785943216550807e-01,1.603164103599578e+00,2.880092885418207e-01,9.574962476307066e-01,-6.880159902759557e-03,-1.429156695933810e-02
1609045394150214434,0,1609045394150214434,7.023870197497945e-01,-5.903110610172759e-01,1.621629540256541e+00,2.880554121891936e-01,9.575078613383786e-01,3.749251045113335e-04,-1.423497153402122e-02
1609045394254015446,0,1609045394254015446,7.291017133351788e-01,-6.049548991907541e-01,1.639177732099175e+00,2.883017776737019e-01,9.572815799283066e-01,5.698433040703992e-03,-2.148463592241981e-02
1609045394356169939,0,1609045394356169939,7.549554231714121e-01,-6.208423965216419e-01,1.643677601191155e+00,2.884995167983176e-01,9.570599530465642e-01,1.382838675992070e-02,-2.475986270059598e-02
1609045394459466219,0,1609045394459466219,7.828007554895557e-01,-6.401656608392716e-01,1.649534748580736e+00,2.885548574659774e-01,9.568424708623310e-01,2.019631911215756e-02,-2.794081031158542e-02
1609045394529697895,0,1609045394529697895,8.025040864151914e-01,-6.586562534696843e-01,1.650955382585673e+00,2.882922848235486e-01,9.568566084737051e-01,2.381786314508710e-02,-2.730748480374965e-02
1609045394631515026,0,1609045394631515026,8.341873137615318e-01,-6.866400756648697e-01,1.649411245196916e+00,2.888427573729408e-01,9.567639109241878e-01,2.362917953627420e-02,-2.478592625624871e-02
1609045394734335661,0,1609045394734335661,8.669900970938805e-01,-7.205496033394281e-01,1.643768290502781e+00,2.886517597853944e-01,9.568716508729281e-01,2.468988313674020e-02,-2.161515669371511e-02
1609045394837684631,0,1609045394837684631,8.993885118316836e-01,-7.577408081015906e-01,1.638026906630968e+00,2.888442712695890e-01,9.568858940868310e-01,2.373682485180759e-02,-1.936325897230051e-02
1609045394940764427,0,1609045394940764427,9.291379314278979e-01,-7.988212729305301e-01,1.630769553262384e+00,2.890982602698953e-01,9.568984642597448e-01,2.331598413046536e-02,-1.496295057723191e-02
1609045395043919086,0,1609045395043919086,9.539314012297601e-01,-8.437570312375912e-01,1.626254405335334e+00,2.886957287482340e-01,9.571076269997931e-01,2.175343742179233e-02,-1.124964449991091e-02
1609045395146975756,0,1609045395146975756,9.775418180214949e-01,-8.903107142198844e-01,1.624327329718352e+00,2.884072012024175e-01,9.572877744687606e-01,1.802703592434806e-02,-9.819833130239387e-03
1609045395250076294,0,1609045395250076294,9.989112065065242e-01,-9.369861303559941e-01,1.628147459306005e+00,2.887457369919754e-01,9.573127777360515e-01,9.121838256313641e-03,-9.743562939701089e-03
1609045395353253126,0,1609045395353253126,1.017766536711994e+00,-9.796706874147056e-01,1.635656253172899e+00,2.883063073229254e-01,9.574836890142365e-01,3.396742672524202e-04,-1.021484461885860e-02
1609045395456276178,0,1609045395456276178,1.035440281657120e+00,-1.024803474230537e+00,1.646190824272339e+00,2.880486545741723e-01,9.575071401559655e-01,-8.378766583227870e-03,-1.174075885894670e-02
1609045395558891773,0,1609045395558891773,1.053636478340855e+00,-1.070950368521085e+00,1.657328307706750e+00,2.885089329964395e-01,9.573425186214785e-01,-1.224168068545091e-02,-1.039417502365347e-02
1609045395629321098,0,1609045395629321098,1.068396984941983e+00,-1.105222875508811e+00,1.664875258281599e+00,2.882383923813208e-01,9.573403330347529e-01,-1.890673593136240e-02,-7.787890500639628e-03
1609045395731297731,0,1609045395731297731,1.087374321157751e+00,-1.144679236528964e+00,1.679539407818253e+00,2.879872901713692e-01,9.573719966201247e-01,-2.158095936373829e-02,-6.036802131564689e-03
1609045395834303617,0,1609045395834303617,1.106535510880216e+00,-1.180395148500262e+00,1.694094127354338e+00,2.879120386980830e-01,9.573810130489370e-01,-2.238173870813194e-02,-5.226049960945387e-03
1609045395937585592,0,1609045395937585592,1.125045898813956e+00,-1.208813792779900e+00,1.709212596773814e+00,2.877758589210453e-01,9.574204075873137e-01,-2.243855912664370e-02,-5.265854309272796e-03
1609045396040434122,0,1609045396040434122,1.141318338929924e+00,-1.230274763697437e+00,1.724461040073149e+00,2.877999982782392e-01,9.574542107806501e-01,-2.082236236008777e-02,-4.361705501563861e-03
1609045396143653870,0,1609045396143653870,1.157041846333850e+00,-1.247725124932183e+00,1.737224173443965e+00,2.878274340085504e-01,9.574559794116694e-01,-2.022734201462491e-02,-4.926495266229475e-03
1609045396246815920,0,1609045396246815920,1.170326554543129e+00,-1.261117678386471e+00,1.748075156153788e+00,2.878381362123780e-01,9.574619124819707e-01,-1.987785361824106e-02,-4.556799685651054e-03
1609045396349687099,0,1609045396349687099,1.183313447028582e+00,-1.270604178768122e+00,1.760547118199236e+00,2.877280956869963e-01,9.575054976688006e-01,-1.932882447765879e-02,-4.707592841329226e-03
1609045396453078270,0,1609045396453078270,1.196590812325597e+00,-1.273592006729181e+00,1.775021919341905e+00,2.879039951061867e-01,9.574512349665869e-01,-1.941008861456429e-02,-4.655182329383781e-03
1609045396556377172,0,1609045396556377172,1.208527514077479e+00,-1.273813562270960e+00,1.791732031365129e+00,2.876459402753516e-01,9.575206944934117e-01,-1.987280411303267e-02,-4.359394033501537e-03
1609045396659389019,0,1609045396659389019,1.217973390049055e+00,-1.268770357250736e+00,1.811462712386499e+00,2.874285500946021e-01,9.575872521718010e-01,-1.989359746483443e-02,-3.965835116556991e-03
1609045396729677677,0,1609045396729677677,1.225322524437556e+00,-1.260355574467670e+00,1.823257626535828e+00,2.876080910532259e-01,9.575359487122257e-01,-1.975851717925086e-02,-4.011718218389021e-03
1609045396831711292,0,1609045396831711292,1.236196953732930e+00,-1.243208828992180e+00,1.842407381581481e+00,2.877491983217976e-01,9.575288968047341e-01,-1.791454155532334e-02,-4.228457120985154e-03
1609045396934697151,0,1609045396934697151,1.246071465537375e+00,-1.225635690610010e+00,1.855215561670922e+00,2.879378100863241e-01,9.575510502105025e-01,-1.247015594040701e-02,-5.683218627392591e-03
1609045397038283825,0,1609045397038283825,1.253356009436410e+00,-1.203899074124951e+00,1.869552809039751e+00,2.878909144665850e-01,9.576332146743368e-01,-3.698406589095342e-03,-6.615837700443610e-03
1609045397141058207,0,1609045397141058207,1.259886317383286e+00,-1.179542509693958e+00,1.879865038648969e+00,2.877861034427948e-01,9.576545812596662e-01,4.457393163637814e-03,-7.549390932924483e-03
1609045397243944883,0,1609045397243944883,1.264168815473751e+00,-1.157029617834443e+00,1.891646965718556e+00,2.874040141320547e-01,9.576707922313040e-01,1.530448766464205e-02,-5.599912932977524e-03
1609045397346405029,0,1609045397346405029,1.265536628409010e+00,-1.139072021722629e+00,1.894970220208769e+00,2.873741706132630e-01,9.574424522638436e-01,2.645159725585549e-02,-4.511060810445851e-03
1609045397449820757,0,1609045397449820757,1.260567198030901e+00,-1.126934301051372e+00,1.896607336958772e+00,2.867115366512099e-01,9.571619806936754e-01,4.040364924124663e-02,-2.232172335787687e-03
1609045397553030729,0,1609045397553030729,1.250642547666855e+00,-1.121961049752655e+00,1.898047921792802e+00,2.865314614004131e-01,9.568270996387305e-01,4.874274586040647e-02,-2.401614113296582e-03
1609045397656156778,0,1609045397656156778,1.237101196981201e+00,-1.123884921030384e+00,1.898818485379034e+00,2.863971757435407e-01,9.566692207072940e-01,5.247722031076839e-02,-2.607915942161388e-03
1609045397759228230,0,1609045397759228230,1.218136595272602e+00,-1.132480600402552e+00,1.899896060461119e+00,2.865860844472370e-01,9.567755611806862e-01,4.935660424983890e-02,-3.587108193641589e-03
1609045397829372883,0,1609045397829372883,1.200959922163757e+00,-1.144479325573576e+00,1.902302485840073e+00,2.867468158286890e-01,9.569764748846399e-01,4.416690949143921e-02,-4.644807330271133e-03
1609045397931303501,0,1609045397931303501,1.175520862526431e+00,-1.167958110742434e+00,1.909318917349662e+00,2.866193346824621e-01,9.573002180396979e-01,3.713213834292865e-02,-6.844985689982324e-03
1609045398034288645,0,1609045398034288645,1.145547721265921e+00,-1.197480812362209e+00,1.914537469789304e+00,2.869174462556605e-01,9.574022060812518e-01,3.044092943002034e-02,-1.152148601545253e-02
1609045398137247086,0,1609045398137247086,1.116426158553639e+00,-1.231991413486649e+00,1.917823539440230e+00,2.870769875513813e-01,9.574396842798072e-01,2.293854726765271e-02,-1.923219263480688e-02
1609045398240227222,0,1609045398240227222,1.085652333584675e+00,-1.265337957442127e+00,1.928618356727451e+00,2.872165463157060e-01,9.573355015587159e-01,1.477154299618218e-02,-2.823463290001424e-02
1609045398343501568,0,1609045398343501568,1.058940919873643e+00,-1.305220911489778e+00,1.937843161204785e+00,2.872946260534291e-01,9.571875354764097e-01,9.505676975431691e-03,-3.410955693558307e-02
1609045398446156025,0,1609045398446156025,1.036825518633756e+00,-1.346462670050532e+00,1.947168429761565e+00,2.870982961450406e-01,9.571183189419878e-01,5.005909298590276e-03,-3.839313438700193e-02
1609045398549587965,0,1609045398549587965,1.018077220124852e+00,-1.391567365207969e+00,1.951909104382809e+00,2.869009319194689e-01,9.571391526891522e-01,2.439177705197796e-03,-3.957964205295951e-02
1609045398652935028,0,1609045398652935028,1.005414496276945e+00,-1.439232642644742e+00,1.957490667217274e+00,2.871254091717439e-01,9.570964853953785e-01,3.475284651933673e-04,-3.905376134798291e-02
1609045398755968332,0,1609045398755968332,9.969476952796840e-01,-1.487083617053161e+00,1.963638745286257e+00,2.870333798552938e-01,9.572995755667667e-01,-8.112773020364901e-04,-3.447757673272370e-02
1609045398859044075,0,1609045398859044075,9.917795436967937e-01,-1.534681051781819e+00,1.963980704685987e+00,2.870815777937272e-01,9.574742364444276e-01,-1.634367897868549e-03,-2.871555463306978e-02
1609045398929267406,0,1609045398929267406,9.866779032559646e-01,-1.574190960288615e+00,1.964100403051324e+00,2.868871509157714e-01,9.577261237342451e-01,-2.824617240583324e-03,-2.117678194482406e-02
1609045399031050682,0,1609045399031050682,9.825005573930186e-01,-1.625338733077395e+00,1.962353793103907e+00,2.869778655269754e-01,9.578096507550111e-01,-5.442964517622044e-03,-1.465441077263654e-02
1609045399134206533,0,1609045399134206533,9.809647234757547e-01,-1.674385849030116e+00,1.959992335717812e+00,2.866170928736948e-01,9.579549550956672e-01,-9.399398298452596e-03,-9.197684034920930e-03
1609045399237234116,0,1609045399237234116,9.779736908929553e-01,-1.715626261432420e+00,1.962549842006575e+00,2.866618208652531e-01,9.579404952984744e-01,-1.201421011699885e-02,-5.537750489673418e-03
1609045399340128183,0,1609045399340128183,9.760141415732222e-01,-1.751917561685169e+00,1.964321229144232e+00,2.865499209080792e-01,9.579813566439049e-01,-1.181456148047349e-02,-4.612947754999729e-03
1609045399442991495,0,1609045399442991495,9.724616716644666e-01,-1.785268547185712e+00,1.964726470640022e+00,2.867842294421049e-01,9.579610035681442e-01,-6.476417728099482e-03,-4.855656403954370e-03
1609045399546267748,0,1609045399546267748,9.667798265114410e-01,-1.816860930493584e+00,1.959649593903168e+00,2.864259475097049e-01,9.580779334086775e-01,1.683383492531525e-03,-6.634480253436129e-03
1609045399649425507,0,1609045399649425507,9.595602584077871e-01,-1.849600684232468e+00,1.956280493043903e+00,2.870039117829929e-01,9.578285436294214e-01,1.132489767290473e-02,-8.061161354950545e-03
1609045399752504110,0,1609045399752504110,9.488112707997293e-01,-1.881243408326374e+00,1.953395367525861e+00,2.869503648209426e-01,9.577424260405556e-01,1.768015147759579e-02,-8.737604620212050e-03
1609045399855711460,0,1609045399855711460,9.391287381373312e-01,-1.916261765434434e+00,1.950161353020226e+00,2.864072232573134e-01,9.578317727043929e-01,2.068915651673006e-02,-1.005765709861783e-02
1609045399959326029,0,1609045399959326029,9.251184942608890e-01,-1.954749499326317e+00,1.952138224668119e+00,2.862243067506563e-01,9.578618327932482e-01,2.078209918005796e-02,-1.201914541172114e-02
1609045400029204607,0,1609045400029204607,9.136368419130563e-01,-1.988996793208226e+00,1.950289316778041e+00,2.862018426575179e-01,9.579025356073441e-01,1.761839278684051e-02,-1.417144212012181e-02
1609045400130705833,0,1609045400130705833,8.977696869229149e-01,-2.038514633728758e+00,1.952532929141324e+00,2.866406470699097e-01,9.578000257976006e-01,1.113661950851225e-02,-1.822706051658305e-02
1609045400234342337,0,1609045400234342337,8.840691950571089e-01,-2.087295282081265e+00,1.959651916395275e+00,2.865966558750953e-01,9.577658488668052e-01,2.130590536869513e-03,-2.328940036405624e-02
1609045400337574959,0,1609045400337574959,8.717791312051726e-01,-2.133225645729167e+00,1.965712853100340e+00,2.866357897678628e-01,9.576153455030808e-01,-5.272102316268938e-03,-2.801747701042668e-02
1609045400440367937,0,1609045400440367937,8.642887526647555e-01,-2.175584657651105e+00,1.969529129123783e+00,2.864862508955331e-01,9.574136558703741e-01,-1.008375093275959e-02,-3.439531316281089e-02
1609045400543532610,0,1609045400543532610,8.610979406138421e-01,-2.216837129813610e+00,1.972496831689398e+00,2.866594203885355e-01,9.570797892755745e-01,-9.183286187255441e-03,-4.171715375271832e-02
1609045400646503925,0,1609045400646503925,8.637074166624318e-01,-2.258447820203616e+00,1.974789335251733e+00,2.865853380823974e-01,9.568665429626982e-01,-8.046902835033631e-03,-4.701606437452804e-02
1609045400749483824,0,1609045400749483824,8.721189631358979e-01,-2.300420009156029e+00,1.974037971678930e+00,2.864551515298068e-01,9.567907903742050e-01,-6.957873881158462e-03,-4.946127381990580e-02
1609045400852608681,0,1609045400852608681,8.890980804241768e-01,-2.343205363511901e+00,1.970086619491918e+00,2.866759595077086e-01,9.568415014890637e-01,-8.458181829138952e-03,-4.690090008017512e-02
1609045400955526829,0,1609045400955526829,9.100963795377227e-01,-2.387108249017615e+00,1.969769510149739e+00,2.865187565978802e-01,9.571460813713343e-01,-1.213672273801580e-02,-4.038664375730980e-02
1609045401058701515,0,1609045401058701515,9.371802482682745e-01,-2.427770886225763e+00,1.969172872309071e+00,2.861460473538149e-01,9.574613437519737e-01,-2.139765393857341e-02,-3.050172470653754e-02
1609045401128838301,0,1609045401128838301,9.596305927391134e-01,-2.454280424265481e+00,1.961279917877728e+00,2.862941386860188e-01,9.573722624285321e-01,-3.032745282763149e-02,-2.354278851767970e-02
1609045401230677605,0,1609045401230677605,9.959542358101763e-01,-2.486814335946883e+00,1.960182605884692e+00,2.860125344128716e-01,9.572403150760258e-01,-3.911775280323318e-02,-1.891059933470539e-02
1609045401333975792,0,1609045401333975792,1.034618769477450e+00,-2.511775626621510e+00,1.956315750499101e+00,2.856957871732786e-01,9.570707401678498e-01,-4.554825009524859e-02,-1.785699915895550e-02
1609045401437115192,0,1609045401437115192,1.076015701844344e+00,-2.526636760279953e+00,1.955260006639611e+00,2.857685735749274e-01,9.567544680256519e-01,-5.100974539081532e-02,-1.884717869510594e-02
1609045401540170193,0,1609045401540170193,1.120555445509442e+00,-2.530444762408508e+00,1.952774986300883e+00,2.858624965511531e-01,9.565611144207078e-01,-5.352216329227560e-02,-2.021992779334352e-02
1609045401643233299,0,1609045401643233299,1.167131952458411e+00,-2.522503838554208e+00,1.951912791496746e+00,2.856850481565142e-01,9.564687534338864e-01,-5.506787476076626e-02,-2.278390075180883e-02
1609045401746617079,0,1609045401746617079,1.217587851942434e+00,-2.503372760819726e+00,1.943583258812107e+00,2.854289905552173e-01,9.565835281821261e-01,-5.329944171027064e-02,-2.524706862856381e-02
1609045401849724054,0,1609045401849724054,1.271763107720397e+00,-2.477165657028622e+00,1.937542994062813e+00,2.855668511851538e-01,9.567837216195155e-01,-4.724049580149006e-02,-2.801462304282799e-02
1609045401952720404,0,1609045401952720404,1.332002140724128e+00,-2.442744216808076e+00,1.928935937089109e+00,2.858807624379955e-01,9.569515969642500e-01,-4.029727037584237e-02,-2.986571170079777e-02
1609045402055771351,0,1609045402055771351,1.395872242553611e+00,-2.403699463083952e+00,1.920982044414034e+00,2.860280562211704e-01,9.571291841459292e-01,-3.441944455025839e-02,-3.011607124171490e-02
1609045402158820629,0,1609045402158820629,1.463167555869443e+00,-2.357397486502715e+00,1.908265019935783e+00,2.860369081550223e-01,9.573301407331410e-01,-3.016600022180668e-02,-2.814073999197170e-02
1609045402229304075,0,1609045402229304075,1.519644292067002e+00,-2.315549698631155e+00,1.899531492487141e+00,2.861774137309821e-01,9.574700137711821e-01,-2.701047883315912e-02,-2.498188608092959e-02
1609045402330965519,0,1609045402330965519,1.600137942318635e+00,-2.256392801043315e+00,1.880177301746621e+00,2.859356878163714e-01,9.577213766704255e-01,-2.669263319336362e-02,-1.726413723262980e-02
1609045402434450150,0,1609045402434450150,1.680438472281387e+00,-2.193913275423283e+00,1.858881596244648e+00,2.854657023166651e-01,9.579141829147274e-01,-2.753893495607283e-02,-1.230276525205550e-02
1609045402537372828,0,1609045402537372828,1.760895253044745e+00,-2.129425881412456e+00,1.839680588628656e+00,2.856849060464952e-01,9.578114437661479e-01,-2.934212306967064e-02,-1.097326119601201e-02
1609045402640176296,0,1609045402640176296,1.838993888765909e+00,-2.058535325835152e+00,1.815059279390082e+00,2.855247427049107e-01,9.578259653258335e-01,-3.102087625255443e-02,-9.096520606898303e-03
1609045402743157864,0,1609045402743157864,1.917942429265244e+00,-1.989051332383594e+00,1.784899650721074e+00,2.852841721296838e-01,9.579541819492193e-01,-3.037066671912001e-02,-3.788010165940144e-03
1609045402846437454,0,1609045402846437454,1.995132192097485e+00,-1.910650563314712e+00,1.759606983862978e+00,2.851699217890443e-01,9.578739393558774e-01,-3.321397693335630e-02,7.243186153289382e-03
1609045402949267864,0,1609045402949267864,2.067214799599959e+00,-1.823574749050064e+00,1.738284537241462e+00,2.840730357804310e-01,9.576631796603884e-01,-3.851478890927074e-02,2.646423435913725e-02
1609045403052642584,0,1609045403052642584,2.132981903019106e+00,-1.726901868283060e+00,1.708548351259249e+00,2.827555990934131e-01,9.572152549549721e-01,-4.199843527762473e-02,4.499286939882243e-02
1609045403155585766,0,1609045403155585766,2.185859115728723e+00,-1.617603493112362e+00,1.681583207196836e+00,2.820261653528049e-01,9.570233251680488e-01,-3.886162750185186e-02,5.529349915031188e-02
1609045403258878708,0,1609045403258878708,2.226618376302000e+00,-1.495104266400807e+00,1.665315881622178e+00,2.812787268365988e-01,9.572865955382293e-01,-2.877535801472103e-02,6.047008022838916e-02
1609045403328970432,0,1609045403328970432,2.252080823074695e+00,-1.388707292819783e+00,1.657039399825652e+00,2.809082991960632e-01,9.577366509845776e-01,-1.315764311117229e-02,6.048066824261630e-02
1609045403430682898,0,1609045403430682898,2.273576768323318e+00,-1.240969502175209e+00,1.645238708268464e+00,2.815030105846127e-01,9.581092969886245e-01,2.177578637062355e-02,4.804628168128597e-02
1609045403533778191,0,1609045403533778191,2.278994008895349e+00,-1.109120471889576e+00,1.618342098456453e+00,2.817247522517175e-01,9.571349649696533e-01,5.951573875981189e-02,3.133208644205468e-02
1609045403637133121,0,1609045403637133121,2.265884834010615e+00,-9.944981497026723e-01,1.605749770009873e+00,2.816148425538902e-01,9.555789118908586e-01,8.368630355637120e-02,2.363527447671361e-02
1609045403740268469,0,1609045403740268469,2.244352372195701e+00,-8.921943707178318e-01,1.593918343842215e+00,2.813106487155389e-01,9.549223536050557e-01,9.274837268041229e-02,1.963050863952471e-02
1609045403843522072,0,1609045403843522072,2.212044291252030e+00,-8.111968410203451e-01,1.588079077700689e+00,2.807775622871425e-01,9.548298666134374e-01,9.522407477168646e-02,1.990632870771828e-02
1609045403946827888,0,1609045403946827888,2.168960486021934e+00,-7.451722660698701e-01,1.584786989220257e+00,2.806142279972199e-01,9.551423472496049e-01,9.238379331368490e-02,2.059092685391572e-02
1609045404049781561,0,1609045404049781561,2.112819076310767e+00,-6.936648392756668e-01,1.585226749131509e+00,2.807272540521326e-01,9.555841440452241e-01,8.750397720931286e-02,1.985463306003844e-02
1609045404152605295,0,1609045404152605295,2.044938504205090e+00,-6.559472250117316e-01,1.592971551482471e+00,2.808790763725037e-01,9.562374899147171e-01,7.957002978671716e-02,1.963205789426264e-02
1609045404255769491,0,1609045404255769491,1.971937517046919e+00,-6.288478769844635e-01,1.601735718465991e+00,2.816250331068866e-01,9.568302625643624e-01,6.974954598880552e-02,1.726818469337942e-02
1609045404358690500,0,1609045404358690500,1.888416826593280e+00,-6.156691927987477e-01,1.614618393341409e+00,2.821158109047429e-01,9.574072349116416e-01,6.008808375658826e-02,1.309495958589835e-02
1609045404428908825,0,1609045404428908825,1.818321591439778e+00,-6.137851676276243e-01,1.618798538826386e+00,2.830530398584800e-01,9.576324567829461e-01,5.248768422994737e-02,8.130027466274777e-03
1609045404530661821,0,1609045404530661821,1.713499090612842e+00,-6.201865081568873e-01,1.632866597674557e+00,2.840509623765742e-01,9.579041825448120e-01,4.159934254094227e-02,-2.030402903940906e-03
1609045404634175539,0,1609045404634175539,1.605677203594988e+00,-6.330909596044817e-01,1.649591664972792e+00,2.841612251652371e-01,9.581732743007669e-01,3.137414653942178e-02,-1.311630500393771e-02
1609045404736955881,0,1609045404736955881,1.500487185155623e+00,-6.494050527457580e-01,1.665665073141860e+00,2.848554831364633e-01,9.580704578041856e-01,2.265422927775549e-02,-2.109828205081313e-02
1609045404840011597,0,1609045404840011597,1.398431812019867e+00,-6.697247005692506e-01,1.676802017623288e+00,2.851738395586212e-01,9.579587145502282e-01,2.001949034348872e-02,-2.429408271059734e-02
1609045404942771196,0,1609045404942771196,1.297852665671204e+00,-6.934253156696568e-01,1.687719534036618e+00,2.852458453779418e-01,9.579290478416385e-01,2.039362166773505e-02,-2.430734849386590e-02
1609045405046222448,0,1609045405046222448,1.199304448870073e+00,-7.227180197881251e-01,1.697429580472325e+00,2.849451557474371e-01,9.580455238498102e-01,2.159355768442327e-02,-2.210770710939257e-02
1609045405149484634,0,1609045405149484634,1.102799976169009e+00,-7.581237191864211e-01,1.703213084823560e+00,2.849476173489204e-01,9.580303393330186e-01,2.336094880836018e-02,-2.090431427004201e-02
1609045405253215075,0,1609045405253215075,1.007615985588237e+00,-7.995166280414454e-01,1.709634505662696e+00,2.848727784803872e-01,9.580723065585760e-01,2.322955146526774e-02,-2.013314244743833e-02
1609045405355624676,0,1609045405355624676,9.128263875742950e-01,-8.406023602108899e-01,1.721358810498156e+00,2.853832424632450e-01,9.579952371942982e-01,1.545217964203308e-02,-2.372257528619964e-02
1609045405458708525,0,1609045405458708525,8.202559681388174e-01,-8.854436980798175e-01,1.738738016948181e+00,2.848333682956276e-01,9.580485282230650e-01,7.626407235174711e-03,-3.089996419679015e-02
1609045405528806686,0,1609045405528806686,7.517449449561716e-01,-9.231334397212141e-01,1.750542605181808e+00,2.851977805593183e-01,9.575244420613573e-01,-5.396346906338579e-03,-4.219061813820162e-02
1609045405630672216,0,1609045405630672216,6.633776881774939e-01,-9.716156879878448e-01,1.770013324349756e+00,2.851482326866565e-01,9.567425853266791e-01,-9.068114626837102e-03,-5.702525856938434e-02
1609045405733675957,0,1609045405733675957,5.859163123622649e-01,-1.019656282505100e+00,1.784429855656007e+00,2.851220103170855e-01,9.558234038875520e-01,-7.433097063323870e-03,-7.107607812264380e-02
1609045405836841822,0,1609045405836841822,5.220796042196088e-01,-1.068301711488559e+00,1.796466433294859e+00,2.847426519786760e-01,9.551662448962097e-01,-5.511635309541709e-03,-8.092396821047830e-02
1609045405939956427,0,1609045405939956427,4.729837131162885e-01,-1.116600067424339e+00,1.806054412491247e+00,2.842490273159121e-01,9.549795180184441e-01,-3.395004905994730e-03,-8.488276960960424e-02
1609045406043075085,0,1609045406043075085,4.407236682630702e-01,-1.167506709846022e+00,1.814924070451436e+00,2.844672659865626e-01,9.549429957763398e-01,-2.338923117914300e-03,-8.459774724056381e-02
1609045406146171093,0,1609045406146171093,4.263174443969790e-01,-1.221152134195242e+00,1.821999801615422e+00,2.843329121361783e-01,9.552746565240148e-01,-2.773575306306815e-03,-8.122458346335618e-02
1609045406249192476,0,1609045406249192476,4.266997821895290e-01,-1.279010438013666e+00,1.822252618897396e+00,2.846915840381627e-01,9.557676953196479e-01,-4.111215687108994e-03,-7.376931927619416e-02
1609045406352619410,0,1609045406352619410,4.374209459577061e-01,-1.339829489767597e+00,1.826756410094615e+00,2.847459084774101e-01,9.565642003829634e-01,-8.859502962919832e-03,-6.185634452516878e-02
1609045406455492973,0,1609045406455492973,4.555171680799634e-01,-1.397442988807674e+00,1.837716302297615e+00,2.847814113588583e-01,9.575739334930248e-01,-1.631014637567297e-02,-4.105714023222363e-02
1609045406558670521,0,1609045406558670521,4.813780526496386e-01,-1.452003071448943e+00,1.848556930065269e+00,2.842547237827697e-01,9.582422658410705e-01,-2.300989374842343e-02,-2.101325182664229e-02
1609045406628973246,0,1609045406628973246,4.994802387079130e-01,-1.490210476999164e+00,1.844364744977418e+00,2.840145540529533e-01,9.584448684603534e-01,-2.559774234555799e-02,-7.995173207652103e-03
1609045406730831623,0,1609045406730831623,5.243544135306434e-01,-1.537938625019300e+00,1.853004807255197e+00,2.839932347816403e-01,9.584265605804495e-01,-2.707869379739092e-02,-5.754555943656457e-03
1609045406833929777,0,1609045406833929777,5.494476005004942e-01,-1.579260117766344e+00,1.862287384272042e+00,2.840358115854114e-01,9.584196552252126e-01,-2.659828502078872e-02,-6.924842860704294e-03
1609045406936861515,0,1609045406936861515,5.759533254341710e-01,-1.614000782780493e+00,1.870263490653673e+00,2.840467786594368e-01,9.584148258233222e-01,-2.595245547830831e-02,-9.215163025445183e-03
1609045407040014267,0,1609045407040014267,6.015683341271737e-01,-1.641896586960193e+00,1.876936388534307e+00,2.839693789752994e-01,9.584379168002845e-01,-2.495415658783898e-02,-1.163793420651633e-02
1609045407143117428,0,1609045407143117428,6.278284661322501e-01,-1.662654943215948e+00,1.883714040163567e+00,2.838588289882720e-01,9.584700166443703e-01,-2.415046190771667e-02,-1.327206044602265e-02
1609045407246486664,0,1609045407246486664,6.542275892124005e-01,-1.679294820880676e+00,1.888212295286457e+00,2.838255885233302e-01,9.584637364587248e-01,-2.363142205419785e-02,-1.522685405300369e-02
1609045407349528790,0,1609045407349528790,6.830044242987007e-01,-1.689225071284066e+00,1.892307855477810e+00,2.836369367695294e-01,9.585083524934662e-01,-2.390297214841498e-02,-1.550723129448508e-02
1609045407453401327,0,1609045407453401327,7.123790783537285e-01,-1.695602514022739e+00,1.897119417065438e+00,2.836856938936025e-01,9.584970157585740e-01,-2.404610947636044e-02,-1.508915109454814e-02
1609045407555809498,0,1609045407555809498,7.429582559654752e-01,-1.696845931465880e+00,1.899764962989776e+00,2.835226054590749e-01,9.585366229307899e-01,-2.453019179351483e-02,-1.485746897686799e-02
1609045407658924580,0,1609045407658924580,7.765637335909041e-01,-1.693724548164500e+00,1.899432785529100e+00,2.834813484048946e-01,9.585530196666275e-01,-2.431903330570729e-02,-1.493379433699215e-02
1609045407729244947,0,1609045407729244947,8.033475148356469e-01,-1.687972075670096e+00,1.896354050465013e+00,2.831173831317280e-01,9.586663514614654e-01,-2.455152937190750e-02,-1.416320406527780e-02
1609045407830951691,0,1609045407830951691,8.415452612485881e-01,-1.675816732114627e+00,1.895168316438149e+00,2.831443304769612e-01,9.586841825671032e-01,-2.393580604816038e-02,-1.345375051473665e-02
1609045407934152126,0,1609045407934152126,8.805579979360376e-01,-1.657308293301974e+00,1.891591915625737e+00,2.832964759071731e-01,9.587205297868798e-01,-2.102902934379430e-02,-1.248328595714389e-02
1609045408036717176,0,1609045408036717176,9.200435947717596e-01,-1.634233813369751e+00,1.887764518921446e+00,2.833837861640848e-01,9.587886695482871e-01,-1.713241256585549e-02,-1.115335485382141e-02
1609045408139881849,0,1609045408139881849,9.583998984432445e-01,-1.609609048305155e+00,1.883693843065516e+00,2.834618760252286e-01,9.589154482305972e-01,-8.111843312371038e-03,-8.045245971122609e-03
1609045408243406534,0,1609045408243406534,9.946228420149179e-01,-1.580190678120637e+00,1.877618005062217e+00,2.836074166272382e-01,9.589221564508233e-01,1.088649045520248e-03,-5.826314844876000e-03
1609045408346279621,0,1609045408346279621,1.026538594800066e+00,-1.553863313647395e+00,1.868223884508322e+00,2.833320632746152e-01,9.589519223688080e-01,1.125847805518041e-02,-2.720142879872517e-03
1609045408449363470,0,1609045408449363470,1.054743792256933e+00,-1.530746283303262e+00,1.858899765656941e+00,2.833250583455852e-01,9.588298489639224e-01,1.929234729480633e-02,1.933515933803640e-04
1609045408552367449,0,1609045408552367449,1.079577837394872e+00,-1.508969149043131e+00,1.854592240972887e+00,2.831541172453798e-01,9.587933156468821e-01,2.316906195197930e-02,1.522604940120299e-03
1609045408655344486,0,1609045408655344486,1.102259467629004e+00,-1.493436610673804e+00,1.854758351747831e+00,2.832859652634055e-01,9.586544649119347e-01,2.690432030526344e-02,2.614639133104142e-03
1609045408758330584,0,1609045408758330584,1.119767765307412e+00,-1.478585367621270e+00,1.855175555223186e+00,2.833621468557365e-01,9.585606282791121e-01,2.918624252182148e-02,3.947010211739114e-03
1609045408828717470,0,1609045408828717470,1.129880634298501e+00,-1.470064942820019e+00,1.848477395629050e+00,2.833037985218950e-01,9.585020678285930e-01,3.153461447533343e-02,4.279229014711621e-03
1609045408930575132,0,1609045408930575132,1.138947137529218e+00,-1.465468316962684e+00,1.849448727059144e+00,2.830388944170091e-01,9.585857644145137e-01,3.132839880320201e-02,4.565954134636758e-03
1609045409033876657,0,1609045409033876657,1.143345061895699e+00,-1.461852571719939e+00,1.848879683443203e+00,2.832719688909406e-01,9.586750273137959e-01,2.641941375567499e-02,1.094633290706648e-03
1609045409137037754,0,1609045409137037754,1.142595515592945e+00,-1.466896906758002e+00,1.848571069603358e+00,2.833438333919489e-01,9.586993532249201e-01,2.465535224290120e-02,-1.983887684790823e-03
1609045409240034103,0,1609045409240034103,1.139361501368502e+00,-1.474749583741288e+00,1.847794607215545e+00,2.832563409574160e-01,9.588308590913323e-01,1.985737411381408e-02,-3.861820113668293e-03
1609045409343260050,0,1609045409343260050,1.130633978061753e+00,-1.486076238864261e+00,1.846452100369877e+00,2.835045530439758e-01,9.588740901303063e-01,1.188425050301616e-02,-6.664253130388310e-03
1609045409446189165,0,1609045409446189165,1.120102814148693e+00,-1.496717547213111e+00,1.849947212572865e+00,2.834658717928464e-01,9.589349814346146e-01,4.394544456474969e-03,-8.455110196166389e-03
1609045409549176216,0,1609045409549176216,1.109114168120140e+00,-1.507055299750229e+00,1.854594662086368e+00,2.834306684420091e-01,9.588881689724378e-01,-3.844352066456763e-03,-1.362925339423830e-02
1609045409652930975,0,1609045409652930975,1.100208269626632e+00,-1.514689318915504e+00,1.857907675268189e+00,2.833085794422315e-01,9.588483488354995e-01,-6.262159026968605e-03,-1.751793691837128e-02
1609045409755409956,0,1609045409755409956,1.094630916844358e+00,-1.522155096219876e+00,1.858146933582257e+00,2.834820398370642e-01,9.587717207128849e-01,-3.603238185727650e-03,-1.953809932778702e-02
1609045409858362436,0,1609045409858362436,1.089386816650929e+00,-1.529590430117254e+00,1.861365316357344e+00,2.831019637127697e-01,9.589259608088008e-01,2.884922571387946e-03,-1.749162800722007e-02
1609045409928925276,0,1609045409928925276,1.082046452430532e+00,-1.538838473364445e+00,1.863739677923939e+00,2.834935787176478e-01,9.588060859974686e-01,1.252799263740278e-02,-1.285805896108491e-02
1609045410030719757,0,1609045410030719757,1.073918678842306e+00,-1.553076741351639e+00,1.863481359202682e+00,2.829769319160975e-01,9.588205959185898e-01,2.330500222940903e-02,-6.633077449623196e-03
1609045410133873940,0,1609045410133873940,1.063125656836781e+00,-1.569277089188868e+00,1.865226929173350e+00,2.830948267235081e-01,9.586255664706808e-01,2.960686687403948e-02,-4.216138606301810e-03
1609045410237105608,0,1609045410237105608,1.047869257768217e+00,-1.590786831515844e+00,1.862480227608818e+00,2.829045003040890e-01,9.584665344992399e-01,3.611079718079963e-02,-1.719383427367552e-03
1609045410340085983,0,1609045410340085983,1.029176348900370e+00,-1.615694511757594e+00,1.862775283304172e+00,2.828781604305098e-01,9.584805869178123e-01,3.583096634172085e-02,-3.324560700019708e-03
1609045410443180084,0,1609045410443180084,1.006692610396975e+00,-1.646296456479817e+00,1.866662169905182e+00,2.826386975478859e-01,9.586651065505920e-01,3.228369697747569e-02,-5.860293502520948e-03
1609045410546284199,0,1609045410546284199,9.840288664926441e-01,-1.679954224404781e+00,1.868937583477913e+00,2.830642482619966e-01,9.587033616606885e-01,2.606422937500126e-02,-9.118752280097151e-03
1609045410649346828,0,1609045410649346828,9.589225284666368e-01,-1.717432465505880e+00,1.870836553284464e+00,2.832802862114265e-01,9.587302151878617e-01,1.925205506085383e-02,-1.476523976898456e-02
1609045410752364635,0,1609045410752364635,9.346656439894396e-01,-1.756339323093522e+00,1.876404925023685e+00,2.831234691360298e-01,9.587718978165547e-01,1.247916639386377e-02,-2.101950492827032e-02
1609045410855500698,0,1609045410855500698,9.108611601314095e-01,-1.796411477662385e+00,1.878544885848639e+00,2.831964560083654e-01,9.584552643939397e-01,6.801971794022387e-03,-3.342164925991516e-02
1609045410958438873,0,1609045410958438873,8.886852046029531e-01,-1.841334138444908e+00,1.875056255197129e+00,2.829782808150459e-01,9.581268028542723e-01,6.389662929308474e-03,-4.330697918991642e-02
1609045411028724194,0,1609045411028724194,8.760060401654802e-01,-1.880202903852334e+00,1.878180237102086e+00,2.830687222521220e-01,9.575722688570010e-01,4.018618063587583e-03,-5.395645565787569e-02
1609045411130493164,0,1609045411130493164,8.671707528328734e-01,-1.934591734844636e+00,1.873787543190423e+00,2.827306944170485e-01,9.573410549551588e-01,2.930951584758684e-04,-5.967724044156764e-02
1609045411233581066,0,1609045411233581066,8.682174802311836e-01,-1.990924340136566e+00,1.866199127577239e+00,2.829320258948735e-01,9.570902164886849e-01,-1.342934848646996e-03,-6.265766314150309e-02
1609045411336350203,0,1609045411336350203,8.802823560722810e-01,-2.047434881484968e+00,1.857505511427004e+00,2.826954736747720e-01,9.572310356398775e-01,-2.171468639871112e-03,-6.154102936454422e-02
1609045411439457417,0,1609045411439457417,9.005705006664712e-01,-2.104495144788333e+00,1.847020692342542e+00,2.827880547263382e-01,9.575313006841824e-01,-3.478499587099124e-03,-5.614823554191922e-02
1609045411542750597,0,1609045411542750597,9.294099527415636e-01,-2.159976669172728e+00,1.832282500437450e+00,2.831154642463030e-01,9.579021416250061e-01,-6.139566815722705e-03,-4.723797935812636e-02
1609045411646115065,0,1609045411646115065,9.657985099757911e-01,-2.215054543647348e+00,1.824422405002183e+00,2.829558717279663e-01,9.583717491009709e-01,-9.964114021467324e-03,-3.688199576047310e-02
1609045411749044895,0,1609045411749044895,1.003138255081074e+00,-2.266729123489876e+00,1.814665855211969e+00,2.827990211366995e-01,9.587098123648871e-01,-1.432406504597215e-02,-2.636343072631068e-02
1609045411852346659,0,1609045411852346659,1.042541609140736e+00,-2.313458082267194e+00,1.806088192846203e+00,2.826427610389730e-01,9.588468965327416e-01,-1.568905442486414e-02,-2.189868061648401e-02
1609045411955181360,0,1609045411955181360,1.084471553489419e+00,-2.356778330888125e+00,1.795674872510008e+00,2.828792695941830e-01,9.587480979035059e-01,-1.553344806108824e-02,-2.324038707291318e-02
1609045412058292150,0,1609045412058292150,1.130262943125075e+00,-2.399324505010398e+00,1.787889741384319e+00,2.829918136758391e-01,9.586310101613269e-01,-1.450262741407787e-02,-2.705353114322956e-02
1609045412128590822,0,1609045412128590822,1.166584540467358e+00,-2.429991430199729e+00,1.780527385114033e+00,2.828443053992749e-01,9.586175735452961e-01,-1.297138208911114e-02,-2.971851005224879e-02
1609045412230388641,0,1609045412230388641,1.221680521398796e+00,-2.470744129660959e+00,1.767716749636163e+00,2.831082787588188e-01,9.584420710005404e-01,-1.507237089099174e-02,-3.180129981360440e-02
1609045412333636999,0,1609045412333636999,1.280596488991891e+00,-2.511816413306994e+00,1.756022877963920e+00,2.831298581508931e-01,9.584588323438542e-01,-1.961487817425746e-02,-2.845007345188521e-02
1609045412436871052,0,1609045412436871052,1.344004829091248e+00,-2.544862093688196e+00,1.754874154178073e+00,2.826291540064159e-01,9.584497918107295e-01,-3.023583413053248e-02,-2.409465122626267e-02
1609045412539907217,0,1609045412539907217,1.409663622056299e+00,-2.572101766614052e+00,1.746062141577296e+00,2.826920543494154e-01,9.581900017781804e-01,-3.995239723347119e-02,-1.899812767178915e-02
1609045412643119335,0,1609045412643119335,1.477916434508784e+00,-2.588506236716190e+00,1.740922697141976e+00,2.823839113230842e-01,9.581243341290100e-01,-4.504428870500583e-02,-1.510294774120862e-02
1609045412746340036,0,1609045412746340036,1.547445172404422e+00,-2.596250569230357e+00,1.736232912663179e+00,2.822536208690561e-01,9.581560977467393e-01,-4.659738969846280e-02,-9.923161292373537e-03
1609045412849364758,0,1609045412849364758,1.615379629015228e+00,-2.596421399555586e+00,1.732857176790950e+00,2.814906228333080e-01,9.584462293343663e-01,-4.628676567311423e-02,-1.179005881863824e-03
1609045412952620983,0,1609045412952620983,1.682420516902622e+00,-2.585214029802210e+00,1.727636923708144e+00,2.811062966067828e-01,9.585169875629713e-01,-4.651517984498258e-02,7.795678604886776e-03
1609045413055468798,0,1609045413055468798,1.748126984580011e+00,-2.561040653646919e+00,1.729856754730198e+00,2.811041069735391e-01,9.585032258885567e-01,-4.532501866003252e-02,1.406021646354104e-02
1609045413158587694,0,1609045413158587694,1.811677866561897e+00,-2.527248774785109e+00,1.725569357097097e+00,2.807331139817476e-01,9.584486028794509e-01,-4.593939823796060e-02,2.132524423700660e-02
1609045413228585720,0,1609045413228585720,1.856450924429316e+00,-2.495810055377250e+00,1.715456163619826e+00,2.800231223394690e-01,9.586905132891006e-01,-3.825411712482798e-02,3.218964441288472e-02
1609045413330583811,0,1609045413330583811,1.914657246176784e+00,-2.440963248874088e+00,1.709291884196135e+00,2.798885642972424e-01,9.583763830794466e-01,-3.602193906263300e-02,4.335342935738520e-02
1609045413433619499,0,1609045413433619499,1.961744438387751e+00,-2.373358169181148e+00,1.703042541102228e+00,2.796588938100434e-01,9.579727823477032e-01,-3.628029129025959e-02,5.256226648012018e-02
1609045413536659002,0,1609045413536659002,1.994660612189065e+00,-2.299844077468985e+00,1.697024867320888e+00,2.792571480209955e-01,9.581016651686554e-01,-2.939597234950051e-02,5.650240074145534e-02
1609045413639807701,0,1609045413639807701,2.012199364739293e+00,-2.216875368411689e+00,1.701234094796817e+00,2.793550991617382e-01,9.585119372348504e-01,-2.195870162849337e-02,5.228202533483545e-02
1609045413743079185,0,1609045413743079185,2.017875027030552e+00,-2.124603047063111e+00,1.706035590058792e+00,2.796932139966963e-01,9.590727255118091e-01,-1.226224927491750e-02,4.243642852503134e-02
1609045413846218348,0,1609045413846218348,2.016518933114138e+00,-2.031412669525369e+00,1.709921595963595e+00,2.806022394430928e-01,9.594784532467970e-01,1.402996394119960e-03,2.571988677006208e-02
1609045413949270487,0,1609045413949270487,2.009126184643036e+00,-1.941530860498411e+00,1.714662705140495e+00,2.812182377756414e-01,9.593824415146330e-01,1.915764500194291e-02,1.160251237684183e-02
1609045414053268909,0,1609045414053268909,1.995835251246654e+00,-1.856132004717248e+00,1.722143688199935e+00,2.814313561297570e-01,9.589432993373775e-01,3.431471012745019e-02,6.829429805676642e-03
1609045414155541182,0,1609045414155541182,1.975923765154415e+00,-1.781913800163946e+00,1.716704628669851e+00,2.809372026019882e-01,9.586182492900149e-01,4.573880291874669e-02,5.770808397973383e-03
1609045414258737803,0,1609045414258737803,1.947794186391701e+00,-1.714309478147418e+00,1.713466717690335e+00,2.802840074756049e-01,9.584875386709262e-01,5.146103979084724e-02,9.709518489596882e-03
1609045414328948259,0,1609045414328948259,1.925391671045182e+00,-1.663156542224955e+00,1.708956369950761e+00,2.807672616256429e-01,9.585176803311936e-01,4.761265938893875e-02,1.210933348073406e-02
1609045414430694818,0,1609045414430694818,1.885477159671434e+00,-1.601331838876550e+00,1.711359178197928e+00,2.802926754142395e-01,9.588953464256603e-01,4.175136046963388e-02,1.457925275739798e-02
1609045414533217907,0,1609045414533217907,1.841103102432012e+00,-1.541573667408254e+00,1.719268349300452e+00,2.806261813318762e-01,9.589222635868140e-01,3.789130508426463e-02,1.677163520140630e-02
1609045414636358023,0,1609045414636358023,1.788373456216990e+00,-1.487094333660552e+00,1.721612451842047e+00,2.805531909330568e-01,9.588738795977535e-01,3.941813194398684e-02,1.723371568083479e-02
1609045414739716768,0,1609045414739716768,1.723228347653839e+00,-1.445362984429060e+00,1.717304909124646e+00,2.802484091085073e-01,9.586445168784029e-01,4.613524809274215e-02,1.824988586902335e-02
1609045414842562914,0,1609045414842562914,1.650935390314320e+00,-1.412308810229693e+00,1.715778986711540e+00,2.801026711756550e-01,9.586695804372644e-01,4.628280110610161e-02,1.878913159149333e-02
1609045414945596457,0,1609045414945596457,1.570871308255053e+00,-1.387472789316741e+00,1.714426379094227e+00,2.803692638420290e-01,9.586900756070772e-01,4.425565843191090e-02,1.865077804327932e-02
1609045415048634529,0,1609045415048634529,1.485036888321541e+00,-1.367454583140123e+00,1.728303264480839e+00,2.803158622120692e-01,9.587962627778804e-01,4.238771054065960e-02,1.833100843601326e-02
1609045415152328014,0,1609045415152328014,1.393244734065802e+00,-1.349557005309568e+00,1.736021593061814e+00,2.805015366112051e-01,9.589582520563249e-01,3.872007826506762e-02,1.478899288877452e-02
1609045415255390406,0,1609045415255390406,1.290882018448600e+00,-1.339829094588911e+00,1.749682823141393e+00,2.804296303619769e-01,9.588129223819133e-01,4.422155254960346e-02,9.025329816177374e-03
1609045415358401060,0,1609045415358401060,1.185790092218972e+00,-1.338107311762376e+00,1.748797034713324e+00,2.803459629303486e-01,9.586305454554672e-01,4.930122121418170e-02,-1.734351431217619e-03
1609045415428706884,0,1609045415428706884,1.101173856597183e+00,-1.348291128392723e+00,1.756462183216732e+00,2.805650597003811e-01,9.581920720470347e-01,5.401187895925061e-02,-1.529435426914909e-02
1609045415530539274,0,1609045415530539274,9.814488361265451e-01,-1.369432800466961e+00,1.761926317763260e+00,2.804967015948654e-01,9.582405482586503e-01,5.003153511055778e-02,-2.436180538323936e-02
1609045415633496761,0,1609045415633496761,8.665891774528200e-01,-1.397652118666941e+00,1.763610326527505e+00,2.804887776735994e-01,9.583667228527583e-01,4.115691130047877e-02,-3.413764461011721e-02
1609045415736240864,0,1609045415736240864,7.549956334192317e-01,-1.432956721898263e+00,1.765902241563299e+00,2.807256847847208e-01,9.583694764208327e-01,2.941325923361563e-02,-4.308012010140608e-02
1609045415839766502,0,1609045415839766502,6.511649159096307e-01,-1.477264029702610e+00,1.777971832410588e+00,2.810663832585626e-01,9.583027320539669e-01,1.694025717522419e-02,-4.868870121885207e-02
1609045415942861080,0,1609045415942861080,5.594379977491888e-01,-1.522245320936166e+00,1.794710104879870e+00,2.808645342114798e-01,9.581351867283914e-01,6.250646840512296e-03,-5.525402056758060e-02
1609045416046273470,0,1609045416046273470,4.741830526022258e-01,-1.567990164978394e+00,1.802729997149054e+00,2.812381745768645e-01,9.574888830733304e-01,-1.434380439249254e-04,-6.418806257299553e-02
1609045416149150610,0,1609045416149150610,4.005761694108907e-01,-1.617329027843835e+00,1.809946532872152e+00,2.811016110368820e-01,9.568051853848365e-01,-1.104170773898502e-03,-7.419233316015139e-02
1609045416252237082,0,1609045416252237082,3.403713563361314e-01,-1.668986287052220e+00,1.818193971448132e+00,2.809166941459821e-01,9.561444286544154e-01,3.491614801669762e-03,-8.283387669895331e-02
1609045416355303526,0,1609045416355303526,2.968741540483655e-01,-1.725731590131142e+00,1.825102099114484e+00,2.805591551260042e-01,9.555207111018550e-01,6.274837396810317e-03,-9.070478237511369e-02
1609045416458457708,0,1609045416458457708,2.682460217741665e-01,-1.788733882779584e+00,1.826554833107375e+00,2.803156032575729e-01,9.551312788630923e-01,8.438039083490568e-03,-9.526910414088535e-02
1609045416528646946,0,1609045416528646946,2.523841527686591e-01,-1.843549672739039e+00,1.830758532246930e+00,2.805822540153222e-01,9.550832073653407e-01,6.798773757287205e-03,-9.509701580753251e-02
1609045416630419970,0,1609045416630419970,2.464668512909719e-01,-1.921693478445317e+00,1.825314844532204e+00,2.808510768527422e-01,9.556282930193681e-01,-3.155666824155857e-04,-8.886584624533569e-02
1609045416733793020,0,1609045416733793020,2.589488553398205e-01,-2.001496842501406e+00,1.819125117928782e+00,2.811014967681625e-01,9.565035514973128e-01,-8.191132266446249e-03,-7.756165186229404e-02
1609045416836875200,0,1609045416836875200,2.848233765591314e-01,-2.079379880979055e+00,1.814604312379541e+00,2.812879364805906e-01,9.573690172082259e-01,-1.551916091437657e-02,-6.388127522559701e-02
1609045416939850569,0,1609045416939850569,3.177719292596767e-01,-2.153152123024085e+00,1.812483747899401e+00,2.812264840025415e-01,9.579321170118260e-01,-2.033602456765567e-02,-5.351794089164201e-02
1609045417043121815,0,1609045417043121815,3.611385144934383e-01,-2.222965781155615e+00,1.810587100508278e+00,2.814232766616097e-01,9.580320354639421e-01,-2.300652431044141e-02,-4.945966252108950e-02
1609045417146155834,0,1609045417146155834,4.089991643820582e-01,-2.286995397034981e+00,1.807187187559894e+00,2.814219637212246e-01,9.580327108320876e-01,-2.209862600245438e-02,-4.986636180336817e-02
1609045417249197721,0,1609045417249197721,4.656486239543678e-01,-2.347593393583345e+00,1.803182879278710e+00,2.813366391328943e-01,9.578415093110385e-01,-2.138497436663848e-02,-5.414814302621007e-02
1609045417352267027,0,1609045417352267027,5.322581597524592e-01,-2.405357037013172e+00,1.798851197143074e+00,2.810727603822908e-01,9.576905943570635e-01,-2.117935096718051e-02,-5.812283495659380e-02
1609045417455397367,0,1609045417455397367,6.093193774290905e-01,-2.462148365535473e+00,1.794715623768248e+00,2.813559717605845e-01,9.575443472772972e-01,-2.045655595378534e-02,-5.940681333105002e-02
1609045417558490276,0,1609045417558490276,6.933360793946595e-01,-2.516979925953010e+00,1.789871554623531e+00,2.813645113240711e-01,9.576803825420738e-01,-1.970466170059898e-02,-5.739357950491161e-02
1609045417628795385,0,1609045417628795385,7.639460178897157e-01,-2.556630071362563e+00,1.789051330761326e+00,2.805049333433897e-01,9.580494374354104e-01,-1.950336539179451e-02,-5.547861333699408e-02
1609045417730644226,0,1609045417730644226,8.690396024797891e-01,-2.611148003069585e+00,1.781072937707025e+00,2.807270878414261e-01,9.581158354162910e-01,-1.804572573287647e-02,-5.367215161585465e-02
1609045417833662748,0,1609045417833662748,9.836629157483665e-01,-2.664293482269325e+00,1.774157542970564e+00,2.809171052521588e-01,9.581553604385766e-01,-1.742614358033457e-02,-5.215567811057602e-02
1609045417937062263,0,1609045417937062263,1.105054272215707e+00,-2.715398932944353e+00,1.764894119722055e+00,2.809235419788356e-01,9.582347964417809e-01,-1.702247460464769e-02,-5.077670537033502e-02
1609045418040088654,0,1609045418040088654,1.233200317939936e+00,-2.765132321626583e+00,1.750300493916205e+00,2.811867638354908e-01,9.582830731834219e-01,-1.958591818049346e-02,-4.737032090427686e-02
1609045418143039942,0,1609045418143039942,1.363566313520089e+00,-2.813342919110421e+00,1.732921021099481e+00,2.811813340753780e-01,9.584072985958554e-01,-2.820101413141492e-02,-3.996511187813632e-02
1609045418246073723,0,1609045418246073723,1.498052942762824e+00,-2.851259179670095e+00,1.734717837682756e+00,2.803243855882641e-01,9.584686918048317e-01,-4.421959301725906e-02,-2.829546372778778e-02
1609045418349033594,0,1609045418349033594,1.638442386615818e+00,-2.874916329408362e+00,1.730316706480137e+00,2.796665693354131e-01,9.579789157147383e-01,-5.916269428401864e-02,-2.372304042308618e-02
1609045418452100039,0,1609045418452100039,1.781071533811382e+00,-2.886088494730065e+00,1.723420603081216e+00,2.789647057550290e-01,9.578606900231528e-01,-6.454079334531437e-02,-2.271733799154648e-02
1609045418554979563,0,1609045418554979563,1.924555634950364e+00,-2.889593759070794e+00,1.708297086398338e+00,2.792897309126292e-01,9.581971045800185e-01,-5.815887096180491e-02,-2.175087835822759e-02
1609045418658005714,0,1609045418658005714,2.074080246885959e+00,-2.883532164188295e+00,1.699548052893068e+00,2.795388439957049e-01,9.587223389928025e-01,-4.843179102166038e-02,-1.907545626809027e-02
1609045418728290081,0,1609045418728290081,2.192044119489490e+00,-2.869046963366990e+00,1.691982604463119e+00,2.789973159181340e-01,9.593431327928975e-01,-3.982200329621701e-02,-1.534468398991185e-02
1609045418830057144,0,1609045418830057144,2.356377805822158e+00,-2.847598131130769e+00,1.666807431584855e+00,2.793040526350665e-01,9.596478285707566e-01,-3.234012435131293e-02,-4.405412317745330e-03
1609045418933323383,0,1609045418933323383,2.517711772004181e+00,-2.820566053101664e+00,1.648173487196452e+00,2.797040733127546e-01,9.595939870146729e-01,-2.915187599955041e-02,9.756002405342025e-03
1609045419036671400,0,1609045419036671400,2.670107875202523e+00,-2.785957217222626e+00,1.628367215671352e+00,2.788900614766094e-01,9.593275067500703e-01,-3.369874133016573e-02,2.784714051244203e-02
1609045419139723539,0,1609045419139723539,2.808309802218266e+00,-2.738141461044501e+00,1.615084759032321e+00,2.786320121291040e-01,9.589383335017563e-01,-3.531912284095613e-02,3.942123690598136e-02
1609045419242972374,0,1609045419242972374,2.936098877402082e+00,-2.678227519201303e+00,1.607727909716250e+00,2.783136731642339e-01,9.591466572571216e-01,-3.335013271045328e-02,3.830088576271416e-02
1609045419345871449,0,1609045419345871449,3.053019524564688e+00,-2.611203447487946e+00,1.598342743935934e+00,2.786031509660188e-01,9.596735053137628e-01,-2.279650184663422e-02,2.978870547456560e-02
1609045419448894024,0,1609045419448894024,3.161936414939488e+00,-2.542853640777931e+00,1.590060118473245e+00,2.796488569829825e-01,9.599333920340710e-01,-6.660074484333539e-03,1.673448695452074e-02
1609045419551800251,0,1609045419551800251,3.264576961859760e+00,-2.475190811138493e+00,1.585213264503962e+00,2.800491248306022e-01,9.599402373212781e-01,6.311280671609945e-03,6.884489026704937e-03
1609045419655450821,0,1609045419655450821,3.363476094882305e+00,-2.402821261464390e+00,1.583693925823677e+00,2.803080010596080e-01,9.597796365328933e-01,1.577589059582409e-02,1.262978367035098e-03
1609045419757810593,0,1609045419757810593,3.460089308908833e+00,-2.338374890701933e+00,1.584633025502351e+00,2.804385157042718e-01,9.595969540844053e-01,2.297464368450332e-02,3.006140052353436e-04
1609045419828278303,0,1609045419828278303,3.532369607567600e+00,-2.285142994465520e+00,1.586912446553842e+00,2.798429144313814e-01,9.595491922236774e-01,3.079872948186628e-02,2.174674098388753e-03
1609045419930333853,0,1609045419930333853,3.628779645096833e+00,-2.219495382478530e+00,1.593321185754455e+00,2.798118007783233e-01,9.592730192352816e-01,3.837046333411882e-02,5.323368824029976e-03
1609045420033739090,0,1609045420033739090,3.716261255394509e+00,-2.162905238451243e+00,1.600804096791985e+00,2.800518500864088e-01,9.588351395576759e-01,4.599979772217765e-02,9.494999831689617e-03
1609045420136563778,0,1609045420136563778,3.793440693694341e+00,-2.120252540026865e+00,1.606303346031167e+00,2.796370383971650e-01,9.584723528737576e-01,5.459855938468598e-02,1.236417590925949e-02
1609045420239639521,0,1609045420239639521,3.860733092919815e+00,-2.090217294869301e+00,1.607166462544888e+00,2.792916458801299e-01,9.583756150309657e-01,5.751411396509237e-02,1.429978147000233e-02
1609045420342858553,0,1609045420342858553,3.914055928768204e+00,-2.071603185759854e+00,1.610563143199311e+00,2.796319731395296e-01,9.585127399913321e-01,5.281070792644463e-02,1.644128949938830e-02
1609045420445946693,0,1609045420445946693,3.957909013978383e+00,-2.058128966086357e+00,1.616134946297598e+00,2.795980731181091e-01,9.588536233319109e-01,4.548388351096075e-02,1.886432803893041e-02
1609045420548702478,0,1609045420548702478,3.996034767972022e+00,-2.048853126389345e+00,1.623676042947076e+00,2.798734367436439e-01,9.592702189655307e-01,3.225465860724351e-02,2.076399308775129e-02
1609045420652354002,0,1609045420652354002,4.024938345881483e+00,-2.042021798065198e+00,1.638882691868203e+00,2.798741590201660e-01,9.594850730082369e-01,2.142528621909277e-02,2.449095541738947e-02
1609045420754842758,0,1609045420754842758,4.045541122081614e+00,-2.037379657926262e+00,1.647225776500065e+00,2.795516579150411e-01,9.596904311715057e-01,1.062108447259436e-02,2.706177080534694e-02
1609045420857810259,0,1609045420857810259,4.056614682635488e+00,-2.032739423986082e+00,1.656290764214134e+00,2.795739868132504e-01,9.596871592079468e-01,1.413108636033501e-03,2.893000989287569e-02
1609045420927804947,0,1609045420927804947,4.062937075744225e+00,-2.027179916307753e+00,1.663729798117697e+00,2.798170201735564e-01,9.594934180652591e-01,-9.540456924337760e-03,3.136551596905388e-02
1609045421029515743,0,1609045421029515743,4.063579154286966e+00,-2.014606016205793e+00,1.675101069052567e+00,2.799035229415871e-01,9.592356565578493e-01,-2.023537316082636e-02,3.333920673404701e-02
1609045421133817911,0,1609045421133817911,4.053448235554221e+00,-1.994378580312040e+00,1.689163715330304e+00,2.800260084612402e-01,9.590602089250714e-01,-2.581852808155440e-02,3.350154995308507e-02
1609045421237154484,0,1609045421237154484,4.034850450407336e+00,-1.967211026138235e+00,1.702527238692278e+00,2.801609761191874e-01,9.591360308675009e-01,-2.582914490533238e-02,3.001261442850459e-02
1609045421339689255,0,1609045421339689255,4.009093927320546e+00,-1.934711008141033e+00,1.709964678299737e+00,2.806097079355269e-01,9.593546023492645e-01,-2.060727456795765e-02,2.173198100031431e-02
1609045421443011522,0,1609045421443011522,3.978581776751353e+00,-1.897879688980366e+00,1.718781909672754e+00,2.806981679010804e-01,9.596366706524017e-01,-1.319602064057298e-02,1.148320143072835e-02
1609045421546246767,0,1609045421546246767,3.945548400595710e+00,-1.859107931839490e+00,1.714796063947002e+00,2.809487499093339e-01,9.596993392310642e-01,-5.378500392845089e-03,4.006237269388921e-03
1609045421649124384,0,1609045421649124384,3.912153725862717e+00,-1.819981352520471e+00,1.714544727534549e+00,2.808884251086495e-01,9.597390966345632e-01,-8.240188130786631e-04,-1.371139578502441e-03
1609045421752157688,0,1609045421752157688,3.878390403039473e+00,-1.781556521029587e+00,1.717864077104719e+00,2.809408944986952e-01,9.597211663260485e-01,-1.071400284391419e-04,-2.735913878390011e-03
1609045421855132580,0,1609045421855132580,3.843910950619681e+00,-1.739828005826369e+00,1.724286672419685e+00,2.809262471483543e-01,9.597237854313672e-01,-2.271995228906210e-03,-2.353163360531648e-03
1609045421958198786,0,1609045421958198786,3.809396214191364e+00,-1.699284105669103e+00,1.727639274737999e+00,2.809922054263139e-01,9.597069371311588e-01,-2.418592593340894e-03,-3.545723416576125e-04
1609045422028584480,0,1609045422028584480,3.780404169632971e+00,-1.666414420167143e+00,1.727787435344956e+00,2.809998725414847e-01,9.597003581838127e-01,1.002995258117637e-03,3.645289252564678e-03
1609045422130300999,0,1609045422130300999,3.738090829069611e+00,-1.620966811567692e+00,1.730777016172035e+00,2.807278677151023e-01,9.597319096492061e-01,6.897613671301314e-03,7.677813136095078e-03
1609045422232724905,0,1609045422232724905,3.689688699109605e+00,-1.573665023833797e+00,1.730285192078843e+00,2.805027891904633e-01,9.596681981588526e-01,1.509125998349499e-02,1.128665454031566e-02
1609045422336321592,0,1609045422336321592,3.633061683713250e+00,-1.531683644007039e+00,1.727689902065939e+00,2.801663698233340e-01,9.595955376956702e-01,2.336961741920669e-02,1.170769985697571e-02
1609045422439309597,0,1609045422439309597,3.571659042687021e+00,-1.493187397315227e+00,1.729443460455911e+00,2.798308137505305e-01,9.596691849388389e-01,2.506502087612008e-02,1.007550905457872e-02
1609045422542419195,0,1609045422542419195,3.509005131282249e+00,-1.457217350724337e+00,1.737733561421613e+00,2.801675540989905e-01,9.596420737095129e-01,2.434011038649432e-02,8.893946021846307e-04
1609045422645644188,0,1609045422645644188,3.444663205350213e+00,-1.423940928838869e+00,1.747081592142684e+00,2.804178449524928e-01,9.595445214441765e-01,2.187039815189211e-02,-1.272121389782612e-02
1609045422748427868,0,1609045422748427868,3.381389584647232e+00,-1.394064319985111e+00,1.755105618551404e+00,2.807984506097265e-01,9.592522792215457e-01,2.133110436277778e-02,-2.307117096728812e-02
1609045422852020741,0,1609045422852020741,3.323253208069616e+00,-1.370131253314625e+00,1.761090282715090e+00,2.810943049214141e-01,9.589087715953021e-01,2.042753439595197e-02,-3.259870145463920e-02
1609045422954606056,0,1609045422954606056,3.267293791284883e+00,-1.353773055569112e+00,1.761419955246248e+00,2.809993694302194e-01,9.587925689228557e-01,2.120367083359935e-02,-3.614648670343425e-02
1609045423057852983,0,1609045423057852983,3.217079834486943e+00,-1.343322735098352e+00,1.767578730905373e+00,2.811101146826055e-01,9.588909262552815e-01,1.729759629429760e-02,-3.472877957184650e-02
1609045423128061533,0,1609045423128061533,3.181556039173474e+00,-1.336309172716903e+00,1.765294761721272e+00,2.812249525066765e-01,9.591455912343696e-01,1.207026485825271e-02,-2.840016917610392e-02
1609045423229391098,0,1609045423229391098,3.132703157723436e+00,-1.332204829358862e+00,1.755184464089547e+00,2.811230517027835e-01,9.594370417245380e-01,5.402079701132327e-03,-2.052340865391971e-02
1609045423332870483,0,1609045423332870483,3.082964753947433e+00,-1.327783934756257e+00,1.751392270022357e+00,2.808585354158050e-01,9.596986329727505e-01,-5.476707836725253e-03,-8.186734714562695e-03
1609045423435926914,0,1609045423435926914,3.036503018735278e+00,-1.316085380022685e+00,1.749733464454274e+00,2.806236990946821e-01,9.596099169708124e-01,-1.987393601079181e-02,2.042896183956562e-03
1609045423539120436,0,1609045423539120436,2.990245373600570e+00,-1.300405043788025e+00,1.744890176267698e+00,2.805943610701604e-01,9.594887581488425e-01,-2.455754104662459e-02,6.712279721215133e-03
1609045423642403126,0,1609045423642403126,2.942782557566993e+00,-1.280337658267187e+00,1.742198063764764e+00,2.805801778838904e-01,9.594909393144814e-01,-2.413289748450721e-02,8.336930535395680e-03
1609045423745483398,0,1609045423745483398,2.893196923314272e+00,-1.253695201156424e+00,1.736293593947980e+00,2.807245748514833e-01,9.595423709902873e-01,-2.021003554493223e-02,7.981592056466719e-03
1609045423848534584,0,1609045423848534584,2.842551631041235e+00,-1.223505586592575e+00,1.727135334269767e+00,2.806083979464218e-01,9.597240427240235e-01,-1.122728486601973e-02,7.914347327968852e-03
1609045423951587677,0,1609045423951587677,2.788898369189209e+00,-1.191900666728523e+00,1.716013614977374e+00,2.808434150903302e-01,9.597163729281213e-01,-2.152650788755253e-03,8.174706622573609e-03
1609045424054805040,0,1609045424054805040,2.731204300372009e+00,-1.159754161068703e+00,1.704676110029848e+00,2.808421272931282e-01,9.596999943456866e-01,6.100743917518817e-03,8.148700123663854e-03
1609045424157990694,0,1609045424157990694,2.670576692235770e+00,-1.127756315109799e+00,1.701882105572036e+00,2.802762239029206e-01,9.598044629948146e-01,1.215616565445151e-02,8.535734662568836e-03
1609045424228220940,0,1609045424228220940,2.621719260251632e+00,-1.103508085728834e+00,1.697327962144923e+00,2.805539520804136e-01,9.596569546275899e-01,1.703842208676250e-02,7.596155570250379e-03
1609045424330022812,0,1609045424330022812,2.550073417298907e+00,-1.070210775220921e+00,1.689374987395527e+00,2.801328757896214e-01,9.596550067489467e-01,2.341647239350260e-02,6.285598130093785e-03
1609045424432652712,0,1609045424432652712,2.473909723594005e+00,-1.043610068719433e+00,1.680129608185106e+00,2.804125121510005e-01,9.594868002648622e-01,2.719110437397091e-02,3.814051556704433e-03
1609045424536276102,0,1609045424536276102,2.394603085600027e+00,-1.021697481398772e+00,1.669217268112344e+00,2.803404474593502e-01,9.595242193296767e-01,2.666040745105950e-02,3.424720762473634e-03
1609045424639286280,0,1609045424639286280,2.313582095770160e+00,-1.004409993512324e+00,1.652739824661156e+00,2.804506486334634e-01,9.596667004929770e-01,1.943052220425084e-02,3.116480796520352e-03
1609045424742566824,0,1609045424742566824,2.228249846611564e+00,-9.899056124427937e-01,1.652931255201198e+00,2.804059454408573e-01,9.598432526635994e-01,6.887499781152362e-03,5.098864975587632e-03
1609045424845751286,0,1609045424845751286,2.143184008235146e+00,-9.682449212009970e-01,1.656480551280628e+00,2.804013205758668e-01,9.598252472694503e-01,-9.365239451172258e-03,4.783974619988350e-03
1609045424948692560,0,1609045424948692560,2.057392431646830e+00,-9.403281724745204e-01,1.667021589887607e+00,2.808786765553031e-01,9.595292257676605e-01,-2.024685021818586e-02,9.481614795074068e-04
1609045425052331924,0,1609045425052331924,1.970753806405837e+00,-9.070373095908206e-01,1.678350349316936e+00,2.806996907763994e-01,9.595453213113361e-01,-2.141935306574421e-02,-4.655240219068171e-03
1609045425154807568,0,1609045425154807568,1.884992162921207e+00,-8.723874182799862e-01,1.686259919273552e+00,2.809656468855175e-01,9.594778926021854e-01,-1.318641826769427e-02,-1.692918340716978e-02
1609045425257148027,0,1609045425257148027,1.804480854450813e+00,-8.397277472272164e-01,1.693387583005000e+00,2.810487081730976e-01,9.591009835620318e-01,-3.889674016740847e-04,-3.371610399537765e-02
1609045425327547073,0,1609045425327547073,1.742402308785861e+00,-8.193373568804971e-01,1.705836647138471e+00,2.810608983478412e-01,9.584551291799047e-01,1.107435282623764e-02,-4.739087969013491e-02
1609045425429263592,0,1609045425429263592,1.664600250531562e+00,-7.907736814202487e-01,1.715791901382623e+00,2.811112178602156e-01,9.578638757318738e-01,1.816688497291185e-02,-5.606463280116197e-02
1609045425532609463,0,1609045425532609463,1.596506764297805e+00,-7.688957500405644e-01,1.723670931317623e+00,2.808049130564456e-01,9.575950461603822e-01,2.378287381400363e-02,-5.995584446317144e-02
1609045425636021376,0,1609045425636021376,1.539090996951105e+00,-7.539203604059634e-01,1.729817794181730e+00,2.807000403163329e-01,9.574427261358601e-01,2.790033676919118e-02,-6.109406471822261e-02
1609045425739106894,0,1609045425739106894,1.490374600094944e+00,-7.461317485914661e-01,1.735246201716812e+00,2.807928916775655e-01,9.576373658476485e-01,3.070474314591461e-02,-5.606466145227973e-02
1609045425842231989,0,1609045425842231989,1.451817109903951e+00,-7.453936247855534e-01,1.737084335040045e+00,2.811399697379546e-01,9.579840857591220e-01,3.062515175278696e-02,-4.784254307421381e-02
1609045425945603371,0,1609045425945603371,1.419156296829577e+00,-7.526627982564889e-01,1.736852478867286e+00,2.812529946512902e-01,9.585777575011520e-01,3.019805017589933e-02,-3.336935104262321e-02
1609045426048489809,0,1609045426048489809,1.388323115031237e+00,-7.667007057167402e-01,1.743025750421541e+00,2.811148339651092e-01,9.591633898334536e-01,2.649403264441233e-02,-1.667656924826798e-02
1609045426151698351,0,1609045426151698351,1.354259578105349e+00,-7.835170706009136e-01,1.751099599518621e+00,2.812465173747726e-01,9.593763146231671e-01,2.228559604593846e-02,-9.141188092538714e-04
1609045426254615307,0,1609045426254615307,1.316691102933430e+00,-7.992302888451298e-01,1.756286092153142e+00,2.811613833348702e-01,9.594239003232119e-01,1.942514710577919e-02,8.758976505543997e-03
1609045426357802153,0,1609045426357802153,1.274603819055407e+00,-8.176455401735311e-01,1.766332791975265e+00,2.813639639664074e-01,9.593530821086497e-01,1.763943688788314e-02,1.283876535003187e-02
1609045426427911282,0,1609045426427911282,1.237356074489896e+00,-8.344603944283652e-01,1.770557536068545e+00,2.813299490461942e-01,9.593170862425825e-01,1.931652385929382e-02,1.382243532777489e-02
1609045426529752970,0,1609045426529752970,1.180852758608210e+00,-8.605612613511393e-01,1.773276801772778e+00,2.811514488793898e-01,9.592975146599819e-01,2.356970614646047e-02,1.210826626981150e-02
1609045426632697582,0,1609045426632697582,1.118124128024431e+00,-8.884014631904464e-01,1.776455980664138e+00,2.812970377591119e-01,9.592541807474841e-01,2.506659022015705e-02,8.663678251626235e-03
1609045426735876322,0,1609045426735876322,1.049925872464668e+00,-9.211920186587749e-01,1.771768584552336e+00,2.810649630560204e-01,9.594298815749214e-01,2.194688150054322e-02,3.888865585576080e-03
1609045426838950157,0,1609045426838950157,9.785237527786476e-01,-9.571221549872154e-01,1.778934783720467e+00,2.808862265452356e-01,9.596420445151166e-01,1.367459223604863e-02,-1.754896833014924e-03
1609045426942014217,0,1609045426942014217,9.106661720761895e-01,-9.847147266517667e-01,1.801341599117933e+00,2.810120985668139e-01,9.596284043524431e-01,-8.030665478424930e-04,-1.203665663173849e-02
1609045427045047283,0,1609045427045047283,8.447380055603623e-01,-1.011272492134804e+00,1.813883003119786e+00,2.810076303630814e-01,9.593574742277312e-01,-7.286366298999238e-03,-2.479631397933369e-02
1609045427148338079,0,1609045427148338079,7.822343396298753e-01,-1.039232626575300e+00,1.826978023553810e+00,2.808725698244728e-01,9.589570976591845e-01,-8.474334520549283e-03,-3.794825455003442e-02
1609045427252196550,0,1609045427252196550,7.280397257063782e-01,-1.066788801801983e+00,1.837793186948214e+00,2.810960684798962e-01,9.583735057777090e-01,-6.424381151794037e-03,-4.963820136745186e-02
1609045427354587555,0,1609045427354587555,6.799488432516428e-01,-1.096963753625449e+00,1.840207169685433e+00,2.811984748191672e-01,9.579703636414871e-01,-4.474888168682287e-03,-5.657009386185715e-02
1609045427457779169,0,1609045427457779169,6.410059243442914e-01,-1.128684059950087e+00,1.845931447306203e+00,2.809252651392381e-01,9.579043298762533e-01,-4.897673544058337e-03,-5.896018151532520e-02
1609045427528047085,0,1609045427528047085,6.161987457679001e-01,-1.156183480536383e+00,1.851202188442474e+00,2.807559891739347e-01,9.579773233646417e-01,-7.644854838780005e-03,-5.828446324936509e-02
1609045427629916668,0,1609045427629916668,5.896616132125235e-01,-1.191614989029130e+00,1.855792269585823e+00,2.807932910641475e-01,9.581404266149837e-01,-1.148994301841967e-02,-5.468118313045631e-02
1609045427732951880,0,1609045427732951880,5.739748350437758e-01,-1.225699883738719e+00,1.861749140121227e+00,2.807108989736462e-01,9.583400528013057e-01,-1.495117460970557e-02,-5.061814666380306e-02
1609045427836139679,0,1609045427836139679,5.673453033660095e-01,-1.256565605235644e+00,1.866125087211375e+00,2.809524894542192e-01,9.583494326079341e-01,-1.661128412740016e-02,-4.853997248512908e-02
1609045427939130545,0,1609045427939130545,5.685859879946705e-01,-1.282088632553017e+00,1.874498228780652e+00,2.808871992675908e-01,9.583305757127037e-01,-1.743981285606295e-02,-4.899736593943674e-02
1609045428042201281,0,1609045428042201281,5.780823768231161e-01,-1.305329030784196e+00,1.878776898469078e+00,2.807545252355120e-01,9.583103445001049e-01,-1.585643972680342e-02,-5.066313751392269e-02
1609045428145824194,0,1609045428145824194,5.941144250896043e-01,-1.327717866629880e+00,1.878211273267669e+00,2.808202330225287e-01,9.581799437654630e-01,-1.289650142427930e-02,-5.352450225356756e-02
1609045428248398066,0,1609045428248398066,6.187638068001868e-01,-1.349015637059730e+00,1.873533331792615e+00,2.811064623285267e-01,9.580722441948514e-01,-8.335078273496041e-03,-5.483847381582695e-02
1609045428351447344,0,1609045428351447344,6.502510492297570e-01,-1.370378533848187e+00,1.863358135886291e+00,2.810983958228535e-01,9.580459416170106e-01,-3.599145282706576e-03,-5.584542747549298e-02
1609045428454488277,0,1609045428454488277,6.889936211758571e-01,-1.395042584940903e+00,1.853956154380098e+00,2.814945822533618e-01,9.579965404638483e-01,-1.407452209941237e-03,-5.478546978235205e-02
1609045428557490349,0,1609045428557490349,7.353978018361542e-01,-1.420444562151185e+00,1.844672405657381e+00,2.817603086128818e-01,9.580078668170948e-01,-2.281807398782200e-03,-5.316811978640164e-02
1609045428627730846,0,1609045428627730846,7.735282731560900e-01,-1.438530998936057e+00,1.836978195068499e+00,2.812887265549819e-01,9.582573959565397e-01,-2.940234745774390e-03,-5.109569871330839e-02
1609045428729493856,0,1609045428729493856,8.353905242386626e-01,-1.466052253536323e+00,1.820671305155692e+00,2.812610055839934e-01,9.584208060434689e-01,-3.410786317944236e-03,-4.806424676675099e-02
1609045428832660437,0,1609045428832660437,9.072932086262266e-01,-1.495195958990116e+00,1.805854389271759e+00,2.812164632039857e-01,9.586764011270393e-01,-6.248619760802206e-03,-4.263582409110944e-02
1609045428936449766,0,1609045428936449766,9.835171379444003e-01,-1.523264280987386e+00,1.790163133581051e+00,2.813263759438339e-01,9.590374282847020e-01,-1.105168913988741e-02,-3.131359950921981e-02
1609045429039385080,0,1609045429039385080,1.060673206371130e+00,-1.549876299146977e+00,1.773493299936985e+00,2.808285181866499e-01,9.594091534650033e-01,-1.527283065221333e-02,-2.088445029726874e-02
1609045429142310858,0,1609045429142310858,1.138099908212489e+00,-1.571623356578458e+00,1.762420800246405e+00,2.808946834575901e-01,9.594916337019268e-01,-1.789610627577449e-02,-1.239802569476979e-02
1609045429245274544,0,1609045429245274544,1.216767337633527e+00,-1.589097516817635e+00,1.748713248337543e+00,2.807335107804191e-01,9.595576660580500e-01,-1.908463721016855e-02,-8.576599348179430e-03
1609045429348404884,0,1609045429348404884,1.294391281539715e+00,-1.604553542142486e+00,1.735395255332859e+00,2.805344210306492e-01,9.596362245581312e-01,-1.851494941598332e-02,-7.480092287692707e-03
1609045429451736450,0,1609045429451736450,1.370961790527040e+00,-1.616955835962735e+00,1.722647716722971e+00,2.805159279505031e-01,9.596254061539472e-01,-1.872831709768278e-02,-8.896300822387375e-03
1609045429554452419,0,1609045429554452419,1.444371673521713e+00,-1.623180352068423e+00,1.710060929255038e+00,2.805754001267701e-01,9.596000403945956e-01,-1.836914326136414e-02,-1.038180590895475e-02
1609045429657543421,0,1609045429657543421,1.515819413956321e+00,-1.622992611666668e+00,1.699011895028215e+00,2.805110480665626e-01,9.596005598111604e-01,-1.860458242734164e-02,-1.158391277182490e-02
1609045429727861881,0,1609045429727861881,1.573057672881475e+00,-1.619734497300210e+00,1.690623976413213e+00,2.802755106522338e-01,9.596770745137349e-01,-1.800387713515585e-02,-1.189164367049656e-02
1609045429829560757,0,1609045429829560757,1.651290581894358e+00,-1.610625720818267e+00,1.678605139152607e+00,2.801815915374867e-01,9.596926602924347e-01,-1.808446939999895e-02,-1.269746079210379e-02
1609045429932909727,0,1609045429932909727,1.731146589754921e+00,-1.598739989461825e+00,1.670315818873557e+00,2.801697076595587e-01,9.596760033983341e-01,-1.877628881605766e-02,-1.320433221900741e-02
1609045430036081076,0,1609045430036081076,1.810219684867549e+00,-1.583794949567262e+00,1.664884443639856e+00,2.805695934428645e-01,9.595969572239186e-01,-1.741810364436764e-02,-1.228790409435584e-02
1609045430139181137,0,1609045430139181137,1.888429657694749e+00,-1.566001220324881e+00,1.660287120012808e+00,2.804488209458785e-01,9.597282136032875e-01,-1.247174838673480e-02,-1.070842358992260e-02
1609045430242455482,0,1609045430242455482,1.963323478768529e+00,-1.546325481425413e+00,1.650301783897194e+00,2.802512047391755e-01,9.598698470434942e-01,-4.719494858912559e-03,-9.320158094585562e-03
1609045430345466375,0,1609045430345466375,2.037045867901770e+00,-1.528800484344544e+00,1.640809526669579e+00,2.808015218134719e-01,9.597238752649239e-01,3.705586228224911e-03,-8.176626695206151e-03
1609045430448467493,0,1609045430448467493,2.108832696289410e+00,-1.509923647020320e+00,1.632589146197510e+00,2.805430511399920e-01,9.597507910351741e-01,1.096243236811185e-02,-7.337618189134074e-03
1609045430551480293,0,1609045430551480293,2.178917332068381e+00,-1.492348530305777e+00,1.629699747887734e+00,2.804227145487241e-01,9.597180682728932e-01,1.617135991020406e-02,-6.543524586977133e-03
1609045430654702425,0,1609045430654702425,2.244017927097591e+00,-1.476649366077494e+00,1.628808742539693e+00,2.807611704423615e-01,9.595377564390375e-01,2.024754336041758e-02,-7.106062716943520e-03
1609045430757802248,0,1609045430757802248,2.306404709425254e+00,-1.466329691964056e+00,1.627642131750073e+00,2.807776381654745e-01,9.594127690757254e-01,2.524098948328506e-02,-7.344990828181738e-03
1609045430828211308,0,1609045430828211308,2.354327212642047e+00,-1.458187695759893e+00,1.624477656116210e+00,2.804502871339877e-01,9.594072658508398e-01,2.874401579153724e-02,-7.688708275707981e-03
1609045430929692984,0,1609045430929692984,2.416754429742808e+00,-1.451515897584709e+00,1.621015418503017e+00,2.805919168713031e-01,9.592431100033620e-01,3.264045854585262e-02,-7.445304773743023e-03
1609045431033082008,0,1609045431033082008,2.474217876596238e+00,-1.451979152220526e+00,1.617881038256800e+00,2.807065026071967e-01,9.591741440294606e-01,3.365021424857535e-02,-7.515577163804152e-03
1609045431136022329,0,1609045431136022329,2.527731073840971e+00,-1.460032954143570e+00,1.616767090068038e+00,2.805995530850692e-01,9.591944669553591e-01,3.380857909367529e-02,-8.175900564530920e-03
1609045431239022493,0,1609045431239022493,2.576523963913641e+00,-1.474663891343104e+00,1.618839318927016e+00,2.805062892418297e-01,9.592319691299113e-01,3.347851109948075e-02,-8.333090014193745e-03
1609045431342571735,0,1609045431342571735,2.622348722781220e+00,-1.494376222308261e+00,1.624334374528892e+00,2.805235010354686e-01,9.592337131437089e-01,3.323722176756649e-02,-8.516808334184748e-03
1609045431445514679,0,1609045431445514679,2.664887465828140e+00,-1.520887636120084e+00,1.628852023598158e+00,2.806122636925574e-01,9.591886383755189e-01,3.383069809265284e-02,-8.330506762048115e-03
1609045431548504353,0,1609045431548504353,2.706238275745067e+00,-1.552671447100792e+00,1.633082184571647e+00,2.805829132679022e-01,9.591454352291601e-01,3.500680731436876e-02,-9.369434481771166e-03
1609045431651648998,0,1609045431651648998,2.743839574259094e+00,-1.593011891522892e+00,1.632862275310490e+00,2.804842433341848e-01,9.591483324343505e-01,3.564571096901489e-02,-9.615036082011301e-03
1609045431754774570,0,1609045431754774570,2.777608339783116e+00,-1.637841851521348e+00,1.632573429518043e+00,2.807766203742752e-01,9.591475234016280e-01,3.370486252881576e-02,-8.031192024118837e-03
1609045431857893467,0,1609045431857893467,2.805622747880736e+00,-1.689047257138434e+00,1.635737920518815e+00,2.808081547244160e-01,9.592633282136058e-01,3.048556250119555e-02,-5.592661575693694e-03
1609045431928178549,0,1609045431928178549,2.823365942607213e+00,-1.728113325515764e+00,1.636857041981054e+00,2.809234537560524e-01,9.594287421900034e-01,2.403277381255698e-02,-9.631054173418168e-04
1609045432029888391,0,1609045432029888391,2.848792080876489e+00,-1.787465921604225e+00,1.643951384854977e+00,2.808862007329896e-01,9.595662778078106e-01,1.829744848244628e-02,8.391129689184804e-04
1609045432133013725,0,1609045432133013725,2.869362290640031e+00,-1.849108646876630e+00,1.653662032790827e+00,2.811596731304183e-01,9.595338751272977e-01,1.559994651766839e-02,7.888958888078162e-04
1609045432235755205,0,1609045432235755205,2.886540960419628e+00,-1.909927987177554e+00,1.659662684110458e+00,2.810972406167534e-01,9.595790520881047e-01,1.386336494530309e-02,4.372910059568066e-04
1609045432340373516,0,1609045432340373516,2.901369252959930e+00,-1.971894831585669e+00,1.664424071593907e+00,2.813506544627238e-01,9.595093886596516e-01,1.354690589500882e-02,-1.537782117745918e-04
1609045432443112612,0,1609045432443112612,2.911258087543824e+00,-2.034744570207080e+00,1.662743625475294e+00,2.812505098078891e-01,9.595360147708786e-01,1.372865959404554e-02,-5.576700305078269e-04
1609045432545129299,0,1609045432545129299,2.918502878452029e+00,-2.098373059249123e+00,1.661999178238099e+00,2.816715550214172e-01,9.594101331991119e-01,1.388927801918877e-02,-6.475820207732219e-04
1609045432648338795,0,1609045432648338795,2.921920938521937e+00,-2.163933350454078e+00,1.657864896191607e+00,2.817171619338690e-01,9.594180731035983e-01,1.231218749051418e-02,-9.009511596749328e-04
1609045432751521587,0,1609045432751521587,2.917535093728066e+00,-2.227035805423903e+00,1.644534093912531e+00,2.814573300905018e-01,9.595218515803851e-01,9.706636334719571e-03,-2.317086280544909e-03
1609045432854586840,0,1609045432854586840,2.913441381634599e+00,-2.293836563680226e+00,1.631793762378954e+00,2.816883273621345e-01,9.594919110711372e-01,4.378499325479758e-03,-2.790620061187027e-03
1609045432957821846,0,1609045432957821846,2.907424364826734e+00,-2.357363354810552e+00,1.624388712432426e+00,2.814091922483826e-01,9.595641194890322e-01,-5.121360243926444e-03,-4.397587553717058e-03
1609045433028123140,0,1609045433028123140,2.901698338780823e+00,-2.403390585522980e+00,1.616248443067956e+00,2.814421111410979e-01,9.594274851857728e-01,-1.621512676756218e-02,-5.129172462180664e-03
1609045433129964113,0,1609045433129964113,2.895059016289733e+00,-2.465897145021602e+00,1.608163061074086e+00,2.811890466505987e-01,9.594044920973457e-01,-2.073306909028104e-02,-6.773509647722032e-03
1609045433232897997,0,1609045433232897997,2.888224424119262e+00,-2.522644432674105e+00,1.598549801558026e+00,2.814014152426406e-01,9.593147244081002e-01,-2.162468833968651e-02,-7.802300119167957e-03
1609045433336052179,0,1609045433336052179,2.882657548400892e+00,-2.573605298144480e+00,1.589574730623460e+00,2.812881829040736e-01,9.593329516060313e-01,-2.196866082697856e-02,-8.638522011488015e-03
1609045433439231873,0,1609045433439231873,2.877648607035151e+00,-2.618688799935195e+00,1.580065033695669e+00,2.811882095648781e-01,9.593245008395148e-01,-2.295458201458784e-02,-1.013804985872339e-02
1609045433543228149,0,1609045433543228149,2.872547101442335e+00,-2.656722536153435e+00,1.568618814038673e+00,2.812281957721455e-01,9.592294946692529e-01,-2.572425723685696e-02,-1.130225856252239e-02
1609045433645673037,0,1609045433645673037,2.871236312159081e+00,-2.689191864349042e+00,1.558637203343231e+00,2.809015739848643e-01,9.591577975472448e-01,-3.092207786448320e-02,-1.242780098711619e-02
1609045433748703241,0,1609045433748703241,2.870490626260825e+00,-2.715039895437618e+00,1.551860284528671e+00,2.810466629968148e-01,9.588536320173393e-01,-3.756938481277936e-02,-1.417839588913762e-02
1609045433851767540,0,1609045433851767540,2.874390602771661e+00,-2.731020737079513e+00,1.545758242392742e+00,2.807529564486187e-01,9.586884053619669e-01,-4.343524918102377e-02,-1.441173126864560e-02
1609045433954644203,0,1609045433954644203,2.879507948076606e+00,-2.737222414397232e+00,1.538468569010545e+00,2.809650297644999e-01,9.582348352876071e-01,-5.077372729495468e-02,-1.633037375669635e-02
1609045434057680368,0,1609045434057680368,2.888223039168344e+00,-2.733292253177677e+00,1.532586771661197e+00,2.810945968776796e-01,9.579615358121617e-01,-5.484541842174626e-02,-1.695593077400080e-02
1609045434127931833,0,1609045434127931833,2.896810646881819e+00,-2.722757774510548e+00,1.523378339585945e+00,2.812225723282936e-01,9.578289720686980e-01,-5.671578985970334e-02,-1.615067364408024e-02
1609045434229629517,0,1609045434229629517,2.913045118507957e+00,-2.696375628107481e+00,1.519517430180693e+00,2.813203839627054e-01,9.578069868614867e-01,-5.636444706429564e-02,-1.696073681246127e-02
1609045434332958698,0,1609045434332958698,2.934721427833180e+00,-2.658981538453808e+00,1.517567910663971e+00,2.813934884043151e-01,9.581865548753177e-01,-4.934859619450689e-02,-1.615384762654346e-02
1609045434436173439,0,1609045434436173439,2.956684746641654e+00,-2.615634646589978e+00,1.511619863328253e+00,2.817709327792363e-01,9.586635968639674e-01,-3.385152785232185e-02,-2.057482807500372e-02
1609045434539061308,0,1609045434539061308,2.981034649165929e+00,-2.568920907765891e+00,1.507303200846285e+00,2.822619428660886e-01,9.588217537909148e-01,-1.753940557372567e-02,-2.610381808449969e-02
1609045434642636776,0,1609045434642636776,3.011192649314167e+00,-2.520299905380941e+00,1.508199564169098e+00,2.822610831334227e-01,9.584815567515894e-01,-7.902330007050189e-03,-3.974090456380550e-02
1609045434745871067,0,1609045434745871067,3.047610502873943e+00,-2.475445548256467e+00,1.510980286117406e+00,2.825785407455755e-01,9.578906059468867e-01,-3.821827602449059e-03,-5.079713557158091e-02
1609045434848697186,0,1609045434848697186,3.092287245614864e+00,-2.430096634869095e+00,1.512370316158850e+00,2.827555569136815e-01,9.574850558401551e-01,-2.933057756796463e-03,-5.712320062020736e-02
1609045434951271534,0,1609045434951271534,3.144201551661884e+00,-2.386798528457845e+00,1.512842290939713e+00,2.830454154618771e-01,9.573969271511268e-01,-3.666478872888131e-03,-5.712244392496237e-02
1609045435054641485,0,1609045435054641485,3.204666219361723e+00,-2.344106367304064e+00,1.512114523389204e+00,2.832461225483529e-01,9.576748684624252e-01,-6.840307945273575e-03,-5.083001636540513e-02
1609045435157932043,0,1609045435157932043,3.273713193785550e+00,-2.303653083284132e+00,1.515636428798713e+00,2.830925602484660e-01,9.581569628048145e-01,-1.044421692056094e-02,-4.104577071065435e-02
1609045435228456259,0,1609045435228456259,3.330821413869372e+00,-2.269954948497699e+00,1.513525014105207e+00,2.824708902018289e-01,9.587185107428068e-01,-1.463998981358306e-02,-2.923497982954706e-02
1609045435330029011,0,1609045435330029011,3.412029539021158e+00,-2.222746037080997e+00,1.520713326651868e+00,2.820369787387808e-01,9.590764792909179e-01,-1.641671672658812e-02,-1.891932626845041e-02
1609045435433017254,0,1609045435433017254,3.492897344359025e+00,-2.171626999864061e+00,1.532165188849160e+00,2.815493313017225e-01,9.593186113515623e-01,-1.644334395206671e-02,-1.293802138784152e-02
1609045435536107540,0,1609045435536107540,3.571885047607126e+00,-2.120865727316464e+00,1.541744045902157e+00,2.810807838719608e-01,9.596038459614902e-01,-8.302987776982520e-03,-9.225624505132431e-03
1609045435639084816,0,1609045435639084816,3.649820733577927e+00,-2.070945908129288e+00,1.549262040534043e+00,2.807907456140378e-01,9.597297470164646e-01,2.543111316525015e-04,-8.677856576763796e-03
1609045435742176771,0,1609045435742176771,3.722367343693636e+00,-2.025523369212324e+00,1.553561817946852e+00,2.802988799913337e-01,9.598381870435612e-01,1.055711501229372e-02,-5.633816720747641e-03
1609045435845466375,0,1609045435845466375,3.791232772917911e+00,-1.981332688088815e+00,1.562927809964409e+00,2.801159547114669e-01,9.598487102742759e-01,1.439075365716605e-02,-4.290863521917623e-03
1609045435948571444,0,1609045435948571444,3.856002770276347e+00,-1.942524538678079e+00,1.569978390267988e+00,2.801563948382267e-01,9.597837204858236e-01,1.750788987402199e-02,-4.591090664503802e-03
1609045436052357197,0,1609045436052357197,3.918183918661435e+00,-1.906115855090617e+00,1.585256686204201e+00,2.801058374426368e-01,9.597373426539848e-01,2.041570466449143e-02,-5.305841004960911e-03
1609045436154809952,0,1609045436154809952,3.980554147188979e+00,-1.872704940440059e+00,1.602855734189827e+00,2.804803129372802e-01,9.596224137086354e-01,2.005967731971550e-02,-7.295649946138251e-03
1609045436257900238,0,1609045436257900238,4.036947847600765e+00,-1.845863031482784e+00,1.602714909198350e+00,2.808205390835631e-01,9.593639229469604e-01,2.547725421878344e-02,-1.056398096348750e-02
1609045436328171968,0,1609045436328171968,4.081002417670428e+00,-1.825217025279575e+00,1.611655133895348e+00,2.804630411721041e-01,9.593486817505743e-01,3.050075632949032e-02,-7.764871083877688e-03
1609045436429818392,0,1609045436429818392,4.141070510333407e+00,-1.803135645751730e+00,1.620414538405283e+00,2.806132487977308e-01,9.593432776772830e-01,2.956873565705410e-02,-6.509227751770067e-03
1609045436533194065,0,1609045436533194065,4.193500703450112e+00,-1.788496956949847e+00,1.623979333582283e+00,2.806675923016350e-01,9.592149828668530e-01,3.363116351791079e-02,-1.124328897054289e-03
1609045436636118889,0,1609045436636118889,4.239585594037772e+00,-1.780575395003904e+00,1.633633816981992e+00,2.804078546374467e-01,9.592927378301029e-01,3.348316568342666e-02,2.784927208575544e-03
1609045436738991737,0,1609045436738991737,4.278825380142623e+00,-1.780446958589334e+00,1.640822750011655e+00,2.800370308480638e-01,9.593918276767844e-01,3.352817573846664e-02,4.737485846115408e-03
1609045436842013359,0,1609045436842013359,4.313111824786284e+00,-1.787265910322930e+00,1.648779530845746e+00,2.804036484846195e-01,9.594449230913349e-01,2.864246780524411e-02,4.340795836374065e-03
1609045436945165873,0,1609045436945165873,4.342447687152588e+00,-1.798544555031907e+00,1.661002697448766e+00,2.807727826990816e-01,9.595118427529181e-01,2.183303418361973e-02,5.194875392364504e-03
1609045437048223019,0,1609045437048223019,4.367747066252553e+00,-1.807664949426489e+00,1.677172989075660e+00,2.803740210278166e-01,9.597558056918887e-01,1.552867976452650e-02,4.249926807599154e-03
1609045437151295900,0,1609045437151295900,4.387925791141098e+00,-1.820342745655919e+00,1.682651630195384e+00,2.804981992756693e-01,9.597376728720277e-01,1.466984186028671e-02,3.025758215344122e-03
1609045437254504442,0,1609045437254504442,4.403676362538786e+00,-1.836108145417276e+00,1.688823772515865e+00,2.803967164835652e-01,9.597986302856482e-01,1.257308446921394e-02,2.487616057708815e-03
1609045437357820272,0,1609045437357820272,4.415332938336661e+00,-1.853177915299857e+00,1.697088438117525e+00,2.804097491461949e-01,9.598178993607080e-01,1.086195180386510e-02,1.410905123913295e-03
1609045437427890062,0,1609045437427890062,4.422821131191986e+00,-1.866079783760285e+00,1.700502663054674e+00,2.806315746278801e-01,9.597758434574157e-01,8.285807103516309e-03,2.755909617035019e-03
1609045437529673100,0,1609045437529673100,4.428787304434890e+00,-1.887547141745320e+00,1.704244989967289e+00,2.805453339757519e-01,9.597975506843754e-01,7.818105042612957e-03,4.674881596602664e-03
1609045437633112907,0,1609045437633112907,4.432546445831461e+00,-1.908756661296567e+00,1.711068428479799e+00,2.803939437144325e-01,9.598400192923559e-01,7.039855073435377e-03,6.067465150653758e-03
1609045437735882998,0,1609045437735882998,4.430003086611067e+00,-1.930448111213858e+00,1.712138031301074e+00,2.801211473677730e-01,9.599182089677550e-01,6.910014548600248e-03,6.436348975135702e-03
1609045437838825941,0,1609045437838825941,4.422964716833432e+00,-1.950065055465445e+00,1.722961568022977e+00,2.799866413824323e-01,9.599529964229956e-01,6.904264677945542e-03,7.075057232701605e-03
1609045437941942215,0,1609045437941942215,4.412777795180222e+00,-1.969370667532880e+00,1.727486008715695e+00,2.798615345270956e-01,9.599920557125212e-01,7.325231552617596e-03,6.254234036055426e-03
1609045438044889688,0,1609045438044889688,4.397334828081314e+00,-1.986999227416707e+00,1.734754390374676e+00,2.799238441204214e-01,9.599641881029460e-01,9.785695011937132e-03,3.954646067847107e-03
1609045438148043871,0,1609045438148043871,4.377272693095949e+00,-2.005355145596900e+00,1.738433398739683e+00,2.799372529585128e-01,9.599583820830494e-01,1.068423844460016e-02,-9.413411097848963e-04
1609045438251049995,0,1609045438251049995,4.355705027882466e+00,-2.028038818882610e+00,1.738472553730293e+00,2.802354937401285e-01,9.598496239955095e-01,1.101379146086781e-02,-5.955145779217377e-03
1609045438354267359,0,1609045438354267359,4.333015048994960e+00,-2.052216543683870e+00,1.743533204732314e+00,2.802492905908366e-01,9.598354860748092e-01,7.478926226952738e-03,-1.096542096993646e-02
1609045438457215548,0,1609045438457215548,4.311831595888012e+00,-2.076001171070332e+00,1.749783177087860e+00,2.805332862753131e-01,9.597336092741506e-01,6.809683530374012e-04,-1.456059074951399e-02
1609045438527585506,0,1609045438527585506,4.293931179587557e+00,-2.093654053054433e+00,1.757345784221422e+00,2.804399565596062e-01,9.596813956447798e-01,-6.920276866071782e-03,-1.780896925476331e-02
1609045438629446745,0,1609045438629446745,4.271972269640911e+00,-2.119327375545771e+00,1.768071872122734e+00,2.804514093820428e-01,9.595334281872285e-01,-1.117397258094421e-02,-2.275410959229400e-02
1609045438732941389,0,1609045438732941389,4.253735272140556e+00,-2.141262323146968e+00,1.772933453909546e+00,2.807156869417227e-01,9.594017042846888e-01,-1.134328023238147e-02,-2.486770825244344e-02
1609045438835426331,0,1609045438835426331,4.238685835399222e+00,-2.160951023236061e+00,1.774906332294954e+00,2.809110274391418e-01,9.592264835114924e-01,-1.021154760153224e-02,-2.948342396212102e-02
1609045438939024210,0,1609045438939024210,4.226974998290351e+00,-2.180653348506459e+00,1.778673923970777e+00,2.810548603664667e-01,9.590640363389444e-01,-8.284618892848211e-03,-3.370021891805240e-02
1609045439042087317,0,1609045439042087317,4.220684767603098e+00,-2.200240615201220e+00,1.778705306462499e+00,2.809762261894042e-01,9.589976533081369e-01,-6.881335971986317e-03,-3.644871027588204e-02
1609045439145141840,0,1609045439145141840,4.218620500906059e+00,-2.218975926621423e+00,1.781206727082794e+00,2.806939885256935e-01,9.589049258154720e-01,-4.806324212141503e-03,-4.109899390028666e-02
1609045439248168945,0,1609045439248168945,4.220381456400323e+00,-2.235852619560518e+00,1.778115896417761e+00,2.807686729429235e-01,9.587133241005059e-01,-3.926960770703824e-03,-4.496991733168296e-02
1609045439351128817,0,1609045439351128817,4.230924585147554e+00,-2.254379286875660e+00,1.776928768353685e+00,2.808411931272442e-01,9.583335506572768e-01,-2.068013014996732e-03,-5.216084019009864e-02
1609045439454353333,0,1609045439454353333,4.248120628094680e+00,-2.274115702589200e+00,1.766131071032296e+00,2.807158982911223e-01,9.581614340370461e-01,-2.486263819128496e-04,-5.590338947938746e-02
1609045439557019949,0,1609045439557019949,4.274935735007073e+00,-2.296271862004080e+00,1.761454810233502e+00,2.808415545957032e-01,9.581376277043122e-01,4.110597459248184e-04,-5.567888844966373e-02
1609045439627063036,0,1609045439627063036,4.296991641462322e+00,-2.314293275473926e+00,1.749333485819046e+00,2.806834272049535e-01,9.586277539937511e-01,2.416605091130750e-03,-4.736879758760500e-02
1609045439729403257,0,1609045439729403257,4.336647621299574e+00,-2.340793191442331e+00,1.732890794938637e+00,2.808482328573396e-01,9.590781333600673e-01,7.849056286251327e-03,-3.509695893631815e-02
1609045439832584858,0,1609045439832584858,4.381767642296187e+00,-2.368306997156815e+00,1.721024595636970e+00,2.809154969641681e-01,9.594578002538442e-01,1.242967304937084e-02,-1.930586245155450e-02
1609045439936269283,0,1609045439936269283,4.424260176302353e+00,-2.402207179694035e+00,1.703495442136757e+00,2.808752539371183e-01,9.595308762235830e-01,1.983540218608185e-02,-4.018223383757583e-03
1609045440038637877,0,1609045440038637877,4.456809161939582e+00,-2.442869327344462e+00,1.677290349224224e+00,2.801878765274574e-01,9.595059598663881e-01,2.762039769998504e-02,8.954354164010516e-03
1609045440142189503,0,1609045440142189503,4.486147075562364e+00,-2.481270743314680e+00,1.660107317770581e+00,2.803162044343745e-01,9.595368348692540e-01,2.441235776601342e-02,1.076684023235843e-02
1609045440245031595,0,1609045440245031595,4.509806510582158e+00,-2.522051358919366e+00,1.645528706458582e+00,2.801627234926214e-01,9.596203956564309e-01,2.292317400617130e-02,1.058643937125038e-02
1609045440348173857,0,1609045440348173857,4.528820709211058e+00,-2.562986659211023e+00,1.634564328699135e+00,2.802291180259162e-01,9.596946032753055e-01,1.989771940242153e-02,7.873412026544013e-03
1609045440451254129,0,1609045440451254129,4.543959588889043e+00,-2.606371805772938e+00,1.620518786560808e+00,2.800555085968820e-01,9.597853361513181e-01,1.869211725481952e-02,5.623643450842379e-03
1609045440554473162,0,1609045440554473162,4.552132271169176e+00,-2.652506053041512e+00,1.607510486228918e+00,2.801618515030700e-01,9.597721006393952e-01,1.809459478195396e-02,4.408790761531639e-03
1609045440657359123,0,1609045440657359123,4.556606546309925e+00,-2.700245820515171e+00,1.597939957739173e+00,2.796875320491961e-01,9.599025597362281e-01,1.847980046894027e-02,4.522963893563081e-03
1609045440727597713,0,1609045440727597713,4.554880951161238e+00,-2.737222716185964e+00,1.589410200223864e+00,2.795916122771884e-01,9.598959630919398e-01,2.023968214888157e-02,4.315744459435009e-03
1609045440829480648,0,1609045440829480648,4.550162853452915e+00,-2.792779379692011e+00,1.574349310857202e+00,2.797471240507327e-01,9.597930572095452e-01,2.270846164293380e-02,4.812451266970007e-03
1609045440932666063,0,1609045440932666063,4.542795215435792e+00,-2.850824768300583e+00,1.558737879231192e+00,2.812012759186099e-01,9.593173676711121e-01,2.463429233238188e-02,5.402050285423807e-03
1609045441035497904,0,1609045441035497904,4.532689498613082e+00,-2.912587212592600e+00,1.547166880135106e+00,2.865583329609319e-01,9.578296936340842e-01,2.069624395108620e-02,4.273790998276954e-03
1609045441138201475,0,1609045441138201475,4.515968011625414e+00,-2.973679081510573e+00,1.535059539592720e+00,2.948856337734993e-01,9.553794487693611e-01,1.663189127956058e-02,3.994002417647938e-03
1609045441241545916,0,1609045441241545916,4.494829537738873e+00,-3.033314457865953e+00,1.531978246973990e+00,3.040441389242485e-01,9.526139529979962e-01,8.822076019325423e-03,2.447266587112901e-03
1609045441344484091,0,1609045441344484091,4.470579631751884e+00,-3.092492034853835e+00,1.521755093951575e+00,3.130876464053226e-01,9.497233648499296e-01,1.223656941777307e-03,3.982334620684292e-04
1609045441447629929,0,1609045441447629929,4.439826298943510e+00,-3.150611636041569e+00,1.515856276970576e+00,3.201136861843302e-01,9.473739211082521e-01,-3.068193132966334e-03,6.838947684490779e-04
1609045441551233530,0,1609045441551233530,4.407449044768685e+00,-3.201555415942166e+00,1.516316476801803e+00,3.256062121617350e-01,9.454437867817386e-01,-1.074732294694637e-02,-1.065686009504010e-03
1609045441654579163,0,1609045441654579163,4.373699969478426e+00,-3.252611352557965e+00,1.514686882969740e+00,3.266066717866857e-01,9.450717162196466e-01,-1.293886287836723e-02,-3.449249117358891e-04
1609045441757760525,0,1609045441757760525,4.339621386158649e+00,-3.299484798364948e+00,1.515818807611905e+00,3.277281594715902e-01,9.446607216182420e-01,-1.446117858762292e-02,-1.117512697104482e-03
1609045441828075647,0,1609045441828075647,4.309549705158520e+00,-3.336274797125939e+00,1.513175872780081e+00,3.283158323400972e-01,9.444323999880885e-01,-1.593389277576523e-02,-1.505705244501812e-03
1609045441930207491,0,1609045441930207491,4.272153121106272e+00,-3.382925070225185e+00,1.511441578249865e+00,3.315317097980354e-01,9.432471161322017e-01,-1.921027762300373e-02,-1.602666536910453e-03
1609045442032207966,0,1609045442032207966,4.236968321687996e+00,-3.423626531556068e+00,1.515651738634553e+00,3.375438312024833e-01,9.409027994443874e-01,-2.707307673332617e-02,-5.756086410267906e-03
1609045442135011196,0,1609045442135011196,4.203019096072788e+00,-3.454874475194435e+00,1.520009453020047e+00,3.459232669508260e-01,9.376289026883092e-01,-3.328493599987919e-02,-9.013726242656230e-03
1609045442238175154,0,1609045442238175154,4.171154164087450e+00,-3.476899212702555e+00,1.532689819971241e+00,3.551391901905940e-01,9.340236951257320e-01,-3.656530478163736e-02,-1.178435489879440e-02
1609045442341169119,0,1609045442341169119,4.138054198180178e+00,-3.492102894451142e+00,1.541750310906780e+00,3.638686194475360e-01,9.306387767433196e-01,-3.643707596896178e-02,-1.354379923023914e-02
1609045442444710016,0,1609045442444710016,4.103915222810813e+00,-3.498841629238276e+00,1.549145851507873e+00,3.709236216749139e-01,9.281194623365174e-01,-2.849796889930603e-02,-1.406400668625749e-02
1609045442548135281,0,1609045442548135281,4.076907885750252e+00,-3.506764657244147e+00,1.550040615430913e+00,3.726373186774390e-01,9.277083153093008e-01,-1.689692353521522e-02,-1.460152079862495e-02
1609045442651397705,0,1609045442651397705,4.051682486549195e+00,-3.513374768575618e+00,1.552545993610696e+00,3.737156749304537e-01,9.273510226852164e-01,-1.012236882107048e-02,-1.594404858021045e-02
1609045442754347086,0,1609045442754347086,4.029623279846796e+00,-3.516548029944769e+00,1.559327855029785e+00,3.738253630579614e-01,9.272275113630515e-01,-6.436342204419941e-03,-2.150147913079160e-02
1609045442857536316,0,1609045442857536316,4.010105478905643e+00,-3.519831307062730e+00,1.569739698510369e+00,3.737545223595322e-01,9.270095765239221e-01,-3.013490262837700e-03,-3.084997447147658e-02
1609045442927676201,0,1609045442927676201,3.996008409764431e+00,-3.525295098247355e+00,1.581079791341187e+00,3.738360656190746e-01,9.266117205056106e-01,1.306671532235513e-04,-4.046354396116101e-02
1609045443029240131,0,1609045443029240131,3.982397148193686e+00,-3.534489666728650e+00,1.587613838098793e+00,3.738205625556023e-01,9.262272201638682e-01,1.591315308320665e-03,-4.856738981491610e-02
1609045443132543325,0,1609045443132543325,3.975158501266289e+00,-3.546306620215733e+00,1.595136383817741e+00,3.740619893780987e-01,9.258406534595954e-01,2.432303431237173e-03,-5.376612691784613e-02
1609045443235139847,0,1609045443235139847,3.976782729393284e+00,-3.561864544901356e+00,1.595646022124172e+00,3.741948119330812e-01,9.259170970318933e-01,1.623157426683363e-03,-5.150861584321615e-02
1609045443338305235,0,1609045443338305235,3.986279409172142e+00,-3.582881265825096e+00,1.595861444354613e+00,3.744484372172687e-01,9.260656162159161e-01,-1.966559921115026e-04,-4.680602156047113e-02
1609045443441234112,0,1609045443441234112,4.001021012963209e+00,-3.604803779512950e+00,1.594526303841107e+00,3.746532585560117e-01,9.265010320612183e-01,-4.524067244642256e-03,-3.478945613463735e-02
1609045443544376373,0,1609045443544376373,4.019014709731595e+00,-3.625174430797301e+00,1.589107793626737e+00,3.745242424487321e-01,9.269021213223191e-01,-9.023027938544809e-03,-2.241950652727495e-02
1609045443647484303,0,1609045443647484303,4.037572484053968e+00,-3.646069807371282e+00,1.579837236505254e+00,3.743096753716957e-01,9.271470576444610e-01,-1.225368619654319e-02,-1.185105896822136e-02
1609045443750785828,0,1609045443750785828,4.053879133148214e+00,-3.663873406963013e+00,1.570776391028614e+00,3.742101964339623e-01,9.272084572049788e-01,-1.493395805847302e-02,-5.308735145339076e-03
1609045443853909016,0,1609045443853909016,4.068775044808394e+00,-3.675918988841951e+00,1.562316556417309e+00,3.744973990107657e-01,9.270748402482214e-01,-1.680892315590222e-02,-1.182715081243333e-03
1609045443956926823,0,1609045443956926823,4.083663727634163e+00,-3.684396856808845e+00,1.555671304043340e+00,3.740542813262949e-01,9.272405552807769e-01,-1.755468893297629e-02,-4.244528850938373e-04
1609045444027091742,0,1609045444027091742,4.090747580649319e+00,-3.688109917493224e+00,1.549391462813718e+00,3.740266888075198e-01,9.272848980139552e-01,-1.561333068253058e-02,-1.725653397557777e-03
1609045444128829718,0,1609045444128829718,4.100019700402798e+00,-3.691690539034088e+00,1.541955924266535e+00,3.739601851932268e-01,9.273441108439576e-01,-1.294164498492830e-02,-4.381072708817801e-03
1609045444232011080,0,1609045444232011080,4.109299994722019e+00,-3.693627178208600e+00,1.529830195838413e+00,3.741687828105221e-01,9.272679196719233e-01,-8.803738803143901e-03,-9.717062323735471e-03
1609045444335134506,0,1609045444335134506,4.118682714593641e+00,-3.692985915676935e+00,1.516784458392915e+00,3.739867175112380e-01,9.273288274261611e-01,-5.605065335758589e-03,-1.279703840326592e-02
1609045444437981606,0,1609045444437981606,4.128467926555055e+00,-3.692448105829784e+00,1.505816203843146e+00,3.739893959878521e-01,9.273135387378859e-01,-3.210702100373922e-03,-1.453354580987714e-02
1609045444541380882,0,1609045444541380882,4.138175178580240e+00,-3.693131648097693e+00,1.489512691820772e+00,3.741641697722373e-01,9.272187162404975e-01,-6.594733915755263e-04,-1.631537331926336e-02
1609045444644421816,0,1609045444644421816,4.150766553587244e+00,-3.695638189400194e+00,1.472437880249270e+00,3.747424907160244e-01,9.269833431419947e-01,6.797259667548308e-05,-1.642992905314308e-02
1609045444747624874,0,1609045444747624874,4.163227843467475e+00,-3.700523281775876e+00,1.464399893191870e+00,3.753645957491666e-01,9.267005597688354e-01,-1.434552977207670e-03,-1.803981262855144e-02
1609045444851433516,0,1609045444851433516,4.175064678289748e+00,-3.704100852373165e+00,1.447172727724748e+00,3.768658804240513e-01,9.261419195272274e-01,5.530386476598863e-05,-1.527252460586581e-02
1609045444954100847,0,1609045444954100847,4.189326125234515e+00,-3.707203525280769e+00,1.439715974407390e+00,3.773276150140266e-01,9.259505465942619e-01,-9.517217307379274e-04,-1.544507802142375e-02
1609045445057296276,0,1609045445057296276,4.201037508758261e+00,-3.710197389535900e+00,1.427494851312022e+00,3.772286533477963e-01,9.260802812871659e-01,1.845242756562541e-03,-8.393496493601393e-03
1609045445127594948,0,1609045445127594948,4.207681495517528e+00,-3.713071429227236e+00,1.413556753927400e+00,3.773117671572692e-01,9.260740080291008e-01,4.176760689219989e-03,-2.305794320196499e-03
1609045445229280472,0,1609045445229280472,4.215405015949603e+00,-3.717492479798219e+00,1.398337572383392e+00,3.772170913386598e-01,9.260886260209734e-01,7.298856552579457e-03,3.721484829747811e-03
1609045445332496881,0,1609045445332496881,4.219662583396683e+00,-3.720066900250634e+00,1.389186171679987e+00,3.769570916818550e-01,9.261939074711456e-01,6.332233524031221e-03,5.300906753825634e-03
1609045445435441732,0,1609045445435441732,4.216539258697544e+00,-3.724586273941120e+00,1.378765295930903e+00,3.771198083284663e-01,9.261211901203178e-01,6.519413031345301e-03,6.139106602921596e-03
1609045445538266897,0,1609045445538266897,4.211881481094200e+00,-3.726897376311166e+00,1.372277482605416e+00,3.779835927779539e-01,9.257783207545062e-01,3.893971072333758e-03,6.909515225693016e-03
1609045445641204834,0,1609045445641204834,4.202738191539514e+00,-3.728571374939531e+00,1.372089082456735e+00,3.802981775530477e-01,9.248552766843137e-01,-2.354185651222019e-03,3.235915429055772e-03
1609045445744332075,0,1609045445744332075,4.189982868857395e+00,-3.727355813501175e+00,1.371747932046768e+00,3.840398286546582e-01,9.232914288403942e-01,-6.336337998686919e-03,2.489629945180336e-03
1609045445847444057,0,1609045445847444057,4.175623254075807e+00,-3.720405755022814e+00,1.375201904696681e+00,3.883651622780423e-01,9.214772870482464e-01,-7.214127930741616e-03,2.579552068635611e-04
1609045445950617552,0,1609045445950617552,4.158953943573632e+00,-3.715052369493970e+00,1.370658681554620e+00,3.931062373257114e-01,9.194883766688747e-01,-2.913486568103187e-03,-3.506311667641403e-04
1609045446053614855,0,1609045446053614855,4.141989041296789e+00,-3.706834129572007e+00,1.371576625628955e+00,3.994097836649276e-01,9.167609584636507e-01,-1.306821729745376e-03,-4.411571857280703e-03
1609045446156672716,0,1609045446156672716,4.123856699305795e+00,-3.700392792267703e+00,1.370408249280866e+00,4.064344299088036e-01,9.136583677095228e-01,1.715095621765596e-03,-6.041501951470026e-03
1609045446227082014,0,1609045446227082014,4.103887919432230e+00,-3.696050271143947e+00,1.367906731895337e+00,4.136325980689415e-01,9.103990753121751e-01,3.161340422266202e-03,-8.461879930324363e-03
1609045446328751802,0,1609045446328751802,4.081649804952124e+00,-3.687366869520632e+00,1.364732766208218e+00,4.210521963404845e-01,9.069885049844549e-01,2.384079649114408e-03,-9.011989064293591e-03
1609045446431816578,0,1609045446431816578,4.058692145681808e+00,-3.678926708413162e+00,1.363367583916808e+00,4.283389474053180e-01,9.035808826188616e-01,8.911943560674661e-04,-8.157234445368209e-03
1609045446534923315,0,1609045446534923315,4.035390585664410e+00,-3.668175971400294e+00,1.368874381058704e+00,4.361093068225340e-01,8.998567074446596e-01,-7.444923715612097e-04,-8.125533858881423e-03
1609045446638128281,0,1609045446638128281,4.010009147042592e+00,-3.660662476795457e+00,1.368912852183708e+00,4.428006723462650e-01,8.965934869448201e-01,1.134218569629701e-03,-6.811555315923701e-03
1609045446741387367,0,1609045446741387367,3.978852789932130e+00,-3.652908066138388e+00,1.372618305721444e+00,4.482420788234402e-01,8.938768859311572e-01,1.091272268813817e-03,-7.871511586568144e-03
1609045446844871759,0,1609045446844871759,3.950566699496906e+00,-3.645506742055596e+00,1.378495442252216e+00,4.501579785138493e-01,8.928895295592503e-01,3.869644811763209e-04,-1.029235842945238e-02
1609045446947896957,0,1609045446947896957,3.922129491919518e+00,-3.636590311600903e+00,1.391276926065294e+00,4.505278553454642e-01,8.926756512481873e-01,-2.999361629421896e-04,-1.243958457926711e-02
1609045447051043510,0,1609045447051043510,3.894380491437103e+00,-3.629061635438266e+00,1.406240518576666e+00,4.506186986987433e-01,8.925482818384304e-01,-3.256035013074592e-04,-1.732763551214628e-02
1609045447154059887,0,1609045447154059887,3.866823807371303e+00,-3.621010932885877e+00,1.426141755013239e+00,4.508701481512503e-01,8.923257694114317e-01,1.143827839738831e-03,-2.166846575103393e-02
1609045447256898880,0,1609045447256898880,3.844023463215726e+00,-3.615614193080586e+00,1.446588061627912e+00,4.509412521665923e-01,8.922478858329717e-01,2.733915761747514e-03,-2.319963416502840e-02
1609045447327019215,0,1609045447327019215,3.826467027844225e+00,-3.615158900573038e+00,1.459296895970901e+00,4.522426367517118e-01,8.915467518499568e-01,5.440330886798988e-03,-2.431850261134192e-02
1609045447428618908,0,1609045447428618908,3.806069443133453e+00,-3.614657292406529e+00,1.476429870380564e+00,4.538417313544205e-01,8.907280498398480e-01,9.604016048551680e-03,-2.321609323786026e-02
1609045447531558990,0,1609045447531558990,3.786494485058753e+00,-3.617745678645141e+00,1.493268684802656e+00,4.574390266600722e-01,8.889234516563671e-01,1.065953185269245e-02,-2.123695750490862e-02
1609045447634478092,0,1609045447634478092,3.768917247019324e+00,-3.623460368481523e+00,1.507708116507444e+00,4.635556996491347e-01,8.858111400448716e-01,8.885889880080006e-03,-1.938500595863387e-02
1609045447737729549,0,1609045447737729549,3.751885643402381e+00,-3.631560710325959e+00,1.521651439996524e+00,4.724374204390037e-01,8.812097488886901e-01,5.292415092898205e-03,-1.562858198086698e-02
1609045447840945482,0,1609045447840945482,3.737184607244873e+00,-3.637073911550504e+00,1.538058368260726e+00,4.830019112476052e-01,8.754690907687988e-01,-8.552303126152312e-04,-1.619547530971598e-02
1609045447943998337,0,1609045447943998337,3.723393328238080e+00,-3.642611111496786e+00,1.550065745988166e+00,4.957894118764686e-01,8.682853580208494e-01,-4.535006356963357e-03,-1.590062372749492e-02
1609045448047323227,0,1609045448047323227,3.707614945898359e+00,-3.646352888734373e+00,1.558136336731096e+00,5.090698670090753e-01,8.605402645150216e-01,-7.210030106692336e-03,-1.631989943100790e-02
1609045448150473833,0,1609045448150473833,3.692120641690233e+00,-3.648776010029846e+00,1.566090776973531e+00,5.200394572169447e-01,8.539590309972229e-01,-7.561736203506679e-03,-1.599238760114977e-02
1609045448253990889,0,1609045448253990889,3.669071066898030e+00,-3.647983438046132e+00,1.573473910773013e+00,5.302486546512563e-01,8.476264824519482e-01,-5.469879304916775e-03,-1.832459840965342e-02
1609045448357671261,0,1609045448357671261,3.650449609430188e+00,-3.645754738486915e+00,1.579471232808018e+00,5.345241226302752e-01,8.449697550485197e-01,-2.473574231426313e-03,-1.743435716962148e-02
1609045448428030729,0,1609045448428030729,3.636081086406538e+00,-3.647382401994481e+00,1.576364988115187e+00,5.365094991929148e-01,8.436761369443257e-01,2.612865406874873e-03,-1.900805515174087e-02
1609045448529853821,0,1609045448529853821,3.619753623139716e+00,-3.650215165863845e+00,1.577177606961510e+00,5.367984516882948e-01,8.434022989626283e-01,5.140251460362088e-03,-2.221625945891873e-02
1609045448632731438,0,1609045448632731438,3.604873497717286e+00,-3.658437429816439e+00,1.572800121913637e+00,5.369426395699733e-01,8.432524701272367e-01,5.999199339782682e-03,-2.412225203094338e-02
1609045448735654116,0,1609045448735654116,3.590511555086634e+00,-3.669498593000025e+00,1.570536353970669e+00,5.370048304458900e-01,8.432114911641458e-01,4.864390570428785e-03,-2.442398310506124e-02
1609045448838490963,0,1609045448838490963,3.578539699189608e+00,-3.681995522344220e+00,1.564675135395315e+00,5.368622727893139e-01,8.433428506291265e-01,2.072991446408485e-03,-2.339741555202565e-02
1609045448941402197,0,1609045448941402197,3.568810474523096e+00,-3.696582607910091e+00,1.563045484323838e+00,5.370873503325414e-01,8.432298336287022e-01,-8.491319524270539e-04,-2.235855017727253e-02
1609045449044222832,0,1609045449044222832,3.559771783081821e+00,-3.709774779066125e+00,1.563701514882435e+00,5.371274885458466e-01,8.432215864936374e-01,-4.184862891067063e-03,-2.130502386734322e-02
1609045449147176504,0,1609045449147176504,3.552094192291778e+00,-3.723918679780080e+00,1.563454343552953e+00,5.368960595553542e-01,8.434490537668298e-01,-3.682673268233018e-03,-1.796532357609563e-02
1609045449250464678,0,1609045449250464678,3.545330260335298e+00,-3.738401959200623e+00,1.561503175912483e+00,5.371799138308619e-01,8.432506151973539e-01,-1.841911329469390e-03,-1.904593154524805e-02
1609045449353562355,0,1609045449353562355,3.544207256902409e+00,-3.754188393628910e+00,1.559568697111689e+00,5.384015044903457e-01,8.424768033328853e-01,1.293328551099928e-03,-1.884099545181127e-02
1609045449456283331,0,1609045449456283331,3.546209176077065e+00,-3.773364477692933e+00,1.553937084143072e+00,5.416337274097065e-01,8.402964974382374e-01,4.451284302248160e-03,-2.269113908958736e-02
1609045449526617765,0,1609045449526617765,3.538599608827815e+00,-3.789457293443117e+00,1.549873453752328e+00,5.492370769088794e-01,8.351906626926063e-01,7.420954729764602e-03,-2.720514161706645e-02
1609045449628433466,0,1609045449628433466,3.535829893789066e+00,-3.811846619701085e+00,1.558520372666670e+00,5.568504413320536e-01,8.300629714304495e-01,7.631144472006052e-03,-2.923722083636570e-02
1609045449731760740,0,1609045449731760740,3.533636892607728e+00,-3.837499383378022e+00,1.589489224185062e+00,5.618436798129209e-01,8.266348071750673e-01,5.157028532272801e-03,-3.130463348247827e-02
1609045449835215569,0,1609045449835215569,3.535314693331105e+00,-3.865182836025901e+00,1.630263216059931e+00,5.646730530413404e-01,8.246838913164311e-01,2.364069954568563e-03,-3.217504848874894e-02
1609045449938530445,0,1609045449938530445,3.539882243923563e+00,-3.895796068814890e+00,1.676547974774605e+00,5.655324634950226e-01,8.240872976114264e-01,1.322045298127113e-03,-3.242546599230545e-02
1609045450041850090,0,1609045450041850090,3.546571233780095e+00,-3.928009823241766e+00,1.726875354195022e+00,5.657195670869875e-01,8.240502458147635e-01,-9.959661738103314e-04,-3.002618588434856e-02
1609045450144762039,0,1609045450144762039,3.556119113340746e+00,-3.961615853771742e+00,1.778057110902680e+00,5.654705127085836e-01,8.243353673256145e-01,-3.423755974867376e-03,-2.650621300943912e-02
1609045450247760057,0,1609045450247760057,3.567771130189129e+00,-3.997474205966537e+00,1.836122806890258e+00,5.650300286383505e-01,8.247896929657811e-01,-8.405681880246969e-03,-1.980842311563769e-02
1609045450350609779,0,1609045450350609779,3.580078726392276e+00,-4.030787784737582e+00,1.893740699874366e+00,5.647852772769175e-01,8.250158707027410e-01,-1.250728052874534e-02,-1.449039659395742e-02
1609045450453758955,0,1609045450453758955,3.594933047143332e+00,-4.061825157721638e+00,1.955628756923640e+00,5.647239660724912e-01,8.250846396366021e-01,-1.532716159093835e-02,-9.341182821309447e-03
1609045450556560040,0,1609045450556560040,3.609181960210381e+00,-4.089437101256768e+00,2.021392707461495e+00,5.644823654139323e-01,8.252444383121794e-01,-1.532413452797488e-02,-9.820747034571073e-03
1609045450627671480,0,1609045450627671480,3.617991900706429e+00,-4.110432545780584e+00,2.069249290142050e+00,5.645841444095786e-01,8.251738792850901e-01,-1.408050669071562e-02,-1.159966198101346e-02
1609045450728862286,0,1609045450728862286,3.632711446363324e+00,-4.136776273663676e+00,2.131078017698503e+00,5.648870275150417e-01,8.249333296332624e-01,-1.397932972298259e-02,-1.386456439044422e-02
1609045450832073689,0,1609045450832073689,3.649009568490307e+00,-4.163204393557127e+00,2.194151756892956e+00,5.646887368900086e-01,8.250625003042301e-01,-1.419402885154204e-02,-1.403675767766512e-02
1609045450935313225,0,1609045450935313225,3.667434434322849e+00,-4.188128832238241e+00,2.253030445581838e+00,5.649116558831400e-01,8.249428008886813e-01,-1.515232392606468e-02,-1.070529723020253e-02
1609045451038279057,0,1609045451038279057,3.686155431086093e+00,-4.210553672144665e+00,2.302799671465674e+00,5.648278575013482e-01,8.249680015456621e-01,-1.761573332462470e-02,-9.325972092416887e-03
1609045451141444445,0,1609045451141444445,3.704524574961683e+00,-4.224388020721683e+00,2.358745474250294e+00,5.642597563087761e-01,8.253097851600132e-01,-2.091626890189392e-02,-6.098821571145709e-03
1609045451244401932,0,1609045451244401932,3.721703775834451e+00,-4.235317908264569e+00,2.412442421557393e+00,5.643578869982236e-01,8.252184948969383e-01,-2.224753400839893e-02,-4.433767395233643e-03
1609045451347697496,0,1609045451347697496,3.738054664992413e+00,-4.242257393281601e+00,2.463055179575423e+00,5.642721033162091e-01,8.252569200067912e-01,-2.274454859422032e-02,-5.540298646128990e-03
1609045451451028585,0,1609045451451028585,3.755780553139877e+00,-4.246400349963179e+00,2.507215806566060e+00,5.642795120829326e-01,8.252457438325139e-01,-2.280444376639908e-02,-6.168620113868991e-03
1609045451553923607,0,1609045451553923607,3.772632396871665e+00,-4.245558605771052e+00,2.553567959032372e+00,5.642806350958166e-01,8.252342033915279e-01,-2.320656395291790e-02,-6.109811613042342e-03
1609045451656958103,0,1609045451656958103,3.790718795311494e+00,-4.239150446630624e+00,2.599476011269795e+00,5.640748984808567e-01,8.253543956046897e-01,-2.374291217168634e-02,-6.775299349230001e-03
1609045451727191448,0,1609045451727191448,3.803888912808557e+00,-4.231272783242748e+00,2.631820542683084e+00,5.637824632231071e-01,8.255230809646933e-01,-2.466528576095432e-02,-7.252629510269197e-03
1609045451828865767,0,1609045451828865767,3.825756812612922e+00,-4.216391071490535e+00,2.677044247351727e+00,5.637081558053730e-01,8.255638441704516e-01,-2.487120301540361e-02,-7.673169971664537e-03
1609045451931940079,0,1609045451931940079,3.849351452408630e+00,-4.198221453481401e+00,2.708947008413654e+00,5.637193217389771e-01,8.255383206760800e-01,-2.506384302198816e-02,-8.877565334547928e-03
1609045452034963846,0,1609045452034963846,3.871596332169753e+00,-4.174778340448278e+00,2.742962700532311e+00,5.636455959728885e-01,8.256866137566206e-01,-2.202062378231722e-02,-7.768534711576646e-03
1609045452138193130,0,1609045452138193130,3.897074516062567e+00,-4.148438130915375e+00,2.770302390125548e+00,5.639328502579111e-01,8.256446332946877e-01,-1.561500693021553e-02,-6.844813370210090e-03
1609045452241391420,0,1609045452241391420,3.920304150001782e+00,-4.123224378134261e+00,2.775019893188643e+00,5.635656326794714e-01,8.260397608088779e-01,-4.960936353648185e-03,-5.242168990735652e-03
1609045452344684839,0,1609045452344684839,3.937036579394392e+00,-4.097072946919331e+00,2.781025977123424e+00,5.637186216393246e-01,8.259515695464020e-01,5.025373325205725e-03,-2.569117945809805e-04
1609045452447828054,0,1609045452447828054,3.949653030516938e+00,-4.069232762605723e+00,2.781226789571278e+00,5.636381377973438e-01,8.259855647273939e-01,7.553239177665892e-03,1.686730586221297e-03
1609045452550769329,0,1609045452550769329,3.960677030464260e+00,-4.042729233880256e+00,2.779072394183145e+00,5.636641310690185e-01,8.259676225475262e-01,7.425511766692803e-03,2.257348939413379e-03
1609045452653842211,0,1609045452653842211,3.970051586034185e+00,-4.016232603945164e+00,2.781907723477638e+00,5.636605020935975e-01,8.259906172173230e-01,4.915103549740341e-03,1.476619609863743e-03
1609045452756802559,0,1609045452756802559,3.975730337624779e+00,-3.988621398585675e+00,2.787326833421828e+00,5.635840555648571e-01,8.260577171408843e-01,7.034101465415680e-04,-1.079573555440212e-03
1609045452827112198,0,1609045452827112198,3.979421698008530e+00,-3.967393926371650e+00,2.789168835829263e+00,5.638426528263297e-01,8.258780083279892e-01,-1.692385184552922e-03,-2.028311165831053e-03
1609045452928737164,0,1609045452928737164,3.981774405765706e+00,-3.935998805613619e+00,2.792739308587837e+00,5.638914033595902e-01,8.258245329341770e-01,-2.667671695235274e-03,-5.762772662892801e-03
1609045453031889677,0,1609045453031889677,3.982605993952227e+00,-3.902698911756591e+00,2.802889546667024e+00,5.639468231490753e-01,8.257434980727126e-01,-2.364217524889255e-03,-1.029886042426935e-02
1609045453135310173,0,1609045453135310173,3.983036000739756e+00,-3.869695690454424e+00,2.805816476274239e+00,5.639216314806527e-01,8.256451162362373e-01,-3.366106218496023e-04,-1.739029259602835e-02
1609045453238143444,0,1609045453238143444,3.981345773963894e+00,-3.839923054214339e+00,2.810043692488804e+00,5.640586411264837e-01,8.253709316698462e-01,5.463581862956753e-03,-2.389191909534186e-02
1609045453341331482,0,1609045453341331482,3.976780760274019e+00,-3.815387087276140e+00,2.803093744883904e+00,5.638566187438228e-01,8.252583527522337e-01,1.507549778405903e-02,-2.805519698470605e-02
1609045453444474459,0,1609045453444474459,3.975274325093340e+00,-3.798304158534069e+00,2.798786963155659e+00,5.637730355802422e-01,8.250175911376051e-01,2.306456191387007e-02,-3.120840671514513e-02
1609045453547657967,0,1609045453547657967,3.974353833504950e+00,-3.787732356205688e+00,2.791610331440728e+00,5.633766163681341e-01,8.248568713144119e-01,2.836129262178472e-02,-3.759743416310039e-02
1609045453650960922,0,1609045453650960922,3.971985366855454e+00,-3.784579150232637e+00,2.781457745754973e+00,5.631336065939047e-01,8.247643149741222e-01,3.130334615238309e-02,-4.079787236249277e-02
1609045453753766298,0,1609045453753766298,3.972930839845096e+00,-3.788090862504216e+00,2.783884576461683e+00,5.634753860346473e-01,8.243354580747708e-01,3.181587991209921e-02,-4.420737131990735e-02
1609045453856675148,0,1609045453856675148,3.974915342988076e+00,-3.799280841388574e+00,2.784606751973242e+00,5.632039034112383e-01,8.242475712554770e-01,3.223741407103240e-02,-4.876529089056326e-02
1609045453926980734,0,1609045453926980734,3.978108234745140e+00,-3.817497334815796e+00,2.783994532011293e+00,5.630651249704003e-01,8.238239704265919e-01,3.447030144961279e-02,-5.552953367750125e-02
1609045454028630972,0,1609045454028630972,3.985260662952562e+00,-3.849243234691533e+00,2.776996186415581e+00,5.625082516247844e-01,8.238631317817174e-01,3.584762726790049e-02,-5.957310268857913e-02
1609045454131988049,0,1609045454131988049,3.994185363421258e+00,-3.894278784446858e+00,2.775430946901770e+00,5.626904293490967e-01,8.236511340345901e-01,3.716789094324375e-02,-5.997364425419897e-02
1609045454235203743,0,1609045454235203743,4.006049928428893e+00,-3.949653621099328e+00,2.773072432041094e+00,5.628144489955906e-01,8.236826411490117e-01,3.632512633088516e-02,-5.888368083314242e-02
1609045454338174820,0,1609045454338174820,4.022520487605125e+00,-4.015607956461117e+00,2.771051216168138e+00,5.628663334588511e-01,8.238138623604756e-01,3.625668120637805e-02,-5.654789040309779e-02
1609045454441386461,0,1609045454441386461,4.042128483822265e+00,-4.092909342081952e+00,2.764426479735205e+00,5.629445415850189e-01,8.241106152769355e-01,3.548746531628318e-02,-5.172791019138297e-02
1609045454544654608,0,1609045454544654608,4.063081318709245e+00,-4.180031129996572e+00,2.755694087816059e+00,5.633268044110311e-01,8.243138351944052e-01,3.500059716218303e-02,-4.409728718725898e-02
1609045454647613049,0,1609045454647613049,4.084830798387524e+00,-4.272655859743146e+00,2.748973425833187e+00,5.636551828900557e-01,8.247772935167258e-01,3.289590831326893e-02,-3.087248154079355e-02
1609045454750594139,0,1609045454750594139,4.104622728508905e+00,-4.373338214245990e+00,2.737934550457807e+00,5.640033467076087e-01,8.249851094992919e-01,3.153836213245864e-02,-1.746784820458782e-02
1609045454853486300,0,1609045454853486300,4.120390767586114e+00,-4.475754733213849e+00,2.733477607246191e+00,5.637305220959639e-01,8.254414284640368e-01,2.891018461617368e-02,-4.306722414925610e-03
1609045454956506968,0,1609045454956506968,4.128626039348417e+00,-4.579700046477762e+00,2.724048236316650e+00,5.639462677295810e-01,8.253990308686276e-01,2.580879468263478e-02,3.866920205277657e-03
1609045455026777983,0,1609045455026777983,4.127878523472432e+00,-4.665678490829236e+00,2.714622305793289e+00,5.637276962122962e-01,8.255725525864337e-01,2.389688515630363e-02,8.365633195455196e-03
1609045455128774881,0,1609045455128774881,4.122896820003490e+00,-4.783265962569944e+00,2.706231893323417e+00,5.635445454120178e-01,8.257636029540836e-01,1.994822756216022e-02,1.157953322111437e-02
1609045455231837273,0,1609045455231837273,4.114215384512773e+00,-4.897027918261117e+00,2.700004914836731e+00,5.634934619509627e-01,8.258882177965179e-01,1.544764720884765e-02,1.204741627729290e-02
1609045455334935665,0,1609045455334935665,4.096994516498194e+00,-5.008815943430537e+00,2.694186630728807e+00,5.632580392733995e-01,8.260586996265339e-01,1.521195130596019e-02,1.166201108331095e-02
1609045455438249111,0,1609045455438249111,4.073668799513854e+00,-5.117743776626809e+00,2.688660735658344e+00,5.631107294390640e-01,8.261712057577705e-01,1.577190950727851e-02,9.934386628656847e-03
1609045455542009592,0,1609045455542009592,4.047021502575163e+00,-5.225921888542342e+00,2.685450421638278e+00,5.631313639482795e-01,8.261616950478761e-01,1.662664795919276e-02,7.967129398327801e-03
1609045455644670248,0,1609045455644670248,4.012583277206165e+00,-5.331470397663716e+00,2.673021296786652e+00,5.632376434782354e-01,8.260920812564863e-01,1.713289328892084e-02,6.457106302421463e-03
1609045455747813940,0,1609045455747813940,3.972044801902106e+00,-5.436471729357852e+00,2.658548471147132e+00,5.632726353583424e-01,8.261473724619796e-01,1.345878606819081e-02,4.828903399989127e-03
1609045455850916624,0,1609045455850916624,3.926253123053263e+00,-5.542609334549689e+00,2.648768438713679e+00,5.633157952809192e-01,8.262268179220916e-01,4.612250818384367e-03,1.813084551242304e-03
1609045455954324484,0,1609045455954324484,3.882256795374333e+00,-5.642520107011413e+00,2.649579825014055e+00,5.634423358910209e-01,8.261021728010103e-01,-9.367829184871451e-03,-4.218949194171031e-04
1609045456057140350,0,1609045456057140350,3.838295282887864e+00,-5.734814434986354e+00,2.658876001536432e+00,5.630492437086997e-01,8.261369963028958e-01,-2.170292433499426e-02,-1.481746888334087e-03
1609045456127541542,0,1609045456127541542,3.798836040448009e+00,-5.803587827018132e+00,2.661140718506453e+00,5.629318764868895e-01,8.260008479181227e-01,-2.875613920911661e-02,-1.840144319914072e-03
1609045456229165077,0,1609045456229165077,3.748904280710241e+00,-5.894218458378291e+00,2.658564941415271e+00,5.627375816063516e-01,8.260430907026652e-01,-3.125737349025971e-02,-1.484302042234351e-03
1609045456332260609,0,1609045456332260609,3.701654566405411e+00,-5.977258106630953e+00,2.654355310500595e+00,5.627811501580441e-01,8.259789248320989e-01,-3.218929168228569e-02,-2.055743928815774e-04
1609045456435089350,0,1609045456435089350,3.656242055057044e+00,-6.047440004926729e+00,2.646974530703612e+00,5.626105897358449e-01,8.259857212200422e-01,-3.447252882189942e-02,5.343913748768367e-03
1609045456538259268,0,1609045456538259268,3.613972100268774e+00,-6.110387229934166e+00,2.634096759107526e+00,5.625660439874388e-01,8.258861594204248e-01,-3.674629345406539e-02,9.011534127454647e-03
1609045456641525269,0,1609045456641525269,3.572545453611138e+00,-6.160923952412062e+00,2.625921273540517e+00,5.623596231217491e-01,8.258133926764917e-01,-4.006311338845469e-02,1.337317105137164e-02
1609045456744698524,0,1609045456744698524,3.533683889829843e+00,-6.200237644676416e+00,2.619820376355829e+00,5.620331424560265e-01,8.257225404189052e-01,-4.471567913825333e-02,1.736493778270231e-02
1609045456847805977,0,1609045456847805977,3.493749561095948e+00,-6.227986807570566e+00,2.612512558728694e+00,5.618970840918016e-01,8.255316083445248e-01,-4.790993718581965e-02,2.176851928637543e-02
1609045456951508045,0,1609045456951508045,3.453086079565928e+00,-6.245560450292278e+00,2.608787300656419e+00,5.617731754769290e-01,8.253474403713810e-01,-5.135209114511182e-02,2.398884577965196e-02
1609045457053884983,0,1609045457053884983,3.412420640998597e+00,-6.248621542993722e+00,2.608621434359448e+00,5.614714671726472e-01,8.253522207841602e-01,-5.392613596741923e-02,2.520863060762837e-02
1609045457157090902,0,1609045457157090902,3.370525840779542e+00,-6.238878306808394e+00,2.613219175530222e+00,5.615195334895016e-01,8.252991061002585e-01,-5.422959334070407e-02,2.522598235521179e-02
1609045457227239370,0,1609045457227239370,3.336507889103449e+00,-6.224554460563943e+00,2.619215293547209e+00,5.619084128684412e-01,8.252700205636683e-01,-5.155816747366339e-02,2.302355474523564e-02
1609045457328868389,0,1609045457328868389,3.290427439257043e+00,-6.187792442133413e+00,2.633446739988731e+00,5.622396290591918e-01,8.256153313677028e-01,-4.472945238548692e-02,1.565887017358368e-02
1609045457432226658,0,1609045457432226658,3.243835383137331e+00,-6.144619579574063e+00,2.634838172271238e+00,5.632374145310642e-01,8.257098388815803e-01,-3.079430314620910e-02,4.311350147875488e-03
1609045457535282373,0,1609045457535282373,3.201931361993194e+00,-6.097630356514771e+00,2.636072872583956e+00,5.636862186056834e-01,8.256862897201414e-01,-2.082072981907660e-02,-8.154454724475315e-03
1609045457638453484,0,1609045457638453484,3.160510270819961e+00,-6.047124009789516e+00,2.643064224558608e+00,5.638786987527011e-01,8.256053668185085e-01,-1.466942339084035e-02,-1.419152531113865e-02
1609045457741835356,0,1609045457741835356,3.121220451900995e+00,-5.993764702477861e+00,2.636495553699899e+00,5.636182575341313e-01,8.258232114754939e-01,-9.435095375663401e-03,-1.616979089481252e-02
1609045457845088720,0,1609045457845088720,3.084492967238844e+00,-5.940363477505697e+00,2.639021588787389e+00,5.635793434343144e-01,8.258380158281065e-01,-5.437284650620461e-03,-1.844806772293326e-02
1609045457947818756,0,1609045457947818756,3.048146586062748e+00,-5.886080381379670e+00,2.637160278778026e+00,5.634681143475352e-01,8.258756857770598e-01,-3.882658124085966e-03,-2.044408769386456e-02
1609045458050298452,0,1609045458050298452,3.013002283765998e+00,-5.831961920653227e+00,2.638230706903880e+00,5.638549664077190e-01,8.256049310546899e-01,-4.317543786437473e-03,-2.062603915011385e-02
1609045458153548479,0,1609045458153548479,2.980115560894254e+00,-5.777667483096367e+00,2.653246302065957e+00,5.637606823224567e-01,8.256743319738852e-01,-5.223863157899372e-03,-2.021142845875608e-02
1609045458257075071,0,1609045458257075071,2.947294056801237e+00,-5.721216097791920e+00,2.672414983088837e+00,5.639319482203016e-01,8.255499838348208e-01,-2.898061070355059e-03,-2.096623973566704e-02
1609045458327332497,0,1609045458327332497,2.924428647212329e+00,-5.682955093503050e+00,2.677105940451238e+00,5.641323281549514e-01,8.252722720001177e-01,4.423230684138861e-03,-2.570658336672399e-02
1609045458429101467,0,1609045458429101467,2.893400923407528e+00,-5.631727343506809e+00,2.690577806937002e+00,5.639487540601303e-01,8.251626224383315e-01,1.280365018266365e-02,-3.007517026649732e-02
1609045458532405615,0,1609045458532405615,2.862702333408493e+00,-5.589308004245416e+00,2.699489259792216e+00,5.641444376871328e-01,8.247793503220479e-01,1.927641423906258e-02,-3.329409201238971e-02
1609045458635523319,0,1609045458635523319,2.833090453030547e+00,-5.551787895115845e+00,2.706727765500369e+00,5.639112089872793e-01,8.248195854041612e-01,2.219550421650755e-02,-3.441161874461558e-02
1609045458738585234,0,1609045458738585234,2.802161510068835e+00,-5.521129239716139e+00,2.712293028696038e+00,5.642226356143613e-01,8.247587901338866e-01,2.097472686430567e-02,-3.139771313452153e-02
1609045458841688395,0,1609045458841688395,2.774618223583764e+00,-5.495387300294840e+00,2.722312609546769e+00,5.640963235365771e-01,8.250733725200103e-01,1.641940821908550e-02,-2.792258520532157e-02
1609045458944693089,0,1609045458944693089,2.745075781679408e+00,-5.469555257330079e+00,2.740401602793303e+00,5.640677451824744e-01,8.252563033259140e-01,1.108522694603525e-02,-2.562675182307378e-02
1609045459047020912,0,1609045459047020912,2.716645524662334e+00,-5.451450696130568e+00,2.752065255654996e+00,5.644817428829837e-01,8.249650157519720e-01,8.693212265316577e-03,-2.678642935310216e-02
1609045459150716305,0,1609045459150716305,2.687876184731235e+00,-5.437200982160753e+00,2.760686244930605e+00,5.648868438520508e-01,8.246639160684477e-01,7.813687980224068e-03,-2.777094628400412e-02
1609045459253608465,0,1609045459253608465,2.661443981247758e+00,-5.429880507556137e+00,2.762809589858669e+00,5.646550670259242e-01,8.247952243402172e-01,7.101200643089437e-03,-2.875875756677398e-02
1609045459356399775,0,1609045459356399775,2.635537913728589e+00,-5.424239878466505e+00,2.764108505108063e+00,5.646491082533037e-01,8.249094784544159e-01,5.460139660121019e-03,-2.580549901749520e-02
1609045459426792145,0,1609045459426792145,2.615948788105838e+00,-5.421558907922324e+00,2.768665752312225e+00,5.652957456467248e-01,8.246906197129639e-01,1.784081313538541e-03,-1.796994059163567e-02
1609045459528626919,0,1609045459528626919,2.591881256786690e+00,-5.418784964887052e+00,2.773986853563261e+00,5.652614708066771e-01,8.248693947468306e-01,-1.465970769838765e-03,-8.234206762737497e-03
1609045459632235050,0,1609045459632235050,2.567109198506769e+00,-5.412538594943938e+00,2.782234533346371e+00,5.649981250187455e-01,8.250790167118750e-01,-4.638645495019962e-03,4.667706927789784e-04
1609045459735065222,0,1609045459735065222,2.538866341063965e+00,-5.405971016862853e+00,2.790171595578637e+00,5.648801871547068e-01,8.251395438625261e-01,-1.795306424997759e-03,7.203068032902308e-03
1609045459838627100,0,1609045459838627100,2.505803952266333e+00,-5.396519713865153e+00,2.801631076017549e+00,5.647551009574995e-01,8.251778152587149e-01,2.872424002467643e-03,1.118026509202510e-02
1609045459941392422,0,1609045459941392422,2.470082111243639e+00,-5.384209393725844e+00,2.804669215693527e+00,5.647293515689211e-01,8.251658942302991e-01,7.464356617395730e-03,1.123787594624346e-02
1609045460044564486,0,1609045460044564486,2.426855054961270e+00,-5.374481410812491e+00,2.805857838269811e+00,5.645771832033433e-01,8.251976011423908e-01,1.255939958772765e-02,1.199102818178560e-02
1609045460147839785,0,1609045460147839785,2.376462015118847e+00,-5.364131886794563e+00,2.804714746962443e+00,5.646300824774637e-01,8.251361465481664e-01,1.413308025397811e-02,1.197771528750443e-02
1609045460250885725,0,1609045460250885725,2.322619794568521e+00,-5.354116266617036e+00,2.804887583782056e+00,5.646695634048563e-01,8.251417628832016e-01,1.303619552097585e-02,1.092762171507950e-02
1609045460353992462,0,1609045460353992462,2.263115118748078e+00,-5.342362907501885e+00,2.804871066153758e+00,5.648182982364508e-01,8.251346824815439e-01,7.799255381550105e-03,8.498079706162228e-03
1609045460457003355,0,1609045460457003355,2.199619088934245e+00,-5.332056273097843e+00,2.809656472338521e+00,5.651962717929528e-01,8.249306202016018e-01,2.698484855788557e-03,5.946796151575949e-03
1609045460527306318,0,1609045460527306318,2.148968242634905e+00,-5.322156837766148e+00,2.816089039030039e+00,5.655334926806913e-01,8.247140465152509e-01,-2.808165199258242e-03,3.274804554560860e-03
1609045460628962517,0,1609045460628962517,2.074954225893567e+00,-5.304091087331429e+00,2.818110954496700e+00,5.657266672254470e-01,8.245626323453346e-01,-6.993671429742572e-03,9.443990105986307e-04
1609045460732245445,0,1609045460732245445,2.000423307836659e+00,-5.283619719532134e+00,2.821802130302683e+00,5.654124861425536e-01,8.247609757473343e-01,-8.782110727757961e-03,-9.632909247723759e-04
1609045460835019827,0,1609045460835019827,1.925061905417448e+00,-5.259205242331623e+00,2.825343568264286e+00,5.658116542510854e-01,8.244928486909815e-01,-7.973023237416988e-03,-2.268319063637870e-03
1609045460938092232,0,1609045460938092232,1.850294690303914e+00,-5.231634655943049e+00,2.831147891949302e+00,5.658987419244530e-01,8.244403661842854e-01,-3.662917081882557e-03,-6.578718152654614e-03
1609045461041897535,0,1609045461041897535,1.774493077923740e+00,-5.208162741771592e+00,2.819769528874743e+00,5.656655648453492e-01,8.245589464675398e-01,3.255272164364333e-03,-1.069652988158219e-02
1609045461144306898,0,1609045461144306898,1.699575133979597e+00,-5.185749361086230e+00,2.810115011943439e+00,5.653706675409453e-01,8.247119569760683e-01,5.576802901926818e-03,-1.323236842900755e-02
1609045461247939110,0,1609045461247939110,1.624503477312163e+00,-5.163116811103039e+00,2.804585537073295e+00,5.653324383083744e-01,8.247209971108841e-01,3.782580654549130e-03,-1.483924540423504e-02
1609045461351110935,0,1609045461351110935,1.550035985490263e+00,-5.141509864917035e+00,2.803556923175232e+00,5.653330375033004e-01,8.246554461062097e-01,2.004282563697937e-03,-1.838300209170056e-02
1609045461454283237,0,1609045461454283237,1.477722147726127e+00,-5.120413832889692e+00,2.805257592217469e+00,5.653365952278327e-01,8.245297043859092e-01,2.611005804893235e-03,-2.320524358872095e-02
1609045461557241917,0,1609045461557241917,1.407208641360137e+00,-5.103334408590127e+00,2.798968017251165e+00,5.650741595266571e-01,8.245222306157223e-01,4.500752341235478e-03,-2.887955477349644e-02
1609045461627418756,0,1609045461627418756,1.350596982923935e+00,-5.094078119946166e+00,2.797703091203915e+00,5.653050334628604e-01,8.241271550734075e-01,7.468284328991855e-03,-3.448008325372453e-02
1609045461729123116,0,1609045461729123116,1.278321378509196e+00,-5.081733983848858e+00,2.794524947781832e+00,5.654850056004780e-01,8.238456984648631e-01,8.719193175558393e-03,-3.780144484242317e-02
1609045461832679272,0,1609045461832679272,1.210791714705469e+00,-5.073672979946609e+00,2.788808650775808e+00,5.652683955879370e-01,8.238922309340670e-01,9.393249847784040e-03,-3.981205361522436e-02
1609045461935540199,0,1609045461935540199,1.147797403120545e+00,-5.071385720958866e+00,2.776537346162497e+00,5.651619460437372e-01,8.239729352976306e-01,8.692847302201294e-03,-3.981219720991360e-02
1609045462038667679,0,1609045462038667679,1.090472837585752e+00,-5.073841710622390e+00,2.768190820020658e+00,5.651319171994938e-01,8.241684854837316e-01,3.189270398289392e-03,-3.690599208856474e-02
1609045462141845465,0,1609045462141845465,1.037002450126991e+00,-5.078026224659346e+00,2.765001233062546e+00,5.649462547763966e-01,8.245631154432734e-01,-4.114146665768309e-03,-3.024023250002058e-02
1609045462245095730,0,1609045462245095730,9.867136142079900e-01,-5.081928514955069e+00,2.760536639660690e+00,5.647810252220118e-01,8.249338452190275e-01,-9.362734834056472e-03,-2.046664988672670e-02
1609045462348079205,0,1609045462348079205,9.398474933354415e-01,-5.086932149308345e+00,2.759563303908862e+00,5.651256567847770e-01,8.247976121717836e-01,-1.315896996956291e-02,-1.298970779015709e-02
1609045462451169252,0,1609045462451169252,8.923749175065697e-01,-5.088026869496241e+00,2.761854658791501e+00,5.647550133438664e-01,8.251004040872403e-01,-1.483890599293787e-02,-6.395697523251378e-03
1609045462554222584,0,1609045462554222584,8.451012536309767e-01,-5.087146281213329e+00,2.765777160955212e+00,5.648003537531054e-01,8.250684871487471e-01,-1.577583342576468e-02,-3.697971606025203e-03
1609045462657267094,0,1609045462657267094,7.961913196610449e-01,-5.080734293379815e+00,2.770388343956883e+00,5.650697235075226e-01,8.248989008858600e-01,-1.517488677550072e-02,-2.780953723655293e-03
1609045462727552414,0,1609045462727552414,7.577087161789084e-01,-5.075970098144944e+00,2.771082516090954e+00,5.650264128738438e-01,8.249289434637306e-01,-1.490896777124818e-02,-3.887630455124704e-03
1609045462829293251,0,1609045462829293251,7.062494052425466e-01,-5.065266762858194e+00,2.768606868751314e+00,5.650820510683346e-01,8.249103518677516e-01,-1.365898237584945e-02,-4.314990395327225e-03
1609045462932535648,0,1609045462932535648,6.557122022654134e-01,-5.053495445899920e+00,2.763949712631280e+00,5.646236443683555e-01,8.252091949093393e-01,-1.394846127176794e-02,-5.946871888323640e-03
1609045463035474062,0,1609045463035474062,6.057755017634664e-01,-5.037696795759961e+00,2.761710270372780e+00,5.648175935225214e-01,8.250443647530734e-01,-1.546073644605641e-02,-6.621772043839816e-03
1609045463138434649,0,1609045463138434649,5.569808829131763e-01,-5.018098803183622e+00,2.761266277679189e+00,5.649068832507962e-01,8.249085621498560e-01,-1.859573103149739e-02,-7.763770666567795e-03
1609045463241455317,0,1609045463241455317,5.093340085182304e-01,-4.994156762671691e+00,2.762315756009056e+00,5.648637925976040e-01,8.249160522953587e-01,-1.980766425879557e-02,-7.075232443717565e-03
1609045463344526052,0,1609045463344526052,4.653397715966330e-01,-4.967338732272285e+00,2.761935715936887e+00,5.651189095206371e-01,8.247286135216605e-01,-2.062006451711237e-02,-6.176170333235766e-03
1609045463447533369,0,1609045463447533369,4.233892760784573e-01,-4.936204655123348e+00,2.767643719665754e+00,5.648749350291765e-01,8.250031495444420e-01,-1.659028878998722e-02,-3.297474068048285e-03
1609045463550333977,0,1609045463550333977,3.802953556456906e-01,-4.899873634929208e+00,2.767892315929605e+00,5.647469357085333e-01,8.251899773029097e-01,-1.097262996859469e-02,-1.414693622992347e-03
1609045463653722048,0,1609045463653722048,3.356502159633046e-01,-4.861967431468207e+00,2.766697269184187e+00,5.647966014452618e-01,8.252238108061574e-01,-3.102826491768137e-03,-9.129852343670022e-04
1609045463757014513,0,1609045463757014513,2.894712835603694e-01,-4.826215169724587e+00,2.764890787856029e+00,5.644976782313580e-01,8.254279704110263e-01,2.986224870390565e-03,-1.455814340402951e-03
1609045463827132463,0,1609045463827132463,2.502732898222919e-01,-4.797629430246709e+00,2.766983283340900e+00,5.645160472775603e-01,8.253944904530066e-01,6.385960088080832e-03,-2.187923564666547e-03
1609045463928997993,0,1609045463928997993,1.958228405357131e-01,-4.754835805168663e+00,2.773686249953087e+00,5.643214513570775e-01,8.255073445546389e-01,6.325310533657880e-03,-6.238114384322762e-03
1609045464032112122,0,1609045464032112122,1.381213490529069e-01,-4.707988359291120e+00,2.786762404523121e+00,5.644016048840287e-01,8.253669837781384e-01,8.740286389571540e-03,-1.199074171885803e-02
1609045464135276079,0,1609045464135276079,8.007881980514749e-02,-4.668435531892059e+00,2.802424185797849e+00,5.645596767217538e-01,8.248555472914363e-01,1.350693776910592e-02,-2.651905266608109e-02
1609045464238305569,0,1609045464238305569,2.237594414905012e-02,-4.637688417128433e+00,2.802394077158544e+00,5.643554061879406e-01,8.243098436375945e-01,2.187596310090124e-02,-3.921351076922323e-02
1609045464341633081,0,1609045464341633081,-3.176063210898208e-02,-4.614954404434980e+00,2.788097574356901e+00,5.643058856415079e-01,8.239375727164840e-01,2.482213904994971e-02,-4.549291273634527e-02
1609045464444669485,0,1609045464444669485,-8.406379086941954e-02,-4.601045778603978e+00,2.777305690360403e+00,5.643835905210272e-01,8.241389352536492e-01,2.278518995627023e-02,-4.179728780748110e-02
1609045464547589064,0,1609045464547589064,-1.311514278728377e-01,-4.589839575668201e+00,2.773100949807862e+00,5.643615855830617e-01,8.246454132789607e-01,1.374100015145721e-02,-3.559674129486864e-02
1609045464650753975,0,1609045464650753975,-1.743433777840677e-01,-4.581410057891903e+00,2.770684115858716e+00,5.641513319473138e-01,8.251637325979854e-01,5.239828484648134e-03,-2.847162208787641e-02
1609045464753878593,0,1609045464753878593,-2.146076057572220e-01,-4.575294838677592e+00,2.773721093283057e+00,5.643279800601834e-01,8.252000097279136e-01,5.361678839508373e-04,-2.405384356141909e-02
1609045464856905699,0,1609045464856905699,-2.513874759907410e-01,-4.569359391165094e+00,2.779195129202181e+00,5.643054543502708e-01,8.252943361092949e-01,-2.315417103341108e-03,-2.105354649273723e-02
1609045464927008152,0,1609045464927008152,-2.834350589821135e-01,-4.567076814416673e+00,2.771387441152144e+00,5.644547725428503e-01,8.252973077540586e-01,6.311403445077489e-04,-1.657604383439359e-02
1609045465028972387,0,1609045465028972387,-3.296800720977686e-01,-4.565197280519278e+00,2.762845525661204e+00,5.641679333316677e-01,8.255472964688100e-01,2.922307903905731e-03,-1.332908135089706e-02
1609045465133360863,0,1609045465133360863,-3.756003643106502e-01,-4.562248507476762e+00,2.765101827545672e+00,5.640379165980227e-01,8.256234355795232e-01,2.191243091273723e-05,-1.439342840687989e-02
1609045465235952854,0,1609045465235952854,-4.190121616818877e-01,-4.558790520459243e+00,2.763302420349508e+00,5.640664933004638e-01,8.255324359891805e-01,-8.407451484271680e-04,-1.801336761724448e-02
1609045465337846279,0,1609045465337846279,-4.586240891505085e-01,-4.556004926778139e+00,2.766986284581867e+00,5.639427772745979e-01,8.255200335023313e-01,5.129300864204210e-04,-2.202169722525277e-02
1609045465440921068,0,1609045465440921068,-4.965163450689151e-01,-4.555054190705146e+00,2.767179215610679e+00,5.639308711049607e-01,8.254213903224961e-01,2.910327899683463e-03,-2.555447131568034e-02
1609045465544118643,0,1609045465544118643,-5.339517887584730e-01,-4.556216739620508e+00,2.763491055178380e+00,5.637411698409369e-01,8.254452809353082e-01,7.942316613309354e-03,-2.780110096099491e-02
1609045465647341490,0,1609045465647341490,-5.700716441537946e-01,-4.562804215322720e+00,2.759208001091407e+00,5.639563871549813e-01,8.252282894002381e-01,1.234500495409296e-02,-2.826773095189784e-02
1609045465750380039,0,1609045465750380039,-6.040822210120619e-01,-4.571251174864616e+00,2.758808048502716e+00,5.638348790612701e-01,8.253109369257952e-01,1.634646690402096e-02,-2.617020374799994e-02
1609045465853754997,0,1609045465853754997,-6.358708369187338e-01,-4.584299164557538e+00,2.752595876289726e+00,5.636400498801052e-01,8.255001560225816e-01,1.954903620425296e-02,-2.184540595084798e-02
1609045465956775188,0,1609045465956775188,-6.732841434420218e-01,-4.602379944871499e+00,2.737461770992190e+00,5.635920381679843e-01,8.256173451026134e-01,2.194413080314934e-02,-1.544244483527385e-02
1609045466026927233,0,1609045466026927233,-7.077876157471159e-01,-4.617117857844285e+00,2.728063389984939e+00,5.635902981182470e-01,8.257871049727231e-01,2.039332457281673e-02,-5.073996496787944e-03
1609045466128691673,0,1609045466128691673,-7.534149520746585e-01,-4.641051392969296e+00,2.716970754263190e+00,5.633240456405944e-01,8.261658650880339e-01,1.072016213573858e-02,-1.030092260497807e-03
1609045466232304335,0,1609045466232304335,-8.013108240415765e-01,-4.664571405721911e+00,2.717116464602283e+00,5.635451907808313e-01,8.260836913394524e-01,-1.567618786737161e-03,3.089044347540899e-04
1609045466335286140,0,1609045466335286140,-8.501090199838985e-01,-4.683948707607744e+00,2.721258632644100e+00,5.631147004051070e-01,8.262994880836841e-01,-1.141654165624844e-02,-8.079336283389196e-04
1609045466438369513,0,1609045466438369513,-8.981581582367988e-01,-4.700453022594710e+00,2.723342725532724e+00,5.630834612042523e-01,8.261808018131401e-01,-1.844237218961673e-02,-4.709282480760722e-03
1609045466541471243,0,1609045466541471243,-9.450149113425644e-01,-4.711850383293860e+00,2.728392294757548e+00,5.628841804005347e-01,8.261554521687583e-01,-2.362782317634591e-02,-8.384168320567870e-03
1609045466644641876,0,1609045466644641876,-9.900157933001082e-01,-4.719457712058492e+00,2.730651403404867e+00,5.628275957881956e-01,8.260925378972743e-01,-2.586879468885803e-02,-1.127039089350796e-02
1609045466747135639,0,1609045466747135639,-1.031271371626620e+00,-4.723715989711585e+00,2.731215335086781e+00,5.626281662555821e-01,8.262138434619990e-01,-2.544218955262531e-02,-1.315014822074630e-02
1609045466850823402,0,1609045466850823402,-1.071389887888793e+00,-4.723064403249282e+00,2.729267127239730e+00,5.625469767232876e-01,8.262386724306228e-01,-2.543454926078400e-02,-1.495455995005749e-02
1609045466953690767,0,1609045466953690767,-1.109949295178863e+00,-4.716514347972548e+00,2.740825915150054e+00,5.624222245001872e-01,8.263214771083883e-01,-2.457186067262643e-02,-1.644024089194228e-02
1609045467056994200,0,1609045467056994200,-1.144842357387643e+00,-4.705123034275031e+00,2.748183274871747e+00,5.627596918919463e-01,8.259153333500080e-01,-2.499134437696219e-02,-2.325562351533907e-02
1609045467127520323,0,1609045467127520323,-1.171686696588000e+00,-4.696890948961828e+00,2.744940860002163e+00,5.625786331189232e-01,8.258879998943055e-01,-1.947609720447046e-02,-3.217102463612546e-02
1609045467229004622,0,1609045467229004622,-1.199612313215049e+00,-4.686800958169543e+00,2.748496660542288e+00,5.628493677006425e-01,8.254428906940441e-01,-1.517120900364002e-02,-4.018031730640270e-02
1609045467332332611,0,1609045467332332611,-1.222342930879765e+00,-4.674833262239671e+00,2.757022903245447e+00,5.625471599646289e-01,8.253930955684222e-01,-1.215935781750100e-02,-4.603347283228137e-02
1609045467435000420,0,1609045467435000420,-1.234937901225515e+00,-4.662345584484069e+00,2.775689896321749e+00,5.627611317681831e-01,8.247397614818622e-01,-6.341283062469605e-03,-5.535361352958178e-02
1609045467538218260,0,1609045467538218260,-1.239632118251639e+00,-4.653401146163797e+00,2.782910179442157e+00,5.624596188458215e-01,8.241267879191922e-01,4.877891956015735e-03,-6.656140602254550e-02
1609045467641374350,0,1609045467641374350,-1.239624526843348e+00,-4.657249483991238e+00,2.783422237022222e+00,5.624190295722395e-01,8.230963362829932e-01,1.783499915420134e-02,-7.667574047590042e-02
1609045467744487047,0,1609045467744487047,-1.230923170550666e+00,-4.675307284072791e+00,2.778447928284744e+00,5.622109393959090e-01,8.225256740862243e-01,2.323397323806105e-02,-8.264718736876372e-02
1609045467847381353,0,1609045467847381353,-1.215589236122466e+00,-4.703413313592145e+00,2.765393354381044e+00,5.625132459483874e-01,8.229673685945874e-01,1.926615528014174e-02,-7.702190351877035e-02
1609045467951137304,0,1609045467951137304,-1.188589801914428e+00,-4.738984088752288e+00,2.762114712986050e+00,5.627428507504685e-01,8.241211016826788e-01,5.849025551791098e-03,-6.411460512614804e-02
1609045468053498983,0,1609045468053498983,-1.152689935960446e+00,-4.777363942426749e+00,2.762793576119490e+00,5.628235799872409e-01,8.252916178157965e-01,-1.127360761415533e-02,-4.467962784665689e-02
1609045468156686544,0,1609045468156686544,-1.114277334217196e+00,-4.814769282977834e+00,2.766271554184909e+00,5.624567817807897e-01,8.257963664433398e-01,-2.751385282911661e-02,-3.075252347522659e-02
1609045468226996183,0,1609045468226996183,-1.083459239322224e+00,-4.839689721720340e+00,2.763544904630014e+00,5.617000468127609e-01,8.261736234881121e-01,-3.824053416679531e-02,-2.163013660444168e-02
1609045468329024076,0,1609045468329024076,-1.032089045040379e+00,-4.871960012912104e+00,2.766457274631125e+00,5.610920322423356e-01,8.261217905063929e-01,-4.682393529514234e-02,-2.249528146024960e-02
1609045468431802988,0,1609045468431802988,-9.764202884609583e-01,-4.897326012107991e+00,2.771501679250119e+00,5.607600519065673e-01,8.260350704238610e-01,-5.059449632063409e-02,-2.558170356866484e-02
1609045468535141945,0,1609045468535141945,-9.166477682325648e-01,-4.916018724029493e+00,2.775326693224601e+00,5.607968998097607e-01,8.259278339463086e-01,-5.039069371619610e-02,-2.847504632381535e-02
1609045468638198614,0,1609045468638198614,-8.471163016382324e-01,-4.929442690858796e+00,2.779305627171650e+00,5.602508094689418e-01,8.262235774809514e-01,-4.983668221862714e-02,-3.146324219205354e-02
1609045468742258787,0,1609045468742258787,-7.700528118187525e-01,-4.934542485774732e+00,2.785906396374282e+00,5.603548938290730e-01,8.263323512051841e-01,-4.692592346930554e-02,-3.122812866465704e-02
1609045468844405890,0,1609045468844405890,-6.896478677843587e-01,-4.934713125463501e+00,2.784782595174946e+00,5.604157887779732e-01,8.265379027547627e-01,-4.205665899212142e-02,-3.163030876176756e-02
1609045468947332382,0,1609045468947332382,-6.035519730091039e-01,-4.930750967717868e+00,2.787344183645628e+00,5.604546861235012e-01,8.269287876702842e-01,-3.562019563974605e-02,-2.846974862500275e-02
1609045469050745249,0,1609045469050745249,-5.137224169499143e-01,-4.921282429845759e+00,2.793185451016359e+00,5.604878121060605e-01,8.271479217492199e-01,-3.112151538523766e-02,-2.666794529873867e-02
1609045469153553963,0,1609045469153553963,-4.202859652345357e-01,-4.909450990496506e+00,2.790830591769365e+00,5.605637836469582e-01,8.272398271792335e-01,-2.830767516006109e-02,-2.532169660060442e-02
1609045469256592512,0,1609045469256592512,-3.270728684099973e-01,-4.891688676393390e+00,2.786173773397420e+00,5.605815982543352e-01,8.273909017297985e-01,-2.548816093545116e-02,-2.286746783792103e-02
1609045469326715946,0,1609045469326715946,-2.507463604996399e-01,-4.873774928652765e+00,2.780386603664788e+00,5.604323052121623e-01,8.275682767472179e-01,-2.540769503613525e-02,-2.002068003329775e-02
1609045469428431034,0,1609045469428431034,-1.415623064083764e-01,-4.848495465727635e+00,2.770725381103434e+00,5.602139865228599e-01,8.276343793384870e-01,-2.780395587822143e-02,-2.021295323564595e-02
1609045469531556845,0,1609045469531556845,-2.955474067352610e-02,-4.821214386191938e+00,2.763646814311624e+00,5.599747497452470e-01,8.277067903653721e-01,-2.998468685031840e-02,-2.075252719821652e-02
1609045469634904146,0,1609045469634904146,8.293496914390824e-02,-4.791856313906642e+00,2.760077306831453e+00,5.599344692832301e-01,8.276875444746100e-01,-3.122972070062992e-02,-2.077073361440542e-02
1609045469737921238,0,1609045469737921238,1.961932458205838e-01,-4.759783675688465e+00,2.749634892653686e+00,5.596258889920342e-01,8.278926332284728e-01,-3.140770334384415e-02,-2.064481500010630e-02
1609045469841552496,0,1609045469841552496,3.109496445352776e-01,-4.723368870137049e+00,2.746135656988653e+00,5.595966400467964e-01,8.279776499252912e-01,-3.020259514601378e-02,-1.980946538389510e-02
1609045469944185019,0,1609045469944185019,4.261029423600007e-01,-4.682943020025824e+00,2.745919905418380e+00,5.595826279011461e-01,8.280641268932580e-01,-2.858868350441005e-02,-1.896764294949477e-02
1609045470047272205,0,1609045470047272205,5.414934277175780e-01,-4.639814142291989e+00,2.746111333540678e+00,5.596074148395893e-01,8.280158738904225e-01,-2.772395541723485e-02,-2.146243550663236e-02
1609045470150456905,0,1609045470150456905,6.598571194831566e-01,-4.592738326102383e+00,2.749406295520457e+00,5.596607958196861e-01,8.280123054735030e-01,-2.542931656634037e-02,-2.299490086348562e-02
1609045470253743410,0,1609045470253743410,7.825374778341991e-01,-4.543245998005240e+00,2.754192344270117e+00,5.597318429107399e-01,8.279853150959816e-01,-2.365790463562538e-02,-2.410156769236635e-02
1609045470356825352,0,1609045470356825352,9.069444442760710e-01,-4.491441416647527e+00,2.755088835995754e+00,5.599722366476894e-01,8.279519346401381e-01,-1.951564504823594e-02,-2.336295588344639e-02
1609045470427304983,0,1609045470427304983,1.007304002490667e+00,-4.445162618513959e+00,2.756337180693412e+00,5.598746113246473e-01,8.281952113343698e-01,-1.556440812694034e-02,-1.977019768173311e-02
1609045470529016256,0,1609045470529016256,1.143030507472623e+00,-4.381182364098483e+00,2.755425235300764e+00,5.596378902898657e-01,8.284927599825426e-01,-1.175368896053861e-02,-1.634102824367920e-02
1609045470632163763,0,1609045470632163763,1.278709634874029e+00,-4.319264174574253e+00,2.752961046214104e+00,5.597980920943542e-01,8.284641674839301e-01,-9.399320716144483e-03,-1.359676625449618e-02
1609045470735264778,0,1609045470735264778,1.409898651179684e+00,-4.259895198802369e+00,2.750270434910306e+00,5.596664136124603e-01,8.285590741502732e-01,-1.052544728289121e-02,-1.235237129981907e-02
1609045470838250875,0,1609045470838250875,1.537340632784392e+00,-4.199877972205854e+00,2.749577576503981e+00,5.598851531959845e-01,8.284054216615493e-01,-1.238824544882840e-02,-1.093635985981854e-02
1609045470941609383,0,1609045470941609383,1.663138330060214e+00,-4.138881039195812e+00,2.755948453557519e+00,5.596908911182783e-01,8.285615533249570e-01,-1.245108010384498e-02,-8.765235594848679e-03
1609045471043978453,0,1609045471043978453,1.785307594612538e+00,-4.074860424741782e+00,2.757753619236825e+00,5.596314625859223e-01,8.286213685188887e-01,-1.112969297143614e-02,-8.682375942624818e-03
1609045471146978378,0,1609045471146978378,1.904515772064850e+00,-4.012621187218067e+00,2.757078827704227e+00,5.598033096434969e-01,8.285891574181981e-01,-4.503877850903347e-03,-6.322800432827285e-03
1609045471251087189,0,1609045471251087189,2.022788757929830e+00,-3.950644734231214e+00,2.762118711224926e+00,5.599488356570119e-01,8.285117802942392e-01,2.800696595539967e-03,-4.205646017792742e-03
1609045471353807688,0,1609045471353807688,2.133118101018361e+00,-3.888233508950546e+00,2.763927756844051e+00,5.600430388291355e-01,8.283954769932297e-01,1.001726397631806e-02,-3.518917224854660e-03
1609045471456969023,0,1609045471456969023,2.235478687282058e+00,-3.826004687779458e+00,2.758834976564149e+00,5.602572279312296e-01,8.281404704417429e-01,1.715102991573122e-02,-1.020754620348802e-03
1609045471527215004,0,1609045471527215004,2.314443800509649e+00,-3.775306536794492e+00,2.758473903596663e+00,5.600100645973737e-01,8.281970321105872e-01,2.183921711324932e-02,1.205051269774710e-03
1609045471629093647,0,1609045471629093647,2.418529969988713e+00,-3.709086397986948e+00,2.757357524526489e+00,5.604615023039822e-01,8.278532839651349e-01,2.316388738970655e-02,2.297603996526276e-03
1609045471732225895,0,1609045471732225895,2.517259785809711e+00,-3.649323693607456e+00,2.760238441494997e+00,5.605046444548740e-01,8.278421803598246e-01,2.258653432947395e-02,1.310125342895590e-03
1609045471835276365,0,1609045471835276365,2.607656386198526e+00,-3.592220570195971e+00,2.765734693039878e+00,5.603855794509707e-01,8.279216969368269e-01,2.262630895514529e-02,1.310048676613823e-03
1609045471938248634,0,1609045471938248634,2.688011204490596e+00,-3.540229489720487e+00,2.775439558397693e+00,5.602538910720501e-01,8.280100616259464e-01,2.268572828472079e-02,-5.226058161352499e-04
1609045472041943789,0,1609045472041943789,2.758871754083043e+00,-3.491747520404181e+00,2.780725020282670e+00,5.600915564897619e-01,8.279817518670028e-01,2.726448988000496e-02,5.608168430322865e-04
1609045472144340992,0,1609045472144340992,2.822476319218048e+00,-3.449675624663367e+00,2.784096311205407e+00,5.602137592699813e-01,8.277997283803650e-01,3.006889926550655e-02,-2.003725224229719e-03
1609045472247433662,0,1609045472247433662,2.876498622139966e+00,-3.413452645794707e+00,2.782016947199846e+00,5.605737539972967e-01,8.274889572440578e-01,3.176295043100603e-02,-3.194831492111420e-03
1609045472350564718,0,1609045472350564718,2.920586030494195e+00,-3.381936139996324e+00,2.763939299585384e+00,5.604699378668929e-01,8.277313822072355e-01,2.583733638056636e-02,-8.163314606480537e-03
1609045472453799248,0,1609045472453799248,2.955700862185104e+00,-3.354849577750957e+00,2.757153375105542e+00,5.606444443304927e-01,8.278719161198836e-01,1.426716745632968e-02,-1.011659398935745e-02
1609045472557073832,0,1609045472557073832,2.997031238086295e+00,-3.322683933219695e+00,2.773109145364823e+00,5.605995158615049e-01,8.279035661582728e-01,-6.877679225796509e-03,-1.601766170684948e-02
1609045472627275229,0,1609045472627275229,3.036119254843763e+00,-3.294092604434830e+00,2.779396222100681e+00,5.601821628422599e-01,8.277139508481064e-01,-2.467890345577702e-02,-2.182914860536739e-02
1609045472729141951,0,1609045472729141951,3.086544662362874e+00,-3.255368434790717e+00,2.781088633804868e+00,5.601721758719317e-01,8.274955737843772e-01,-2.916975547991778e-02,-2.464414963516314e-02
1609045472831476212,0,1609045472831476212,3.140070133371640e+00,-3.214289136575661e+00,2.783038770124071e+00,5.601403140515425e-01,8.273853702345726e-01,-3.017529956785348e-02,-2.767180861196315e-02
1609045472935233355,0,1609045472935233355,3.196550820502065e+00,-3.172526935761917e+00,2.783085722494314e+00,5.600973849794221e-01,8.274363572920106e-01,-2.824524088900413e-02,-2.902068809471946e-02
1609045473038287878,0,1609045473038287878,3.255525356229677e+00,-3.129972280439584e+00,2.777577681013834e+00,5.603581660156239e-01,8.273514434549232e-01,-2.527320423061106e-02,-2.914755462138999e-02
1609045473141734600,0,1609045473141734600,3.318517760259038e+00,-3.086352289232429e+00,2.770859671114172e+00,5.604372928058190e-01,8.273702689065213e-01,-2.274603679328303e-02,-2.917356289625255e-02
1609045473244337320,0,1609045473244337320,3.382300085818678e+00,-3.041321349304762e+00,2.762398280371905e+00,5.604063252586473e-01,8.274320581805337e-01,-2.080696022258909e-02,-2.946201132555836e-02
1609045473347632170,0,1609045473347632170,3.450603686783729e+00,-2.993581547213057e+00,2.762488605229217e+00,5.604483295732346e-01,8.274476093245379e-01,-1.756284246775375e-02,-3.032606578436618e-02
1609045473450619221,0,1609045473450619221,3.524316753356521e+00,-2.945286123108203e+00,2.766602223360517e+00,5.604914184233244e-01,8.273228439762679e-01,-1.141350657919588e-02,-3.544028183046084e-02
1609045473553770065,0,1609045473553770065,3.599899339185606e+00,-2.898246095049141e+00,2.776281068020577e+00,5.606683092851958e-01,8.269414146212052e-01,1.168028339036828e-03,-4.263307937721851e-02
1609045473657023668,0,1609045473657023668,3.679218232890078e+00,-2.859292936817805e+00,2.772402217272193e+00,5.601576728929413e-01,8.267666544619110e-01,1.975664010298601e-02,-4.785348201216149e-02
1609045473727253675,0,1609045473727253675,3.738058195260479e+00,-2.835398323446655e+00,2.759803164316342e+00,5.601948840389427e-01,8.258407996770624e-01,4.022777232863761e-02,-5.050140412548436e-02
1609045473828947067,0,1609045473828947067,3.822504530793915e+00,-2.810019358422715e+00,2.746613962817168e+00,5.598932134767292e-01,8.252807585665356e-01,5.207550043786144e-02,-5.214787911809868e-02
1609045473932117462,0,1609045473932117462,3.907523923693928e+00,-2.800008377824720e+00,2.739988386368571e+00,5.598231796217723e-01,8.250957235865056e-01,5.715542287664648e-02,-5.048080935410917e-02
1609045474035001040,0,1609045474035001040,3.990593824968672e+00,-2.804272985204579e+00,2.737448853074162e+00,5.597818825846981e-01,8.251509746928242e-01,5.898045673981362e-02,-4.786876451300422e-02
1609045474138149977,0,1609045474138149977,4.070775531311603e+00,-2.823733844112464e+00,2.733375665306681e+00,5.597441116579376e-01,8.253987498678328e-01,6.074635713155666e-02,-4.139218858619614e-02
1609045474241353035,0,1609045474241353035,4.148828225141449e+00,-2.857437285551140e+00,2.727160983137430e+00,5.603414257974454e-01,8.253406534675247e-01,6.204058966727836e-02,-3.132502997041457e-02
1609045474344793797,0,1609045474344793797,4.217991035270813e+00,-2.900739206011876e+00,2.710874823274464e+00,5.604687986547218e-01,8.255540063521004e-01,6.515675076345266e-02,-9.481885904362298e-03
1609045474447324514,0,1609045474447324514,4.272974317728211e+00,-2.950549073623452e+00,2.707438478765391e+00,5.603636177708984e-01,8.255467238873949e-01,6.574972057416410e-02,1.192463004640230e-02
1609045474551098824,0,1609045474551098824,4.316095419467612e+00,-3.006400320732985e+00,2.709316004054211e+00,5.599287948443220e-01,8.256158776218926e-01,6.512214811314186e-02,2.443917240357456e-02
1609045474653395891,0,1609045474653395891,4.342127058160459e+00,-3.067649064244924e+00,2.709090093969952e+00,5.594766696516386e-01,8.256472641007556e-01,6.644126878955597e-02,2.963122002057144e-02
1609045474756629705,0,1609045474756629705,4.354227520423257e+00,-3.136018601557857e+00,2.714032470043847e+00,5.599545778480525e-01,8.252888023105173e-01,6.759413249931347e-02,2.793379278528971e-02
1609045474826787472,0,1609045474826787472,4.355311175064254e+00,-3.195368374511552e+00,2.711512555331564e+00,5.599129032141160e-01,8.253466278416786e-01,6.934733421377404e-02,2.216826474890268e-02
1609045474928817749,0,1609045474928817749,4.341484380242155e+00,-3.285984158730247e+00,2.708200500654567e+00,5.602367890685725e-01,8.251287937142592e-01,7.064946755465266e-02,1.748904490975299e-02
1609045475031555653,0,1609045475031555653,4.315765415667553e+00,-3.385557842774596e+00,2.697858126489237e+00,5.606888432814385e-01,8.251297923081033e-01,6.811031346189406e-02,1.224059088669898e-02
1609045475134875298,0,1609045475134875298,4.275246590248170e+00,-3.487933826549293e+00,2.689996804292995e+00,5.607372134919126e-01,8.256642619592335e-01,6.135583038120201e-02,9.368351332943378e-03
1609045475238209009,0,1609045475238209009,4.225168721320077e+00,-3.593215630450924e+00,2.686858217228551e+00,5.609651875503802e-01,8.261274295251083e-01,5.279210394326567e-02,6.672503568516556e-03
1609045475342157602,0,1609045475342157602,4.167061913744734e+00,-3.701113932302663e+00,2.685667393228414e+00,5.608092744793515e-01,8.266897636613603e-01,4.535806089129826e-02,4.431549105396036e-03
1609045475444430590,0,1609045475444430590,4.104974727446407e+00,-3.811710941480717e+00,2.681687355679878e+00,5.604910529840239e-01,8.272454027616912e-01,3.886996272261094e-02,1.987242379444957e-03
1609045475547554731,0,1609045475547554731,4.033305965189474e+00,-3.924369338347345e+00,2.678187534119081e+00,5.606070625457543e-01,8.273925603466772e-01,3.377447585511684e-02,7.465167975210595e-04
1609045475650643826,0,1609045475650643826,3.956781982043233e+00,-4.040033769354759e+00,2.674439957273946e+00,5.604448061505811e-01,8.276432419642763e-01,3.013014896692740e-02,6.763229677612990e-04
1609045475753762007,0,1609045475753762007,3.872794652844102e+00,-4.157995679478241e+00,2.668652883410872e+00,5.604675882829101e-01,8.277271471999300e-01,2.721850482892220e-02,1.733570681786292e-03
1609045475857007980,0,1609045475857007980,3.781605053822076e+00,-4.275960234604310e+00,2.659830115963174e+00,5.601264342724995e-01,8.279892172751859e-01,2.611638439869934e-02,3.188756962640982e-03
1609045475927184820,0,1609045475927184820,3.704036614356975e+00,-4.371042779044371e+00,2.651722338351896e+00,5.604118648675980e-01,8.278113168815375e-01,2.526661843249099e-02,5.344469224391801e-03
1609045476028962851,0,1609045476028962851,3.595709854136102e+00,-4.503505218301902e+00,2.641437400601748e+00,5.602847655893095e-01,8.279334059378725e-01,2.372461023271031e-02,6.663306219817005e-03
1609045476131995916,0,1609045476131995916,3.483316353373397e+00,-4.637066368069403e+00,2.626737831841637e+00,5.601709937004834e-01,8.280954732362508e-01,2.066433758987462e-02,6.271377363800694e-03
1609045476235035419,0,1609045476235035419,3.368350050653709e+00,-4.766976838196898e+00,2.615818168522002e+00,5.602317743236769e-01,8.281179501825464e-01,1.720735977576222e-02,8.057691541313182e-03
1609045476337998629,0,1609045476337998629,3.252147755744147e+00,-4.886773139877327e+00,2.607874615074813e+00,5.603783110658854e-01,8.281366759077869e-01,1.109051876533211e-02,6.541780849830187e-03
1609045476441875935,0,1609045476441875935,3.132504372060930e+00,-5.007087231497204e+00,2.594706995323213e+00,5.603034992863205e-01,8.282396989975532e-01,7.376420821175974e-03,4.957631252924574e-03
1609045476543999910,0,1609045476543999910,3.015153793185116e+00,-5.122666193398207e+00,2.586384338503283e+00,5.603611321671524e-01,8.282354660216247e-01,3.950490937492606e-03,2.409979557609573e-03
1609045476647125483,0,1609045476647125483,2.894652663876658e+00,-5.234240395184821e+00,2.578202878024270e+00,5.605152417414957e-01,8.281434928265596e-01,9.302114459498170e-04,-3.921364430658848e-04
1609045476750168562,0,1609045476750168562,2.772562306610776e+00,-5.343419863078804e+00,2.566903005390277e+00,5.601809643864496e-01,8.283637577886230e-01,-1.505592481447241e-03,-2.916352599422415e-03
1609045476853216171,0,1609045476853216171,2.650361807067041e+00,-5.448385285049305e+00,2.553048452942423e+00,5.601170374114568e-01,8.283967180285313e-01,-3.568986145274252e-03,-3.878698066592731e-03
1609045476956347466,0,1609045476956347466,2.528584374742792e+00,-5.552683289394989e+00,2.538270777397047e+00,5.604268997599603e-01,8.281594243801382e-01,-7.086766109020637e-03,-4.841031061634218e-03
1609045477026762009,0,1609045477026762009,2.427992091785697e+00,-5.636846185347232e+00,2.531155464715478e+00,5.606018271164416e-01,8.279933990556430e-01,-1.212726027546244e-02,-2.334975808868851e-03
1609045477128713131,0,1609045477128713131,2.294472797375072e+00,-5.745034787482663e+00,2.523605349615154e+00,5.604225569513885e-01,8.280006513201961e-01,-1.842600522432862e-02,1.400501587776166e-03
1609045477231824875,0,1609045477231824875,2.162795977814355e+00,-5.845095246347709e+00,2.512877109864801e+00,5.601837485134713e-01,8.279868241946353e-01,-2.473346072452405e-02,4.499197916706971e-03
1609045477335242748,0,1609045477335242748,2.032622515409111e+00,-5.936831040672181e+00,2.495285762556921e+00,5.600750909321963e-01,8.278810496479387e-01,-2.976813539219703e-02,6.535921221882587e-03
1609045477438173294,0,1609045477438173294,1.910419666094384e+00,-6.014146947615842e+00,2.488186451826725e+00,5.598029225786761e-01,8.275717251483464e-01,-4.164023261265539e-02,3.437824188987087e-03
1609045477541995525,0,1609045477541995525,1.792910733895103e+00,-6.079350740205775e+00,2.488262001355569e+00,5.597437263832146e-01,8.268520392902047e-01,-5.477833262917534e-02,-1.414273827083514e-03
1609045477644145012,0,1609045477644145012,1.684192305790086e+00,-6.132662975240032e+00,2.483914360174716e+00,5.595353209149141e-01,8.259896656754813e-01,-6.786250451083684e-02,-7.481799736356539e-03
1609045477747369289,0,1609045477747369289,1.581620523521133e+00,-6.173814060753161e+00,2.484825738651083e+00,5.589428272861371e-01,8.254623567603712e-01,-7.787087211979554e-02,-1.144293109836346e-02
1609045477850253344,0,1609045477850253344,1.489106815695751e+00,-6.199029083372849e+00,2.490148514588463e+00,5.585362792664770e-01,8.243923580824790e-01,-9.009399963543038e-02,-1.724922919684189e-02
1609045477953322411,0,1609045477953322411,1.408444688983054e+00,-6.208628684607318e+00,2.496653614727399e+00,5.582206430163192e-01,8.236216942691975e-01,-9.758834784133159e-02,-2.266126221123136e-02
1609045478056350946,0,1609045478056350946,1.341378127982975e+00,-6.202625006208343e+00,2.505448955344058e+00,5.578270343279615e-01,8.234544672376959e-01,-1.005211246212303e-01,-2.544098394048684e-02
1609045478126568556,0,1609045478126568556,1.298593735151221e+00,-6.189590999530185e+00,2.516332050113381e+00,5.584569842920306e-01,8.243505864934219e-01,-8.987662362141562e-02,-2.222835508178790e-02
1609045478228406906,0,1609045478228406906,1.253191756194766e+00,-6.157863486926200e+00,2.513929311384346e+00,5.593955038318634e-01,8.256405623360322e-01,-7.040296403557911e-02,-2.092259001571418e-02
1609045478331808567,0,1609045478331808567,1.213586454029995e+00,-6.116301707740526e+00,2.520363186668074e+00,5.599879296842435e-01,8.274495521116456e-01,-3.991456733805140e-02,-1.214844155575120e-02
1609045478435071468,0,1609045478435071468,1.178584596403867e+00,-6.071457656131855e+00,2.528495885575090e+00,5.596638635594581e-01,8.284777827584657e-01,-1.917456923873645e-02,-5.767078606271187e-03
1609045478538170815,0,1609045478538170815,1.147482911035167e+00,-6.022429449538286e+00,2.535690116717286e+00,5.597958438711939e-01,8.285909419697998e-01,-7.976745367920748e-03,-1.426745702376583e-03
1609045478641681194,0,1609045478641681194,1.117243636423472e+00,-5.971716859241049e+00,2.548203750457370e+00,5.595493424538533e-01,8.287862560835250e-01,-3.952868964898108e-03,1.499971095052538e-03
1609045478744199276,0,1609045478744199276,1.084765230453907e+00,-5.916724035677243e+00,2.565191794067178e+00,5.593875685545731e-01,8.288858173905069e-01,-4.813560870598745e-03,3.267951505586180e-03
1609045478847086906,0,1609045478847086906,1.050953810857750e+00,-5.857862922622346e+00,2.588343849684193e+00,5.592782596514911e-01,8.289423153163737e-01,-6.386486748363502e-03,4.656065502572376e-03
1609045478950179100,0,1609045478950179100,1.015334425692762e+00,-5.793806889433197e+00,2.621529568434864e+00,5.596043142873884e-01,8.287249046043175e-01,-6.675199504010741e-03,3.672278708253139e-03
1609045479053260803,0,1609045479053260803,9.766352642198909e-01,-5.729676213163060e+00,2.642815600333469e+00,5.597769297330543e-01,8.286347406836635e-01,-3.626798848981074e-03,1.049666940390381e-03
1609045479156318665,0,1609045479156318665,9.357297020263380e-01,-5.666133094408615e+00,2.658989813750970e+00,5.598711135701879e-01,8.285796830607123e-01,-7.934789670451083e-05,1.967547283439419e-04
1609045479226784945,0,1609045479226784945,9.008114825506540e-01,-5.616672671592308e+00,2.671057074519633e+00,5.599676539287446e-01,8.285113041692234e-01,1.980477515885545e-03,1.150272134837958e-03
1609045479328696728,0,1609045479328696728,8.511588650245980e-01,-5.546021058630035e+00,2.682144586403285e+00,5.601618194681864e-01,8.283830711358994e-01,-2.668819927167902e-04,-3.901786430502622e-04
1609045479431856155,0,1609045479431856155,7.981798493199862e-01,-5.476141979827497e+00,2.690539143344601e+00,5.598895780789062e-01,8.285529699809143e-01,-4.453673707905355e-03,-1.949637083907820e-03
1609045479535197020,0,1609045479535197020,7.464093258249848e-01,-5.403223022766412e+00,2.710121400953517e+00,5.603299798440440e-01,8.281581987462923e-01,-1.237974876258474e-02,-5.572553962942744e-03
1609045479637847900,0,1609045479637847900,6.910360963780540e-01,-5.328247442750120e+00,2.730873305480986e+00,5.600051010272772e-01,8.283123379956949e-01,-1.507027410500501e-02,-8.114455358072125e-03
1609045479741736889,0,1609045479741736889,6.390684811972188e-01,-5.253715398438634e+00,2.743142534295089e+00,5.600415505096683e-01,8.282679612143783e-01,-1.324550132523906e-02,-1.225572612987120e-02
1609045479844064236,0,1609045479844064236,5.909154731045376e-01,-5.182300030006067e+00,2.752233428547840e+00,5.601498257807950e-01,8.281026047612605e-01,-1.133036156660608e-02,-1.870485423507815e-02
1609045479946989536,0,1609045479946989536,5.436661694199127e-01,-5.109288745483725e+00,2.756397088790906e+00,5.600555151148615e-01,8.281451287273899e-01,-1.006488624361187e-02,-2.030181812668868e-02
1609045480049960375,0,1609045480049960375,5.000911643469431e-01,-5.038090217528838e+00,2.761171218705301e+00,5.600440252638332e-01,8.281392216504461e-01,-1.080117455936817e-02,-2.048057514915714e-02
1609045480153317928,0,1609045480153317928,4.590354174869365e-01,-4.967287945498884e+00,2.767976579183790e+00,5.598966755882144e-01,8.282226442843331e-01,-1.346582272791614e-02,-1.953550045477026e-02
1609045480256636858,0,1609045480256636858,4.202200826124816e-01,-4.894370995914842e+00,2.780606427624645e+00,5.598684969737183e-01,8.282118537920992e-01,-1.655871250544651e-02,-1.839022497502030e-02
1609045480326888800,0,1609045480326888800,3.936116361863765e-01,-4.834804673810292e+00,2.785643270525858e+00,5.602239998076137e-01,8.278601465006478e-01,-2.027114981530954e-02,-1.963996844384872e-02
1609045480428817034,0,1609045480428817034,3.587853458760342e-01,-4.750074100042445e+00,2.795176348439415e+00,5.602268939944410e-01,8.277708769707014e-01,-2.255208176314844e-02,-2.079918489922767e-02
1609045480531702518,0,1609045480531702518,3.281781429332358e-01,-4.663859454834648e+00,2.804051430511110e+00,5.602484192720349e-01,8.277246927541716e-01,-2.343273810575760e-02,-2.108194708494647e-02
1609045480635201931,0,1609045480635201931,3.012844251255269e-01,-4.576193193989894e+00,2.813411826050899e+00,5.603545177898303e-01,8.277089262164730e-01,-2.294228822650012e-02,-1.934939959948617e-02
1609045480738196850,0,1609045480738196850,2.782891923026110e-01,-4.488364756107010e+00,2.817723614806887e+00,5.605689906713150e-01,8.276120994325481e-01,-2.270247707778338e-02,-1.747046378757832e-02
1609045480841260910,0,1609045480841260910,2.570963733242022e-01,-4.401537860839636e+00,2.820287288284380e+00,5.603418080742412e-01,8.279400777387198e-01,-2.034236199103582e-02,-1.088458113787530e-02
1609045480944285393,0,1609045480944285393,2.361963400876294e-01,-4.310265026813230e+00,2.824544356286047e+00,5.599927099406095e-01,8.282055510608212e-01,-2.132182567143551e-02,-5.395345705234420e-03
1609045481047515392,0,1609045481047515392,2.175697328427997e-01,-4.216858220698403e+00,2.828894296075256e+00,5.600895572223010e-01,8.281276727858028e-01,-2.229915856235768e-02,-2.644425104921521e-03
1609045481150673866,0,1609045481150673866,2.016165071756346e-01,-4.119676536745462e+00,2.838948812120384e+00,5.597607686800899e-01,8.283131700349290e-01,-2.353343156019392e-02,-3.369242079677253e-03
1609045481253735304,0,1609045481253735304,1.845872487182468e-01,-4.018744524527915e+00,2.847707885508246e+00,5.599141173629162e-01,8.282150897912088e-01,-2.315508502500691e-02,-4.448399392901828e-03
1609045481356882572,0,1609045481356882572,1.706437393099184e-01,-3.915100823977278e+00,2.858651425640962e+00,5.599289254665266e-01,8.282189325094126e-01,-2.085572357572489e-02,-9.901366210341241e-03
1609045481427024841,0,1609045481427024841,1.595907511528474e-01,-3.831342123819847e+00,2.864979862330415e+00,5.603288728571347e-01,8.279362728258914e-01,-1.647253261771251e-02,-1.678505438809921e-02
1609045481528684378,0,1609045481528684378,1.458918396966769e-01,-3.713647921104049e+00,2.872272516182968e+00,5.603148939509650e-01,8.277611530194248e-01,-9.449761097508957e-03,-2.773797367690979e-02
1609045481632058382,0,1609045481632058382,1.349949096831936e-01,-3.599085327609768e+00,2.873468682056372e+00,5.603669871986292e-01,8.272767506053433e-01,-2.822683143636428e-03,-3.992555604490753e-02
1609045481734904289,0,1609045481734904289,1.272413478593135e-01,-3.492754828721064e+00,2.868992014282806e+00,5.605681748238085e-01,8.267184942867147e-01,1.263504897938301e-03,-4.794013072792298e-02
1609045481837766647,0,1609045481837766647,1.277827449513155e-01,-3.393325427503435e+00,2.864904123149600e+00,5.603657665217194e-01,8.267413010881122e-01,2.351099103570362e-03,-4.983473806989203e-02
1609045481940819025,0,1609045481940819025,1.330138823654152e-01,-3.298634694096058e+00,2.865258363408651e+00,5.601940598482167e-01,8.268651266647503e-01,9.929406058735240e-04,-4.975632306792483e-02
1609045482043928385,0,1609045482043928385,1.438749280253853e-01,-3.210373452596489e+00,2.866483182301828e+00,5.600919868674474e-01,8.269928849114392e-01,3.589326320824522e-04,-4.878120252640192e-02
1609045482146985769,0,1609045482146985769,1.581626759830805e-01,-3.129223038260574e+00,2.862738228920047e+00,5.600303655090476e-01,8.269976071874554e-01,-4.283304481736456e-04,-4.940408836196717e-02
1609045482250141144,0,1609045482250141144,1.781778863679842e-01,-3.056642407529064e+00,2.852367587201980e+00,5.601537604468680e-01,8.270089821806111e-01,-2.229912684837792e-03,-4.773819790342852e-02
1609045482353290319,0,1609045482353290319,2.032552580299442e-01,-2.986384856307992e+00,2.849559740982882e+00,5.601496535220185e-01,8.272625443866121e-01,-6.289180515618231e-03,-4.277259078452096e-02
1609045482456294298,0,1609045482456294298,2.332755131537638e-01,-2.915237393068328e+00,2.852468127843748e+00,5.602077897848282e-01,8.276602602293832e-01,-1.425965310885052e-02,-3.069834188472122e-02
1609045482526845217,0,1609045482526845217,2.621602992487122e-01,-2.856954978963361e+00,2.855122626264037e+00,5.598780457028472e-01,8.280571730429084e-01,-1.955062511798263e-02,-2.180974941330833e-02
1609045482628592014,0,1609045482628592014,3.009965631271559e-01,-2.777508149179217e+00,2.858380658085520e+00,5.596909544554844e-01,8.282260813498764e-01,-2.242859410861281e-02,-1.686866440105055e-02
1609045482731854677,0,1609045482731854677,3.405252437921770e-01,-2.694373533144232e+00,2.859226335203295e+00,5.597202090588980e-01,8.281762332257316e-01,-2.354753724040016e-02,-1.682045721261577e-02
1609045482834702015,0,1609045482834702015,3.830488166933197e-01,-2.611010230052019e+00,2.864630651656190e+00,5.598107205900392e-01,8.281250935412117e-01,-2.245459549206012e-02,-1.779263052324103e-02
1609045482937751532,0,1609045482937751532,4.282215853107803e-01,-2.528133644702796e+00,2.875650080506437e+00,5.596203063946392e-01,8.282707405308753e-01,-1.777091414022532e-02,-2.183775770663331e-02
1609045483040697336,0,1609045483040697336,4.750492800973116e-01,-2.446676568685482e+00,2.881531599684953e+00,5.597738398824358e-01,8.280877332567433e-01,-1.043063599070564e-02,-2.855093773660621e-02
1609045483143909216,0,1609045483143909216,5.229095851908506e-01,-2.368297523086196e+00,2.882684515344863e+00,5.599752399351501e-01,8.278375788339867e-01,-1.876720650099241e-03,-3.330392843622640e-02
1609045483246987820,0,1609045483246987820,5.729675642202675e-01,-2.295901099826511e+00,2.881023145153056e+00,5.600865122885854e-01,8.276400020715123e-01,4.548191027135048e-03,-3.597832238564871e-02
1609045483349938631,0,1609045483349938631,6.258198437048831e-01,-2.229032517075237e+00,2.878941972900636e+00,5.602250264311890e-01,8.275011419894061e-01,8.764881138030695e-03,-3.623474333934854e-02
1609045483453125238,0,1609045483453125238,6.807753884572842e-01,-2.166110778030294e+00,2.882464874446071e+00,5.602726872253445e-01,8.275227713221488e-01,1.045660994859344e-02,-3.451431877953221e-02
1609045483556015015,0,1609045483556015015,7.389570200312535e-01,-2.105636302995003e+00,2.892723743832520e+00,5.604288415787881e-01,8.274467094840425e-01,1.084951247609465e-02,-3.367112367519500e-02
1609045483626337528,0,1609045483626337528,7.848102487118547e-01,-2.058485608264391e+00,2.892271808007793e+00,5.602819056790267e-01,8.275093778838634e-01,1.440915500341482e-02,-3.323841053448300e-02
1609045483728021622,0,1609045483728021622,8.508517955848758e-01,-2.000407083666995e+00,2.899309511018354e+00,5.605631005946704e-01,8.270072361304823e-01,1.976997212647994e-02,-3.791028674989303e-02
1609045483831094980,0,1609045483831094980,9.153673588992087e-01,-1.949093094012294e+00,2.902397627631545e+00,5.604646693268110e-01,8.266909544255205e-01,2.636138243261541e-02,-4.202972547474162e-02
1609045483934383631,0,1609045483934383631,9.784364060246986e-01,-1.910040557371407e+00,2.900166495005467e+00,5.603581037005385e-01,8.263373448933694e-01,3.111433690007921e-02,-4.687521830147803e-02
1609045484037629366,0,1609045484037629366,1.039769654281305e+00,-1.882651856030399e+00,2.897540410984305e+00,5.602911045774923e-01,8.259999526040176e-01,3.429579093865549e-02,-5.120307757561598e-02
1609045484140931606,0,1609045484140931606,1.102968096895705e+00,-1.864831067121345e+00,2.903800789606684e+00,5.604173144536092e-01,8.257240772242278e-01,3.642668133720370e-02,-5.277574101222836e-02
1609045484243942976,0,1609045484243942976,1.169368203418356e+00,-1.858569945837053e+00,2.901277517883724e+00,5.605033480124521e-01,8.253545207171401e-01,3.721652358354417e-02,-5.692839687535670e-02
1609045484346957684,0,1609045484346957684,1.232976157924899e+00,-1.865921246577461e+00,2.889904982713133e+00,5.604515400805816e-01,8.251267321514085e-01,3.924406110774265e-02,-5.932833031565268e-02
1609045484449936628,0,1609045484449936628,1.297244729653942e+00,-1.885900101089947e+00,2.867575202461452e+00,5.602163895084239e-01,8.256056634375948e-01,3.427823355888470e-02,-5.794728751053812e-02
1609045484553128481,0,1609045484553128481,1.362754537202728e+00,-1.915784542409670e+00,2.846044599956105e+00,5.604804015143631e-01,8.263026416979430e-01,2.271191811127447e-02,-5.069351651679613e-02
1609045484656198740,0,1609045484656198740,1.434081850159443e+00,-1.953080570142997e+00,2.836031889727564e+00,5.604806431420626e-01,8.272501143345717e-01,7.467000407947478e-03,-3.824841044069171e-02
1609045484726586342,0,1609045484726586342,1.496345588358957e+00,-1.976481806129956e+00,2.840065287570183e+00,5.598216228667224e-01,8.281470880991481e-01,-1.013859123650029e-02,-2.587199279811061e-02
1609045484828313112,0,1609045484828313112,1.579367927526764e+00,-2.011599908474672e+00,2.838071249489830e+00,5.596118914746255e-01,8.283085712692096e-01,-2.040589489709501e-02,-1.797334513767715e-02
1609045484931394577,0,1609045484931394577,1.665316042312947e+00,-2.046558578212689e+00,2.837348103188404e+00,5.594364257070843e-01,8.283826946575732e-01,-2.367998076067923e-02,-1.588254686598460e-02
1609045485034984827,0,1609045485034984827,1.749370082361471e+00,-2.079345763136978e+00,2.831217007933513e+00,5.593956542315106e-01,8.284398903802912e-01,-2.243268230387187e-02,-1.614387865663902e-02
1609045485137686729,0,1609045485137686729,1.830770890516539e+00,-2.109168628496188e+00,2.822510020837569e+00,5.595097754993853e-01,8.283569187809477e-01,-2.132275465739312e-02,-1.785962939193240e-02
1609045485241394758,0,1609045485241394758,1.914052588963430e+00,-2.136200017576541e+00,2.814302797110476e+00,5.593327553155470e-01,8.284599478660201e-01,-2.070584103036374e-02,-1.929382699228420e-02
1609045485344043016,0,1609045485344043016,1.999735694636980e+00,-2.161138790630024e+00,2.808419028638719e+00,5.592941988795115e-01,8.283861249838932e-01,-2.207234915248647e-02,-2.189151517409002e-02
1609045485447005987,0,1609045485447005987,2.087294612097344e+00,-2.183440379803385e+00,2.806768289788141e+00,5.593638854091784e-01,8.282872382981951e-01,-2.302847385914551e-02,-2.284696837321630e-02
1609045485550049543,0,1609045485550049543,2.176100715414547e+00,-2.203591659059192e+00,2.794411457718252e+00,5.594181985945450e-01,8.283506675086491e-01,-2.079782775228354e-02,-2.130495434935430e-02
1609045485653172731,0,1609045485653172731,2.267376217942196e+00,-2.221013592723978e+00,2.784749068531043e+00,5.595068209288602e-01,8.283337069410743e-01,-1.991646126830443e-02,-2.046269409725204e-02
1609045485756417990,0,1609045485756417990,2.363801537463401e+00,-2.235495761856377e+00,2.780022496991331e+00,5.593204588617209e-01,8.285455778914074e-01,-1.837025607920166e-02,-1.831347445799450e-02
1609045485826572895,0,1609045485826572895,2.439011958220667e+00,-2.240991938392938e+00,2.771199447434618e+00,5.591254518225588e-01,8.287479244299211e-01,-1.659857408776576e-02,-1.673601551747911e-02
1609045485928274632,0,1609045485928274632,2.542950942672632e+00,-2.250362066032303e+00,2.756213585743351e+00,5.594312003808607e-01,8.287094791788222e-01,-1.081447935500036e-02,-1.266405131489385e-02
1609045486031305313,0,1609045486031305313,2.645762012248706e+00,-2.258166349619303e+00,2.739616587370810e+00,5.595360852571241e-01,8.287041273658493e-01,-7.434255785133982e-03,-1.065694246450185e-02
1609045486134807587,0,1609045486134807587,2.743273504578809e+00,-2.267308366057466e+00,2.721514739285451e+00,5.593455021959932e-01,8.288803368415647e-01,-4.126992020047897e-03,-8.541914728322343e-03
1609045486237223148,0,1609045486237223148,2.837015622036576e+00,-2.273051768438239e+00,2.710912689780009e+00,5.593300714915743e-01,8.288863871019478e-01,-4.396947880933158e-03,-8.825828656627111e-03
1609045486340724707,0,1609045486340724707,2.931304642522997e+00,-2.279123286346398e+00,2.702318266071933e+00,5.592247984033488e-01,8.289187018416425e-01,-6.462520114668104e-03,-1.093830066788213e-02
1609045486444033384,0,1609045486444033384,3.022407574178422e+00,-2.283236592315831e+00,2.696069936179701e+00,5.590245509183054e-01,8.290383425426902e-01,-6.889678164740906e-03,-1.181145203925786e-02
1609045486546950579,0,1609045486546950579,3.114595777961869e+00,-2.285883536887950e+00,2.702272686207010e+00,5.592382463175957e-01,8.289129114687058e-01,-3.658082996099579e-03,-1.194100015582255e-02
1609045486650206804,0,1609045486650206804,3.205573882931385e+00,-2.285187152860268e+00,2.700535693972204e+00,5.592159288532937e-01,8.289535514031288e-01,4.438068346743839e-03,-9.688038091926627e-03
1609045486753427029,0,1609045486753427029,3.291110855246570e+00,-2.289650394808163e+00,2.693859073788649e+00,5.594442348187272e-01,8.286302740246260e-01,1.778849988497801e-02,-8.808312530494185e-03
1609045486856594801,0,1609045486856594801,3.369038338830476e+00,-2.298332041602758e+00,2.673233922669077e+00,5.591115035031936e-01,8.285603732776500e-01,2.868841987496809e-02,-7.681734784968066e-03
1609045486926703215,0,1609045486926703215,3.426811447795964e+00,-2.307757626993300e+00,2.663672531714921e+00,5.590221811701286e-01,8.284866134538502e-01,3.273789232077051e-02,-5.688821827537562e-03
1609045487028153181,0,1609045487028153181,3.500292690203434e+00,-2.324533160929679e+00,2.643885472607615e+00,5.590007706652046e-01,8.287330504134170e-01,2.635085025055680e-02,-5.030133107833540e-03
1609045487131540775,0,1609045487131540775,3.569514746403120e+00,-2.344143757522766e+00,2.635156366876374e+00,5.588201737588101e-01,8.291615887709175e-01,1.394072603870512e-02,-4.090142345460551e-03
1609045487234385729,0,1609045487234385729,3.637025401765405e+00,-2.362201901719525e+00,2.635314742108354e+00,5.589502554051202e-01,8.291668292363814e-01,-6.969671003962760e-04,-7.516349734434122e-03
1609045487337683201,0,1609045487337683201,3.702384367234114e+00,-2.380638719212208e+00,2.640313131717672e+00,5.588436275304615e-01,8.291313260387184e-01,-1.063930390197202e-02,-1.103853985745788e-02
1609045487440895557,0,1609045487440895557,3.766114540508549e+00,-2.396431808903681e+00,2.648369401842555e+00,5.587355073842896e-01,8.290191110097906e-01,-1.760263682826999e-02,-1.523461666993968e-02
1609045487543986559,0,1609045487543986559,3.830637024182342e+00,-2.411348780883015e+00,2.652384735060604e+00,5.585973159405407e-01,8.290284384212814e-01,-1.984523005927293e-02,-1.694266084536282e-02
1609045487646964788,0,1609045487646964788,3.894514177008263e+00,-2.424598589748151e+00,2.656205478839006e+00,5.586860849895882e-01,8.289071915958082e-01,-2.103159274164588e-02,-1.844988526626246e-02
1609045487750043392,0,1609045487750043392,3.959060816711707e+00,-2.435060378404136e+00,2.658117740580022e+00,5.587252034324585e-01,8.288653280012026e-01,-2.096929598301527e-02,-1.920165911129068e-02
1609045487852851868,0,1609045487852851868,4.025156559494762e+00,-2.445044651951185e+00,2.654651238346329e+00,5.585571299845892e-01,8.289769734837581e-01,-2.115633065913933e-02,-1.906619128091809e-02
1609045487956408262,0,1609045487956408262,4.093276952346888e+00,-2.450569742884478e+00,2.650836956505217e+00,5.583814763654434e-01,8.290910305905245e-01,-2.184585771496881e-02,-1.846478667138157e-02
1609045488026850700,0,1609045488026850700,4.145300012019251e+00,-2.451550409580659e+00,2.645307892671962e+00,5.579910250112768e-01,8.293432878665825e-01,-2.235696571750465e-02,-1.832738282598559e-02
1609045488128363132,0,1609045488128363132,4.221878877562045e+00,-2.449605850268259e+00,2.642050989440992e+00,5.581841395671346e-01,8.292041931162846e-01,-2.281909191169137e-02,-1.817034667325385e-02
1609045488231388807,0,1609045488231388807,4.301926689841052e+00,-2.446184164178419e+00,2.638434081095063e+00,5.582530311739363e-01,8.291729029550357e-01,-2.276194729440782e-02,-1.754263222639153e-02
1609045488334673643,0,1609045488334673643,4.384707674937197e+00,-2.438349988888595e+00,2.642150601748117e+00,5.585921436381607e-01,8.289932390685341e-01,-2.121978535740758e-02,-1.716820764097697e-02
1609045488437902451,0,1609045488437902451,4.467026468369965e+00,-2.425858329872356e+00,2.647759407123408e+00,5.584676510346650e-01,8.292205435401412e-01,-1.475037002968602e-02,-1.701762329583867e-02
1609045488540922165,0,1609045488540922165,4.547812822242952e+00,-2.414599101812001e+00,2.651481278584914e+00,5.583355617087492e-01,8.293871129568956e-01,-3.478081450387683e-03,-1.913949690204288e-02
1609045488644223452,0,1609045488644223452,4.627905471027669e+00,-2.406257441425609e+00,2.649409755869736e+00,5.581014250657423e-01,8.294339008008440e-01,1.080789707533434e-02,-2.110433373813774e-02
1609045488747303724,0,1609045488747303724,4.705819545131495e+00,-2.402093017854475e+00,2.640788342007642e+00,5.583206563129995e-01,8.289667225558521e-01,2.307950145726806e-02,-2.365489889122582e-02
1609045488850499153,0,1609045488850499153,4.778174328157187e+00,-2.402769169120460e+00,2.628666227283251e+00,5.583870281196605e-01,8.286430358909754e-01,3.244165112495585e-02,-2.240948837449987e-02
1609045488953690767,0,1609045488953690767,4.850126961152275e+00,-2.407150419271921e+00,2.620326899798308e+00,5.584110752175293e-01,8.284937351606546e-01,3.653129980988597e-02,-2.099204630302920e-02
1609045489056733131,0,1609045489056733131,4.916947464758247e+00,-2.417117357184078e+00,2.615318034599287e+00,5.583936613265152e-01,8.284301263915443e-01,3.894509655544855e-02,-1.957866520946411e-02
1609045489127238989,0,1609045489127238989,4.968130598236419e+00,-2.426398552951619e+00,2.611667816462708e+00,5.581713900892594e-01,8.284821916244981e-01,4.160616601453185e-02,-1.819022804425079e-02
1609045489228745937,0,1609045489228745937,5.031697984560026e+00,-2.450425924193808e+00,2.607275045813512e+00,5.582698341101487e-01,8.282173188032670e-01,4.607126124760206e-02,-1.637998912846607e-02
1609045489331831694,0,1609045489331831694,5.089649641990766e+00,-2.485467348943303e+00,2.605823061654629e+00,5.580055432305390e-01,8.281366956779832e-01,5.133034763573875e-02,-1.358758282316176e-02
1609045489434786558,0,1609045489434786558,5.143278003545339e+00,-2.529761212113745e+00,2.598528557622691e+00,5.583132378948817e-01,8.276907081140894e-01,5.599997144322487e-02,-8.855692583194822e-03
1609045489538218021,0,1609045489538218021,5.187631160900398e+00,-2.583754532500294e+00,2.588772346725232e+00,5.581979065276147e-01,8.275295279271039e-01,6.008220807671830e-02,-3.253143067647683e-04
1609045489640957594,0,1609045489640957594,5.219102149669801e+00,-2.643164389923506e+00,2.580328502746871e+00,5.581278116471443e-01,8.274370766891892e-01,6.126972047489427e-02,9.340842509465449e-03
1609045489744013309,0,1609045489744013309,5.238594490845522e+00,-2.709836345953339e+00,2.574323143729789e+00,5.580086246784702e-01,8.273636096019478e-01,6.180257516287290e-02,1.662149192930423e-02
1609045489847053766,0,1609045489847053766,5.244273325985960e+00,-2.780805400513330e+00,2.569733066305562e+00,5.582470224718542e-01,8.271537707181564e-01,6.096172404160981e-02,2.146088744110887e-02
1609045489950450897,0,1609045489950450897,5.238580939248186e+00,-2.856729364092324e+00,2.565241586109734e+00,5.584125712980230e-01,8.269911687840387e-01,6.054110209390828e-02,2.440864450630242e-02
1609045490053150654,0,1609045490053150654,5.220247126813018e+00,-2.935660732828313e+00,2.560633428206570e+00,5.585822833517718e-01,8.270869669302753e-01,5.775040145310122e-02,2.403898898550358e-02
1609045490156241417,0,1609045490156241417,5.187382401252044e+00,-3.017904142796293e+00,2.557906913596166e+00,5.587726684810511e-01,8.271424422906311e-01,5.502345858567922e-02,2.410195272512164e-02
1609045490226904631,0,1609045490226904631,5.152419111613854e+00,-3.087209636292626e+00,2.552518939447540e+00,5.590521448091719e-01,8.273469209270333e-01,4.996031804476456e-02,2.148809990496059e-02
1609045490328528166,0,1609045490328528166,5.092744301223450e+00,-3.186291577703359e+00,2.548187824504885e+00,5.591794579466369e-01,8.277075173449929e-01,4.337606832911912e-02,1.836072540062819e-02
1609045490431483746,0,1609045490431483746,5.026162913856545e+00,-3.286625238640012e+00,2.543611747791943e+00,5.596002139250578e-01,8.278850245267779e-01,3.574069328638263e-02,1.328870131247365e-02
1609045490534543514,0,1609045490534543514,4.953194054235810e+00,-3.388109238028128e+00,2.542763580610415e+00,5.595551345133607e-01,8.282697920455098e-01,2.855426633155883e-02,7.201173427004500e-03
1609045490637759447,0,1609045490637759447,4.872944861027592e+00,-3.489429495289079e+00,2.538246109698949e+00,5.595832723210423e-01,8.284330347191405e-01,2.371086603311211e-02,1.750187505972643e-03
1609045490740767002,0,1609045490740767002,4.790284043602100e+00,-3.588025878809920e+00,2.533895002466587e+00,5.594752451557172e-01,8.286208357807521e-01,1.894876569320190e-02,-3.988088075571986e-03
1609045490844026327,0,1609045490844026327,4.703822688641086e+00,-3.689527093078634e+00,2.523548454779526e+00,5.592415154620545e-01,8.288181249526128e-01,1.439345676818479e-02,-1.011293903066943e-02
1609045490947177172,0,1609045490947177172,4.617179885331479e+00,-3.792751254672000e+00,2.517857264579505e+00,5.594425130831142e-01,8.286863478576145e-01,8.376673493888870e-03,-1.525918643545444e-02
1609045491050233126,0,1609045491050233126,4.530701863699865e+00,-3.895144142478028e+00,2.514585231779547e+00,5.589242017881771e-01,8.289654337627695e-01,1.689004442759125e-03,-2.042531629577025e-02
1609045491153272152,0,1609045491153272152,4.448633183028958e+00,-3.997374406866363e+00,2.515357042092937e+00,5.589927320756307e-01,8.288204396429660e-01,-3.727703697509593e-03,-2.387275731129319e-02
1609045491256320715,0,1609045491256320715,4.369293653169994e+00,-4.100103775200552e+00,2.508521840056932e+00,5.590420743475214e-01,8.287262416351974e-01,-5.011754788534922e-03,-2.568380517366100e-02
1609045491326826096,0,1609045491326826096,4.304773107598865e+00,-4.182242595124663e+00,2.504618647870580e+00,5.589438848123788e-01,8.287925095071706e-01,-5.339836407916299e-03,-2.561632219169546e-02
1609045491428561926,0,1609045491428561926,4.220681441367432e+00,-4.292577599087006e+00,2.499598576868531e+00,5.591411520112856e-01,8.287354718804321e-01,-3.911322372540383e-03,-2.331075570950331e-02
1609045491531446934,0,1609045491531446934,4.139561632688708e+00,-4.401286150748980e+00,2.496875227256280e+00,5.591378685775055e-01,8.288245823356097e-01,-8.319651259232598e-04,-2.034609231954113e-02
1609045491634582758,0,1609045491634582758,4.062719798768729e+00,-4.506849251747536e+00,2.488518492321783e+00,5.590293173556431e-01,8.289910938285374e-01,3.678453946828953e-03,-1.569897022895575e-02
1609045491737748384,0,1609045491737748384,3.989394527174210e+00,-4.609773917992513e+00,2.480906767541787e+00,5.596596048703218e-01,8.286183965659818e-01,7.632964478328788e-03,-1.069660702892132e-02
1609045491840782166,0,1609045491840782166,3.915937631789587e+00,-4.709346005836400e+00,2.469205377672600e+00,5.597753329026398e-01,8.285528398435380e-01,1.130653648862686e-02,-4.891880356262084e-03
1609045491943915844,0,1609045491943915844,3.839438027617663e+00,-4.809793227814064e+00,2.450949857194584e+00,5.594571133521716e-01,8.287838440416634e-01,1.116852952509748e-02,5.849130438134345e-04
1609045492047204494,0,1609045492047204494,3.760907229663183e+00,-4.906601253109359e+00,2.442869618124733e+00,5.597218108688310e-01,8.286406753242037e-01,6.876778697827256e-03,4.339994302903835e-03
1609045492150943041,0,1609045492150943041,3.681623294602725e+00,-5.003531182841441e+00,2.430684440042022e+00,5.596648692215487e-01,8.286908847833562e-01,-2.466132093549894e-03,6.369444916614706e-03
1609045492253328323,0,1609045492253328323,3.599759742254753e+00,-5.098444329328408e+00,2.413469629442993e+00,5.595761180550385e-01,8.286120226745596e-01,-1.302249925386500e-02,1.034884025655994e-02
1609045492356561899,0,1609045492356561899,3.516118194450485e+00,-5.181879301784458e+00,2.414581312638757e+00,5.589365622473524e-01,8.285460172148932e-01,-2.773026631627218e-02,1.823318596192679e-02
1609045492426827431,0,1609045492426827431,3.442979533894987e+00,-5.238249754842715e+00,2.406865897132702e+00,5.587511782466151e-01,8.279712009448721e-01,-3.773084132125804e-02,2.893431918951311e-02
1609045492528734684,0,1609045492528734684,3.344719016900580e+00,-5.309669739205065e+00,2.398556587148334e+00,5.581934768079009e-01,8.278377053269973e-01,-4.315333394689839e-02,3.525004761913943e-02
1609045492631562710,0,1609045492631562710,3.243988780557852e+00,-5.365185887765339e+00,2.391622611985822e+00,5.577817205639050e-01,8.277245079008121e-01,-4.625410431586085e-02,4.015282130698284e-02
1609045492734082699,0,1609045492734082699,3.144405986912900e+00,-5.406263468068160e+00,2.386895946828466e+00,5.573125006447385e-01,8.277140954365817e-01,-4.856322683913687e-02,4.397460448401111e-02
1609045492836926699,0,1609045492836926699,3.043688983867522e+00,-5.430275851679319e+00,2.380445868248397e+00,5.570101027139659e-01,8.276083442819572e-01,-5.168407075748473e-02,4.618366355361247e-02
1609045492940223455,0,1609045492940223455,2.940081436769339e+00,-5.436613750391262e+00,2.380533371614250e+00,5.566732169171106e-01,8.272945658436527e-01,-5.602421616791815e-02,5.059563316464587e-02
1609045493043323517,0,1609045493043323517,2.831691891864791e+00,-5.418867362233957e+00,2.388352943872492e+00,5.566406574724015e-01,8.273301708873579e-01,-5.779348435700626e-02,4.833094199277439e-02
1609045493146561384,0,1609045493146561384,2.719793661859973e+00,-5.381835073234863e+00,2.390050798371279e+00,5.569313096668529e-01,8.278966979529440e-01,-5.178252812243177e-02,4.163104145310566e-02
1609045493249701738,0,1609045493249701738,2.610105647254032e+00,-5.338840552043302e+00,2.396844693281468e+00,5.579198134216572e-01,8.285712466533617e-01,-4.014963404949817e-02,2.414907651183829e-02
1609045493352847576,0,1609045493352847576,2.500685328683122e+00,-5.290498993136122e+00,2.399797730812978e+00,5.581581281547174e-01,8.292267428243616e-01,-2.845099761739147e-02,5.749234222439218e-03
1609045493456203938,0,1609045493456203938,2.391191680597689e+00,-5.233623587697000e+00,2.413730587979082e+00,5.585242543473010e-01,8.292082700829824e-01,-2.001708348856801e-02,-7.976120626033412e-03
1609045493526276112,0,1609045493526276112,2.307144714344217e+00,-5.191695011376726e+00,2.415299047298482e+00,5.588585164627102e-01,8.289420285135395e-01,-1.497851391941546e-02,-1.754753719392958e-02
1609045493628644705,0,1609045493628644705,2.194291169053574e+00,-5.131567489738399e+00,2.422407135288188e+00,5.586855756950113e-01,8.287541668208231e-01,-1.062627852807634e-02,-3.039803763319645e-02
1609045493731296778,0,1609045493731296778,2.088210557537692e+00,-5.071843115372885e+00,2.426595649374428e+00,5.588341458536271e-01,8.283137092808778e-01,-1.250888829374040e-02,-3.800426500938155e-02
1609045493834475279,0,1609045493834475279,1.990573240721201e+00,-5.011765998835267e+00,2.439638541660594e+00,5.584427763050941e-01,8.283352151938145e-01,-1.900629575083914e-02,-4.051169688073774e-02
1609045493937583923,0,1609045493937583923,1.899391163353166e+00,-4.947354674374727e+00,2.460218877691815e+00,5.586872997391411e-01,8.280104733301219e-01,-2.629306454541750e-02,-3.969674952026821e-02
1609045494041458130,0,1609045494041458130,1.818077629137060e+00,-4.880510711424552e+00,2.484881121296195e+00,5.585911622733308e-01,8.280312431398847e-01,-2.898090059085423e-02,-3.873346376376072e-02
1609045494143748522,0,1609045494143748522,1.748630012722416e+00,-4.813622448693125e+00,2.528209548050655e+00,5.585353969259811e-01,8.280406342669311e-01,-2.858183966427695e-02,-3.962318544503113e-02
1609045494246794701,0,1609045494246794701,1.685741237518510e+00,-4.744954231634760e+00,2.568310308884747e+00,5.588195905245845e-01,8.279695734801271e-01,-2.240989486357728e-02,-4.104689085820522e-02
1609045494349822760,0,1609045494349822760,1.631975741163897e+00,-4.678603637119337e+00,2.608277145917325e+00,5.590119679180818e-01,8.278135612758616e-01,-1.455182566637280e-02,-4.492851946986254e-02
1609045494453042746,0,1609045494453042746,1.585573212785158e+00,-4.615956326424710e+00,2.647114793546284e+00,5.590567037571887e-01,8.275864347808496e-01,-5.341778851867035e-03,-5.027683710632701e-02
1609045494556214094,0,1609045494556214094,1.545374572642696e+00,-4.557597821823830e+00,2.686590999306264e+00,5.590501138298616e-01,8.272648066616856e-01,1.876700145438699e-03,-5.560924277704232e-02
1609045494626514673,0,1609045494626514673,1.518020989151360e+00,-4.517887190062253e+00,2.710821898206194e+00,5.590979134743990e-01,8.267585802725468e-01,6.110608542103472e-03,-6.198736611108519e-02
1609045494728860855,0,1609045494728860855,1.488652444432623e+00,-4.469209861579319e+00,2.749124542609670e+00,5.588446471158911e-01,8.262823801893605e-01,7.200283870603195e-03,-6.998745952347593e-02
1609045494831441402,0,1609045494831441402,1.467492903656779e+00,-4.428483587939411e+00,2.787388413819178e+00,5.591939723991218e-01,8.259392381509788e-01,4.949181063150838e-03,-7.142815776514098e-02
1609045494934530973,0,1609045494934530973,1.455769569030254e+00,-4.395218439221342e+00,2.835093586066839e+00,5.593191213069514e-01,8.258509338518890e-01,7.867572725224629e-04,-7.163614038475256e-02
1609045495037622690,0,1609045495037622690,1.455203315713310e+00,-4.368922531370198e+00,2.888518849877953e+00,5.590840504777368e-01,8.259217523892844e-01,-3.304543319028800e-03,-7.257660383981045e-02
1609045495140600681,0,1609045495140600681,1.467117745594832e+00,-4.352823984893928e+00,2.938293387536693e+00,5.592011037226973e-01,8.259976318763513e-01,-4.148255047966924e-03,-7.074482108169905e-02
1609045495243647814,0,1609045495243647814,1.488123776589059e+00,-4.345265823556507e+00,2.981945819391638e+00,5.593994799695351e-01,8.261936043234579e-01,-3.991141889527633e-03,-6.678638162898792e-02
1609045495346754313,0,1609045495346754313,1.514927938633346e+00,-4.340060962359227e+00,3.020304800590209e+00,5.595029337701810e-01,8.269487517114731e-01,-6.373533343992694e-03,-5.542208240367166e-02
1609045495449990034,0,1609045495449990034,1.549750954614866e+00,-4.338532441609736e+00,3.063604655737999e+00,5.594596008076990e-01,8.279873564565582e-01,-7.302308672660776e-03,-3.726350627718839e-02
1609045495553039551,0,1609045495553039551,1.588732389333972e+00,-4.337373383130566e+00,3.116645372545860e+00,5.592081861239936e-01,8.285209993980304e-01,-1.123430720705170e-02,-2.670109491816650e-02
1609045495656102896,0,1609045495656102896,1.627195545399015e+00,-4.335414417151946e+00,3.166054595571666e+00,5.587366638124457e-01,8.290008550298549e-01,-1.349992989474659e-02,-1.971483614424107e-02
1609045495726347208,0,1609045495726347208,1.660172925257481e+00,-4.332523930405300e+00,3.206105981162870e+00,5.586156838006233e-01,8.290270299874773e-01,-1.616427368296093e-02,-2.003540911131477e-02
1609045495828800201,0,1609045495828800201,1.706697678965262e+00,-4.327591762033578e+00,3.264435157089103e+00,5.588550093852819e-01,8.288283745006216e-01,-1.676129680267748e-02,-2.106331020945228e-02
1609045495932045221,0,1609045495932045221,1.755690037516812e+00,-4.321168648912264e+00,3.319491674524231e+00,5.586759841615807e-01,8.288834045767667e-01,-1.606554839827297e-02,-2.398633971312860e-02
1609045496034153700,0,1609045496034153700,1.805941642933111e+00,-4.314542881311179e+00,3.371112425631771e+00,5.587833770178071e-01,8.287708556662134e-01,-1.587327297026641e-02,-2.545673922427692e-02
1609045496137261152,0,1609045496137261152,1.858536267132077e+00,-4.304028860506413e+00,3.421909472042143e+00,5.586473728592564e-01,8.288591986375941e-01,-1.699410312379607e-02,-2.483429262468530e-02
1609045496240381002,0,1609045496240381002,1.913415094605859e+00,-4.293326406750564e+00,3.470450882972658e+00,5.586865324262713e-01,8.288093483156350e-01,-1.798125075928935e-02,-2.492182278864816e-02
1609045496343482733,0,1609045496343482733,1.971989637785832e+00,-4.281572848039565e+00,3.526281148284522e+00,5.584713997052747e-01,8.289788447335915e-01,-1.574179005226557e-02,-2.561184767246774e-02
1609045496446570158,0,1609045496446570158,2.031470903518820e+00,-4.266351138959003e+00,3.575291281570347e+00,5.587136380680021e-01,8.288424227558607e-01,-1.083304469282486e-02,-2.723883293299605e-02
1609045496549943209,0,1609045496549943209,2.093863800055604e+00,-4.254876383695398e+00,3.614540930672149e+00,5.590618421437535e-01,8.285960505736185e-01,-3.758889111919839e-03,-2.939919021223897e-02
1609045496653037310,0,1609045496653037310,2.156480407917544e+00,-4.246272869555997e+00,3.650192816928952e+00,5.589197038967105e-01,8.286972587098477e-01,1.906007415431053e-03,-2.942762542893123e-02
1609045496756282568,0,1609045496756282568,2.218398913681022e+00,-4.238243827143726e+00,3.684524802199758e+00,5.587052862391598e-01,8.289364336937882e-01,2.271036472176662e-03,-2.660139877223206e-02
1609045496826493979,0,1609045496826493979,2.266274960496103e+00,-4.230519932933182e+00,3.714828688948940e+00,5.587139915881906e-01,8.291081860989499e-01,6.191664453013277e-04,-2.044279775537090e-02
1609045496928458691,0,1609045496928458691,2.334631185352168e+00,-4.222564246287294e+00,3.754388288447961e+00,5.584836850774036e-01,8.292990846803481e-01,-5.607660785594167e-03,-1.809850245373488e-02
1609045497031264067,0,1609045497031264067,2.405302876403944e+00,-4.215432981839188e+00,3.790524926274355e+00,5.582540799955282e-01,8.293756926722148e-01,-1.335293218163647e-02,-1.760800314735441e-02
1609045497134283781,0,1609045497134283781,2.475084870592098e+00,-4.206466466621688e+00,3.823655918026644e+00,5.583661632832847e-01,8.290606262680992e-01,-2.245170446450214e-02,-1.953526653886769e-02
1609045497237334490,0,1609045497237334490,2.546418384577008e+00,-4.196206650944396e+00,3.849260777181903e+00,5.579972388742185e-01,8.291655191161799e-01,-2.696219747340127e-02,-1.991640592082419e-02
1609045497341104031,0,1609045497341104031,2.618745830609915e+00,-4.181505779951660e+00,3.870622826059380e+00,5.581320767490547e-01,8.290157042876901e-01,-2.738594319393951e-02,-2.171536468502835e-02
1609045497443779230,0,1609045497443779230,2.691989623647501e+00,-4.165054450404272e+00,3.889273928695316e+00,5.581957032544906e-01,8.290143578287466e-01,-2.454136088039672e-02,-2.346216077020161e-02
1609045497546861649,0,1609045497546861649,2.768780435150859e+00,-4.147179369649189e+00,3.911662122880639e+00,5.580248269102315e-01,8.292168892999104e-01,-1.932602232806160e-02,-2.518229362895571e-02
1609045497649606228,0,1609045497649606228,2.844830561550137e+00,-4.128263854195511e+00,3.921645307911122e+00,5.586113964454149e-01,8.290800003535972e-01,-8.549982159662201e-03,-2.250685628662480e-02
1609045497753050566,0,1609045497753050566,2.921298443171837e+00,-4.111779696600505e+00,3.922234015119623e+00,5.585288716778304e-01,8.292013851655901e-01,1.637238262377961e-03,-2.163057540803665e-02
1609045497855965376,0,1609045497855965376,2.995380151031521e+00,-4.094605136329820e+00,3.915955739583909e+00,5.585414127883928e-01,8.292757795476519e-01,9.392558430800002e-03,-1.565092655272760e-02
1609045497926175117,0,1609045497926175117,3.052827049879955e+00,-4.079458582198380e+00,3.917380170783390e+00,5.582477592026832e-01,8.295151172160657e-01,1.325529352741115e-02,-9.402491614259037e-03
1609045498027873278,0,1609045498027873278,3.131939665001558e+00,-4.060384391164223e+00,3.914520827836986e+00,5.583757028694523e-01,8.294877673254594e-01,1.160623203108860e-02,-5.649219447471552e-03
1609045498131158590,0,1609045498131158590,3.206558107131353e+00,-4.044797800035933e+00,3.912026982379423e+00,5.583810116665112e-01,8.295139495182852e-01,1.082829967325323e-02,-3.592910946347059e-05
1609045498233927488,0,1609045498233927488,3.275723765796843e+00,-4.026928337555714e+00,3.912663662513155e+00,5.580304454750840e-01,8.297635155192352e-01,8.493246717471202e-03,4.732335162565000e-03
1609045498337330580,0,1609045498337330580,3.335873450649576e+00,-4.011138209125191e+00,3.913420894203397e+00,5.580791346000396e-01,8.296811842598065e-01,9.986054390185644e-03,8.780132509615127e-03
1609045498440521955,0,1609045498440521955,3.387271764642429e+00,-3.995299899985553e+00,3.906984678750735e+00,5.580200236663224e-01,8.297130053418666e-01,1.048193115058178e-02,8.950478937645624e-03
1609045498543534279,0,1609045498543534279,3.430535039229905e+00,-3.982927586063248e+00,3.893889392151471e+00,5.581284896248223e-01,8.296202500796509e-01,1.050433250837222e-02,1.060607021001505e-02
1609045498646720171,0,1609045498646720171,3.471220360596541e+00,-3.971258824864483e+00,3.892143564587129e+00,5.581020528656069e-01,8.296913814661315e-01,6.291736697827345e-03,9.732633620847390e-03
1609045498750161171,0,1609045498750161171,3.511359639899357e+00,-3.953350543095301e+00,3.916637232745072e+00,5.581666715367798e-01,8.296221796586052e-01,3.581995175017036e-03,1.281308372243085e-02
1609045498853021860,0,1609045498853021860,3.545200502609803e+00,-3.933922539608302e+00,3.918257639332372e+00,5.580633160238125e-01,8.296661449390536e-01,9.066066994244185e-03,1.171450722755987e-02
1609045498955959320,0,1609045498955959320,3.567964999848206e+00,-3.915083839213126e+00,3.913772224534584e+00,5.581618410486414e-01,8.293449521353057e-01,1.941243255435474e-02,1.629315890351581e-02
1609045499026285410,0,1609045499026285410,3.578037533299686e+00,-3.899774426087824e+00,3.911473573166172e+00,5.579116194775716e-01,8.291949402203536e-01,2.716416698598006e-02,2.079624958229435e-02
1609045499128592491,0,1609045499128592491,3.584716190651839e+00,-3.880863055111306e+00,3.899722163488280e+00,5.577960361440346e-01,8.289813264354746e-01,3.229270511247000e-02,2.471282419424564e-02
1609045499232070923,0,1609045499232070923,3.579275935216329e+00,-3.863019917498709e+00,3.881401363705925e+00,5.578749503614594e-01,8.290060216564843e-01,3.095796527882488e-02,2.379412116753009e-02
1609045499334758759,0,1609045499334758759,3.563724950380222e+00,-3.845848362935382e+00,3.870603053271107e+00,5.581119160362507e-01,8.292612843550933e-01,2.186750187747802e-02,1.893736543390196e-02
1609045499438057184,0,1609045499438057184,3.545366771834766e+00,-3.827476186922751e+00,3.879313801013848e+00,5.587912806381655e-01,8.291833285624698e-01,8.965798553976842e-03,1.126617827687901e-02
1609045499542065859,0,1609045499542065859,3.521758649657573e+00,-3.808801086613301e+00,3.873113907889825e+00,5.585942596231216e-01,8.294249947764503e-01,7.554866211688857e-04,5.104938393659657e-03
1609045499644336939,0,1609045499644336939,3.489898913205501e+00,-3.789563757310115e+00,3.865810383124415e+00,5.585722363015423e-01,8.294379898249344e-01,-4.816464263561485e-03,2.545494081487621e-03
1609045499746948004,0,1609045499746948004,3.459014372678657e+00,-3.767446933546868e+00,3.860034496706067e+00,5.585452569993559e-01,8.293364576127111e-01,-1.462736588602756e-02,-3.778375975794738e-03
1609045499850100040,0,1609045499850100040,3.429599043525767e+00,-3.744995653113643e+00,3.861766484485265e+00,5.587692661639541e-01,8.290143786945712e-01,-2.124167664226387e-02,-7.801171804964402e-03
1609045499953138590,0,1609045499953138590,3.400891549474094e+00,-3.719511750638077e+00,3.861544079208890e+00,5.588367330554487e-01,8.287432441274353e-01,-2.681283671742830e-02,-1.293108224649922e-02
1609045500056226015,0,1609045500056226015,3.376581273111213e+00,-3.690857621904345e+00,3.861288247131102e+00,5.587505043759274e-01,8.286966780614031e-01,-2.854596136509513e-02,-1.564665201369415e-02
1609045500126580715,0,1609045500126580715,3.359370836672272e+00,-3.666737493377276e+00,3.860758507659730e+00,5.589460740884190e-01,8.286025980395163e-01,-2.640636688791262e-02,-1.731255529789166e-02
1609045500228381634,0,1609045500228381634,3.338014619059531e+00,-3.629454805308110e+00,3.856820285112441e+00,5.589141610244062e-01,8.286783401898501e-01,-2.423406632180885e-02,-1.788516524784288e-02
1609045500331590652,0,1609045500331590652,3.319082008156524e+00,-3.588505956682197e+00,3.851292222472622e+00,5.588997799061886e-01,8.287104867540246e-01,-2.236007650956022e-02,-1.923517982918398e-02
1609045500434708595,0,1609045500434708595,3.303694795022047e+00,-3.545585471336648e+00,3.846105262257045e+00,5.589147194040365e-01,8.287024646912140e-01,-2.013779066426950e-02,-2.147162861148350e-02
1609045500538223743,0,1609045500538223743,3.292507029906611e+00,-3.499256600753020e+00,3.845533629519890e+00,5.587162336776330e-01,8.288330556401516e-01,-1.781209213471659e-02,-2.355133705180185e-02
1609045500641588688,0,1609045500641588688,3.284172310950904e+00,-3.452975996102462e+00,3.839309221135322e+00,5.587753389896444e-01,8.287242429942694e-01,-1.573867284256384e-02,-2.717616212033310e-02
1609045500743820190,0,1609045500743820190,3.280811023371272e+00,-3.405972375199079e+00,3.838135335901623e+00,5.589111929035381e-01,8.286124116488743e-01,-1.418597068985186e-02,-2.860957783715785e-02
1609045500847210407,0,1609045500847210407,3.280597563118078e+00,-3.358991103010089e+00,3.832630098880031e+00,5.588873559385276e-01,8.285511000814247e-01,-1.252514084431560e-02,-3.148203888862321e-02
1609045500949757576,0,1609045500949757576,3.285229080438854e+00,-3.313405263442395e+00,3.831754390085643e+00,5.593457682136316e-01,8.281220294739768e-01,-1.143854961904042e-02,-3.486223549729737e-02
1609045501052808523,0,1609045501052808523,3.296715826157577e+00,-3.269163975496467e+00,3.836276227983453e+00,5.594641173791659e-01,8.280401237722820e-01,-7.448022306478039e-03,-3.597195785483268e-02
1609045501156122208,0,1609045501156122208,3.312096905837751e+00,-3.226442870672236e+00,3.843383708773792e+00,5.618865635353454e-01,8.261524245851005e-01,-2.289387159339482e-03,-4.183801831933454e-02
1609045501226469994,0,1609045501226469994,3.326683359337532e+00,-3.196604740589793e+00,3.844873188948014e+00,5.629335478398966e-01,8.250358756639095e-01,1.126893002363969e-02,-4.790235693418599e-02
1609045501328552246,0,1609045501328552246,3.351057976727530e+00,-3.162991882085586e+00,3.839511670001178e+00,5.634401548872733e-01,8.238634355477976e-01,2.902605128169937e-02,-5.423762324101015e-02
1609045501431557417,0,1609045501431557417,3.375258257358575e+00,-3.144274641780360e+00,3.818564244361499e+00,5.635118062534262e-01,8.231523920805777e-01,4.276967091207706e-02,-5.518458910740104e-02
1609045501534249067,0,1609045501534249067,3.399243676172545e+00,-3.138681370185060e+00,3.793555328976789e+00,5.635945117018580e-01,8.233709556125075e-01,4.876701439157284e-02,-4.520258997532307e-02
1609045501637944698,0,1609045501637944698,3.422392948041969e+00,-3.142585771238085e+00,3.773526248667094e+00,5.634645328263277e-01,8.243550939229307e-01,4.483577212943472e-02,-3.059661594911843e-02
1609045501741991758,0,1609045501741991758,3.442030999544492e+00,-3.152611936532317e+00,3.763252006062818e+00,5.639328890117784e-01,8.249018414217465e-01,3.751738069665938e-02,-1.044484826887300e-02
1609045501844245434,0,1609045501844245434,3.462773747205142e+00,-3.165076639152994e+00,3.765241414187550e+00,5.640321101420739e-01,8.253313392878292e-01,2.636639964821957e-02,8.786850884505500e-04
1609045501947316408,0,1609045501947316408,3.480070358838876e+00,-3.177932106794294e+00,3.766189030143546e+00,5.652451273999773e-01,8.246241822954048e-01,1.951670176303872e-02,1.058311279205183e-02
1609045502050049782,0,1609045502050049782,3.491222978390285e+00,-3.192811192568342e+00,3.771141313130092e+00,5.706774468905990e-01,8.208846874110538e-01,1.617759172975147e-02,1.462419605218732e-02
1609045502152913094,0,1609045502152913094,3.496142803777597e+00,-3.210114427797840e+00,3.775904816543767e+00,5.784946834285877e-01,8.153674163343791e-01,1.732673557485630e-02,1.482099386834166e-02
1609045502255792856,0,1609045502255792856,3.492348034483408e+00,-3.225917232448847e+00,3.779235762924727e+00,5.878284131309466e-01,8.086190614675045e-01,1.961798445625672e-02,1.442583907846236e-02
1609045502326055527,0,1609045502326055527,3.480730962137604e+00,-3.242657639014162e+00,3.777021536002720e+00,5.978962751157316e-01,8.011551226239232e-01,2.274122865760182e-02,1.238346539591933e-02
1609045502428059340,0,1609045502428059340,3.457686575897806e+00,-3.262534557161500e+00,3.771572104374861e+00,6.065143059598623e-01,7.946684935774782e-01,2.302613525464696e-02,1.059146243259018e-02
1609045502532258749,0,1609045502532258749,3.422184337163106e+00,-3.282540256537129e+00,3.765905563261537e+00,6.136666805247515e-01,7.892414436165488e-01,2.156411324866899e-02,6.792489345119254e-03
1609045502635232210,0,1609045502635232210,3.387425217081900e+00,-3.300635319421980e+00,3.776792373864742e+00,6.153751351988640e-01,7.880051638156566e-01,1.896011577364401e-02,-1.348624706440327e-03
1609045502738576889,0,1609045502738576889,3.351183532009461e+00,-3.324178520486052e+00,3.775144146034657e+00,6.162732029304528e-01,7.871807118478599e-01,1.989406694480969e-02,-1.257347783407254e-02
1609045502842058897,0,1609045502842058897,3.311266448537932e+00,-3.351914161385873e+00,3.773699379392454e+00,6.163150491238079e-01,7.868878766379731e-01,2.073758290074054e-02,-2.309074444547239e-02
1609045502944495440,0,1609045502944495440,3.267850449724255e+00,-3.383540425970277e+00,3.756746698750507e+00,6.163189440405031e-01,7.866243583218733e-01,2.163454520063618e-02,-3.008362620053269e-02
1609045503047303438,0,1609045503047303438,3.225079656317700e+00,-3.421601797548809e+00,3.746244300458428e+00,6.160770299368339e-01,7.868118292076552e-01,1.698185211098795e-02,-3.298265152933308e-02
1609045503150174379,0,1609045503150174379,3.184454799217290e+00,-3.464592440929724e+00,3.737450260575147e+00,6.157671860350513e-01,7.870439698162637e-01,8.501643895094106e-03,-3.633571561594008e-02
1609045503253155231,0,1609045503253155231,3.144586768945416e+00,-3.509503570624393e+00,3.722688314800374e+00,6.157572685586820e-01,7.873087083207323e-01,1.612664941082316e-03,-3.139081603254509e-02
1609045503356381178,0,1609045503356381178,3.109499477349050e+00,-3.560829316140422e+00,3.712774464416125e+00,6.154244282808515e-01,7.876690207713730e-01,-7.655388654201803e-03,-2.777916155531899e-02
1609045503426537275,0,1609045503426537275,3.082738367180423e+00,-3.596484177839516e+00,3.710212452129001e+00,6.155524841867334e-01,7.876652857241291e-01,-1.920791514055006e-02,-1.759525141994801e-02
1609045503528420687,0,1609045503528420687,3.046391081852775e+00,-3.641578557050095e+00,3.707305035605794e+00,6.150741599350208e-01,7.879532117154179e-01,-2.639829167640544e-02,-1.080019092716102e-02
1609045503631402016,0,1609045503631402016,3.013215564570740e+00,-3.679658002547277e+00,3.704328573819062e+00,6.152076474571506e-01,7.878127844915213e-01,-2.804583253432727e-02,-9.165062974168831e-03
1609045503734505177,0,1609045503734505177,2.984258823406329e+00,-3.712936141889774e+00,3.697505318562915e+00,6.152215239990022e-01,7.878007726010821e-01,-2.741219134384414e-02,-1.099958467949011e-02
1609045503837780714,0,1609045503837780714,2.959385739068619e+00,-3.742089799868729e+00,3.686951680454013e+00,6.154850922982719e-01,7.876272029444145e-01,-2.541744636782511e-02,-1.324551850987809e-02
1609045503941920996,0,1609045503941920996,2.936978373587741e+00,-3.768753987617194e+00,3.674161613982203e+00,6.153672454392654e-01,7.877638170257788e-01,-2.330710850816770e-02,-1.442568952820946e-02
1609045504044108629,0,1609045504044108629,2.918321888549151e+00,-3.789222076802561e+00,3.665213796471980e+00,6.154350501646428e-01,7.877376353604112e-01,-2.237704864950878e-02,-1.443553113944531e-02
1609045504147205353,0,1609045504147205353,2.901550589632973e+00,-3.805563239224726e+00,3.661103049185094e+00,6.155570595048723e-01,7.877123159149713e-01,-1.867726769246610e-02,-1.581055094045831e-02
1609045504250096083,0,1609045504250096083,2.888183385314044e+00,-3.820617550629610e+00,3.651354729543270e+00,6.158502335452127e-01,7.874599125339987e-01,-1.694459713406595e-02,-1.866163503362610e-02
1609045504353138924,0,1609045504353138924,2.876675289348580e+00,-3.833034941939758e+00,3.646196448425465e+00,6.157467304714610e-01,7.875355084989620e-01,-1.344799196725575e-02,-2.151600053319484e-02
1609045504456889629,0,1609045504456889629,2.867508229222278e+00,-3.845879894322970e+00,3.636239462274660e+00,6.158875055955472e-01,7.874620752152847e-01,-1.000967400287487e-02,-2.204239041472877e-02
1609045504526546478,0,1609045504526546478,2.861974497830216e+00,-3.855445421711000e+00,3.626689799322993e+00,6.161687959075818e-01,7.872828587387698e-01,-7.670484846434051e-03,-2.151462172661917e-02
1609045504628375530,0,1609045504628375530,2.854909754235714e+00,-3.869439049215055e+00,3.615504613134390e+00,6.161623806493909e-01,7.873147564423081e-01,-7.365045993758142e-03,-2.061919149923266e-02
1609045504732987404,0,1609045504732987404,2.853308324184784e+00,-3.882576257155821e+00,3.611243394420051e+00,6.162385876313131e-01,7.872408255434438e-01,-8.843724007079235e-03,-2.058334903355417e-02
1609045504834612131,0,1609045504834612131,2.852003394974432e+00,-3.894788910958167e+00,3.609981051661780e+00,6.165787685922459e-01,7.869983910349849e-01,-8.176769322122279e-03,-1.993226211386988e-02
1609045504937763929,0,1609045504937763929,2.853189178296687e+00,-3.905544739398838e+00,3.605108627950768e+00,6.165018057068571e-01,7.871467728143154e-01,-6.310555635550315e-03,-1.690143472227170e-02
1609045505040839434,0,1609045505040839434,2.855978320781694e+00,-3.917523546044391e+00,3.612664703013731e+00,6.162032844791167e-01,7.874247776497796e-01,-1.326212367016685e-03,-1.593652725685153e-02
1609045505144020557,0,1609045505144020557,2.857659684398438e+00,-3.929053956191058e+00,3.611318789835260e+00,6.164233073216960e-01,7.872789075794100e-01,4.561122953055982e-03,-1.390769673479537e-02
1609045505246947050,0,1609045505246947050,2.855131616110556e+00,-3.941345568155778e+00,3.608314999564445e+00,6.165346676942630e-01,7.871814210977885e-01,9.376612079791536e-03,-1.193704131696585e-02
1609045505350232363,0,1609045505350232363,2.848551032687468e+00,-3.955675885339955e+00,3.607379589257316e+00,6.162579798706715e-01,7.874384708872133e-01,1.021012337194399e-02,-7.906338796378877e-03
1609045505453356743,0,1609045505453356743,2.839358476048168e+00,-3.970310706147406e+00,3.607251620943209e+00,6.161682285096669e-01,7.875735238320272e-01,5.222149837356870e-03,-6.114563356988036e-03
1609045505556176186,0,1609045505556176186,2.830805801286544e+00,-3.984771098493604e+00,3.623752561624676e+00,6.166044098187434e-01,7.872485146667959e-01,-2.513509048116120e-03,-5.697387048042061e-03
1609045505626456499,0,1609045505626456499,2.825636345053873e+00,-3.994255084288975e+00,3.634372032910671e+00,6.166318484173373e-01,7.871507628962430e-01,-1.011836738801641e-02,-7.513895833027611e-03
1609045505728200436,0,1609045505728200436,2.814292831536122e+00,-4.005615090999235e+00,3.644926229463063e+00,6.162952321483566e-01,7.873001490281349e-01,-1.553004404284871e-02,-9.873191146447791e-03
1609045505831598997,0,1609045505831598997,2.803852140973226e+00,-4.011826401199277e+00,3.664917825078041e+00,6.163844220046296e-01,7.870865128387029e-01,-2.024295306994537e-02,-1.246147938021318e-02
1609045505934491634,0,1609045505934491634,2.799078826414472e+00,-4.018136711682343e+00,3.686518283129913e+00,6.163656386694517e-01,7.869189748448613e-01,-2.423950359331434e-02,-1.625954987586346e-02
1609045506037725210,0,1609045506037725210,2.794800424677794e+00,-4.020748655187177e+00,3.702306532907599e+00,6.163732770365604e-01,7.868358983733106e-01,-2.529321394835944e-02,-1.826213882179554e-02
1609045506140821218,0,1609045506140821218,2.794242497144718e+00,-4.020684720411098e+00,3.717247569322447e+00,6.161567521834029e-01,7.869542985424274e-01,-2.612580033138999e-02,-1.926736363251796e-02
1609045506243830681,0,1609045506243830681,2.798062292692851e+00,-4.018046867542014e+00,3.732508593505697e+00,6.160331395601684e-01,7.870616520964794e-01,-2.576245599403671e-02,-1.932414613542939e-02
1609045506346751690,0,1609045506346751690,2.806573052431703e+00,-4.011981380430826e+00,3.748441115457206e+00,6.161985200877261e-01,7.869978355022847e-01,-2.448309312760213e-02,-1.828575694975257e-02
1609045506449963808,0,1609045506449963808,2.818260318124655e+00,-4.003670867168533e+00,3.762155784833000e+00,6.160924083891325e-01,7.870929402971780e-01,-2.398096501087512e-02,-1.843260634507283e-02
1609045506553072214,0,1609045506553072214,2.831646822606212e+00,-3.990915836669576e+00,3.771805738128098e+00,6.158105571796816e-01,7.874811964199098e-01,-2.071810990525461e-02,-1.488230066129952e-02
1609045506656329632,0,1609045506656329632,2.845273344226002e+00,-3.976822266543141e+00,3.777236755150063e+00,6.157867995679801e-01,7.875910785428167e-01,-1.840709303511418e-02,-1.296492975238150e-02
1609045506726484537,0,1609045506726484537,2.856082389614977e+00,-3.963105112640570e+00,3.781599021583016e+00,6.156674589663835e-01,7.877542146516970e-01,-1.656537780838297e-02,-1.106641433932063e-02
1609045506828380585,0,1609045506828380585,2.875768875903614e+00,-3.942982009542078e+00,3.788117830554059e+00,6.161826979112304e-01,7.874140833770236e-01,-1.452053135597355e-02,-9.332645037663215e-03
1609045506931493759,0,1609045506931493759,2.905501563745169e+00,-3.921013007926814e+00,3.808962330982184e+00,6.179764060977596e-01,7.860520553122780e-01,-1.168037366984985e-02,-9.533976960010357e-03
1609045507034212351,0,1609045507034212351,2.929133596686654e+00,-3.896574849732059e+00,3.812509543905098e+00,6.224724857774381e-01,7.825917369117847e-01,-3.673352482371659e-03,-8.042651857527415e-03
1609045507137164831,0,1609045507137164831,2.944603098827231e+00,-3.872496521045832e+00,3.824122700409864e+00,6.298977049506129e-01,7.766217542817669e-01,5.448215520928555e-03,-7.605854443436160e-03
1609045507241244793,0,1609045507241244793,2.961829833488272e+00,-3.850339090587931e+00,3.829983089534192e+00,6.370886187689732e-01,7.706543985992964e-01,1.120197622588051e-02,-9.187245678547453e-03
1609045507343786478,0,1609045507343786478,2.975319281371172e+00,-3.830482736446242e+00,3.840960842651268e+00,6.435347431412175e-01,7.652179602348329e-01,1.610281809726269e-02,-6.723611638705054e-03
1609045507446895599,0,1609045507446895599,2.984069103152639e+00,-3.812367651106848e+00,3.832733688023556e+00,6.510246052593163e-01,7.588681586080888e-01,1.569267095275011e-02,-6.310410131652781e-03
1609045507550081730,0,1609045507550081730,2.988634305614640e+00,-3.797585025374549e+00,3.844723351400581e+00,6.598298893847645e-01,7.512594391422575e-01,1.486202788387477e-02,-3.590585089240693e-03
1609045507653067350,0,1609045507653067350,2.997678290073453e+00,-3.780809703075582e+00,3.862723488223684e+00,6.696897149485654e-01,7.425738750836753e-01,8.270777352873281e-03,-5.596425401335424e-03
1609045507756087303,0,1609045507756087303,3.001822183380702e+00,-3.766519801491106e+00,3.874521616079905e+00,6.794010474494093e-01,7.337057432673054e-01,7.441646407856499e-03,-5.892446006884820e-03
1609045507826232672,0,1609045507826232672,2.998938682470178e+00,-3.755686696240726e+00,3.874436755179828e+00,6.894135617658332e-01,7.242936620421185e-01,9.313444476701738e-03,-4.570747307631867e-03
1609045507928315163,0,1609045507928315163,2.994138899695532e+00,-3.740866322507172e+00,3.879873489376165e+00,6.987510669891180e-01,7.152888689337694e-01,9.119673729252363e-03,-5.060821288463717e-03
1609045508031713963,0,1609045508031713963,2.986116966535178e+00,-3.725661912374957e+00,3.879559894119501e+00,7.069699852123645e-01,7.071603513501581e-01,9.645305949971299e-03,-4.964429506026905e-03
1609045508134817362,0,1609045508134817362,2.975447081321823e+00,-3.711879117438064e+00,3.884074589763333e+00,7.146451794736134e-01,6.994142033586459e-01,9.185306620439152e-03,-4.203538703485786e-03
1609045508237956285,0,1609045508237956285,2.963421308804706e+00,-3.702742147390464e+00,3.893909170869168e+00,7.206525443949305e-01,6.931270935384715e-01,9.814760782626332e-03,-1.176490249925219e-02
1609045508341484070,0,1609045508341484070,2.940741164540633e+00,-3.690890256934656e+00,3.903958627263325e+00,7.252387097546535e-01,6.882519615204700e-01,1.523654418319529e-02,-1.029072679594044e-02
1609045508443957090,0,1609045508443957090,2.920364042481407e+00,-3.686041513929539e+00,3.908214766889745e+00,7.265946062217873e-01,6.865857995025745e-01,2.012430909362513e-02,-1.597592921624965e-02
1609045508546892166,0,1609045508546892166,2.896774101843662e+00,-3.685347309220764e+00,3.908459759870603e+00,7.269739582547244e-01,6.859522004018301e-01,2.782246078870301e-02,-1.429522504219681e-02
1609045508649919271,0,1609045508649919271,2.869021986692821e+00,-3.690246763664652e+00,3.909433474828619e+00,7.275006712538409e-01,6.851637172049583e-01,3.379652241787742e-02,-1.229833417790925e-02
1609045508752956390,0,1609045508752956390,2.833812947869346e+00,-3.697731340601508e+00,3.905204829872923e+00,7.287702620433537e-01,6.836051364835970e-01,3.858461470394495e-02,-9.441930027679740e-03
1609045508856057644,0,1609045508856057644,2.787523076894484e+00,-3.708117332094274e+00,3.891006078362876e+00,7.296739200579859e-01,6.825344589359261e-01,4.081662885684471e-02,-7.528981405927205e-03
1609045508926196098,0,1609045508926196098,2.746699942374482e+00,-3.721415288187881e+00,3.891360452542249e+00,7.302091631409899e-01,6.820673344695448e-01,3.930126315124986e-02,-5.842946966436752e-03
1609045509027898312,0,1609045509027898312,2.690622676440384e+00,-3.744172577817224e+00,3.892102587050102e+00,7.314289358434884e-01,6.810043658739956e-01,3.438838497340479e-02,-7.886979797626223e-03
1609045509130988121,0,1609045509130988121,2.629477718317028e+00,-3.771038650769077e+00,3.882901625616287e+00,7.329889278689099e-01,6.795375203450311e-01,2.966338733686055e-02,-8.722013334202194e-03
1609045509234339476,0,1609045509234339476,2.560244247426792e+00,-3.800967404659959e+00,3.863963293696859e+00,7.361779870377255e-01,6.763276290644380e-01,2.378020195233435e-02,-7.577041655206061e-03
1609045509337311268,0,1609045509337311268,2.486930630510150e+00,-3.832037437003006e+00,3.849286676838208e+00,7.396468856613624e-01,6.728420484871395e-01,1.038267405423201e-02,-9.912739204364647e-03
1609045509441241503,0,1609045509441241503,2.408718634395860e+00,-3.864142364770579e+00,3.839986518298832e+00,7.432392145669656e-01,6.689447655217780e-01,-3.558464384942862e-03,-9.783043600104234e-03
1609045509544017076,0,1609045509544017076,2.338120969993040e+00,-3.891700759001789e+00,3.842877250780766e+00,7.443060532988962e-01,6.674967099425643e-01,-1.904259094226419e-02,-9.696441029664648e-03
1609045509647071838,0,1609045509647071838,2.269034142201328e+00,-3.915666830744765e+00,3.840274413244926e+00,7.445194480326873e-01,6.670301010164668e-01,-2.601798475654842e-02,-9.203277037883414e-03
1609045509750555515,0,1609045509750555515,2.201840629513329e+00,-3.935287548700836e+00,3.830028557074481e+00,7.442165891165692e-01,6.672112431058110e-01,-2.983373656555823e-02,-8.987420063595519e-03
1609045509853250980,0,1609045509853250980,2.138757348024463e+00,-3.951614048581029e+00,3.833213493858647e+00,7.440868679504644e-01,6.672462712610419e-01,-3.186804995171955e-02,-1.007838400454884e-02
1609045509956067085,0,1609045509956067085,2.084684943528653e+00,-3.964840554472668e+00,3.836123266351267e+00,7.447991693114419e-01,6.663909782095772e-01,-3.240197111941826e-02,-1.213976199962943e-02
1609045510025903702,0,1609045510025903702,2.043937349446382e+00,-3.973879296358088e+00,3.831338918250875e+00,7.470657268519464e-01,6.639681550536563e-01,-3.006557225738462e-02,-1.162541193297228e-02
1609045510126991510,0,1609045510126991510,1.995852421537800e+00,-3.982451154669445e+00,3.826031219685423e+00,7.537575174232262e-01,6.564432716838596e-01,-2.801704852129613e-02,-1.211944640106962e-02
1609045510229685545,0,1609045510229685545,1.950755644069110e+00,-3.987915309374280e+00,3.822619400507004e+00,7.638029299897303e-01,6.447302134707841e-01,-2.690505376916670e-02,-1.428824897004603e-02
1609045510333101988,0,1609045510333101988,1.914813682020758e+00,-3.991934576157361e+00,3.822728124871413e+00,7.753338810244008e-01,6.307437565720712e-01,-2.732179639159141e-02,-1.652894197586732e-02
1609045510436192989,0,1609045510436192989,1.880702252944657e+00,-3.988779968187925e+00,3.823894257652151e+00,7.876333747562974e-01,6.152963698939220e-01,-2.779907685951550e-02,-1.646983579217351e-02
1609045510539772987,0,1609045510539772987,1.850631508456035e+00,-3.983999593052688e+00,3.827353739540199e+00,7.990437512562932e-01,6.003644604655159e-01,-2.871276360726240e-02,-1.634550073051928e-02
1609045510643602610,0,1609045510643602610,1.825415792401364e+00,-3.974934036050186e+00,3.825636723784213e+00,8.093402176109830e-01,5.863375120090955e-01,-2.982310652924129e-02,-1.695041253765964e-02
1609045510746847630,0,1609045510746847630,1.800287507434445e+00,-3.958392799557033e+00,3.823852731588598e+00,8.168194663628664e-01,5.757440862942537e-01,-3.165379212140831e-02,-1.796507478589343e-02
1609045510850533962,0,1609045510850533962,1.778233262023360e+00,-3.940056782416980e+00,3.820017995473287e+00,8.226113345261501e-01,5.670707155973358e-01,-3.584100282578990e-02,-2.137330899314266e-02
1609045510954157829,0,1609045510954157829,1.768087031114102e+00,-3.923561761262587e+00,3.815703008297685e+00,8.234591140697166e-01,5.653100307073315e-01,-4.059634070423070e-02,-2.629817024925565e-02
1609045511056981564,0,1609045511056981564,1.767400292891516e+00,-3.909358014566125e+00,3.823692629730864e+00,8.238363484658805e-01,5.643804131486682e-01,-4.428059276800424e-02,-2.841917142523908e-02
1609045511127006292,0,1609045511127006292,1.774794525432059e+00,-3.897762048308192e+00,3.826559127300522e+00,8.236161885740332e-01,5.644814207553097e-01,-4.641848712064698e-02,-2.936704946228023e-02
1609045511228661060,0,1609045511228661060,1.788982770163725e+00,-3.877362191327828e+00,3.820200938941269e+00,8.235908126859843e-01,5.651813142237070e-01,-3.982291329333614e-02,-2.612261258519820e-02
1609045511332033873,0,1609045511332033873,1.805384218065055e+00,-3.850983413440404e+00,3.818699453789803e+00,8.238981350460123e-01,5.658224647104902e-01,-2.830655079799218e-02,-1.534733457026817e-02
1609045511434007406,0,1609045511434007406,1.828364542536459e+00,-3.826414988422554e+00,3.820922336782768e+00,8.241006630294704e-01,5.659137042604069e-01,-2.072955969961571e-02,-1.304077755175506e-02
1609045511537137270,0,1609045511537137270,1.850317571879077e+00,-3.797190445818242e+00,3.814231808789654e+00,8.243123482572908e-01,5.659680329426234e-01,-9.873956802709093e-03,-9.583484465974929e-03
1609045511640079975,0,1609045511640079975,1.871958790538842e+00,-3.769199066302372e+00,3.804886108763280e+00,8.243671912873898e-01,5.659492876377649e-01,-3.138279614475682e-03,-1.050185470044905e-02
1609045511743209600,0,1609045511743209600,1.890157499084439e+00,-3.740538401282710e+00,3.798143379007271e+00,8.247510683012095e-01,5.654061027823116e-01,3.599771384020003e-03,-9.415727181416327e-03
1609045511846691132,0,1609045511846691132,1.910037221535060e+00,-3.710805518576765e+00,3.802897878476671e+00,8.243791026114728e-01,5.657339121265029e-01,7.453197857066103e-03,-1.699075304653269e-02
1609045511949824095,0,1609045511949824095,1.928073632272041e+00,-3.682540075854831e+00,3.821760098689380e+00,8.246181835004974e-01,5.650268858934200e-01,1.517083721737119e-02,-2.278849174225909e-02
1609045512053165197,0,1609045512053165197,1.946250838809479e+00,-3.667022817513832e+00,3.829346573748120e+00,8.243650715322303e-01,5.644544534578395e-01,2.669042945157495e-02,-3.318161817636987e-02
1609045512156737804,0,1609045512156737804,1.956514397071717e+00,-3.656541461926012e+00,3.818880789046283e+00,8.237618502841340e-01,5.641152464397862e-01,4.304443566576013e-02,-3.657293136587955e-02
1609045512226394892,0,1609045512226394892,1.956702985973971e+00,-3.655153733817250e+00,3.809327774504639e+00,8.236365322283929e-01,5.633463794611676e-01,5.567370630416665e-02,-3.411975898177886e-02
1609045512328122377,0,1609045512328122377,1.953646556125629e+00,-3.658886089998380e+00,3.799832723784209e+00,8.235688254447980e-01,5.630620499251516e-01,6.072247105407570e-02,-3.175372731640253e-02
1609045512431140423,0,1609045512431140423,1.943496010542282e+00,-3.675833030275268e+00,3.788850699767846e+00,8.233669509001025e-01,5.637389348769369e-01,5.888324970126235e-02,-2.824960838206083e-02
1609045512534356356,0,1609045512534356356,1.919526591711492e+00,-3.700445701244637e+00,3.771149533269661e+00,8.237468057770786e-01,5.641942672880028e-01,5.281931352567362e-02,-1.833436254487688e-02
1609045512637120485,0,1609045512637120485,1.891856104880743e+00,-3.731099654427744e+00,3.763867647594974e+00,8.238152951012815e-01,5.653851202670167e-01,3.972614012062987e-02,-9.479405508486985e-03
1609045512740376234,0,1609045512740376234,1.858668925125709e+00,-3.762959059925266e+00,3.760989172866299e+00,8.240119403309700e-01,5.660429821970987e-01,2.438826464477141e-02,-2.208403237860659e-03
1609045512843489408,0,1609045512843489408,1.817285661849869e+00,-3.794873713451672e+00,3.766193942268357e+00,8.238612213843972e-01,5.666071621246614e-01,1.387381508103225e-02,4.065585195675300e-03
1609045512946624994,0,1609045512946624994,1.770263531384709e+00,-3.823468001795270e+00,3.773234710548315e+00,8.239055733076855e-01,5.666957848481898e-01,3.581066351826237e-03,4.761267840630673e-03
1609045513049850225,0,1609045513049850225,1.716768479316703e+00,-3.851198376141985e+00,3.772329023240900e+00,8.238271864613241e-01,5.668193548226252e-01,-3.828858354853750e-03,3.150506184242127e-03
1609045513153171778,0,1609045513153171778,1.662964446871912e+00,-3.880205273252162e+00,3.779591646815550e+00,8.239181284399817e-01,5.665370568482994e-01,-1.364525187447080e-02,-2.913408097588828e-03
1609045513256530523,0,1609045513256530523,1.617871304217667e+00,-3.911256718561340e+00,3.792724563548776e+00,8.245198057602050e-01,5.651383610481252e-01,-2.492343631268749e-02,-1.282751352353106e-02
1609045513326275826,0,1609045513326275826,1.584889841625006e+00,-3.934257526847611e+00,3.793806583607930e+00,8.254638622828442e-01,5.635388049232845e-01,-2.855385074794932e-02,-1.476837899104329e-02
1609045513427459240,0,1609045513427459240,1.541854304573643e+00,-3.960344730136402e+00,3.793777904762784e+00,8.289450642675535e-01,5.582981437672974e-01,-2.971380996795744e-02,-1.644240218064246e-02
1609045513530428171,0,1609045513530428171,1.504350885788850e+00,-3.982423381611051e+00,3.788546251171943e+00,8.336354475924741e-01,5.513100565932105e-01,-2.891564106618134e-02,-1.652415559247489e-02
1609045513634028912,0,1609045513634028912,1.470718353720565e+00,-3.999980744610245e+00,3.780946661621680e+00,8.388646721948908e-01,5.434055833927003e-01,-2.785815386108927e-02,-1.550344943130443e-02
1609045513737223625,0,1609045513737223625,1.442289147648032e+00,-4.014439386567800e+00,3.770772619539978e+00,8.439472583243353e-01,5.355585384877697e-01,-2.673693279938435e-02,-1.467015487232235e-02
1609045513840231657,0,1609045513840231657,1.418414939711472e+00,-4.026749948929882e+00,3.762684779493053e+00,8.496688857860901e-01,5.264915560828805e-01,-2.653359180037681e-02,-1.286057566481261e-02
1609045513943550587,0,1609045513943550587,1.400297192626649e+00,-4.036314596983523e+00,3.756466300694765e+00,8.555306278730200e-01,5.169507931119004e-01,-2.594760044022552e-02,-1.248776614806131e-02
1609045514046641588,0,1609045514046641588,1.380792886531432e+00,-4.039482515029872e+00,3.750236037240068e+00,8.608570777615582e-01,5.080715494218454e-01,-2.557657458519296e-02,-1.158581754556174e-02
1609045514149871111,0,1609045514149871111,1.364131745539911e+00,-4.040430650554562e+00,3.742084995225883e+00,8.650684206121144e-01,5.008694616154401e-01,-2.580644358358359e-02,-1.097440431551028e-02
1609045514253242254,0,1609045514253242254,1.355351061620786e+00,-4.041982152792980e+00,3.728962481049253e+00,8.674332462556334e-01,4.967438318702488e-01,-2.600674424835400e-02,-1.134804135809975e-02
1609045514356077433,0,1609045514356077433,1.355005158081837e+00,-4.042316077805207e+00,3.721668278876244e+00,8.695173177630791e-01,4.930308577317769e-01,-2.671044146141907e-02,-1.211444390356805e-02
1609045514426181078,0,1609045514426181078,1.353401193561897e+00,-4.042093907544507e+00,3.713347552869565e+00,8.737671954304520e-01,4.854364630627413e-01,-2.706255942452665e-02,-1.224526014081952e-02
1609045514527600288,0,1609045514527600288,1.363021548607664e+00,-4.041564188015496e+00,3.702781097113770e+00,8.793829588619545e-01,4.751307908506962e-01,-2.758685440817001e-02,-1.324041964689702e-02
1609045514630443096,0,1609045514630443096,1.372649252680056e+00,-4.034915130733466e+00,3.693397869368762e+00,8.872315818405255e-01,4.602538200293944e-01,-2.842394681106795e-02,-1.336490106809571e-02
1609045514734230757,0,1609045514734230757,1.386066744401864e+00,-4.025833528369762e+00,3.682330887464905e+00,8.955866050040118e-01,4.437307587163919e-01,-2.875361954718468e-02,-1.417307549762464e-02
1609045514836771250,0,1609045514836771250,1.395140835015357e+00,-4.012848566771806e+00,3.674853708942201e+00,9.025550974019131e-01,4.293627649180595e-01,-2.898701001636046e-02,-1.420089806346787e-02
1609045514941339731,0,1609045514941339731,1.403070194925469e+00,-3.993031094682533e+00,3.668476513373828e+00,9.084016373006877e-01,4.168900899473303e-01,-2.857504690629382e-02,-1.387749787212103e-02
1609045515044254541,0,1609045515044254541,1.419966553499437e+00,-3.975100191229836e+00,3.669845188144079e+00,9.099257146717846e-01,4.136752745755955e-01,-2.575846274953492e-02,-1.563529917777894e-02
1609045515147564888,0,1609045515147564888,1.447424640911867e+00,-3.954592412183996e+00,3.692891085696464e+00,9.102384941492455e-01,4.132388450929068e-01,-2.106137751845423e-02,-1.599872032286598e-02
1609045515250712872,0,1609045515250712872,1.476237067458061e+00,-3.936031030065831e+00,3.708573537612756e+00,9.104158236125923e-01,4.131293862657405e-01,-1.077461620882719e-02,-1.873622066482067e-02
1609045515353618860,0,1609045515353618860,1.501799587012949e+00,-3.920441534838446e+00,3.716693175446587e+00,9.103894654412658e-01,4.132789108659841e-01,5.421393783536090e-03,-1.903080492750991e-02
1609045515456440926,0,1609045515456440926,1.526401629085035e+00,-3.907536367672072e+00,3.710181453790523e+00,9.102434147121646e-01,4.132520287216486e-01,1.728218039222574e-02,-1.951955356105073e-02
1609045515526514530,0,1609045515526514530,1.539639610836455e+00,-3.899931170519420e+00,3.704042787249406e+00,9.103225200034964e-01,4.127763571376170e-01,2.479875760448089e-02,-1.770904242780850e-02
1609045515627810717,0,1609045515627810717,1.555829312161160e+00,-3.889827690250238e+00,3.694596301540197e+00,9.102265051277830e-01,4.130801968558271e-01,2.434694136404750e-02,-1.611479985547884e-02
1609045515730655432,0,1609045515730655432,1.564822478901460e+00,-3.880742114375757e+00,3.690687210079493e+00,9.103563867459529e-01,4.132140861285504e-01,1.814479307629231e-02,-1.327157186513524e-02
1609045515834083796,0,1609045515834083796,1.573873769849294e+00,-3.874521696329816e+00,3.699477586648329e+00,9.104767607796870e-01,4.132916647042340e-01,8.306335703529283e-03,-1.237225739561021e-02
1609045515937059641,0,1609045515937059641,1.582849837776771e+00,-3.869320089443640e+00,3.721036239578897e+00,9.103745117780871e-01,4.137304275180163e-01,3.687825397552726e-03,-5.637516665826013e-03
1609045516040829897,0,1609045516040829897,1.587622317149036e+00,-3.866220827427040e+00,3.717159501215562e+00,9.104108699611532e-01,4.136742688130761e-01,4.219896867057175e-03,-2.799937271721577e-03
1609045516143511057,0,1609045516143511057,1.581937057120064e+00,-3.855981643769332e+00,3.715266690540703e+00,9.102665411602440e-01,4.139207220241775e-01,6.096646032905736e-03,6.876832850294402e-03
1609045516246853113,0,1609045516246853113,1.574781396644094e+00,-3.846823721524535e+00,3.720259505191751e+00,9.102279997282824e-01,4.140122453770550e-01,2.154175805247347e-03,8.614448029373343e-03
1609045516350048780,0,1609045516350048780,1.563279367133490e+00,-3.832028732866930e+00,3.712445803253281e+00,9.102039897686636e-01,4.141149446097538e-01,-1.350387820295356e-04,6.123024117714808e-03
1609045516453232050,0,1609045516453232050,1.548075458161178e+00,-3.814919992828039e+00,3.724306435846941e+00,9.102546178531997e-01,4.139589758637322e-01,-5.906912759285946e-03,6.293278968971329e-03
1609045516556129932,0,1609045516556129932,1.533928447200773e+00,-3.796526574005284e+00,3.727316581152863e+00,9.103261027053227e-01,4.137289347788210e-01,-1.136100198492564e-02,-2.383882079954452e-03
1609045516626417637,0,1609045516626417637,1.522904126668454e+00,-3.779860662773714e+00,3.730017081682067e+00,9.103749899591260e-01,4.134697390967011e-01,-1.407988477554473e-02,-7.868249658340378e-03
1609045516728054762,0,1609045516728054762,1.508973363775810e+00,-3.757142966290979e+00,3.736403704968922e+00,9.104429496458936e-01,4.132267131146529e-01,-1.285158072605452e-02,-1.312081861544452e-02
1609045516831227541,0,1609045516831227541,1.497972230587808e+00,-3.731768937233413e+00,3.749717417588139e+00,9.104709703862586e-01,4.131913171313372e-01,-6.408730567586183e-03,-1.656730827385447e-02
1609045516934639454,0,1609045516934639454,1.488616652904013e+00,-3.707312548995957e+00,3.764968170979568e+00,9.106197116791095e-01,4.128571842522651e-01,9.467208670526066e-04,-1.788266848376842e-02
1609045517037984848,0,1609045517037984848,1.474621820963806e+00,-3.687930895843200e+00,3.762875621291472e+00,9.105853763044733e-01,4.126568660611500e-01,1.219789856423690e-02,-1.999486492580359e-02
1609045517141230583,0,1609045517141230583,1.457764207629341e+00,-3.670931236943095e+00,3.770879938870825e+00,9.105288304923480e-01,4.124713746844375e-01,1.908215775212503e-02,-2.098773840708528e-02
1609045517243697643,0,1609045517243697643,1.439532487390882e+00,-3.657156104373783e+00,3.773037304062627e+00,9.105100362859682e-01,4.123125450638175e-01,2.051582893013914e-02,-2.342946368537175e-02
1609045517346837521,0,1609045517346837521,1.419150170133898e+00,-3.647602688349929e+00,3.779450758541781e+00,9.104970984571479e-01,4.123057296908947e-01,1.929093846586831e-02,-2.503754496811980e-02
1609045517450100899,0,1609045517450100899,1.395793539815074e+00,-3.644129068126817e+00,3.781909066622100e+00,9.103731880888321e-01,4.126125328472394e-01,1.448782084719549e-02,-2.759817372966299e-02
1609045517553013563,0,1609045517553013563,1.368638835848039e+00,-3.643079748840850e+00,3.786735760857944e+00,9.103790909155591e-01,4.125688683426069e-01,9.943134897175342e-03,-2.996621041156104e-02
1609045517656064987,0,1609045517656064987,1.341729048591072e+00,-3.644021458513716e+00,3.798102300214213e+00,9.102322730261033e-01,4.128557801828838e-01,6.265726844166218e-03,-3.143333546066205e-02
1609045517726350307,0,1609045517726350307,1.324228367457879e+00,-3.647732885668129e+00,3.811223408936294e+00,9.100968401998430e-01,4.129539953870401e-01,4.014115724184758e-03,-3.430198284133127e-02
1609045517828199148,0,1609045517828199148,1.298560698311169e+00,-3.657436048268459e+00,3.826183785060367e+00,9.099844811466624e-01,4.132359692780578e-01,4.481264117500168e-03,-3.382596692963861e-02
1609045517932293415,0,1609045517932293415,1.263707204825633e+00,-3.677669855335397e+00,3.815762457934096e+00,9.101520928295278e-01,4.129144128860512e-01,6.787345536096906e-03,-3.284490050714850e-02
1609045518034699917,0,1609045518034699917,1.237217418744411e+00,-3.698901881405385e+00,3.808326833417663e+00,9.106871773244597e-01,4.119837436557948e-01,3.072622806320667e-03,-3.014662516778208e-02
1609045518137570143,0,1609045518137570143,1.216722948909692e+00,-3.725118865891593e+00,3.811087547469809e+00,9.120283672777684e-01,4.093567985460054e-01,-4.049565704982888e-03,-2.479656795135050e-02
1609045518240066767,0,1609045518240066767,1.197083017481664e+00,-3.753365255911098e+00,3.810134415499932e+00,9.161385053543790e-01,4.002362660611755e-01,-9.165873836481570e-03,-2.042442393347419e-02
1609045518342804909,0,1609045518342804909,1.175747725999694e+00,-3.780520139159583e+00,3.805699105681801e+00,9.220552539323346e-01,3.865366843233231e-01,-1.340500094553157e-02,-1.496015766968408e-02
1609045518445950747,0,1609045518445950747,1.157699325850235e+00,-3.807303981404947e+00,3.798391546275307e+00,9.277389934902347e-01,3.727343877690871e-01,-1.609775164139697e-02,-1.050231041044813e-02
1609045518549212456,0,1609045518549212456,1.135548792713400e+00,-3.828007201239616e+00,3.793795851892663e+00,9.332008953968569e-01,3.586952596152539e-01,-1.940516271200666e-02,-9.860994873801949e-03
1609045518652903080,0,1609045518652903080,1.117042827713625e+00,-3.848681850769330e+00,3.792451639646454e+00,9.375300341324093e-01,3.471536333646228e-01,-2.124159102342795e-02,-8.401473200817612e-03
1609045518756280422,0,1609045518756280422,1.098957610518488e+00,-3.864049743225427e+00,3.785972494935893e+00,9.406285475556316e-01,3.382128460574680e-01,-2.531060305622436e-02,-1.376152817616949e-02
1609045518826920509,0,1609045518826920509,1.086356768856537e+00,-3.882638771893220e+00,3.776672798473056e+00,9.420612456632735e-01,3.340275655959123e-01,-2.546528116037390e-02,-1.725439933972079e-02
1609045518928973436,0,1609045518928973436,1.078319011547502e+00,-3.901183374822825e+00,3.768956206468552e+00,9.424145534866972e-01,3.330047989225585e-01,-2.477343699622202e-02,-1.867859979040952e-02
1609045519032379627,0,1609045519032379627,1.076574956739025e+00,-3.916994549605932e+00,3.762542114469506e+00,9.424701454713207e-01,3.329164428931400e-01,-2.279957820640502e-02,-1.992099846835986e-02
1609045519135078907,0,1609045519135078907,1.078976567507540e+00,-3.932034626670319e+00,3.759827094008570e+00,9.424442034852168e-01,3.332832949865080e-01,-1.922219592775352e-02,-1.875302064969561e-02
1609045519237896681,0,1609045519237896681,1.084445691136327e+00,-3.949949964470418e+00,3.755613754952484e+00,9.425449345288485e-01,3.333449165123977e-01,-1.347646185185130e-02,-1.756695776248636e-02
1609045519340449572,0,1609045519340449572,1.091222945696439e+00,-3.966914988458136e+00,3.747374358092401e+00,9.425598031088720e-01,3.337071005041720e-01,-7.645229969147002e-03,-1.273338505288084e-02
1609045519443439007,0,1609045519443439007,1.098060970745957e+00,-3.982697501321486e+00,3.739769205608880e+00,9.426079793737431e-01,3.336905744252222e-01,-3.302115519284130e-03,-1.139709583779247e-02
1609045519546456575,0,1609045519546456575,1.103608616637610e+00,-3.998203636686789e+00,3.730879492820864e+00,9.425761551356667e-01,3.339213406645680e-01,-1.059616179960190e-03,-6.753312647535010e-03
1609045519649539709,0,1609045519649539709,1.107748370522893e+00,-4.010419097104059e+00,3.729279784948438e+00,9.425841054939380e-01,3.339293355271465e-01,-1.524698443206179e-03,-4.906958219776806e-03
1609045519752727509,0,1609045519752727509,1.109395748370105e+00,-4.022120284140651e+00,3.721915905523240e+00,9.424475785637764e-01,3.343079131576019e-01,-3.807264364577803e-03,-4.035541756006946e-03
1609045519855900288,0,1609045519855900288,1.109382430955242e+00,-4.030436163432436e+00,3.709401650625943e+00,9.424813577691763e-01,3.342005309421129e-01,-4.446760271490542e-03,-4.372836423997765e-03
1609045519926185369,0,1609045519926185369,1.107307599775876e+00,-4.036531254764674e+00,3.702741758643780e+00,9.424379403340882e-01,3.341428365926438e-01,-9.937874962189897e-03,-7.780232234621228e-03
1609045520027912617,0,1609045520027912617,1.106021866625993e+00,-4.044977778759050e+00,3.711524368633182e+00,9.423493507128571e-01,3.338366998911654e-01,-1.900274841627843e-02,-1.302515140735498e-02
1609045520131069899,0,1609045520131069899,1.107322468421489e+00,-4.053515588379412e+00,3.716121928408483e+00,9.420752111295084e-01,3.340279598038121e-01,-2.609302898975676e-02,-1.545226463853772e-02
1609045520234306335,0,1609045520234306335,1.111250273739734e+00,-4.060795276817319e+00,3.713164929591190e+00,9.421499083214439e-01,3.339787236080127e-01,-2.595499086520283e-02,-1.175163290654391e-02
1609045520337176323,0,1609045520337176323,1.118284499653967e+00,-4.062450204667841e+00,3.711836636480998e+00,9.422429111644742e-01,3.343715362019938e-01,-1.930118482736479e-02,-1.198499978764027e-03
1609045520440694809,0,1609045520440694809,1.127288249796665e+00,-4.057684871062174e+00,3.714351710943304e+00,9.421418413740565e-01,3.348525169355294e-01,-1.314619605661635e-02,8.349860071234508e-03
1609045520543855190,0,1609045520543855190,1.134514606354199e+00,-4.046946526601172e+00,3.719052753697929e+00,9.420458430254122e-01,3.350010138412033e-01,-8.934794768038616e-03,1.562433378044931e-02
1609045520646656752,0,1609045520646656752,1.142139893134112e+00,-4.034415428213399e+00,3.722065680224230e+00,9.421096120551079e-01,3.349689904026283e-01,-7.543134309697738e-03,1.297518656997917e-02
1609045520749731779,0,1609045520749731779,1.145686775391325e+00,-4.014257727370964e+00,3.718591346542281e+00,9.422303832265100e-01,3.347498069867224e-01,-2.191220943820984e-03,1.181821465680801e-02
1609045520852979422,0,1609045520852979422,1.147999195601792e+00,-3.987152941660033e+00,3.725020732873332e+00,9.422829272331218e-01,3.347626613205572e-01,1.995714057012026e-04,6.066778513731758e-03
1609045520955632448,0,1609045520955632448,1.149455891255121e+00,-3.964052152479843e+00,3.739984668855551e+00,9.423598301928654e-01,3.346007406350875e-01,-1.705448665217962e-04,-5.154798692628059e-04
1609045521026056528,0,1609045521026056528,1.148246386769591e+00,-3.946609565985347e+00,3.729404298045173e+00,9.424874163199962e-01,3.340963212795959e-01,3.147153540926905e-03,-9.338822742235648e-03
1609045521127947092,0,1609045521127947092,1.144505372870716e+00,-3.921716934399450e+00,3.727442247818558e+00,9.424605771302963e-01,3.340018254339468e-01,6.602036797082282e-03,-1.293268231542924e-02
1609045521231049538,0,1609045521231049538,1.138672631122286e+00,-3.897326823958643e+00,3.719273449931959e+00,9.424351857401455e-01,3.338718341936746e-01,8.910189676743776e-03,-1.631341566733019e-02
1609045521334162951,0,1609045521334162951,1.131385407377191e+00,-3.871745931268185e+00,3.724132617666649e+00,9.423932059673501e-01,3.339756855495853e-01,9.216932144758294e-03,-1.644186637292578e-02
1609045521437573910,0,1609045521437573910,1.120752165723303e+00,-3.854078066808660e+00,3.726401295437790e+00,9.423922024486326e-01,3.339818272842608e-01,6.412010634891092e-03,-1.766244397643437e-02
1609045521540760994,0,1609045521540760994,1.108165461284517e+00,-3.837728318195409e+00,3.723491187148710e+00,9.425840043752367e-01,3.335708836620874e-01,6.091718961169900e-03,-1.512452408037240e-02
1609045521643518925,0,1609045521643518925,1.099048322025713e+00,-3.826439341761513e+00,3.725414883631166e+00,9.432130467759080e-01,3.320240707999673e-01,5.862257083602318e-03,-8.648626638603019e-03
1609045521746234179,0,1609045521746234179,1.091725289480720e+00,-3.812928311368232e+00,3.728188430341939e+00,9.453537320195716e-01,3.260298549083419e-01,1.818556599753516e-03,-2.747347216024070e-03
1609045521848851442,0,1609045521848851442,1.079109151490666e+00,-3.797800697211311e+00,3.736685392878284e+00,9.497286666722499e-01,3.130354996641125e-01,2.054963466145170e-04,4.918680916219895e-03
1609045521951869488,0,1609045521951869488,1.064647247417584e+00,-3.782357877971297e+00,3.745961592684019e+00,9.549602680398616e-01,2.966740328633755e-01,-1.323019627741041e-03,5.801233368053488e-03
1609045522055113316,0,1609045522055113316,1.045989577816421e+00,-3.761860745004269e+00,3.752879949566010e+00,9.602234159975580e-01,2.789184432119284e-01,9.371132851146136e-04,1.321420540973778e-02
1609045522125535965,0,1609045522125535965,1.023182100030744e+00,-3.748754216674349e+00,3.759948676353112e+00,9.656427556717359e-01,2.596724888388707e-01,-2.857974421888188e-04,1.020711900803209e-02
1609045522227572203,0,1609045522227572203,9.982222702016568e-01,-3.720584089776791e+00,3.764306829854173e+00,9.703398342335624e-01,2.416193274320264e-01,-1.787368294626054e-03,7.583668317814931e-03
1609045522331204653,0,1609045522331204653,9.703644749639936e-01,-3.685456327296821e+00,3.762243443376199e+00,9.740387174451103e-01,2.263590161431029e-01,-3.189288465502865e-03,-3.416707516422818e-05
1609045522434692144,0,1609045522434692144,9.391999588842148e-01,-3.646637629819236e+00,3.766898405276152e+00,9.762864888156696e-01,2.162853384078582e-01,-8.163410194269246e-03,-4.324682585118221e-03
1609045522538779974,0,1609045522538779974,9.113603559487446e-01,-3.609450375167818e+00,3.769252277872887e+00,9.768677414702859e-01,2.130923098748076e-01,-1.372220699715527e-02,-1.152320188924518e-02
1609045522641408443,0,1609045522641408443,8.885364022956389e-01,-3.572712412108223e+00,3.777695364905838e+00,9.769867645655982e-01,2.119151397033023e-01,-1.617796563822869e-02,-1.808615093584212e-02
1609045522744385004,0,1609045522744385004,8.716472301912237e-01,-3.537932019681952e+00,3.787762028814509e+00,9.768887306613595e-01,2.122249766098037e-01,-1.525068205165202e-02,-2.040548716540672e-02
1609045522847740173,0,1609045522847740173,8.540250868512512e-01,-3.503084196481696e+00,3.784926766365656e+00,9.769236039311765e-01,2.122143944513585e-01,-1.042966846545913e-02,-2.182990804283418e-02
1609045522949997425,0,1609045522949997425,8.337483162224484e-01,-3.471959794982266e+00,3.768509225220978e+00,9.769875887822405e-01,2.121939846819452e-01,-6.959849993676693e-03,-2.050669934488131e-02
1609045523052417278,0,1609045523052417278,8.178311754840991e-01,-3.442412093675664e+00,3.756998753300634e+00,9.768751846165650e-01,2.124005424776406e-01,-1.079030663557322e-02,-2.201028209632915e-02
1609045523155358791,0,1609045523155358791,8.036360342777973e-01,-3.411768022063084e+00,3.755245803066374e+00,9.767543145063958e-01,2.127659198067157e-01,-1.652173720352928e-02,-2.021644532093193e-02
1609045523225552797,0,1609045523225552797,7.948077323084456e-01,-3.386747166030914e+00,3.752228133623258e+00,9.766669007259399e-01,2.127794987000192e-01,-2.272796104418067e-02,-1.816837212915986e-02
1609045523327401400,0,1609045523327401400,7.850368621149491e-01,-3.354451029032459e+00,3.748090030703140e+00,9.766612810454811e-01,2.125802643465299e-01,-2.437348814978224e-02,-1.866296846874498e-02
1609045523430641174,0,1609045523430641174,7.823564781551551e-01,-3.327982456588350e+00,3.749830602202481e+00,9.768842375095906e-01,2.115902436577694e-01,-2.454572512653657e-02,-1.800729496225656e-02
1609045523533684015,0,1609045523533684015,7.859103674137218e-01,-3.304033676484664e+00,3.751643237126966e+00,9.781154504200625e-01,2.059728908089646e-01,-2.192588630628507e-02,-1.961095129598301e-02
1609045523637007475,0,1609045523637007475,7.923024908263199e-01,-3.282961321259442e+00,3.754787818603101e+00,9.803434051340979e-01,1.955410693555053e-01,-1.584649585853037e-02,-2.096155466761670e-02
1609045523739449739,0,1609045523739449739,7.988817464642797e-01,-3.265495468527357e+00,3.757050391448853e+00,9.832301710999567e-01,1.810655380383708e-01,-8.572419188622612e-03,-2.000537934074557e-02
1609045523842560053,0,1609045523842560053,8.014712372479303e-01,-3.250349187428128e+00,3.752816684146883e+00,9.862449298452794e-01,1.640142488193058e-01,5.973973764588826e-05,-2.050026754868777e-02
1609045523945891619,0,1609045523945891619,8.043160467217719e-01,-3.236217322075968e+00,3.753538960712913e+00,9.889337938508429e-01,1.469237964459387e-01,5.250173481852089e-03,-1.989434833776663e-02
1609045524049219370,0,1609045524049219370,8.067652388174279e-01,-3.226658305929410e+00,3.753004717705537e+00,9.912503049814441e-01,1.307396522987301e-01,4.507832383968752e-03,-1.759703491729148e-02
1609045524152565002,0,1609045524152565002,8.031599176845872e-01,-3.218450807343656e+00,3.747257905269772e+00,9.932249791610369e-01,1.146168194231741e-01,5.110796411959087e-03,-1.846632707356815e-02
1609045524256009102,0,1609045524256009102,7.997599764671757e-01,-3.209143731434837e+00,3.748142753491628e+00,9.947403465155032e-01,1.010939634168323e-01,-4.116599419538340e-04,-1.647677488653676e-02
1609045524326357365,0,1609045524326357365,7.937800017058440e-01,-3.206690090797220e+00,3.750731155691844e+00,9.959226993661973e-01,8.864427110209826e-02,-7.030848372637737e-03,-1.519003814222095e-02
1609045524427947283,0,1609045524427947283,7.945265394519344e-01,-3.196646909318635e+00,3.749025798722715e+00,9.967978058466601e-01,7.772754883273643e-02,-1.224590794814315e-02,-1.423376794596000e-02
1609045524531137943,0,1609045524531137943,7.985190805264891e-01,-3.188271017190521e+00,3.756733261032219e+00,9.974327404533920e-01,6.794734264144638e-02,-1.751959442590574e-02,-1.428813180332101e-02
1609045524634540319,0,1609045524634540319,8.056899128726237e-01,-3.182300798668963e+00,3.761722672944120e+00,9.979806053906078e-01,5.792778360960227e-02,-2.062478145011903e-02,-1.592801117791925e-02
1609045524738163710,0,1609045524738163710,8.149517375573794e-01,-3.178371904408827e+00,3.768759661668563e+00,9.984932833735447e-01,4.777654319449646e-02,-2.147245251464670e-02,-1.635538935585767e-02
1609045524841105223,0,1609045524841105223,8.266032191945353e-01,-3.176387210864580e+00,3.771561644045492e+00,9.989449017238620e-01,3.806690933394360e-02,-2.016942875369181e-02,-1.591187849021394e-02
1609045524943432570,0,1609045524943432570,8.400521808427892e-01,-3.177794019625445e+00,3.778497994826744e+00,9.992947280942820e-01,2.734125148282252e-02,-1.980138663572903e-02,-1.644407058191632e-02
1609045525046275854,0,1609045525046275854,8.558334582911413e-01,-3.180449595823581e+00,3.786719678137346e+00,9.995642147135128e-01,1.615586583641915e-02,-1.846687084871094e-02,-1.641168315448881e-02
1609045525149151564,0,1609045525149151564,8.714549111277393e-01,-3.183250431524622e+00,3.792422323932329e+00,9.997266807039173e-01,3.517616528575118e-03,-1.634192138674775e-02,-1.634416922779866e-02
1609045525252042532,0,1609045525252042532,8.894259925924826e-01,-3.186546637514824e+00,3.799891678188366e+00,9.997287055669656e-01,-9.028485946598079e-03,-1.411105120749027e-02,-1.618270497794729e-02
1609045525355459452,0,1609045525355459452,9.077742634780861e-01,-3.190627474046519e+00,3.811450727477715e+00,9.996249659772525e-01,-2.052960387277218e-02,-9.636806670121191e-03,-1.534909497914492e-02
1609045525425909519,0,1609045525425909519,9.178854702967397e-01,-3.195346395233478e+00,3.815513262149805e+00,9.994351925110597e-01,-2.991672166226248e-02,-4.747581816818749e-03,-1.455150170705696e-02
1609045525527841806,0,1609045525527841806,9.348023054692757e-01,-3.197982605508025e+00,3.817246484968871e+00,9.991758231850008e-01,-3.840591080844031e-02,1.783390700242074e-03,-1.301844440917906e-02
1609045525631083965,0,1609045525631083965,9.518160058717586e-01,-3.201496253366870e+00,3.810935996860509e+00,9.988844389406502e-01,-4.552680014316306e-02,3.350696491084355e-03,-1.208142970206322e-02
1609045525734163523,0,1609045525734163523,9.663104821117818e-01,-3.205097685482221e+00,3.805995498507596e+00,9.985822299107323e-01,-5.192290472728004e-02,3.577297842926750e-03,-1.116893061169753e-02
1609045525837771416,0,1609045525837771416,9.795180306788588e-01,-3.210023134043385e+00,3.796985568600688e+00,9.982313396415774e-01,-5.802106072872579e-02,3.343780197165585e-03,-1.251272164491714e-02
1609045525940296888,0,1609045525940296888,9.924297359069447e-01,-3.213697240394347e+00,3.797915376140722e+00,9.979241221885624e-01,-6.319485213891742e-02,2.565376346487321e-03,-1.213572664500115e-02
1609045526042906761,0,1609045526042906761,1.005392580341055e+00,-3.221880295584292e+00,3.791849058327014e+00,9.974626504239538e-01,-6.975092032623885e-02,2.737782087553351e-04,-1.424763727885721e-02
1609045526145822287,0,1609045526145822287,1.015652122545069e+00,-3.231725936035172e+00,3.789076848536901e+00,9.969192178361435e-01,-7.702386830174550e-02,2.253034491583347e-03,-1.463969453444681e-02
1609045526248844862,0,1609045526248844862,1.020221455166011e+00,-3.240577638033672e+00,3.775612092373837e+00,9.962103903143419e-01,-8.546757233662401e-02,5.109930298746439e-03,-1.529839601555331e-02
1609045526352246761,0,1609045526352246761,1.022831848585602e+00,-3.251237793188221e+00,3.767166676583569e+00,9.953631474727894e-01,-9.458631990222366e-02,6.869389951172345e-03,-1.607620047746329e-02
1609045526455384254,0,1609045526455384254,1.023443089654296e+00,-3.262028405646565e+00,3.756144363776450e+00,9.946071575289609e-01,-1.024494841996450e-01,5.717939126815267e-03,-1.510001825187379e-02
1609045526525867462,0,1609045526525867462,1.018765650717030e+00,-3.273049043402089e+00,3.749068587979774e+00,9.937973414575135e-01,-1.100940325006726e-01,4.948244120349247e-03,-1.488835113510470e-02
1609045526627794027,0,1609045526627794027,1.017526556804186e+00,-3.287984587555594e+00,3.747194363688494e+00,9.929561604253074e-01,-1.174864901864620e-01,4.720767795847712e-03,-1.458432199980633e-02
1609045526730772734,0,1609045526730772734,1.011436526576422e+00,-3.301867099352249e+00,3.736974975579831e+00,9.920248404702117e-01,-1.249972601019908e-01,7.090235934987649e-03,-1.456466309641262e-02
1609045526833733559,0,1609045526833733559,9.999075291563945e-01,-3.317290016412188e+00,3.733144949033615e+00,9.910043456909183e-01,-1.329048184163099e-01,7.765409735430528e-03,-1.365263618365987e-02
1609045526937024355,0,1609045526937024355,9.879782608013311e-01,-3.333281085260005e+00,3.729016254873465e+00,9.899740490000576e-01,-1.403589581057716e-01,6.801098942917207e-03,-1.430000834767339e-02
1609045527040029049,0,1609045527040029049,9.698176853495616e-01,-3.348572643190778e+00,3.724791778514460e+00,9.889574432817797e-01,-1.474702243116005e-01,3.914856731194110e-03,-1.415564253248444e-02
1609045527143035173,0,1609045527143035173,9.513482315163613e-01,-3.365761308573609e+00,3.722424756218046e+00,9.878538430593690e-01,-1.547114715188601e-01,-5.329627921389483e-04,-1.445203389317263e-02
1609045527246150494,0,1609045527246150494,9.345438371782514e-01,-3.384634702493580e+00,3.723709806313464e+00,9.867563219178374e-01,-1.613953153674364e-01,-4.846340435861665e-03,-1.549278272907987e-02
1609045527349244833,0,1609045527349244833,9.174314256677316e-01,-3.404678693514096e+00,3.723582621961497e+00,9.856197236388828e-01,-1.680519530836805e-01,-8.803073204215032e-03,-1.532342457213771e-02
1609045527452412605,0,1609045527452412605,8.976051750154054e-01,-3.421374387223275e+00,3.715717238950679e+00,9.844652671401568e-01,-1.743633418260188e-01,-1.178111322451064e-02,-1.693423139083160e-02
1609045527556667805,0,1609045527556667805,8.801270193979162e-01,-3.441409995850830e+00,3.713043202221520e+00,9.839252779955270e-01,-1.772917685394358e-01,-1.320435373984874e-02,-1.686182586737274e-02
1609045527626339197,0,1609045527626339197,8.710973528924478e-01,-3.459137471357984e+00,3.709591332473734e+00,9.837539987748982e-01,-1.777983316432171e-01,-1.731996676694508e-02,-1.777194165428646e-02
1609045527728049040,0,1609045527728049040,8.589130562551103e-01,-3.485759330553095e+00,3.712679282522992e+00,9.838198855922693e-01,-1.774417992931127e-01,-1.824742552562118e-02,-1.672937650385787e-02
1609045527830939770,0,1609045527830939770,8.480341574150949e-01,-3.513116130980744e+00,3.713984318639852e+00,9.839833963400435e-01,-1.770078185374879e-01,-1.451001971429338e-02,-1.530905716521813e-02
1609045527933776617,0,1609045527933776617,8.408917844161223e-01,-3.538941759013647e+00,3.718239060032040e+00,9.840944515405471e-01,-1.767699597349324e-01,-1.007062547889827e-02,-1.445940125208866e-02
1609045528036967516,0,1609045528036967516,8.308558723647803e-01,-3.566408383441427e+00,3.723958274192457e+00,9.841725506132758e-01,-1.767797357908173e-01,-5.106842989700293e-03,-1.127988419495139e-02
1609045528139873743,0,1609045528139873743,8.226082056551923e-01,-3.593421557461017e+00,3.726727947367149e+00,9.842197818943510e-01,-1.766570404020238e-01,-2.591968473771998e-03,-9.848487363551435e-03
1609045528243003130,0,1609045528243003130,8.129151435747829e-01,-3.621661809696415e+00,3.730581178991974e+00,9.842280990787406e-01,-1.767858181836273e-01,-2.157794423577757e-03,-6.096506860895497e-03
1609045528346833706,0,1609045528346833706,8.031619816454192e-01,-3.648778269041106e+00,3.729209661609557e+00,9.842255393721308e-01,-1.768606636384801e-01,-2.174653828044877e-03,-3.957800577132791e-03
1609045528449061632,0,1609045528449061632,7.936653586076001e-01,-3.673375881396254e+00,3.733099344217573e+00,9.843058611495602e-01,-1.763725469905278e-01,-5.443968584351581e-03,2.249351114230312e-03
1609045528552278757,0,1609045528552278757,7.852822835683146e-01,-3.694413008982093e+00,3.732091885114642e+00,9.842729250334020e-01,-1.765699500649294e-01,-5.278678454136002e-03,1.413270576243515e-03
1609045528655341625,0,1609045528655341625,7.746810962133680e-01,-3.716136357641527e+00,3.745523554890981e+00,9.842823432715894e-01,-1.763599064497422e-01,-8.442922289173647e-03,3.764197621134406e-03
1609045528725603342,0,1609045528725603342,7.672112973794996e-01,-3.731478153949470e+00,3.741697963554814e+00,9.843445758672215e-01,-1.758955065370781e-01,-1.118291404577171e-02,1.212094869878854e-03
1609045528827398777,0,1609045528827398777,7.572879377968910e-01,-3.751601948639899e+00,3.743557577664512e+00,9.843131357424516e-01,-1.758839305947568e-01,-1.361735905812706e-02,2.657309798707434e-03
1609045528930796862,0,1609045528930796862,7.512914361926788e-01,-3.769290703712441e+00,3.740213618969074e+00,9.842725531553183e-01,-1.759839570058367e-01,-1.475196238860131e-02,4.423526539823436e-03
1609045529034096241,0,1609045529034096241,7.475311911239567e-01,-3.783576621466186e+00,3.738561973958677e+00,9.842368292735204e-01,-1.761312162091546e-01,-1.393981937934076e-02,7.831986570868435e-03
1609045529136959791,0,1609045529136959791,7.446174134720421e-01,-3.793571284878587e+00,3.739041696342462e+00,9.842462791389497e-01,-1.759104435715850e-01,-1.336813080053815e-02,1.166494415605950e-02
1609045529241176128,0,1609045529241176128,7.445495869104181e-01,-3.797959236976009e+00,3.739511519070238e+00,9.842025595016008e-01,-1.758655679699642e-01,-1.289791378329704e-02,1.581985122631969e-02
1609045529343535423,0,1609045529343535423,7.484252282177722e-01,-3.798451798928233e+00,3.739476911101672e+00,9.842318991962601e-01,-1.758583242859279e-01,-1.110114094698769e-02,1.543318026942082e-02
1609045529446428299,0,1609045529446428299,7.517281220046993e-01,-3.795188462287929e+00,3.745150696486310e+00,9.842477219784852e-01,-1.756932975154537e-01,-1.049715798082673e-02,1.667623045893500e-02
1609045529549597502,0,1609045529549597502,7.559596460352184e-01,-3.786441464356703e+00,3.736702033801270e+00,9.842961197637230e-01,-1.759797853751557e-01,-7.051947120150738e-03,1.193875198220533e-02
1609045529652514935,0,1609045529652514935,7.601767191678532e-01,-3.775911988002111e+00,3.733290319100298e+00,9.843558937105656e-01,-1.758983285358133e-01,-5.652046055669008e-03,8.444341931081048e-03
1609045529755454779,0,1609045529755454779,7.613033234650044e-01,-3.763831896273851e+00,3.727294828013189e+00,9.843714346361160e-01,-1.757021540740990e-01,-9.205499382155050e-03,7.542579596343966e-03
1609045529825657129,0,1609045529825657129,7.661589028010788e-01,-3.748476557675774e+00,3.705153155033135e+00,9.843068915873795e-01,-1.761935172544255e-01,-9.786310936225050e-03,-1.255748811043260e-04
1609045529927746058,0,1609045529927746058,7.726644137958448e-01,-3.732391778422725e+00,3.709285114785072e+00,9.842635309895230e-01,-1.757219770672719e-01,-1.832445227845838e-02,3.361961925094636e-03
1609045530030620575,0,1609045530030620575,7.899124906924456e-01,-3.712415540825778e+00,3.704507033159575e+00,9.842496752811184e-01,-1.758183843892237e-01,-1.835759937084370e-02,1.863052549407491e-03
1609045530133828640,0,1609045530133828640,8.064903083357734e-01,-3.688523032331236e+00,3.718436117246630e+00,9.843587660546238e-01,-1.755745539679949e-01,-1.401367506166899e-02,3.874609826954747e-03
1609045530237040043,0,1609045530237040043,8.241903098661260e-01,-3.666164938702747e+00,3.732366593719180e+00,9.844470737121042e-01,-1.754734894299900e-01,-8.110474774930388e-03,2.689566052565903e-03
1609045530341462135,0,1609045530341462135,8.381975245494131e-01,-3.642990026984263e+00,3.741657105893912e+00,9.844536924308797e-01,-1.756332092235741e-01,1.975593554310626e-03,1.751660206348550e-05
1609045530443131685,0,1609045530443131685,8.504154643814157e-01,-3.620878784540202e+00,3.752265585593618e+00,9.842785352946727e-01,-1.761611925033719e-01,1.270254413862945e-02,1.282414152400517e-03
1609045530545876026,0,1609045530545876026,8.564908544697867e-01,-3.592306281322101e+00,3.753755809194685e+00,9.840263380099525e-01,-1.761586393084069e-01,2.537068564267900e-02,4.077770155682089e-03
1609045530648903847,0,1609045530648903847,8.494267047217277e-01,-3.557823904594610e+00,3.747369887039998e+00,9.834984891610613e-01,-1.766086138178544e-01,3.883766165446970e-02,5.635191225409849e-03
1609045530752108335,0,1609045530752108335,8.391824292793235e-01,-3.523680399296002e+00,3.758081929389795e+00,9.833873447237989e-01,-1.758441293772557e-01,4.311629483745122e-02,1.300605704313675e-02
1609045530855128765,0,1609045530855128765,8.254669548057156e-01,-3.485185793753224e+00,3.755323985623853e+00,9.832952164133475e-01,-1.761499127276309e-01,4.479538446587372e-02,9.751879558254914e-03
1609045530925460815,0,1609045530925460815,8.105706021856268e-01,-3.445347908543893e+00,3.765069910424338e+00,9.832759187796990e-01,-1.760997799014506e-01,4.488930092139447e-02,1.192835818860250e-02
1609045531027118206,0,1609045531027118206,7.768775290021378e-01,-3.392751510466508e+00,3.765055258947899e+00,9.836407768098043e-01,-1.755415196529263e-01,3.899769355067243e-02,1.073205350163172e-02
1609045531131004572,0,1609045531131004572,7.316269446396767e-01,-3.338852222200607e+00,3.750165101417936e+00,9.841594462597790e-01,-1.754444539657760e-01,2.350557346153414e-02,9.844588677446781e-03
1609045531233527422,0,1609045531233527422,6.859062533627891e-01,-3.283552661764931e+00,3.732819026489009e+00,9.844177884678036e-01,-1.755300307248617e-01,1.552671058087453e-03,1.041226556330816e-02
1609045531336725235,0,1609045531336725235,6.449970622257558e-01,-3.222094968460092e+00,3.726819489040519e+00,9.843048028609067e-01,-1.751679329070583e-01,-1.665182122979157e-02,1.352653671263590e-02
1609045531439931631,0,1609045531439931631,6.079472185420368e-01,-3.158426166818550e+00,3.741366947573422e+00,9.838910312277976e-01,-1.747534292667528e-01,-2.976541227189933e-02,2.310190167457725e-02
1609045531543002844,0,1609045531543002844,5.751881871277413e-01,-3.092810976907923e+00,3.737087637139465e+00,9.836929021337391e-01,-1.749037036669948e-01,-3.374671769356967e-02,2.486217568648951e-02
1609045531645941496,0,1609045531645941496,5.486253934692705e-01,-3.019053379751526e+00,3.724585431601717e+00,9.838262302159616e-01,-1.750466802836140e-01,-3.034114143204849e-02,2.289156169907562e-02
1609045531749238253,0,1609045531749238253,5.292863008432195e-01,-2.941604019765325e+00,3.721978706857827e+00,9.839752088592041e-01,-1.745705613508327e-01,-2.751206144514686e-02,2.368531052921445e-02
1609045531852463007,0,1609045531852463007,5.099949735932746e-01,-2.861514429770491e+00,3.710715175085193e+00,9.841037284720355e-01,-1.749258563734454e-01,-2.497634312013195e-02,1.780389461565010e-02
1609045531955469370,0,1609045531955469370,4.965220203651968e-01,-2.775553859157970e+00,3.693532919326149e+00,9.843349711150327e-01,-1.750877826114343e-01,-2.008337052912428e-02,5.058779304611946e-03
1609045532025888205,0,1609045532025888205,4.916356336325667e-01,-2.707612039697654e+00,3.686506055062654e+00,9.842442167674763e-01,-1.757326794860947e-01,-1.952136685955166e-02,-5.131822590760251e-04
1609045532127570868,0,1609045532127570868,4.804528362130897e-01,-2.617444092527152e+00,3.657903995912364e+00,9.841063153548048e-01,-1.759557769915778e-01,-2.012789582815502e-02,-1.300739909787467e-02
1609045532230862141,0,1609045532230862141,4.705632480556680e-01,-2.527246147940444e+00,3.624683302548043e+00,9.838919528958433e-01,-1.759767386508196e-01,-2.333166398113322e-02,-2.108188644732470e-02
1609045532333858252,0,1609045532333858252,4.684883271759855e-01,-2.445720164758528e+00,3.602810956949202e+00,9.836211787109648e-01,-1.757079636985145e-01,-3.124847762571841e-02,-2.529072814158159e-02
1609045532436903000,0,1609045532436903000,4.743543021710641e-01,-2.372585610526200e+00,3.579882746842292e+00,9.833815434977923e-01,-1.756377448530607e-01,-3.735180961995886e-02,-2.677619854697893e-02
1609045532540280581,0,1609045532540280581,4.843833796425377e-01,-2.305141309401251e+00,3.560773810507250e+00,9.833730265445205e-01,-1.755356697456255e-01,-3.839202168626683e-02,-2.628254139440152e-02
1609045532642889738,0,1609045532642889738,5.011645373703418e-01,-2.241870355695681e+00,3.545394377898076e+00,9.833548114989629e-01,-1.757410092149825e-01,-3.579181388296670e-02,-2.910942185250167e-02
1609045532745960474,0,1609045532745960474,5.231147298185489e-01,-2.184241107864610e+00,3.542305231307749e+00,9.833481446118595e-01,-1.759039477652433e-01,-3.368495744992021e-02,-3.081479012252565e-02
1609045532849029303,0,1609045532849029303,5.492420345976058e-01,-2.134707338701380e+00,3.531316550400311e+00,9.832818388813822e-01,-1.760285330125436e-01,-2.842443066495009e-02,-3.691656311949815e-02
1609045532952193737,0,1609045532952193737,5.774764390118632e-01,-2.091183215605150e+00,3.521157965229235e+00,9.830847756610785e-01,-1.764038138986629e-01,-2.207300670911180e-02,-4.403181440635479e-02
1609045533055403709,0,1609045533055403709,6.052104891357120e-01,-2.056912929454857e+00,3.515808341742175e+00,9.829216394127225e-01,-1.764624150346319e-01,-1.881728921809998e-02,-4.870294118959611e-02
1609045533125614166,0,1609045533125614166,6.263166713536413e-01,-2.036151313233597e+00,3.497769212846206e+00,9.824435727358014e-01,-1.771927656886462e-01,-1.547263342151904e-02,-5.628452533697653e-02
1609045533227380753,0,1609045533227380753,6.600939309316363e-01,-2.016032457875910e+00,3.492261506468904e+00,9.822109046442739e-01,-1.772005575289994e-01,-1.446718974405871e-02,-6.043510262986056e-02
1609045533329921246,0,1609045533329921246,6.937717509023734e-01,-2.009412313490311e+00,3.489524204354837e+00,9.819192839244540e-01,-1.773928780442729e-01,-1.403793900437590e-02,-6.456952024484276e-02
1609045533433394670,0,1609045533433394670,7.259139959321548e-01,-2.016970185141087e+00,3.491795502720967e+00,9.818185358360708e-01,-1.772733077412896e-01,-1.221619690700192e-02,-6.676302557544485e-02
1609045533536394119,0,1609045533536394119,7.563687326649545e-01,-2.034848715191228e+00,3.498027049379295e+00,9.815264790462261e-01,-1.775981146734518e-01,-9.167511036566026e-03,-7.057363060399466e-02
1609045533639811993,0,1609045533639811993,7.857948670664081e-01,-2.066691803435990e+00,3.510899971953302e+00,9.812910948147829e-01,-1.777921841380154e-01,-7.915109163471962e-03,-7.345119157134870e-02
1609045533743021011,0,1609045533743021011,8.098507050392976e-01,-2.114518417107629e+00,3.518671112521088e+00,9.807949098380765e-01,-1.775401259288837e-01,-7.666608777976511e-03,-8.038701157776004e-02
1609045533846153498,0,1609045533846153498,8.327700751279294e-01,-2.173587823181068e+00,3.524151195240449e+00,9.801688370222550e-01,-1.780039990250031e-01,-5.274090438285106e-03,-8.692416943104991e-02
1609045533949196577,0,1609045533949196577,8.509568332035460e-01,-2.249502294615031e+00,3.533433123213715e+00,9.797294596465466e-01,-1.784231577671769e-01,-2.586137638465154e-03,-9.104215817340626e-02
1609045534052229166,0,1609045534052229166,8.641961890106452e-01,-2.340860135111166e+00,3.540684649670439e+00,9.792973815005096e-01,-1.787335317918598e-01,-6.125329354150685e-04,-9.502940598856113e-02
1609045534155186415,0,1609045534155186415,8.729105459810901e-01,-2.453918350783157e+00,3.552354549726085e+00,9.796508732613732e-01,-1.787281458346577e-01,-2.272774273183209e-03,-9.129759526690380e-02
1609045534225438118,0,1609045534225438118,8.743943885515943e-01,-2.557614214893805e+00,3.545744929575533e+00,9.803558851560843e-01,-1.783410789501394e-01,-1.552099752708958e-03,-8.422819590120134e-02
1609045534327358723,0,1609045534327358723,8.816284804599664e-01,-2.704908492072451e+00,3.542504713203649e+00,9.816290077493233e-01,-1.784281515204225e-01,1.188710559659777e-02,-6.653256804229532e-02
1609045534430525303,0,1609045534430525303,8.872377656389828e-01,-2.850963920557965e+00,3.571761604737861e+00,9.826083400113632e-01,-1.787514588561181e-01,3.105184812255367e-02,-3.955437807347212e-02
1609045534533515930,0,1609045534533515930,8.808076266089302e-01,-3.002703278835510e+00,3.604632041934515e+00,9.824053297350929e-01,-1.786601990885499e-01,5.129801171915534e-02,-1.813326675112739e-02
1609045534636585236,0,1609045534636585236,8.538879130460206e-01,-3.142827286169142e+00,3.610435752039975e+00,9.810905677634875e-01,-1.794488985435213e-01,7.236714855273743e-02,-4.731433933082441e-03
1609045534740125418,0,1609045534740125418,8.093886732401223e-01,-3.276720318562100e+00,3.613905156832546e+00,9.798901266590623e-01,-1.800311132481385e-01,8.601042931499074e-02,2.518727348242499e-03
1609045534842916012,0,1609045534842916012,7.381695247642396e-01,-3.399542243134793e+00,3.600178348751295e+00,9.799680899074853e-01,-1.799375876065198e-01,8.491951453845170e-02,8.583902355894256e-03
1609045534945915699,0,1609045534945915699,6.529321763082836e-01,-3.517897822294338e+00,3.582502783642115e+00,9.807739495646343e-01,-1.799418737091145e-01,7.479685022804762e-02,1.043135355963167e-02
1609045535048759460,0,1609045535048759460,5.632088750432286e-01,-3.637399642664989e+00,3.572555038404079e+00,9.823506855425426e-01,-1.796213368626892e-01,4.973612871877949e-02,1.579947649474860e-02
1609045535152211666,0,1609045535152211666,4.767284477443846e-01,-3.750797309969817e+00,3.571399774147620e+00,9.835025524778539e-01,-1.786242927361949e-01,2.183400110988886e-02,1.842193554587331e-02
1609045535255942822,0,1609045535255942822,3.913654001432418e-01,-3.855768326177108e+00,3.587129157961743e+00,9.838808311979825e-01,-1.770582087867397e-01,-2.233103642490325e-03,2.497826955982587e-02
1609045535325488806,0,1609045535325488806,3.249098197327589e-01,-3.934047618014538e+00,3.608163585920199e+00,9.838258194376865e-01,-1.755478947812547e-01,-1.444450220246539e-02,3.257376246981494e-02
1609045535427268982,0,1609045535427268982,2.299408165066282e-01,-4.033269497381623e+00,3.628361091264488e+00,9.837196607898953e-01,-1.746526683552248e-01,-1.802718453825491e-02,3.830267652684052e-02
1609045535530745983,0,1609045535530745983,1.371888088163351e-01,-4.120105698997977e+00,3.644750795892203e+00,9.835610643672702e-01,-1.750585890808263e-01,-1.530654578239374e-02,4.156720709460347e-02
1609045535633270502,0,1609045535633270502,4.994559838045558e-02,-4.191399153614494e+00,3.651351632418717e+00,9.834292227274926e-01,-1.756801707274715e-01,-1.090612208667062e-02,4.341080510055816e-02
1609045535736616373,0,1609045535736616373,-3.513779821382802e-02,-4.250693245822063e+00,3.657209544987418e+00,9.832366681782821e-01,-1.757189286514235e-01,-9.639179934725357e-03,4.770323545770924e-02
1609045535840462208,0,1609045535840462208,-1.155828946487967e-01,-4.295875578038327e+00,3.654441616299929e+00,9.829272736867462e-01,-1.763489610773297e-01,-1.002518268265043e-02,5.152197862607594e-02
1609045535942961216,0,1609045535942961216,-1.900089995005625e-01,-4.325242102676379e+00,3.648799776446699e+00,9.826446993072572e-01,-1.762124463182403e-01,-1.192947569060302e-02,5.671204717975373e-02
1609045536046305656,0,1609045536046305656,-2.600544350175403e-01,-4.339294220208894e+00,3.652123877508836e+00,9.825177293591542e-01,-1.758221783966990e-01,-1.523916029403603e-02,5.927259967289605e-02
1609045536149112225,0,1609045536149112225,-3.227655231811376e-01,-4.342994640777158e+00,3.659369181556631e+00,9.825219350522367e-01,-1.752054939594157e-01,-1.963264946952871e-02,5.973475623229297e-02
1609045536252288342,0,1609045536252288342,-3.804827046080511e-01,-4.334954086994928e+00,3.667473083444411e+00,9.826351024854318e-01,-1.750943477558829e-01,-2.340343425934117e-02,5.676710325472636e-02
1609045536356015444,0,1609045536356015444,-4.304677444276633e-01,-4.316723974410661e+00,3.668939329321853e+00,9.829780530185080e-01,-1.746585799688357e-01,-2.405562746028413e-02,5.167063493302296e-02
1609045536425481796,0,1609045536425481796,-4.671398163287752e-01,-4.296307856958213e+00,3.665081451921815e+00,9.831691797901855e-01,-1.744939403845975e-01,-2.419741991431814e-02,4.842224229544341e-02
1609045536527310133,0,1609045536527310133,-5.128867094658119e-01,-4.257808686328797e+00,3.665453806937284e+00,9.832003054024363e-01,-1.746007345276973e-01,-2.341860035850074e-02,4.778401527572989e-02
1609045536630402327,0,1609045536630402327,-5.519271649701963e-01,-4.207763849918642e+00,3.666727969217178e+00,9.831821044730524e-01,-1.747918227437301e-01,-2.262301784230888e-02,4.784315216673605e-02
1609045536733316660,0,1609045536733316660,-5.855165144656140e-01,-4.145944784517968e+00,3.669372396238077e+00,9.831954823905192e-01,-1.743812713833904e-01,-2.304161343222959e-02,4.885590698885006e-02
1609045536836593151,0,1609045536836593151,-6.123302212339909e-01,-4.074951688524839e+00,3.670610095852365e+00,9.831846453851182e-01,-1.742886513521472e-01,-2.320963360628933e-02,4.932273305817823e-02
1609045536940539360,0,1609045536940539360,-6.330415532574944e-01,-3.994200966547386e+00,3.672447414455589e+00,9.831594535015613e-01,-1.739731224582053e-01,-2.365680712673790e-02,5.070697317824777e-02
1609045537042972088,0,1609045537042972088,-6.476264548152905e-01,-3.905830035266611e+00,3.673103540748672e+00,9.830196429190458e-01,-1.741684301071333e-01,-2.478348370524721e-02,5.218734065305913e-02
1609045537146044016,0,1609045537146044016,-6.561561503361160e-01,-3.807547981467387e+00,3.675491081018036e+00,9.830470662420917e-01,-1.738072676891395e-01,-2.559529645016195e-02,5.248218793609281e-02
1609045537249078751,0,1609045537249078751,-6.574201830800531e-01,-3.698132153259908e+00,3.683782727139492e+00,9.828634107827340e-01,-1.740245712357386e-01,-2.662865684862856e-02,5.464319705932738e-02
1609045537352072716,0,1609045537352072716,-6.511381263902615e-01,-3.579861245624287e+00,3.695266989725317e+00,9.829012088137355e-01,-1.739370001581247e-01,-2.757862723848123e-02,5.376386340106887e-02
1609045537455617189,0,1609045537455617189,-6.399578951760161e-01,-3.450741419125247e+00,3.704171506008954e+00,9.829430194897240e-01,-1.741123971480853e-01,-2.785112570243079e-02,5.227053082336066e-02
1609045537525560856,0,1609045537525560856,-6.239206802236739e-01,-3.342220402647073e+00,3.711409395743650e+00,9.829873018290346e-01,-1.740127134153751e-01,-2.825413021086291e-02,5.154846397709652e-02
1609045537627334595,0,1609045537627334595,-6.001215557774126e-01,-3.183563867748845e+00,3.719703713974405e+00,9.830439585808609e-01,-1.743230152840162e-01,-2.769561909680237e-02,4.968917912868879e-02
1609045537730367899,0,1609045537730367899,-5.711154327828767e-01,-3.014551518454765e+00,3.719750893075740e+00,9.832598787394224e-01,-1.741284859675601e-01,-2.805756324792976e-02,4.573898097082010e-02
1609045537833459616,0,1609045537833459616,-5.391186491562506e-01,-2.835464528344274e+00,3.714774604301699e+00,9.836326708325187e-01,-1.743249372778718e-01,-2.970172967806754e-02,3.457444674557630e-02
1609045537936736345,0,1609045537936736345,-5.005049203304962e-01,-2.659075062530294e+00,3.724411056642865e+00,9.834877998480256e-01,-1.747995633063655e-01,-4.322412710793520e-02,1.812553594878412e-02
1609045538040062189,0,1609045538040062189,-4.542998315403094e-01,-2.487222067880841e+00,3.721296772407658e+00,9.826877359329996e-01,-1.749654709944528e-01,-6.078330405162689e-02,-4.157830541360856e-03
1609045538142498732,0,1609045538142498732,-3.982394227902227e-01,-2.324905482524327e+00,3.713339399046981e+00,9.813568973126124e-01,-1.754326136166997e-01,-7.537468830283875e-02,-2.192474719362127e-02
1609045538245524168,0,1609045538245524168,-3.271422795166881e-01,-2.170924650096171e+00,3.704093454725624e+00,9.804679492620156e-01,-1.756390038582458e-01,-8.253481984382439e-02,-3.196160675946216e-02
1609045538348637104,0,1609045538348637104,-2.431857256385312e-01,-2.025074944869859e+00,3.700146539063569e+00,9.802493899239533e-01,-1.756548468254158e-01,-8.394552478235880e-02,-3.478012664077468e-02
1609045538451839685,0,1609045538451839685,-1.433506566691544e-01,-1.886962660637730e+00,3.692193147421250e+00,9.804542672611161e-01,-1.756347618099672e-01,-8.026742133610805e-02,-3.766963399282074e-02
1609045538555000544,0,1609045538555000544,-2.854136258630187e-02,-1.755657053495919e+00,3.697463631858909e+00,9.808768962122850e-01,-1.751447916102699e-01,-7.417692507675723e-02,-4.126257668377869e-02
1609045538625489235,0,1609045538625489235,7.244934998745824e-02,-1.655936581695516e+00,3.707002007404304e+00,9.804568031566164e-01,-1.764912030891274e-01,-7.119124235773203e-02,-4.987102753404209e-02
1609045538727159500,0,1609045538727159500,2.170620513195183e-01,-1.535262811046288e+00,3.711627149287384e+00,9.799069294237465e-01,-1.763596518305778e-01,-6.561534368655599e-02,-6.613856322974787e-02
1609045538830857277,0,1609045538830857277,3.678468264817843e-01,-1.437450462188802e+00,3.713413218898213e+00,9.796360540641313e-01,-1.768150764397589e-01,-5.302978568703966e-02,-7.897766868504213e-02
1609045538933366776,0,1609045538933366776,5.155551577623967e-01,-1.358552504061497e+00,3.699734041828407e+00,9.794315492443464e-01,-1.773311270957051e-01,-3.291381974482628e-02,-9.046652517516401e-02
1609045539036543369,0,1609045539036543369,6.602209189759336e-01,-1.298769191206870e+00,3.706904222293694e+00,9.795503355053625e-01,-1.775370367982575e-01,-1.335702874383425e-02,-9.371942466233493e-02
1609045539140252352,0,1609045539140252352,8.057203417291380e-01,-1.255975960170542e+00,3.701068110772851e+00,9.787058783105839e-01,-1.779387262695768e-01,4.365769979375571e-03,-1.022426207901270e-01
1609045539242726326,0,1609045539242726326,9.344603307039192e-01,-1.235772033520502e+00,3.700649640940435e+00,9.779774540793816e-01,-1.782928524601732e-01,1.688799202472462e-02,-1.071753413760615e-01
1609045539345647097,0,1609045539345647097,1.052474642180123e+00,-1.230097940022621e+00,3.690146265647825e+00,9.762919301386780e-01,-1.788752277756628e-01,2.724568536900569e-02,-1.188082179933195e-01
1609045539448598862,0,1609045539448598862,1.160647378831606e+00,-1.257511973658489e+00,3.687861420148226e+00,9.751214530019767e-01,-1.791964075431740e-01,2.563658316172967e-02,-1.279436009435423e-01
1609045539551558971,0,1609045539551558971,1.256414740009516e+00,-1.310537813461235e+00,3.675594422594215e+00,9.741596088115027e-01,-1.801914687195152e-01,2.120787936478153e-02,-1.345151181594279e-01
1609045539654760361,0,1609045539654760361,1.339612303373337e+00,-1.388913258990235e+00,3.654141789752687e+00,9.740305899972328e-01,-1.808702477681917e-01,1.793620962171748e-02,-1.350135386025948e-01
1609045539725352526,0,1609045539725352526,1.400519056213819e+00,-1.462582616422405e+00,3.650296815362180e+00,9.755969650606943e-01,-1.803923791663740e-01,1.592677230111222e-02,-1.241591286486849e-01
1609045539827081203,0,1609045539827081203,1.476971051975601e+00,-1.589910029790838e+00,3.645661126386364e+00,9.782852975099305e-01,-1.807264154021349e-01,1.604609677880254e-02,-1.001916275426501e-01
1609045539930595875,0,1609045539930595875,1.551422304729142e+00,-1.723912368992127e+00,3.642464860976232e+00,9.804693302083755e-01,-1.799256370586333e-01,2.485302244707756e-02,-7.542535995744371e-02
1609045540033581734,0,1609045540033581734,1.614646148382080e+00,-1.865754789068801e+00,3.660057418763350e+00,9.821842384387338e-01,-1.789617801186648e-01,3.326966729164633e-02,-4.668974466912992e-02
1609045540136754990,0,1609045540136754990,1.663547806935684e+00,-2.010835146272782e+00,3.679801145492666e+00,9.828217774925738e-01,-1.782729575514660e-01,4.030109056068986e-02,-2.561109899032137e-02
1609045540239393234,0,1609045540239393234,1.698438193233275e+00,-2.151869129852409e+00,3.696907636744533e+00,9.831394322038771e-01,-1.770737224126107e-01,4.318454408007408e-02,-1.472578789258962e-02
1609045540342484713,0,1609045540342484713,1.720153092840648e+00,-2.295876662731737e+00,3.713239343178527e+00,9.832024030516504e-01,-1.772821231559407e-01,4.191085069338310e-02,-1.129442502390786e-02
1609045540445405245,0,1609045540445405245,1.732550939204755e+00,-2.439562954355565e+00,3.728369990285023e+00,9.833323678524000e-01,-1.773470140521556e-01,3.843571592648659e-02,-1.132195572667423e-02
1609045540548457146,0,1609045540548457146,1.734238501603960e+00,-2.586553426106148e+00,3.738524001489961e+00,9.833996738787690e-01,-1.774526146538286e-01,3.612793868529188e-02,-1.142028956218502e-02
1609045540651530981,0,1609045540651530981,1.726849418679705e+00,-2.734567268827076e+00,3.742339732786828e+00,9.832113699739304e-01,-1.782343999593449e-01,3.716293113772528e-02,-1.211681369231673e-02
1609045540754712105,0,1609045540754712105,1.710954194637231e+00,-2.874082941011581e+00,3.744446451622510e+00,9.829283780911129e-01,-1.786252345825683e-01,4.300808636170632e-02,-9.753646532546354e-03
1609045540825095892,0,1609045540825095892,1.691099688904049e+00,-2.981894429855193e+00,3.754603925130295e+00,9.827642156191263e-01,-1.781110513670354e-01,4.918936437389719e-02,-5.599670671175258e-03
1609045540926851988,0,1609045540926851988,1.657871784877228e+00,-3.128669864015761e+00,3.762995680197287e+00,9.824355418099838e-01,-1.783145296194458e-01,5.494008498284270e-02,-2.433470130893465e-03
1609045541030088663,0,1609045541030088663,1.607726664720792e+00,-3.270033613330110e+00,3.761845632310799e+00,9.822070023937890e-01,-1.784088677444663e-01,5.862166005671415e-02,1.783628498682276e-03
1609045541133343935,0,1609045541133343935,1.540229171935025e+00,-3.401418115556178e+00,3.748095512529172e+00,9.819233836165089e-01,-1.790142146230561e-01,6.109601936024257e-02,6.903338903120905e-03
1609045541236710310,0,1609045541236710310,1.469922601629264e+00,-3.520065100762699e+00,3.739013415793321e+00,9.820271569848867e-01,-1.791444191927762e-01,5.807911292080092e-02,1.252024992876993e-02
1609045541339721918,0,1609045541339721918,1.391991321192394e+00,-3.626919355839068e+00,3.739535635548306e+00,9.824052625007919e-01,-1.786397674222888e-01,5.139536682894352e-02,1.806239115572107e-02
1609045541442958355,0,1609045541442958355,1.303210437533319e+00,-3.722797014592661e+00,3.734658934086742e+00,9.828295724646940e-01,-1.782733116748841e-01,4.244180875071269e-02,2.152558252377203e-02
1609045541545851707,0,1609045541545851707,1.208444678079717e+00,-3.810443406210371e+00,3.732933855493076e+00,9.832874420891218e-01,-1.778666446572637e-01,3.275383397369051e-02,2.089136922049493e-02
1609045541648911238,0,1609045541648911238,1.112342761591827e+00,-3.889309233688920e+00,3.733234095019148e+00,9.837282042907133e-01,-1.770118048495005e-01,2.391913801647822e-02,1.932655849149445e-02
1609045541752044916,0,1609045541752044916,1.011519644806349e+00,-3.964210676991093e+00,3.736019211400836e+00,9.839251037230745e-01,-1.769247729127693e-01,1.649817923787764e-02,1.779958074851892e-02
1609045541855320930,0,1609045541855320930,9.046151838636546e-01,-4.032551111479258e+00,3.732758127417493e+00,9.840135186719260e-01,-1.768581813207123e-01,1.130120968620827e-02,1.763126286285776e-02
1609045541924836159,0,1609045541924836159,8.193541919817603e-01,-4.085809910591318e+00,3.724590340565805e+00,9.840948475633303e-01,-1.764714270077551e-01,7.834945614713521e-03,1.880904240125406e-02
1609045542026847363,0,1609045542026847363,6.959554300398495e-01,-4.150487698420397e+00,3.714046805117049e+00,9.840307662924200e-01,-1.765770960169916e-01,3.086641221409146e-03,2.223629460623599e-02
1609045542129972696,0,1609045542129972696,5.771753368137942e-01,-4.207081531687565e+00,3.710130211561346e+00,9.838480095084330e-01,-1.763213060441317e-01,-4.493808121611610e-03,3.055645446444702e-02
1609045542233273268,0,1609045542233273268,4.601528910147438e-01,-4.252331138611932e+00,3.703852433866557e+00,9.835124169947690e-01,-1.762947860638289e-01,-1.077913293239330e-02,3.882375969336783e-02
1609045542336911440,0,1609045542336911440,3.504825256881833e-01,-4.285556685222985e+00,3.699889476660271e+00,9.830205545178964e-01,-1.761435656538531e-01,-1.614534201424237e-02,4.881968460572894e-02
1609045542439759493,0,1609045542439759493,2.506017021980622e-01,-4.304090307833656e+00,3.695376512429352e+00,9.825497527116835e-01,-1.759347540616443e-01,-2.072313520673145e-02,5.668771847910754e-02
1609045542543273211,0,1609045542543273211,1.558394062139083e-01,-4.308925770648777e+00,3.694510919764208e+00,9.821643232210219e-01,-1.756644675505236e-01,-2.357488052527428e-02,6.276513395100014e-02
1609045542645957470,0,1609045542645957470,7.168967271669380e-02,-4.300869888393449e+00,3.696064048337731e+00,9.819104817348251e-01,-1.752799763393540e-01,-2.511654125304916e-02,6.706634855818051e-02
1609045542748996019,0,1609045542748996019,-7.782424878816131e-03,-4.278360987757476e+00,3.693228451815560e+00,9.818757022530027e-01,-1.750228012681919e-01,-2.519773585715086e-02,6.820702653514429e-02
1609045542851974010,0,1609045542851974010,-7.863106394591637e-02,-4.242073451329374e+00,3.694274130028946e+00,9.818295907362428e-01,-1.752142396625855e-01,-2.421817931764330e-02,6.873212323496763e-02
1609045542954942465,0,1609045542954942465,-1.447265810312881e-01,-4.193343995361102e+00,3.691723967586582e+00,9.820562958863449e-01,-1.750251490717968e-01,-2.424089630331628e-02,6.590908775338285e-02
1609045543025274515,0,1609045543025274515,-1.917680918249999e-01,-4.146392443873600e+00,3.684197199150324e+00,9.823615249935510e-01,-1.750211301928587e-01,-2.354079664813524e-02,6.147576019225739e-02
1609045543126864910,0,1609045543126864910,-2.518364839743332e-01,-4.070496190226939e+00,3.673963976549886e+00,9.825821003718647e-01,-1.749222274458017e-01,-2.343059240779014e-02,5.818623302226432e-02
1609045543229807615,0,1609045543229807615,-3.040210015600112e-01,-3.982027229274412e+00,3.657955811261530e+00,9.828678381275049e-01,-1.749150967258005e-01,-2.311119197894892e-02,5.330473259446059e-02
1609045543333136320,0,1609045543333136320,-3.500042461574183e-01,-3.882732492281864e+00,3.642492531686599e+00,9.831074142553483e-01,-1.752970515989479e-01,-2.389123230002973e-02,4.690378189178314e-02
1609045543436193228,0,1609045543436193228,-3.893006619236921e-01,-3.774700477400523e+00,3.627898972707940e+00,9.834595473877238e-01,-1.748602754572563e-01,-2.538635937570934e-02,3.983384837395996e-02
1609045543539329529,0,1609045543539329529,-4.205720490661363e-01,-3.662940267783457e+00,3.612015643159959e+00,9.836370521515359e-01,-1.748421288162820e-01,-2.849894436511559e-02,3.280533181341694e-02
1609045543642951012,0,1609045543642951012,-4.465298271621784e-01,-3.545188736102701e+00,3.592748555904800e+00,9.837129740516172e-01,-1.754110397824613e-01,-2.926670143762442e-02,2.613832419276572e-02
1609045543745688200,0,1609045543745688200,-4.639576303942604e-01,-3.423328924220857e+00,3.580835192373429e+00,9.837017300386436e-01,-1.754258942404702e-01,-3.122189083581376e-02,2.412168072986887e-02
1609045543848623753,0,1609045543848623753,-4.757341136614431e-01,-3.296880363591227e+00,3.561254630094498e+00,9.838166798172975e-01,-1.756904746766339e-01,-3.110185836792899e-02,1.643995215674329e-02
1609045543951808214,0,1609045543951808214,-4.824112639614965e-01,-3.168400616719998e+00,3.553935332023178e+00,9.837592094111933e-01,-1.755539027973702e-01,-3.491916862470129e-02,1.339017451427250e-02
1609045544054741621,0,1609045544054741621,-4.798215895875588e-01,-3.042701015080610e+00,3.541985917341987e+00,9.836296127030472e-01,-1.754555750271697e-01,-4.070486750886019e-02,5.589272431447689e-03
1609045544125143051,0,1609045544125143051,-4.716897944747732e-01,-2.941970692252287e+00,3.522516595111289e+00,9.833382456879260e-01,-1.761791179607264e-01,-4.476240670447025e-02,-1.771978465876896e-03
1609045544226722002,0,1609045544226722002,-4.562299457318361e-01,-2.803445294443908e+00,3.510693339118860e+00,9.830575942383430e-01,-1.764028962230809e-01,-4.892874198502988e-02,-9.260821879280781e-03
1609045544329853535,0,1609045544329853535,-4.328247543417565e-01,-2.670945405570837e+00,3.506834830209366e+00,9.825832410605452e-01,-1.757297604376769e-01,-5.855634731270459e-02,-1.484519695230162e-02
1609045544432903528,0,1609045544432903528,-4.005243168346615e-01,-2.547660322970543e+00,3.496436180813328e+00,9.817854637419335e-01,-1.761512945508398e-01,-6.764946131894906e-02,-2.217149061393631e-02
1609045544536279440,0,1609045544536279440,-3.579819742197261e-01,-2.430269830234923e+00,3.494178706698138e+00,9.811172256484472e-01,-1.759420510700779e-01,-7.638724638508021e-02,-2.486710257633004e-02
1609045544640269995,0,1609045544640269995,-3.019085474065439e-01,-2.323855185811932e+00,3.491436847463608e+00,9.804561401071237e-01,-1.757936199490008e-01,-8.387410631811636e-02,-2.770369651315268e-02
1609045544742456436,0,1609045544742456436,-2.309201551048888e-01,-2.227078206307483e+00,3.491188656132912e+00,9.798991909503363e-01,-1.757962247303479e-01,-8.984197538555366e-02,-2.866500312127938e-02
1609045544845543861,0,1609045544845543861,-1.429608098919795e-01,-2.138601721949707e+00,3.491168362398325e+00,9.796044902789943e-01,-1.753950562552657e-01,-9.351711648722624e-02,-2.943069469185150e-02
1609045544948758125,0,1609045544948758125,-3.932090783676818e-02,-2.058999027147476e+00,3.491293110120427e+00,9.795147426889601e-01,-1.752919332676477e-01,-9.470142261561187e-02,-2.924461558196530e-02
1609045545051794291,0,1609045545051794291,7.956176404791485e-02,-1.987052114802315e+00,3.490169218877186e+00,9.795319292174023e-01,-1.756418690303501e-01,-9.303786393736603e-02,-3.179763137120233e-02
1609045545155048370,0,1609045545155048370,2.149628229703373e-01,-1.920218625936509e+00,3.491595281826686e+00,9.795674703290670e-01,-1.758310965189658e-01,-8.822547319456536e-02,-4.180026853182917e-02
1609045545225411892,0,1609045545225411892,3.339310146531924e-01,-1.870184381273652e+00,3.499971963901428e+00,9.789338991217648e-01,-1.768516050743630e-01,-8.795191461041560e-02,-5.173385399261295e-02
1609045545327381611,0,1609045545327381611,5.065758136923970e-01,-1.819067945543165e+00,3.506805353018225e+00,9.775925558377149e-01,-1.774717130003697e-01,-8.769130541387046e-02,-7.160182127499529e-02
1609045545430915594,0,1609045545430915594,6.887863636015943e-01,-1.791001856442950e+00,3.499680499681628e+00,9.761553975486665e-01,-1.780121402165360e-01,-8.581057935660467e-02,-8.982684588864756e-02
1609045545533320189,0,1609045545533320189,8.779129918257220e-01,-1.786058142191383e+00,3.489777566045410e+00,9.752400820352914e-01,-1.785862563749634e-01,-7.985809245559847e-02,-1.031330039066683e-01
1609045545636375189,0,1609045545636375189,1.077924739127998e+00,-1.806144809787473e+00,3.486220872551204e+00,9.749203425220372e-01,-1.790715527514802e-01,-7.283336099312164e-02,-1.102678840733672e-01
1609045545738921642,0,1609045545738921642,1.282803894326781e+00,-1.854065417467303e+00,3.498723641506746e+00,9.755142342294745e-01,-1.791623768145431e-01,-6.574877375163933e-02,-1.093156910040215e-01
1609045545841970444,0,1609045545841970444,1.494314758785466e+00,-1.927912579249446e+00,3.503678770064704e+00,9.765249152552622e-01,-1.797198613344058e-01,-5.528893208522792e-02,-1.050856570432261e-01
1609045545945619106,0,1609045545945619106,1.705395808676285e+00,-2.017547755692954e+00,3.500032491984642e+00,9.782793564715304e-01,-1.799283837329313e-01,-3.692267963509443e-02,-9.608326158679048e-02
1609045546048849821,0,1609045546048849821,1.914102110059961e+00,-2.123159546992623e+00,3.521741003435793e+00,9.808927874623690e-01,-1.794945538862226e-01,-1.671978586217371e-02,-7.315390208254630e-02
1609045546151997566,0,1609045546151997566,2.122295075455123e+00,-2.240883800936107e+00,3.532746473407597e+00,9.822913937208015e-01,-1.786260136309643e-01,-1.502356099463254e-04,-5.653620526094984e-02
1609045546255237579,0,1609045546255237579,2.322864044599700e+00,-2.358198689859321e+00,3.556242071582133e+00,9.830204126101615e-01,-1.783192014843229e-01,1.772492469111442e-02,-3.948363987940206e-02
1609045546325523138,0,1609045546325523138,2.469238082012915e+00,-2.441851639165715e+00,3.605495828104917e+00,9.833738382853298e-01,-1.770725842710910e-01,3.172179948670954e-02,-2.479761102505839e-02
1609045546427134275,0,1609045546427134275,2.665950608733336e+00,-2.568810245461792e+00,3.632202853551315e+00,9.832561163835656e-01,-1.765197395402704e-01,3.916313808777565e-02,-2.268126455362447e-02
1609045546530119181,0,1609045546530119181,2.849632392137170e+00,-2.702995606379064e+00,3.659614972591543e+00,9.833268758797629e-01,-1.759962649840268e-01,3.636300283275740e-02,-2.777232271331737e-02
1609045546633047104,0,1609045546633047104,3.019854109224186e+00,-2.841537441888648e+00,3.676988924994687e+00,9.831904422736206e-01,-1.759935104134037e-01,3.120990182998612e-02,-3.726634596552909e-02
1609045546736202478,0,1609045546736202478,3.177184611014015e+00,-2.986898761994185e+00,3.689509552654778e+00,9.827136588796387e-01,-1.771100481430105e-01,2.739924340012133e-02,-4.642388349723180e-02
1609045546839695215,0,1609045546839695215,3.324770831935926e+00,-3.138145756532139e+00,3.705726437801508e+00,9.826715111397321e-01,-1.773689177307445e-01,2.714555916918342e-02,-4.647673433519441e-02
1609045546942294836,0,1609045546942294836,3.461863872373180e+00,-3.294901406858381e+00,3.710612922235377e+00,9.826803025559613e-01,-1.772688784419420e-01,3.260377367040444e-02,-4.303674763037370e-02
1609045547045543671,0,1609045547045543671,3.590168724309702e+00,-3.447285295585365e+00,3.722533001507119e+00,9.821375968105769e-01,-1.784857409526480e-01,4.929136761288368e-02,-3.345059470729628e-02
1609045547148773432,0,1609045547148773432,3.701789941825147e+00,-3.591541771321566e+00,3.752054413343657e+00,9.812911108495628e-01,-1.784695574812171e-01,7.022776774585301e-02,-1.686515511978080e-02
1609045547252032757,0,1609045547252032757,3.788245629836137e+00,-3.728917629432464e+00,3.772228659475063e+00,9.797267878000200e-01,-1.782728400492751e-01,9.124876566645003e-02,-5.280012486591848e-03
1609045547354904175,0,1609045547354904175,3.850718460536463e+00,-3.859538053913551e+00,3.781217600082602e+00,9.780336127509861e-01,-1.782523648189712e-01,1.080248814025163e-01,2.640409695296957e-03
1609045547425017834,0,1609045547425017834,3.880303520404970e+00,-3.956000526461633e+00,3.783954160779451e+00,9.764831744513458e-01,-1.787058948160577e-01,1.204211867524298e-01,6.599314527868736e-03
1609045547526858091,0,1609045547526858091,3.905135218191500e+00,-4.087662121526050e+00,3.786804225217593e+00,9.754812671696684e-01,-1.798185728541653e-01,1.264726843695012e-01,1.030719970741273e-02
1609045547629952431,0,1609045547629952431,3.903705470982957e+00,-4.207454448104949e+00,3.781382188272283e+00,9.751775473518869e-01,-1.806207421186873e-01,1.273908812605244e-01,1.328390110646185e-02
1609045547733179569,0,1609045547733179569,3.877216039275023e+00,-4.314324671425863e+00,3.766567022489842e+00,9.755429783651544e-01,-1.806264214325365e-01,1.244001702968637e-01,1.464892053077483e-02
1609045547836731672,0,1609045547836731672,3.827036634891802e+00,-4.410181588157048e+00,3.748268913150846e+00,9.764041327922158e-01,-1.807330827862661e-01,1.171710085748976e-01,1.553953030441431e-02
1609045547940198421,0,1609045547940198421,3.758520714266396e+00,-4.496260441344205e+00,3.731633785142448e+00,9.775254350960609e-01,-1.813790523936786e-01,1.062601344419657e-01,1.595139244990823e-02
1609045548042105675,0,1609045548042105675,3.674334243731311e+00,-4.571232954478374e+00,3.716016827320378e+00,9.789155393933230e-01,-1.809417487251296e-01,9.334978822937749e-02,1.643980960324134e-02
1609045548145161867,0,1609045548145161867,3.573260309918091e+00,-4.639483794150942e+00,3.707181217893761e+00,9.798139239654391e-01,-1.808627152270874e-01,8.362970552366317e-02,1.610667556787574e-02
1609045548248469353,0,1609045548248469353,3.456846315847630e+00,-4.698874131533745e+00,3.688883661322228e+00,9.804952328804973e-01,-1.806776186298683e-01,7.551289930601338e-02,1.680769058934856e-02
1609045548351510525,0,1609045548351510525,3.322045351122431e+00,-4.747546224190542e+00,3.670232078126745e+00,9.808708997245025e-01,-1.808950444877239e-01,6.984798479432287e-02,1.704464647007951e-02
1609045548454873800,0,1609045548454873800,3.175421257202139e+00,-4.786585404310202e+00,3.653478691445149e+00,9.811323281775847e-01,-1.812357812502956e-01,6.495506434494334e-02,1.771400053803471e-02
1609045548525100470,0,1609045548525100470,3.054818149160450e+00,-4.815837212040969e+00,3.644076456079842e+00,9.816852900354256e-01,-1.804320648198152e-01,5.765921911878579e-02,2.033902070461153e-02
1609045548626855135,0,1609045548626855135,2.869550732115551e+00,-4.846268165038830e+00,3.615551245190490e+00,9.821202801265173e-01,-1.805940846111488e-01,4.894649783551470e-02,2.073095070181546e-02
1609045548730049610,0,1609045548730049610,2.679583192834692e+00,-4.867954581449483e+00,3.595456196735580e+00,9.825564455974122e-01,-1.808613591908650e-01,3.746913303165308e-02,2.163478763841908e-02
1609045548833102226,0,1609045548833102226,2.487937577057432e+00,-4.877913092626461e+00,3.568075573479535e+00,9.829642405483322e-01,-1.809228158866689e-01,2.495923644178590e-02,2.062214854988234e-02
1609045548936347723,0,1609045548936347723,2.292507255482275e+00,-4.878171592787810e+00,3.546754233271343e+00,9.833100392379781e-01,-1.806368081767248e-01,1.176413233153799e-02,1.825692897803497e-02
1609045549039267063,0,1609045549039267063,2.104529147674722e+00,-4.874257764097791e+00,3.539729398764185e+00,9.836053190623346e-01,-1.797093642582328e-01,-1.788378352710411e-03,1.489706054037539e-02
1609045549142376900,0,1609045549142376900,1.920530563694656e+00,-4.868400665854834e+00,3.527652913282736e+00,9.835994523718316e-01,-1.796086981552185e-01,-1.180651838242253e-02,1.155157842882035e-02
1609045549245441437,0,1609045549245441437,1.741175622473854e+00,-4.857991163916304e+00,3.514464091986208e+00,9.836440900634353e-01,-1.791625308398136e-01,-1.452874848026425e-02,1.157614329714147e-02
1609045549348460436,0,1609045549348460436,1.564360058064081e+00,-4.844546254236546e+00,3.502828511658271e+00,9.836208736279762e-01,-1.786943800595381e-01,-1.563107495308848e-02,1.771905736700530e-02
1609045549451703787,0,1609045549451703787,1.392670988067255e+00,-4.825479474347019e+00,3.485477973359052e+00,9.834319286344545e-01,-1.788782038283345e-01,-1.400418290072035e-02,2.584787802585703e-02
1609045549554762840,0,1609045549554762840,1.226845482427201e+00,-4.799533044460013e+00,3.465540309631776e+00,9.831980026654320e-01,-1.789826367101127e-01,-1.266848744147720e-02,3.356207288945445e-02
1609045549625028372,0,1609045549625028372,1.099006627478954e+00,-4.774741952268438e+00,3.470272911534524e+00,9.828786006754339e-01,-1.788128648137752e-01,-1.275578569758202e-02,4.257822967573752e-02
1609045549726942539,0,1609045549726942539,9.262043787996352e-01,-4.731876688092440e+00,3.463081654211428e+00,9.826817086142690e-01,-1.785572369032748e-01,-1.844771446188045e-02,4.597449874911991e-02
1609045549830538511,0,1609045549830538511,7.606483613959476e-01,-4.675523182366327e+00,3.449272802518268e+00,9.828082468925969e-01,-1.783693680207942e-01,-2.485353587671500e-02,4.067702233299889e-02
1609045549933284044,0,1609045549933284044,6.066987394790426e-01,-4.612193640531872e+00,3.444337904812492e+00,9.827582156770425e-01,-1.783315526432699e-01,-3.501824428472468e-02,3.402748033609720e-02
1609045550036585093,0,1609045550036585093,4.659138380920660e-01,-4.542943393891081e+00,3.436645585722523e+00,9.827238287575910e-01,-1.775992346052401e-01,-4.637956781225338e-02,2.369227614424808e-02
1609045550139416695,0,1609045550139416695,3.406609234072381e-01,-4.469775022682840e+00,3.430962797305082e+00,9.825146744935104e-01,-1.773429913033213e-01,-5.485260385184076e-02,1.433770172893093e-02
1609045550242347717,0,1609045550242347717,2.297338850303573e-01,-4.399081922798080e+00,3.428066351139749e+00,9.821960041002356e-01,-1.769516938821390e-01,-6.275278386363634e-02,6.418385998776652e-03
1609045550345349550,0,1609045550345349550,1.324621510751690e-01,-4.327428107549506e+00,3.424817148627129e+00,9.819666461738359e-01,-1.766954244274405e-01,-6.722202124718207e-02,1.196932601481557e-03
1609045550448256969,0,1609045550448256969,4.936198507175355e-02,-4.259833089842751e+00,3.426603869735059e+00,9.820010591076018e-01,-1.764799384492542e-01,-6.729495627492010e-02,-3.742941978684467e-04
1609045550551298618,0,1609045550551298618,-1.966351860438552e-02,-4.192380441454906e+00,3.431937151393163e+00,9.820500180467341e-01,-1.766057627708862e-01,-6.624218528970992e-02,3.734946585518808e-04
1609045550654398918,0,1609045550654398918,-7.448717193720808e-02,-4.126373876488193e+00,3.439179524423135e+00,9.821710126118806e-01,-1.764806065349011e-01,-6.473901106025998e-02,1.886252543912479e-03
1609045550724786758,0,1609045550724786758,-1.102704519919832e-01,-4.075365010373707e+00,3.444736829548107e+00,9.822450739697292e-01,-1.766897187962435e-01,-6.293422190174965e-02,3.826440541834585e-03
1609045550826571703,0,1609045550826571703,-1.475071726076397e-01,-4.007306730738895e+00,3.455287278786566e+00,9.824145397413373e-01,-1.767281780537464e-01,-5.965081066623248e-02,8.402617043211033e-03
1609045550930039167,0,1609045550930039167,-1.734901721602795e-01,-3.936146440210894e+00,3.463518901668134e+00,9.827296541760721e-01,-1.766775274124119e-01,-5.304438987381992e-02,1.462090329026055e-02
1609045551032941580,0,1609045551032941580,-1.887191591530527e-01,-3.864008417264264e+00,3.470123256590914e+00,9.830259654055645e-01,-1.764619983933935e-01,-4.576163566637631e-02,2.066366768755160e-02
1609045551136013031,0,1609045551136013031,-1.953779523051243e-01,-3.788042950382393e+00,3.478406338491589e+00,9.831376534216284e-01,-1.761982087636257e-01,-4.093073340084577e-02,2.681829069998494e-02
1609045551239685059,0,1609045551239685059,-1.942021532662412e-01,-3.706923326978138e+00,3.483937074389570e+00,9.831946446103071e-01,-1.761016908479050e-01,-3.779769906347124e-02,2.979629566446424e-02
1609045551342292547,0,1609045551342292547,-1.846045925391327e-01,-3.621506695547505e+00,3.490116709575756e+00,9.832524036576692e-01,-1.758445194188382e-01,-3.628721943327558e-02,3.125145432249316e-02
1609045551445350885,0,1609045551445350885,-1.677276636546506e-01,-3.529452733189782e+00,3.494804049346400e+00,9.833462715100695e-01,-1.754260783503239e-01,-3.679204165856124e-02,3.003576222043507e-02
1609045551548313618,0,1609045551548313618,-1.433100282250289e-01,-3.432755984770995e+00,3.496742835714373e+00,9.833734613815588e-01,-1.756497916519570e-01,-3.857365261523379e-02,2.521625401785712e-02
1609045551651669741,0,1609045551651669741,-1.135651410936967e-01,-3.329467986819976e+00,3.494569089646194e+00,9.833062490730055e-01,-1.759037250999184e-01,-4.448333893562756e-02,1.370885067332429e-02
1609045551754545689,0,1609045551754545689,-7.723912353641205e-02,-3.225483291191884e+00,3.507683118945847e+00,9.826560996144307e-01,-1.757928274786830e-01,-5.897206855185998e-02,2.483309890897420e-03
1609045551824895382,0,1609045551824895382,-3.866534282116673e-02,-3.149095872877343e+00,3.493675950949462e+00,9.807574692658416e-01,-1.761764476866583e-01,-8.277474489945073e-02,-1.499957887067746e-02
1609045551926745176,0,1609045551926745176,2.851226050964413e-02,-3.047128222496900e+00,3.494853423299177e+00,9.789425099905729e-01,-1.763232947624558e-01,-9.882915262833557e-02,-2.853868336007602e-02
1609045552030030966,0,1609045552030030966,1.137343693300824e-01,-2.957454421539143e+00,3.501799574432466e+00,9.779833503913283e-01,-1.758201963528734e-01,-1.071500891909090e-01,-3.398063121634185e-02
1609045552133159399,0,1609045552133159399,2.176761572968565e-01,-2.881096385548291e+00,3.514560412114005e+00,9.774451616866300e-01,-1.758463862905347e-01,-1.112646313410254e-01,-3.604422472732445e-02
1609045552236148357,0,1609045552236148357,3.384296743111131e-01,-2.816046128097565e+00,3.529809542323878e+00,9.770513038216956e-01,-1.760724929678649e-01,-1.146900009520063e-01,-3.486302628464924e-02
1609045552339713573,0,1609045552339713573,4.816627939055161e-01,-2.760446694059281e+00,3.538823087286465e+00,9.769596155725850e-01,-1.759148381247377e-01,-1.147135334335570e-01,-3.800900570511416e-02
1609045552442354202,0,1609045552442354202,6.466881556195750e-01,-2.716890507508354e+00,3.562328359778438e+00,9.770399530173340e-01,-1.760551795787902e-01,-1.119548423291491e-01,-4.316963319406987e-02
1609045552545855045,0,1609045552545855045,8.365498255786438e-01,-2.688792294873383e+00,3.592822057029221e+00,9.776299003584252e-01,-1.767751220061623e-01,-9.990264776209941e-02,-5.486159981894830e-02
1609045552648583174,0,1609045552648583174,1.033438800049137e+00,-2.676968489816769e+00,3.608263966439900e+00,9.788564541136276e-01,-1.785312593592556e-01,-7.638858502228049e-02,-6.427609003104044e-02
1609045552751680136,0,1609045552751680136,1.222989706194496e+00,-2.677357066523374e+00,3.610913173828102e+00,9.798915991818749e-01,-1.807543748180857e-01,-3.948630233645051e-02,-7.470703959063632e-02
1609045552854588509,0,1609045552854588509,1.419037562945872e+00,-2.688422556663922e+00,3.603078863752479e+00,9.797675009923409e-01,-1.815172287193383e-01,-8.002928821754138e-03,-8.392313630483829e-02
1609045552924798012,0,1609045552924798012,1.568049557442394e+00,-2.694877077698431e+00,3.612215274963428e+00,9.796123166722103e-01,-1.822609381301616e-01,1.792950380068158e-02,-8.257840122678214e-02
1609045553026344776,0,1609045553026344776,1.764998158314902e+00,-2.723332473974122e+00,3.612024056717998e+00,9.785351799592216e-01,-1.830019821271954e-01,4.030435820765820e-02,-8.575975063426780e-02
1609045553130208969,0,1609045553130208969,1.946637251288427e+00,-2.768818272613155e+00,3.615818644322056e+00,9.772656196004885e-01,-1.828271605641552e-01,5.550685040046920e-02,-9.189737572548337e-02
1609045553232657433,0,1609045553232657433,2.104440274644986e+00,-2.832055145302399e+00,3.620691696524408e+00,9.762494639214222e-01,-1.829399265495971e-01,6.115797033472842e-02,-9.863909028062616e-02
1609045553335623264,0,1609045553335623264,2.238800920933869e+00,-2.916590836494871e+00,3.617058331909169e+00,9.752584412356124e-01,-1.834041645548297e-01,6.169340012109355e-02,-1.069009335965568e-01
1609045553439313173,0,1609045553439313173,2.352367133789615e+00,-3.023120276645959e+00,3.611554643653529e+00,9.751318094652862e-01,-1.842390385331911e-01,5.852201716203800e-02,-1.083932855683208e-01
1609045553542016029,0,1609045553542016029,2.445061366695195e+00,-3.154181972023991e+00,3.601165761363116e+00,9.762863347555318e-01,-1.842026510851419e-01,5.401753091298704e-02,-1.000823773526989e-01
1609045553645475626,0,1609045553645475626,2.527539979771331e+00,-3.295327455554892e+00,3.582533273023723e+00,9.777568889863713e-01,-1.847502324691651e-01,5.546510961453819e-02,-8.235556603788252e-02
1609045553748477936,0,1609045553748477936,2.597004688010164e+00,-3.436276429311143e+00,3.589218582569681e+00,9.789069765722380e-01,-1.849562060322531e-01,6.530328443030173e-02,-5.716479782751636e-02
1609045553851827621,0,1609045553851827621,2.652839374233346e+00,-3.574159547483450e+00,3.619195380721657e+00,9.789326626549630e-01,-1.844575272979776e-01,8.170312759766783e-02,-3.147795340919392e-02
1609045553954696178,0,1609045553954696178,2.682152575249479e+00,-3.707726007056873e+00,3.648287694042535e+00,9.780814924920337e-01,-1.831245859079787e-01,9.852571112446390e-02,-1.070814305548389e-02
1609045554024983644,0,1609045554024983644,2.679088664284989e+00,-3.804543287377996e+00,3.669044446675907e+00,9.763287481099256e-01,-1.834594545092055e-01,1.145635270263309e-01,4.939904713287699e-05
1609045554126758099,0,1609045554126758099,2.657976831573678e+00,-3.942646728672288e+00,3.672273732589462e+00,9.752149237835750e-01,-1.844191806497305e-01,1.221625735133141e-01,4.660887315693912e-03
1609045554230435610,0,1609045554230435610,2.607663159012485e+00,-4.074001585684906e+00,3.664299959224004e+00,9.753222630147949e-01,-1.852948467809593e-01,1.199612938251165e-01,4.646612487812825e-03
1609045554333121777,0,1609045554333121777,2.530288229182923e+00,-4.197192992211622e+00,3.654046660235325e+00,9.766926094750387e-01,-1.860402291869771e-01,1.069890174589343e-01,3.732273269417869e-03
1609045554436422348,0,1609045554436422348,2.442586854636348e+00,-4.315259185921647e+00,3.646409238364772e+00,9.787252379677587e-01,-1.856902361689099e-01,8.721025475134808e-02,3.227417293082673e-03
1609045554539581060,0,1609045554539581060,2.342327965307506e+00,-4.423605488460061e+00,3.639748119286054e+00,9.803249128046092e-01,-1.848571226159194e-01,6.915191242089612e-02,2.987065620723140e-03
1609045554642274380,0,1609045554642274380,2.228672684622757e+00,-4.523643534474162e+00,3.635810333729518e+00,9.814533013180804e-01,-1.840656974313316e-01,5.327910976605009e-02,5.529269679396796e-03
1609045554745404482,0,1609045554745404482,2.097121583490553e+00,-4.622839392615963e+00,3.626891929231777e+00,9.823552704599391e-01,-1.828638908200874e-01,3.646862762080312e-02,1.445542226523121e-02
1609045554848258257,0,1609045554848258257,1.965186043295313e+00,-4.711264951792764e+00,3.609800025198783e+00,9.826879976247980e-01,-1.824050098968682e-01,2.343955782858411e-02,2.243432230269002e-02
1609045554951293230,0,1609045554951293230,1.830565491547961e+00,-4.788208776451455e+00,3.611796576095726e+00,9.825014880094887e-01,-1.816884745880877e-01,1.333569761862830e-02,3.875930120255911e-02
1609045555054391861,0,1609045555054391861,1.695005649593342e+00,-4.853337422614999e+00,3.623469257116882e+00,9.817088899325488e-01,-1.816827197679795e-01,7.875957064851271e-03,5.636500745245518e-02
1609045555124670744,0,1609045555124670744,1.586013034725197e+00,-4.894238367393676e+00,3.640044093563847e+00,9.809318797296172e-01,-1.807269320123440e-01,5.880253749707130e-03,7.124497168961760e-02
1609045555226617575,0,1609045555226617575,1.433935177354001e+00,-4.934162269182730e+00,3.641461251019872e+00,9.800323101282454e-01,-1.815885906900571e-01,6.529809870162857e-03,8.074414169859227e-02
1609045555329927444,0,1609045555329927444,1.285136559536278e+00,-4.952047756055814e+00,3.645771397253535e+00,9.794508477285436e-01,-1.819368161617252e-01,5.213041470645621e-03,8.687839781606672e-02
1609045555433058739,0,1609045555433058739,1.143617832347863e+00,-4.947023526721296e+00,3.642088593665514e+00,9.794200642591542e-01,-1.816802947153740e-01,4.337303075737962e-03,8.780544425289263e-02
1609045555536061764,0,1609045555536061764,1.007779202285601e+00,-4.921220838572641e+00,3.633076461509870e+00,9.794849836724222e-01,-1.813866904986301e-01,2.661216620768942e-03,8.775507504398411e-02
1609045555639106750,0,1609045555639106750,8.761223803337291e-01,-4.877077090167846e+00,3.617956261175942e+00,9.795456119957867e-01,-1.812155786479815e-01,-6.933268784167058e-04,8.746900806917776e-02
1609045555742155075,0,1609045555742155075,7.508307735976636e-01,-4.815363616260173e+00,3.601222683246466e+00,9.795142148888561e-01,-1.807771060607366e-01,-7.537460949831968e-03,8.840094703730761e-02
1609045555845279217,0,1609045555845279217,6.311457309862388e-01,-4.733775932677930e+00,3.580905115641832e+00,9.796560310260760e-01,-1.805338788847003e-01,-1.439273707413334e-02,8.645477759086365e-02
1609045555948161602,0,1609045555948161602,5.233811030828108e-01,-4.635433420517828e+00,3.576308272355799e+00,9.798597935731577e-01,-1.802715451964399e-01,-2.400787527879751e-02,8.246561013867822e-02
1609045556050940752,0,1609045556050940752,4.241107513970084e-01,-4.520643312768915e+00,3.574892507906569e+00,9.809276630269386e-01,-1.805014064167030e-01,-2.698490461454403e-02,6.687284286416517e-02
1609045556153877974,0,1609045556153877974,3.372541432444856e-01,-4.389313308643642e+00,3.589694868502221e+00,9.821114003100272e-01,-1.808978666010580e-01,-2.501432918852254e-02,4.590689028024853e-02
1609045556224239349,0,1609045556224239349,2.747191823851071e-01,-4.292424009839388e+00,3.588255878920277e+00,9.829370163562259e-01,-1.809547166206202e-01,-2.736126880513514e-02,1.848170388619045e-02
1609045556325992346,0,1609045556325992346,1.846496398620488e-01,-4.153684082882158e+00,3.566898678284621e+00,9.833328876878488e-01,-1.801994242134105e-01,-2.089099266246187e-02,-1.217234282710407e-02
1609045556429455042,0,1609045556429455042,9.748454149537623e-02,-4.013920859932596e+00,3.551171895058145e+00,9.832070310841199e-01,-1.798725146533719e-01,-1.587201660178287e-02,-2.641763781469619e-02
1609045556532404900,0,1609045556532404900,1.492410666775586e-02,-3.882208192792433e+00,3.541315806384968e+00,9.831620892991219e-01,-1.796290923307344e-01,-1.290207616711689e-02,-3.097146725119983e-02
1609045556635595798,0,1609045556635595798,-6.315859823679175e-02,-3.755645658224818e+00,3.538056595284550e+00,9.832019280291000e-01,-1.796685592023010e-01,-1.123507795347553e-02,-3.011562015138016e-02
1609045556738725901,0,1609045556738725901,-1.411959060840718e-01,-3.634961004283552e+00,3.539729511722534e+00,9.832310407438809e-01,-1.798590831022978e-01,-1.341090108772706e-02,-2.697366261772275e-02
1609045556841970921,0,1609045556841970921,-2.145174501498713e-01,-3.520779650843065e+00,3.546990548052559e+00,9.833062701083828e-01,-1.793318806594794e-01,-1.951680898888658e-02,-2.383169971400648e-02
1609045556945186138,0,1609045556945186138,-2.827288264759096e-01,-3.414421442890595e+00,3.557545272647711e+00,9.831051172817630e-01,-1.794879212552752e-01,-2.799656727117543e-02,-2.246345295352435e-02
1609045557048715830,0,1609045557048715830,-3.465501642825344e-01,-3.313052448500092e+00,3.568422267016053e+00,9.828787668341102e-01,-1.793254562133053e-01,-3.574298355693176e-02,-2.267486685053972e-02
1609045557151358843,0,1609045557151358843,-4.019646426456027e-01,-3.214908983412183e+00,3.579163013787608e+00,9.825143395472753e-01,-1.795858483348469e-01,-4.076181000512415e-02,-2.744030806374640e-02
1609045557254488468,0,1609045557254488468,-4.491203130139311e-01,-3.122581391218452e+00,3.595757991082916e+00,9.820060906629793e-01,-1.793408057760302e-01,-4.769562977738899e-02,-3.501485662180870e-02
1609045557324588776,0,1609045557324588776,-4.795251991130451e-01,-3.059165888134971e+00,3.605453185980915e+00,9.813677857506997e-01,-1.795555541766815e-01,-5.408180454321170e-02,-4.185965207826054e-02
1609045557426238775,0,1609045557426238775,-5.189300591166407e-01,-2.981605122596315e+00,3.611796501654153e+00,9.808020129650878e-01,-1.791887180083348e-01,-5.786479171137625e-02,-5.069990712071987e-02
1609045557529860258,0,1609045557529860258,-5.495912046820378e-01,-2.915437263074591e+00,3.614248861710637e+00,9.806642488795696e-01,-1.792508595577906e-01,-5.842439824415999e-02,-5.247237374808363e-02
1609045557632873058,0,1609045557632873058,-5.699306085485369e-01,-2.857931806738355e+00,3.615741863701301e+00,9.810375190227780e-01,-1.788388091777452e-01,-5.465572141522028e-02,-5.093936314666686e-02
1609045557736145735,0,1609045557736145735,-5.808347722308551e-01,-2.812952367836327e+00,3.624727617945604e+00,9.815288975752140e-01,-1.784419057748783e-01,-5.122971696722179e-02,-4.620633709093137e-02
1609045557839531898,0,1609045557839531898,-5.836549112446625e-01,-2.777975048357713e+00,3.636466118880277e+00,9.818183710791472e-01,-1.783806289711337e-01,-4.936786807701115e-02,-4.214084741166026e-02
1609045557942260981,0,1609045557942260981,-5.790643376272470e-01,-2.753378275449327e+00,3.647403158793237e+00,9.820471647672210e-01,-1.784271064825019e-01,-4.884831996761601e-02,-3.689140117934950e-02
1609045558045236349,0,1609045558045236349,-5.649734876075837e-01,-2.738015960707460e+00,3.652240978905205e+00,9.823780916290409e-01,-1.783449850192491e-01,-4.505771314508100e-02,-3.310821486569223e-02
1609045558148213625,0,1609045558148213625,-5.442376191713685e-01,-2.728569869067594e+00,3.657321861685852e+00,9.827667477632891e-01,-1.782238543859153e-01,-3.983659658539237e-02,-2.861507977936972e-02
1609045558251217842,0,1609045558251217842,-5.161938607329613e-01,-2.724283302729959e+00,3.662372572776682e+00,9.830457908188356e-01,-1.785511456082506e-01,-3.294492736893089e-02,-2.559479079224461e-02
1609045558355104923,0,1609045558355104923,-4.870431897757184e-01,-2.723586749827744e+00,3.665394621345528e+00,9.833502578200067e-01,-1.783816294325083e-01,-2.594455268720682e-02,-2.300315004258216e-02
1609045558424684763,0,1609045558424684763,-4.624862509043426e-01,-2.723306937440181e+00,3.667735335912092e+00,9.834201065183390e-01,-1.786724353961295e-01,-2.179853312746636e-02,-2.204266041693475e-02
1609045558526345015,0,1609045558526345015,-4.258524011396223e-01,-2.728508049753507e+00,3.664142935024863e+00,9.834102104867130e-01,-1.788158336864187e-01,-1.948588336028565e-02,-2.344260827790851e-02
1609045558629308462,0,1609045558629308462,-3.858559607332380e-01,-2.737089606975955e+00,3.660635062001082e+00,9.833898892579326e-01,-1.787502317096275e-01,-1.987463443163121e-02,-2.444747992995990e-02
1609045558732409954,0,1609045558732409954,-3.444170744249548e-01,-2.750180113138304e+00,3.655970106409181e+00,9.834192942672202e-01,-1.785017362787018e-01,-2.046467203886700e-02,-2.459306826087638e-02
1609045558835546255,0,1609045558835546255,-3.011345510640103e-01,-2.767241127326494e+00,3.649181408676021e+00,9.833676819730058e-01,-1.785434121598134e-01,-2.147880254368986e-02,-2.547377212643576e-02
1609045558938954353,0,1609045558938954353,-2.554329264990889e-01,-2.789991694911330e+00,3.645584195328644e+00,9.833500406065276e-01,-1.785066794746289e-01,-2.207332695151270e-02,-2.590041040343708e-02
1609045559041866779,0,1609045559041866779,-2.084135566403793e-01,-2.815418946728947e+00,3.646942578099441e+00,9.833545928568647e-01,-1.785900992182268e-01,-2.163719066170312e-02,-2.551770264923514e-02
1609045559145255804,0,1609045559145255804,-1.593296703285678e-01,-2.845684766824229e+00,3.649936214412377e+00,9.833748517552147e-01,-1.787041700855340e-01,-1.934484417582658e-02,-2.577784965730205e-02
1609045559248323679,0,1609045559248323679,-1.108275481727561e-01,-2.879558402207872e+00,3.656834677693560e+00,9.835582544740150e-01,-1.788638770671443e-01,-1.407908033481866e-02,-2.055852701813370e-02
1609045559351552963,0,1609045559351552963,-6.437889154191240e-02,-2.911916424794050e+00,3.647613128106517e+00,9.836517071191333e-01,-1.790628628555336e-01,-4.999853204017060e-03,-1.846108597088759e-02
1609045559454557896,0,1609045559454557896,-2.085224072723267e-02,-2.942296863454003e+00,3.643467638383343e+00,9.837095405440164e-01,-1.792229957679477e-01,3.232263938049049e-03,-1.357240215177264e-02
1609045559524665594,0,1609045559524665594,1.387164625523913e-02,-2.963508405503621e+00,3.642293731545916e+00,9.836422039809224e-01,-1.796671569722808e-01,8.059854307391097e-03,-1.013735672091554e-02
1609045559626530886,0,1609045559626530886,5.792579911194559e-02,-2.999129136571505e+00,3.633534273776808e+00,9.837091630262055e-01,-1.793369450000475e-01,9.356412788112565e-03,-8.185369616818299e-03
1609045559729514122,0,1609045559729514122,9.803292664153614e-02,-3.034748922259777e+00,3.627747194395991e+00,9.837066532799886e-01,-1.794006036319457e-01,8.729948274088387e-03,-7.773783634828878e-03
1609045559832670212,0,1609045559832670212,1.358633484445661e-01,-3.071533154154262e+00,3.621012180278204e+00,9.837255365026926e-01,-1.793649755214116e-01,7.990423907445511e-03,-6.958988012841511e-03
1609045559936141968,0,1609045559936141968,1.707860982581551e-01,-3.107155103043576e+00,3.613567411943326e+00,9.837470451231136e-01,-1.792717001378807e-01,8.119936503677889e-03,-6.121713165625065e-03
1609045560038949013,0,1609045560038949013,2.005070334184655e-01,-3.139097339113708e+00,3.608203037265818e+00,9.837196325058805e-01,-1.793503830995295e-01,1.035919104791929e-02,-4.670317448589346e-03
1609045560142290831,0,1609045560142290831,2.250719542767324e-01,-3.167830169892505e+00,3.605867844929630e+00,9.837419115736067e-01,-1.791908245710906e-01,1.177522423384339e-02,-1.960585874984845e-03
1609045560245256662,0,1609045560245256662,2.457239524568417e-01,-3.192571653552810e+00,3.607959407844762e+00,9.836813896207507e-01,-1.793064840021995e-01,1.483047322380484e-02,4.069056492414801e-04
1609045560348673820,0,1609045560348673820,2.628860619455577e-01,-3.217313872348071e+00,3.611466005303345e+00,9.837270779166153e-01,-1.788757928402489e-01,1.594622749159762e-02,5.495883722258600e-03
1609045560451332808,0,1609045560451332808,2.759217204886645e-01,-3.237005373861707e+00,3.608472170810941e+00,9.836708453564323e-01,-1.786940876985844e-01,1.981117782291581e-02,8.222423626444304e-03
1609045560554743767,0,1609045560554743767,2.842056059802383e-01,-3.252353943780857e+00,3.608510658246113e+00,9.835688433925331e-01,-1.784788029596965e-01,2.403079084166896e-02,1.265576124795190e-02
1609045560624615192,0,1609045560624615192,2.854105237250363e-01,-3.258404759447270e+00,3.608729766048809e+00,9.833083346558159e-01,-1.789579575157331e-01,2.835004122194805e-02,1.658443850749929e-02
1609045560726327419,0,1609045560726327419,2.824956334467288e-01,-3.262483091608466e+00,3.606416254522090e+00,9.832365444838929e-01,-1.783237163840094e-01,3.238618933125441e-02,1.994202864959312e-02
1609045560829616785,0,1609045560829616785,2.724805594905013e-01,-3.257954053321425e+00,3.604762470161730e+00,9.830679781913465e-01,-1.786450389356320e-01,3.516249342667884e-02,2.066154336384713e-02
1609045560932902098,0,1609045560932902098,2.553548060500970e-01,-3.244855420410464e+00,3.604577818811615e+00,9.830948102863027e-01,-1.783506645283400e-01,3.569553556278255e-02,2.101102546321818e-02
1609045561035607338,0,1609045561035607338,2.290746205646522e-01,-3.223775823364242e+00,3.596598732592711e+00,9.832100258776513e-01,-1.787002936007838e-01,3.453430038224622e-02,1.310084644071357e-02
1609045561139746428,0,1609045561139746428,1.944806861574397e-01,-3.195853901568715e+00,3.595438566852223e+00,9.835527174238954e-01,-1.784506322089480e-01,2.738555768231352e-02,5.427259199606947e-03
1609045561242082596,0,1609045561242082596,1.522533568442819e-01,-3.169675244976979e+00,3.590696763657526e+00,9.837949615976153e-01,-1.784932428761942e-01,1.638622033242911e-02,-4.373507242139954e-03
1609045561344993830,0,1609045561344993830,1.136711899053724e-01,-3.149801638901962e+00,3.591392619118118e+00,9.839612122792898e-01,-1.778931095731597e-01,3.531340352104090e-03,-1.272414756568807e-02
1609045561448514223,0,1609045561448514223,7.261431698796347e-02,-3.131257912127118e+00,3.584599163998582e+00,9.838913714167877e-01,-1.780263737738702e-01,-2.684443148695182e-03,-1.603662237485785e-02
1609045561551277161,0,1609045561551277161,2.818515887674388e-02,-3.106693701539023e+00,3.579141855354261e+00,9.839560452361312e-01,-1.780177379999848e-01,1.094721649238524e-03,-1.178929959098571e-02
1609045561654158831,0,1609045561654158831,-1.744137263580940e-02,-3.078959033950927e+00,3.575460973137528e+00,9.839179539538202e-01,-1.784553788549469e-01,4.249012384772165e-03,-6.409644179930216e-03
1609045561724607468,0,1609045561724607468,-5.383228715332154e-02,-3.052453193572140e+00,3.581432089602908e+00,9.839392817034718e-01,-1.783964242012385e-01,5.304360791311683e-03,-3.173249022280194e-03
1609045561826327801,0,1609045561826327801,-1.059570048101939e-01,-3.020332689626856e+00,3.590171954760320e+00,9.839275667480181e-01,-1.784949278703525e-01,-7.522220954103374e-04,-5.053541282725957e-03
1609045561930015802,0,1609045561930015802,-1.539489015754565e-01,-2.991004926822405e+00,3.616383262323891e+00,9.838889193086361e-01,-1.782261082085242e-01,-1.140603891175155e-02,-8.243245147882763e-03
1609045562032685280,0,1609045562032685280,-2.012784713536179e-01,-2.961871894517311e+00,3.635721375859224e+00,9.837373070757253e-01,-1.779782743054068e-01,-1.839275526852207e-02,-1.569557568232403e-02
1609045562135919571,0,1609045562135919571,-2.482075054856217e-01,-2.935812621505786e+00,3.661300156385526e+00,9.835864601842277e-01,-1.779719546613338e-01,-2.193632087728387e-02,-2.006131905811720e-02
1609045562238878965,0,1609045562238878965,-2.899239552963170e-01,-2.912180222946887e+00,3.690560476597567e+00,9.833964333235631e-01,-1.778432742650143e-01,-2.688006384120504e-02,-2.409744577302806e-02
1609045562342096090,0,1609045562342096090,-3.275032044272153e-01,-2.893133913095829e+00,3.720116605313179e+00,9.831673941212655e-01,-1.778057425284441e-01,-3.282745036527585e-02,-2.625550538312051e-02
1609045562444978952,0,1609045562444978952,-3.597734119763543e-01,-2.878862561451570e+00,3.747367024657329e+00,9.829562289513821e-01,-1.773459071615594e-01,-3.945136112699892e-02,-2.809041266422210e-02
1609045562548524380,0,1609045562548524380,-3.835267124047437e-01,-2.872865432155981e+00,3.782341384249476e+00,9.827797648253009e-01,-1.766622839002479e-01,-4.748317100404004e-02,-2.607143586710515e-02
1609045562651449919,0,1609045562651449919,-3.993952989069675e-01,-2.872183867712344e+00,3.808554903808480e+00,9.827465801859040e-01,-1.763945220770405e-01,-4.992450450041857e-02,-2.452907589387878e-02
1609045562754477978,0,1609045562754477978,-4.074289999992285e-01,-2.874511034585109e+00,3.834660534090591e+00,9.829049426708023e-01,-1.762306361879366e-01,-4.870074469007035e-02,-2.165349875728428e-02
1609045562824828625,0,1609045562824828625,-4.076711450667529e-01,-2.876901685865725e+00,3.865639517623432e+00,9.831696354712635e-01,-1.761233393102812e-01,-4.583541799547784e-02,-1.603595006151541e-02
1609045562926682949,0,1609045562926682949,-4.004647570885238e-01,-2.883138144061697e+00,3.904899270037326e+00,9.832727734411042e-01,-1.759794467673710e-01,-4.533376864056349e-02,-1.227748937812555e-02
1609045563029875040,0,1609045563029875040,-3.858111731679362e-01,-2.892945732527637e+00,3.939370474625081e+00,9.833514618612554e-01,-1.759884093232479e-01,-4.376635750184488e-02,-1.151035142479491e-02
1609045563133004427,0,1609045563133004427,-3.652895793787533e-01,-2.904827426026803e+00,3.977642580922951e+00,9.834457651106328e-01,-1.761665866762070e-01,-4.122056273544678e-02,-1.003125277759137e-02
1609045563236317396,0,1609045563236317396,-3.378177873755766e-01,-2.918756886957553e+00,4.017193797041342e+00,9.835852099507789e-01,-1.760940688725366e-01,-3.895338706965344e-02,-5.800630094751828e-03
1609045563339197874,0,1609045563339197874,-3.028159515003271e-01,-2.933104471712376e+00,4.055962036466196e+00,9.837534937220953e-01,-1.761558711063727e-01,-3.452769568896039e-02,-2.451712551496378e-03
1609045563441976070,0,1609045563441976070,-2.624809854159770e-01,-2.944766834832266e+00,4.096051916562549e+00,9.839884295886208e-01,-1.759509922812618e-01,-2.841799525900058e-02,6.605271504662488e-04
1609045563545029640,0,1609045563545029640,-2.176804173463829e-01,-2.954106066933114e+00,4.142994632448183e+00,9.841152015217773e-01,-1.757323535412692e-01,-2.516958529796248e-02,1.379140392804827e-03
1609045563648394823,0,1609045563648394823,-1.694217333696794e-01,-2.960193552333336e+00,4.187289384403440e+00,9.841586465986829e-01,-1.756839492746991e-01,-2.370470898873464e-02,-2.234963926254096e-03
1609045563751385450,0,1609045563751385450,-1.175650008484733e-01,-2.969339697042869e+00,4.233914014237900e+00,9.840938657496271e-01,-1.758486376926914e-01,-2.421984537326685e-02,-7.065345382397614e-03
1609045563855391741,0,1609045563855391741,-6.235414805767406e-02,-2.981981740155279e+00,4.274868446996887e+00,9.840442041680447e-01,-1.758692111440146e-01,-2.383765883300274e-02,-1.260122358827981e-02
1609045563924593210,0,1609045563924593210,-1.639095174371592e-02,-2.990147095312753e+00,4.297591390652586e+00,9.840504535473674e-01,-1.758704984262208e-01,-2.136088729534371e-02,-1.606191614307725e-02
1609045564026173830,0,1609045564026173830,4.878986629510124e-02,-3.003339348583432e+00,4.338200251741209e+00,9.841361483420358e-01,-1.759742763285675e-01,-1.706482949401726e-02,-1.476100237718838e-02
1609045564129420519,0,1609045564129420519,1.151303420157773e-01,-3.019627464603396e+00,4.380157389751742e+00,9.841596082210098e-01,-1.765217475345370e-01,-1.235123261758246e-02,-1.083444720082951e-02
1609045564232364893,0,1609045564232364893,1.788603954865526e-01,-3.035446633607652e+00,4.424419987471893e+00,9.843168342940791e-01,-1.760381246814808e-01,-8.969535750659622e-03,-7.106040530987189e-03
1609045564335462570,0,1609045564335462570,2.430769300823608e-01,-3.049663735478693e+00,4.469413825551586e+00,9.843877054411849e-01,-1.759336696264714e-01,-4.463522466764860e-03,-2.875106066435525e-03
1609045564439308405,0,1609045564439308405,3.039218710208764e-01,-3.062685105699005e+00,4.516103335663231e+00,9.843573182647966e-01,-1.761755757065216e-01,-1.667253331506329e-03,2.382625523347244e-04
1609045564541777849,0,1609045564541777849,3.608109585322706e-01,-3.070987474790967e+00,4.558566861518702e+00,9.843995992319156e-01,-1.759458305614219e-01,4.676969201857385e-04,-5.244038407588612e-04
1609045564644711018,0,1609045564644711018,4.160309715968121e-01,-3.078142786928975e+00,4.603178697308788e+00,9.843649942728387e-01,-1.761329760715164e-01,2.197847998151381e-04,-1.638439735998490e-03
1609045564748195410,0,1609045564748195410,4.712643525421357e-01,-3.084988790354553e+00,4.651140614265437e+00,9.843081486517823e-01,-1.763355621532923e-01,-1.781084992572304e-03,-6.329751474933241e-03
1609045564851260900,0,1609045564851260900,5.255168629816541e-01,-3.092828135346253e+00,4.697106225148475e+00,9.842279945182092e-01,-1.766131085811300e-01,-3.007508627421010e-03,-9.696369193250303e-03
1609045564955422640,0,1609045564955422640,5.783679982917831e-01,-3.102052009912184e+00,4.738405310286367e+00,9.841305781514658e-01,-1.769032865552799e-01,-2.122480222061881e-03,-1.370136601259309e-02
1609045565024755239,0,1609045565024755239,6.189830328459142e-01,-3.108271038700599e+00,4.764380263995679e+00,9.840394127398818e-01,-1.772136577598012e-01,-1.766897713300603e-03,-1.608203190251541e-02
1609045565126514196,0,1609045565126514196,6.742703507767200e-01,-3.119233803456140e+00,4.808202451243989e+00,9.840504600122829e-01,-1.770889976449161e-01,-9.816797553787648e-04,-1.682900375227319e-02
1609045565229238510,0,1609045565229238510,7.288117823907585e-01,-3.131811255060165e+00,4.850691238948885e+00,9.839875405575091e-01,-1.774350218536427e-01,-7.633833139144096e-04,-1.687454571243050e-02
1609045565332283497,0,1609045565332283497,7.797016095437874e-01,-3.146743713958758e+00,4.892458328329292e+00,9.840123927460112e-01,-1.773457499789989e-01,-4.537815892471673e-04,-1.636734458082926e-02
1609045565435467005,0,1609045565435467005,8.252725568267579e-01,-3.163485489495014e+00,4.937684132827977e+00,9.840226178315666e-01,-1.774414110929285e-01,7.801161171104884e-04,-1.460906033278311e-02
1609045565538490295,0,1609045565538490295,8.682346141396133e-01,-3.180438769859880e+00,4.981065494888846e+00,9.840781289120636e-01,-1.773525576926540e-01,2.278810971525613e-03,-1.145048021101562e-02
1609045565641528368,0,1609045565641528368,9.090340170128386e-01,-3.199089744084834e+00,5.026276371478668e+00,9.841804984007364e-01,-1.769362613974812e-01,5.949359644840423e-03,-6.849167093645281e-03
1609045565744665623,0,1609045565744665623,9.461811665430515e-01,-3.215566090543927e+00,5.070119273727819e+00,9.841748052428722e-01,-1.768934095400121e-01,1.025669518791872e-02,-1.864025210792683e-03
1609045565847818851,0,1609045565847818851,9.789639872834353e-01,-3.228707840403723e+00,5.110863840772559e+00,9.840539330889491e-01,-1.771528488075450e-01,1.577312705624210e-02,2.435855929482797e-03
1609045565951066971,0,1609045565951066971,1.006644658155895e+00,-3.239868016598485e+00,5.149322039076710e+00,9.839967773177954e-01,-1.770117598789800e-01,1.932138688193697e-02,6.622922421292952e-03
1609045566054275513,0,1609045566054275513,1.027382821009020e+00,-3.243064267314210e+00,5.179479803593264e+00,9.839609158793019e-01,-1.770983610912480e-01,2.085179673560627e-02,4.721132635007042e-03
1609045566124453068,0,1609045566124453068,1.042892060316187e+00,-3.241433605567841e+00,5.200871118252860e+00,9.840897051626801e-01,-1.770072524344062e-01,1.535273535849751e-02,4.222501207185868e-04
1609045566226090670,0,1609045566226090670,1.058554612312101e+00,-3.239922904076776e+00,5.210733176043110e+00,9.841118393657222e-01,-1.772827397303829e-01,3.391363052493270e-03,-9.122306191489616e-03
1609045566329241753,0,1609045566329241753,1.074668710440416e+00,-3.245385169750364e+00,5.224729070632590e+00,9.838369153293808e-01,-1.775338873640332e-01,-1.286397867106907e-02,-1.952334308038641e-02
1609045566433171988,0,1609045566433171988,1.093507359584471e+00,-3.252495522403739e+00,5.232142390224325e+00,9.835215863344638e-01,-1.774024612071367e-01,-2.246715024927420e-02,-2.662485927038580e-02
1609045566535997868,0,1609045566535997868,1.112734106255391e+00,-3.264530024035442e+00,5.241708423469446e+00,9.834495092407353e-01,-1.773116709163008e-01,-2.538990014903552e-02,-2.725778973337465e-02
1609045566638683558,0,1609045566638683558,1.131626438817712e+00,-3.278637792463043e+00,5.244486111802867e+00,9.835794801265781e-01,-1.771429119060619e-01,-2.270526400350835e-02,-2.600511529683901e-02
1609045566741886616,0,1609045566741886616,1.152179690317524e+00,-3.295876609732303e+00,5.248139979731458e+00,9.838075120806448e-01,-1.771976890847382e-01,-1.669180036351191e-02,-2.109838754606906e-02
1609045566844817400,0,1609045566844817400,1.173479684704036e+00,-3.315357360847884e+00,5.250361747288521e+00,9.839905562337533e-01,-1.771535251127202e-01,-1.060454159473799e-02,-1.633271196679237e-02
1609045566948007584,0,1609045566948007584,1.192631119164277e+00,-3.336006655685620e+00,5.252709495048747e+00,9.840667340459323e-01,-1.773171250432632e-01,-6.350135304891348e-03,-1.144446992542197e-02
1609045567051791191,0,1609045567051791191,1.211521075418758e+00,-3.358350109593714e+00,5.252208248801773e+00,9.841479394594109e-01,-1.771502453544170e-01,-5.040832631989040e-03,-6.724123343688995e-03
1609045567154821634,0,1609045567154821634,1.228502434149675e+00,-3.379650627919090e+00,5.247722337053430e+00,9.841469216747084e-01,-1.772668330156736e-01,-2.466409596087384e-03,-5.022279780410357e-03
1609045567224505901,0,1609045567224505901,1.242422324135612e+00,-3.394788950854529e+00,5.251108969823910e+00,9.842040700922193e-01,-1.770327924834787e-01,-7.707893626295470e-04,-1.069898532571136e-03
1609045567326169968,0,1609045567326169968,1.258957997796206e+00,-3.414532339910617e+00,5.248191714749101e+00,9.841971124749390e-01,-1.770607389040389e-01,7.212844142352139e-04,2.240152503930185e-03
1609045567429260731,0,1609045567429260731,1.274297971482024e+00,-3.432189448414096e+00,5.244082670367234e+00,9.841908395465342e-01,-1.770158276424832e-01,5.686817119376798e-04,5.784869708542244e-03
1609045567532218456,0,1609045567532218456,1.288669625614521e+00,-3.446920035422838e+00,5.239945463961409e+00,9.842159323966285e-01,-1.768017686399781e-01,2.549732714450412e-04,7.750355523435525e-03
1609045567635450840,0,1609045567635450840,1.302362030492493e+00,-3.458554539865949e+00,5.237859160499187e+00,9.842225275209148e-01,-1.766830088454013e-01,-2.265341705838623e-05,9.440878783165681e-03
1609045567738492012,0,1609045567738492012,1.314800141515334e+00,-3.466627409045913e+00,5.234736490792710e+00,9.842559575639581e-01,-1.765485618959593e-01,3.028505538719266e-05,8.415127737413085e-03
1609045567841718912,0,1609045567841718912,1.324181024439697e+00,-3.470187325705821e+00,5.233772344154811e+00,9.842371031797019e-01,-1.767095004085842e-01,2.367452224659651e-04,7.142908453486140e-03
1609045567944932461,0,1609045567944932461,1.333129422573817e+00,-3.469636531704298e+00,5.221367544808693e+00,9.842436150640561e-01,-1.768165331579845e-01,5.348274896351265e-04,-3.657415537569831e-04
1609045568048001766,0,1609045568048001766,1.340216038535679e+00,-3.467278859305632e+00,5.218708083437792e+00,9.841865696426830e-01,-1.769983975436383e-01,-2.329557141108610e-03,-6.552599879318685e-03
1609045568151107073,0,1609045568151107073,1.347155812545419e+00,-3.467307977658060e+00,5.215171774096153e+00,9.839832118989853e-01,-1.774171316620707e-01,-9.102203815768104e-03,-1.474279414343782e-02
1609045568254089832,0,1609045568254089832,1.354403789015071e+00,-3.471104194138001e+00,5.211151101115751e+00,9.837448782581781e-01,-1.777010996671468e-01,-1.380480821524290e-02,-2.185774342721290e-02
1609045568324483395,0,1609045568324483395,1.364473802359484e+00,-3.476635601737580e+00,5.201176564063505e+00,9.836824885036467e-01,-1.774194159721941e-01,-1.399575297128444e-02,-2.636724380408213e-02
1609045568426059484,0,1609045568426059484,1.376337649982690e+00,-3.487061889862376e+00,5.201042210578875e+00,9.837321326896032e-01,-1.775977295235678e-01,-7.471963283758831e-03,-2.596742856779212e-02
1609045568530001163,0,1609045568530001163,1.384303872318035e+00,-3.499649083500050e+00,5.196069316383556e+00,9.836984532779688e-01,-1.780253258594837e-01,5.083384365902203e-03,-2.486957125171744e-02
1609045568632555008,0,1609045568632555008,1.388157764040216e+00,-3.513877669902008e+00,5.194582336049825e+00,9.836279998055468e-01,-1.779442973604717e-01,1.877748633850992e-02,-2.142874335866347e-02
1609045568735555410,0,1609045568735555410,1.386775978516106e+00,-3.530574805602250e+00,5.195510053509923e+00,9.832932194353057e-01,-1.784408510048121e-01,3.086947258608386e-02,-1.844947064783744e-02
1609045568839027643,0,1609045568839027643,1.375419352516323e+00,-3.548929905257967e+00,5.198539438455327e+00,9.829441466258942e-01,-1.786323700317461e-01,4.154328716264675e-02,-1.361749911519690e-02
1609045568941695213,0,1609045568941695213,1.353025551548642e+00,-3.564642929801300e+00,5.192524685546871e+00,9.824376427234673e-01,-1.791456520835062e-01,5.120853882326711e-02,-1.003987304771911e-02
1609045569044608593,0,1609045569044608593,1.317786678713314e+00,-3.577414175748989e+00,5.182356335613443e+00,9.820718363223653e-01,-1.792628807890385e-01,5.809001781103302e-02,-5.027693710057122e-03
1609045569147775173,0,1609045569147775173,1.271148422128948e+00,-3.588983925619372e+00,5.172494978485615e+00,9.820653530807162e-01,-1.790238585256790e-01,5.909794058583842e-02,2.352397762663271e-03
1609045569251140594,0,1609045569251140594,1.207259331446587e+00,-3.596423604761127e+00,5.152423307242532e+00,9.822918880589171e-01,-1.786538344585086e-01,5.576580449422754e-02,8.696501349692749e-03
1609045569354383230,0,1609045569354383230,1.133874936673604e+00,-3.596584019024457e+00,5.130063016914758e+00,9.826640583765562e-01,-1.788133142641637e-01,4.634306582752474e-02,1.579453279402501e-02
1609045569424721003,0,1609045569424721003,1.072910806218177e+00,-3.596828286688039e+00,5.132483218968044e+00,9.831698587759805e-01,-1.783279676785557e-01,2.979755465012984e-02,2.623490946470740e-02
1609045569526263237,0,1609045569526263237,9.862894241380247e-01,-3.588182030432550e+00,5.119294977359794e+00,9.832504581929059e-01,-1.785676134267799e-01,9.653307280800638e-03,3.519882891149103e-02
1609045569629620314,0,1609045569629620314,9.033300878382211e-01,-3.571279084538943e+00,5.119663067869053e+00,9.830471729478847e-01,-1.777565021606353e-01,-8.233470731525758e-03,4.419379660305586e-02
1609045569732156038,0,1609045569732156038,8.259061423083384e-01,-3.542314224247528e+00,5.127704900019086e+00,9.825015736657832e-01,-1.777005160525347e-01,-1.972722980278895e-02,5.219215212003910e-02
1609045569835294962,0,1609045569835294962,7.517905694069748e-01,-3.501719705415435e+00,5.133550995948807e+00,9.821878868447115e-01,-1.777527831182897e-01,-2.372085369818346e-02,5.610903785257521e-02
1609045569938295126,0,1609045569938295126,6.824459334101962e-01,-3.446908961483943e+00,5.138462020676770e+00,9.822150608093185e-01,-1.777070559372337e-01,-2.366864270715668e-02,5.579939015400083e-02
1609045570041595221,0,1609045570041595221,6.174410378819426e-01,-3.377809706020009e+00,5.139846207572510e+00,9.823386390029980e-01,-1.779281030687916e-01,-2.303055864680266e-02,5.312232890399877e-02
1609045570145024300,0,1609045570145024300,5.596847098164246e-01,-3.299111062961651e+00,5.141206453213270e+00,9.825744278542604e-01,-1.779050026483247e-01,-2.276825815888380e-02,4.877407282226567e-02
1609045570247744083,0,1609045570247744083,5.092515352319368e-01,-3.215990933263229e+00,5.141763107407690e+00,9.826888791858485e-01,-1.783862732677014e-01,-2.436622033483908e-02,4.367140414966656e-02
1609045570351077318,0,1609045570351077318,4.625305648771725e-01,-3.123635621564861e+00,5.137429123407568e+00,9.828446480149754e-01,-1.778592484343171e-01,-2.565133135721669e-02,4.152703714436445e-02
1609045570454420567,0,1609045570454420567,4.212199592706120e-01,-3.022087714221140e+00,5.131097067334423e+00,9.829279639668694e-01,-1.777465679211765e-01,-2.488272456007676e-02,4.049228645486425e-02
1609045570524688244,0,1609045570524688244,3.972326397620358e-01,-2.936487710275853e+00,5.128623109538748e+00,9.827978443441915e-01,-1.785484062685626e-01,-2.535081151453589e-02,3.982712802362711e-02
1609045570626484394,0,1609045570626484394,3.644488555669246e-01,-2.809464055735074e+00,5.125231959768232e+00,9.828777410347161e-01,-1.782673898222644e-01,-2.638700967107620e-02,3.841626770988570e-02
1609045570729138613,0,1609045570729138613,3.359169652836647e-01,-2.673309322708383e+00,5.121998959303770e+00,9.831075737266254e-01,-1.781959967472733e-01,-2.852010104896306e-02,3.053340892270081e-02
1609045570832476139,0,1609045570832476139,3.155152524612162e-01,-2.535024156961271e+00,5.117504421846870e+00,9.831644501947290e-01,-1.783733211210556e-01,-3.698759196946977e-02,1.423166278166803e-02
1609045570935628176,0,1609045570935628176,3.035741810458359e-01,-2.396553224306272e+00,5.122361821614558e+00,9.825686486548907e-01,-1.784165772255137e-01,-5.218120348954218e-02,-1.870201514896788e-03
1609045571038453341,0,1609045571038453341,3.018310928148652e-01,-2.266918301784747e+00,5.124789454391363e+00,9.811573486638803e-01,-1.794420013159179e-01,-6.911719481900036e-02,-1.880528400864413e-02
1609045571141676903,0,1609045571141676903,3.115122912440358e-01,-2.141695668401334e+00,5.115618997288020e+00,9.801536945753551e-01,-1.791298729881847e-01,-7.716433781888944e-02,-3.545262447520607e-02
1609045571244845867,0,1609045571244845867,3.358599736850612e-01,-2.026855217780775e+00,5.115783307190670e+00,9.795016487903097e-01,-1.785274976633888e-01,-8.370087723162989e-02,-4.121426628557306e-02
1609045571348170042,0,1609045571348170042,3.744796360686493e-01,-1.925978493367617e+00,5.114898633658623e+00,9.784642887767749e-01,-1.788114424057098e-01,-9.062810773209466e-02,-4.920009900333110e-02
1609045571451444387,0,1609045571451444387,4.282937675965250e-01,-1.834612768382699e+00,5.119529547463237e+00,9.777992652741014e-01,-1.780084171482392e-01,-9.653975171179090e-02,-5.386721259652089e-02
1609045571553927183,0,1609045571553927183,5.020440607548969e-01,-1.759995651298608e+00,5.130573116340720e+00,9.772120387233015e-01,-1.779700422269072e-01,-1.009071036166387e-01,-5.657783915447770e-02
1609045571624164104,0,1609045571624164104,5.735384352249425e-01,-1.708727641319081e+00,5.130453821417982e+00,9.768976924960298e-01,-1.783606905091580e-01,-1.016819474216217e-01,-5.932237390110286e-02
1609045571726301908,0,1609045571726301908,6.862973609574049e-01,-1.654597506393251e+00,5.145488261532737e+00,9.775198925222142e-01,-1.781965526221888e-01,-9.269794810978078e-02,-6.409320379611153e-02
1609045571829237461,0,1609045571829237461,8.164321344060244e-01,-1.617905814925186e+00,5.167835100094222e+00,9.788874158010812e-01,-1.785352499149860e-01,-7.123920793554953e-02,-6.949508598798144e-02
1609045571932391644,0,1609045571932391644,9.501747255596310e-01,-1.593549271268568e+00,5.195372367864866e+00,9.798430420190465e-01,-1.788425480074637e-01,-4.116241026864335e-02,-7.892155605170421e-02
1609045572035490036,0,1609045572035490036,1.074098088613878e+00,-1.590272540125891e+00,5.211419602250325e+00,9.791437997292647e-01,-1.806001307308257e-01,-1.652757273324950e-02,-9.158521480555813e-02
1609045572138399363,0,1609045572138399363,1.191095102778807e+00,-1.610512994759351e+00,5.211452933729587e+00,9.775923548931201e-01,-1.812586899161994e-01,-1.065046612277245e-03,-1.070389679499358e-01
1609045572241530657,0,1609045572241530657,1.301910986528543e+00,-1.653022605998363e+00,5.203525938236688e+00,9.758800127967103e-01,-1.820367210833465e-01,8.313163569712435e-03,-1.202153239494137e-01
1609045572344758987,0,1609045572344758987,1.406564557445545e+00,-1.715309797602260e+00,5.198587683059204e+00,9.748819833135322e-01,-1.827277506072926e-01,1.476229963024866e-02,-1.264822607245074e-01
1609045572447959661,0,1609045572447959661,1.501507396650598e+00,-1.799462608329937e+00,5.191998159542148e+00,9.743986860756253e-01,-1.833579826761629e-01,1.964245976904449e-02,-1.286126919744959e-01
1609045572551203012,0,1609045572551203012,1.585476005129569e+00,-1.905167909552588e+00,5.192240385704597e+00,9.750943636168450e-01,-1.839072229621481e-01,2.136728174641843e-02,-1.221169712016484e-01
1609045572654114723,0,1609045572654114723,1.656688476833590e+00,-2.033002389143161e+00,5.181593667248226e+00,9.764495415967388e-01,-1.836798071820189e-01,1.870776214837536e-02,-1.116155938217420e-01
1609045572724418879,0,1609045572724418879,1.711705255422411e+00,-2.142517424679721e+00,5.186086924764195e+00,9.785290874316637e-01,-1.831183420766067e-01,1.559303525386268e-02,-9.330249244542267e-02
1609045572825848818,0,1609045572825848818,1.783997443185475e+00,-2.309573000039930e+00,5.183347601733343e+00,9.806343300226629e-01,-1.819101104012791e-01,1.434756706848174e-02,-7.112784148068102e-02
1609045572928894281,0,1609045572928894281,1.853579978337436e+00,-2.485282365440145e+00,5.198499964306543e+00,9.820777185474415e-01,-1.809937312313565e-01,2.085593777950498e-02,-4.826648782157204e-02
1609045573032430887,0,1609045573032430887,1.908755421402518e+00,-2.664919952817763e+00,5.220745283418371e+00,9.826107730163564e-01,-1.808329083956115e-01,3.035690823756329e-02,-2.922304082960944e-02
1609045573135436773,0,1609045573135436773,1.947960720387441e+00,-2.838714644315591e+00,5.235774515638358e+00,9.824969336094557e-01,-1.804797418074995e-01,4.139004786749044e-02,-2.033967016283315e-02
1609045573238663912,0,1609045573238663912,1.971527813913043e+00,-3.012005596439507e+00,5.251853916333759e+00,9.820688508045321e-01,-1.812228908133097e-01,4.962939385508637e-02,-1.536096969597431e-02
1609045573341773272,0,1609045573341773272,1.981760729384432e+00,-3.182587758612806e+00,5.263885891054342e+00,9.818473461004592e-01,-1.813781330469493e-01,5.381513156729820e-02,-1.347937023648570e-02
1609045573445251226,0,1609045573445251226,1.977377348891863e+00,-3.353360316753796e+00,5.270641904505672e+00,9.818743794540711e-01,-1.818259643727729e-01,5.269442403778735e-02,-9.236846139784703e-03
1609045573547693014,0,1609045573547693014,1.960959801319754e+00,-3.518456622172117e+00,5.263278292834881e+00,9.818030641353844e-01,-1.824704341625550e-01,5.241624790547463e-02,-4.452063128513612e-03
1609045573651259899,0,1609045573651259899,1.935244580824662e+00,-3.678408397099932e+00,5.254598576225284e+00,9.819035772529573e-01,-1.829155443791430e-01,4.876069607166877e-02,5.446386014764259e-03
1609045573754806757,0,1609045573754806757,1.899414588036253e+00,-3.831553512726626e+00,5.248880268607730e+00,9.820346076107147e-01,-1.826505111059904e-01,4.272122475361458e-02,2.053575425519070e-02
1609045573824527502,0,1609045573824527502,1.869068067820670e+00,-3.946634334333979e+00,5.255443837361500e+00,9.820860484703520e-01,-1.813998175648096e-01,3.562355903669046e-02,3.649741947852193e-02
1609045573926217318,0,1609045573926217318,1.818479373557280e+00,-4.094648853511899e+00,5.255989378303512e+00,9.816949180357984e-01,-1.807926999324563e-01,2.965651665745703e-02,5.205361248993174e-02
1609045574029935360,0,1609045574029935360,1.766573884355112e+00,-4.225914586680216e+00,5.266354107039136e+00,9.809214899269617e-01,-1.809003098366938e-01,2.494337031201992e-02,6.667785822611387e-02
1609045574132348299,0,1609045574132348299,1.711593981821165e+00,-4.334861648172239e+00,5.274501543954395e+00,9.803538933064443e-01,-1.809597745907487e-01,2.441336382352506e-02,7.459082735476424e-02
1609045574235235929,0,1609045574235235929,1.654632697746057e+00,-4.420045404295735e+00,5.280596904076064e+00,9.799548630518229e-01,-1.810214109847414e-01,2.477365948452361e-02,7.941020678481184e-02
1609045574338421345,0,1609045574338421345,1.593279108137644e+00,-4.483520303569255e+00,5.282383886120997e+00,9.798258555446060e-01,-1.811736723035882e-01,2.510889280199612e-02,8.054152203836507e-02
1609045574441692829,0,1609045574441692829,1.530180310712760e+00,-4.527134798137753e+00,5.280368599407778e+00,9.798126045593096e-01,-1.816248037691823e-01,2.580464286203055e-02,7.945949288131934e-02
1609045574544426680,0,1609045574544426680,1.464250839584447e+00,-4.549949737007896e+00,5.277091290199925e+00,9.800878285836137e-01,-1.812390205809408e-01,2.534098823622838e-02,7.705906822701192e-02
1609045574647952557,0,1609045574647952557,1.396144149736867e+00,-4.553983827135655e+00,5.274876207853535e+00,9.803127268591892e-01,-1.812006566559021e-01,2.477365892729255e-02,7.442812242969685e-02
1609045574751477718,0,1609045574751477718,1.325275549038723e+00,-4.539883474895817e+00,5.270519202385447e+00,9.805494978623961e-01,-1.811552039159268e-01,2.377015593010894e-02,7.169695964771056e-02
1609045574854630232,0,1609045574854630232,1.252700178140009e+00,-4.512127773713712e+00,5.267444210925316e+00,9.807970360225307e-01,-1.813020567789132e-01,2.269762861517073e-02,6.820231661818951e-02
1609045574924545050,0,1609045574924545050,1.195555107540994e+00,-4.481386344445609e+00,5.264234873419608e+00,9.810004384380278e-01,-1.812860172576056e-01,2.130079584076833e-02,6.572515368950917e-02
1609045575026443958,0,1609045575026443958,1.110585849365729e+00,-4.422251439267743e+00,5.257761778531056e+00,9.814409910149122e-01,-1.809288114433481e-01,2.043541559668075e-02,6.017258623694792e-02
1609045575129599571,0,1609045575129599571,1.024329514189065e+00,-4.346107601993689e+00,5.253301758040019e+00,9.818137194928994e-01,-1.810558537760200e-01,1.911853929718627e-02,5.380594282961109e-02
1609045575232577324,0,1609045575232577324,9.398618454438025e-01,-4.260968920591461e+00,5.250810716771912e+00,9.821246579789983e-01,-1.810959411169070e-01,1.705934970648959e-02,4.841895174305851e-02
1609045575336054802,0,1609045575336054802,8.521908118052814e-01,-4.164347562517399e+00,5.243168785908749e+00,9.824362644041708e-01,-1.811640398404810e-01,1.566107623932906e-02,4.187251775292074e-02
1609045575438756466,0,1609045575438756466,7.636628063384779e-01,-4.058114299458565e+00,5.234516544593687e+00,9.827262231410160e-01,-1.811743291846854e-01,1.404570676044374e-02,3.503927677278484e-02
1609045575541488409,0,1609045575541488409,6.752516045111910e-01,-3.945909460025482e+00,5.226310767473293e+00,9.830457040311554e-01,-1.808429387099068e-01,9.931449425285409e-03,2.860667084188058e-02
1609045575644512653,0,1609045575644512653,5.880397618509319e-01,-3.825299765972276e+00,5.212775599433759e+00,9.832330680478774e-01,-1.812728399435951e-01,4.209417852196229e-03,1.936936232757210e-02
1609045575747568369,0,1609045575747568369,4.998189733141352e-01,-3.703180583475882e+00,5.204659338018103e+00,9.833531705310186e-01,-1.812825885214755e-01,-3.749048553392378e-03,1.179447922469135e-02
1609045575850712299,0,1609045575850712299,4.171871756890059e-01,-3.581138790126931e+00,5.198988251715859e+00,9.832803497267028e-01,-1.816141521218307e-01,-1.255212664496661e-02,4.300896043873422e-03
1609045575954772234,0,1609045575954772234,3.313255687476034e-01,-3.456380724079910e+00,5.189207594527382e+00,9.831892471990006e-01,-1.816979905855423e-01,-1.801660274689066e-02,-3.826677260200711e-04
1609045576023969173,0,1609045576023969173,2.681853029340340e-01,-3.358254323868727e+00,5.181719905515973e+00,9.830840123785345e-01,-1.818192613871501e-01,-2.124684876116344e-02,-6.012670934041343e-03
1609045576125827312,0,1609045576125827312,1.790966597614608e-01,-3.221602283009994e+00,5.170853804564752e+00,9.829136229994004e-01,-1.817309176178591e-01,-2.651991310506391e-02,-1.230355690645329e-02
1609045576229538441,0,1609045576229538441,9.488155385075958e-02,-3.088200456577304e+00,5.156440013976754e+00,9.825219237573333e-01,-1.818356873631748e-01,-3.497879893792764e-02,-1.905087299571316e-02
1609045576331938028,0,1609045576331938028,1.950970033197830e-02,-2.965439019987592e+00,5.151768470618790e+00,9.819481306023768e-01,-1.818511068180115e-01,-4.663002681314064e-02,-2.310160935204141e-02
1609045576435260057,0,1609045576435260057,-4.569386302954974e-02,-2.850743523193481e+00,5.140288771966795e+00,9.813683736338641e-01,-1.813551395352822e-01,-5.753864575117259e-02,-2.675318373898082e-02
1609045576538563728,0,1609045576538563728,-9.957087233017314e-02,-2.744203770282343e+00,5.130099119841809e+00,9.808213984251943e-01,-1.812401171898181e-01,-6.532112178935695e-02,-2.957288217496696e-02
1609045576641635895,0,1609045576641635895,-1.417932457135836e-01,-2.647908138522385e+00,5.121987180625191e+00,9.802675433705504e-01,-1.811152293833758e-01,-7.241919947063880e-02,-3.206675299109497e-02
1609045576744657278,0,1609045576744657278,-1.680198007353858e-01,-2.561787269198799e+00,5.120700950762944e+00,9.796185743883837e-01,-1.810463148071890e-01,-8.051393521237987e-02,-3.297251649949029e-02
1609045576847623587,0,1609045576847623587,-1.789354682924762e-01,-2.485700220437469e+00,5.119379540856118e+00,9.790176675368186e-01,-1.802708537272626e-01,-8.818445199411183e-02,-3.535998265546417e-02
1609045576950718164,0,1609045576950718164,-1.746545284420184e-01,-2.418938603053059e+00,5.121644443366399e+00,9.783059567750454e-01,-1.805781073064118e-01,-9.374257524559669e-02,-3.900425215417789e-02
1609045577054215908,0,1609045577054215908,-1.524994321570445e-01,-2.363223984731348e+00,5.126007176846949e+00,9.779160071862384e-01,-1.805188373751000e-01,-9.629764781299834e-02,-4.266140254417857e-02
1609045577124256849,0,1609045577124256849,-1.253354675973743e-01,-2.326890399175447e+00,5.122731050270626e+00,9.775512046124835e-01,-1.808169552434758e-01,-9.781543065806358e-02,-4.616289182908419e-02
1609045577225804329,0,1609045577225804329,-7.210113858997241e-02,-2.287725982220310e+00,5.125425059817972e+00,9.777234094863477e-01,-1.805265061649640e-01,-9.528968245012510e-02,-4.885684734508582e-02
1609045577329513311,0,1609045577329513311,-8.243132936947008e-04,-2.262504668060188e+00,5.128792532256940e+00,9.783478414418658e-01,-1.798418385133277e-01,-8.943823670123674e-02,-4.993211473236295e-02
1609045577432423353,0,1609045577432423353,8.368704548240392e-02,-2.250023510850963e+00,5.132125612597294e+00,9.790027426327165e-01,-1.799720672926692e-01,-8.151492077221156e-02,-5.018966629901563e-02
1609045577535394192,0,1609045577535394192,1.775522553775092e-01,-2.249863272597165e+00,5.134816472151474e+00,9.797000189454331e-01,-1.797941070448358e-01,-7.270672278374865e-02,-5.075120108924577e-02
1609045577638281822,0,1609045577638281822,2.804617326375313e-01,-2.261586319178240e+00,5.136114923341697e+00,9.802537040822955e-01,-1.797441590640232e-01,-6.600173833780701e-02,-4.938100294020625e-02
1609045577741299391,0,1609045577741299391,3.947315626717950e-01,-2.284177770563987e+00,5.140152952827362e+00,9.807059063430540e-01,-1.798939568358251e-01,-5.624316277808314e-02,-5.187288499982576e-02
1609045577844429970,0,1609045577844429970,5.184609208738391e-01,-2.319123073426523e+00,5.147842725579853e+00,9.813208725651827e-01,-1.797398874049287e-01,-4.486730725793198e-02,-5.186369329967517e-02
1609045577947469473,0,1609045577947469473,6.391483080638493e-01,-2.361290229353099e+00,5.148204904285484e+00,9.815673605455856e-01,-1.806842151108118e-01,-3.081465540242020e-02,-5.412197458964202e-02
1609045578050357103,0,1609045578050357103,7.602072536527036e-01,-2.411012725643202e+00,5.146406524045233e+00,9.816334540447103e-01,-1.808759068282456e-01,-1.897541178533245e-02,-5.761598716134472e-02
1609045578154170036,0,1609045578154170036,8.800135692328366e-01,-2.475305098547833e+00,5.146633754829161e+00,9.815522536620009e-01,-1.815362758244010e-01,-1.499872564857975e-02,-5.809296101474602e-02
1609045578224265814,0,1609045578224265814,9.754649399366084e-01,-2.532826028661261e+00,5.134585692969298e+00,9.814055526769506e-01,-1.821036265352306e-01,-1.373060334619171e-02,-5.910059990392656e-02
1609045578326036215,0,1609045578326036215,1.102115546994991e+00,-2.622383574920907e+00,5.127765982897548e+00,9.820278029617358e-01,-1.814933982639151e-01,-1.189322431453659e-02,-5.039932352577040e-02
1609045578429197073,0,1609045578429197073,1.229516771497072e+00,-2.719946337843429e+00,5.117300299930956e+00,9.825194147455273e-01,-1.814607241600407e-01,-6.213174809693436e-03,-4.109746578432070e-02
1609045578531881332,0,1609045578531881332,1.352159854342434e+00,-2.815125022191434e+00,5.120196926051676e+00,9.830573683282100e-01,-1.807860862383392e-01,1.132639203285339e-03,-3.022116355075280e-02
1609045578635529280,0,1609045578635529280,1.468859208062165e+00,-2.918037801724642e+00,5.126754167223726e+00,9.835161376125977e-01,-1.798403887791008e-01,2.882038183746337e-03,-1.857782212680556e-02
1609045578739114761,0,1609045578739114761,1.579407976186997e+00,-3.021039980219749e+00,5.122321273437491e+00,9.836700809342219e-01,-1.795917739289009e-01,4.023956407445344e-03,-1.112539376611827e-02
1609045578841472149,0,1609045578841472149,1.682816467035001e+00,-3.121924006479919e+00,5.119137736399372e+00,9.837410267298274e-01,-1.795284408257597e-01,3.339362253086247e-03,-3.461202485629564e-03
1609045578944678545,0,1609045578944678545,1.786439707635841e+00,-3.221691068644267e+00,5.117870865882287e+00,9.838780889737935e-01,-1.787920151986437e-01,3.221165731601189e-03,2.635418278152642e-03
1609045579047618866,0,1609045579047618866,1.885931927684287e+00,-3.316466387913864e+00,5.124657882330681e+00,9.839077110282501e-01,-1.782802396934426e-01,3.723353578252440e-03,1.130968398392011e-02
1609045579150961876,0,1609045579150961876,1.980190128555454e+00,-3.408325443822454e+00,5.129189772045158e+00,9.837586795822395e-01,-1.783405794001614e-01,7.029981936593530e-03,1.908081338624262e-02
1609045579254259348,0,1609045579254259348,2.071240487145810e+00,-3.490813553638868e+00,5.133643722500384e+00,9.834609199438846e-01,-1.785232753506428e-01,1.285782527258388e-02,2.772607852098131e-02
1609045579324418783,0,1609045579324418783,2.139046056812642e+00,-3.544425472219833e+00,5.134593394299999e+00,9.831787131459444e-01,-1.783210869472003e-01,1.954138716177423e-02,3.434155142293414e-02
1609045579426209927,0,1609045579426209927,2.224933103007875e+00,-3.611267214268943e+00,5.128843003454590e+00,9.831583091526068e-01,-1.781962129770189e-01,2.336430467932533e-02,3.316561610121056e-02
1609045579529336452,0,1609045579529336452,2.303866186219913e+00,-3.662788479479403e+00,5.133307902497206e+00,9.835043262098163e-01,-1.785993990811673e-01,1.794717957197135e-02,2.234711881916827e-02
1609045579632198095,0,1609045579632198095,2.381959932279965e+00,-3.712844079306053e+00,5.139621324875150e+00,9.838882846812717e-01,-1.786699344782652e-01,-1.276866284425134e-03,6.266369974295225e-03
1609045579735471725,0,1609045579735471725,2.458996026170675e+00,-3.762939723920014e+00,5.143601086243349e+00,9.835145598162088e-01,-1.794022398739120e-01,-2.045956701138515e-02,-9.764889919781675e-03
1609045579838271618,0,1609045579838271618,2.536515045376063e+00,-3.810810376842924e+00,5.146647196299385e+00,9.829194241190625e-01,-1.798956954717530e-01,-3.162423441827240e-02,-2.251337907399524e-02
1609045579941575289,0,1609045579941575289,2.614106629350119e+00,-3.863683781723537e+00,5.151195566925193e+00,9.826920527473261e-01,-1.794428068582952e-01,-3.524000769831390e-02,-2.957617945530017e-02
1609045580043750286,0,1609045580043750286,2.694710208730570e+00,-3.916983966875210e+00,5.158183376903255e+00,9.826568087692006e-01,-1.795570234369600e-01,-3.433270504028332e-02,-3.108274245128148e-02
1609045580147678852,0,1609045580147678852,2.779692172301927e+00,-3.975932565518093e+00,5.165914962330972e+00,9.826711366244504e-01,-1.796463377656676e-01,-3.106599603721461e-02,-3.345944504163839e-02
1609045580250952005,0,1609045580250952005,2.867259421939012e+00,-4.037949999705014e+00,5.176301110610652e+00,9.827374096529099e-01,-1.796588501974444e-01,-2.852536701013594e-02,-3.370733823730858e-02
1609045580354352951,0,1609045580354352951,2.956404396874891e+00,-4.105792590393450e+00,5.182361784057526e+00,9.827363901415931e-01,-1.800160171070080e-01,-2.733447951771325e-02,-3.280620833900270e-02
1609045580424021006,0,1609045580424021006,3.026405738627223e+00,-4.160563794639207e+00,5.177571543071147e+00,9.827681395559277e-01,-1.800804315480955e-01,-2.667846698997180e-02,-3.203250608340443e-02
1609045580525831461,0,1609045580525831461,3.125407877010886e+00,-4.242258330150064e+00,5.175505605292829e+00,9.828430970016088e-01,-1.799804525261319e-01,-2.469828004211270e-02,-3.188225756469291e-02
1609045580629913807,0,1609045580629913807,3.225100670876765e+00,-4.331663745642352e+00,5.175030028892603e+00,9.830858817904103e-01,-1.798184082097732e-01,-2.720458627695915e-02,-2.161942595119151e-02
1609045580732245922,0,1609045580732245922,3.322598455511023e+00,-4.423413005592836e+00,5.172291995236999e+00,9.833363276659793e-01,-1.794477203089887e-01,-2.772290944441240e-02,-8.923153025413817e-03
1609045580834976435,0,1609045580834976435,3.424438162056702e+00,-4.510312188049056e+00,5.163307156145302e+00,9.836598087699961e-01,-1.785171223888405e-01,-2.330861509801706e-02,1.313806104284710e-03
1609045580938327074,0,1609045580938327074,3.526172955987859e+00,-4.593656623592821e+00,5.163036414279723e+00,9.837924097747830e-01,-1.779485085164176e-01,-1.884479167307722e-02,1.147591446421867e-02
1609045581041453600,0,1609045581041453600,3.632050325965435e+00,-4.671799480718447e+00,5.167057475773549e+00,9.838018631064490e-01,-1.783235567946800e-01,-1.224454823901295e-02,1.358949147249565e-02
1609045581144447327,0,1609045581144447327,3.741901593058859e+00,-4.746930276637694e+00,5.186751497820655e+00,9.839251499575050e-01,-1.778379576941570e-01,-6.091151690665503e-03,1.509496455900643e-02
1609045581247399092,0,1609045581247399092,3.842506684145423e+00,-4.815855996469581e+00,5.193910134065604e+00,9.838101247370011e-01,-1.786586258807962e-01,4.601194724913519e-03,1.332527185986305e-02
1609045581350484133,0,1609045581350484133,3.936108360751690e+00,-4.876670804968741e+00,5.192830491197611e+00,9.834432352117655e-01,-1.796325781122185e-01,1.986420359564013e-02,1.330238370248285e-02
1609045581453974485,0,1609045581453974485,4.025473612514636e+00,-4.930654852437223e+00,5.186908546604930e+00,9.829832470967942e-01,-1.799143689730674e-01,3.508775761441102e-02,1.198353158885845e-02
1609045581524091005,0,1609045581524091005,4.086276211482009e+00,-4.963072672234149e+00,5.181927342510500e+00,9.823800534603464e-01,-1.801692884015361e-01,4.726628331375497e-02,1.530870802898977e-02
1609045581625922203,0,1609045581625922203,4.163702269070391e+00,-5.007058320425886e+00,5.178273587021843e+00,9.818946482425104e-01,-1.801287847588735e-01,5.529557907710447e-02,1.946585698646569e-02
1609045581729883909,0,1609045581729883909,4.234556104954967e+00,-5.044988790347004e+00,5.178935448574669e+00,9.815552983746514e-01,-1.802433437886346e-01,5.977999354267718e-02,2.208813310942329e-02
1609045581832213879,0,1609045581832213879,4.290555695769660e+00,-5.073629285148999e+00,5.184334817139705e+00,9.812711402420584e-01,-1.802338778561944e-01,6.422187114694150e-02,2.232151130714381e-02
1609045581935188055,0,1609045581935188055,4.330319213731557e+00,-5.092563509100495e+00,5.184566500438711e+00,9.810088928494645e-01,-1.800492421876498e-01,6.883539883118296e-02,2.157569014776702e-02
1609045582038803577,0,1609045582038803577,4.343118006102224e+00,-5.098122409234385e+00,5.174827323782018e+00,9.806837617415788e-01,-1.805357010591161e-01,7.252015195807436e-02,2.017542215510386e-02
1609045582141664267,0,1609045582141664267,4.342120336660575e+00,-5.095318618750754e+00,5.156307884066766e+00,9.809483693805727e-01,-1.803613651436858e-01,7.031358663497864e-02,1.631177817736357e-02
1609045582244565964,0,1609045582244565964,4.326286105583013e+00,-5.082346706348488e+00,5.130014837419515e+00,9.816322747732004e-01,-1.807675644020362e-01,6.039792125493646e-02,8.558965563135524e-03
1609045582347650051,0,1609045582347650051,4.299584338647433e+00,-5.066519781348044e+00,5.113059781911442e+00,9.824650006890355e-01,-1.809976732683488e-01,4.474747152669608e-02,-1.687725897003331e-04
1609045582450727224,0,1609045582450727224,4.270922300014551e+00,-5.051486379039578e+00,5.093942512551610e+00,9.832782450033980e-01,-1.806098224779013e-01,2.184020285128824e-02,-8.184770408253678e-03
1609045582553954363,0,1609045582553954363,4.238493745766095e+00,-5.037855049641932e+00,5.080832279064866e+00,9.834363144887105e-01,-1.804461592183821e-01,4.365180809140760e-03,-1.652707367876646e-02
1609045582623989820,0,1609045582623989820,4.215977998458192e+00,-5.030965330189848e+00,5.068179196459381e+00,9.831937526421565e-01,-1.809365602665095e-01,-1.091146884200819e-02,-2.174731642640775e-02
1609045582725752831,0,1609045582725752831,4.177744006098327e+00,-5.021451970084309e+00,5.060304867235463e+00,9.830970674704518e-01,-1.804980112656633e-01,-1.806245198536172e-02,-2.478652230744959e-02
1609045582828958511,0,1609045582828958511,4.138154916886160e+00,-5.014143027043593e+00,5.054544259891936e+00,9.830911298318202e-01,-1.802771263650132e-01,-1.894303403892105e-02,-2.594512703091987e-02
1609045582932058334,0,1609045582932058334,4.099696915307763e+00,-5.011065206562261e+00,5.049386108147519e+00,9.830621901137943e-01,-1.805266371968300e-01,-1.712145395964393e-02,-2.656538057440807e-02
1609045583035176992,0,1609045583035176992,4.062576761642632e+00,-5.012152025239703e+00,5.044494407888790e+00,9.831774000444842e-01,-1.803479584348160e-01,-1.460676991878612e-02,-2.496910495758545e-02
1609045583138500929,0,1609045583138500929,4.025439769854597e+00,-5.016364405616439e+00,5.040655948483935e+00,9.832089033277214e-01,-1.804645774600540e-01,-1.191597823106579e-02,-2.430633994951828e-02
1609045583241254568,0,1609045583241254568,3.989296197732449e+00,-5.024812781982593e+00,5.039464271296628e+00,9.832679866662749e-01,-1.805511984181191e-01,-8.788630941752241e-03,-2.254087648875369e-02
1609045583344269514,0,1609045583344269514,3.955209108965866e+00,-5.037345867857897e+00,5.040782507415236e+00,9.833811759195651e-01,-1.803718998094868e-01,-4.061399066317701e-03,-2.027179428355107e-02
1609045583447520256,0,1609045583447520256,3.922585090684190e+00,-5.052213176528420e+00,5.043985572637538e+00,9.833599150168530e-01,-1.805872235981438e-01,2.416041564848037e-03,-1.963911795368674e-02
1609045583550841331,0,1609045583550841331,3.886744452721833e+00,-5.067770467741548e+00,5.047722338745764e+00,9.833204340699919e-01,-1.806988342586999e-01,1.063112150842434e-02,-1.777173297970956e-02
1609045583654053211,0,1609045583654053211,3.844148126791953e+00,-5.086941255234549e+00,5.052137327280525e+00,9.831722465678503e-01,-1.810082790218337e-01,1.929173607061595e-02,-1.536767462381398e-02
1609045583724240541,0,1609045583724240541,3.805886282259347e+00,-5.104797749687373e+00,5.054092729824569e+00,9.829906780601799e-01,-1.810841897077898e-01,2.801485111396506e-02,-1.236976965852634e-02
1609045583826016188,0,1609045583826016188,3.746821558598007e+00,-5.126720356738000e+00,5.052202191210916e+00,9.826578944384305e-01,-1.813746019788154e-01,3.838768463821247e-02,-3.619657809012783e-03
1609045583928951263,0,1609045583928951263,3.677030329202867e+00,-5.144537439915236e+00,5.039974580445660e+00,9.821897829415178e-01,-1.814207735606301e-01,4.846278273777364e-02,6.410296010938977e-03
1609045584031965017,0,1609045584031965017,3.597581303101078e+00,-5.154619889039193e+00,5.027118219191798e+00,9.816830593290602e-01,-1.818166013595077e-01,5.410423395570742e-02,1.771514505052427e-02
1609045584135022163,0,1609045584135022163,3.508919808541781e+00,-5.153721233528907e+00,5.019480448983872e+00,9.812760731778783e-01,-1.820583025095723e-01,5.724229308063843e-02,2.598773900296668e-02
1609045584238656759,0,1609045584238656759,3.411398511430050e+00,-5.143927331283749e+00,5.021070070398132e+00,9.811724923772314e-01,-1.817896815234776e-01,5.584659449511512e-02,3.367803107105777e-02
1609045584341187239,0,1609045584341187239,3.306826550408650e+00,-5.125291496831799e+00,5.019282040139680e+00,9.812920030053370e-01,-1.818277796418895e-01,5.189069872731526e-02,3.622179970054439e-02
1609045584444134235,0,1609045584444134235,3.190330041832963e+00,-5.095079749963301e+00,5.009864574444880e+00,9.815575357764715e-01,-1.818038048486950e-01,4.512747668855603e-02,3.815352343314089e-02
1609045584547339916,0,1609045584547339916,3.070503685865096e+00,-5.058190765964854e+00,4.998402147249570e+00,9.819239156924902e-01,-1.819398657324166e-01,3.572558319125998e-02,3.803934481198719e-02
1609045584650095701,0,1609045584650095701,2.947805671419875e+00,-5.010983091715542e+00,4.987029394027396e+00,9.822593386346289e-01,-1.822026448757343e-01,2.343962228488979e-02,3.767455337722841e-02
1609045584753188848,0,1609045584753188848,2.820447073422015e+00,-4.954930347941961e+00,4.979164566354520e+00,9.825164937999475e-01,-1.820356864823597e-01,1.230864172674928e-02,3.705193107627456e-02
1609045584823964357,0,1609045584823964357,2.723150387007173e+00,-4.908350013535082e+00,4.980904139167639e+00,9.826196300109994e-01,-1.822104363170141e-01,2.481774061739976e-03,3.538163946740717e-02
1609045584925909519,0,1609045584925909519,2.586004780876409e+00,-4.833465642755029e+00,4.980033151306478e+00,9.827893396745383e-01,-1.815065744081308e-01,-7.002854819275746e-03,3.363684427493691e-02
1609045585029143572,0,1609045585029143572,2.451225863798802e+00,-4.749817198983019e+00,4.981730928180746e+00,9.827334304133100e-01,-1.816700982832206e-01,-1.300131768393914e-02,3.258751104363593e-02
1609045585132371187,0,1609045585132371187,2.323199360633216e+00,-4.659587956735826e+00,4.983900569413842e+00,9.827823224111807e-01,-1.812208192616454e-01,-1.723876208464778e-02,3.163457765952373e-02
1609045585235655308,0,1609045585235655308,2.200539546379080e+00,-4.564731370641466e+00,4.985339624630766e+00,9.827274724589783e-01,-1.814685102576261e-01,-1.884783285113501e-02,3.099441652562498e-02
1609045585339145422,0,1609045585339145422,2.085417587822703e+00,-4.462821722520961e+00,4.990265505217680e+00,9.826392817371442e-01,-1.814785135493562e-01,-2.022157883632197e-02,3.281278494846027e-02
1609045585441202879,0,1609045585441202879,1.976537604150540e+00,-4.355678903804761e+00,4.993578314853617e+00,9.825611627461678e-01,-1.816329972488569e-01,-1.995570047828309e-02,3.442071747362716e-02
1609045585544732571,0,1609045585544732571,1.873217819275309e+00,-4.241197272437199e+00,4.995582847859254e+00,9.825836379300510e-01,-1.813077792501623e-01,-1.906731701622652e-02,3.596277348880058e-02
1609045585647047043,0,1609045585647047043,1.776963463871100e+00,-4.120782648119667e+00,4.993885038557663e+00,9.824841010521904e-01,-1.817529193933343e-01,-1.934448855435784e-02,3.628578556296402e-02
1609045585750426531,0,1609045585750426531,1.681351219802176e+00,-3.990191278709647e+00,4.985010991067842e+00,9.827212337780926e-01,-1.812236162464933e-01,-2.098498996016714e-02,3.125072466777325e-02
1609045585853677511,0,1609045585853677511,1.588182696142125e+00,-3.853995666066497e+00,4.969195812020374e+00,9.828495256017498e-01,-1.812523494106901e-01,-2.716238468560357e-02,2.041079898959404e-02
1609045585923948050,0,1609045585923948050,1.526641620847688e+00,-3.746850020044123e+00,4.963550615832840e+00,9.824789436261914e-01,-1.817627792798343e-01,-4.058421109290433e-02,7.095012986690152e-03
1609045586025707245,0,1609045586025707245,1.445777485185409e+00,-3.599101046388776e+00,4.964679858870517e+00,9.814844821081401e-01,-1.815041203579937e-01,-6.051045231144260e-02,-9.107734884825360e-03
1609045586128555298,0,1609045586128555298,1.376858782620880e+00,-3.458243742590564e+00,4.962134749303217e+00,9.801133293527681e-01,-1.812123729541410e-01,-7.743586689375433e-02,-2.331574642712492e-02
1609045586231521130,0,1609045586231521130,1.325420556983071e+00,-3.328453231286031e+00,4.959205769386564e+00,9.790475150117973e-01,-1.810256636955364e-01,-8.773562349280095e-02,-3.159323982791223e-02
1609045586334784508,0,1609045586334784508,1.289476628920753e+00,-3.208878098626908e+00,4.958962948078347e+00,9.787700914301910e-01,-1.806539662112070e-01,-9.012826207182870e-02,-3.535744602607874e-02
1609045586437875032,0,1609045586437875032,1.270527266257312e+00,-3.101875738135673e+00,4.961692509959259e+00,9.788982486539678e-01,-1.806800283912920e-01,-8.870057415586782e-02,-3.528674349972739e-02
1609045586541340113,0,1609045586541340113,1.267016288020699e+00,-3.006223236172639e+00,4.964196980997967e+00,9.791690951754618e-01,-1.807621159329110e-01,-8.610224164568143e-02,-3.375417722287366e-02
1609045586644577503,0,1609045586644577503,1.277102344101157e+00,-2.920266094945117e+00,4.963252881328025e+00,9.794400471452360e-01,-1.809428649017259e-01,-8.337072707187189e-02,-3.172058568944760e-02
1609045586747761250,0,1609045586747761250,1.302125007398655e+00,-2.843154144523747e+00,4.962307861179220e+00,9.797617169328051e-01,-1.805173020748037e-01,-8.109493544682279e-02,-3.006814143029438e-02
1609045586851015329,0,1609045586851015329,1.339434632463986e+00,-2.776108575429992e+00,4.959642795743723e+00,9.798162595177465e-01,-1.804770338698665e-01,-8.099321344478531e-02,-2.877911057962988e-02
1609045586954134226,0,1609045586954134226,1.390446269766880e+00,-2.716571149533658e+00,4.955697013102883e+00,9.797863454707374e-01,-1.801835553218959e-01,-8.198086359321981e-02,-2.883993108260179e-02
1609045587024195910,0,1609045587024195910,1.442742873300448e+00,-2.673384976518530e+00,4.953290226634382e+00,9.795254622431055e-01,-1.806598958365504e-01,-8.386238929481597e-02,-2.930819877105385e-02
1609045587125834942,0,1609045587125834942,1.526946232278253e+00,-2.623020495890182e+00,4.952667624660053e+00,9.797160862579551e-01,-1.800797637173882e-01,-8.243618766346164e-02,-3.052775769823568e-02
1609045587228941202,0,1609045587228941202,1.625954849645832e+00,-2.581597354670758e+00,4.953440183997998e+00,9.802934328861900e-01,-1.797497429498947e-01,-7.514697000836301e-02,-3.267641730517377e-02
1609045587332156420,0,1609045587332156420,1.735445709630887e+00,-2.552452307745951e+00,4.956451197238354e+00,9.807718300704777e-01,-1.803208621135543e-01,-6.281701010091129e-02,-4.031162696415078e-02
1609045587435195684,0,1609045587435195684,1.852721144477186e+00,-2.531341423266893e+00,4.965022061332357e+00,9.809207231017228e-01,-1.812703280921042e-01,-4.997079317210242e-02,-4.938140310290062e-02
1609045587538176298,0,1609045587538176298,1.970195665355443e+00,-2.523872469818168e+00,4.968684377023806e+00,9.806478382137482e-01,-1.820727721277276e-01,-3.861379771754161e-02,-6.073135666145764e-02
1609045587641489029,0,1609045587641489029,2.087370408668530e+00,-2.528566101821951e+00,4.970035130364894e+00,9.800174608335154e-01,-1.829770430773718e-01,-2.598665754861534e-02,-7.355183068576930e-02
1609045587744159698,0,1609045587744159698,2.201301511227599e+00,-2.546045733540369e+00,4.969755986087375e+00,9.792199094495220e-01,-1.838511873393181e-01,-1.651683698361877e-02,-8.398990384168568e-02
1609045587847211123,0,1609045587847211123,2.313063134824014e+00,-2.579342607439376e+00,4.969235740208704e+00,9.782559325034039e-01,-1.847391315628837e-01,-7.555839811971973e-03,-9.396644654188881e-02
1609045587950397730,0,1609045587950397730,2.422387993862170e+00,-2.634102572100336e+00,4.967901773744551e+00,9.776059796818378e-01,-1.853542157838629e-01,-3.417477642475019e-03,-9.959259022495008e-02
1609045588053541899,0,1609045588053541899,2.526120563771933e+00,-2.709971840527758e+00,4.965557374760269e+00,9.774881901635126e-01,-1.863116343271444e-01,4.130139270119576e-03,-9.893308321541268e-02
1609045588123972654,0,1609045588123972654,2.605820622844384e+00,-2.779393353887346e+00,4.949471660396146e+00,9.778377001981764e-01,-1.863697133977350e-01,1.567500500921014e-02,-9.409599469072703e-02
1609045588225985050,0,1609045588225985050,2.705195348570133e+00,-2.886255149188354e+00,4.941294789241240e+00,9.783828152029638e-01,-1.868017317824583e-01,3.388631186044977e-02,-8.199937674631035e-02
1609045588328866005,0,1609045588328866005,2.787838680263939e+00,-2.996392619031530e+00,4.932097992048964e+00,9.789741091806816e-01,-1.869272891715381e-01,5.027427877327357e-02,-6.434577694292853e-02
1609045588431771278,0,1609045588431771278,2.850068241264409e+00,-3.108535786910380e+00,4.915062550383047e+00,9.796242188614948e-01,-1.864041787453228e-01,5.664580506207709e-02,-4.879676971735772e-02
1609045588535000086,0,1609045588535000086,2.898813898604705e+00,-3.229453855553335e+00,4.895138480814622e+00,9.806236831742541e-01,-1.852854378875786e-01,4.953702323520334e-02,-3.990716518689609e-02
1609045588637938261,0,1609045588637938261,2.937533071389270e+00,-3.355268096626024e+00,4.886334338905563e+00,9.817524401819612e-01,-1.838976145832651e-01,3.555811771833065e-02,-3.285473803532527e-02
1609045588741285563,0,1609045588741285563,2.970986147336149e+00,-3.488158875665315e+00,4.890968225978924e+00,9.823047545459487e-01,-1.828966062549735e-01,2.254363645734709e-02,-3.343628376190932e-02
1609045588844468355,0,1609045588844468355,2.996548228161135e+00,-3.621470248219310e+00,4.908485170832471e+00,9.823561954641877e-01,-1.828392967071480e-01,1.458721049110937e-02,-3.651451906489241e-02
1609045588947532177,0,1609045588947532177,3.015016793454336e+00,-3.761204797523567e+00,4.924395223456520e+00,9.823104999500147e-01,-1.832171954588351e-01,1.091324541510773e-02,-3.712737602296012e-02
1609045589050774097,0,1609045589050774097,3.024610130702896e+00,-3.910779144948338e+00,4.934281939222264e+00,9.824298633141360e-01,-1.834437207495146e-01,9.534724680640904e-03,-3.300081833980462e-02
1609045589154012442,0,1609045589154012442,3.035733023117519e+00,-4.059822131795929e+00,4.935297611283223e+00,9.821261782542232e-01,-1.843228470202143e-01,1.836795356473573e-02,-3.340473522794968e-02
1609045589224476576,0,1609045589224476576,3.037953404746312e+00,-4.177136106226798e+00,4.959306540326299e+00,9.820890375696933e-01,-1.841045244203980e-01,3.454647570735268e-02,-2.032701132147255e-02
1609045589326092243,0,1609045589326092243,3.031808538464183e+00,-4.337521998830615e+00,4.990599430073717e+00,9.809882826104217e-01,-1.849564891709320e-01,5.865325940051758e-02,-3.589102395256839e-03
1609045589428849697,0,1609045589428849697,3.002921928583839e+00,-4.482495481973541e+00,5.011182125267764e+00,9.785831393069301e-01,-1.862161219227584e-01,8.716937848823146e-02,1.000474157118771e-02
1609045589531989098,0,1609045589531989098,2.950366704144524e+00,-4.611991602649078e+00,5.016314773020104e+00,9.760844495302131e-01,-1.868270620007969e-01,1.090090092796607e-01,2.172169848341137e-02
1609045589634797812,0,1609045589634797812,2.872139948768641e+00,-4.721802758256434e+00,5.007512508453087e+00,9.745008675805953e-01,-1.870784588291878e-01,1.210025503140186e-01,2.661000082582409e-02
1609045589737836361,0,1609045589737836361,2.774929742334029e+00,-4.821474828403121e+00,4.997234424024151e+00,9.746511342980166e-01,-1.877633831173004e-01,1.181769071188864e-01,2.888419975408975e-02
1609045589840969801,0,1609045589840969801,2.654128137698961e+00,-4.907512259029931e+00,4.972341685742208e+00,9.763669262595588e-01,-1.873415147505821e-01,1.036019411148949e-01,2.962127536638052e-02
1609045589944234133,0,1609045589944234133,2.516787438387659e+00,-4.983854339430057e+00,4.941299612774815e+00,9.785570853343182e-01,-1.871181830340928e-01,7.983003397998058e-02,3.224875182802290e-02
1609045590047435522,0,1609045590047435522,2.381033528431950e+00,-5.055491069928006e+00,4.916243043574388e+00,9.806557831557405e-01,-1.867426941735928e-01,4.790600965227267e-02,3.385875625110698e-02
1609045590150591135,0,1609045590150591135,2.246841198711397e+00,-5.118809276434658e+00,4.912648316854320e+00,9.818271842787062e-01,-1.851818395746073e-01,1.786280864965284e-02,3.746980877912572e-02
1609045590253453493,0,1609045590253453493,2.109290159472843e+00,-5.170276319269628e+00,4.920121559364543e+00,9.819460940250114e-01,-1.836080096180543e-01,-6.680318417135637e-03,4.500378404813096e-02
1609045590323137045,0,1609045590323137045,2.003503058091626e+00,-5.207543947144277e+00,4.934774215613521e+00,9.818922274995647e-01,-1.819228054309097e-01,-2.074417018365971e-02,4.859450424857898e-02
1609045590425627708,0,1609045590425627708,1.852734700907355e+00,-5.244873115777759e+00,4.947763107718397e+00,9.813313779125882e-01,-1.823462076122303e-01,-2.883416346686712e-02,5.391825581812495e-02
1609045590528723240,0,1609045590528723240,1.710657795076101e+00,-5.265601752645334e+00,4.963117902238243e+00,9.811334505673009e-01,-1.821426407903990e-01,-3.158442628059452e-02,5.660065900687378e-02
1609045590631762981,0,1609045590631762981,1.578710516118936e+00,-5.270280387805991e+00,4.976645995587607e+00,9.808354469003313e-01,-1.825068109371017e-01,-3.110780528634077e-02,6.070745024581523e-02
1609045590734921932,0,1609045590734921932,1.457645771079285e+00,-5.258737466437057e+00,4.984843702404748e+00,9.805652691229833e-01,-1.831156277164735e-01,-2.983320476841172e-02,6.379968470693759e-02
1609045590838572502,0,1609045590838572502,1.345068221188187e+00,-5.232079175463869e+00,4.991564149697568e+00,9.804492193760822e-01,-1.833276300074555e-01,-2.762213079133108e-02,6.593425658118399e-02
1609045590941308737,0,1609045590941308737,1.243277494977408e+00,-5.190201983036492e+00,4.999176612300157e+00,9.803496849916387e-01,-1.828612245307677e-01,-2.724027303406625e-02,6.880577900596910e-02
1609045591044382572,0,1609045591044382572,1.151432739961145e+00,-5.134231932311401e+00,5.002215234359909e+00,9.803577281963949e-01,-1.827341291111191e-01,-2.712959334779618e-02,6.907204925346835e-02
1609045591147417068,0,1609045591147417068,1.068402011280872e+00,-5.065569238977114e+00,5.007065853725558e+00,9.805185891647678e-01,-1.827015283626737e-01,-2.742759835850108e-02,6.671712437034015e-02
1609045591250626802,0,1609045591250626802,9.934003926106699e-01,-4.983614717629784e+00,5.012323149593305e+00,9.809160677060919e-01,-1.829711505858306e-01,-2.653439912748087e-02,6.017600711200956e-02
1609045591353754997,0,1609045591353754997,9.262820582668116e-01,-4.892374235762869e+00,5.018703513676848e+00,9.814969057855235e-01,-1.830608800321006e-01,-2.585917775153905e-02,4.983814865157170e-02
1609045591423865318,0,1609045591423865318,8.777613500465353e-01,-4.816293928664820e+00,5.013295904908273e+00,9.820361879949546e-01,-1.834939924881508e-01,-2.501173830452040e-02,3.618415586648732e-02
1609045591525400162,0,1609045591525400162,8.134575809718738e-01,-4.701487426850593e+00,5.006704484699854e+00,9.826045208277849e-01,-1.833478721676270e-01,-2.522687426931502e-02,1.534660336007581e-02
1609045591628500223,0,1609045591628500223,7.560783645593064e-01,-4.587999146519198e+00,5.009356856612521e+00,9.824206004855841e-01,-1.838596536276883e-01,-3.231277764301599e-02,1.129561921452762e-03
1609045591731995344,0,1609045591731995344,7.052930791450748e-01,-4.474500985615343e+00,5.000866501610104e+00,9.821747474530939e-01,-1.840670428206571e-01,-3.683703632734571e-02,-9.753049113904230e-03
1609045591834742546,0,1609045591834742546,6.634661600086105e-01,-4.366593145356833e+00,4.989033524658170e+00,9.821580912328088e-01,-1.833972374936770e-01,-3.903039840964320e-02,-1.440711995123286e-02
1609045591938415766,0,1609045591938415766,6.291412211592498e-01,-4.264781497136308e+00,4.979181127658278e+00,9.820299486996994e-01,-1.833566965862050e-01,-4.245939288158540e-02,-1.395355258270081e-02
1609045592041020393,0,1609045592041020393,6.019524790931062e-01,-4.167233264634501e+00,4.966801499235746e+00,9.819918606884875e-01,-1.828416550554595e-01,-4.574186890433644e-02,-1.298445790058554e-02
1609045592144263506,0,1609045592144263506,5.820121860697779e-01,-4.074488683737312e+00,4.961584623872615e+00,9.818173950202516e-01,-1.828572776020631e-01,-4.958465044650822e-02,-1.179751259369343e-02
1609045592247282028,0,1609045592247282028,5.736728370355185e-01,-3.987352297423566e+00,4.962056311911168e+00,9.814537054474788e-01,-1.827321816503790e-01,-5.679760134066521e-02,-1.147198040205001e-02
1609045592350472927,0,1609045592350472927,5.731926973205180e-01,-3.903848650444111e+00,4.961906477197315e+00,9.810690825018860e-01,-1.826657717744141e-01,-6.320706567401481e-02,-1.189697564669502e-02
1609045592453572035,0,1609045592453572035,5.847188423752590e-01,-3.825863561027136e+00,4.965139606351492e+00,9.807695598198586e-01,-1.829845828667388e-01,-6.660999361259419e-02,-1.306987813521254e-02
1609045592523864985,0,1609045592523864985,6.044644506835619e-01,-3.765041412422181e+00,4.965568870001896e+00,9.806376063410345e-01,-1.828920309374746e-01,-6.854154722107306e-02,-1.422836440099435e-02
1609045592625525475,0,1609045592625525475,6.393865874939875e-01,-3.687070582296350e+00,4.969729427643822e+00,9.807767045876199e-01,-1.825453672900919e-01,-6.728783525546768e-02,-1.505296799642257e-02
1609045592728607893,0,1609045592728607893,6.849245203522634e-01,-3.613855967149639e+00,4.975926825851234e+00,9.809544326024974e-01,-1.825755873180821e-01,-6.466060407289378e-02,-1.461377273640337e-02
1609045592831719160,0,1609045592831719160,7.407144724100495e-01,-3.546918300229646e+00,4.981418865683906e+00,9.810864558259434e-01,-1.825965827594725e-01,-6.246232298881486e-02,-1.504368192916464e-02
1609045592934857130,0,1609045592934857130,8.077808595539578e-01,-3.487516117772164e+00,4.989013309728954e+00,9.812765860515109e-01,-1.822734913205897e-01,-6.040382164666470e-02,-1.496710924214683e-02
1609045593038490295,0,1609045593038490295,8.863864837339370e-01,-3.434319677268217e+00,5.003746700029352e+00,9.816601011605552e-01,-1.826131095156338e-01,-5.295142026884513e-02,-1.385803426487069e-02
1609045593140623331,0,1609045593140623331,9.716082587923129e-01,-3.387491114288093e+00,5.007974088690871e+00,9.821953542590653e-01,-1.823063670394068e-01,-4.320610038146142e-02,-1.378069295515436e-02
1609045593243960857,0,1609045593243960857,1.058030081563057e+00,-3.339649334880046e+00,5.010760077864078e+00,9.827657648300625e-01,-1.823056333379006e-01,-2.816161544620340e-02,-1.195955460729587e-02
1609045593346966267,0,1609045593346966267,1.148451364981375e+00,-3.295448268257842e+00,5.013835516479799e+00,9.830209495623694e-01,-1.820946800015810e-01,-1.961943813509615e-02,-1.124357076637308e-02
1609045593450238943,0,1609045593450238943,1.240799198775694e+00,-3.253250949822166e+00,5.017209844968630e+00,9.831671154738010e-01,-1.818491303952783e-01,-1.387356662473289e-02,-1.099276917851767e-02
1609045593553246737,0,1609045593553246737,1.333264126603534e+00,-3.214976550370065e+00,5.018119292378270e+00,9.832276683323715e-01,-1.818368711304716e-01,-9.241713515623582e-03,-1.064402434040768e-02
1609045593623600721,0,1609045593623600721,1.410042218702471e+00,-3.180960644575165e+00,5.013932717785125e+00,9.831797963814791e-01,-1.821391674560222e-01,-4.248059099084536e-03,-1.283610763766870e-02
1609045593725358248,0,1609045593725358248,1.509943998513202e+00,-3.138794468317671e+00,5.015148764508480e+00,9.832421903809069e-01,-1.818471869152520e-01,2.004163155616708e-03,-1.274280172125331e-02
1609045593828549385,0,1609045593828549385,1.604658680835304e+00,-3.099049547312698e+00,5.008837661279822e+00,9.832107580779162e-01,-1.819063361943779e-01,7.099869812296794e-03,-1.250127595609700e-02
1609045593931516171,0,1609045593931516171,1.692392381045443e+00,-3.062865478763968e+00,5.002776548575879e+00,9.831292576060813e-01,-1.820305053517873e-01,1.202153122057491e-02,-1.331317945107495e-02
1609045594034159660,0,1609045594034159660,1.773609886794387e+00,-3.031007264626332e+00,5.000090924214547e+00,9.831828337401854e-01,-1.817206267780146e-01,1.443759038771751e-02,-1.098568275146927e-02
1609045594137412548,0,1609045594137412548,1.849116989638534e+00,-3.003222992976144e+00,5.003810986115918e+00,9.831213481496776e-01,-1.820363850858201e-01,1.715549216117968e-02,-6.392058013701541e-03
1609045594240875006,0,1609045594240875006,1.920909368531446e+00,-2.974121593139116e+00,5.006246855253815e+00,9.830748595017820e-01,-1.820044633127616e-01,2.093294037274883e-02,8.920108115658905e-05
1609045594344244480,0,1609045594344244480,1.980331879777604e+00,-2.937891211930924e+00,5.003029319215752e+00,9.828670778062291e-01,-1.821788223949319e-01,2.779902865762241e-02,3.224599328567021e-03
1609045594447435379,0,1609045594447435379,2.030926906144173e+00,-2.896016243534807e+00,4.990480951217679e+00,9.829093231058158e-01,-1.820144448408713e-01,2.747811438697830e-02,2.226578175009935e-03
1609045594550264359,0,1609045594550264359,2.066983657466315e+00,-2.847222698733831e+00,4.972338710249645e+00,9.830731548272256e-01,-1.821304380568046e-01,1.982895979315339e-02,-1.577385336930256e-03
1609045594653414488,0,1609045594653414488,2.105012601509147e+00,-2.804370453040024e+00,4.967919892834983e+00,9.832404269013744e-01,-1.822182273064565e-01,2.552637149213004e-03,-5.316444994324943e-03
1609045594723707438,0,1609045594723707438,2.146647351509547e+00,-2.775706206472733e+00,4.956839603895689e+00,9.829614715328887e-01,-1.827641915954951e-01,-1.705886157385986e-02,-9.643183802311373e-03
1609045594825124741,0,1609045594825124741,2.194475078477357e+00,-2.733498989949853e+00,4.948269254937606e+00,9.827287648320272e-01,-1.824095617994016e-01,-2.909524689887355e-02,-1.115316741823114e-02
1609045594927778721,0,1609045594927778721,2.247012520687972e+00,-2.692336246320873e+00,4.940239770716889e+00,9.827798618519890e-01,-1.817961388373291e-01,-3.186256577136197e-02,-8.870397070453367e-03
1609045595031365633,0,1609045595031365633,2.300579779392341e+00,-2.654361951860697e+00,4.936986387577471e+00,9.828458168122907e-01,-1.816822286710983e-01,-3.117443703139193e-02,-5.815723098509249e-03
1609045595134406328,0,1609045595134406328,2.355639657989371e+00,-2.618904031181486e+00,4.935235142920503e+00,9.829376825317351e-01,-1.817065476210221e-01,-2.813855048649626e-02,-4.946189139979932e-03
1609045595237505198,0,1609045595237505198,2.415198255396833e+00,-2.583795935696315e+00,4.938934093695220e+00,9.830256196963473e-01,-1.816651319466329e-01,-2.419360430602840e-02,-8.548705504732872e-03
1609045595340839386,0,1609045595340839386,2.473518467899380e+00,-2.550788432027269e+00,4.943790308384814e+00,9.829133229141281e-01,-1.822462895893012e-01,-2.401544451233258e-02,-9.536665738745280e-03
1609045595444194794,0,1609045595444194794,2.532023964137504e+00,-2.519854704594508e+00,4.936118137938130e+00,9.828569648592247e-01,-1.824338197638993e-01,-2.169802394998423e-02,-1.546880054917642e-02
1609045595547126532,0,1609045595547126532,2.595303235201376e+00,-2.490339905649153e+00,4.931478911967551e+00,9.827016939686116e-01,-1.827369936871298e-01,-1.868053950925286e-02,-2.357136510159142e-02
1609045595650295734,0,1609045595650295734,2.659380804929637e+00,-2.465506015352620e+00,4.935159616253057e+00,9.825246262020956e-01,-1.828734846105655e-01,-1.845160919553768e-02,-2.936299798409216e-02
1609045595753676653,0,1609045595753676653,2.724280054991786e+00,-2.447099720875086e+00,4.936086478379941e+00,9.821970480932004e-01,-1.833558080984670e-01,-1.787708545782518e-02,-3.674256617047676e-02
1609045595823715210,0,1609045595823715210,2.775585516584231e+00,-2.435036171818443e+00,4.927160976050299e+00,9.817951002877012e-01,-1.841086428214432e-01,-1.786953812454899e-02,-4.316327485745620e-02
1609045595925379276,0,1609045595925379276,2.845657699591809e+00,-2.427783884355020e+00,4.920634872495278e+00,9.815504795366062e-01,-1.840627495834062e-01,-1.736174520054966e-02,-4.876607571398303e-02
1609045596028492451,0,1609045596028492451,2.916899340054044e+00,-2.431438107459718e+00,4.918555624294370e+00,9.814333306757242e-01,-1.840990682963617e-01,-1.671788593996703e-02,-5.115332619253460e-02
1609045596131190777,0,1609045596131190777,2.984947521912409e+00,-2.445395623251453e+00,4.917188550334495e+00,9.814779058399445e-01,-1.838641816271129e-01,-1.649713376718377e-02,-5.121452567185367e-02
1609045596234618902,0,1609045596234618902,3.051209230880170e+00,-2.467749546100111e+00,4.916013828925138e+00,9.816069947187742e-01,-1.835519865811958e-01,-1.738668720912968e-02,-4.953866418124607e-02
1609045596337445498,0,1609045596337445498,3.113613581804308e+00,-2.499351796927614e+00,4.909702694511585e+00,9.817056137198048e-01,-1.835559671763334e-01,-1.910297960424306e-02,-4.686545716111280e-02
1609045596440747261,0,1609045596440747261,3.177303866659371e+00,-2.539609313432964e+00,4.901416755219181e+00,9.818681903348101e-01,-1.833443117030930e-01,-2.144388256917482e-02,-4.312632693403320e-02
1609045596543866634,0,1609045596543866634,3.241477905292744e+00,-2.587129073377484e+00,4.898750985435727e+00,9.820614660233939e-01,-1.829009447161961e-01,-2.487996564894024e-02,-3.851634306251271e-02
1609045596647113323,0,1609045596647113323,3.309682025175785e+00,-2.640771720603698e+00,4.898217980616476e+00,9.821630150390921e-01,-1.828583568863589e-01,-2.734230507918061e-02,-3.422033837929053e-02
1609045596750215292,0,1609045596750215292,3.381158346521588e+00,-2.698330618645364e+00,4.904368283765946e+00,9.824868776351504e-01,-1.823329483598200e-01,-2.667222180750789e-02,-2.761926502812517e-02
1609045596853317261,0,1609045596853317261,3.449856912685209e+00,-2.762493054685850e+00,4.901041263181126e+00,9.826640687970885e-01,-1.823470526388657e-01,-2.848448792102694e-02,-1.759301670100345e-02
1609045596923439026,0,1609045596923439026,3.505848234902883e+00,-2.811224442152932e+00,4.897660678961208e+00,9.829495086446358e-01,-1.818479365554113e-01,-2.496013498161203e-02,-1.088958618143024e-02
1609045597025183916,0,1609045597025183916,3.586806802976601e+00,-2.880047089272927e+00,4.898591240313605e+00,9.831094366138402e-01,-1.814991902211511e-01,-2.348795599589062e-02,-1.481726261784651e-03
1609045597128250837,0,1609045597128250837,3.670405018316028e+00,-2.948137403874227e+00,4.906954654151576e+00,9.831867329475316e-01,-1.810633385676569e-01,-2.289990278004529e-02,5.959029707341829e-03
1609045597231384039,0,1609045597231384039,3.755446147312704e+00,-3.013647335038790e+00,4.914470417957047e+00,9.831728170946816e-01,-1.807279289448890e-01,-2.425218933113696e-02,1.097536959472697e-02
1609045597334489346,0,1609045597334489346,3.845085857929520e+00,-3.076061106823286e+00,4.926457909876109e+00,9.828873629205102e-01,-1.812540626592578e-01,-2.614344582111615e-02,1.989765868068357e-02
1609045597437772274,0,1609045597437772274,3.938561493470150e+00,-3.131986965634857e+00,4.936263389883792e+00,9.828274248416760e-01,-1.808635278413037e-01,-2.451326060070692e-02,2.716132048141595e-02
1609045597541080713,0,1609045597541080713,4.034732845812894e+00,-3.178810719920118e+00,4.945816232937991e+00,9.827869643939130e-01,-1.807450703862462e-01,-1.519608586188080e-02,3.507251235141964e-02
1609045597644037008,0,1609045597644037008,4.130805342078481e+00,-3.216320978999219e+00,4.953990302181072e+00,9.825747355384405e-01,-1.809327476133308e-01,-6.950865789850682e-03,4.197517584381501e-02
1609045597748365879,0,1609045597748365879,4.223264128959407e+00,-3.238505879208002e+00,4.953942682498262e+00,9.826099819538987e-01,-1.809136958506986e-01,-4.483385036449231e-04,4.180498786603105e-02
1609045597851248503,0,1609045597851248503,4.312212739574098e+00,-3.248177746946779e+00,4.959179317171733e+00,9.828242678458580e-01,-1.810537669813389e-01,4.208406716686789e-04,3.571855103363965e-02
1609045597953591824,0,1609045597953591824,4.403492656385619e+00,-3.251241757121345e+00,4.963719917861824e+00,9.829831911737951e-01,-1.812148874991923e-01,-4.179473633975861e-03,2.979500659968297e-02
1609045598023924828,0,1609045598023924828,4.482169481520731e+00,-3.251410641660430e+00,4.953295604198233e+00,9.830857701538294e-01,-1.817998387965668e-01,-1.215373546258371e-02,1.853304747186816e-02
1609045598125458002,0,1609045598125458002,4.586093537523659e+00,-3.245534132595504e+00,4.941576858469589e+00,9.831349359717291e-01,-1.819992547532418e-01,-1.727372029306261e-02,4.856699296953200e-03
1609045598228563547,0,1609045598228563547,4.692432088533253e+00,-3.241447271436764e+00,4.936260048389924e+00,9.829774644839605e-01,-1.823238116562708e-01,-2.256249637122800e-02,2.065375754479263e-03
1609045598331639767,0,1609045598331639767,4.799496547223042e+00,-3.237137812121023e+00,4.924039517325387e+00,9.829673389700133e-01,-1.824156773626505e-01,-2.226942363643363e-02,1.950369486492840e-03
1609045598434531927,0,1609045598434531927,4.907198908312373e+00,-3.230243587665862e+00,4.913361576566333e+00,9.830279699414024e-01,-1.822782337724115e-01,-1.999739483603958e-02,5.546170315163581e-03
1609045598537694454,0,1609045598537694454,5.014182854138573e+00,-3.218931651396578e+00,4.907064998225554e+00,9.831296233532075e-01,-1.820980057397117e-01,-1.547191586128500e-02,7.555118151141908e-03
1609045598640641451,0,1609045598640641451,5.122250947415933e+00,-3.204231817277557e+00,4.905936611894733e+00,9.832204033852923e-01,-1.820487259023612e-01,-1.079149500288506e-02,4.409467029978736e-03
1609045598743674040,0,1609045598743674040,5.230449459989259e+00,-3.188169661853020e+00,4.912184675015989e+00,9.832771227934866e-01,-1.819226400407109e-01,-7.681149686185965e-03,-3.354514983627606e-03
1609045598846826792,0,1609045598846826792,5.336631740439695e+00,-3.172384319079910e+00,4.925225727417851e+00,9.831520659148117e-01,-1.826180905606495e-01,-6.236321541071386e-03,-4.874072296530919e-03
1609045598949785471,0,1609045598949785471,5.441681013678202e+00,-3.157557528727413e+00,4.922235376678437e+00,9.829817953023808e-01,-1.830929335573925e-01,-1.178673555393766e-03,-1.491236110753106e-02
1609045599053171873,0,1609045599053171873,5.543121205105789e+00,-3.141365124599881e+00,4.918485199477395e+00,9.827757151126399e-01,-1.832221794644207e-01,6.530744002460604e-03,-2.321370542621184e-02
1609045599123686075,0,1609045599123686075,5.620509220780147e+00,-3.126101263698001e+00,4.914279373126262e+00,9.824687263639004e-01,-1.836752714034457e-01,1.284586599310782e-02,-2.921609348196053e-02
1609045599225567102,0,1609045599225567102,5.718985201620109e+00,-3.112446182080442e+00,4.910241376567956e+00,9.823834531616989e-01,-1.831557018060998e-01,1.723205671170060e-02,-3.286025062577087e-02
1609045599328743458,0,1609045599328743458,5.809919581298110e+00,-3.107449742236649e+00,4.904655563603445e+00,9.822902880923493e-01,-1.832095011687930e-01,1.868601505657653e-02,-3.450943989591840e-02
1609045599431768894,0,1609045599431768894,5.892275730940223e+00,-3.106796368002023e+00,4.901392742719358e+00,9.822214722303606e-01,-1.833102435960590e-01,1.961868435567583e-02,-3.540397302876982e-02
1609045599535042524,0,1609045599535042524,5.967019055048209e+00,-3.113274907445112e+00,4.898602284659806e+00,9.823480768904655e-01,-1.831755745706959e-01,1.918439725036422e-02,-3.272496924570750e-02
1609045599638217926,0,1609045599638217926,6.030490418751130e+00,-3.123897451309241e+00,4.888119218821455e+00,9.825976830250027e-01,-1.831909080498604e-01,1.607521477936908e-02,-2.616241562343943e-02
1609045599740896702,0,1609045599740896702,6.087757290734233e+00,-3.134452717844623e+00,4.869833824975021e+00,9.826720286784917e-01,-1.829707791239546e-01,1.553388690319175e-02,-2.522055505023688e-02
1609045599844108105,0,1609045599844108105,6.140199760403301e+00,-3.152175805790678e+00,4.866073228990141e+00,9.830727690228110e-01,-1.825014529741384e-01,8.224915186430528e-03,-1.391047224285592e-02
1609045599947581768,0,1609045599947581768,6.191445929638312e+00,-3.170991214060696e+00,4.855166322417126e+00,9.832056958866220e-01,-1.823971275179932e-01,2.207899542571621e-03,-5.742179776922128e-03
1609045600050335646,0,1609045600050335646,6.239418376610533e+00,-3.186188072086642e+00,4.837483701339298e+00,9.833060353009174e-01,-1.819455110527513e-01,-8.928100075309763e-04,-2.067568263902281e-03
1609045600153112173,0,1609045600153112173,6.285133815878110e+00,-3.195405191291189e+00,4.831646403515737e+00,9.833327578118560e-01,-1.817868892560977e-01,-2.360055788132543e-03,-2.155097466373550e-03
1609045600223272085,0,1609045600223272085,6.323953219484723e+00,-3.200956592646526e+00,4.839514320090808e+00,9.833567119094274e-01,-1.815422360325578e-01,-6.952914224169665e-03,-1.910670683842778e-03
1609045600325118065,0,1609045600325118065,6.373812708526560e+00,-3.213949710901173e+00,4.837912871622109e+00,9.832968884837928e-01,-1.815873356356821e-01,-1.136330691688939e-02,-4.913643294947225e-03
1609045600428148746,0,1609045600428148746,6.425073270518771e+00,-3.229952429454231e+00,4.834148484716403e+00,9.832282793827990e-01,-1.817652508564484e-01,-1.358427626457471e-02,-6.245929962217565e-03
1609045600531799793,0,1609045600531799793,6.478517797227978e+00,-3.248427868115920e+00,4.832028953578213e+00,9.833335777704704e-01,-1.813928522075627e-01,-1.063462187462128e-02,-6.213921017073846e-03
1609045600634278297,0,1609045600634278297,6.530412445714796e+00,-3.263334808627518e+00,4.832583498960779e+00,9.833174101925979e-01,-1.818030508453546e-01,-1.041636755358947e-04,-5.874577862433719e-03
1609045600737154007,0,1609045600737154007,6.579644447562131e+00,-3.275074579328554e+00,4.839282640979066e+00,9.831731478358251e-01,-1.820455676451934e-01,1.431396398265330e-02,-5.008304116800175e-03
1609045600840407610,0,1609045600840407610,6.618773390341192e+00,-3.284496502471678e+00,4.846573141742663e+00,9.827529944750454e-01,-1.824869678703012e-01,2.963296278110676e-02,-4.116542765246423e-03
1609045600943682671,0,1609045600943682671,6.648768961299452e+00,-3.292667978573607e+00,4.854562921122203e+00,9.821364347735032e-01,-1.830106624735393e-01,4.346723594813790e-02,-5.071519506581275e-03
1609045601046765566,0,1609045601046765566,6.664487635399664e+00,-3.299034397138576e+00,4.857120135424037e+00,9.814791618854083e-01,-1.836009632723958e-01,5.430056820086633e-02,-6.386655064664546e-03
1609045601149968863,0,1609045601149968863,6.668270470628437e+00,-3.299867087276151e+00,4.856966645361199e+00,9.809889950726566e-01,-1.836525905520816e-01,6.220316394709339e-02,-7.942538920756989e-03
1609045601252816200,0,1609045601252816200,6.658097113822857e+00,-3.298526177135399e+00,4.855897601886912e+00,9.807693155218251e-01,-1.836403306226798e-01,6.546522072369802e-02,-9.059998616419809e-03
1609045601323282719,0,1609045601323282719,6.645263020578473e+00,-3.296603740835154e+00,4.854503212647415e+00,9.808002464924889e-01,-1.836062609635720e-01,6.504171692213660e-02,-9.444176764511605e-03
1609045601425093651,0,1609045601425093651,6.612522407423050e+00,-3.295793270776234e+00,4.853803498015122e+00,9.808986389564682e-01,-1.838904675567914e-01,6.264971314641513e-02,-9.857457961105907e-03
1609045601528742790,0,1609045601528742790,6.569847382668453e+00,-3.293945552368039e+00,4.854143082227706e+00,9.811397874827908e-01,-1.838688092745193e-01,5.871719315814258e-02,-1.045321106228313e-02
1609045601631310940,0,1609045601631310940,6.511792661949594e+00,-3.289454391662490e+00,4.852683482111357e+00,9.813589573719085e-01,-1.840224061896071e-01,5.412253320798621e-02,-1.187864491205684e-02
1609045601734480858,0,1609045601734480858,6.442289491133701e+00,-3.284522249004657e+00,4.849400017107948e+00,9.815894310279994e-01,-1.841185742246667e-01,4.954668637939561e-02,-1.129891092609052e-02
1609045601837755680,0,1609045601837755680,6.363549181405348e+00,-3.278821313626193e+00,4.843538635004850e+00,9.818028913550878e-01,-1.838305517124173e-01,4.576903178162710e-02,-1.321387578872783e-02
1609045601940702200,0,1609045601940702200,6.275236179436667e+00,-3.273692760815372e+00,4.844141090219837e+00,9.819384195711677e-01,-1.841429374849133e-01,4.165541826115000e-02,-1.237517166280895e-02
1609045602043692589,0,1609045602043692589,6.178424766172985e+00,-3.267455920643234e+00,4.834304167254705e+00,9.821135616514352e-01,-1.843078616204003e-01,3.645495901999544e-02,-1.243382997262728e-02
1609045602146690607,0,1609045602146690607,6.073648257803527e+00,-3.261325954486735e+00,4.819843196370434e+00,9.823218112863961e-01,-1.840712174148905e-01,3.219044739164675e-02,-1.119915563021870e-02
1609045602249889612,0,1609045602249889612,5.960880639599766e+00,-3.255297455924570e+00,4.804317815584239e+00,9.824953965491502e-01,-1.840389100255512e-01,2.753886883590498e-02,-8.607325906721875e-03
1609045602353004932,0,1609045602353004932,5.844971337758731e+00,-3.249190404187559e+00,4.787090028635805e+00,9.827195965301980e-01,-1.836312390625486e-01,2.307797089905861e-02,-3.028183407729102e-03
1609045602423183680,0,1609045602423183680,5.752378605377864e+00,-3.245452348870789e+00,4.779915472384051e+00,9.827603882353207e-01,-1.836912877510664e-01,2.082845965581916e-02,2.388595397676710e-03
1609045602524952173,0,1609045602524952173,5.617255074477041e+00,-3.234802768775996e+00,4.771223930911977e+00,9.827729050604534e-01,-1.836853776494352e-01,1.872912821779880e-02,8.143640016259321e-03
1609045602627825022,0,1609045602627825022,5.479019714429526e+00,-3.217846905100868e+00,4.763140491499597e+00,9.827712268063602e-01,-1.835846077947112e-01,1.585906174653534e-02,1.434913595290921e-02
1609045602731002569,0,1609045602731002569,5.340943387567860e+00,-3.194783178142505e+00,4.759002032087693e+00,9.827047679395077e-01,-1.838059725391422e-01,1.324512331354852e-02,1.820083064037063e-02
1609045602834285021,0,1609045602834285021,5.203751068262154e+00,-3.164774408601263e+00,4.754858669304243e+00,9.826795602868897e-01,-1.838794902400588e-01,1.079040910493850e-02,2.031703557266928e-02
1609045602937297344,0,1609045602937297344,5.067510924186816e+00,-3.129811959020483e+00,4.748379169595876e+00,9.826699404811425e-01,-1.840086042755371e-01,8.835415786502814e-03,2.055619261747888e-02
1609045603040718317,0,1609045603040718317,4.933710444343665e+00,-3.090282735575086e+00,4.739854302485842e+00,9.827632557655737e-01,-1.837679743149385e-01,5.933360708704065e-03,1.924863537047299e-02
1609045603143912554,0,1609045603143912554,4.801588467060545e+00,-3.044820535755935e+00,4.728214948876009e+00,9.829884562956742e-01,-1.833067826704022e-01,3.444807801071682e-03,1.097504056384010e-02
1609045603247005224,0,1609045603247005224,4.667629739092310e+00,-2.994318899460690e+00,4.718765537922322e+00,9.830766240345186e-01,-1.831485614647569e-01,1.448178051088619e-04,4.115183808472336e-03
1609045603350016832,0,1609045603350016832,4.537911675457298e+00,-2.948479352119462e+00,4.716031838711863e+00,9.831542718992829e-01,-1.826963336652614e-01,-5.335722324110248e-03,-1.121328869655407e-03
1609045603453226328,0,1609045603453226328,4.407969954260309e+00,-2.899709851808519e+00,4.710825792925708e+00,9.831037209816558e-01,-1.824899035619849e-01,-8.978719984642341e-03,-1.113065483649222e-02
1609045603522995949,0,1609045603522995949,4.308999306077959e+00,-2.864295654300280e+00,4.708083342597765e+00,9.830535944958978e-01,-1.822805808623659e-01,-1.186929808665688e-02,-1.544473864444040e-02
1609045603624763727,0,1609045603624763727,4.172376781571459e+00,-2.814908724568586e+00,4.707651823371892e+00,9.829878845614154e-01,-1.817754349506316e-01,-1.545617125249098e-02,-2.129828218162394e-02
1609045603727807522,0,1609045603727807522,4.038125381522675e+00,-2.768891660489129e+00,4.707749018836707e+00,9.828985884159239e-01,-1.816106177382838e-01,-1.948142945391885e-02,-2.341841841003989e-02
1609045603830919266,0,1609045603830919266,3.913296453473795e+00,-2.728511260519525e+00,4.709218642360123e+00,9.828719738356998e-01,-1.812382652403858e-01,-2.139077426427257e-02,-2.564778815099615e-02
1609045603933821917,0,1609045603933821917,3.793023077577383e+00,-2.692479392411824e+00,4.713124500517424e+00,9.829632247080163e-01,-1.808643995282495e-01,-2.076238034665743e-02,-2.530398025877080e-02
1609045604036864758,0,1609045604036864758,3.678165294317911e+00,-2.661652048475315e+00,4.715858740813311e+00,9.830351193092333e-01,-1.808853604350246e-01,-1.818756057802658e-02,-2.432392289259694e-02
1609045604140407324,0,1609045604140407324,3.564329729524178e+00,-2.633562961383226e+00,4.719259335938356e+00,9.830621947922152e-01,-1.809330203150577e-01,-1.349201098336508e-02,-2.588298609703740e-02
1609045604243492126,0,1609045604243492126,3.454423884062022e+00,-2.608684350887276e+00,4.728128848288904e+00,9.831939704495909e-01,-1.805112693209117e-01,-8.198589673905209e-03,-2.603999321758186e-02
1609045604346581221,0,1609045604346581221,3.344211802312396e+00,-2.588796844823243e+00,4.734743477588382e+00,9.830996421644579e-01,-1.806682429747171e-01,-4.604327705505709e-03,-2.920410455078604e-02
1609045604449815035,0,1609045604449815035,3.234507006868801e+00,-2.575731212658930e+00,4.741886984944584e+00,9.829896171447480e-01,-1.806846449678818e-01,-2.533223912855224e-03,-3.283373927455583e-02
1609045604552847862,0,1609045604552847862,3.124384496219526e+00,-2.567835170175955e+00,4.746670823257037e+00,9.827728474054349e-01,-1.807431162343283e-01,-1.260538558330737e-03,-3.857288398281009e-02
1609045604623217583,0,1609045604623217583,3.039460828072296e+00,-2.570725654005613e+00,4.748544631150312e+00,9.826975025062892e-01,-1.803360949071111e-01,-2.371078698910946e-03,-4.217688261415489e-02
1609045604724830866,0,1609045604724830866,2.918422900419705e+00,-2.577320350845095e+00,4.754149461797764e+00,9.825050875303912e-01,-1.802497576354562e-01,-2.891847712349755e-03,-4.674842313656636e-02
1609045604828079224,0,1609045604828079224,2.796414296862565e+00,-2.590541764750978e+00,4.758475277593803e+00,9.823273631824522e-01,-1.802810097443908e-01,-3.705730200930089e-03,-5.017944431658820e-02
1609045604931105852,0,1609045604931105852,2.677057344203314e+00,-2.611173703564864e+00,4.764938919307647e+00,9.822037931729523e-01,-1.802415547213640e-01,-4.250750012871675e-03,-5.263669587187215e-02
1609045605034295321,0,1609045605034295321,2.558736614691763e+00,-2.640036490405128e+00,4.774474646487875e+00,9.822499786043726e-01,-1.801533877552455e-01,-5.317692586476636e-03,-5.197555730594129e-02
1609045605137209415,0,1609045605137209415,2.441305117005649e+00,-2.679085370179112e+00,4.781774932753678e+00,9.823217486806837e-01,-1.800457151607194e-01,-6.222597774651634e-03,-5.088026923880733e-02
1609045605240312815,0,1609045605240312815,2.325256915566742e+00,-2.722034671829086e+00,4.789371839876558e+00,9.825262156319990e-01,-1.795894039638131e-01,-6.926086971744073e-03,-4.839329394383139e-02
1609045605343172789,0,1609045605343172789,2.211595541931040e+00,-2.775667768127422e+00,4.801194178158069e+00,9.826108325634200e-01,-1.799844259506156e-01,-7.503746023740673e-03,-4.500279924127414e-02
1609045605446260691,0,1609045605446260691,2.096712748095404e+00,-2.837240658281423e+00,4.812389575771368e+00,9.829159650873297e-01,-1.797210014075796e-01,-9.629674343668246e-03,-3.852059969967506e-02
1609045605549568176,0,1609045605549568176,1.985527418862697e+00,-2.902976171048437e+00,4.817019762528756e+00,9.828889614945968e-01,-1.801351672098390e-01,-9.079323172303288e-03,-3.739220235257697e-02
1609045605652657986,0,1609045605652657986,1.874474931168823e+00,-2.971273126670797e+00,4.826149850694446e+00,9.831157760805292e-01,-1.797064736382353e-01,-9.414885104176528e-03,-3.317098268443890e-02
1609045605723026752,0,1609045605723026752,1.785822311465477e+00,-3.033561101205273e+00,4.835786421618359e+00,9.831515625208664e-01,-1.798886659996800e-01,-1.115125189742858e-02,-3.047494935913088e-02
1609045605824716568,0,1609045605824716568,1.665051785883966e+00,-3.122864140177053e+00,4.841793089178106e+00,9.832262511322382e-01,-1.798677129177492e-01,-1.127157515326855e-02,-2.804811094236454e-02
1609045605927885532,0,1609045605927885532,1.545302046391786e+00,-3.212802236083181e+00,4.842857555980117e+00,9.832323661958150e-01,-1.801131852086948e-01,-1.154761823870889e-02,-2.607694559675250e-02
1609045606031003952,0,1609045606031003952,1.428840746699018e+00,-3.304233406350921e+00,4.840288066491044e+00,9.832824056131031e-01,-1.802093672171181e-01,-1.248060290393511e-02,-2.290260530499515e-02
1609045606134049892,0,1609045606134049892,1.319416307037831e+00,-3.395737220313831e+00,4.838201972319914e+00,9.832936424567223e-01,-1.803921024315713e-01,-1.262766346803024e-02,-2.080490806361284e-02
1609045606237197876,0,1609045606237197876,1.215214039456329e+00,-3.487617600004600e+00,4.844091215510025e+00,9.833723250136884e-01,-1.805258379371900e-01,-1.205095644659683e-02,-1.562263366586518e-02
1609045606340265274,0,1609045606340265274,1.114348293836156e+00,-3.578275016756660e+00,4.849579847832390e+00,9.834784417319408e-01,-1.805148133016711e-01,-7.895035444402182e-03,-1.105555255050180e-02
1609045606443334579,0,1609045606443334579,1.015225532266057e+00,-3.670190329302949e+00,4.858406749687567e+00,9.834563547979308e-01,-1.810072797480337e-01,-8.858874306330643e-04,-7.012709100820076e-03
1609045606546467066,0,1609045606546467066,9.148377336080232e-01,-3.759303098958133e+00,4.866174740948563e+00,9.834626163759878e-01,-1.808994728696367e-01,8.036532011307810e-03,-3.475206368606495e-03
1609045606649468422,0,1609045606649468422,8.112447814606868e-01,-3.842990162194400e+00,4.868567740678776e+00,9.833309633050660e-01,-1.810379916664087e-01,1.685629853799479e-02,-1.152119008821083e-03
1609045606752669811,0,1609045606752669811,7.024463739736844e-01,-3.924626195644453e+00,4.867013714669307e+00,9.831727622739266e-01,-1.813831418199595e-01,2.170192843129064e-02,-7.082995324438742e-04
1609045606822935104,0,1609045606822935104,6.126485115755573e-01,-3.990193133797181e+00,4.866661959656734e+00,9.832276891701589e-01,-1.811622386410134e-01,2.105559322957177e-02,-4.653311973575830e-04
1609045606924699068,0,1609045606924699068,4.855150668272688e-01,-4.075674593399754e+00,4.858908004130011e+00,9.832649097566930e-01,-1.816460954050145e-01,1.374078269540611e-02,-2.450337911191748e-03
1609045607027830601,0,1609045607027830601,3.567616102755606e-01,-4.159406718512978e+00,4.854505068863175e+00,9.833893890728340e-01,-1.815004675066903e-01,-2.903360374371074e-04,-1.674950292845343e-03
1609045607130829096,0,1609045607130829096,2.359830124433722e-01,-4.241631028456959e+00,4.859338657533177e+00,9.832801089143236e-01,-1.813183441908072e-01,-1.559673760003177e-02,6.373950836272991e-03
1609045607233910799,0,1609045607233910799,1.241767937515738e-01,-4.319305297255897e+00,4.858793710541704e+00,9.831152063139204e-01,-1.801415193661382e-01,-2.758508755176762e-02,1.651021075712946e-02
1609045607336893559,0,1609045607336893559,1.804118996482847e-02,-4.390819036805480e+00,4.865762536709402e+00,9.827287248873516e-01,-1.795275509271400e-01,-3.211127638654310e-02,3.135247466941502e-02
1609045607439994097,0,1609045607439994097,-7.584396554019543e-02,-4.452275320681083e+00,4.873111427767881e+00,9.823171364284236e-01,-1.786843785565149e-01,-3.382527834669322e-02,4.450603198880417e-02
1609045607543001890,0,1609045607543001890,-1.633894443363065e-01,-4.503019065822536e+00,4.880915337690746e+00,9.819169996879613e-01,-1.787891894048317e-01,-3.354713429364915e-02,5.242157243087681e-02
1609045607646212339,0,1609045607646212339,-2.433610333895039e-01,-4.540539900917381e+00,4.887041518485198e+00,9.817993742784489e-01,-1.790960419953345e-01,-3.219441731121792e-02,5.438856407122286e-02
1609045607748981237,0,1609045607748981237,-3.160482904909867e-01,-4.565819431386187e+00,4.890943231051894e+00,9.820319502190199e-01,-1.788637935403600e-01,-2.987886931021470e-02,5.223260741921770e-02
1609045607852142096,0,1609045607852142096,-3.816350155617476e-01,-4.579806031068228e+00,4.890693880380824e+00,9.823976159202462e-01,-1.790063783089042e-01,-2.777237828899580e-02,4.561069789868986e-02
1609045607923017263,0,1609045607923017263,-4.291070813611485e-01,-4.586112657374455e+00,4.889735318053148e+00,9.828240164093890e-01,-1.793915143969802e-01,-2.522362402540642e-02,3.520520021229922e-02
1609045608025014400,0,1609045608025014400,-4.881026145074436e-01,-4.587787499130452e+00,4.886100472871458e+00,9.832396570958848e-01,-1.802038686456252e-01,-2.208639453956261e-02,1.668932638090696e-02
1609045608128249645,0,1609045608128249645,-5.426715896461420e-01,-4.583488244208462e+00,4.889611257306618e+00,9.832502046971964e-01,-1.809480881965584e-01,-2.183320836969585e-02,-3.679033915431679e-04
1609045608230923414,0,1609045608230923414,-5.918617577133194e-01,-4.578264088209117e+00,4.890129318271295e+00,9.830660756631191e-01,-1.814377694641346e-01,-2.072965722508450e-02,-1.522195792968570e-02
1609045608333987474,0,1609045608333987474,-6.356799327066260e-01,-4.576651354843402e+00,4.884667049241779e+00,9.828644218817182e-01,-1.814895718556109e-01,-2.019439784411938e-02,-2.512468511612590e-02
1609045608436642885,0,1609045608436642885,-6.754410890487822e-01,-4.578841935073040e+00,4.877159106778795e+00,9.827986210218723e-01,-1.813051524576973e-01,-1.978020813328192e-02,-2.905263457399851e-02
1609045608539830923,0,1609045608539830923,-7.110581382631407e-01,-4.586804642343878e+00,4.871577783106465e+00,9.827532583464302e-01,-1.815646939733568e-01,-1.785248846981353e-02,-3.019244552799812e-02
1609045608643067837,0,1609045608643067837,-7.442517428620615e-01,-4.596609227492724e+00,4.871830112491825e+00,9.828032388086756e-01,-1.814626601545826e-01,-1.761974349279635e-02,-2.930258343113472e-02
1609045608746087790,0,1609045608746087790,-7.780785112039209e-01,-4.612154159863908e+00,4.875501108112831e+00,9.829560213098907e-01,-1.809374000482627e-01,-1.720650118468862e-02,-2.762342757656037e-02
1609045608849391460,0,1609045608849391460,-8.097478160065859e-01,-4.633278868653290e+00,4.877190281427528e+00,9.829442830901964e-01,-1.810947308858204e-01,-1.677938523762174e-02,-2.727062552328436e-02
1609045608952615499,0,1609045608952615499,-8.405462333086604e-01,-4.660180329897000e+00,4.879699966961960e+00,9.829837163376589e-01,-1.810719837259982e-01,-1.568811316389399e-02,-2.664269561409020e-02
1609045609023042440,0,1609045609023042440,-8.652373696977687e-01,-4.683248648457925e+00,4.881877737738905e+00,9.830834121421745e-01,-1.807842107570667e-01,-1.503912478219970e-02,-2.525665530746760e-02
1609045609124579430,0,1609045609124579430,-8.967124021575409e-01,-4.719474856027602e+00,4.883722459670623e+00,9.831441686934259e-01,-1.806848949664799e-01,-1.406931590772468e-02,-2.413641739454378e-02
1609045609227383375,0,1609045609227383375,-9.283010757617177e-01,-4.757441585005584e+00,4.882803279981586e+00,9.831678107776962e-01,-1.807433112692165e-01,-1.391608072954126e-02,-2.278714503508820e-02
1609045609330548525,0,1609045609330548525,-9.612353512052870e-01,-4.798707944318696e+00,4.884142251720395e+00,9.833231170101484e-01,-1.805579975518385e-01,-1.773943899406931e-02,-1.263999119388137e-02
1609045609433485746,0,1609045609433485746,-9.928695335288057e-01,-4.845013104592145e+00,4.881428608914666e+00,9.832536846447953e-01,-1.801390381172152e-01,-2.635420908377384e-02,8.220355338792647e-03
1609045609536940336,0,1609045609536940336,-1.016485594001060e+00,-4.883039043483870e+00,4.873766514229652e+00,9.828850528753419e-01,-1.782834674316079e-01,-3.107606509709387e-02,3.444207096806548e-02
1609045609640206099,0,1609045609640206099,-1.032526519894655e+00,-4.912567621744985e+00,4.864513855211233e+00,9.815551301829905e-01,-1.768750494627833e-01,-3.300628338493798e-02,6.461678223025694e-02
1609045609743356943,0,1609045609743356943,-1.039639700642930e+00,-4.925812379058536e+00,4.871739755677480e+00,9.796470221362030e-01,-1.754502394438071e-01,-3.760739363032433e-02,8.997004747582804e-02
1609045609846439362,0,1609045609846439362,-1.036144644766696e+00,-4.921001243464924e+00,4.881098693372383e+00,9.780464675047857e-01,-1.744477951153915e-01,-4.287236455232326e-02,1.056173969484593e-01
1609045609949492216,0,1609045609949492216,-1.019768471224872e+00,-4.898221074196011e+00,4.889844412373526e+00,9.776597965156808e-01,-1.741357749781351e-01,-4.556333742788981e-02,1.085450893951492e-01
1609045610052340746,0,1609045610052340746,-9.932184548361145e-01,-4.852498861126116e+00,4.894052642159039e+00,9.779466354913492e-01,-1.742973791486472e-01,-4.570229146124434e-02,1.056035146571423e-01
1609045610122465134,0,1609045610122465134,-9.627762295037466e-01,-4.803596294153873e+00,4.896347758215350e+00,9.785661371879476e-01,-1.749404673223332e-01,-4.524165883209171e-02,9.877925059398776e-02
1609045610224142790,0,1609045610224142790,-9.122628927654609e-01,-4.718425747222351e+00,4.891532659325511e+00,9.797993759743683e-01,-1.758258503299049e-01,-4.256408125241393e-02,8.524524727414072e-02
1609045610327397823,0,1609045610327397823,-8.530407790750402e-01,-4.613341045070181e+00,4.878127168853899e+00,9.810378607369032e-01,-1.766074677550532e-01,-4.159182390259587e-02,6.815158338624315e-02
1609045610430534601,0,1609045610430534601,-7.825677620928881e-01,-4.498391576005951e+00,4.874624256160959e+00,9.815852816753428e-01,-1.777392108960593e-01,-4.726695579549244e-02,5.162308202635502e-02
1609045610533804417,0,1609045610533804417,-7.030029230803168e-01,-4.376034896632765e+00,4.865587371904200e+00,9.819675164029424e-01,-1.779906674287595e-01,-5.218606255816316e-02,3.654769366277031e-02
1609045610636989832,0,1609045610636989832,-6.161763387616399e-01,-4.248234761550350e+00,4.857269233564566e+00,9.820125453308433e-01,-1.782598042345306e-01,-5.655818756369294e-02,2.599950819355851e-02
1609045610740292788,0,1609045610740292788,-5.190186639101853e-01,-4.118647967319170e+00,4.850822845791815e+00,9.817669083278662e-01,-1.788354171520504e-01,-6.158570413241084e-02,1.894287017853698e-02
1609045610843289375,0,1609045610843289375,-4.114704118541468e-01,-3.988076099937480e+00,4.841111457467663e+00,9.816634515669745e-01,-1.789961055608606e-01,-6.506057148448120e-02,8.023969682293138e-03
1609045610946244478,0,1609045610946244478,-2.957680313519478e-01,-3.857609100273100e+00,4.836785352622404e+00,9.812020897712400e-01,-1.794291573560280e-01,-7.100937111023006e-02,-2.303417738349470e-03
1609045611049401283,0,1609045611049401283,-1.667748059957899e-01,-3.732748305339557e+00,4.841249657663142e+00,9.803620625274103e-01,-1.802233595530049e-01,-7.942788886181087e-02,-1.004875609598264e-02
1609045611152494192,0,1609045611152494192,-2.442955157660835e-02,-3.614028303798192e+00,4.839783751713461e+00,9.795433526845683e-01,-1.810014229004664e-01,-8.572992496871183e-02,-1.958788105006172e-02
1609045611222759485,0,1609045611222759485,9.906788029942003e-02,-3.518975045346861e+00,4.830054432342259e+00,9.793630810741978e-01,-1.818795032558390e-01,-8.314794571401692e-02,-2.922705677095784e-02
1609045611324515581,0,1609045611324515581,2.800498892249413e-01,-3.399643195199971e+00,4.836025437084296e+00,9.798169038140337e-01,-1.816147617919447e-01,-7.621230744798047e-02,-3.415548993471717e-02
1609045611427344084,0,1609045611427344084,4.711092878597234e-01,-3.294154235388535e+00,4.846000455956349e+00,9.802967621238035e-01,-1.811648350628482e-01,-6.775481106152313e-02,-4.008548719857850e-02
1609045611530442953,0,1609045611530442953,6.694519212203472e-01,-3.202200673809548e+00,4.858081843864882e+00,9.806880930648565e-01,-1.812611402139159e-01,-5.424841548945084e-02,-4.952143561875329e-02
1609045611633621931,0,1609045611633621931,8.689436126853254e-01,-3.124365272432331e+00,4.873270084626884e+00,9.805458987169846e-01,-1.818990532612103e-01,-3.726919450692612e-02,-6.366696217404873e-02
1609045611736869335,0,1609045611736869335,1.064508837814186e+00,-3.061564167019375e+00,4.889745750113551e+00,9.797394082961906e-01,-1.827794061659393e-01,-2.183049968654091e-02,-7.890380089820775e-02
1609045611839879274,0,1609045611839879274,1.255174751869814e+00,-3.019613136193584e+00,4.903142303257757e+00,9.782588688925127e-01,-1.836330305269132e-01,-1.061607402463193e-02,-9.579036749400030e-02
1609045611942836761,0,1609045611942836761,1.434807046477649e+00,-2.999935899808416e+00,4.906133921986689e+00,9.767017042641317e-01,-1.844862812292752e-01,-3.192263971463273e-03,-1.095828562146338e-01
1609045612045880795,0,1609045612045880795,1.604631942726977e+00,-2.999396545554396e+00,4.899049903281368e+00,9.752312468766242e-01,-1.852588171032848e-01,3.263031918106965e-03,-1.207995795660839e-01
1609045612149094582,0,1609045612149094582,1.765210704660626e+00,-3.020700819692792e+00,4.893789743374473e+00,9.749025875707384e-01,-1.863085986344357e-01,3.720419282574889e-03,-1.218203977287762e-01
1609045612252487898,0,1609045612252487898,1.913449017014974e+00,-3.067232335052358e+00,4.872265855303339e+00,9.758088332761274e-01,-1.860803716726421e-01,-7.732334091180039e-04,-1.147633142089986e-01
1609045612321800947,0,1609045612321800947,2.033715721045952e+00,-3.106573118071057e+00,4.860806122103261e+00,9.770228486763345e-01,-1.856207247030769e-01,-6.574080812272405e-03,-1.045374630754134e-01
1609045612424602747,0,1609045612424602747,2.200843570750575e+00,-3.179514155877994e+00,4.855701857566431e+00,9.787763729275297e-01,-1.838271341206845e-01,-1.502604448959543e-02,-8.932309077997234e-02
1609045612527913809,0,1609045612527913809,2.364863830040585e+00,-3.267897142578042e+00,4.863274271845015e+00,9.800606112729970e-01,-1.825646677715192e-01,-2.156518399926638e-02,-7.540744758601979e-02
1609045612630872011,0,1609045612630872011,2.522611257537323e+00,-3.367481682933767e+00,4.881368717994023e+00,9.806710287418025e-01,-1.813831753915708e-01,-2.422135346205671e-02,-6.926617578240121e-02
1609045612733546495,0,1609045612733546495,2.678489504385912e+00,-3.481979714940711e+00,4.909511051034992e+00,9.807907537847120e-01,-1.810634230793784e-01,-2.387882652292638e-02,-6.852252007018757e-02
1609045612836927176,0,1609045612836927176,2.825556898106690e+00,-3.614637899779015e+00,4.925076295117742e+00,9.803545158664686e-01,-1.818749995701094e-01,-2.051793605480699e-02,-7.352225548317015e-02
1609045612939670086,0,1609045612939670086,2.964485255492558e+00,-3.762898232131109e+00,4.936689642878258e+00,9.802960702059216e-01,-1.822773990242805e-01,-1.288777098492292e-02,-7.502312911694051e-02
1609045613043363810,0,1609045613043363810,3.094949764406580e+00,-3.942320787494109e+00,4.937654924265830e+00,9.813797273882642e-01,-1.841181950019670e-01,2.411906506281763e-03,-5.466720815302343e-02
1609045613146393299,0,1609045613146393299,3.232555990101756e+00,-4.109937779892527e+00,4.924640166555405e+00,9.814154441833080e-01,-1.844047968545744e-01,2.548801068272117e-02,-4.657207453644081e-02
1609045613249974012,0,1609045613249974012,3.349556126649323e+00,-4.263895912618764e+00,4.944452832955442e+00,9.806399444908337e-01,-1.849177126981400e-01,5.875336683602876e-02,-2.643446017267130e-02
1609045613352571249,0,1609045613352571249,3.441249797542719e+00,-4.407780724534347e+00,4.962050081379882e+00,9.785914814553427e-01,-1.848527359629956e-01,9.014571965357407e-02,-7.869412802560465e-03
1609045613422655106,0,1609045613422655106,3.489368961345759e+00,-4.510185769473807e+00,4.974264699293568e+00,9.765607715974365e-01,-1.847790779178237e-01,1.103603293580128e-01,2.519810416084981e-03
1609045613524703026,0,1609045613524703026,3.545117959058593e+00,-4.660360345606226e+00,4.981847488328663e+00,9.754706994984047e-01,-1.850114865705460e-01,1.190285601086049e-01,7.737320932043898e-03
1609045613627605677,0,1609045613627605677,3.573171944992464e+00,-4.799086998226404e+00,4.972464645275058e+00,9.758410567058080e-01,-1.856831687187751e-01,1.149843515614619e-01,5.881479194889325e-03
1609045613730954885,0,1609045613730954885,3.582128043906458e+00,-4.930711206085244e+00,4.971437803210752e+00,9.768897157205422e-01,-1.865893773850928e-01,1.042632472581500e-01,2.506737943841923e-04
1609045613833865643,0,1609045613833865643,3.576890084405478e+00,-5.058476885926409e+00,4.975335335358132e+00,9.785246171003240e-01,-1.865928934398413e-01,8.738985056115846e-02,-5.973262508523257e-03
1609045613937116861,0,1609045613937116861,3.559268368017539e+00,-5.185410382170924e+00,4.986874849124081e+00,9.799435729635126e-01,-1.858224840433209e-01,7.122382947171339e-02,-1.038096077178350e-02
1609045614040197134,0,1609045614040197134,3.528503108176906e+00,-5.307528762681467e+00,5.002732907208824e+00,9.806023205887306e-01,-1.855596548605640e-01,6.163613217844709e-02,-1.370002021138162e-02
1609045614142787457,0,1609045614142787457,3.481708626029330e+00,-5.425617731222063e+00,5.023758136142628e+00,9.808135397026722e-01,-1.849021481974395e-01,6.042864251826680e-02,-1.282088495281454e-02
1609045614246221066,0,1609045614246221066,3.418296298407873e+00,-5.534614330402899e+00,5.045012143885562e+00,9.806277761786615e-01,-1.844347939770888e-01,6.504791594610432e-02,-1.103358456154307e-02
1609045614349284410,0,1609045614349284410,3.330187339105346e+00,-5.631684288909032e+00,5.059410722696216e+00,9.801089312731565e-01,-1.841644644607021e-01,7.347296342417949e-02,-8.465017061329278e-03
1609045614452042341,0,1609045614452042341,3.223763998686666e+00,-5.722072391711097e+00,5.069840720305264e+00,9.795150119945024e-01,-1.845186665322237e-01,8.037693029000335e-02,-6.538505595412305e-03
1609045614522446632,0,1609045614522446632,3.127739761896601e+00,-5.794571650784778e+00,5.079567808400694e+00,9.794076749716364e-01,-1.841918245705662e-01,8.251740235686142e-02,-4.985606881892938e-03
1609045614624336720,0,1609045614624336720,2.980887408495773e+00,-5.888734012653554e+00,5.077863305250801e+00,9.795544554499863e-01,-1.844580904632171e-01,8.008837050829784e-02,-5.842480616651314e-03
1609045614727519035,0,1609045614727519035,2.813923920530216e+00,-5.976103450490168e+00,5.066112044772140e+00,9.802245433825327e-01,-1.845744625907525e-01,7.132062354150742e-02,-2.341146551875489e-03
1609045614831250429,0,1609045614831250429,2.637417590123142e+00,-6.064553136583853e+00,5.042057838309154e+00,9.812697387007510e-01,-1.844597135479917e-01,5.473805210918518e-02,9.384009746968363e-03
1609045614933285475,0,1609045614933285475,2.461981624705424e+00,-6.138816671650059e+00,5.014815460243243e+00,9.817916947167413e-01,-1.843371889723327e-01,3.923336124054295e-02,2.378260524969470e-02
1609045615036461592,0,1609045615036461592,2.283508739374634e+00,-6.198241295087792e+00,5.000242412597382e+00,9.816836740248064e-01,-1.841345223865999e-01,2.616964045399815e-02,4.131333606490264e-02
1609045615139898062,0,1609045615139898062,2.106471314233421e+00,-6.248868814726555e+00,4.997935265083343e+00,9.809499078910430e-01,-1.842844734468524e-01,1.543140219940962e-02,5.948430785355509e-02
1609045615242444038,0,1609045615242444038,1.934804981940681e+00,-6.284829924506644e+00,5.002840883819815e+00,9.800870882473319e-01,-1.836482883476391e-01,8.241517052936444e-03,7.506452580414183e-02
1609045615345480204,0,1609045615345480204,1.761786557234345e+00,-6.301928641258631e+00,5.010479197907837e+00,9.791299133991133e-01,-1.837903800975447e-01,6.698926776266025e-03,8.649181030811323e-02
1609045615448714018,0,1609045615448714018,1.585717495467672e+00,-6.297891954802378e+00,5.011546654592970e+00,9.784311089541735e-01,-1.839729654768937e-01,5.986023539976075e-03,9.375862907597493e-02
1609045615552026987,0,1609045615552026987,1.405014396021016e+00,-6.271911119341090e+00,5.002372166129425e+00,9.780365136396488e-01,-1.840444326559205e-01,4.801011757624250e-03,9.771988068836450e-02
1609045615622221708,0,1609045615622221708,1.265605579377831e+00,-6.243377301012821e+00,4.999806246562161e+00,9.777487622195918e-01,-1.840394330600917e-01,-4.984709299861325e-04,1.006806663833372e-01
1609045615723775625,0,1609045615723775625,1.082791453722496e+00,-6.183575771401681e+00,4.989311717926883e+00,9.774328027945711e-01,-1.845808188659685e-01,-9.855121159821088e-03,1.022639423967606e-01
1609045615827029705,0,1609045615827029705,9.107893481702974e-01,-6.100218248451388e+00,4.981978242706602e+00,9.771653436203150e-01,-1.843641565693442e-01,-2.026403279341737e-02,1.036683074738782e-01
1609045615930410147,0,1609045615930410147,7.541487453469427e-01,-5.994796125003981e+00,4.971242870013794e+00,9.770982953390972e-01,-1.839021181286430e-01,-2.787470728539741e-02,1.033534367433826e-01
1609045616033741474,0,1609045616033741474,6.111554821937283e-01,-5.868747731968739e+00,4.965302756032665e+00,9.768551389553312e-01,-1.841242234226012e-01,-3.331822620359114e-02,1.036446025990604e-01
1609045616136708736,0,1609045616136708736,4.829009694580085e-01,-5.723394762972736e+00,4.957076582113865e+00,9.769775931192687e-01,-1.838199934164901e-01,-3.507289007988069e-02,1.024445457033820e-01
1609045616239618063,0,1609045616239618063,3.671078952624270e-01,-5.558696296844829e+00,4.943900002212028e+00,9.771899769818636e-01,-1.838135096715930e-01,-3.527766471859299e-02,1.003385714472955e-01
1609045616342848063,0,1609045616342848063,2.601374640272531e-01,-5.371707900447372e+00,4.922433237534623e+00,9.783081563021578e-01,-1.839875701283733e-01,-3.535316350673246e-02,8.838483569414370e-02
1609045616445874929,0,1609045616445874929,1.644817538016196e-01,-5.165949741537632e+00,4.881566509294191e+00,9.807388710785662e-01,-1.846830086071393e-01,-3.451607029385847e-02,5.340499956474709e-02
1609045616549202442,0,1609045616549202442,8.198920905078348e-02,-4.957163961920117e+00,4.881306015000916e+00,9.814648006938052e-01,-1.839828776503813e-01,-4.361989171696310e-02,3.121619414407475e-02
1609045616651848078,0,1609045616651848078,1.529130063217654e-02,-4.758296281209632e+00,4.872807058333764e+00,9.809787416563186e-01,-1.853386255887778e-01,-5.764214245044478e-02,2.772308903587099e-03
1609045616722223520,0,1609045616722223520,-2.893730091880613e-02,-4.605702162291052e+00,4.834283731665792e+00,9.806395288203872e-01,-1.854664080528686e-01,-5.930486810900690e-02,-2.076676713296640e-02
1609045616824004889,0,1609045616824004889,-8.463938810566939e-02,-4.393681964776029e+00,4.814696328831340e+00,9.804541554752597e-01,-1.845749452643846e-01,-5.971057377536213e-02,-3.280832167373995e-02
1609045616926972151,0,1609045616926972151,-1.313559155027984e-01,-4.189524789697016e+00,4.796617749867440e+00,9.804476932793065e-01,-1.840813806750927e-01,-5.919897467085938e-02,-3.649448492091268e-02
1609045617029834747,0,1609045617029834747,-1.693160053744408e-01,-4.000936953492135e+00,4.786509509013285e+00,9.805207605833886e-01,-1.837802255134125e-01,-5.983084676249104e-02,-3.498766283391345e-02
1609045617133290291,0,1609045617133290291,-1.951719328563981e-01,-3.826174785162949e+00,4.782493926280483e+00,9.804773595272277e-01,-1.839494218324751e-01,-6.237524680193953e-02,-3.059552660267091e-02
1609045617236531496,0,1609045617236531496,-2.119201113583956e-01,-3.663045233091780e+00,4.778399557362065e+00,9.804284798949818e-01,-1.840111981933263e-01,-6.470766034974508e-02,-2.669819173684328e-02
1609045617339609146,0,1609045617339609146,-2.173730312312286e-01,-3.511800398213169e+00,4.776457221147710e+00,9.803922786419670e-01,-1.840081232325854e-01,-6.627777577293636e-02,-2.406755080831173e-02
1609045617443227768,0,1609045617443227768,-2.097215620761840e-01,-3.369739691864519e+00,4.775975942745401e+00,9.801762792241681e-01,-1.841357425827796e-01,-6.899739409014977e-02,-2.424560905003664e-02
1609045617546554804,0,1609045617546554804,-1.919112594554481e-01,-3.235916402290818e+00,4.777743929015705e+00,9.799255632916913e-01,-1.842292426117098e-01,-7.151402052351924e-02,-2.629109055218690e-02
1609045617649642706,0,1609045617649642706,-1.606791062022557e-01,-3.110862045765834e+00,4.782108036291232e+00,9.796048080924982e-01,-1.843909965908118e-01,-7.388038971330341e-02,-3.026662111637284e-02
1609045617752659559,0,1609045617752659559,-1.166921811749614e-01,-2.996975423587340e+00,4.786999648588540e+00,9.792326302737245e-01,-1.845961722340784e-01,-7.614564550143627e-02,-3.506493511448841e-02
1609045617822777271,0,1609045617822777271,-7.109805405651708e-02,-2.911503499362285e+00,4.786513852061129e+00,9.790094974396495e-01,-1.847237145563184e-01,-7.570278279673712e-02,-4.106874578063487e-02
1609045617924408674,0,1609045617924408674,2.307189307534219e-03,-2.805280224513457e+00,4.797571007435760e+00,9.792984450238033e-01,-1.840871254284394e-01,-7.043845083543887e-02,-4.609675117665506e-02
1609045618027489424,0,1609045618027489424,8.706654224685872e-02,-2.713555218060443e+00,4.810583487642442e+00,9.797785893702849e-01,-1.843460552608310e-01,-6.004135617199708e-02,-4.945182777265703e-02
1609045618130669355,0,1609045618130669355,1.787471438769136e-01,-2.635324154625119e+00,4.827002468668132e+00,9.804471516481296e-01,-1.842319961935174e-01,-4.488560093554225e-02,-5.260453622987404e-02
1609045618233101368,0,1609045618233101368,2.715242317017451e-01,-2.572321700152016e+00,4.842888012622008e+00,9.809048199230065e-01,-1.843872625283650e-01,-2.828504607250460e-02,-5.501843179761545e-02
1609045618336553812,0,1609045618336553812,3.638808106559346e-01,-2.520368818846711e+00,4.857035610502711e+00,9.810799950806062e-01,-1.844433766668911e-01,-1.329245829776809e-02,-5.732359556446328e-02
1609045618439510822,0,1609045618439510822,4.512642706665433e-01,-2.481189380077132e+00,4.866768628665375e+00,9.809914345341444e-01,-1.845839098493374e-01,-2.346587297663895e-03,-5.982540533176839e-02
1609045618542391777,0,1609045618542391777,5.351564016369272e-01,-2.453274605836449e+00,4.874491148915568e+00,9.808640170515770e-01,-1.844608793695706e-01,3.454814853438200e-03,-6.219347465497432e-02
1609045618646107435,0,1609045618646107435,6.148259955076011e-01,-2.438128157540336e+00,4.879480416920905e+00,9.808709844782816e-01,-1.841831656786004e-01,4.576944345749622e-03,-6.283092287524440e-02
1609045618748860359,0,1609045618748860359,6.895611112311151e-01,-2.432109649029620e+00,4.882596410158544e+00,9.808304984863208e-01,-1.841318299197306e-01,4.068066676451800e-03,-6.364317153226677e-02
1609045618852395535,0,1609045618852395535,7.634759115029470e-01,-2.440273785994226e+00,4.895010947872275e+00,9.810981718735878e-01,-1.841768631872465e-01,3.586741044080963e-03,-5.926546634572552e-02
1609045618922611952,0,1609045618922611952,8.175833500153306e-01,-2.451952682658223e+00,4.898350531881055e+00,9.814320906956949e-01,-1.841449239717289e-01,2.630689081089173e-03,-5.361695443388871e-02
1609045619024542332,0,1609045619024542332,8.854287266291959e-01,-2.479435893497299e+00,4.904193253483951e+00,9.819489747936772e-01,-1.842284463993953e-01,5.905139923214379e-03,-4.244077945895045e-02
1609045619127447605,0,1609045619127447605,9.513951847702666e-01,-2.510015386182057e+00,4.914402015325753e+00,9.824130572666782e-01,-1.836446743505798e-01,1.272255359886418e-02,-3.126267941518950e-02
1609045619230468035,0,1609045619230468035,1.009320469127893e+00,-2.543232127604488e+00,4.928968122208852e+00,9.826033652020222e-01,-1.833559922204370e-01,2.096606292119285e-02,-2.077573141409609e-02
1609045619333577156,0,1609045619333577156,1.058008805403273e+00,-2.577018831156225e+00,4.941041261512820e+00,9.825645366077428e-01,-1.833524920956794e-01,2.765444813453385e-02,-1.356563825163585e-02
1609045619436170101,0,1609045619436170101,1.095251027027435e+00,-2.610450769374030e+00,4.949908443377337e+00,9.825652805928717e-01,-1.831143353970715e-01,3.035652691527278e-02,-1.063441671490550e-02
1609045619539561272,0,1609045619539561272,1.123159700771049e+00,-2.644244236369115e+00,4.957935335200420e+00,9.825876562345167e-01,-1.829826150099657e-01,3.061858226498251e-02,-1.006791137428299e-02
1609045619642582893,0,1609045619642582893,1.146448879773459e+00,-2.678110230107247e+00,4.967852280017518e+00,9.825765328226911e-01,-1.829826933866177e-01,3.016408118751023e-02,-1.228084984496011e-02
1609045619745675802,0,1609045619745675802,1.163759556294586e+00,-2.713892583226597e+00,4.984063453123646e+00,9.825672665178040e-01,-1.832883770552388e-01,2.868211048857117e-02,-1.201141714339464e-02
1609045619848598957,0,1609045619848598957,1.174200919848308e+00,-2.750351081065665e+00,4.998670261596319e+00,9.825078682717814e-01,-1.835215690279889e-01,2.907703316818457e-02,-1.235510531582049e-02
1609045619952078581,0,1609045619952078581,1.174574994752581e+00,-2.783988081862536e+00,5.010481320390438e+00,9.824240963713476e-01,-1.835485747741189e-01,3.165993541698137e-02,-1.226637910752896e-02
1609045620022343159,0,1609045620022343159,1.168612183490324e+00,-2.808412214704948e+00,5.011693211458092e+00,9.823468824352815e-01,-1.837512592539851e-01,3.295708786693988e-02,-1.199615151932416e-02
1609045620123911858,0,1609045620123911858,1.146015977838940e+00,-2.838662877292346e+00,4.998318576651683e+00,9.824604338097496e-01,-1.840030197095651e-01,2.682863220216989e-02,-1.395024121534703e-02
1609045620227031231,0,1609045620227031231,1.113328635584953e+00,-2.868386723843977e+00,4.981860202551419e+00,9.826470321678646e-01,-1.838414268643644e-01,1.679930754649585e-02,-1.802562636379258e-02
1609045620330204964,0,1609045620330204964,1.089376801660114e+00,-2.905361371609782e+00,4.978344530407713e+00,9.828598497750802e-01,-1.833080723813824e-01,1.214330018618608e-03,-1.957528294100878e-02
1609045620433520317,0,1609045620433520317,1.064619958437534e+00,-2.942720901479535e+00,4.983111928780859e+00,9.828874424055790e-01,-1.825280636682547e-01,-1.204395808748548e-02,-2.169618879458870e-02
1609045620536261082,0,1609045620536261082,1.041542709134834e+00,-2.983101450101345e+00,4.988941316424016e+00,9.827529390288352e-01,-1.827992121941687e-01,-1.738186333528089e-02,-2.188560435667715e-02
1609045620639750481,0,1609045620639750481,1.017549520028638e+00,-3.024487838577376e+00,4.994059508578674e+00,9.828025485784082e-01,-1.822741537054099e-01,-1.850035438861819e-02,-2.308723209792340e-02
1609045620743080616,0,1609045620743080616,9.949602501459738e-01,-3.066519405835733e+00,5.001473816844667e+00,9.828505246259497e-01,-1.820010361388171e-01,-1.800381101490922e-02,-2.358668852376756e-02
1609045620846197605,0,1609045620846197605,9.703738690993775e-01,-3.109972858155386e+00,5.006933542111374e+00,9.830281445889272e-01,-1.812934398824717e-01,-1.583052391822537e-02,-2.318943970412462e-02
1609045620949503422,0,1609045620949503422,9.463745209763147e-01,-3.157721362256203e+00,5.012891313882797e+00,9.837366910704627e-01,-1.775704363008190e-01,-1.404186492422940e-02,-2.310170605838839e-02
1609045621052797079,0,1609045621052797079,9.236145013666732e-01,-3.207210173857487e+00,5.016794863636734e+00,9.849829686888482e-01,-1.706654900966051e-01,-1.184826257983638e-02,-2.326930502856599e-02
1609045621122987270,0,1609045621122987270,9.096326236845497e-01,-3.247652342138815e+00,5.019978626035122e+00,9.864294600636572e-01,-1.620262916983790e-01,-1.115483181698743e-02,-2.408258382754907e-02
1609045621224517107,0,1609045621224517107,8.883971670065802e-01,-3.306999175089163e+00,5.022469632042390e+00,9.877572965277253e-01,-1.536842959173901e-01,-1.121301726416521e-02,-2.430902277201880e-02
1609045621327445030,0,1609045621327445030,8.674225699085690e-01,-3.373217345006357e+00,5.023996698169290e+00,9.889187764657272e-01,-1.465026067380681e-01,-1.241308763569975e-02,-2.055614330338918e-02
1609045621430269003,0,1609045621430269003,8.473181760647379e-01,-3.442002429809253e+00,5.018599349657408e+00,9.897313366856175e-01,-1.415104983211676e-01,-1.429215575714306e-02,-1.422653615221162e-02
1609045621533523321,0,1609045621533523321,8.308630185045345e-01,-3.509880375055611e+00,5.012467804890335e+00,9.901789962242732e-01,-1.388587710341752e-01,-1.557340684946336e-02,-4.611522736595581e-03
1609045621636841297,0,1609045621636841297,8.130929429801087e-01,-3.574471655358671e+00,5.009243135954913e+00,9.904566302590354e-01,-1.368541393882118e-01,-1.562367226299755e-02,4.744362225416450e-03
1609045621739537239,0,1609045621739537239,7.986603687843449e-01,-3.635224681224233e+00,5.010841646746480e+00,9.906660201618191e-01,-1.343220515020222e-01,-1.646472049665984e-02,1.635041148339451e-02
1609045621842803478,0,1609045621842803478,7.868213732812003e-01,-3.689861426318980e+00,5.008547565740231e+00,9.909189564654981e-01,-1.311741812781992e-01,-1.707093099618626e-02,2.411512384222662e-02
1609045621946041584,0,1609045621946041584,7.770449116281005e-01,-3.738930959856890e+00,5.008259070280181e+00,9.911483902267822e-01,-1.280360921053310e-01,-1.770724288792748e-02,3.029985508614885e-02
1609045622049296856,0,1609045622049296856,7.710715869003775e-01,-3.780194270241608e+00,5.009674762687339e+00,9.913675345434591e-01,-1.254029661267660e-01,-1.897364504559630e-02,3.323414408701451e-02
1609045622152443886,0,1609045622152443886,7.675162685394122e-01,-3.811501288332176e+00,5.011547996405409e+00,9.916742258016416e-01,-1.221670328479140e-01,-1.969394631149221e-02,3.563136882316149e-02
1609045622222718954,0,1609045622222718954,7.688580047038350e-01,-3.828934917645073e+00,5.007351086981842e+00,9.922761399901919e-01,-1.174027172890472e-01,-1.980420834972816e-02,3.482035770397569e-02
1609045622324644566,0,1609045622324644566,7.743124211956315e-01,-3.845881258081466e+00,4.998797449633755e+00,9.932791604916593e-01,-1.100054530231818e-01,-1.842096776572809e-02,3.091888717922249e-02
1609045622427648306,0,1609045622427648306,7.851223580628872e-01,-3.853871902225285e+00,4.992631020708878e+00,9.944746995733897e-01,-1.005591759965156e-01,-1.710861462831316e-02,2.480361539162077e-02
1609045622530510902,0,1609045622530510902,7.970098953543565e-01,-3.851243109460753e+00,4.988243552032551e+00,9.956882947885236e-01,-8.989792097510033e-02,-1.639311792797720e-02,1.595146105386577e-02
1609045622633618116,0,1609045622633618116,8.137247064041199e-01,-3.843226747230449e+00,4.984569550758198e+00,9.968053691298205e-01,-7.823438919868275e-02,-1.535983432008099e-02,4.744671749183840e-03
1609045622736802816,0,1609045622736802816,8.308318026594692e-01,-3.833840654966128e+00,4.984796789590819e+00,9.976487914006263e-01,-6.650211398545318e-02,-1.566042688287116e-02,-5.395264762423219e-03
1609045622839442968,0,1609045622839442968,8.486201840820938e-01,-3.822269336416499e+00,4.984631414458446e+00,9.982835493979203e-01,-5.486210434146595e-02,-1.625748436910329e-02,-1.248193536198941e-02
1609045622942328215,0,1609045622942328215,8.667375029980845e-01,-3.811533948444076e+00,4.979495282680145e+00,9.987598538633481e-01,-4.355044414666422e-02,-1.523305389749435e-02,-1.871008268618028e-02
1609045623045605898,0,1609045623045605898,8.873905684947940e-01,-3.802751337374962e+00,4.976549596137447e+00,9.991569997584913e-01,-3.198390304933642e-02,-1.551633456968280e-02,-2.053200283798740e-02
1609045623148704767,0,1609045623148704767,9.087371025455853e-01,-3.799572310031826e+00,4.969523197249274e+00,9.994667032065625e-01,-2.065807519979995e-02,-1.705471716330162e-02,-1.867323572925133e-02
1609045623251776934,0,1609045623251776934,9.303294681877815e-01,-3.795000662906483e+00,4.960903267365568e+00,9.996915864625867e-01,-9.301061302741106e-03,-1.468840331068691e-02,-1.773338722345215e-02
1609045623322275639,0,1609045623322275639,9.546306823111674e-01,-3.790632733695841e+00,4.962497814935615e+00,9.997934980588488e-01,1.673049624759581e-03,-1.383712329515664e-02,-1.478837931598452e-02
1609045623423926830,0,1609045623423926830,9.815478488773707e-01,-3.795021219124715e+00,4.964939255288085e+00,9.997964359146417e-01,1.067374005389198e-02,-1.425984077841530e-02,-9.477074774970480e-03
1609045623527055264,0,1609045623527055264,1.008407029756453e+00,-3.801361629431827e+00,4.962401355078102e+00,9.997526960840722e-01,1.647383457242619e-02,-1.330545633366642e-02,-6.791485738587550e-03
1609045623630032301,0,1609045623630032301,1.035377892726504e+00,-3.808645758856462e+00,4.959707067209353e+00,9.997497825838106e-01,1.786738957668182e-02,-1.305398438685911e-02,-3.274462496713683e-03
1609045623732984304,0,1609045623732984304,1.060438233150293e+00,-3.813322235674044e+00,4.954221309025090e+00,9.997412486408314e-01,1.834229078417758e-02,-1.328691618885269e-02,-2.110448465655497e-03
1609045623836217880,0,1609045623836217880,1.084881783951149e+00,-3.818052530405257e+00,4.948894866850586e+00,9.997313265297885e-01,1.796267969803217e-02,-1.464825929396728e-02,-2.130548965350712e-04
1609045623939331532,0,1609045623939331532,1.110857248980485e+00,-3.818277450471357e+00,4.939658993969017e+00,9.997205048414488e-01,1.804126028786000e-02,-1.522084854735369e-02,1.323214253218240e-03
1609045624042483807,0,1609045624042483807,1.139270018010273e+00,-3.816122181469765e+00,4.928234512172029e+00,9.997076072113716e-01,1.829565627012254e-02,-1.575559601477700e-02,1.315385592164337e-03
1609045624145771027,0,1609045624145771027,1.170074883548970e+00,-3.810991491056883e+00,4.914654952842104e+00,9.997288671037338e-01,1.861022130842751e-02,-1.353823862966670e-02,-3.545142708013716e-03
1609045624248919487,0,1609045624248919487,1.201736717079891e+00,-3.803706514387126e+00,4.902943716619530e+00,9.997148660771176e-01,1.873647998536985e-02,-1.026497592184230e-02,-1.066588632839547e-02
1609045624351865530,0,1609045624351865530,1.237489541247432e+00,-3.799557124019752e+00,4.900729181048757e+00,9.996659582790077e-01,1.817036583378718e-02,-1.070204936647636e-02,-1.494241622413098e-02
1609045624422103882,0,1609045624422103882,1.266591823384981e+00,-3.796690888448175e+00,4.885352343123118e+00,9.995970052031381e-01,1.787235481964409e-02,-4.896910884283625e-03,-2.150410159917242e-02
1609045624523913622,0,1609045624523913622,1.300825291545419e+00,-3.796357915478512e+00,4.866939942838013e+00,9.996187405169410e-01,1.726285023631108e-02,1.156348866665111e-03,-2.151814271775819e-02
1609045624627230883,0,1609045624627230883,1.328682290928890e+00,-3.799213010683715e+00,4.831045032839100e+00,9.996940668776023e-01,1.702135285714370e-02,4.473132610981813e-03,-1.737921980290760e-02
1609045624730246544,0,1609045624730246544,1.356944315987076e+00,-3.800486367827650e+00,4.796554331576832e+00,9.997158654196243e-01,1.805899835849339e-02,4.833651953734084e-03,-1.478840136901314e-02
1609045624833407164,0,1609045624833407164,1.386808335554373e+00,-3.806150103058487e+00,4.784193951148420e+00,9.997945018105416e-01,1.875179031455244e-02,-3.757980314964695e-05,-7.702148846309947e-03
1609045624936428308,0,1609045624936428308,1.416519059865535e+00,-3.814451088157690e+00,4.778604486180905e+00,9.998094879403185e-01,1.897349941600881e-02,-2.400502933536857e-03,-3.902784874598340e-03
1609045625039354324,0,1609045625039354324,1.443337326589597e+00,-3.820702589306509e+00,4.772564293368252e+00,9.998134459476795e-01,1.929540466331042e-02,1.876755150141287e-04,8.517268865641667e-04
1609045625142584801,0,1609045625142584801,1.463751275579902e+00,-3.825021267204330e+00,4.761852406129665e+00,9.997959107857868e-01,1.893901321876287e-02,5.049693140866967e-03,4.893991539045519e-03
1609045625245675087,0,1609045625245675087,1.479968574929952e+00,-3.823475421777397e+00,4.748580769013256e+00,9.997675055345099e-01,1.926966050460621e-02,9.496497411467878e-03,1.852457270183524e-03
1609045625348845959,0,1609045625348845959,1.492622059328619e+00,-3.820273838662732e+00,4.751082121201990e+00,9.997778232131432e-01,1.928549835607354e-02,8.459908809527652e-03,8.964970528217402e-04
1609045625452105999,0,1609045625452105999,1.502793036817536e+00,-3.815933586398411e+00,4.753018497254078e+00,9.997845438467641e-01,1.911645363265039e-02,6.695281329525341e-03,-4.538754590435663e-03
1609045625522482395,0,1609045625522482395,1.509852010604145e+00,-3.808840345504670e+00,4.746577580110544e+00,9.997148029839540e-01,2.180481766814503e-02,5.667732817251537e-03,-7.920822281178359e-03
1609045625624257088,0,1609045625624257088,1.514487183752988e+00,-3.800517794641894e+00,4.737196173141244e+00,9.995818754743674e-01,2.608793637582624e-02,5.721783486551018e-03,-1.107948519634661e-02
1609045625727507353,0,1609045625727507353,1.517762082290830e+00,-3.790188346247480e+00,4.725712122419711e+00,9.994106052505799e-01,3.111278168257623e-02,4.961977446847234e-03,-1.363142355532068e-02
1609045625830501080,0,1609045625830501080,1.519917543478417e+00,-3.784157143163546e+00,4.721536723568466e+00,9.992786213589162e-01,3.525563124956124e-02,1.474652922761704e-03,-1.403932899619286e-02
1609045625933464527,0,1609045625933464527,1.521999824855871e+00,-3.780641715692118e+00,4.713945837522670e+00,9.991131548407329e-01,3.887805195693933e-02,-1.282333747426094e-03,-1.611696373633316e-02
1609045626036391258,0,1609045626036391258,1.523379900602048e+00,-3.776913023821586e+00,4.709316036571144e+00,9.989707341370746e-01,4.211811849829850e-02,-2.197534374001720e-03,-1.669452827004290e-02
1609045626139267445,0,1609045626139267445,1.521336100738184e+00,-3.775061418582994e+00,4.709166315808392e+00,9.988222967630875e-01,4.517776021950011e-02,-2.327215160664390e-03,-1.753777465194242e-02
1609045626242436886,0,1609045626242436886,1.518747439932369e+00,-3.776187173478080e+00,4.709719286051124e+00,9.986397973466719e-01,4.860213423807032e-02,-1.505576636305113e-03,-1.881810143402882e-02
1609045626345605612,0,1609045626345605612,1.513660839670320e+00,-3.778270709820523e+00,4.707196467184515e+00,9.984992204452338e-01,5.149499381945404e-02,-1.824638625485056e-03,-1.855378870654087e-02
1609045626448648453,0,1609045626448648453,1.508224125581451e+00,-3.781176400776375e+00,4.702592003454478e+00,9.983541811306658e-01,5.400932358990627e-02,-2.082938134933896e-04,-1.928415405591067e-02
1609045626551717043,0,1609045626551717043,1.502872016388931e+00,-3.787660656227370e+00,4.702730522890083e+00,9.982490815936143e-01,5.620203981633450e-02,-1.858340713971523e-04,-1.844091330094853e-02
1609045626622062206,0,1609045626622062206,1.499403031639301e+00,-3.791836717267536e+00,4.702456469220527e+00,9.981103233432320e-01,5.843397406524629e-02,9.808704949025929e-04,-1.898133302404282e-02
1609045626724179506,0,1609045626724179506,1.490648394407768e+00,-3.801525130826389e+00,4.702843255757163e+00,9.979604680587719e-01,6.094549147743113e-02,3.483457507774086e-03,-1.866592574638541e-02
1609045626827156305,0,1609045626827156305,1.476761450642575e+00,-3.811944613352769e+00,4.697909704824645e+00,9.978246609411014e-01,6.292414035993658e-02,5.971507600264008e-03,-1.873071473292666e-02
1609045626930238008,0,1609045626930238008,1.461644976582919e+00,-3.824615618880396e+00,4.696093229272500e+00,9.976356476587792e-01,6.580196982973956e-02,6.443948266749162e-03,-1.875342148506714e-02
1609045627033162355,0,1609045627033162355,1.441787070273605e+00,-3.838600648609204e+00,4.688425559017317e+00,9.973715715247646e-01,6.940321549976912e-02,4.565872696355309e-03,-2.030504367692221e-02
1609045627136499643,0,1609045627136499643,1.422417532820385e+00,-3.855265627940530e+00,4.685436209865336e+00,9.970134386435374e-01,7.402561270923737e-02,1.179856663730025e-03,-2.197771064403778e-02
1609045627239482403,0,1609045627239482403,1.402069533673654e+00,-3.874508758276955e+00,4.681848498610328e+00,9.965952022944370e-01,7.888705102780812e-02,-4.601889470409863e-03,-2.352995020899101e-02
1609045627342535973,0,1609045627342535973,1.383914959069977e+00,-3.897823237465941e+00,4.684512230602894e+00,9.961114415359354e-01,8.430729058236630e-02,-1.121928898598845e-02,-2.298704744416832e-02
1609045627445788383,0,1609045627445788383,1.370396674879650e+00,-3.925408632601707e+00,4.687966630699123e+00,9.957012974543739e-01,8.882844531657845e-02,-1.651551256578918e-02,-2.038802086268003e-02
1609045627548691750,0,1609045627548691750,1.356981785816344e+00,-3.952919942709000e+00,4.692067249747683e+00,9.954442802980904e-01,9.264744545596068e-02,-1.819112281101542e-02,-1.327474003014628e-02
1609045627651696444,0,1609045627651696444,1.343659485776479e+00,-3.977979405705180e+00,4.689111889413167e+00,9.952091987053595e-01,9.618564848007734e-02,-1.504243925989777e-02,-8.983143075068752e-03
1609045627721985102,0,1609045627721985102,1.338045582885498e+00,-3.994221718112540e+00,4.692663930519511e+00,9.949235023033942e-01,9.993012929362718e-02,-1.125839838359848e-02,-3.800301202989710e-03
1609045627823759317,0,1609045627823759317,1.326682809845948e+00,-4.020928959173173e+00,4.700978809776138e+00,9.945459274062523e-01,1.035364406031420e-01,-1.258357978356547e-02,5.072143434577798e-04
1609045627926971436,0,1609045627926971436,1.315128203900055e+00,-4.044275382807767e+00,4.702289649283563e+00,9.941124091134413e-01,1.078220625778940e-01,-1.057279961665143e-02,-1.771094597909232e-03
1609045628030304670,0,1609045628030304670,1.305379311089194e+00,-4.063527774805411e+00,4.709576425071216e+00,9.935221719804479e-01,1.130431636930718e-01,-1.108326468028574e-02,-3.478242261765705e-03
1609045628133358479,0,1609045628133358479,1.298208803294039e+00,-4.082665263730492e+00,4.718840243874788e+00,9.928142828812184e-01,1.187786692026001e-01,-1.277364994541322e-02,-6.947036510157282e-03
1609045628236566782,0,1609045628236566782,1.292608591509847e+00,-4.098620384770737e+00,4.724367617671387e+00,9.920643079906217e-01,1.246170332898250e-01,-1.279019597857976e-02,-1.074312392425605e-02
1609045628339786530,0,1609045628339786530,1.288379266320977e+00,-4.114923788090042e+00,4.734867503365373e+00,9.913601613823674e-01,1.296373657555402e-01,-1.422136464840210e-02,-1.403341053057524e-02
1609045628442883968,0,1609045628442883968,1.286484123749700e+00,-4.130001086759497e+00,4.741769780815414e+00,9.907087474965492e-01,1.341761282583969e-01,-1.393221554433992e-02,-1.728692017461527e-02
1609045628545758724,0,1609045628545758724,1.288816205009748e+00,-4.146833447481221e+00,4.747737865042854e+00,9.902677860361822e-01,1.371444583902499e-01,-1.444780861570502e-02,-1.877152891323592e-02
1609045628648630619,0,1609045628648630619,1.293296877519200e+00,-4.167687352696150e+00,4.753339109614844e+00,9.901127853725717e-01,1.379413245966463e-01,-1.610667078114687e-02,-1.973419282189067e-02
1609045628751776695,0,1609045628751776695,1.298463180702847e+00,-4.190759184790979e+00,4.754311915222812e+00,9.900776206829373e-01,1.381589299349658e-01,-1.526636648862412e-02,-2.062409163983072e-02
1609045628821957111,0,1609045628821957111,1.302837386825453e+00,-4.207024087737817e+00,4.757112078525405e+00,9.900536861092353e-01,1.384834504347501e-01,-1.503660904134259e-02,-1.974672037159887e-02
1609045628923882484,0,1609045628923882484,1.308428050599696e+00,-4.231425184802731e+00,4.761282862368583e+00,9.897919981557504e-01,1.402209826810732e-01,-1.588012471820522e-02,-1.994236799958466e-02
1609045629027129173,0,1609045629027129173,1.316775304449822e+00,-4.257047335905529e+00,4.764055940168707e+00,9.889176633112330e-01,1.460020865754189e-01,-1.614771839823029e-02,-2.155219471196405e-02
1609045629130209446,0,1609045629130209446,1.327950609334154e+00,-4.284150376063383e+00,4.767767909666301e+00,9.875618779635718e-01,1.548939261095731e-01,-1.715131377203401e-02,-2.086243713032113e-02
1609045629233487129,0,1609045629233487129,1.342010274255244e+00,-4.312957253024166e+00,4.766675376376364e+00,9.859343089777547e-01,1.649178890560198e-01,-1.665341377437990e-02,-2.140775698718354e-02
1609045629336808920,0,1609045629336808920,1.357902388702725e+00,-4.338744773223049e+00,4.765991462996794e+00,9.841010165819638e-01,1.754690832243213e-01,-1.504844518774281e-02,-2.300726606732242e-02
1609045629439416170,0,1609045629439416170,1.377015403690927e+00,-4.367247202306911e+00,4.770111815336668e+00,9.822738301151234e-01,1.855653496219264e-01,-1.691758969256037e-02,-2.043083085320638e-02
1609045629542219400,0,1609045629542219400,1.397053137847662e+00,-4.396768965423036e+00,4.771026213268537e+00,9.804087069596116e-01,1.949914007136733e-01,-1.648835488474596e-02,-2.247788064741275e-02
1609045629645322561,0,1609045629645322561,1.419466940335062e+00,-4.425403069253233e+00,4.774963760483862e+00,9.783472931750644e-01,2.051925554347822e-01,-1.551529462242115e-02,-2.217802434058077e-02
1609045629748570681,0,1609045629748570681,1.443064373759683e+00,-4.457709671559499e+00,4.778988026350281e+00,9.762984273563274e-01,2.145053111032114e-01,-1.711726112711475e-02,-2.314846909166381e-02
1609045629851791620,0,1609045629851791620,1.469139379815189e+00,-4.491819353441539e+00,4.783008028666569e+00,9.741366904490417e-01,2.239873971216796e-01,-1.699263497601643e-02,-2.446639752645358e-02
1609045629922169685,0,1609045629922169685,1.495470904276169e+00,-4.514609290735574e+00,4.786673434300792e+00,9.719051015496560e-01,2.333667835597266e-01,-1.804063255709892e-02,-2.479825577314849e-02
1609045630023896933,0,1609045630023896933,1.526242309780950e+00,-4.553188842870727e+00,4.786501692308645e+00,9.695478108416836e-01,2.428286770936573e-01,-1.758365940388537e-02,-2.649699973062181e-02
1609045630126922131,0,1609045630126922131,1.559351179662853e+00,-4.595897535126233e+00,4.792039599205927e+00,9.671276787405554e-01,2.522916577081860e-01,-1.881059232463323e-02,-2.567360669777780e-02
1609045630230124712,0,1609045630230124712,1.594228655784866e+00,-4.638009121757910e+00,4.791643314159372e+00,9.646008902009361e-01,2.617033368398073e-01,-1.881370940296936e-02,-2.650529095653044e-02
1609045630333358765,0,1609045630333358765,1.631668270381938e+00,-4.681498413672342e+00,4.789258473128927e+00,9.619254907815855e-01,2.712784392263365e-01,-1.858208442575945e-02,-2.760551998501235e-02
1609045630436259031,0,1609045630436259031,1.673326477582926e+00,-4.724882764636797e+00,4.787938293317407e+00,9.591239967438853e-01,2.810563354269852e-01,-1.752434915512696e-02,-2.795339644483123e-02
1609045630539333344,0,1609045630539333344,1.715929809095239e+00,-4.771271995463754e+00,4.787072167874823e+00,9.561616787808286e-01,2.908742699708666e-01,-1.900445538363948e-02,-2.803272686058374e-02
1609045630642457962,0,1609045630642457962,1.760324652064428e+00,-4.816673194680458e+00,4.784939537369728e+00,9.531640846603056e-01,3.004632580523767e-01,-1.784385692870321e-02,-2.969267660333207e-02
1609045630745545864,0,1609045630745545864,1.810461582934115e+00,-4.866041207137323e+00,4.790474303918890e+00,9.506464799742513e-01,3.087404433429493e-01,-1.669483525579213e-02,-2.592086480962878e-02
1609045630848502159,0,1609045630848502159,1.869766893979358e+00,-4.923538437917701e+00,4.798207567547477e+00,9.482423765682406e-01,3.165593418844720e-01,-1.777943886170932e-02,-1.762015605445532e-02
1609045630951203346,0,1609045630951203346,1.924181890434539e+00,-4.976252745637896e+00,4.788774615181712e+00,9.473882547008921e-01,3.196698952423935e-01,-8.822857076213581e-03,-1.374081959946279e-02
1609045631021478653,0,1609045631021478653,1.963342001038737e+00,-5.013668322092713e+00,4.790099959633116e+00,9.473429026380554e-01,3.202081742373462e-01,1.196333458910557e-03,-2.592056882425276e-03
1609045631123376846,0,1609045631123376846,2.018215364158772e+00,-5.067294747035125e+00,4.787953903565109e+00,9.474155063463058e-01,3.199647590290803e-01,4.112221738708555e-03,3.082360482519485e-03
1609045631226686716,0,1609045631226686716,2.069475941665084e+00,-5.116412497526153e+00,4.781211448885696e+00,9.474144338713539e-01,3.199335725713231e-01,5.645575326549985e-03,4.065355204810058e-03
1609045631330044746,0,1609045631330044746,2.116490597709577e+00,-5.162973721831565e+00,4.787593328063801e+00,9.474879008277763e-01,3.197693043354128e-01,1.026310073543567e-03,3.635447316500309e-03
1609045631433180094,0,1609045631433180094,2.161821634874314e+00,-5.204908248818728e+00,4.793067170982609e+00,9.474997189594138e-01,3.197507689235699e-01,-1.722941030706253e-04,1.923189823814873e-03
1609045631536739349,0,1609045631536739349,2.203019314761321e+00,-5.244047018924229e+00,4.795367350056820e+00,9.475125913653465e-01,3.197066983033446e-01,-1.436784082280339e-04,2.737813060667095e-03
1609045631639342070,0,1609045631639342070,2.239942328238731e+00,-5.280858838692598e+00,4.797238380084902e+00,9.473902590342804e-01,3.200778576600178e-01,-6.681167615628703e-05,1.362959527078140e-03
1609045631742444754,0,1609045631742444754,2.274518698077423e+00,-5.313824706145703e+00,4.798470085451590e+00,9.473579966394596e-01,3.201719197953143e-01,-8.924331483657962e-04,-1.404115617964494e-03
1609045631845500231,0,1609045631845500231,2.310180257167548e+00,-5.344163174908457e+00,4.805750553877878e+00,9.473843771433659e-01,3.200766271166947e-01,-3.614606371461915e-03,-8.540133469038367e-04
1609045631948265553,0,1609045631948265553,2.347138237064705e+00,-5.372747477227776e+00,4.813257332094358e+00,9.473904033913104e-01,3.200468231880033e-01,-2.605016167589249e-03,-3.829937313307968e-03
1609045632052022457,0,1609045632052022457,2.377391442493520e+00,-5.395250662671283e+00,4.816548042612457e+00,9.472464347389158e-01,3.204140924756378e-01,5.116178071279161e-03,-5.729392560301402e-03
1609045632122370243,0,1609045632122370243,2.403556398654410e+00,-5.415572525958237e+00,4.821651812938320e+00,9.474295090773996e-01,3.199118983927722e-01,2.577296814238092e-03,-5.201935886010848e-03
1609045632223931313,0,1609045632223931313,2.434092330643801e+00,-5.443663765460122e+00,4.817889252581114e+00,9.474084465820344e-01,3.199197638801807e-01,4.276443562582759e-03,-7.091689083884363e-03
1609045632327203035,0,1609045632327203035,2.461764824743756e+00,-5.469221333268222e+00,4.817773769640938e+00,9.473010715249224e-01,3.202601058125938e-01,5.962843276344675e-03,-4.311497703121684e-03
1609045632430352926,0,1609045632430352926,2.486677764467289e+00,-5.493752279084045e+00,4.817949707322713e+00,9.472619302560890e-01,3.203653950810022e-01,7.531655007235817e-03,-2.030589741467363e-03
1609045632533509254,0,1609045632533509254,2.505718739224089e+00,-5.514198411744752e+00,4.818048336568469e+00,9.472595471179559e-01,3.203195990751523e-01,9.708777478001304e-03,6.666947168319783e-04
1609045632636512995,0,1609045632636512995,2.521657995701995e+00,-5.532060862729278e+00,4.823205616332239e+00,9.472659192645495e-01,3.202752955905591e-01,1.040565534944845e-02,1.653956093523168e-03
1609045632738713264,0,1609045632738713264,2.532245509282789e+00,-5.550113968654421e+00,4.825510364180189e+00,9.473509953878376e-01,3.200847600936770e-01,8.109588054433254e-03,2.464239188119847e-03
1609045632842573881,0,1609045632842573881,2.539812697263577e+00,-5.565249592676831e+00,4.830526058518521e+00,9.473928883091609e-01,3.199978965949191e-01,6.235936664442254e-03,3.028935409158073e-03
1609045632944933176,0,1609045632944933176,2.544012221578809e+00,-5.578269070038457e+00,4.837224426273123e+00,9.473423254548080e-01,3.201722504605934e-01,4.539699088799135e-03,3.411681227738512e-03
1609045633048544645,0,1609045633048544645,2.544874500600469e+00,-5.587182873738758e+00,4.843651631287829e+00,9.471901805892267e-01,3.205633954658080e-01,5.950259051548609e-03,5.870749504188574e-03
1609045633151946783,0,1609045633151946783,2.543698873559444e+00,-5.596022559545476e+00,4.850971788548541e+00,9.472629084446675e-01,3.203463573106814e-01,4.736028887888395e-03,6.983099085742234e-03
1609045633221997499,0,1609045633221997499,2.540961335364343e+00,-5.599162845806320e+00,4.851682033606771e+00,9.472179298174658e-01,3.204330681860100e-01,6.740192741270581e-03,7.443926837836048e-03
1609045633323982000,0,1609045633323982000,2.532189913137302e+00,-5.600693032136359e+00,4.853072401734348e+00,9.472545682878034e-01,3.204168798543559e-01,5.293751882833365e-03,3.712432225850803e-03
1609045633427236557,0,1609045633427236557,2.518333972338063e+00,-5.598207395267770e+00,4.851909990182735e+00,9.472330463707463e-01,3.205197185953654e-01,3.689867959218531e-03,-1.746633598930292e-03
1609045633529631853,0,1609045633529631853,2.505189482708084e+00,-5.598158907928288e+00,4.863182210534208e+00,9.473459114909357e-01,3.201332979858775e-01,-2.176602293393389e-03,-6.757063289066619e-03
1609045633633506298,0,1609045633633506298,2.489946323656144e+00,-5.595507132050521e+00,4.856284263605456e+00,9.473774357126952e-01,3.198595052303929e-01,-4.622205307255200e-03,-1.202191474133279e-02
1609045633736067772,0,1609045633736067772,2.474982627162303e+00,-5.592389289264506e+00,4.855935193140174e+00,9.473036681914672e-01,3.199411198773368e-01,-6.456793902233250e-03,-1.455162722428356e-02
1609045633839325190,0,1609045633839325190,2.462727104256204e+00,-5.589544020230540e+00,4.857621661811764e+00,9.472721423495136e-01,3.199721275148622e-01,-6.024587126690216e-03,-1.603216429157971e-02
1609045633942538977,0,1609045633942538977,2.450524934447565e+00,-5.587039233660101e+00,4.865549027735726e+00,9.474411279043374e-01,3.196762463140324e-01,-3.718921385383019e-03,-1.218918870963558e-02
1609045634044994831,0,1609045634044994831,2.436459605133622e+00,-5.582739055936115e+00,4.869016769996271e+00,9.472411194908238e-01,3.203421892491459e-01,3.473579767526792e-03,-1.015271274964584e-02
1609045634148497581,0,1609045634148497581,2.420368008652003e+00,-5.575573495796201e+00,4.869632955604855e+00,9.471958000406242e-01,3.202745288746002e-01,1.364903391204068e-02,-7.618819630717593e-03
1609045634251782179,0,1609045634251782179,2.398742689385602e+00,-5.570549568891701e+00,4.868086955010086e+00,9.470677941263042e-01,3.204322049086463e-01,1.885749497241326e-02,-5.494567246694740e-03
1609045634321898699,0,1609045634321898699,2.377672953786790e+00,-5.569537163006984e+00,4.862936085210262e+00,9.471701247319738e-01,3.199744855438294e-01,2.101175458553323e-02,-6.602240919588424e-03
1609045634423744678,0,1609045634423744678,2.345279092732590e+00,-5.567453306813524e+00,4.856696992787892e+00,9.470897483419733e-01,3.200520077557741e-01,2.197265874302007e-02,-1.024320186963622e-02
1609045634527071953,0,1609045634527071953,2.311874822660189e+00,-5.567616253716710e+00,4.858517528644102e+00,9.471576920324867e-01,3.196841836689996e-01,2.289965671727657e-02,-1.303590647222954e-02
1609045634630204201,0,1609045634630204201,2.272125739279489e+00,-5.570791559999513e+00,4.857201048160692e+00,9.472186215320778e-01,3.193233512269723e-01,2.506618116158020e-02,-1.345982710750326e-02
1609045634733306885,0,1609045634733306885,2.225489339447096e+00,-5.579034414216959e+00,4.845237940770005e+00,9.472557614735357e-01,3.193112868951198e-01,2.462157795183938e-02,-1.185758472366515e-02
1609045634836772203,0,1609045634836772203,2.168265098623006e+00,-5.588475841367138e+00,4.818857242820751e+00,9.473311967691487e-01,3.193177222187381e-01,2.248705724253583e-02,-9.701966877028239e-03
1609045634939376593,0,1609045634939376593,2.106505078701912e+00,-5.594465544587532e+00,4.787883451786176e+00,9.473841805521634e-01,3.197066502293398e-01,1.466270568590267e-02,-5.989766302081046e-03
1609045635042447805,0,1609045635042447805,2.041727676839207e+00,-5.598381050056423e+00,4.771122796395755e+00,9.474441421134605e-01,3.198471923730380e-01,3.771115923075690e-03,-5.757585467203942e-03
1609045635145627499,0,1609045635145627499,1.978930127939978e+00,-5.600761496441816e+00,4.769821968963734e+00,9.472022076189561e-01,3.205096506151207e-01,-6.045862231904772e-03,-6.707405904394319e-03
1609045635248580456,0,1609045635248580456,1.916826450730549e+00,-5.601157441153355e+00,4.772174454418550e+00,9.470624337886945e-01,3.206855565939406e-01,-1.273737626518735e-02,-8.442721355891782e-03
1609045635351661444,0,1609045635351661444,1.855769752731423e+00,-5.605012369340645e+00,4.779348589902486e+00,9.466864222613843e-01,3.213844432654268e-01,-1.838466711020377e-02,-1.260402903453768e-02
1609045635421773195,0,1609045635421773195,1.814465342775963e+00,-5.606665053948101e+00,4.781936554662890e+00,9.460657946359560e-01,3.230343136282920e-01,-1.981451886300230e-02,-1.468772550495805e-02
1609045635523413420,0,1609045635523413420,1.757921482029010e+00,-5.609203243318933e+00,4.783639977422709e+00,9.456481107667731e-01,3.241396135354088e-01,-1.995824740991586e-02,-1.687690434943846e-02
1609045635626742840,0,1609045635626742840,1.703673469427005e+00,-5.611840604600421e+00,4.785323522210967e+00,9.458379942036343e-01,3.237612463120979e-01,-1.946351128485999e-02,-1.379550055249413e-02
1609045635730052948,0,1609045635730052948,1.655830019681752e+00,-5.614022433076938e+00,4.792114561466317e+00,9.459946229931738e-01,3.235908991662632e-01,-1.917004565200120e-02,-3.951277542755270e-03
1609045635833421469,0,1609045635833421469,1.607598624055759e+00,-5.615488923083247e+00,4.784768576317063e+00,9.460366097168150e-01,3.237294330698356e-01,-1.087399737557992e-02,9.784856698979305e-03
1609045635936934948,0,1609045635936934948,1.555756403995620e+00,-5.604937362185833e+00,4.762667931413557e+00,9.457997280656859e-01,3.240834716868491e-01,1.089382648032516e-03,2.077476872233085e-02
1609045636039696217,0,1609045636039696217,1.498900280130599e+00,-5.585000798746995e+00,4.746139735046254e+00,9.455169378187548e-01,3.244434121388328e-01,4.019786226468328e-03,2.679615524654979e-02
1609045636142713308,0,1609045636142713308,1.444018568336712e+00,-5.563198977693286e+00,4.746798529301299e+00,9.457752887924843e-01,3.239179817960733e-01,-2.462195281641140e-03,2.408696271417533e-02
1609045636245707273,0,1609045636245707273,1.389386248442314e+00,-5.539188203004210e+00,4.752466009208582e+00,9.458813422439474e-01,3.238378363331728e-01,-6.504795052384229e-03,1.988038719220936e-02
1609045636348991871,0,1609045636348991871,1.335416304415835e+00,-5.508537327612904e+00,4.751728901718749e+00,9.459800434186173e-01,3.236598933058519e-01,-8.441073531637438e-03,1.716913499090518e-02
1609045636451604128,0,1609045636451604128,1.278755375230056e+00,-5.471528056017804e+00,4.746589818325877e+00,9.459869058782440e-01,3.238153972709422e-01,-8.067309386132296e-03,1.368506178952647e-02
1609045636521892786,0,1609045636521892786,1.235844523469580e+00,-5.441219124291378e+00,4.749505711521008e+00,9.460677699920398e-01,3.234622917779286e-01,-9.424763457109433e-03,1.546267161852818e-02
1609045636623689890,0,1609045636623689890,1.175320597501596e+00,-5.395257770677912e+00,4.751944457047091e+00,9.460662890723716e-01,3.233562945358520e-01,-1.205125036397270e-02,1.593897202725155e-02
1609045636726782084,0,1609045636726782084,1.111072918594366e+00,-5.339970444294948e+00,4.745734804417270e+00,9.459858122476911e-01,3.236061319912951e-01,-9.244768649337733e-03,1.744845597967332e-02
1609045636829904079,0,1609045636829904079,1.049166216372275e+00,-5.280061586331223e+00,4.737889614280012e+00,9.459043233657722e-01,3.238228234862499e-01,-7.945515081205168e-03,1.845694495774215e-02
1609045636933197975,0,1609045636933197975,9.865819467687293e-01,-5.216134616513568e+00,4.729351771624807e+00,9.459102195820104e-01,3.238293653779228e-01,-8.774291690338583e-03,1.764682448270058e-02
1609045637036308527,0,1609045637036308527,9.233207113879555e-01,-5.144793804933448e+00,4.712993683813889e+00,9.459250682658580e-01,3.240380391115514e-01,-9.347831088374422e-03,1.173594856247176e-02
1609045637139248371,0,1609045637139248371,8.588046862484704e-01,-5.067419648108811e+00,4.703613448905723e+00,9.459560681862010e-01,3.240596904856020e-01,-1.203178539223370e-02,2.769513332566401e-03
1609045637242501259,0,1609045637242501259,8.007885262394568e-01,-4.991292460172740e+00,4.707121291882443e+00,9.459023577617494e-01,3.237739751563561e-01,-2.029895002902641e-02,-5.205306876577331e-03
1609045637345614672,0,1609045637345614672,7.452086347003363e-01,-4.914557210266147e+00,4.708197743456579e+00,9.455700273754843e-01,3.241188481463934e-01,-2.542174242986311e-02,-1.407233516355631e-02
1609045637448683262,0,1609045637448683262,6.933226487238490e-01,-4.839280021599168e+00,4.708016936759686e+00,9.448704997071811e-01,3.258490853264385e-01,-2.628668478320434e-02,-1.873826507123706e-02
1609045637551905394,0,1609045637551905394,6.481096333643647e-01,-4.764783008118999e+00,4.706154595607607e+00,9.434334453096215e-01,3.299080700764196e-01,-2.606916065353194e-02,-2.035677853287818e-02
1609045637622192860,0,1609045637622192860,6.201038217492669e-01,-4.704238070906485e+00,4.704245021966927e+00,9.414409012671995e-01,3.356328326601056e-01,-2.530835293588950e-02,-1.997794617016553e-02
1609045637723958492,0,1609045637723958492,5.797828394604926e-01,-4.624005278264812e+00,4.698142824394003e+00,9.392343432316829e-01,3.418911547076044e-01,-2.470913661488182e-02,-1.840503720042062e-02
1609045637827444315,0,1609045637827444315,5.411648397170868e-01,-4.543095789797051e+00,4.693311952340696e+00,9.366563433752904e-01,3.490094413743255e-01,-2.411668924368309e-02,-1.690235327072062e-02
1609045637930515766,0,1609045637930515766,5.086199385460030e-01,-4.464009693144818e+00,4.687626929889939e+00,9.342812901504088e-01,3.553780332526967e-01,-2.363525609414114e-02,-1.631867106882436e-02
1609045638033695698,0,1609045638033695698,4.799270399719445e-01,-4.387072222591962e+00,4.684453826492378e+00,9.315914814498099e-01,3.623413312330412e-01,-2.366499860036754e-02,-1.691269379545590e-02
1609045638136438370,0,1609045638136438370,4.559049091643049e-01,-4.311778098709965e+00,4.684507781488986e+00,9.286339177919121e-01,3.697931675674264e-01,-2.408129911843919e-02,-1.766779497908780e-02
1609045638239493132,0,1609045638239493132,4.359715824698842e-01,-4.237730061792906e+00,4.685677352040194e+00,9.257920276078662e-01,3.768391064045664e-01,-2.407130300372882e-02,-1.794385335959578e-02
1609045638342511892,0,1609045638342511892,4.221309469039805e-01,-4.164657846294386e+00,4.691492828934260e+00,9.229628556149455e-01,3.837533598973661e-01,-2.388448256325152e-02,-1.739130285632141e-02
1609045638445697546,0,1609045638445697546,4.117602764234402e-01,-4.092422986893000e+00,4.697660734156364e+00,9.199900063985506e-01,3.908064950972759e-01,-2.383026721026840e-02,-1.791060805875057e-02
1609045638548931360,0,1609045638548931360,4.058818538254323e-01,-4.019321388821262e+00,4.704979435154510e+00,9.171733944110656e-01,3.973136314558940e-01,-2.414421810634193e-02,-1.875898652966296e-02
1609045638651968718,0,1609045638651968718,4.040382575883675e-01,-3.946208589301095e+00,4.714628097871431e+00,9.143882543434673e-01,4.036488662404205e-01,-2.422631521606622e-02,-1.935971984189192e-02
1609045638722301722,0,1609045638722301722,4.078163452285218e-01,-3.885761553721071e+00,4.719193033203855e+00,9.117894581032615e-01,4.095419347568477e-01,-2.287150107153220e-02,-1.980611536598642e-02
1609045638823771238,0,1609045638823771238,4.152433978330889e-01,-3.807552409336117e+00,4.730966156273708e+00,9.093666593665092e-01,4.148685689341378e-01,-2.311521897645004e-02,-2.005083525906194e-02
1609045638927141905,0,1609045638927141905,4.279560409876667e-01,-3.732456448808352e+00,4.742360535546227e+00,9.074131283498419e-01,4.190904731651949e-01,-2.316332598205437e-02,-2.068937238673675e-02
1609045639030056477,0,1609045639030056477,4.436416791034931e-01,-3.659118007605060e+00,4.755912935133151e+00,9.063203705015574e-01,4.214581810360354e-01,-2.307532673403783e-02,-2.058924349305783e-02
1609045639133260489,0,1609045639133260489,4.625428428408338e-01,-3.588115340372160e+00,4.772898929583812e+00,9.061638176381011e-01,4.218316953667580e-01,-2.329862956972511e-02,-1.955326692666884e-02
1609045639236591578,0,1609045639236591578,4.844261119513968e-01,-3.517529631319990e+00,4.784828642280543e+00,9.062222579394568e-01,4.217138106875907e-01,-2.281492192852843e-02,-1.995395769371222e-02
1609045639339314699,0,1609045639339314699,5.077304990877562e-01,-3.448722201663194e+00,4.793128110228029e+00,9.062955238353799e-01,4.216917396726259e-01,-2.164892714080453e-02,-1.832550466603745e-02
1609045639442445993,0,1609045639442445993,5.352116396445085e-01,-3.379588029439435e+00,4.800450308093852e+00,9.062412867076300e-01,4.218136021486094e-01,-2.151545490843425e-02,-1.836029707769072e-02
1609045639545608997,0,1609045639545608997,5.661540534056424e-01,-3.311519822671473e+00,4.811505282603727e+00,9.060802595528983e-01,4.221065920212137e-01,-2.241243668528260e-02,-1.850056492119480e-02
1609045639648883104,0,1609045639648883104,6.017059355152212e-01,-3.242851201330665e+00,4.830277819346347e+00,9.061713621923507e-01,4.219310758291173e-01,-2.027152248865845e-02,-2.041310774775266e-02
1609045639752080202,0,1609045639752080202,6.425245521220533e-01,-3.175385448456947e+00,4.849159406490060e+00,9.060601842657608e-01,4.222138939308487e-01,-1.816977428770322e-02,-2.145296161761203e-02
1609045639822178125,0,1609045639822178125,6.743281403371436e-01,-3.122007336684517e+00,4.856479910256149e+00,9.064025491560099e-01,4.215786060714986e-01,-1.361526784130339e-02,-2.281495710480098e-02
1609045639923898935,0,1609045639923898935,7.195659249139749e-01,-3.049858192454872e+00,4.867452528602938e+00,9.064650128360066e-01,4.214762209220214e-01,-6.568510948751487e-03,-2.521567697309172e-02
1609045640027047634,0,1609045640027047634,7.686207500561231e-01,-2.981422200438995e+00,4.884452075351190e+00,9.064355240917683e-01,4.214063794414688e-01,1.046018735391822e-04,-2.812993225636879e-02
1609045640130179405,0,1609045640130179405,8.157220958241334e-01,-2.919919971895570e+00,4.900820196201483e+00,9.064220225807449e-01,4.212650218235055e-01,7.998035800934925e-03,-2.951151964551032e-02
1609045640233175516,0,1609045640233175516,8.584180636527805e-01,-2.866061414959840e+00,4.910776074578443e+00,9.065449613087935e-01,4.206096730514028e-01,1.668404126469777e-02,-3.139074430615246e-02
1609045640336421013,0,1609045640336421013,8.976851892585412e-01,-2.817788928014858e+00,4.913654684014414e+00,9.064065378244254e-01,4.204311450994677e-01,2.434758422777429e-02,-3.274195414977080e-02
1609045640439403534,0,1609045640439403534,9.330834617665463e-01,-2.777797525878988e+00,4.913690596210787e+00,9.062517843563782e-01,4.203928367856099e-01,2.921265611838272e-02,-3.352889578438898e-02
1609045640542665243,0,1609045640542665243,9.627593987932034e-01,-2.745894523632090e+00,4.912783567405056e+00,9.063047263341369e-01,4.200281365921456e-01,3.209609155738204e-02,-3.402864090523175e-02
1609045640645681143,0,1609045640645681143,9.882064025586716e-01,-2.719747479924580e+00,4.913641108285496e+00,9.063538539259348e-01,4.197445956737157e-01,3.397123191010695e-02,-3.439653003728455e-02
1609045640748821020,0,1609045640748821020,1.010452706255142e+00,-2.699825546302027e+00,4.916595045510483e+00,9.063904336553673e-01,4.195450772966713e-01,3.589147651528582e-02,-3.391329838719860e-02
1609045640851919413,0,1609045640851919413,1.025702431367558e+00,-2.686518938511376e+00,4.919924874586707e+00,9.063589791374729e-01,4.195742270945451e-01,3.812744084887823e-02,-3.189305800621444e-02
1609045640922252178,0,1609045640922252178,1.031225525523657e+00,-2.679268393597972e+00,4.918187496029214e+00,9.064096803725531e-01,4.192343320247537e-01,4.243043804945533e-02,-2.938918347613784e-02
1609045641024075747,0,1609045641024075747,1.032540806969523e+00,-2.678103670385151e+00,4.916265602733342e+00,9.063958579363532e-01,4.191801870139027e-01,4.593479156346995e-02,-2.499028720543651e-02
1609045641127133131,0,1609045641127133131,1.026024076882079e+00,-2.684490705161273e+00,4.913667606976158e+00,9.064786981097548e-01,4.190064868432695e-01,4.803038166391050e-02,-2.056735990596352e-02
1609045641230174303,0,1609045641230174303,1.008435870995952e+00,-2.696651837608399e+00,4.909553046296440e+00,9.065458492911509e-01,4.189157822756754e-01,4.934363877887170e-02,-1.579227042519328e-02
1609045641333434105,0,1609045641333434105,9.804933463334981e-01,-2.716369599876659e+00,4.904467580496185e+00,9.067027231023759e-01,4.188703379987296e-01,4.799467148185069e-02,-1.158979605909996e-02
1609045641436473131,0,1609045641436473131,9.440222133050772e-01,-2.740128492756061e+00,4.892887067136019e+00,9.068318074101930e-01,4.191546424300065e-01,4.372733847765507e-02,-7.306070624684120e-03
1609045641539572477,0,1609045641539572477,8.975884844149179e-01,-2.767157026652551e+00,4.873231089229541e+00,9.070378844367381e-01,4.194927189872849e-01,3.603705627778945e-02,-3.076603287552110e-03
1609045641642764091,0,1609045641642764091,8.398819709443182e-01,-2.793731981024075e+00,4.853516079557464e+00,9.073134279035200e-01,4.196983654703126e-01,2.521057876832499e-02,-2.286601278928782e-04
1609045641745873451,0,1609045641745873451,7.811423927646470e-01,-2.818084994721642e+00,4.847735943420483e+00,9.073607195779567e-01,4.202049946852178e-01,1.079455097089398e-02,2.786517124129697e-03
1609045641848834038,0,1609045641848834038,7.215720647703463e-01,-2.841803196142960e+00,4.860709843155901e+00,9.071695302959344e-01,4.207349494612969e-01,-9.138931711303883e-04,4.970955994982078e-03
1609045641951683283,0,1609045641951683283,6.629719975405381e-01,-2.862593889368478e+00,4.870339872584188e+00,9.069187504847244e-01,4.211649859391639e-01,-6.428150537560786e-03,8.781430323981893e-03
1609045642022027493,0,1609045642022027493,6.147765343072247e-01,-2.878267441586688e+00,4.871918767294316e+00,9.067264621340565e-01,4.215089556200864e-01,-5.897129802754931e-03,1.193930725751128e-02
1609045642124178171,0,1609045642124178171,5.447864769821095e-01,-2.893884426381506e+00,4.870110056324187e+00,9.068790606778857e-01,4.211417970643034e-01,-4.796396489090215e-03,1.367298979525190e-02
1609045642227087975,0,1609045642227087975,4.707863029994062e-01,-2.902437337725798e+00,4.859812889815956e+00,9.068908429468728e-01,4.211493617575215e-01,-5.054742159279232e-03,1.251653513653946e-02
1609045642329728127,0,1609045642329728127,3.978775706845050e-01,-2.903807055086796e+00,4.849903990044040e+00,9.069844072191531e-01,4.209649534677548e-01,-9.492761079037276e-03,8.813654184625493e-03
1609045642433718681,0,1609045642433718681,3.252096410949732e-01,-2.900803111719595e+00,4.840311866472867e+00,9.069941946134598e-01,4.208330053537880e-01,-1.569513644643242e-02,3.843856668271452e-03
1609045642536873817,0,1609045642536873817,2.574855264984819e-01,-2.895656769137911e+00,4.833917747639837e+00,9.067861105575268e-01,4.210833196104162e-01,-2.068167545166346e-02,2.365293113703738e-04
1609045642639861822,0,1609045642639861822,1.935358072218539e-01,-2.887548329068214e+00,4.825117561557344e+00,9.065629303390494e-01,4.213178952216453e-01,-2.502074145763004e-02,-2.974390318454003e-03
1609045642743060589,0,1609045642743060589,1.356798566216028e-01,-2.876648659140348e+00,4.827464540142072e+00,9.066284698873053e-01,4.210648616632168e-01,-2.674471787536314e-02,-3.730941956655354e-03
1609045642845976591,0,1609045642845976591,8.183151230534444e-02,-2.862740989597981e+00,4.831788430689167e+00,9.065750924422010e-01,4.212872210693880e-01,-2.522654305600886e-02,-1.516790119701066e-03
1609045642948690891,0,1609045642948690891,3.066397867151112e-02,-2.843983040116187e+00,4.835096778516841e+00,9.066000348874032e-01,4.215598892073282e-01,-1.865970842392933e-02,3.930882213258803e-03
1609045643051927090,0,1609045643051927090,-2.004102928524538e-02,-2.820296845755666e+00,4.829554491723223e+00,9.066226594433894e-01,4.216766545063867e-01,-9.598980498805415e-03,1.148964756887813e-02
1609045643122093678,0,1609045643122093678,-6.335361991341393e-02,-2.799227194131012e+00,4.822625793487432e+00,9.064012909497119e-01,4.219957227891190e-01,-1.933108011566762e-03,1.877692215400616e-02
1609045643223948717,0,1609045643223948717,-1.237603299554788e-01,-2.765182537174612e+00,4.820067369283473e+00,9.061987100533000e-01,4.221288384091034e-01,2.853524430632041e-03,2.455603956699935e-02
1609045643327224016,0,1609045643327224016,-1.888554813674410e-01,-2.725659431100010e+00,4.817283664754798e+00,9.061962994753029e-01,4.218554807843390e-01,5.859363739606075e-03,2.849364851726885e-02
1609045643430447578,0,1609045643430447578,-2.584043252311738e-01,-2.676922826508025e+00,4.815111097229659e+00,9.060952962080199e-01,4.219534530551332e-01,6.560572513565207e-03,3.005921709931722e-02
1609045643533557177,0,1609045643533557177,-3.318671790227590e-01,-2.622688507603430e+00,4.817621652619362e+00,9.060385580712583e-01,4.221256385284791e-01,5.317044516509646e-03,2.959401328760053e-02
1609045643636763096,0,1609045643636763096,-4.087031790928125e-01,-2.562100737742348e+00,4.817445901723705e+00,9.061621844982937e-01,4.221719823338417e-01,2.898538356536196e-03,2.514977520315223e-02
1609045643739730358,0,1609045643739730358,-4.874247502548253e-01,-2.496695486601239e+00,4.816108665464824e+00,9.063416608413238e-01,4.221860815425790e-01,-6.346450295255236e-04,1.741561370086707e-02
1609045643842724800,0,1609045643842724800,-5.694699668549769e-01,-2.427627794668404e+00,4.812598370367287e+00,9.065008996786742e-01,4.221080748594729e-01,-5.172518637195577e-03,7.357789811474183e-03
1609045643945743322,0,1609045643945743322,-6.496926331146813e-01,-2.356088482765467e+00,4.817238947950061e+00,9.065119219331927e-01,4.219850612753822e-01,-1.250990957388810e-02,-2.871518001217883e-03
1609045644049058676,0,1609045644049058676,-7.270653830787852e-01,-2.286214902526770e+00,4.828821252969346e+00,9.065560378034898e-01,4.213024527381216e-01,-2.181612000781675e-02,-1.358125717534349e-02
1609045644152261019,0,1609045644152261019,-8.009438972455454e-01,-2.212968207116116e+00,4.829021218661161e+00,9.062355544234117e-01,4.216323402643298e-01,-2.361894753712877e-02,-2.013541306091155e-02
1609045644222239256,0,1609045644222239256,-8.525943444716596e-01,-2.158059848108227e+00,4.830536648849624e+00,9.062889759947759e-01,4.214192881145385e-01,-2.390637723088121e-02,-2.178441467770689e-02
1609045644324109316,0,1609045644324109316,-9.220566238572810e-01,-2.080838609544321e+00,4.831254043911779e+00,9.060492366177285e-01,4.219585229215704e-01,-2.328584214500367e-02,-2.198989116972228e-02
1609045644427344561,0,1609045644427344561,-9.864777778088915e-01,-2.003549121819402e+00,4.833478262244215e+00,9.059440212378130e-01,4.223067949697977e-01,-2.233246445867067e-02,-2.058305946114481e-02
1609045644530391455,0,1609045644530391455,-1.044910302458098e+00,-1.929162289860525e+00,4.837155584665194e+00,9.059276553106640e-01,4.223353918854336e-01,-2.208170300073288e-02,-2.098329089223284e-02
1609045644633682251,0,1609045644633682251,-1.101210111270889e+00,-1.854053331522681e+00,4.835704769583260e+00,9.059042497311089e-01,4.222760340737412e-01,-2.170406277439259e-02,-2.343875049858197e-02
1609045644736991405,0,1609045644736991405,-1.151210964960119e+00,-1.781576717314122e+00,4.841801090613598e+00,9.058157549919483e-01,4.220885257746913e-01,-2.409905123875165e-02,-2.753779488060823e-02
1609045644839446068,0,1609045644839446068,-1.193491706503011e+00,-1.712754413549584e+00,4.851258279266387e+00,9.056771159858558e-01,4.217142894893148e-01,-2.827920036982152e-02,-3.326118528086058e-02
1609045644942594290,0,1609045644942594290,-1.226672381059898e+00,-1.649902594930867e+00,4.861116022788327e+00,9.056409383334575e-01,4.213449019658006e-01,-3.061831388647836e-02,-3.668082954967825e-02
1609045645045340300,0,1609045645045340300,-1.252120572567683e+00,-1.589198750614720e+00,4.873842131293395e+00,9.056922637315670e-01,4.213717200805664e-01,-2.525749432556957e-02,-3.910825888871166e-02
1609045645148676157,0,1609045645148676157,-1.275656661031707e+00,-1.532083858252732e+00,4.879483513298263e+00,9.059967460331544e-01,4.216336915795328e-01,-1.202005146764552e-02,-3.536162701073893e-02
1609045645251813889,0,1609045645251813889,-1.296018484119861e+00,-1.479114582359622e+00,4.886487740232372e+00,9.061727939757526e-01,4.216004530459213e-01,-3.349403542061266e-03,-3.305611812272224e-02
1609045645322238922,0,1609045645322238922,-1.309890059367689e+00,-1.440469868929007e+00,4.889490801785796e+00,9.063300165086421e-01,4.212453304652239e-01,2.617083574894756e-03,-3.333802048755781e-02
1609045645423933744,0,1609045645423933744,-1.328609610374216e+00,-1.390640135207264e+00,4.893558630181361e+00,9.062421091588593e-01,4.214371388195362e-01,4.702970656794845e-03,-3.307354951746402e-02
1609045645527238131,0,1609045645527238131,-1.348047822302918e+00,-1.346989985624714e+00,4.896122900493252e+00,9.063062299528690e-01,4.213216599957543e-01,3.235347488607515e-03,-3.296375120408165e-02
1609045645630375862,0,1609045645630375862,-1.367718170385238e+00,-1.309865685140065e+00,4.888146200598511e+00,9.063633106362237e-01,4.213561674403916e-01,-1.266961069099476e-03,-3.103101838347384e-02
1609045645733114481,0,1609045645733114481,-1.387240079836543e+00,-1.277242584500335e+00,4.883225965335550e+00,9.063629441922685e-01,4.216060669954108e-01,-8.649007564708213e-03,-2.607167688709607e-02
1609045645837186337,0,1609045645837186337,-1.402458195154640e+00,-1.245860990778125e+00,4.882909296111936e+00,9.061843064407640e-01,4.220928080059694e-01,-1.488609376698744e-02,-2.112033148990872e-02
1609045645939436674,0,1609045645939436674,-1.412783269728612e+00,-1.214836953347813e+00,4.888575311091709e+00,9.061338657689907e-01,4.223170147016391e-01,-1.927045183324226e-02,-1.408566952465823e-02
1609045646042560339,0,1609045646042560339,-1.418785492169224e+00,-1.183199000673003e+00,4.894459181829297e+00,9.059978222687460e-01,4.227672146788315e-01,-1.879995268680360e-02,-9.076894608939099e-03
1609045646145694733,0,1609045646145694733,-1.425026008379999e+00,-1.151287247000183e+00,4.897087660211600e+00,9.060214719981436e-01,4.228548008268150e-01,-1.629547950930640e-02,-7.305275037191561e-03
1609045646248733044,0,1609045646248733044,-1.431379154750961e+00,-1.116424834083040e+00,4.895430990379672e+00,9.061044631611602e-01,4.228356659328946e-01,-1.214924439177806e-02,-6.090756520863465e-03
1609045646351610899,0,1609045646351610899,-1.435809084396324e+00,-1.080534736223765e+00,4.897477231259304e+00,9.061045437789458e-01,4.229090408077050e-01,-7.927715981089309e-03,-7.723358424518258e-03
1609045646421921492,0,1609045646421921492,-1.438104632752766e+00,-1.052692764257119e+00,4.897120824860638e+00,9.063167265011023e-01,4.224217760689690e-01,-2.903757862197335e-03,-1.189128071804738e-02
1609045646523563147,0,1609045646523563147,-1.441687141675051e+00,-1.012425523229397e+00,4.901859371174393e+00,9.063539323433429e-01,4.221121602397755e-01,4.721308511649993e-03,-1.793272843662038e-02
1609045646626598597,0,1609045646626598597,-1.446984984334140e+00,-9.754437827774083e-01,4.917494291096519e+00,9.063882396726414e-01,4.216864484968190e-01,1.299137986897881e-02,-2.172837283702317e-02
1609045646729748249,0,1609045646729748249,-1.454837663441218e+00,-9.439066843882019e-01,4.928189259530837e+00,9.063499334113956e-01,4.211265509377317e-01,2.362030014715332e-02,-2.498615058747970e-02
1609045646833055258,0,1609045646833055258,-1.468002230532965e+00,-9.201559227699897e-01,4.925273697987570e+00,9.062303539785500e-01,4.206187594188920e-01,3.369404848736831e-02,-2.628908231811682e-02
1609045646937157631,0,1609045646937157631,-1.491461044768463e+00,-9.013020087355297e-01,4.910293296076513e+00,9.060387383689330e-01,4.207306283440345e-01,3.656442375975345e-02,-2.725042867474042e-02
1609045647039472580,0,1609045647039472580,-1.525320004972077e+00,-8.899638421676515e-01,4.871089126442440e+00,9.063312224015513e-01,4.207701413855604e-01,2.849742857733335e-02,-2.653488237654839e-02
1609045647142596483,0,1609045647142596483,-1.562609733265159e+00,-8.818905770771349e-01,4.847867846410684e+00,9.067734628896431e-01,4.206056611126291e-01,1.162187641597975e-02,-2.678986426761646e-02
1609045647245712996,0,1609045647245712996,-1.593115839183641e+00,-8.759389169401413e-01,4.854508795222141e+00,9.062478592892496e-01,4.216455199183401e-01,-8.749349825413828e-03,-2.921167478681083e-02
1609045647349129438,0,1609045647349129438,-1.621001424717059e+00,-8.700179301576162e-01,4.873372936881299e+00,9.057542966458004e-01,4.223795820948882e-01,-2.231940149250467e-02,-2.657982418694248e-02
1609045647452034473,0,1609045647452034473,-1.643674162587465e+00,-8.666635544643073e-01,4.890796831194465e+00,9.055107581581572e-01,4.226264759580699e-01,-2.893068960344532e-02,-2.449783414804730e-02
1609045647522486687,0,1609045647522486687,-1.657995577074048e+00,-8.641721056805501e-01,4.896737632593198e+00,9.054150316403445e-01,4.227072680955263e-01,-3.017251929581012e-02,-2.513573269367887e-02
1609045647624268055,0,1609045647624268055,-1.673437867454805e+00,-8.597484127221917e-01,4.906214150414789e+00,9.052372837176250e-01,4.228677659063441e-01,-3.129087037166101e-02,-2.737141129119309e-02
1609045647727282286,0,1609045647727282286,-1.682423961585152e+00,-8.576730721482765e-01,4.913971642547511e+00,9.050889458392323e-01,4.226361496104360e-01,-3.344670619776643e-02,-3.277198508461225e-02
1609045647830451727,0,1609045647830451727,-1.684695290618123e+00,-8.576006293650732e-01,4.912932686733739e+00,9.049716488100058e-01,4.225097280103525e-01,-3.278889310648864e-02,-3.790426196804522e-02
1609045647933434248,0,1609045647933434248,-1.676043449685759e+00,-8.602073630890360e-01,4.920183709444597e+00,9.048765987003905e-01,4.226014135312472e-01,-3.269175456801010e-02,-3.921269678105602e-02
1609045648037068129,0,1609045648037068129,-1.660429880573253e+00,-8.646805276955531e-01,4.923213681549981e+00,9.048038114059435e-01,4.226703482732093e-01,-3.258435396685680e-02,-4.022560667309281e-02
1609045648139081240,0,1609045648139081240,-1.637519295821425e+00,-8.719883985016668e-01,4.926793290522085e+00,9.049434722865757e-01,4.224959199817110e-01,-3.174537636717155e-02,-3.958207477893356e-02
1609045648242733479,0,1609045648242733479,-1.609107274661665e+00,-8.813973400843600e-01,4.928403339830945e+00,9.050246718834174e-01,4.224294703238351e-01,-3.121547169340358e-02,-3.884945573582661e-02
1609045648345841646,0,1609045648345841646,-1.575089534441249e+00,-8.909009413512111e-01,4.932806873081987e+00,9.049870369954581e-01,4.228170668680585e-01,-3.065654419495079e-02,-3.583806821065540e-02
1609045648448666811,0,1609045648448666811,-1.533061648550521e+00,-9.040467572996229e-01,4.937148094193502e+00,9.051371711740119e-01,4.228716985340760e-01,-2.952666575506590e-02,-3.216215084811462e-02
1609045648551786661,0,1609045648551786661,-1.487066492015874e+00,-9.168611091403177e-01,4.937505613199646e+00,9.050496449308093e-01,4.233225506992060e-01,-2.801327701585332e-02,-2.997356486542623e-02
1609045648622143745,0,1609045648622143745,-1.448468862011170e+00,-9.258021957312743e-01,4.942081993059120e+00,9.051269782599441e-01,4.236155118760574e-01,-2.560987126259722e-02,-2.528212446960093e-02
1609045648723970175,0,1609045648723970175,-1.390024649235913e+00,-9.394080764340561e-01,4.946622821653380e+00,9.050868170740164e-01,4.238577359819429e-01,-2.496005481423899e-02,-2.322646917922013e-02
1609045648827020407,0,1609045648827020407,-1.328313138938257e+00,-9.539570475989183e-01,4.952539175021100e+00,9.051246864405693e-01,4.237094410552310e-01,-2.591456227538226e-02,-2.341040406263532e-02
1609045648930658579,0,1609045648930658579,-1.261970425446240e+00,-9.694417346893774e-01,4.956611166532474e+00,9.050181866145667e-01,4.238374813258803e-01,-2.723011938058761e-02,-2.371480378393856e-02
1609045649033501625,0,1609045649033501625,-1.193697290532232e+00,-9.833120904925946e-01,4.958279502283531e+00,9.050588144587624e-01,4.237097681211242e-01,-2.714365177133591e-02,-2.453154983968742e-02
1609045649136666298,0,1609045649136666298,-1.120878845965801e+00,-9.960408015642243e-01,4.960287220745105e+00,9.050972951908283e-01,4.235776157468795e-01,-2.659864980343903e-02,-2.594998082559460e-02
1609045649239833832,0,1609045649239833832,-1.043264082347269e+00,-1.009696408849099e+00,4.966868882126464e+00,9.050264777633361e-01,4.236688639679380e-01,-2.433807560444076e-02,-2.897285500357115e-02
1609045649342626333,0,1609045649342626333,-9.637071130487216e-01,-1.023559088278248e+00,4.976267559107621e+00,9.051097163434493e-01,4.235785765779344e-01,-1.952215146992484e-02,-3.124862311615728e-02
1609045649445794344,0,1609045649445794344,-8.814416339503601e-01,-1.039323812690506e+00,4.987096437637318e+00,9.053820546303517e-01,4.230238726371122e-01,-1.158198659645651e-02,-3.464095724256044e-02
1609045649548316240,0,1609045649548316240,-7.968648821022015e-01,-1.058249118190295e+00,4.991636565690814e+00,9.055267865125997e-01,4.225277348415226e-01,-3.077848968068732e-03,-3.849777971994248e-02
1609045649651840925,0,1609045649651840925,-7.137230621867149e-01,-1.082815064859739e+00,4.988239861270561e+00,9.058290882153697e-01,4.214951400997702e-01,4.489139947888269e-03,-4.237165842273000e-02
1609045649722005367,0,1609045649722005367,-6.512363378929797e-01,-1.102742459952676e+00,4.980949964287245e+00,9.057195954283774e-01,4.212972028978223e-01,1.034760870938012e-02,-4.553688923611617e-02
1609045649823889256,0,1609045649823889256,-5.607202567459308e-01,-1.141570702665479e+00,4.981322469683140e+00,9.057942792299987e-01,4.211355186083204e-01,1.361587530417495e-02,-4.467892814500011e-02
1609045649927111864,0,1609045649927111864,-4.700579984413421e-01,-1.186659718534446e+00,4.974569985880151e+00,9.058209179080444e-01,4.213538181844654e-01,1.669053279104583e-02,-4.087604061707676e-02
1609045650030358315,0,1609045650030358315,-3.850694914838558e-01,-1.239042335754618e+00,4.958685201025138e+00,9.060393772932506e-01,4.214072961242596e-01,1.876387433566486e-02,-3.400668444572389e-02
1609045650133555174,0,1609045650133555174,-3.086180361366309e-01,-1.296369148203768e+00,4.940050149685033e+00,9.059257258441158e-01,4.221585325360648e-01,1.919435843637027e-02,-2.668949727515146e-02
1609045650237055063,0,1609045650237055063,-2.355721866226163e-01,-1.354999654752991e+00,4.933368817481822e+00,9.058733479399855e-01,4.227885840222281e-01,1.614970139335196e-02,-1.955704111473817e-02
1609045650339201450,0,1609045650339201450,-1.678289839952975e-01,-1.413138184722699e+00,4.926922882884522e+00,9.057902688273811e-01,4.233425491525054e-01,1.223101760428302e-02,-1.324678009248708e-02
1609045650442250252,0,1609045650442250252,-1.049085865251359e-01,-1.473482403643348e+00,4.928082633355483e+00,9.058465692914266e-01,4.233769667502710e-01,8.515815065506057e-03,-1.101897553494282e-02
1609045650544960022,0,1609045650544960022,-4.641713264812326e-02,-1.534640258759437e+00,4.932629320679538e+00,9.056642318640119e-01,4.238353576602200e-01,4.935550597259968e-03,-1.056073194826662e-02
1609045650648681641,0,1609045650648681641,7.195004797668918e-03,-1.594497476863454e+00,4.932255688607976e+00,9.056476157216852e-01,4.238631039441071e-01,2.500292294306813e-03,-1.167106639154158e-02
1609045650752342224,0,1609045650752342224,5.995320152768659e-02,-1.655131130646990e+00,4.934471442809281e+00,9.055972866202996e-01,4.238842884849517e-01,-3.054441989487326e-03,-1.436435955648897e-02
1609045650822098255,0,1609045650822098255,1.005700510672916e-01,-1.702084622817455e+00,4.937051566310130e+00,9.054075943916936e-01,4.240520403223137e-01,-8.999221176811201e-03,-1.832946083000682e-02
1609045650924045324,0,1609045650924045324,1.573391456447271e-01,-1.767087028966830e+00,4.940979932730049e+00,9.053059934612446e-01,4.239394670134699e-01,-1.523455287016057e-02,-2.154750357024865e-02
1609045651026414871,0,1609045651026414871,2.163811108962586e-01,-1.831612758746401e+00,4.946900579545113e+00,9.050770272724949e-01,4.240920954464446e-01,-1.940471331315391e-02,-2.459525125792491e-02
1609045651129754543,0,1609045651129754543,2.800643082170640e-01,-1.897605859352822e+00,4.956564841063216e+00,9.049981608874921e-01,4.240552911959500e-01,-2.221362664752244e-02,-2.572923609279856e-02
1609045651232850552,0,1609045651232850552,3.463854796744947e-01,-1.961060174894786e+00,4.962515927987112e+00,9.049092696500508e-01,4.240805481689141e-01,-2.348254882964478e-02,-2.726668785179220e-02
1609045651336385250,0,1609045651336385250,4.147279034664195e-01,-2.023985417034142e+00,4.968874768849818e+00,9.049477443176946e-01,4.239592379386664e-01,-2.461722565615964e-02,-2.687260355000070e-02
1609045651438881874,0,1609045651438881874,4.869036393177833e-01,-2.087484196367082e+00,4.976553128722161e+00,9.049161187442398e-01,4.241807241222056e-01,-2.430665199456392e-02,-2.463164608015149e-02
1609045651542166233,0,1609045651542166233,5.609657476583190e-01,-2.151621974483702e+00,4.980009044864961e+00,9.050350977686820e-01,4.242894434999211e-01,-2.064262455984231e-02,-2.153652693496451e-02
1609045651645343065,0,1609045651645343065,6.349635981395884e-01,-2.212755161245133e+00,4.983901937146433e+00,9.052265300312069e-01,4.243030771391438e-01,-1.685535597514091e-02,-1.573928310455111e-02
1609045651748177290,0,1609045651748177290,7.079089642195392e-01,-2.271368426905787e+00,4.983117250435057e+00,9.050988865770743e-01,4.248307991428333e-01,-1.317375869978717e-02,-1.188485162303885e-02
1609045651851494312,0,1609045651851494312,7.823693855848742e-01,-2.328631781539887e+00,4.985071264032184e+00,9.050518208147205e-01,4.250433148579671e-01,-1.120670456478214e-02,-9.684622196359481e-03
1609045651921954155,0,1609045651921954155,8.400285447217364e-01,-2.369640294808971e+00,4.988333158628876e+00,9.050057106865792e-01,4.252095118379000e-01,-1.023013465186751e-02,-7.541817555269720e-03
1609045652023831844,0,1609045652023831844,9.182983983573433e-01,-2.426400792657046e+00,4.992573118676506e+00,9.052194579673124e-01,4.247904509469811e-01,-9.425667945500498e-03,-6.477845720941293e-03
1609045652127106667,0,1609045652127106667,9.969609563659492e-01,-2.482435224844830e+00,4.993909869626608e+00,9.050190030264044e-01,4.251945201910234e-01,-9.853765536218724e-03,-7.288858974709467e-03
1609045652230116367,0,1609045652230116367,1.073988500813279e+00,-2.533820106436874e+00,4.997623479148547e+00,9.050250280007286e-01,4.251365892716863e-01,-1.105632137515557e-02,-8.144747518755460e-03
1609045652333244801,0,1609045652333244801,1.150526602130422e+00,-2.584061241994200e+00,5.001695723769369e+00,9.050550541167091e-01,4.250328356282476e-01,-1.173338293380697e-02,-9.206811626000627e-03
1609045652436836958,0,1609045652436836958,1.227487857090238e+00,-2.632592449849524e+00,5.006424022616248e+00,9.050668920974452e-01,4.249611717151759e-01,-1.235564577209614e-02,-1.045281688668647e-02
1609045652539423227,0,1609045652539423227,1.302005987693015e+00,-2.678816316922428e+00,5.012466963273233e+00,9.050020177283999e-01,4.250559203745665e-01,-1.205618152949583e-02,-1.238793561324629e-02
1609045652642513514,0,1609045652642513514,1.375818486363587e+00,-2.721941615100703e+00,5.019173885301322e+00,9.049496024606128e-01,4.250947251644713e-01,-1.192435467366117e-02,-1.478179316299758e-02
1609045652745376110,0,1609045652745376110,1.450238404736981e+00,-2.763732069265977e+00,5.020527249119997e+00,9.048487278660891e-01,4.251123327159269e-01,-1.285758948068040e-02,-1.905168350737394e-02
1609045652848411322,0,1609045652848411322,1.526640789864368e+00,-2.806704646875869e+00,5.025060759609878e+00,9.048326587921777e-01,4.248359974193280e-01,-1.583727505787355e-02,-2.326833896775824e-02
1609045652951428175,0,1609045652951428175,1.605007525481350e+00,-2.849671853780158e+00,5.026439825734284e+00,9.047187537481214e-01,4.245830952256162e-01,-2.056772868748291e-02,-2.810943616463204e-02
1609045653021712303,0,1609045653021712303,1.667474669347535e+00,-2.882655388919231e+00,5.023519417704255e+00,9.044160282452913e-01,4.248953102658615e-01,-2.283965486735591e-02,-3.120854582329674e-02
1609045653123528957,0,1609045653123528957,1.758748589296579e+00,-2.932033858715898e+00,5.024437394566022e+00,9.042989962935232e-01,4.250751993902556e-01,-2.346762195646205e-02,-3.168076522660345e-02
1609045653226715565,0,1609045653226715565,1.853104724591831e+00,-2.983059454956068e+00,5.027493286275623e+00,9.042490602707076e-01,4.251270030547383e-01,-2.247074358267876e-02,-3.310187239197549e-02
1609045653329883575,0,1609045653329883575,1.950186135529089e+00,-3.033919676652179e+00,5.037233762459827e+00,9.043030973084349e-01,4.250281964600065e-01,-1.750605121095331e-02,-3.578377541708125e-02
1609045653432979584,0,1609045653432979584,2.050493537949592e+00,-3.085694855341703e+00,5.063293951774832e+00,9.043131832812944e-01,4.247722596798781e-01,-4.466674440174387e-03,-4.202669115363818e-02
1609045653536779642,0,1609045653536779642,2.151654430103787e+00,-3.142278962479447e+00,5.081043250743924e+00,9.044460310796085e-01,4.240266130734103e-01,7.632593744968197e-03,-4.604944931631142e-02
1609045653638975143,0,1609045653638975143,2.240729576188278e+00,-3.206501198318183e+00,5.077806005202255e+00,9.043427061855646e-01,4.231164159729759e-01,2.201049617464294e-02,-5.150054719197952e-02
1609045653742354870,0,1609045653742354870,2.326748393872992e+00,-3.279740536905112e+00,5.069790803876525e+00,9.042258123477286e-01,4.220817284295060e-01,3.228275870705389e-02,-5.639608408467566e-02
1609045653845415831,0,1609045653845415831,2.409890086550374e+00,-3.359845203126757e+00,5.060039704785964e+00,9.038987832642491e-01,4.220054514338717e-01,3.713781251318202e-02,-5.915379493330376e-02
1609045653948461533,0,1609045653948461533,2.487946048492987e+00,-3.449721519259823e+00,5.046144048367850e+00,9.039042908453132e-01,4.217113243877553e-01,3.913521120279252e-02,-5.987509597854423e-02
1609045654051536083,0,1609045654051536083,2.561871745728796e+00,-3.550054363052823e+00,5.030473094333503e+00,9.039826573320009e-01,4.218367380296671e-01,3.867829051249059e-02,-5.807849459365599e-02
1609045654122071028,0,1609045654122071028,2.618619404643891e+00,-3.635981872450207e+00,5.023818531134906e+00,9.042003426644738e-01,4.218459873214964e-01,3.761374573923978e-02,-5.525313961607583e-02
1609045654223620415,0,1609045654223620415,2.693652893225577e+00,-3.764058331354323e+00,5.014089490176488e+00,9.043432762672667e-01,4.220783155289819e-01,3.883047316960477e-02,-5.005325747239371e-02
1609045654326431513,0,1609045654326431513,2.764405154098487e+00,-3.904116624559714e+00,5.008882967073302e+00,9.046805845623835e-01,4.219785858927795e-01,4.332112798459527e-02,-4.012970014473129e-02
1609045654429968357,0,1609045654429968357,2.824783545221089e+00,-4.047073007869137e+00,5.000244937435528e+00,9.046656147851159e-01,4.217933828456428e-01,5.266212930759286e-02,-2.995275863181993e-02
1609045654533392906,0,1609045654533392906,2.871343154900028e+00,-4.192844252890051e+00,4.987625284620449e+00,9.043106549558344e-01,4.215534382037486e-01,6.435508242988972e-02,-1.932256290346705e-02
1609045654636787891,0,1609045654636787891,2.902107008829561e+00,-4.344326453746304e+00,4.971272100253451e+00,9.040261141042262e-01,4.208946991249390e-01,7.428006385051249e-02,-8.179815417888807e-03
1609045654738955259,0,1609045654738955259,2.915404017785092e+00,-4.501827141840488e+00,4.941721173486522e+00,9.039243568171270e-01,4.204464484690612e-01,7.835123416262510e-02,2.573951719726087e-03
1609045654842233658,0,1609045654842233658,2.907360051525292e+00,-4.661651308440836e+00,4.896690306789821e+00,9.040802950682258e-01,4.201416806977845e-01,7.690884847538534e-02,1.431143723556854e-02
1609045654945348501,0,1609045654945348501,2.880584634584794e+00,-4.819809847280012e+00,4.844151468427020e+00,9.043430521952870e-01,4.205634009388627e-01,6.694826157896214e-02,2.842534095082941e-02
1609045655048519611,0,1609045655048519611,2.839734988759839e+00,-4.971086558700339e+00,4.804026621172286e+00,9.047683171202866e-01,4.205819892425225e-01,5.439364404568958e-02,3.932447262613462e-02
1609045655151773453,0,1609045655151773453,2.789657796933076e+00,-5.110050288607864e+00,4.784523041744847e+00,9.045720602983872e-01,4.214037289987376e-01,3.986323699317232e-02,5.078589616892627e-02
1609045655221746445,0,1609045655221746445,2.746556130590089e+00,-5.215202122391942e+00,4.790997954208818e+00,9.039478177790724e-01,4.222916881312083e-01,2.936724440002301e-02,6.070945415552490e-02
1609045655323467255,0,1609045655323467255,2.673835501655561e+00,-5.354321101646850e+00,4.791898164787344e+00,9.033075123077863e-01,4.224172674848654e-01,2.387347136831319e-02,7.091718905546796e-02
1609045655426844597,0,1609045655426844597,2.579742016859090e+00,-5.473595562744856e+00,4.780706645734990e+00,9.028750739739770e-01,4.223313709753782e-01,2.685722940755805e-02,7.570669134796643e-02
1609045655529996157,0,1609045655529996157,2.470321028207030e+00,-5.567112428299973e+00,4.766392264381243e+00,9.031104545628336e-01,4.224573041138887e-01,2.859553006552868e-02,7.143968589077257e-02
1609045655633235693,0,1609045655633235693,2.344118957493736e+00,-5.639970994463207e+00,4.753260746313362e+00,9.039824181758797e-01,4.224149648705143e-01,2.470268710881783e-02,6.140979019423623e-02
1609045655736817598,0,1609045655736817598,2.217119046171598e+00,-5.707081156600558e+00,4.740811871428580e+00,9.050951998040651e-01,4.229889053414446e-01,1.416714157220833e-02,4.101654969797237e-02
1609045655839405537,0,1609045655839405537,2.083255325960891e+00,-5.763835616795708e+00,4.714778938125045e+00,9.057630284620179e-01,4.232900026788873e-01,-5.985645816171714e-04,2.045853424930149e-02
1609045655942439079,0,1609045655942439079,1.952420717325510e+00,-5.822487225090182e+00,4.702799386312394e+00,9.060158859680472e-01,4.223320640696616e-01,-2.713774813187295e-02,5.863843303695116e-03
1609045656045289993,0,1609045656045289993,1.830914158125517e+00,-5.876535876388212e+00,4.694960416757481e+00,9.047752313768620e-01,4.226633565025656e-01,-5.219392577643438e-02,-3.641684876544011e-03
1609045656148362398,0,1609045656148362398,1.715677721916987e+00,-5.919517180840185e+00,4.692788521143209e+00,9.039335341166141e-01,4.224592805777516e-01,-6.630067587389524e-02,-6.045041902703607e-03
1609045656251444817,0,1609045656251444817,1.611888495999822e+00,-5.952895240427017e+00,4.703059296103160e+00,9.028667170763307e-01,4.225905402318395e-01,-7.902906378395284e-02,-1.825809291083695e-03
1609045656321472406,0,1609045656321472406,1.533338730881896e+00,-5.974937663475701e+00,4.707936686446538e+00,9.023019973981060e-01,4.224353434604339e-01,-8.597282532148083e-02,2.856465098454671e-03
1609045656423218012,0,1609045656423218012,1.440433817030676e+00,-5.993557273648178e+00,4.714097118876375e+00,9.023095196677162e-01,4.216557360773488e-01,-8.925125575042499e-02,8.842188463337916e-03
1609045656526692867,0,1609045656526692867,1.363081785692301e+00,-5.997326545856779e+00,4.718873421279127e+00,9.024337252552802e-01,4.213622620309232e-01,-8.902231493209019e-02,1.192657125736576e-02
1609045656629603863,0,1609045656629603863,1.303891068755160e+00,-5.984344335779565e+00,4.725498948384639e+00,9.025689080622842e-01,4.216360857524026e-01,-8.620077371935757e-02,1.272022014728843e-02
1609045656732819796,0,1609045656732819796,1.258943116203040e+00,-5.957888660146223e+00,4.733967741073395e+00,9.029640089066100e-01,4.217272524403621e-01,-8.177976003308150e-02,1.068616007282398e-02
1609045656836035967,0,1609045656836035967,1.228345225813837e+00,-5.919000224020192e+00,4.746387252009332e+00,9.034373414163287e-01,4.223973963257991e-01,-7.297515494293498e-02,7.485751304877563e-03
1609045656939454794,0,1609045656939454794,1.211771304363935e+00,-5.871839839171140e+00,4.766915925195540e+00,9.043483484045879e-01,4.225490500803482e-01,-6.004379394997051e-02,1.052531208971118e-03
1609045657042269230,0,1609045657042269230,1.204701106091443e+00,-5.818771315590612e+00,4.783088755070444e+00,9.050169767874546e-01,4.229140378270186e-01,-4.540996275921082e-02,-5.091524065911479e-03
1609045657145178080,0,1609045657145178080,1.203972461886661e+00,-5.762433612083383e+00,4.791959128625561e+00,9.054503427314157e-01,4.229690181827865e-01,-3.419469934573365e-02,-9.359970163946277e-03
1609045657248173237,0,1609045657248173237,1.205121986258689e+00,-5.705917358857912e+00,4.796100192992447e+00,9.057784475823604e-01,4.228843992375146e-01,-2.294076094758820e-02,-1.441909372064105e-02
1609045657351691008,0,1609045657351691008,1.211148194800975e+00,-5.648859911779444e+00,4.799214643555840e+00,9.058461930029496e-01,4.228466194509897e-01,-1.871629376547207e-02,-1.712049614878117e-02
1609045657421640873,0,1609045657421640873,1.218784969637616e+00,-5.601083345067929e+00,4.804178459738822e+00,9.058398035474863e-01,4.228921712289475e-01,-1.637383120299609e-02,-1.866439052893287e-02
1609045657523346901,0,1609045657523346901,1.232038713951458e+00,-5.536979516747038e+00,4.817205628851951e+00,9.058173823981935e-01,4.229507545156535e-01,-1.536042784672059e-02,-1.927657272580440e-02
1609045657626468182,0,1609045657626468182,1.245253272816239e+00,-5.474102952437389e+00,4.832288013626937e+00,9.058226459156742e-01,4.229132443762887e-01,-1.521904151153890e-02,-1.995250993438265e-02
1609045657729484558,0,1609045657729484558,1.259129587177610e+00,-5.414570269738131e+00,4.845085325083348e+00,9.057417658749228e-01,4.230039905320087e-01,-1.679356840708849e-02,-2.043168137213704e-02
1609045657832796335,0,1609045657832796335,1.272710262983739e+00,-5.359222157951693e+00,4.853681549106577e+00,9.058766261605916e-01,4.226069865788970e-01,-1.948631778341676e-02,-2.027699409711009e-02
1609045657936320066,0,1609045657936320066,1.291738741384361e+00,-5.306488725335572e+00,4.862628551251482e+00,9.057247904270165e-01,4.229160559155449e-01,-1.982384403076681e-02,-2.028863875140391e-02
1609045658039183617,0,1609045658039183617,1.314343116892124e+00,-5.256136968448737e+00,4.875389239335580e+00,9.057806873875888e-01,4.227845404409878e-01,-1.995791774797825e-02,-2.040245668294419e-02
1609045658142351151,0,1609045658142351151,1.339265497076999e+00,-5.205035821059131e+00,4.887975383714748e+00,9.058149577625760e-01,4.227518249072430e-01,-1.886876806190678e-02,-2.059432986941739e-02
1609045658245332956,0,1609045658245332956,1.364498943605421e+00,-5.154772863296880e+00,4.897697429378992e+00,9.059037844210185e-01,4.226618863911527e-01,-1.509705063908585e-02,-2.161809949363373e-02
1609045658348432541,0,1609045658348432541,1.393302445281275e+00,-5.105712788044234e+00,4.912767006890258e+00,9.061081153242114e-01,4.223423978666977e-01,-1.065511711358026e-02,-2.194198684887726e-02
1609045658451718092,0,1609045658451718092,1.425389879340238e+00,-5.057758302376822e+00,4.922712599540516e+00,9.061399677189180e-01,4.223736011295054e-01,-4.585666295135975e-03,-2.213304397605971e-02
1609045658521134853,0,1609045658521134853,1.447699155085687e+00,-5.019462012557905e+00,4.920027889776001e+00,9.064129694299115e-01,4.218622532341025e-01,3.354214683531215e-03,-2.089299856690854e-02
1609045658623195648,0,1609045658623195648,1.477361200245550e+00,-4.969729601082310e+00,4.911262551011242e+00,9.063737206721804e-01,4.219743309521332e-01,9.408920481728993e-03,-1.832524781552236e-02
1609045658726622343,0,1609045658726622343,1.504778537110788e+00,-4.922831606216301e+00,4.901072910121679e+00,9.063891374011153e-01,4.219187790098162e-01,1.167275154851139e-02,-1.752205442231989e-02
1609045658829532385,0,1609045658829532385,1.528000153724903e+00,-4.881425417850135e+00,4.893332449186432e+00,9.063401344367664e-01,4.220581713332406e-01,1.114535168783740e-02,-1.703648600807154e-02
1609045658932693243,0,1609045658932693243,1.546346064194928e+00,-4.842963245055431e+00,4.884434238185436e+00,9.064484778990588e-01,4.218915487305036e-01,8.626845249452376e-03,-1.685988033950818e-02
1609045659035906076,0,1609045659035906076,1.563072342149102e+00,-4.808959093835186e+00,4.874216769733221e+00,9.064760871856694e-01,4.219844898547777e-01,4.187853814200676e-03,-1.458271451949368e-02
1609045659139287949,0,1609045659139287949,1.576889431217343e+00,-4.776030014030546e+00,4.867678744388797e+00,9.065892964030462e-01,4.218717936122449e-01,-1.547563244012503e-04,-1.095506513269964e-02
1609045659242335320,0,1609045659242335320,1.589562570936762e+00,-4.742586966551261e+00,4.864545371620038e+00,9.065129254845592e-01,4.221257696650610e-01,-1.992923662401459e-03,-6.338672506570248e-03
1609045659345508099,0,1609045659345508099,1.600596759307277e+00,-4.707871992037040e+00,4.864590025046457e+00,9.064048072732269e-01,4.224086981095048e-01,-1.066061891439547e-03,2.839458161355539e-04
1609045659448698521,0,1609045659448698521,1.608453878624413e+00,-4.671830487208060e+00,4.865732052470451e+00,9.062327183004043e-01,4.227215208607416e-01,2.315682578626506e-03,6.588907117375659e-03
1609045659552047729,0,1609045659552047729,1.609606074347693e+00,-4.629684906169840e+00,4.869363155602748e+00,9.061453330463952e-01,4.227523194728582e-01,7.989722257811766e-03,1.082940979759143e-02
1609045659621859074,0,1609045659621859074,1.608318934634621e+00,-4.593642350352675e+00,4.876433229406908e+00,9.061324083869534e-01,4.226063906369624e-01,1.247287677533750e-02,1.312723917549839e-02
1609045659723300695,0,1609045659723300695,1.604181163661506e+00,-4.545218398354108e+00,4.885115664574476e+00,9.061660316580294e-01,4.224308820611191e-01,1.585006583867114e-02,1.280813658885350e-02
1609045659826200247,0,1609045659826200247,1.593631285516917e+00,-4.496881266108689e+00,4.888536683676517e+00,9.061545324886894e-01,4.223505787652894e-01,1.936871555672099e-02,1.134921690149999e-02
1609045659929139376,0,1609045659929139376,1.574202634387376e+00,-4.446359520364525e+00,4.888667251304109e+00,9.062563391888808e-01,4.220484100646324e-01,2.169015677665945e-02,1.020413350816340e-02
1609045660032534361,0,1609045660032534361,1.546174082677890e+00,-4.395284556176946e+00,4.881410505651107e+00,9.062781987276795e-01,4.221096603139965e-01,2.058327890958941e-02,7.719443607483821e-03
1609045660135437727,0,1609045660135437727,1.510382348440260e+00,-4.340495043663268e+00,4.863875381552462e+00,9.063960571980291e-01,4.221230414847393e-01,1.586826882027752e-02,2.554092392906169e-03
1609045660238639116,0,1609045660238639116,1.469319847196751e+00,-4.285839270985194e+00,4.851031335710076e+00,9.064700137569194e-01,4.221740642969919e-01,6.970558288113807e-03,-5.708319490521416e-03
1609045660341789246,0,1609045660341789246,1.429666547831546e+00,-4.233772081654744e+00,4.854481535134363e+00,9.066056135982686e-01,4.216937004260325e-01,-6.530108130953624e-03,-1.407274318206781e-02
1609045660444926262,0,1609045660444926262,1.396425503086662e+00,-4.185819178459114e+00,4.871088712523363e+00,9.064025307382286e-01,4.214927667223316e-01,-1.609028804539316e-02,-2.279040373642669e-02
1609045660548078060,0,1609045660548078060,1.366699233515972e+00,-4.138151970655194e+00,4.887143229841594e+00,9.063143737479291e-01,4.212876030048247e-01,-1.865936746856383e-02,-2.761954919591515e-02
1609045660651322603,0,1609045660651322603,1.338619295228425e+00,-4.092463263290817e+00,4.898729642254715e+00,9.061186295906062e-01,4.215307988068384e-01,-1.821920632259554e-02,-3.047745538670073e-02
1609045660721817732,0,1609045660721817732,1.317269724848257e+00,-4.056721935695156e+00,4.901429692677292e+00,9.061662765215180e-01,4.214290263302766e-01,-1.626816557821359e-02,-3.155315911168346e-02
1609045660823177576,0,1609045660823177576,1.289118606577769e+00,-4.010138032663529e+00,4.899882601015543e+00,9.061175533188236e-01,4.214699438504780e-01,-1.721588556410057e-02,-3.190108590931699e-02
1609045660926254511,0,1609045660926254511,1.266007620468190e+00,-3.964829288723290e+00,4.904304813735515e+00,9.059306090167462e-01,4.216294842859653e-01,-2.201655402668086e-02,-3.214935420586740e-02
1609045661029525280,0,1609045661029525280,1.250570474826147e+00,-3.924473400722979e+00,4.916907238148627e+00,9.058323358497512e-01,4.216964534908553e-01,-2.568191315967389e-02,-3.131005874225519e-02
1609045661132765532,0,1609045661132765532,1.241156128563337e+00,-3.886759113412452e+00,4.926502090832988e+00,9.056826604222213e-01,4.222222861839546e-01,-2.368221478224505e-02,-3.010668302712234e-02
1609045661235802889,0,1609045661235802889,1.234990362687803e+00,-3.851074522251514e+00,4.937497471854815e+00,9.059106036889322e-01,4.221713682947319e-01,-1.669291584319201e-02,-2.861224347245319e-02
1609045661338701487,0,1609045661338701487,1.233453133144218e+00,-3.817249477247270e+00,4.946079173507240e+00,9.060235363683151e-01,4.221670121997274e-01,-9.772371413810996e-03,-2.829957797785225e-02
1609045661441687822,0,1609045661441687822,1.231307439806908e+00,-3.787388679812051e+00,4.955987245647597e+00,9.061513586337875e-01,4.218332047345599e-01,-1.326443552312392e-03,-3.073602408868991e-02
1609045661544503212,0,1609045661544503212,1.231133102085498e+00,-3.762092991254950e+00,4.960466751338246e+00,9.061638625400859e-01,4.215175257057642e-01,7.226929009366392e-03,-3.373130958296152e-02
1609045661647590399,0,1609045661647590399,1.228713368097762e+00,-3.745195031492429e+00,4.960228284153459e+00,9.064343324038642e-01,4.208524044566161e-01,1.201328959765927e-02,-3.340262827164502e-02
1609045661751341820,0,1609045661751341820,1.222044044947231e+00,-3.737495178306265e+00,4.938206680719897e+00,9.066787350946958e-01,4.207979734517375e-01,1.213853494755726e-02,-2.674682850516894e-02
1609045661821622610,0,1609045661821622610,1.213939559008687e+00,-3.733423084300860e+00,4.909483353616600e+00,9.067556918324999e-01,4.210822164660728e-01,1.031325804147984e-02,-1.942984852537227e-02
1609045661923582554,0,1609045661923582554,1.204458845993144e+00,-3.723510225531071e+00,4.879302675393180e+00,9.066008424834370e-01,4.218902768292671e-01,4.588974593747281e-03,-7.902407050375536e-03
1609045662026618242,0,1609045662026618242,1.195774098491870e+00,-3.713400420143395e+00,4.871427284695125e+00,9.064443123970519e-01,4.223072309913237e-01,-2.287595782000200e-03,3.174599310082846e-03
1609045662129527092,0,1609045662129527092,1.185336416806607e+00,-3.699356181012894e+00,4.870780857545510e+00,9.061282879109392e-01,4.227868108986783e-01,-8.215962016267455e-03,1.073947604057099e-02
1609045662232626915,0,1609045662232626915,1.173063154664594e+00,-3.681859179310299e+00,4.875679725854511e+00,9.058222828605514e-01,4.232543962525517e-01,-9.674873191988112e-03,1.575134136096573e-02
1609045662335522890,0,1609045662335522890,1.155858024697331e+00,-3.659146061658245e+00,4.877089880220025e+00,9.058569795424484e-01,4.231234716525633e-01,-9.552889146904253e-03,1.727433528750388e-02
1609045662438398600,0,1609045662438398600,1.138054905474820e+00,-3.633353682329595e+00,4.881290430593097e+00,9.060119199834681e-01,4.228317617197490e-01,-1.051937121748586e-02,1.565391190066811e-02
1609045662541349411,0,1609045662541349411,1.119311286626277e+00,-3.602776619503488e+00,4.887998335228199e+00,9.058936257873024e-01,4.231673195717738e-01,-1.118136585716210e-02,1.269391435711498e-02
1609045662644528389,0,1609045662644528389,1.098936104997217e+00,-3.567100983875869e+00,4.892073648074456e+00,9.061100958618855e-01,4.227525992092410e-01,-1.225730043416324e-02,9.720731702112594e-03
1609045662747909546,0,1609045662747909546,1.081893791606858e+00,-3.527675186460244e+00,4.900260271249757e+00,9.060621761561445e-01,4.228636767365275e-01,-1.380333858703270e-02,6.863794844794957e-03
1609045662850772858,0,1609045662850772858,1.063782624927543e+00,-3.483484129173963e+00,4.904503705459899e+00,9.060864187579902e-01,4.228280331602951e-01,-1.408223621511279e-02,5.054378207103193e-03
1609045662921261787,0,1609045662921261787,1.050081246460837e+00,-3.444628409888273e+00,4.907863558015268e+00,9.062021544444426e-01,4.226066320963641e-01,-1.302501556651018e-02,5.624834012911232e-03
1609045663023280621,0,1609045663023280621,1.030631790972502e+00,-3.388879989539131e+00,4.908637840322681e+00,9.060670363426739e-01,4.229210520378686e-01,-1.143516981357849e-02,7.038912379203614e-03
1609045663126570702,0,1609045663126570702,1.010745137928880e+00,-3.329464568951681e+00,4.913237733723996e+00,9.060160483815815e-01,4.229871086859588e-01,-1.145400158491581e-02,9.253745618487975e-03
1609045663229710102,0,1609045663229710102,9.905576109085138e-01,-3.267686619709109e+00,4.914022302643357e+00,9.059813045768551e-01,4.230342971761490e-01,-1.081089069390075e-02,1.108980667399599e-02
1609045663332915545,0,1609045663332915545,9.701377951287125e-01,-3.202147958172036e+00,4.916077743074625e+00,9.058975972796303e-01,4.231885260086019e-01,-1.022404555809859e-02,1.250934010435298e-02
1609045663435856104,0,1609045663435856104,9.467960776160270e-01,-3.131781107773517e+00,4.916508093990427e+00,9.060930911244510e-01,4.227638198716240e-01,-1.030119034630058e-02,1.264706690504107e-02
1609045663538739443,0,1609045663538739443,9.221266657903099e-01,-3.058707112446165e+00,4.920820119497393e+00,9.059721596873136e-01,4.230628996756298e-01,-1.003663781130370e-02,1.146711344484745e-02
1609045663641803741,0,1609045663641803741,8.968236597316745e-01,-2.980067381116279e+00,4.930149953825584e+00,9.059407673799190e-01,4.232662612302350e-01,-7.219523610814076e-03,8.054600043154427e-03
1609045663744789839,0,1609045663744789839,8.765251194930490e-01,-2.901155000808060e+00,4.949797449146014e+00,9.061557117365661e-01,4.228362150782842e-01,-4.561280688319344e-03,8.399763312864926e-03
1609045663847849369,0,1609045663847849369,8.515683445817310e-01,-2.819437896911046e+00,4.947735663539627e+00,9.061179409131290e-01,4.229090769517705e-01,8.252115785219741e-04,9.874655070655929e-03
1609045663950909376,0,1609045663950909376,8.175372491554798e-01,-2.736113689089974e+00,4.921796485011484e+00,9.060425794760621e-01,4.229363133659633e-01,6.797588160781723e-03,1.286513924244221e-02
1609045664021366119,0,1609045664021366119,7.918930021303549e-01,-2.667630109332620e+00,4.914408716991745e+00,9.060347039118192e-01,4.228959216004515e-01,6.054562131702856e-03,1.494981867053736e-02
1609045664123194695,0,1609045664123194695,7.527581792994968e-01,-2.569125961236326e+00,4.919133773002860e+00,9.058681047702329e-01,4.232244080960421e-01,1.415205106121143e-03,1.679506909811530e-02
1609045664226688862,0,1609045664226688862,7.136720753880061e-01,-2.466372369100076e+00,4.931829366029701e+00,9.058134159085541e-01,4.233654237604880e-01,-3.454988687246910e-04,1.623743066106817e-02
1609045664329485178,0,1609045664329485178,6.690669894046950e-01,-2.360321542140822e+00,4.939008954394987e+00,9.056755961925110e-01,4.236333159122792e-01,5.373489363600075e-03,1.605159563180682e-02
1609045664432764530,0,1609045664432764530,6.223890325413566e-01,-2.252441224955767e+00,4.942639233226849e+00,9.058644612593906e-01,4.232090029894024e-01,1.040320509610584e-02,1.398180744538134e-02
1609045664535658598,0,1609045664535658598,5.697622283072779e-01,-2.144530904041845e+00,4.933781874494458e+00,9.058867111709197e-01,4.231899872916515e-01,1.570832569753508e-02,5.722733924306176e-03
1609045664638579607,0,1609045664638579607,5.087118315895489e-01,-2.035028839543720e+00,4.911637597306547e+00,9.058921181172767e-01,4.230362869245275e-01,1.936486672176322e-02,-4.977169347486688e-03
1609045664741747618,0,1609045664741747618,4.478713910186574e-01,-1.932343648248458e+00,4.923752008812156e+00,9.061286698538930e-01,4.225012509302686e-01,1.259079340569384e-02,-1.627877613183868e-02
1609045664844949722,0,1609045664844949722,3.878222996028863e-01,-1.834878745345384e+00,4.926847963040546e+00,9.060894312446299e-01,4.221961911393309e-01,6.020623822237703e-03,-2.675950042095371e-02
1609045664948438406,0,1609045664948438406,3.238432852221292e-01,-1.741951513231764e+00,4.917637531418952e+00,9.063015335319575e-01,4.213843513915853e-01,4.498483752435101e-03,-3.213288601428126e-02
1609045665051213026,0,1609045665051213026,2.623086906512814e-01,-1.652252757390538e+00,4.909650178037442e+00,9.059946123782993e-01,4.218263253789517e-01,4.131361266719718e-03,-3.491769483560592e-02
1609045665121465683,0,1609045665121465683,2.192297900666398e-01,-1.585734194831315e+00,4.908840672471993e+00,9.060524070688204e-01,4.216072687867281e-01,3.276346021317730e-03,-3.613325487004025e-02
1609045665222901583,0,1609045665222901583,1.569906933583705e-01,-1.498903974445772e+00,4.903040416723372e+00,9.059205661777505e-01,4.218428410159047e-01,3.351503839138360e-03,-3.667850435325923e-02
1609045665326773643,0,1609045665326773643,9.470056997971651e-02,-1.415281325364351e+00,4.905076968031994e+00,9.058371782435153e-01,4.218670434904368e-01,2.398528266963292e-03,-3.848962445099249e-02
1609045665429403782,0,1609045665429403782,3.827880284229002e-02,-1.341638392962913e+00,4.910599587936771e+00,9.057339651020562e-01,4.217407750772448e-01,2.949998261226495e-03,-4.209513757872829e-02
1609045665532727957,0,1609045665532727957,-1.378827370948627e-02,-1.278460334018301e+00,4.919343417079273e+00,9.054992653798404e-01,4.219144507143782e-01,9.015510696270291e-03,-4.447468090498882e-02
1609045665635723352,0,1609045665635723352,-7.021952191486945e-02,-1.224255027236468e+00,4.911095302651111e+00,9.054833532834392e-01,4.215318078965793e-01,2.009660171282854e-02,-4.479908991683529e-02
1609045665739269495,0,1609045665739269495,-1.279382551334491e-01,-1.178849132166318e+00,4.902282961284953e+00,9.053246606192218e-01,4.211335614357340e-01,2.994248377596320e-02,-4.623018464417213e-02
1609045665841933727,0,1609045665841933727,-1.864799933693314e-01,-1.146377098605146e+00,4.895952648774569e+00,9.051564709298948e-01,4.208442187218423e-01,3.613193566288529e-02,-4.771152824168175e-02
1609045665944889784,0,1609045665944889784,-2.486453255334014e-01,-1.123513535466916e+00,4.882283774783152e+00,9.051052988996909e-01,4.205182922079470e-01,4.068545204156288e-02,-4.789005965906568e-02
1609045666048016310,0,1609045666048016310,-3.167935427603924e-01,-1.111296830005514e+00,4.860388036590519e+00,9.051784865295041e-01,4.203781623634198e-01,4.126260437823967e-02,-4.723881467392246e-02
1609045666151338577,0,1609045666151338577,-3.910545088845633e-01,-1.109689037414246e+00,4.832307189193251e+00,9.054886966324359e-01,4.205649791960166e-01,3.545292677151022e-02,-4.425390974640740e-02
1609045666221089363,0,1609045666221089363,-4.486420146190019e-01,-1.114828822629296e+00,4.819993241566736e+00,9.058038376773883e-01,4.209577693584668e-01,2.639468265674919e-02,-4.021547951811703e-02
1609045666322885036,0,1609045666322885036,-5.313996216407878e-01,-1.127883168479764e+00,4.804967217946246e+00,9.060931259494684e-01,4.215828616142022e-01,1.426413127885348e-02,-3.255261063146878e-02
1609045666426508665,0,1609045666426508665,-6.123652510698785e-01,-1.143028138724733e+00,4.802637749069161e+00,9.061219788689919e-01,4.222554146084379e-01,5.256232786489244e-03,-2.481322754209066e-02
1609045666528869152,0,1609045666528869152,-6.909638841909681e-01,-1.159279791912156e+00,4.813643415399772e+00,9.062102187652383e-01,4.224727961266081e-01,1.510522925325699e-03,-1.724802187728664e-02
1609045666632259846,0,1609045666632259846,-7.719477692620317e-01,-1.174359215175065e+00,4.816561599120172e+00,9.060783049028688e-01,4.227738733394803e-01,8.079397459407662e-04,-1.684353404150638e-02
1609045666735511780,0,1609045666735511780,-8.543761042951606e-01,-1.191592968404988e+00,4.831047917150463e+00,9.063161498863290e-01,4.222327876659853e-01,2.050178841289367e-04,-1.762008633526355e-02
1609045666838625908,0,1609045666838625908,-9.332417295315097e-01,-1.211923102120077e+00,4.838737811890240e+00,9.061128462197977e-01,4.222426034664868e-01,-4.913279201797655e-03,-2.542741474370083e-02
1609045666942034245,0,1609045666942034245,-1.013057066701712e+00,-1.235210457287933e+00,4.844911101868977e+00,9.060489873716082e-01,4.221005311513413e-01,-5.123768695822523e-03,-2.966683466015617e-02
1609045667045248032,0,1609045667045248032,-1.085163207159145e+00,-1.262757088023572e+00,4.855570510971642e+00,9.057330327415545e-01,4.221802933122619e-01,-8.341848925154712e-03,-3.663177440190699e-02
1609045667148160219,0,1609045667148160219,-1.154501939904730e+00,-1.291781399967170e+00,4.867021747953912e+00,9.055753002215809e-01,4.221920007134322e-01,-6.034864192237041e-03,-4.063090666138906e-02
1609045667251593590,0,1609045667251593590,-1.220565954685064e+00,-1.326306872937169e+00,4.878146192130109e+00,9.055535974486586e-01,4.220429855724765e-01,-2.672358001528610e-03,-4.295647773431746e-02
1609045667321142197,0,1609045667321142197,-1.271017505350135e+00,-1.358213467974278e+00,4.876895972443596e+00,9.054389283125401e-01,4.219776579660665e-01,8.913246114187342e-04,-4.598270124635907e-02
1609045667422722340,0,1609045667422722340,-1.338896400502817e+00,-1.407734187404978e+00,4.876232121343568e+00,9.054259085811920e-01,4.216691329524395e-01,5.157165416601559e-03,-4.870800785999650e-02
1609045667525953054,0,1609045667525953054,-1.405147943949417e+00,-1.465928632062488e+00,4.879781933710142e+00,9.055512533760831e-01,4.213095539249441e-01,8.882772878874226e-03,-4.895185008061603e-02
1609045667628952980,0,1609045667628952980,-1.467977821164405e+00,-1.527754738154589e+00,4.878014260901594e+00,9.057262956995125e-01,4.210429711908434e-01,1.304348293136301e-02,-4.703787029626293e-02
1609045667732172489,0,1609045667732172489,-1.532146916487330e+00,-1.593122818877086e+00,4.866562621771427e+00,9.058187892673150e-01,4.209875378422115e-01,1.859665341077535e-02,-4.377189136341243e-02
1609045667835196018,0,1609045667835196018,-1.594946912476493e+00,-1.665005173298034e+00,4.860706513040079e+00,9.056877187981833e-01,4.214805512490231e-01,1.989303041907614e-02,-4.108732502210030e-02
1609045667938400507,0,1609045667938400507,-1.660977383857221e+00,-1.741126182206526e+00,4.859154099139905e+00,9.059198307101954e-01,4.213250902869204e-01,1.883921633702182e-02,-3.794090863831036e-02
1609045668041585684,0,1609045668041585684,-1.727010074934438e+00,-1.821623612417047e+00,4.853955554988039e+00,9.059021089722273e-01,4.216353709535662e-01,1.684551550599426e-02,-3.579401524867618e-02
1609045668144756317,0,1609045668144756317,-1.794527746748211e+00,-1.904479439091922e+00,4.844441495670812e+00,9.057878001742300e-01,4.222559682532473e-01,1.343156610428114e-02,-3.267952511580739e-02
1609045668248226166,0,1609045668248226166,-1.863051667112413e+00,-1.996072190775294e+00,4.841273221333517e+00,9.059190077788918e-01,4.222078729540704e-01,8.679030558293430e-03,-3.124000302244630e-02
1609045668351332188,0,1609045668351332188,-1.927861656160840e+00,-2.088884995643013e+00,4.838376126493753e+00,9.056868808039281e-01,4.226116635631297e-01,1.024864353806266e-03,-3.360960298603802e-02
1609045668421293020,0,1609045668421293020,-1.978681496247653e+00,-2.164452480456361e+00,4.840480292659169e+00,9.053069738729747e-01,4.234340630846436e-01,-5.875465241492551e-03,-3.299024377827964e-02
1609045668523115396,0,1609045668523115396,-2.048008567675554e+00,-2.271904446610665e+00,4.839168664965810e+00,9.050583541977434e-01,4.234847540820093e-01,-1.557185060378034e-02,-3.588253092402957e-02
1609045668626272440,0,1609045668626272440,-2.110900031758595e+00,-2.380538505764486e+00,4.836718688266988e+00,9.046685003364598e-01,4.237626921089558e-01,-2.140627606128419e-02,-3.926648215091541e-02
1609045668729324341,0,1609045668729324341,-2.168439167758812e+00,-2.487202653339848e+00,4.838018147435785e+00,9.043557925631459e-01,4.239803076785583e-01,-2.564365846123205e-02,-4.151748955285224e-02
1609045668832460403,0,1609045668832460403,-2.219633777487538e+00,-2.594627245206725e+00,4.830599987467306e+00,9.042351923190860e-01,4.240100163277615e-01,-2.996110403213001e-02,-4.094576010212955e-02
1609045668935369253,0,1609045668935369253,-2.261266843579896e+00,-2.701759359206519e+00,4.824152885543249e+00,9.038251625006301e-01,4.244873265370818e-01,-3.457804251932621e-02,-4.141188495361227e-02
1609045669038405418,0,1609045669038405418,-2.292582976105794e+00,-2.809032637513823e+00,4.830095775752734e+00,9.036849926574982e-01,4.248525121304809e-01,-3.567628113055858e-02,-3.976153853284078e-02
1609045669141700745,0,1609045669141700745,-2.312248620164346e+00,-2.916579373981625e+00,4.845632078264046e+00,9.038464996180617e-01,4.249477631129641e-01,-3.443039201046508e-02,-3.599238612872391e-02
1609045669244795561,0,1609045669244795561,-2.326267332026836e+00,-3.023218006636519e+00,4.845446982717272e+00,9.041191618768779e-01,4.249938284032018e-01,-3.000498443585497e-02,-3.238036218164875e-02
1609045669348085403,0,1609045669348085403,-2.337404380621312e+00,-3.128796893001593e+00,4.837774510578461e+00,9.043456728194611e-01,4.252324270049230e-01,-2.212546105089737e-02,-2.909898708328842e-02
1609045669451210499,0,1609045669451210499,-2.342768840658069e+00,-3.234455369329334e+00,4.830238889686758e+00,9.045319122119696e-01,4.250977374987143e-01,-1.811627639639229e-02,-2.803094527358045e-02
1609045669521319628,0,1609045669521319628,-2.345789597182415e+00,-3.318932128778522e+00,4.822886755808925e+00,9.044665317722961e-01,4.252788920657603e-01,-1.747814193618483e-02,-2.779696784437108e-02
1609045669622892857,0,1609045669622892857,-2.348483969996606e+00,-3.435378883678596e+00,4.808272856206488e+00,9.045835506929699e-01,4.249392537543092e-01,-1.893620112017312e-02,-2.822500170652990e-02
1609045669726101160,0,1609045669726101160,-2.344760662282649e+00,-3.553676276974039e+00,4.798190180552246e+00,9.045791484060929e-01,4.246722509964916e-01,-2.361623625879532e-02,-2.884990272456371e-02
1609045669828942060,0,1609045669828942060,-2.332484282234938e+00,-3.669229422103857e+00,4.784696257615298e+00,9.044257996140553e-01,4.246038601325594e-01,-2.976209028663981e-02,-2.897849089486035e-02
1609045669932118416,0,1609045669932118416,-2.318277084574168e+00,-3.779552345055663e+00,4.775123072940597e+00,9.040106528535601e-01,4.252478058425433e-01,-3.477028608730932e-02,-2.683412675223916e-02
1609045670035254478,0,1609045670035254478,-2.297465315381750e+00,-3.889158804652451e+00,4.767631936295256e+00,9.036980505395241e-01,4.256089201344210e-01,-3.961134027022629e-02,-2.485603095505635e-02
1609045670138311863,0,1609045670138311863,-2.268448880782605e+00,-3.995930820308564e+00,4.766451042974084e+00,9.035371122553866e-01,4.257192313886380e-01,-4.328737922427404e-02,-2.258374642803249e-02
1609045670242178917,0,1609045670242178917,-2.231401607523959e+00,-4.098875344121414e+00,4.771786992980594e+00,9.034283327213843e-01,4.258787046827830e-01,-4.526493788417518e-02,-1.989125265251221e-02
1609045670344822407,0,1609045670344822407,-2.184492070067370e+00,-4.196897723259000e+00,4.778987653764607e+00,9.032853473343699e-01,4.261302134474729e-01,-4.702680429600849e-02,-1.664638566512733e-02
1609045670447787285,0,1609045670447787285,-2.135843158630454e+00,-4.289015194006104e+00,4.770208595561546e+00,9.035735976495374e-01,4.262443786581392e-01,-4.187939015187590e-02,-1.079814675230780e-02
1609045670550975084,0,1609045670550975084,-2.079093679378161e+00,-4.376742553881697e+00,4.770367598890029e+00,9.035434395095023e-01,4.269398446030104e-01,-3.622571782455248e-02,-4.395381389622898e-03
1609045670621320248,0,1609045670621320248,-2.035389393893597e+00,-4.438910384502139e+00,4.771137365205341e+00,9.036574572752030e-01,4.271466270585926e-01,-3.048221276330485e-02,4.449000809703597e-03
1609045670723074198,0,1609045670723074198,-1.970145301647214e+00,-4.522041472195241e+00,4.765272211540535e+00,9.036066249889336e-01,4.274917979336500e-01,-2.464009975840601e-02,1.177690363508646e-02
1609045670826181889,0,1609045670826181889,-1.904026968346032e+00,-4.597771163876735e+00,4.752795933054515e+00,9.037306092560079e-01,4.272893457357311e-01,-1.999239127413737e-02,1.717862641210098e-02
1609045670928907156,0,1609045670928907156,-1.838167916907688e+00,-4.666168844072133e+00,4.758670703102284e+00,9.035443738023007e-01,4.275123640591566e-01,-1.709386720745852e-02,2.342099166176648e-02
1609045671032349348,0,1609045671032349348,-1.771940263421152e+00,-4.724974150396308e+00,4.761725946637435e+00,9.033974073599780e-01,4.275546199870990e-01,-1.176289269194437e-02,3.052549194104519e-02
1609045671135132790,0,1609045671135132790,-1.712443442923045e+00,-4.771600066861709e+00,4.758742539647457e+00,9.029331474687425e-01,4.279817026787637e-01,-3.702602170805742e-03,3.911117629666670e-02
1609045671238311529,0,1609045671238311529,-1.663085959704732e+00,-4.804424802565592e+00,4.749462163677720e+00,9.025159815513598e-01,4.282057708563004e-01,2.330762894073054e-03,4.581799203202429e-02
1609045671341639757,0,1609045671341639757,-1.624583455932004e+00,-4.824235149855269e+00,4.742142237740583e+00,9.022858713333415e-01,4.283421940020068e-01,5.714520875616936e-03,4.868793978707432e-02
1609045671444703817,0,1609045671444703817,-1.590783832310727e+00,-4.835673939657442e+00,4.742126873169122e+00,9.023984195236471e-01,4.281535987898319e-01,5.154989246091126e-03,4.832198640558102e-02
1609045671547561884,0,1609045671547561884,-1.563685664272584e+00,-4.835299627373082e+00,4.750434295370127e+00,9.024717575245166e-01,4.283762407341420e-01,4.577340966635253e-03,4.491738187538463e-02
1609045671650954485,0,1609045671650954485,-1.541520715837660e+00,-4.828644144075456e+00,4.756738747656687e+00,9.026516994571412e-01,4.284620500321817e-01,1.151522580475403e-03,4.048277590373735e-02
1609045671721368313,0,1609045671721368313,-1.527832800716056e+00,-4.818022420355995e+00,4.753232950005152e+00,9.029625815960172e-01,4.282553141461483e-01,-1.573238005471306e-03,3.540461926061148e-02
1609045671823183775,0,1609045671823183775,-1.518383871989290e+00,-4.792446172837461e+00,4.741980799831181e+00,9.032205812535991e-01,4.282110624227674e-01,-7.764084795189474e-03,2.770535337691491e-02
1609045671926684856,0,1609045671926684856,-1.509262554204379e+00,-4.761478544506276e+00,4.731375986759009e+00,9.033106953081452e-01,4.279380637817458e-01,-2.574827222180473e-02,1.535668538480888e-02
1609045672029331923,0,1609045672029331923,-1.502540730742658e+00,-4.723961578140587e+00,4.724721177793736e+00,9.030500632723059e-01,4.273632976805817e-01,-4.280070609360320e-02,5.412446500577056e-03
1609045672132429838,0,1609045672132429838,-1.485563140165027e+00,-4.682090139341061e+00,4.739389386889100e+00,9.024329005719479e-01,4.264896885990883e-01,-6.078662660173152e-02,-5.137266793238779e-03
1609045672235247135,0,1609045672235247135,-1.460889222875404e+00,-4.632373938616674e+00,4.748272129513342e+00,9.019330466349684e-01,4.261776863182844e-01,-6.941126009449564e-02,-8.451984620351558e-03
1609045672338296652,0,1609045672338296652,-1.426079639977873e+00,-4.577309437294186e+00,4.749990673161554e+00,9.016430687764483e-01,4.261704183503052e-01,-7.296011661945757e-02,-9.765881074427231e-03
1609045672441507578,0,1609045672441507578,-1.383313367682899e+00,-4.513409845939763e+00,4.744899689864551e+00,9.015752823056347e-01,4.262617364084909e-01,-7.209333933386690e-02,-1.629395080990115e-02
1609045672544714689,0,1609045672544714689,-1.327377260766189e+00,-4.439107016938076e+00,4.758692345888908e+00,9.015611432582862e-01,4.265398131955573e-01,-6.478967074132955e-02,-3.245907101123223e-02
1609045672647747755,0,1609045672647747755,-1.261012180041496e+00,-4.362654654558575e+00,4.785325865687861e+00,9.014297849904837e-01,4.245315774173956e-01,-6.829453347519888e-02,-5.033030105893049e-02
1609045672750892639,0,1609045672750892639,-1.171146645951136e+00,-4.301955215281152e+00,4.819971116870123e+00,9.010954842008168e-01,4.221687525885605e-01,-6.979359988833930e-02,-7.020915969521921e-02
1609045672821276188,0,1609045672821276188,-1.101065477904083e+00,-4.254016566423530e+00,4.791075471379923e+00,9.016100551476232e-01,4.208545675039445e-01,-5.667955519589940e-02,-8.226888531110169e-02
1609045672923034191,0,1609045672923034191,-9.850635436460375e-01,-4.197619132329714e+00,4.787898286718683e+00,9.026625974633039e-01,4.211352050412999e-01,-3.807968154051414e-02,-7.997069506492334e-02
1609045673025911570,0,1609045673025911570,-8.585451818870853e-01,-4.151622859371182e+00,4.785729079416470e+00,9.035654147541775e-01,4.224073443830292e-01,-1.625830922748451e-02,-6.983726836168390e-02
1609045673128998995,0,1609045673128998995,-7.297671007025804e-01,-4.112991429428256e+00,4.780801638328266e+00,9.041001655486024e-01,4.232446163416244e-01,7.569162023401304e-03,-5.839172183498573e-02
1609045673232481480,0,1609045673232481480,-6.026239936795548e-01,-4.083743583975822e+00,4.780642626770669e+00,9.040430857852578e-01,4.239882715125535e-01,2.474601425818761e-02,-4.824603032135834e-02
1609045673335211992,0,1609045673335211992,-4.792684325867638e-01,-4.069016926046464e+00,4.785852980530628e+00,9.040487763978357e-01,4.237666694879349e-01,3.474582707940559e-02,-4.370751909016134e-02
1609045673438391209,0,1609045673438391209,-3.652557498683170e-01,-4.067269114563679e+00,4.766618302874726e+00,9.040763355627082e-01,4.234783514364632e-01,3.760983722926205e-02,-4.356105466490051e-02
1609045673541543484,0,1609045673541543484,-2.670015975621263e-01,-4.076543208215675e+00,4.738973063868618e+00,9.043632580821686e-01,4.231643979538924e-01,3.680453995176849e-02,-4.128456823114738e-02
1609045673644627094,0,1609045673644627094,-1.736558272043312e-01,-4.092764399156552e+00,4.721413056149572e+00,9.044977471201627e-01,4.233298933177142e-01,2.787928263229871e-02,-4.357031647623012e-02
1609045673747723579,0,1609045673747723579,-7.905338989002418e-02,-4.112975015868345e+00,4.730071476801143e+00,9.043314302179484e-01,4.237054356493068e-01,2.327538910495576e-02,-4.600678627085034e-02
1609045673850877762,0,1609045673850877762,1.878700527939923e-02,-4.137592540436970e+00,4.753415698029719e+00,9.042959756870691e-01,4.238050375978852e-01,1.946487253246133e-02,-4.753101303243770e-02
1609045673921044588,0,1609045673921044588,8.853003263195923e-02,-4.162107921062057e+00,4.759089499713183e+00,9.044365144997069e-01,4.236481720423897e-01,1.827922632396573e-02,-4.671924067798511e-02
1609045674022638559,0,1609045674022638559,1.770820314635196e-01,-4.211527749645846e+00,4.727528927554031e+00,9.047490845667334e-01,4.235868836503158e-01,1.186238762240844e-02,-4.315703575009485e-02
1609045674125643253,0,1609045674125643253,2.611334185773693e-01,-4.269716322047130e+00,4.696331425555192e+00,9.049697645550429e-01,4.237981761031667e-01,-1.369742379177827e-03,-3.772207547843026e-02
1609045674228634119,0,1609045674228634119,3.494508107370844e-01,-4.325955723160882e+00,4.685535815134879e+00,9.044249192763075e-01,4.250652046710040e-01,-1.512196067843675e-02,-3.326354573775245e-02
1609045674332293510,0,1609045674332293510,4.425366909859339e-01,-4.382112702019888e+00,4.690226800009245e+00,9.038725193645938e-01,4.260803928673197e-01,-2.609293887627607e-02,-2.809138821947000e-02
1609045674435212374,0,1609045674435212374,5.368373448113477e-01,-4.436756225614357e+00,4.699621266376317e+00,9.035799705026569e-01,4.264270923810224e-01,-3.331096096904074e-02,-2.436291585521615e-02
1609045674538475752,0,1609045674538475752,6.330352326929258e-01,-4.492419668209560e+00,4.707684729215851e+00,9.034334918445611e-01,4.265973338853593e-01,-3.634593386841747e-02,-2.239673249481230e-02
1609045674641791582,0,1609045674641791582,7.332280429687134e-01,-4.543931577848252e+00,4.715662014557018e+00,9.033935979367900e-01,4.265561662241086e-01,-3.682938371622229e-02,-2.394662309928704e-02
1609045674745010853,0,1609045674745010853,8.373001644774299e-01,-4.593053778070731e+00,4.722320329160838e+00,9.033718102866991e-01,4.267449689667144e-01,-3.333087865598513e-02,-2.640371884250505e-02
1609045674847961187,0,1609045674847961187,9.475576914101423e-01,-4.643960517142369e+00,4.743779470116082e+00,9.034742692473061e-01,4.262427470672997e-01,-3.114391054594018e-02,-3.288498466229897e-02
1609045674951330662,0,1609045674951330662,1.063717473142663e+00,-4.692937777298095e+00,4.761019235105227e+00,9.035748645764267e-01,4.260388202695377e-01,-2.532027851669734e-02,-3.744691208410852e-02
1609045675021524429,0,1609045675021524429,1.153991873866417e+00,-4.730687263736129e+00,4.766052464958292e+00,9.040293122979546e-01,4.252453799847476e-01,-1.560482708073328e-02,-4.066766134487308e-02
1609045675123085737,0,1609045675123085737,1.284410019809919e+00,-4.790119430029389e+00,4.772876942889056e+00,9.043360278885529e-01,4.245155915702031e-01,-6.188319127651291e-03,-4.386987443215549e-02
1609045675226181746,0,1609045675226181746,1.414452327074059e+00,-4.855659235236811e+00,4.774290606376096e+00,9.044005247359380e-01,4.242497069658732e-01,4.149899693170559e-03,-4.532830604633762e-02
1609045675329266071,0,1609045675329266071,1.541003338002942e+00,-4.925020365890571e+00,4.772163037579371e+00,9.045403323100504e-01,4.238414348484651e-01,1.033607347407196e-02,-4.536949321867127e-02
1609045675432434797,0,1609045675432434797,1.660892244705006e+00,-4.999443636115173e+00,4.753800032345355e+00,9.047861868480964e-01,4.237438457344571e-01,6.648622856355258e-03,-4.193930262809981e-02
1609045675535505056,0,1609045675535505056,1.775941429888496e+00,-5.081736689861002e+00,4.730051005569218e+00,9.048085874018034e-01,4.238302854860385e-01,3.988774305552449e-03,-4.090719922066249e-02
1609045675638645887,0,1609045675638645887,1.899301761225732e+00,-5.161040027042173e+00,4.739442298526249e+00,9.043280277589800e-01,4.246734908665261e-01,1.527699252739008e-03,-4.290583293151876e-02
1609045675741784096,0,1609045675741784096,2.024870179569919e+00,-5.238969669095789e+00,4.766009558758824e+00,9.041605258816426e-01,4.249224687612270e-01,5.187449770968626e-03,-4.367756110328171e-02
1609045675844728708,0,1609045675844728708,2.147146997282771e+00,-5.328593019954298e+00,4.784034268073711e+00,9.042913443505763e-01,4.238970731584814e-01,1.488821083869384e-02,-4.844354526750111e-02
1609045675947581768,0,1609045675947581768,2.263958076553396e+00,-5.429267493946685e+00,4.796324093546391e+00,9.045363246527484e-01,4.225717092644222e-01,2.681006366732251e-02,-5.028328150545983e-02
1609045676051018476,0,1609045676051018476,2.371769990722340e+00,-5.544216812629505e+00,4.787137099069488e+00,9.044334178631812e-01,4.217440434153339e-01,3.833207089310772e-02,-5.160239177417057e-02
1609045676121127367,0,1609045676121127367,2.445486370093190e+00,-5.638748321058578e+00,4.762512272256950e+00,9.044817999129396e-01,4.209559342941990e-01,4.949026317177730e-02,-4.753408103345195e-02
1609045676222876787,0,1609045676222876787,2.546912563840694e+00,-5.777010674880126e+00,4.737705823611485e+00,9.044125641116183e-01,4.211447318757821e-01,5.630557323396083e-02,-3.879060598751638e-02
1609045676326028109,0,1609045676326028109,2.638170933846563e+00,-5.924339549667649e+00,4.712725500635881e+00,9.049461821603441e-01,4.213606976916809e-01,5.473996343454647e-02,-2.304574227796972e-02
1609045676429025888,0,1609045676429025888,2.717595362356800e+00,-6.073365790415004e+00,4.692181503317093e+00,9.050860788996573e-01,4.222696702827237e-01,4.986950617105211e-02,-4.532956582725715e-03
1609045676532144070,0,1609045676532144070,2.785782810428722e+00,-6.218552847890946e+00,4.679760240172686e+00,9.049807607994316e-01,4.225521210756560e-01,4.738114488808880e-02,1.464768467033236e-02
1609045676634989977,0,1609045676634989977,2.839165630869625e+00,-6.351642280671657e+00,4.680563652372090e+00,9.042452964897830e-01,4.229937258301646e-01,4.778420540676069e-02,3.366632438840590e-02
1609045676738114595,0,1609045676738114595,2.877756207904434e+00,-6.477312610391979e+00,4.686127882924588e+00,9.034126975752607e-01,4.233618681846727e-01,4.814865388518787e-02,4.787414287251369e-02
1609045676841275454,0,1609045676841275454,2.894370678286590e+00,-6.591806128024654e+00,4.690553990914017e+00,9.029165756848662e-01,4.229903178057097e-01,4.923037597257466e-02,5.828566270960340e-02
1609045676944735527,0,1609045676944735527,2.892057780923183e+00,-6.697730106740353e+00,4.692334086362797e+00,9.026666685646635e-01,4.228510287262142e-01,4.851923787237671e-02,6.352776183367219e-02
1609045677047891855,0,1609045677047891855,2.872972962717825e+00,-6.794871861442124e+00,4.694922830545344e+00,9.026747998504185e-01,4.230910904151527e-01,4.721863069687909e-02,6.278961571145646e-02
1609045677150900602,0,1609045677150900602,2.838344014927188e+00,-6.881869513114738e+00,4.693268560652213e+00,9.030777678730060e-01,4.231741251346051e-01,4.394537581016499e-02,5.867715854342270e-02
1609045677221179247,0,1609045677221179247,2.803320806855527e+00,-6.949154404078093e+00,4.689347909430770e+00,9.036091182463092e-01,4.238574623342761e-01,3.692772396648333e-02,4.971676023321268e-02
1609045677322882414,0,1609045677322882414,2.735901567247951e+00,-7.029548325768188e+00,4.678286282604499e+00,9.044864211530562e-01,4.239609407743922e-01,2.594361529859458e-02,3.857931404813104e-02
1609045677425777674,0,1609045677425777674,2.667277644549078e+00,-7.108609089573505e+00,4.688122348923506e+00,9.052982667128409e-01,4.240257444277255e-01,9.985881251411274e-03,2.318401442010224e-02
1609045677529171944,0,1609045677529171944,2.597600345605235e+00,-7.178958718444236e+00,4.699907945363001e+00,9.054737159784276e-01,4.242278145190695e-01,-1.342351906328968e-03,1.209583199742309e-02
1609045677632488251,0,1609045677632488251,2.526722464321903e+00,-7.241518217548574e+00,4.714753522094758e+00,9.054754033807627e-01,4.242517314125729e-01,-5.808580489005613e-03,9.540579560089571e-03
1609045677735778570,0,1609045677735778570,2.454792165664514e+00,-7.295569170394759e+00,4.724850968770482e+00,9.054065322225389e-01,4.243907412920436e-01,-5.547703019832801e-03,1.003658833030888e-02
1609045677838134289,0,1609045677838134289,2.377219595611533e+00,-7.337807063086993e+00,4.724373611474658e+00,9.052987796891978e-01,4.246025335527008e-01,-1.835111125770229e-03,1.197665899972865e-02
1609045677941628456,0,1609045677941628456,2.294860916999442e+00,-7.369790028196658e+00,4.717589262059761e+00,9.052226030996957e-01,4.248105326906589e-01,2.360645552117203e-04,1.039203665208696e-02
1609045678044711828,0,1609045678044711828,2.210520802566523e+00,-7.398697957156580e+00,4.712827562057782e+00,9.054263534171140e-01,4.244459986460146e-01,-3.115742347195402e-03,6.245391946451647e-03
1609045678147869349,0,1609045678147869349,2.127970928085657e+00,-7.426341005607470e+00,4.712625886748308e+00,9.054270666986273e-01,4.243972510255121e-01,-9.120638210477299e-03,-2.369423960781181e-03
1609045678251028299,0,1609045678251028299,2.046414227498015e+00,-7.450270509738763e+00,4.705710365763255e+00,9.052638936042121e-01,4.245652978796869e-01,-1.219266732428013e-02,-9.640001875426721e-03
1609045678321052790,0,1609045678321052790,1.985161393696330e+00,-7.472415670969496e+00,4.707269144437994e+00,9.052013696273693e-01,4.243049378227106e-01,-1.814784398694100e-02,-1.569891468830956e-02
1609045678422553301,0,1609045678422553301,1.902974301554695e+00,-7.500217540120000e+00,4.705823711136056e+00,9.050937353692801e-01,4.242274637316962e-01,-2.036572343414236e-02,-2.053354620675852e-02
1609045678526213169,0,1609045678526213169,1.824004267248915e+00,-7.525765182434808e+00,4.703582007137243e+00,9.050922817135318e-01,4.241729889704504e-01,-1.999801100629254e-02,-2.202990163444312e-02
1609045678628859997,0,1609045678628859997,1.752717027265822e+00,-7.551853973260839e+00,4.703330070585675e+00,9.051454397047298e-01,4.241037230198149e-01,-1.957448074005323e-02,-2.155469336326121e-02
1609045678732256651,0,1609045678732256651,1.687305326139155e+00,-7.576350439438737e+00,4.705867323031534e+00,9.052308283583845e-01,4.239554030904590e-01,-1.859072551191867e-02,-2.175657382732638e-02
1609045678835974932,0,1609045678835974932,1.627588733816256e+00,-7.598996272891101e+00,4.709216592741753e+00,9.052755585242613e-01,4.240041225156341e-01,-1.638370056879276e-02,-2.069399873805912e-02
1609045678938373089,0,1609045678938373089,1.570936498662295e+00,-7.620781490894000e+00,4.714562766259135e+00,9.052956175705313e-01,4.240103094284721e-01,-1.361981685916285e-02,-2.167032289673384e-02
1609045679041578293,0,1609045679041578293,1.518416293885346e+00,-7.643157174842945e+00,4.719593884402949e+00,9.054653658617847e-01,4.237522993546740e-01,-9.113596005919013e-03,-2.198641362333257e-02
1609045679144719124,0,1609045679144719124,1.467029511948435e+00,-7.668358393365668e+00,4.721984787259289e+00,9.054602314031709e-01,4.237382687267393e-01,-5.159599634191232e-03,-2.368601898082994e-02
1609045679248349667,0,1609045679248349667,1.418002072168805e+00,-7.694489447186866e+00,4.721065682697994e+00,9.054885618102623e-01,4.236058488791517e-01,-2.141044138246740e-03,-2.537646854701768e-02
1609045679351539135,0,1609045679351539135,1.370147433949479e+00,-7.723828899185712e+00,4.714833039589049e+00,9.054866204596425e-01,4.235348567752133e-01,-5.290093982680032e-04,-2.668193047354616e-02
1609045679421639442,0,1609045679421639442,1.331625724918412e+00,-7.749871996983694e+00,4.705684771165498e+00,9.055071951981605e-01,4.234946893375399e-01,3.575677730868091e-04,-2.662404350038569e-02
1609045679523400545,0,1609045679523400545,1.280026571320168e+00,-7.788185720962364e+00,4.699148518064435e+00,9.056199660627262e-01,4.233122168952436e-01,-5.429353281386192e-04,-2.567000811786075e-02
1609045679627012730,0,1609045679627012730,1.229966370431760e+00,-7.830650714283049e+00,4.691747766217636e+00,9.056613746163826e-01,4.233597870078192e-01,-2.472092197486581e-03,-2.319168024499933e-02
1609045679729348183,0,1609045679729348183,1.182996150710174e+00,-7.872214256419052e+00,4.677688998961946e+00,9.056171538252813e-01,4.236151716269370e-01,-9.273686328493499e-04,-2.017168937042030e-02
1609045679832794905,0,1609045679832794905,1.134014210074768e+00,-7.910825933736714e+00,4.662858677904893e+00,9.056136891411746e-01,4.236841976593883e-01,-4.831230702965084e-04,-1.884975558711066e-02
1609045679934768677,0,1609045679934768677,1.087129771939857e+00,-7.950293885275452e+00,4.655119362695699e+00,9.056123903214955e-01,4.236181734335212e-01,-1.294730926561744e-03,-2.030185470896189e-02
1609045680037883997,0,1609045680037883997,1.044955007192941e+00,-7.993045393106136e+00,4.658609126507010e+00,9.057354865679416e-01,4.231571573817645e-01,-1.229367513973700e-03,-2.407773210657935e-02
1609045680141022205,0,1609045680141022205,1.001458302537635e+00,-8.038737411436363e+00,4.668307232431683e+00,9.058521044982861e-01,4.227907555947290e-01,1.418224502459468e-04,-2.607530720468838e-02
1609045680244366169,0,1609045680244366169,9.561539235016139e-01,-8.085929937733818e+00,4.668598752583409e+00,9.058582768622767e-01,4.226895742979647e-01,4.465976851081572e-03,-2.709909722554458e-02
1609045680347654819,0,1609045680347654819,9.091506921192876e-01,-8.136108113819891e+00,4.664007380819886e+00,9.058344207510822e-01,4.226886368478331e-01,9.281188709402224e-03,-2.668666330161392e-02
1609045680451246738,0,1609045680451246738,8.635802461115877e-01,-8.188630411632353e+00,4.661958109568213e+00,9.059501479969689e-01,4.224660919804403e-01,1.295553893861755e-02,-2.467558472694800e-02
1609045680521212578,0,1609045680521212578,8.268206183731990e-01,-8.232752106817165e+00,4.664085560614394e+00,9.060316881795333e-01,4.224501514963805e-01,1.364069866928553e-02,-2.136307222303424e-02
1609045680623037100,0,1609045680623037100,7.710626676482589e-01,-8.297451591017468e+00,4.668567498719783e+00,9.062052310882008e-01,4.224124923390997e-01,1.229093287425910e-02,-1.444639862024605e-02
1609045680726279259,0,1609045680726279259,7.116129141688314e-01,-8.364405916574121e+00,4.668793434427067e+00,9.063411804051441e-01,4.223849503717015e-01,1.168302490321436e-02,-3.540200277991769e-04
1609045680829070330,0,1609045680829070330,6.519784826208181e-01,-8.426029976659901e+00,4.669858278771311e+00,9.060624545097619e-01,4.225953666600311e-01,1.261263448153760e-02,1.746155939253729e-02
1609045680932203293,0,1609045680932203293,5.887173216420405e-01,-8.480879813681669e+00,4.670564112191573e+00,9.053516009048145e-01,4.229713169223842e-01,1.538106202599884e-02,3.460009726503639e-02
1609045681034949303,0,1609045681034949303,5.145349079774805e-01,-8.520558528657620e+00,4.664091579499477e+00,9.044062522523310e-01,4.231379665158896e-01,2.038014318103357e-02,5.087476725623283e-02
1609045681138003588,0,1609045681138003588,4.319369461665286e-01,-8.550053482322348e+00,4.660804789150047e+00,9.037803609169892e-01,4.232000640874118e-01,2.173870856159893e-02,6.008488601142769e-02
1609045681241038322,0,1609045681241038322,3.399995917653032e-01,-8.570959658142034e+00,4.660812238804387e+00,9.036573233696277e-01,4.227773506444808e-01,2.229435671331494e-02,6.454235323396289e-02
1609045681344168425,0,1609045681344168425,2.420071988396211e-01,-8.583715247740201e+00,4.661428572563442e+00,9.038531163193955e-01,4.227001076750292e-01,1.996875747287324e-02,6.305086689324355e-02
1609045681447384119,0,1609045681447384119,1.289685607742824e-01,-8.583828038697304e+00,4.648091958203127e+00,9.043110564882363e-01,4.226843337478672e-01,1.415904868357833e-02,5.795678094401148e-02
1609045681551134109,0,1609045681551134109,5.346639731751907e-03,-8.572654248197935e+00,4.628343401416388e+00,9.049783008150671e-01,4.224731925201110e-01,1.237095902576520e-03,5.029061790465380e-02
1609045681620985746,0,1609045681620985746,-9.064367629245008e-02,-8.567965810706117e+00,4.631341465496337e+00,9.055374328682069e-01,4.221917795400153e-01,-1.560365200359001e-02,3.889196584399311e-02
1609045681722767830,0,1609045681722767830,-2.286110633317335e-01,-8.543351003753417e+00,4.625954701502812e+00,9.054873875620990e-01,4.217627115859989e-01,-3.632064504693661e-02,2.982644505688779e-02
1609045681825948954,0,1609045681825948954,-3.586689315387907e-01,-8.507903539235551e+00,4.642654151165649e+00,9.049556500776933e-01,4.213622112308759e-01,-5.475715421026459e-02,2.260115929870376e-02
1609045681928956270,0,1609045681928956270,-4.830008142766632e-01,-8.456920943904704e+00,4.658038328408453e+00,9.045070736367433e-01,4.207786358661884e-01,-6.593789698454626e-02,2.155196233998965e-02
1609045682031978130,0,1609045682031978130,-5.960287871722847e-01,-8.393765126166967e+00,4.670775992706815e+00,9.039464873868697e-01,4.210121274086224e-01,-7.129575061266283e-02,2.337632263954844e-02
1609045682135032177,0,1609045682135032177,-6.966795305648066e-01,-8.317307494192375e+00,4.680286066255860e+00,9.036507612512649e-01,4.211943154186875e-01,-7.309369474129909e-02,2.584496349047668e-02
1609045682238031626,0,1609045682238031626,-7.847674534349476e-01,-8.226798934016649e+00,4.694668080985807e+00,9.038630746648841e-01,4.214054637476364e-01,-7.035902201556181e-02,2.232902599223827e-02
1609045682341411829,0,1609045682341411829,-8.634496113797968e-01,-8.120312282554448e+00,4.710363985864977e+00,9.043212721025260e-01,4.221749434480638e-01,-6.117924850631361e-02,1.511467827851777e-02
1609045682444501162,0,1609045682444501162,-9.294621314275279e-01,-8.010416090351535e+00,4.736270628753178e+00,9.051499048221670e-01,4.217134275720347e-01,-5.321435620215640e-02,5.446751290998880e-03
1609045682547627926,0,1609045682547627926,-9.847049521965840e-01,-7.899152410458184e+00,4.754106834196697e+00,9.057865458550692e-01,4.215890942048539e-01,-4.236142266477014e-02,-4.344981594651749e-03
1609045682651386976,0,1609045682651386976,-1.034683399273907e+00,-7.785819193721300e+00,4.754687028613310e+00,9.062109729271448e-01,4.214236355626161e-01,-3.258409622626238e-02,-1.104846634206328e-02
1609045682721065044,0,1609045682721065044,-1.069164300294558e+00,-7.697967965387643e+00,4.749832620862759e+00,9.064734242055705e-01,4.212340708244322e-01,-2.552258388817424e-02,-1.471008147990927e-02
1609045682822953701,0,1609045682822953701,-1.114797353779565e+00,-7.573224031095894e+00,4.746092415181574e+00,9.063241321663664e-01,4.217554069786081e-01,-2.122060509956816e-02,-1.576800736205121e-02
1609045682926196575,0,1609045682926196575,-1.157355339113835e+00,-7.448675472608727e+00,4.744060287365355e+00,9.062931063610580e-01,4.219312757409845e-01,-1.941829315193283e-02,-1.515697215295400e-02
1609045683029284716,0,1609045683029284716,-1.196760308994522e+00,-7.328588201815965e+00,4.747087653931471e+00,9.062214373320572e-01,4.220283831005761e-01,-2.153697164068670e-02,-1.381699061486530e-02
1609045683132176876,0,1609045683132176876,-1.231826507889589e+00,-7.210065767653525e+00,4.752777966283936e+00,9.061340427472515e-01,4.221695696861446e-01,-2.291137968227758e-02,-1.300075714568978e-02
1609045683234747410,0,1609045683234747410,-1.263851210006301e+00,-7.093763590425992e+00,4.760390332725549e+00,9.059907487252763e-01,4.223738041218204e-01,-2.527637877590866e-02,-1.192633605179461e-02
1609045683338006735,0,1609045683338006735,-1.292620582981413e+00,-6.978060007351370e+00,4.769672434285146e+00,9.061842473321773e-01,4.218673470700305e-01,-2.690370647580108e-02,-1.158628243835219e-02
1609045683441144943,0,1609045683441144943,-1.316393248852754e+00,-6.864432029701710e+00,4.779282087176099e+00,9.060840733150863e-01,4.219803534760102e-01,-2.849254009408615e-02,-1.150689027309150e-02
1609045683544141054,0,1609045683544141054,-1.334080242824329e+00,-6.750419343601215e+00,4.788682193950987e+00,9.062435968659303e-01,4.216289547559613e-01,-2.887445209669008e-02,-1.085512168424401e-02
1609045683647330046,0,1609045683647330046,-1.346755614854785e+00,-6.634881274104925e+00,4.797783736515436e+00,9.062635351426304e-01,4.214936449053514e-01,-3.000332080419253e-02,-1.137158369227069e-02
1609045683750453711,0,1609045683750453711,-1.356434567739761e+00,-6.519744860334888e+00,4.802931785175382e+00,9.061367229222704e-01,4.216037196564603e-01,-3.227769503865094e-02,-1.116661749519901e-02
1609045683820708752,0,1609045683820708752,-1.362067766905959e+00,-6.427994815331908e+00,4.805614778142338e+00,9.064096122373980e-01,4.209169553101339e-01,-3.389593069457678e-02,-1.007955644919707e-02
1609045683922573090,0,1609045683922573090,-1.363171557559471e+00,-6.296606117543701e+00,4.807147247667512e+00,9.060050837987927e-01,4.215212744873926e-01,-3.691430270405072e-02,-1.058005391793638e-02
1609045684025645018,0,1609045684025645018,-1.357119255569499e+00,-6.165381988714949e+00,4.811698713991133e+00,9.058355214853129e-01,4.215969199757137e-01,-3.999532721850726e-02,-1.088204405775551e-02
1609045684128731251,0,1609045684128731251,-1.345630524344147e+00,-6.035334424411090e+00,4.818185531650403e+00,9.056484089932849e-01,4.218564038939646e-01,-4.134395012281208e-02,-1.134951847412342e-02
1609045684231923342,0,1609045684231923342,-1.329715822602385e+00,-5.904310754374736e+00,4.822026383090708e+00,9.058379808771682e-01,4.214308785338000e-01,-4.144439118506978e-02,-1.165887892000531e-02
1609045684334887743,0,1609045684334887743,-1.306750447972470e+00,-5.772530912673989e+00,4.821269398005114e+00,9.058450723988916e-01,4.214994010269211e-01,-3.997852334887254e-02,-1.358960688189557e-02
1609045684437912703,0,1609045684437912703,-1.280912509141328e+00,-5.639461078712360e+00,4.803519421902200e+00,9.055433576545849e-01,4.218727783570494e-01,-3.994319622840716e-02,-2.047260031821506e-02
1609045684541215181,0,1609045684541215181,-1.247395607697728e+00,-5.507663717483594e+00,4.800105934712386e+00,9.053764150728560e-01,4.212208091602007e-01,-4.408131271118602e-02,-3.038774143749298e-02
1609045684643968105,0,1609045684643968105,-1.203244342979338e+00,-5.381949951170554e+00,4.808461979950592e+00,9.046709985161661e-01,4.200488704104470e-01,-5.426695464381743e-02,-4.673787055611800e-02
1609045684747433662,0,1609045684747433662,-1.147362148882740e+00,-5.258371626389120e+00,4.816652401916341e+00,9.041491326735692e-01,4.190301544396891e-01,-5.985580362483820e-02,-5.783907267644477e-02
1609045684850586414,0,1609045684850586414,-1.077186893748359e+00,-5.142814476741011e+00,4.821237648078462e+00,9.038301561953080e-01,4.177726728662858e-01,-6.624653725452115e-02,-6.456344832544117e-02
1609045684920950890,0,1609045684920950890,-1.013435078384904e+00,-5.054071841484245e+00,4.821878561305265e+00,9.041293477835035e-01,4.173842957269271e-01,-6.409186059671813e-02,-6.505924655363340e-02
1609045685022578239,0,1609045685022578239,-9.106920950532322e-01,-4.937658300969305e+00,4.822965081464345e+00,9.048430333472186e-01,4.181653159553201e-01,-5.789698441206391e-02,-5.517964054561599e-02
1609045685125825167,0,1609045685125825167,-7.942242636324144e-01,-4.823138218739427e+00,4.825176420487556e+00,9.056098758586467e-01,4.200315208686021e-01,-3.605770522444263e-02,-4.630460147551038e-02
1609045685228931427,0,1609045685228931427,-6.688319359339522e-01,-4.712757622943285e+00,4.854484883916555e+00,9.059337890192957e-01,4.213202373549679e-01,-9.601627740909112e-03,-4.100044210475130e-02
1609045685332142830,0,1609045685332142830,-5.471283242007865e-01,-4.611179049536437e+00,4.870964898814440e+00,9.063192233975350e-01,4.205225426437631e-01,1.659444197468377e-02,-3.835206544407907e-02
1609045685434924603,0,1609045685434924603,-4.356371179167115e-01,-4.522722711454197e+00,4.877421666278012e+00,9.061712063786844e-01,4.189956443672078e-01,3.894016704498321e-02,-4.219073502298699e-02
1609045685538050652,0,1609045685538050652,-3.344318596392657e-01,-4.450018697745207e+00,4.861452088641497e+00,9.057666172662383e-01,4.173160329525130e-01,5.469308049382456e-02,-4.942500007801291e-02
1609045685641674995,0,1609045685641674995,-2.461022364089189e-01,-4.392327095152806e+00,4.832183452115444e+00,9.056731738676698e-01,4.161010240012677e-01,6.035856837124857e-02,-5.452415231338970e-02
1609045685744146824,0,1609045685744146824,-1.695463564977592e-01,-4.349680270464933e+00,4.800265763207877e+00,9.059847776860687e-01,4.150325588298991e-01,6.009853056530857e-02,-5.768643112451183e-02
1609045685847083330,0,1609045685847083330,-9.558117224025406e-02,-4.313412183152254e+00,4.783469082944917e+00,9.062454338914336e-01,4.153484547370926e-01,5.666238034787744e-02,-5.471973457090346e-02
1609045685950216532,0,1609045685950216532,-2.977322775785774e-02,-4.290702211684926e+00,4.759390791910708e+00,9.068094107488339e-01,4.158174949239583e-01,4.841183936685965e-02,-4.948532410114884e-02
1609045686020357370,0,1609045686020357370,1.509453701415483e-02,-4.275243991178726e+00,4.749286186095371e+00,9.072966040915813e-01,4.162262246653432e-01,4.424531773353405e-02,-4.013669098394743e-02
1609045686122294426,0,1609045686122294426,7.757117532053986e-02,-4.263529181785958e+00,4.746862551415851e+00,9.074672797012833e-01,4.172706399499843e-01,3.875515552493671e-02,-2.977225599925675e-02
1609045686225404024,0,1609045686225404024,1.333881563920754e-01,-4.258587400909396e+00,4.753808750540247e+00,9.073328201130857e-01,4.183103127606732e-01,3.806532609303992e-02,-1.773884812769322e-02
1609045686328576326,0,1609045686328576326,1.767858706189221e-01,-4.261755543789782e+00,4.760734681566960e+00,9.071774590605695e-01,4.188269435406369e-01,3.976192897612884e-02,-5.660224437095574e-03
1609045686431631804,0,1609045686431631804,2.033668067940544e-01,-4.268105790777422e+00,4.752964892228207e+00,9.067446780215077e-01,4.192937697465926e-01,4.471485362996665e-02,2.721285721588597e-03
1609045686535401821,0,1609045686535401821,2.146649582082886e-01,-4.277030895168270e+00,4.750566675546369e+00,9.067043306432652e-01,4.191157570495137e-01,4.623926584882855e-02,9.548260526723015e-03
1609045686637708426,0,1609045686637708426,2.164025153578624e-01,-4.287338778605610e+00,4.749973773423505e+00,9.067553527567488e-01,4.189717936879225e-01,4.596283052935569e-02,1.203264519554532e-02
1609045686741411924,0,1609045686741411924,2.030309381544855e-01,-4.295415912906644e+00,4.754221041992469e+00,9.067103566054497e-01,4.190617542750905e-01,4.509821974183952e-02,1.515671152271515e-02
1609045686844175816,0,1609045686844175816,1.795806548444749e-01,-4.304607124214204e+00,4.749025836866405e+00,9.067761061126497e-01,4.191888934796761e-01,4.206891313555787e-02,1.636983548549226e-02
1609045686947633505,0,1609045686947633505,1.362735756488468e-01,-4.313710835853775e+00,4.721266709259470e+00,9.068149783526821e-01,4.196221167088066e-01,3.461737404727096e-02,2.013731903407930e-02
1609045687050746679,0,1609045687050746679,8.204880692857235e-02,-4.320327353976306e+00,4.694577782186282e+00,9.069409384136986e-01,4.200440659213542e-01,2.335977886244345e-02,2.180453266635599e-02
1609045687120874882,0,1609045687120874882,4.582098851492563e-02,-4.322191996221127e+00,4.709103957529567e+00,9.071006904344467e-01,4.202024673974098e-01,8.969836508266894e-03,2.275446855581166e-02
1609045687222541571,0,1609045687222541571,-9.090259271914357e-03,-4.316472028635764e+00,4.720253105618180e+00,9.068413628248637e-01,4.206723161302255e-01,-6.800670773512771e-04,2.594383587888697e-02
1609045687325647831,0,1609045687325647831,-7.344831998015616e-02,-4.300381178009039e+00,4.725369385967189e+00,9.065085204213572e-01,4.213494742079343e-01,-1.695119676187072e-03,2.653393218555960e-02
1609045687428470135,0,1609045687428470135,-1.489639760131474e-01,-4.274751722062956e+00,4.716799454250125e+00,9.066824804144409e-01,4.212242213249775e-01,-2.806275056856039e-03,2.211695952777890e-02
1609045687532086372,0,1609045687532086372,-2.224238587598476e-01,-4.243791155422123e+00,4.723376322943925e+00,9.068948179460580e-01,4.211019074622748e-01,-1.005116979148781e-02,1.067458194999774e-02
1609045687635265589,0,1609045687635265589,-2.949965503244468e-01,-4.212714103957693e+00,4.739325811786489e+00,9.070406492020415e-01,4.206757564384543e-01,-1.752054188489153e-02,-1.482987490366902e-03
1609045687737892866,0,1609045687737892866,-3.590310989740379e-01,-4.178685056953088e+00,4.762762921395877e+00,9.067122357369870e-01,4.207454083551654e-01,-2.543752699852973e-02,-1.411223344626408e-02
1609045687841604471,0,1609045687841604471,-4.211705533146162e-01,-4.142075633672019e+00,4.777553587134710e+00,9.065562954954419e-01,4.207646924492038e-01,-2.551248327236032e-02,-2.149115824585169e-02
1609045687944573164,0,1609045687944573164,-4.783678196968794e-01,-4.107004931193536e+00,4.791341586661415e+00,9.065528651416569e-01,4.206874805368000e-01,-2.333457968257287e-02,-2.528722629815225e-02
1609045688047671318,0,1609045688047671318,-5.316780554162104e-01,-4.071988435120539e+00,4.801808048859963e+00,9.064528171107784e-01,4.210030947912287e-01,-2.078411375900065e-02,-2.583999116020953e-02
1609045688150000811,0,1609045688150000811,-5.794841855270447e-01,-4.039265696731602e+00,4.813805109390563e+00,9.063992836860002e-01,4.211476668679404e-01,-1.990521656589900e-02,-2.605309153297624e-02
1609045688220153093,0,1609045688220153093,-6.147505891801318e-01,-4.013530345447070e+00,4.817445357151452e+00,9.065439816429519e-01,4.208662056770927e-01,-1.901532077965409e-02,-2.623097103276691e-02
1609045688322328568,0,1609045688322328568,-6.599337119113428e-01,-3.979102965092832e+00,4.824743620133264e+00,9.065086424175051e-01,4.208391244231656e-01,-1.958351496699288e-02,-2.744081847207352e-02
1609045688426336765,0,1609045688426336765,-7.019509311258461e-01,-3.946882798797875e+00,4.833379477587520e+00,9.064080945755221e-01,4.208716755328425e-01,-2.191983682588284e-02,-2.847664965265414e-02
1609045688528754950,0,1609045688528754950,-7.369548547672474e-01,-3.918520532077558e+00,4.839269354346828e+00,9.063884028510611e-01,4.208378420828395e-01,-2.412176117884327e-02,-2.781572371083325e-02
1609045688632354736,0,1609045688632354736,-7.682249026258070e-01,-3.892558681548640e+00,4.837270154909640e+00,9.064323858276870e-01,4.208587606084565e-01,-2.282150893135278e-02,-2.715533597109396e-02
1609045688735170841,0,1609045688735170841,-7.958939579386993e-01,-3.864976888363403e+00,4.835597075671387e+00,9.063626581197942e-01,4.212972593380070e-01,-2.071636916968522e-02,-2.421122236686419e-02
1609045688838249207,0,1609045688838249207,-8.181927293215848e-01,-3.839506272070803e+00,4.833384055710586e+00,9.065073695099582e-01,4.211575963111737e-01,-1.961246393220496e-02,-2.204584658856626e-02
1609045688941140890,0,1609045688941140890,-8.363538358643473e-01,-3.813959619257729e+00,4.827848504994685e+00,9.063679976859701e-01,4.214527543552744e-01,-1.993043703437018e-02,-2.184962920661456e-02
1609045689044077396,0,1609045689044077396,-8.530100057443630e-01,-3.788781338477261e+00,4.819479563670490e+00,9.064374908923397e-01,4.212276533447049e-01,-2.017368478415416e-02,-2.305128205789217e-02
1609045689147029161,0,1609045689147029161,-8.643417886313421e-01,-3.764783639465262e+00,4.804871141828674e+00,9.063225563512475e-01,4.212449424396241e-01,-2.017627950137318e-02,-2.692656798091433e-02
1609045689250909090,0,1609045689250909090,-8.729069487831633e-01,-3.741130046586743e+00,4.799441483830517e+00,9.060536327603296e-01,4.210880855300609e-01,-2.406096828963615e-02,-3.424483305806730e-02
1609045689320638657,0,1609045689320638657,-8.754195795077353e-01,-3.726372704203918e+00,4.793070430770646e+00,9.057050570618378e-01,4.207760299878444e-01,-2.913358566738635e-02,-4.239240953535903e-02
1609045689422538280,0,1609045689422538280,-8.720731908582230e-01,-3.709327901174846e+00,4.793689407946643e+00,9.051947600170606e-01,4.201887017958166e-01,-3.622156903344685e-02,-5.245854799104510e-02
1609045689526212454,0,1609045689526212454,-8.589147626281965e-01,-3.699004344825011e+00,4.788507062441066e+00,9.046358018694965e-01,4.198175734633492e-01,-4.085718653831803e-02,-6.097508749663077e-02
1609045689628630638,0,1609045689628630638,-8.362836906164440e-01,-3.692990149953309e+00,4.786426342759993e+00,9.044150722691691e-01,4.193658676004847e-01,-4.364575597040742e-02,-6.527399275047534e-02
1609045689731941938,0,1609045689731941938,-7.995937656768254e-01,-3.696866254290556e+00,4.793750811438435e+00,9.046511684640931e-01,4.194712020856672e-01,-4.608229120596260e-02,-5.938515348413208e-02
1609045689834644556,0,1609045689834644556,-7.523350465654328e-01,-3.707642386087278e+00,4.783105105649618e+00,9.050702959297175e-01,4.197360126890107e-01,-4.450916769767415e-02,-5.184952331751119e-02
1609045689937699080,0,1609045689937699080,-7.014495129034637e-01,-3.715823893551452e+00,4.756122330933696e+00,9.055682042777573e-01,4.210500288686073e-01,-3.120125101912236e-02,-4.110453169072094e-02
1609045690040891409,0,1609045690040891409,-6.443152311420300e-01,-3.726575941027431e+00,4.741885206349207e+00,9.058321634385925e-01,4.218700943777527e-01,-2.444681144282868e-02,-2.993440428524920e-02
1609045690144007206,0,1609045690144007206,-5.830021420382996e-01,-3.741000595541827e+00,4.729825088453473e+00,9.059927770013511e-01,4.219516000545957e-01,-2.332052409210418e-02,-2.429173498507244e-02
1609045690247228861,0,1609045690247228861,-5.189944965592783e-01,-3.753351855485494e+00,4.721850395545967e+00,9.059815909513997e-01,4.220172904966490e-01,-2.369676800102299e-02,-2.317814844006876e-02
1609045690350428343,0,1609045690350428343,-4.512885546362256e-01,-3.765934613335451e+00,4.715891268409035e+00,9.059385245000866e-01,4.220824670764500e-01,-2.467415256164290e-02,-2.264877498663415e-02
1609045690420751333,0,1609045690420751333,-3.966913185041240e-01,-3.772890409728003e+00,4.712995474991906e+00,9.058594064601069e-01,4.220817809152141e-01,-2.617275945346767e-02,-2.409756439024785e-02
1609045690522382975,0,1609045690522382975,-3.166014734668867e-01,-3.785377777958633e+00,4.706113302342501e+00,9.057319304318848e-01,4.222240227041462e-01,-2.715459116526488e-02,-2.528187149074444e-02
1609045690625310421,0,1609045690625310421,-2.314536589557322e-01,-3.798193197258939e+00,4.702012279931517e+00,9.056185563443279e-01,4.223115469514393e-01,-2.863743692956966e-02,-2.622756035492224e-02
1609045690728332281,0,1609045690728332281,-1.440643626901572e-01,-3.813824241582807e+00,4.698125852206482e+00,9.060097752709912e-01,4.213903971885801e-01,-2.970242567380211e-02,-2.634741314660649e-02
1609045690831570864,0,1609045690831570864,-4.636651863004070e-02,-3.832787363665151e+00,4.695356246162308e+00,9.068925790447474e-01,4.194669339431167e-01,-2.993014817246594e-02,-2.641074841930638e-02
1609045690933950663,0,1609045690933950663,5.999741560860827e-02,-3.851484187663575e+00,4.703616799418740e+00,9.101791027451308e-01,4.124646925920368e-01,-2.823657593426575e-02,-2.548674303038392e-02
1609045691036923409,0,1609045691036923409,1.683850415476133e-01,-3.871801676666393e+00,4.709264899760624e+00,9.158556303879026e-01,4.000224408008906e-01,-2.673576501678425e-02,-2.181077740935571e-02
1609045691140179157,0,1609045691140179157,2.746979676059027e-01,-3.891467244343693e+00,4.708856431053361e+00,9.224763751264096e-01,3.850576339558773e-01,-1.998852096191156e-02,-1.919413700711281e-02
1609045691243499041,0,1609045691243499041,3.801231277859956e-01,-3.907263577267170e+00,4.712593414706403e+00,9.289851831439316e-01,3.695347799834431e-01,-1.530888391706406e-02,-1.400763915096424e-02
1609045691346875191,0,1609045691346875191,4.836274347864021e-01,-3.922843432475387e+00,4.720674608852477e+00,9.349711391565978e-01,3.542574474422694e-01,-1.060195396484384e-02,-1.477255725218998e-02
1609045691450395823,0,1609045691450395823,5.889689465849133e-01,-3.935980247493153e+00,4.739299529707515e+00,9.402423754971421e-01,3.402390125106437e-01,-2.892608173703207e-03,-1.316520045279763e-02
1609045691520837069,0,1609045691520837069,6.642342622397324e-01,-3.949124886304145e+00,4.749313766524547e+00,9.447899804517863e-01,3.273253186102720e-01,9.899155113345512e-04,-1.513435501134144e-02
1609045691622623444,0,1609045691622623444,7.706255251530091e-01,-3.964637113591250e+00,4.745859421815405e+00,9.488039221778002e-01,3.153466780220389e-01,9.815210947217191e-03,-1.520695743004574e-02
1609045691725978613,0,1609045691725978613,8.751409618773502e-01,-3.984016180041138e+00,4.744496127126000e+00,9.523273190086901e-01,3.044764290449727e-01,1.126652328146537e-02,-1.548699708202575e-02
1609045691828803301,0,1609045691828803301,9.729796736498064e-01,-4.004771093736655e+00,4.743153838692030e+00,9.555296388792766e-01,2.944455406131439e-01,1.078152685797219e-02,-1.219391301462051e-02
1609045691931876183,0,1609045691931876183,1.064046563756565e+00,-4.026947648972277e+00,4.735389084435065e+00,9.581399433792420e-01,2.860009015274468e-01,1.035664578156513e-02,-8.004568357426238e-03
1609045692035089493,0,1609045692035089493,1.152401398009537e+00,-4.047622143586356e+00,4.724643007337186e+00,9.603809899015525e-01,2.784043055196380e-01,1.117959818499991e-02,-5.866301047893254e-03
1609045692138012409,0,1609045692138012409,1.236167887552349e+00,-4.066015713358722e+00,4.727476997406123e+00,9.626973285003111e-01,2.704441391246740e-01,6.594986275261476e-03,-5.507037972029250e-03
1609045692241728783,0,1609045692241728783,1.317405143013926e+00,-4.085667999979847e+00,4.730771051165990e+00,9.653954303674057e-01,2.606307045279364e-01,1.073847606535519e-04,-9.126190400844267e-03
1609045692344128132,0,1609045692344128132,1.396153019867107e+00,-4.104614696557851e+00,4.741746657004285e+00,9.679951893445750e-01,2.505473237856004e-01,-6.324822707696872e-03,-1.309001784045379e-02
1609045692446974993,0,1609045692446974993,1.472256667526926e+00,-4.124539225752562e+00,4.755288686008586e+00,9.706864677338144e-01,2.395417873266894e-01,-1.146714422743341e-02,-1.600056517012848e-02
1609045692550117493,0,1609045692550117493,1.545300544229818e+00,-4.146018435162520e+00,4.764937234889943e+00,9.734497141415132e-01,2.278353527526251e-01,-1.478770281913055e-02,-1.637161931314121e-02
1609045692620517015,0,1609045692620517015,1.595800130086929e+00,-4.162627296538306e+00,4.766010630281240e+00,9.761246217386504e-01,2.161509130889265e-01,-1.208389391745682e-02,-1.770551083413950e-02
1609045692722407818,0,1609045692722407818,1.678196193699285e+00,-4.182146050063897e+00,4.769615301365755e+00,9.784281140813094e-01,2.056455956223813e-01,-9.911126710185132e-03,-1.703185672344049e-02
1609045692826367855,0,1609045692826367855,1.760369860157428e+00,-4.202873410375788e+00,4.770147883697105e+00,9.807188516791880e-01,1.944093198328883e-01,-5.211494830737360e-03,-1.919350526875901e-02
1609045692928807259,0,1609045692928807259,1.839873055605720e+00,-4.223577301991067e+00,4.780605722293911e+00,9.829302352755727e-01,1.829570315990349e-01,-1.839892146798680e-03,-1.927412685875020e-02
1609045693032116175,0,1609045693032116175,1.917449062706690e+00,-4.248583669458048e+00,4.790288311040917e+00,9.850356430940689e-01,1.712848070606102e-01,3.866665444475371e-03,-1.874421517438752e-02
1609045693134957552,0,1609045693134957552,1.986313427252296e+00,-4.275280822951330e+00,4.794049359322239e+00,9.868931851871749e-01,1.601255045287525e-01,1.119289077492983e-02,-1.662477146681901e-02
1609045693238044024,0,1609045693238044024,2.048277075845764e+00,-4.300711431735506e+00,4.785709461057749e+00,9.882141668496208e-01,1.518021412782518e-01,1.668723485532747e-02,-1.050745133839411e-02
1609045693341894865,0,1609045693341894865,2.101296628934204e+00,-4.326134983246154e+00,4.767197885939725e+00,9.890915050139688e-01,1.455825264281516e-01,2.146987556274052e-02,-6.539659854774675e-03
1609045693444319963,0,1609045693444319963,2.149670928916081e+00,-4.348573666560458e+00,4.753054663001671e+00,9.897425688434951e-01,1.411979885881705e-01,2.170351511449971e-02,-1.316384862698939e-03
1609045693547225237,0,1609045693547225237,2.192498958223159e+00,-4.369094605931715e+00,4.736290638819661e+00,9.906325994174604e-01,1.354901120461198e-01,1.701414237969910e-02,3.831338595185366e-05
1609045693650538206,0,1609045693650538206,2.232509574542849e+00,-4.392065409340831e+00,4.732420777534690e+00,9.918538504348537e-01,1.268678878260990e-01,1.128681046850066e-02,-1.756794024200539e-03
1609045693719968081,0,1609045693719968081,2.262995993843231e+00,-4.411129679144580e+00,4.738707645079700e+00,9.932623781373505e-01,1.158198417025169e-01,3.172305939051230e-03,-2.355614498076583e-03
1609045693821054697,0,1609045693821054697,2.305381278273426e+00,-4.434986242923369e+00,4.742858824565652e+00,9.951231624424539e-01,9.850257972722758e-02,-2.614533447514088e-03,-4.505282694494690e-03
1609045693924730062,0,1609045693924730062,2.343868465641454e+00,-4.458212340128989e+00,4.747916498166406e+00,9.969786734667657e-01,7.720589723292992e-02,-5.654784386281089e-03,-6.387291925727180e-03
1609045694027904034,0,1609045694027904034,2.379465958192437e+00,-4.481076023861776e+00,4.751408716554375e+00,9.984324957552627e-01,5.505266565911188e-02,-6.260659510996339e-03,-7.909460532959947e-03
1609045694131426811,0,1609045694131426811,2.410606777474474e+00,-4.502671379698995e+00,4.751848128519671e+00,9.994005486589032e-01,3.279730555855968e-02,-6.473313228088091e-03,-8.998683454961231e-03
1609045694234819412,0,1609045694234819412,2.438219592215764e+00,-4.522793196450466e+00,4.747529839169459e+00,9.998670326064306e-01,1.181928218629131e-02,-7.209682433757495e-03,-8.616388704391733e-03
1609045694338127851,0,1609045694338127851,2.465317710496830e+00,-4.541567721119280e+00,4.742381817494919e+00,9.999009891294164e-01,-8.147487493853516e-03,-7.057444633897418e-03,-9.045598956474344e-03
1609045694441260815,0,1609045694441260815,2.493208520109714e+00,-4.560571323957171e+00,4.741269554743659e+00,9.995703518918565e-01,-2.731977026495794e-02,-6.700407066056261e-03,-8.236887537102989e-03
1609045694544339657,0,1609045694544339657,2.519802321677986e+00,-4.581657599496750e+00,4.739893791650635e+00,9.988858681969759e-01,-4.622941026036912e-02,-6.557925087318735e-03,-6.845258328969176e-03
1609045694647158623,0,1609045694647158623,2.546495865196576e+00,-4.600446680680514e+00,4.739519364329193e+00,9.978872294025515e-01,-6.465399731753707e-02,-4.056242117398990e-03,-4.948224503655361e-03
1609045694749838591,0,1609045694749838591,2.571043257749107e+00,-4.619468820047469e+00,4.740770969852331e+00,9.965035373617015e-01,-8.349370735942528e-02,-1.957749029688869e-03,-2.380772022181140e-03
1609045694820031404,0,1609045694820031404,2.578696818089230e+00,-4.633202691054645e+00,4.738173323891609e+00,9.947535860805564e-01,-1.022971191585732e-01,7.761348052825698e-04,2.487186220556674e-06
1609045694921798468,0,1609045694921798468,2.602232644447592e+00,-4.647822795222482e+00,4.735956466297471e+00,9.926102622529376e-01,-1.212779860266913e-01,2.842404821275703e-03,2.904842506921344e-03
1609045695025244951,0,1609045695025244951,2.622315517517842e+00,-4.658303803062919e+00,4.735731036284096e+00,9.902694640862327e-01,-1.389904532868367e-01,3.469071326045368e-03,6.000661406530971e-03
1609045695128060341,0,1609045695128060341,2.639785976480102e+00,-4.665104487794507e+00,4.734942374041010e+00,9.875594622484444e-01,-1.570448207871632e-01,3.169482995792007e-03,7.292953086923735e-03
1609045695231441498,0,1609045695231441498,2.654097814129962e+00,-4.668054100061669e+00,4.733405422026350e+00,9.846535990345520e-01,-1.743893858920282e-01,1.855207850748771e-03,6.495398373942416e-03
1609045695334667921,0,1609045695334667921,2.666264676432768e+00,-4.665454417971598e+00,4.735531540860451e+00,9.815284393321099e-01,-1.912849745230201e-01,7.955354391544658e-04,3.368742653834820e-03
1609045695437950850,0,1609045695437950850,2.671296129605410e+00,-4.653943764042074e+00,4.732710864662153e+00,9.787637471029682e-01,-2.049416256347439e-01,-4.470106265952064e-03,-6.896294807047809e-04
1609045695541545868,0,1609045695541545868,2.679335656968399e+00,-4.646964844149842e+00,4.732486806102186e+00,9.769699886504850e-01,-2.132138789101953e-01,-7.408633361132048e-03,-3.820375343485785e-03
1609045695644889832,0,1609045695644889832,2.692761422375994e+00,-4.635378352684041e+00,4.734888097116348e+00,9.765166600603968e-01,-2.149338206298494e-01,-1.032915734681739e-02,-1.058177122010472e-02
1609045695747804642,0,1609045695747804642,2.706878676217791e+00,-4.625617428223345e+00,4.735172207473339e+00,9.764457229850799e-01,-2.149670812804008e-01,-1.103039871754612e-02,-1.487394815671028e-02
1609045695850514650,0,1609045695850514650,2.722509867613193e+00,-4.617552585797988e+00,4.740429530465409e+00,9.763979430398227e-01,-2.148183773295408e-01,-1.058233199423834e-02,-1.970116337622551e-02
1609045695920599222,0,1609045695920599222,2.737663662719075e+00,-4.614058498510826e+00,4.741255313986690e+00,9.763551281978934e-01,-2.147916537397574e-01,-9.057703396070434e-03,-2.265319258537949e-02
1609045696022035837,0,1609045696022035837,2.753938543574868e+00,-4.613628372172545e+00,4.741266288480950e+00,9.764400685127513e-01,-2.148719845900934e-01,-7.806698257447147e-03,-1.827233710151902e-02
1609045696125249863,0,1609045696125249863,2.767143572100489e+00,-4.613454450540039e+00,4.728857010067834e+00,9.763628189828882e-01,-2.153765004309207e-01,-5.826464445297654e-03,-1.716569490848345e-02
1609045696228045940,0,1609045696228045940,2.773058007014759e+00,-4.609708954109511e+00,4.714104943266126e+00,9.764106424168794e-01,-2.151567728539067e-01,-7.527426481235700e-03,-1.652750194147030e-02
1609045696331034422,0,1609045696331034422,2.780653125374962e+00,-4.610651592497304e+00,4.702863587776701e+00,9.764461083706334e-01,-2.149038201539659e-01,-1.087684942737731e-02,-1.584423167329270e-02
1609045696434148312,0,1609045696434148312,2.794042753769948e+00,-4.614696964921534e+00,4.706438527362955e+00,9.763413865658852e-01,-2.152979702576507e-01,-1.569723429347857e-02,-1.256493998323735e-02
1609045696537546635,0,1609045696537546635,2.810613373101802e+00,-4.620859627758468e+00,4.711425780826962e+00,9.762657367150750e-01,-2.154668516939324e-01,-1.875195337875346e-02,-1.129652076814429e-02
1609045696640748739,0,1609045696640748739,2.825674788976875e+00,-4.627414511311237e+00,4.713429097079166e+00,9.762313894214106e-01,-2.155996323785502e-01,-1.892010150696566e-02,-1.145000372262932e-02
1609045696744007349,0,1609045696744007349,2.841825078745647e+00,-4.633203163345514e+00,4.719907051566454e+00,9.762915168621290e-01,-2.157074258885880e-01,-1.429921791953541e-02,-1.098694161989069e-02
1609045696847424030,0,1609045696847424030,2.862888304885815e+00,-4.641488897266798e+00,4.728738907295799e+00,9.763548202407368e-01,-2.157928075404595e-01,-8.270475652317928e-03,-9.814705226166372e-03
1609045696951236725,0,1609045696951236725,2.877677274699961e+00,-4.647890428485054e+00,4.733178696440694e+00,9.763923257285877e-01,-2.157807838111696e-01,-1.340134411775706e-03,-9.740823149108516e-03
1609045697020754814,0,1609045697020754814,2.884819973728260e+00,-4.649854442565431e+00,4.731139067453098e+00,9.763025115892501e-01,-2.161631082082390e-01,4.118326463682283e-03,-9.484508480800062e-03
1609045697122491837,0,1609045697122491837,2.895255719468507e+00,-4.654144940064828e+00,4.726645105279403e+00,9.763371000173436e-01,-2.159142680711986e-01,6.941957477629087e-03,-9.935049022993586e-03
1609045697226129293,0,1609045697226129293,2.904915451023696e+00,-4.661729218357782e+00,4.725763483242194e+00,9.762450427205945e-01,-2.163163601548754e-01,6.711941035279527e-03,-1.038261720663651e-02
1609045697328613520,0,1609045697328613520,2.913273667476445e+00,-4.668327104526959e+00,4.726053478459947e+00,9.763291983160993e-01,-2.159791784032897e-01,5.001324814266803e-03,-1.045360040819511e-02
1609045697431522369,0,1609045697431522369,2.916462258675908e+00,-4.673366772074782e+00,4.725933522268013e+00,9.762566917417302e-01,-2.163114231146794e-01,3.439018968139304e-03,-1.097329521344175e-02
1609045697534488916,0,1609045697534488916,2.918862787455086e+00,-4.680448208859904e+00,4.728626368295783e+00,9.762420609553383e-01,-2.164071829764998e-01,3.124486999226577e-03,-1.046934374978108e-02
1609045697637409210,0,1609045697637409210,2.917030286226455e+00,-4.688626201454775e+00,4.730928664620057e+00,9.760948859159930e-01,-2.170604699163906e-01,3.193119433701754e-03,-1.064565997539118e-02
1609045697740435839,0,1609045697740435839,2.914209724801070e+00,-4.697664660656642e+00,4.732132346692837e+00,9.757276321609551e-01,-2.186855445570932e-01,4.679656789544743e-03,-1.050339237507570e-02
1609045697843462706,0,1609045697843462706,2.907238316349860e+00,-4.708242490568246e+00,4.733663737158685e+00,9.745723628102267e-01,-2.237596560911262e-01,6.579580771838902e-03,-9.850638002149139e-03
1609045697946765900,0,1609045697946765900,2.895672960627687e+00,-4.720212861787160e+00,4.730307915808770e+00,9.728149736395956e-01,-2.312077630672809e-01,9.332175397076651e-03,-9.322438634088872e-03
1609045698049926519,0,1609045698049926519,2.878138975688093e+00,-4.730084467165957e+00,4.721482577282940e+00,9.707438617398938e-01,-2.396317513668235e-01,1.249095558088418e-02,-8.772380496468212e-03
1609045698120236397,0,1609045698120236397,2.856885307133633e+00,-4.736242625474302e+00,4.714387146554746e+00,9.684726872060848e-01,-2.485258563431589e-01,1.453649429813325e-02,-9.178409337093789e-03
1609045698222171545,0,1609045698222171545,2.830228302257961e+00,-4.746206846173751e+00,4.703561150777497e+00,9.659850958319827e-01,-2.579470571365957e-01,1.575999798862513e-02,-9.366579320110263e-03
1609045698325366735,0,1609045698325366735,2.801702927486435e+00,-4.755507393486297e+00,4.691476422154903e+00,9.635921791358267e-01,-2.667160661281666e-01,1.630863659736999e-02,-9.310249697806826e-03
1609045698428209543,0,1609045698428209543,2.768832703462819e+00,-4.763940764172001e+00,4.676184189603526e+00,9.608423006308089e-01,-2.764743169583381e-01,1.666424620435221e-02,-8.144217523690106e-03
1609045698531528473,0,1609045698531528473,2.729779392368970e+00,-4.770071627662024e+00,4.664482189578025e+00,9.581492942445754e-01,-2.856529620756280e-01,1.700531977247974e-02,-7.945709231874451e-03
1609045698634613037,0,1609045698634613037,2.683993612863672e+00,-4.775169521972067e+00,4.649625068197889e+00,9.551124411226674e-01,-2.957101029024014e-01,1.580975396365087e-02,-8.112430799755927e-03
1609045698737837553,0,1609045698737837553,2.635502150428925e+00,-4.779001587098962e+00,4.635614582656474e+00,9.521334676325300e-01,-3.051769873066529e-01,1.480456576854611e-02,-9.470536659478838e-03
1609045698841004372,0,1609045698841004372,2.584993747064641e+00,-4.781007655719621e+00,4.624605305913734e+00,9.496211793051060e-01,-3.130253511465467e-01,1.089260354548840e-02,-1.077481055465982e-02
1609045698944247246,0,1609045698944247246,2.527143816080915e+00,-4.780410683721902e+00,4.609811658797101e+00,9.474457487217902e-01,-3.195862822783153e-01,2.458778938020654e-03,-1.432186490631051e-02
1609045699047644377,0,1609045699047644377,2.467732985442369e+00,-4.778827528868500e+00,4.585159905224737e+00,9.464653755615073e-01,-3.222782156346163e-01,-4.443388283867480e-03,-1.789695199947609e-02
1609045699151432276,0,1609045699151432276,2.414547994494768e+00,-4.784106502839925e+00,4.569478954996714e+00,9.461671168004963e-01,-3.228985908875878e-01,-1.159220135035110e-02,-1.923299133856194e-02
1609045699220969200,0,1609045699220969200,2.378142027878805e+00,-4.792359349947758e+00,4.562398976014773e+00,9.462239911677413e-01,-3.223684136514553e-01,-1.889616085100142e-02,-1.953713190967813e-02
1609045699322675705,0,1609045699322675705,2.325616222365907e+00,-4.806060974884957e+00,4.554652713627184e+00,9.462946260581041e-01,-3.218260296444346e-01,-2.365083537286329e-02,-1.987775950019580e-02
1609045699425546408,0,1609045699425546408,2.273414044757735e+00,-4.820910286128073e+00,4.548210030958651e+00,9.461843471099910e-01,-3.219437645042363e-01,-2.552405240486300e-02,-2.087861416484815e-02
1609045699528403044,0,1609045699528403044,2.225670872106219e+00,-4.840448878934717e+00,4.541815729210427e+00,9.462721494963090e-01,-3.217384447863761e-01,-2.425566359977314e-02,-2.156513429454316e-02
1609045699631467342,0,1609045699631467342,2.180751636876872e+00,-4.863380807135256e+00,4.537532190092684e+00,9.460998531648692e-01,-3.224075074982878e-01,-2.196098400354604e-02,-2.159125127168494e-02
1609045699734359026,0,1609045699734359026,2.139541888145669e+00,-4.888578744942777e+00,4.533662564090213e+00,9.461983133925322e-01,-3.222635578883063e-01,-1.997243419684832e-02,-2.135539421966192e-02
1609045699837398291,0,1609045699837398291,2.098777915047039e+00,-4.915391019585728e+00,4.526206239142632e+00,9.463049283800241e-01,-3.220462765488313e-01,-1.866621146791085e-02,-2.108911647921421e-02
1609045699941070795,0,1609045699941070795,2.059483329769696e+00,-4.947471053383399e+00,4.518910198872557e+00,9.463267447708426e-01,-3.219730312040155e-01,-1.786753070570074e-02,-2.190458068365725e-02
1609045700043553591,0,1609045700043553591,2.022147648012903e+00,-4.983948889963739e+00,4.514279167813101e+00,9.462430897647557e-01,-3.222399132414217e-01,-1.766135089685169e-02,-2.176074610015748e-02
1609045700146727800,0,1609045700146727800,1.984344012822394e+00,-5.023199976227279e+00,4.511801271984457e+00,9.460822605655947e-01,-3.227083256158824e-01,-1.690124102705902e-02,-2.240626860414457e-02
1609045700250077009,0,1609045700250077009,1.948239166887637e+00,-5.064782893999427e+00,4.512400463151991e+00,9.461293980223865e-01,-3.226031213175834e-01,-1.652507596501434e-02,-2.221058707078175e-02
1609045700320395231,0,1609045700320395231,1.919408570178100e+00,-5.102303790289382e+00,4.515358628419690e+00,9.463519981879861e-01,-3.221307184815710e-01,-1.914549508662502e-02,-1.682693536476753e-02
1609045700422151804,0,1609045700422151804,1.878436449184947e+00,-5.158547114751515e+00,4.506918201160395e+00,9.463405766894496e-01,-3.222661958081703e-01,-2.212880071241501e-02,-9.712266942934819e-03
1609045700525536776,0,1609045700525536776,1.843859878973880e+00,-5.211838898772131e+00,4.502676553135591e+00,9.463720538053858e-01,-3.222370624087392e-01,-2.305939812724001e-02,-3.387557247167536e-03
1609045700628233194,0,1609045700628233194,1.813320215842012e+00,-5.263734451516844e+00,4.500666900069138e+00,9.464266673888161e-01,-3.217579668635284e-01,-2.665155321284316e-02,6.169985917512328e-03
1609045700731389999,0,1609045700731389999,1.789742902125237e+00,-5.312607027992471e+00,4.498659573318572e+00,9.463240605573078e-01,-3.218480832109819e-01,-2.791371140457437e-02,1.026686218369207e-02
1609045700834533215,0,1609045700834533215,1.774427833120996e+00,-5.359329406259340e+00,4.499212452829637e+00,9.465607772847534e-01,-3.212863318744438e-01,-2.635552734778232e-02,1.015746202059697e-02
1609045700937586784,0,1609045700937586784,1.764627202466492e+00,-5.404241731018484e+00,4.506503981624179e+00,9.465754027248982e-01,-3.215354676321740e-01,-2.406267601526218e-02,5.562160863555298e-03
1609045701040652752,0,1609045701040652752,1.758615340398829e+00,-5.447617713693262e+00,4.509879830789505e+00,9.465634463029590e-01,-3.216625604559059e-01,-2.345056273767016e-02,-9.541650978660255e-04
1609045701143561840,0,1609045701143561840,1.755307825770774e+00,-5.490365572938334e+00,4.508561302848938e+00,9.464096569819217e-01,-3.221070297880990e-01,-2.038979802098862e-02,-1.183548346477825e-02
1609045701246659994,0,1609045701246659994,1.751348188519389e+00,-5.536354329416971e+00,4.504768707860574e+00,9.463979245625448e-01,-3.219412980991440e-01,-1.945242840674823e-02,-1.750348510317795e-02
1609045701350117445,0,1609045701350117445,1.746214435257471e+00,-5.583060578129323e+00,4.489265718472916e+00,9.462270043870270e-01,-3.221632139144167e-01,-1.782185530675864e-02,-2.340301780206660e-02
1609045701420134544,0,1609045701420134544,1.744071823463324e+00,-5.620827471515613e+00,4.473546344171245e+00,9.461218403427115e-01,-3.223402638902585e-01,-1.647822944846703e-02,-2.605159219040786e-02
1609045701521871090,0,1609045701521871090,1.741038071701120e+00,-5.677161858873953e+00,4.458415782812783e+00,9.461517942958275e-01,-3.220798892911034e-01,-1.587822723590663e-02,-2.844659847141336e-02
1609045701625454903,0,1609045701625454903,1.736614722349290e+00,-5.738822966121834e+00,4.448235244353186e+00,9.462166391506873e-01,-3.219329709480207e-01,-1.593746846840634e-02,-2.791471134562907e-02
1609045701728386402,0,1609045701728386402,1.733532826084011e+00,-5.802893291987063e+00,4.440845380800140e+00,9.462261375352076e-01,-3.219095313445212e-01,-1.656107555565073e-02,-2.749692802707360e-02
1609045701831630945,0,1609045701831630945,1.731459620205464e+00,-5.870558899868208e+00,4.435160535351418e+00,9.463728465939826e-01,-3.214661588359477e-01,-1.783161550309068e-02,-2.683239536727903e-02
1609045701934375048,0,1609045701934375048,1.730131080934305e+00,-5.944667161717931e+00,4.431071817667067e+00,9.463878144495472e-01,-3.214850746861989e-01,-1.987133936638842e-02,-2.454753117805099e-02
1609045702037481070,0,1609045702037481070,1.730801435472281e+00,-6.020968448227017e+00,4.428420249350174e+00,9.464326691115924e-01,-3.213923684725569e-01,-1.986216839798910e-02,-2.403419630800669e-02
1609045702141128063,0,1609045702141128063,1.730725897971563e+00,-6.102124851556836e+00,4.428546722643516e+00,9.465216968284496e-01,-3.214465904810058e-01,-1.987449596749399e-02,-1.933316608580418e-02
1609045702243679285,0,1609045702243679285,1.728939437550889e+00,-6.187752023270483e+00,4.418560481858257e+00,9.464464932492969e-01,-3.217526875475801e-01,-2.402459799838823e-02,-1.170735507136219e-02
1609045702346729994,0,1609045702346729994,1.729742152234349e+00,-6.273154682735428e+00,4.403819957632640e+00,9.465663866158688e-01,-3.214518028320106e-01,-2.554003296767463e-02,-5.340496303882634e-03
1609045702449971676,0,1609045702449971676,1.737458685455161e+00,-6.353701501989960e+00,4.397290877297361e+00,9.466177035176605e-01,-3.214477538356874e-01,-2.381482322320905e-02,-4.372543370041386e-03
1609045702520267725,0,1609045702520267725,1.747501498394114e+00,-6.414445853022250e+00,4.408592711567091e+00,9.467276343509697e-01,-3.211314776410191e-01,-2.324492239047393e-02,-6.405779195906007e-03
1609045702622048616,0,1609045702622048616,1.762783177593040e+00,-6.505194535516925e+00,4.422636182192730e+00,9.467072836052244e-01,-3.210394707174725e-01,-2.449354422315132e-02,-8.890652472402579e-03
1609045702725056171,0,1609045702725056171,1.781585012040273e+00,-6.597439896563667e+00,4.431359161684969e+00,9.464683130404837e-01,-3.215559322404657e-01,-2.442617326417783e-02,-1.424348660500876e-02
1609045702828356504,0,1609045702828356504,1.803522972752633e+00,-6.689486675885250e+00,4.434411733051798e+00,9.462909847996989e-01,-3.217895534950578e-01,-2.401345959733326e-02,-2.020418536261846e-02
1609045702931577444,0,1609045702931577444,1.826085250794736e+00,-6.782035243214180e+00,4.437329510051129e+00,9.460945138099814e-01,-3.222152548317300e-01,-2.246593589351380e-02,-2.403710083473699e-02
1609045703034448385,0,1609045703034448385,1.848451940920543e+00,-6.874965983490598e+00,4.440006215725547e+00,9.460221681765245e-01,-3.222721479665349e-01,-2.220626486938966e-02,-2.626026968458439e-02
1609045703137502193,0,1609045703137502193,1.872312106507348e+00,-6.970196148660220e+00,4.444589416452406e+00,9.459425794063294e-01,-3.225034576022534e-01,-2.071895200781350e-02,-2.747510378730347e-02
1609045703240597486,0,1609045703240597486,1.898897519908940e+00,-7.069833378365812e+00,4.450902472427617e+00,9.459003888711350e-01,-3.226910905547969e-01,-2.072698443915102e-02,-2.670779896928760e-02
1609045703343672037,0,1609045703343672037,1.926236654534095e+00,-7.174642225545650e+00,4.460843506450688e+00,9.461559576077356e-01,-3.224273616992701e-01,-1.952537798967926e-02,-2.117214975221436e-02
1609045703446636915,0,1609045703446636915,1.953706325828666e+00,-7.284072601782244e+00,4.467448535328356e+00,9.462756041675976e-01,-3.226186322580150e-01,-1.865964038579811e-02,-1.146808168890800e-02
1609045703550031185,0,1609045703550031185,1.983697136717520e+00,-7.393965429748762e+00,4.466155406861835e+00,9.464800668393274e-01,-3.222921867254151e-01,-1.740488747103995e-02,5.471228634183601e-04
1609045703620224476,0,1609045703620224476,2.005068660324484e+00,-7.471142724710782e+00,4.459143532427667e+00,9.465966617596359e-01,-3.220551687089841e-01,-1.320347058401833e-02,7.803628490168424e-03
1609045703722116470,0,1609045703722116470,2.037090459346264e+00,-7.579257812887659e+00,4.456735122942968e+00,9.467668592807608e-01,-3.213796156335306e-01,-9.356848986706657e-03,1.612780827208480e-02
1609045703825933456,0,1609045703825933456,2.071074340832200e+00,-7.683000210923717e+00,4.452176911193288e+00,9.465590896679089e-01,-3.218864280355304e-01,-1.136793627508231e-02,1.690524291943838e-02
1609045703928279877,0,1609045703928279877,2.105503031907165e+00,-7.778288546022442e+00,4.451937049489451e+00,9.464780141984180e-01,-3.222062499624245e-01,-1.442092702219088e-02,1.243133089113111e-02
1609045704031376600,0,1609045704031376600,2.145941994321952e+00,-7.869949058576944e+00,4.459200932084231e+00,9.463961040288744e-01,-3.224696851812298e-01,-1.824697421843176e-02,3.842440590559657e-03
1609045704134404421,0,1609045704134404421,2.188220847132281e+00,-7.955608219440419e+00,4.468404717414574e+00,9.461656890426222e-01,-3.227954102978165e-01,-2.322733785541340e-02,-5.839755564135925e-03
1609045704237380981,0,1609045704237380981,2.234542858070681e+00,-8.040955195958329e+00,4.481270111755455e+00,9.460259215989840e-01,-3.228209387048788e-01,-2.513570242453313e-02,-1.377656197501205e-02
1609045704340528727,0,1609045704340528727,2.283027448724453e+00,-8.129372123085114e+00,4.488894467669398e+00,9.458284349815606e-01,-3.229596725807888e-01,-2.741246624379115e-02,-1.881962170203118e-02
1609045704443521023,0,1609045704443521023,2.334779163040505e+00,-8.220275371999398e+00,4.493955923879451e+00,9.456823341397663e-01,-3.231005275381316e-01,-2.995750366672153e-02,-1.983733788428119e-02
1609045704546783686,0,1609045704546783686,2.385539474950486e+00,-8.313932350681180e+00,4.493468148456305e+00,9.456857211262788e-01,-3.231822145636580e-01,-2.990097922377673e-02,-1.837673770810660e-02
1609045704649846792,0,1609045704649846792,2.440139567708597e+00,-8.407419981963260e+00,4.495179322612580e+00,9.458608134215674e-01,-3.227996406051911e-01,-3.081307122342067e-02,-1.408077768326337e-02
1609045704720182657,0,1609045704720182657,2.485099609439625e+00,-8.478920064159782e+00,4.502347985360082e+00,9.459764627263819e-01,-3.226137947054629e-01,-3.124769323510468e-02,-8.511938712439672e-03
1609045704821627617,0,1609045704821627617,2.547987748270730e+00,-8.580720392274062e+00,4.512048656990252e+00,9.459316107050576e-01,-3.228965939176681e-01,-3.065675780319113e-02,-3.367596477721992e-03
1609045704925788879,0,1609045704925788879,2.616674506463919e+00,-8.683471870353946e+00,4.525186603168238e+00,9.461321217749012e-01,-3.224029489352820e-01,-2.964532456355261e-02,-3.391370639398089e-03
1609045705028541803,0,1609045705028541803,2.685817574681034e+00,-8.785447748151121e+00,4.540353389718039e+00,9.459955647379293e-01,-3.228039474052497e-01,-2.969312161921885e-02,-2.884712116660496e-03
1609045705131676435,0,1609045705131676435,2.758536668561754e+00,-8.885096822491207e+00,4.551953958482960e+00,9.459601495580955e-01,-3.227821153927141e-01,-3.115981131822022e-02,-4.093763273214817e-04
1609045705234870195,0,1609045705234870195,2.836467547511613e+00,-8.985448174151561e+00,4.562112454996837e+00,9.457980438767867e-01,-3.232452294789479e-01,-3.088222321920507e-02,4.986993755613025e-03
1609045705337999105,0,1609045705337999105,2.918455736707768e+00,-9.078869600520424e+00,4.577051717707726e+00,9.458921359086928e-01,-3.232038353469172e-01,-2.753562507769355e-02,8.314889923996375e-03
1609045705441809416,0,1609045705441809416,3.005855132516705e+00,-9.170252416252470e+00,4.596757077182801e+00,9.459977343134635e-01,-3.233293063950356e-01,-2.067828539676090e-02,1.090205543381843e-02
1609045705543875456,0,1609045705543875456,3.091896914021693e+00,-9.254383528035040e+00,4.609843922445867e+00,9.459822629234712e-01,-3.238271619040718e-01,-1.325300954582251e-02,8.825258356192007e-03
1609045705647353649,0,1609045705647353649,3.179532458039490e+00,-9.335745925120625e+00,4.619883485869960e+00,9.459662733559263e-01,-3.242178384478868e-01,-5.100723981446087e-03,2.141382702394965e-03
1609045705750602961,0,1609045705750602961,3.264641842659127e+00,-9.415835477318991e+00,4.625548952609647e+00,9.459121666561580e-01,-3.244012365787378e-01,2.005914115697786e-03,-3.160219348600598e-03
1609045705821026325,0,1609045705821026325,3.334854151107865e+00,-9.477449260830950e+00,4.631281123889447e+00,9.456873327899082e-01,-3.249481594616382e-01,7.097747115350048e-03,-5.812421941124323e-03
1609045705922411919,0,1609045705922411919,3.428058159508448e+00,-9.565125924717469e+00,4.642562006096391e+00,9.454132363066449e-01,-3.253299254358389e-01,1.792630759152921e-02,-5.735828447017651e-03
1609045706025556803,0,1609045706025556803,3.514393753751508e+00,-9.646375375279096e+00,4.656580881324993e+00,9.451724655096376e-01,-3.250484225984063e-01,3.146296923774890e-02,-1.617088493849686e-03
1609045706128842115,0,1609045706128842115,3.588189026762526e+00,-9.721369499741861e+00,4.660129784925680e+00,9.445407140807903e-01,-3.249465689846431e-01,4.734693433759069e-02,3.291588890275256e-03
1609045706231793165,0,1609045706231793165,3.643250807331602e+00,-9.781820932610310e+00,4.649040506316385e+00,9.436668341186324e-01,-3.249407357076467e-01,6.203202798523540e-02,7.645388548669188e-03
1609045706334817648,0,1609045706334817648,3.684841614026824e+00,-9.832888273290568e+00,4.637497983260232e+00,9.429829886932548e-01,-3.247416073319809e-01,7.220062957057072e-02,1.063205492468724e-02
1609045706437963724,0,1609045706437963724,3.711389082674539e+00,-9.876380661470170e+00,4.626409436522108e+00,9.425641214936193e-01,-3.252009620069638e-01,7.525900235601758e-02,1.238118519423236e-02
1609045706540923357,0,1609045706540923357,3.723864649723141e+00,-9.909771911345246e+00,4.614986391278139e+00,9.427025683675954e-01,-3.251328857493215e-01,7.382866343794764e-02,1.223938937017048e-02
1609045706643380642,0,1609045706643380642,3.717342804387531e+00,-9.932789645623394e+00,4.586758687334818e+00,9.435347887982712e-01,-3.252545503311024e-01,6.184985627789224e-02,1.123276877927537e-02
1609045706746693373,0,1609045706746693373,3.697398298656412e+00,-9.947511915145494e+00,4.553631025854477e+00,9.442405770152693e-01,-3.254230946797266e-01,4.949054938417537e-02,7.760649993654369e-03
1609045706849978924,0,1609045706849978924,3.682029604646729e+00,-9.964096799350205e+00,4.540533271269080e+00,9.448013533606283e-01,-3.260038268153054e-01,3.174010338099047e-02,8.029534656290459e-03
1609045706919961452,0,1609045706919961452,3.669995077149085e+00,-9.974751396119057e+00,4.542121992310295e+00,9.453105650335110e-01,-3.257370497085386e-01,1.507539732095966e-02,7.486152452821608e-03
1609045707021685362,0,1609045707021685362,3.640880990483280e+00,-9.981107307942368e+00,4.530425975258537e+00,9.455779134021804e-01,-3.253233636908406e-01,-1.454483420133192e-03,6.708442484421723e-03
1609045707124856234,0,1609045707124856234,3.612224871890982e+00,-9.984894259933970e+00,4.523237864080588e+00,9.454775999155839e-01,-3.253289503261125e-01,-1.380961249582897e-02,6.517418202244995e-03
1609045707227977514,0,1609045707227977514,3.587053943489859e+00,-9.982071419955149e+00,4.516904715373062e+00,9.453440660368551e-01,-3.254724571130627e-01,-1.974013513628264e-02,-1.613547093986091e-03
1609045707331351042,0,1609045707331351042,3.563448581956174e+00,-9.983389752578619e+00,4.516004452293666e+00,9.449856095264113e-01,-3.261730726756992e-01,-2.288022102677045e-02,-9.477337958967300e-03
1609045707435180664,0,1609045707435180664,3.542989997424713e+00,-9.984730145130831e+00,4.516434282786924e+00,9.449994162116986e-01,-3.258798119268312e-01,-2.475340584727440e-02,-1.287324499786538e-02
1609045707537498951,0,1609045707537498951,3.528003651040010e+00,-9.986811150921588e+00,4.507281076341783e+00,9.449547035152852e-01,-3.258695814126886e-01,-2.367995367572280e-02,-1.757509624174938e-02
1609045707640842438,0,1609045707640842438,3.514527180574913e+00,-9.992773457315550e+00,4.496375368297976e+00,9.449420952520036e-01,-3.258801995705322e-01,-2.145469718920876e-02,-2.064529285030114e-02
1609045707743794441,0,1609045707743794441,3.500351361371852e+00,-1.000173450585047e+01,4.485009217796798e+00,9.450603936624988e-01,-3.255640713962129e-01,-1.837764971355151e-02,-2.304668603384270e-02
1609045707846864939,0,1609045707846864939,3.486410521023213e+00,-1.001380345691246e+01,4.474566732478032e+00,9.451492869356855e-01,-3.255304855431318e-01,-1.802132068895335e-02,-1.994894451784954e-02
1609045707949672461,0,1609045707949672461,3.472797516128602e+00,-1.002804529431785e+01,4.460718865255041e+00,9.451297692567100e-01,-3.257082362609158e-01,-1.854160460926382e-02,-1.732261512610280e-02
1609045708019999266,0,1609045708019999266,3.462325279301846e+00,-1.004001835506586e+01,4.451589128149185e+00,9.450658880244308e-01,-3.259945892928726e-01,-1.874805465329200e-02,-1.505009936229464e-02
1609045708121808290,0,1609045708121808290,3.451582142209975e+00,-1.006227276555492e+01,4.440569036643135e+00,9.452551823931842e-01,-3.255869031371446e-01,-2.005062858740580e-02,-9.153193834629402e-03
1609045708224911928,0,1609045708224911928,3.441444003493659e+00,-1.008551517128101e+01,4.430240109272936e+00,9.453175970965987e-01,-3.253761905445949e-01,-2.228723505370734e-02,-2.873047092272737e-03
1609045708328067780,0,1609045708328067780,3.435973578368578e+00,-1.010755981363422e+01,4.422563255982213e+00,9.453069393175795e-01,-3.252979644974867e-01,-2.391343362059543e-02,2.042661016728838e-03
1609045708431304693,0,1609045708431304693,3.434450403083429e+00,-1.012963688550453e+01,4.417734977225010e+00,9.452950634067897e-01,-3.251925399167634e-01,-2.513525606902636e-02,5.939190459578272e-03
1609045708534418821,0,1609045708534418821,3.437044030467071e+00,-1.015093297773744e+01,4.416778702136391e+00,9.452536195492717e-01,-3.252740334781529e-01,-2.523730649355488e-02,7.448237008677398e-03
1609045708637413025,0,1609045708637413025,3.443006840613462e+00,-1.016950551012333e+01,4.418427627145329e+00,9.452597658729269e-01,-3.251463739138922e-01,-2.577817848186252e-02,9.964741160570327e-03
1609045708740575790,0,1609045708740575790,3.455465458701976e+00,-1.018446647344677e+01,4.415904953799478e+00,9.453457356871041e-01,-3.247527688943644e-01,-2.687805361111778e-02,1.160385054462556e-02
1609045708843786716,0,1609045708843786716,3.473462144943290e+00,-1.019780396138011e+01,4.412978879115340e+00,9.452882390231157e-01,-3.247626184713727e-01,-2.799621433016720e-02,1.325136940493933e-02
1609045708946637392,0,1609045708946637392,3.495408759805104e+00,-1.020984006519677e+01,4.413013935091783e+00,9.453103572317398e-01,-3.246223291686334e-01,-2.834628989652661e-02,1.432339919031183e-02
1609045709049659014,0,1609045709049659014,3.524182358871532e+00,-1.021942542931840e+01,4.415321156957305e+00,9.452739923392576e-01,-3.246085305507846e-01,-2.839091451926699e-02,1.674327546066333e-02
1609045709119901180,0,1609045709119901180,3.550441625480099e+00,-1.022365608918268e+01,4.414564925943276e+00,9.451020022782067e-01,-3.250553070462344e-01,-2.789352377570923e-02,1.852576535282281e-02
1609045709221997261,0,1609045709221997261,3.589799020368669e+00,-1.022625545391130e+01,4.417529939400669e+00,9.452606813687521e-01,-3.246725460551065e-01,-2.665410895536600e-02,1.896155510244130e-02
1609045709325081587,0,1609045709325081587,3.632475985262770e+00,-1.022297495050876e+01,4.419261976890515e+00,9.452584633297689e-01,-3.251128732036229e-01,-2.373979992240306e-02,1.498262594150674e-02
1609045709428345919,0,1609045709428345919,3.680126204025036e+00,-1.021856800461153e+01,4.425484531780813e+00,9.452680089697283e-01,-3.253125799794882e-01,-2.245527652480743e-02,1.165663250770719e-02
1609045709531205654,0,1609045709531205654,3.731514043589462e+00,-1.021325126277516e+01,4.429229274244457e+00,9.452022483993852e-01,-3.256514756719650e-01,-2.108469620205064e-02,9.963011553639370e-03
1609045709634885073,0,1609045709634885073,3.784665553064203e+00,-1.020348442786579e+01,4.426019025061330e+00,9.452078860153774e-01,-3.259863873973651e-01,-1.714381038617777e-02,4.584453198707993e-03
1609045709737247705,0,1609045709737247705,3.840875804527344e+00,-1.019171267451647e+01,4.418811245832900e+00,9.450893808238821e-01,-3.265687680088252e-01,-1.183402751327675e-02,-4.342557734627875e-03
1609045709840513706,0,1609045709840513706,3.896143704992615e+00,-1.018347836631148e+01,4.415347322712265e+00,9.450682407553573e-01,-3.266663574394239e-01,-9.130652156452717e-03,-7.193220680936278e-03
1609045709943660259,0,1609045709943660259,3.951743063481649e+00,-1.017675543871168e+01,4.413459980926097e+00,9.449572890092223e-01,-3.270234534704576e-01,-4.359429082038796e-03,-9.611358198011252e-03
1609045710047004223,0,1609045710047004223,4.007793408627153e+00,-1.017291375212031e+01,4.420285593844781e+00,9.449613517766098e-01,-3.270327342902429e-01,2.740334295179744e-03,-9.493414499239039e-03
1609045710150117397,0,1609045710150117397,4.058331008469710e+00,-1.016603324257375e+01,4.423556514828186e+00,9.449283140661828e-01,-3.270825372545244e-01,7.706711654071961e-03,-8.252375076269846e-03
1609045710220262766,0,1609045710220262766,4.094466514310252e+00,-1.015287762505602e+01,4.417523193495957e+00,9.446603253477429e-01,-3.276119330118980e-01,1.465958754150255e-02,-8.508087620053640e-03
1609045710322052956,0,1609045710322052956,4.134354962676506e+00,-1.013936069637571e+01,4.413672212176026e+00,9.443212100117699e-01,-3.282595327051450e-01,2.116539870196021e-02,-7.426803324949102e-03
1609045710425580263,0,1609045710425580263,4.172803332550084e+00,-1.013022166768820e+01,4.414041519280641e+00,9.432450608315457e-01,-3.310405082986224e-01,2.604301961254846e-02,-4.764264001919319e-03
1609045710527616024,0,1609045710527616024,4.200654614543838e+00,-1.011898665120950e+01,4.415226511901751e+00,9.406392001098640e-01,-3.382513745615778e-01,2.788725402590757e-02,-2.490760227607285e-03
1609045710630733728,0,1609045710630733728,4.217120160248617e+00,-1.010356172983572e+01,4.402463845643010e+00,9.364689709531161e-01,-3.497893084858124e-01,2.570802040428470e-02,-3.521902563036639e-03
1609045710734291077,0,1609045710734291077,4.220657089153465e+00,-1.008460231202579e+01,4.386571314020380e+00,9.313802369643925e-01,-3.634521672351246e-01,2.011477211100584e-02,-5.363978645924156e-03
1609045710837040186,0,1609045710837040186,4.223060064336617e+00,-1.006463907906863e+01,4.371737340673087e+00,9.258878873720512e-01,-3.774134602447854e-01,1.275103908575473e-02,-1.131861501081903e-02
1609045710940307379,0,1609045710940307379,4.224719026091255e+00,-1.004534943929610e+01,4.367570931451055e+00,9.206164977021283e-01,-3.900385658741687e-01,4.959772077173951e-03,-1.762333538772383e-02
1609045711043226719,0,1609045711043226719,4.221564309936010e+00,-1.003148308824752e+01,4.368531714607630e+00,9.152860982998475e-01,-4.021241119049137e-01,-7.749951147428136e-04,-2.338709614424483e-02
1609045711146740675,0,1609045711146740675,4.215642604329888e+00,-1.002118901420348e+01,4.368436983454659e+00,9.101568235548191e-01,-4.132156987422035e-01,-4.164149728491699e-03,-2.915480588857573e-02
1609045711250584126,0,1609045711250584126,4.205666293758314e+00,-1.001355817245320e+01,4.368440496010744e+00,9.051763486514444e-01,-4.236650371458340e-01,-6.930113790122375e-03,-3.340191109630584e-02
1609045711320224285,0,1609045711320224285,4.190807951509389e+00,-1.001115374348477e+01,4.360056445544790e+00,9.002371883811352e-01,-4.339147039455564e-01,-7.618781185478377e-03,-3.511393638561294e-02
1609045711421938896,0,1609045711421938896,4.173454382694332e+00,-1.001322341802994e+01,4.353833054877048e+00,8.952460164015706e-01,-4.443264052879183e-01,-8.625308575219455e-03,-3.215928688260926e-02
1609045711524955988,0,1609045711524955988,4.155276918831416e+00,-1.001857738911655e+01,4.347328924036320e+00,8.903015571605888e-01,-4.545596474054304e-01,-8.739095369770526e-03,-2.573504381163209e-02
1609045711627828121,0,1609045711627828121,4.137786931387955e+00,-1.002284029649666e+01,4.348137439483913e+00,8.851207546400824e-01,-4.647936670075310e-01,-8.839175556560511e-03,-2.121239709075963e-02
1609045711730997324,0,1609045711730997324,4.120378611359746e+00,-1.003090771265408e+01,4.356440205824401e+00,8.803215676392071e-01,-4.739603379624259e-01,-8.724938278111206e-03,-1.787207429573630e-02
1609045711833963871,0,1609045711833963871,4.100192075706901e+00,-1.004390925517946e+01,4.368949711867864e+00,8.758774653091630e-01,-4.822567335623897e-01,-7.662139842684236e-03,-1.443607668876671e-02
1609045711937174082,0,1609045711937174082,4.079674576659420e+00,-1.005937955409798e+01,4.381528746399677e+00,8.722464483768155e-01,-4.888503190469449e-01,-7.501661736518649e-03,-1.245888970690640e-02
1609045712040481329,0,1609045712040481329,4.057988611594144e+00,-1.007581723664705e+01,4.393559166385270e+00,8.687212500278467e-01,-4.951054781481948e-01,-6.657248515925394e-03,-1.223259170050606e-02
1609045712143735170,0,1609045712143735170,4.036729197676223e+00,-1.009395749379831e+01,4.402178014047929e+00,8.653973587097555e-01,-5.009466836658404e-01,-4.132179470020962e-03,-1.107956474859363e-02
1609045712246970415,0,1609045712246970415,4.012709967469633e+00,-1.011301314456803e+01,4.413383827359222e+00,8.622244251590411e-01,-5.063936033576789e-01,-3.034686669159843e-03,-1.119597312547601e-02
1609045712350229740,0,1609045712350229740,3.988863144265682e+00,-1.013343308852296e+01,4.427131085592148e+00,8.589610593052447e-01,-5.119396791452133e-01,-1.390673134002785e-03,-1.008610638280283e-02
1609045712420206308,0,1609045712420206308,3.965168556616099e+00,-1.014980436674445e+01,4.433724088591557e+00,8.552287118633243e-01,-5.181546848018268e-01,-3.169848728508917e-04,-9.973592278405002e-03
1609045712521729708,0,1609045712521729708,3.935639256415562e+00,-1.017228727148654e+01,4.442455781855389e+00,8.512886206078671e-01,-5.246309428949385e-01,1.508542033635911e-03,-8.233011689936617e-03
1609045712625240564,0,1609045712625240564,3.903826506494866e+00,-1.019253223861688e+01,4.443535862327105e+00,8.472048377133530e-01,-5.312033313242238e-01,2.195955580890067e-03,-7.884257990479763e-03
1609045712727934837,0,1609045712727934837,3.870417606763508e+00,-1.021200746120176e+01,4.444390773207299e+00,8.435229713439449e-01,-5.370026909878707e-01,1.198019403352224e-03,-9.781177649756796e-03
1609045712831107616,0,1609045712831107616,3.834953884623976e+00,-1.022882321199490e+01,4.445010694013583e+00,8.405766844937658e-01,-5.415748841451875e-01,-1.663160219253283e-03,-1.116764283646248e-02
1609045712934406042,0,1609045712934406042,3.798048565717081e+00,-1.024676152534212e+01,4.445099752671375e+00,8.393611078890093e-01,-5.433976150287678e-01,-4.508412456005093e-03,-1.310102138580191e-02
1609045713037579775,0,1609045713037579775,3.762021388773143e+00,-1.026723026639133e+01,4.448839668607005e+00,8.393360394816423e-01,-5.433814297427619e-01,-7.011970351142070e-03,-1.422908674579900e-02
1609045713140674114,0,1609045713140674114,3.727986144351668e+00,-1.029151072446906e+01,4.453011847201088e+00,8.393629078172113e-01,-5.433778259277048e-01,-5.648050750535360e-03,-1.336214029552726e-02
1609045713243691683,0,1609045713243691683,3.693250582382031e+00,-1.031561188958564e+01,4.455960188334389e+00,8.394370464653380e-01,-5.433431005392891e-01,-3.306877450886791e-03,-1.062001314819476e-02
1609045713346520185,0,1609045713346520185,3.656510661394044e+00,-1.033806796520147e+01,4.450857867106163e+00,8.396322835837561e-01,-5.431090669302816e-01,-8.987612409826617e-04,-7.025810282003061e-03
1609045713450101376,0,1609045713450101376,3.617240996782839e+00,-1.035829194736578e+01,4.438581039542462e+00,8.395044225362485e-01,-5.433333621199833e-01,1.409634736839394e-03,-4.381218920070352e-03
1609045713519744396,0,1609045713519744396,3.585927809530841e+00,-1.037463196118951e+01,4.426485414524649e+00,8.394805610839468e-01,-5.433804220540387e-01,2.564963345970160e-03,-1.877619085742749e-03
1609045713621368885,0,1609045713621368885,3.541824508268071e+00,-1.039732509340288e+01,4.414480723751126e+00,8.395628270630668e-01,-5.432573780013545e-01,2.265264389406847e-03,-7.411059645801277e-04
1609045713724603176,0,1609045713724603176,3.497382417446095e+00,-1.042094144239208e+01,4.405425994955588e+00,8.393403244002230e-01,-5.436039896364028e-01,-2.164603684318166e-05,-1.588023426748190e-03
1609045713827783585,0,1609045713827783585,3.454869734281859e+00,-1.044221884104558e+01,4.404319260259665e+00,8.392614509334355e-01,-5.437181618150283e-01,-3.178010001247132e-03,-8.232507896192146e-04
1609045713931094170,0,1609045713931094170,3.411896447023019e+00,-1.046326148393142e+01,4.402638350286773e+00,8.386510633014586e-01,-5.446382370194210e-01,-5.788286124528242e-03,-2.838014993757136e-04
1609045714034549236,0,1609045714034549236,3.370657409982480e+00,-1.048289056655534e+01,4.402541416092987e+00,8.372295264740639e-01,-5.468005932367529e-01,-7.409953271705002e-03,9.611598736122143e-04
1609045714136594296,0,1609045714136594296,3.329747198611729e+00,-1.049955510816336e+01,4.404369102991479e+00,8.335604915469498e-01,-5.523664936217435e-01,-7.944831255933264e-03,2.245731994091066e-03
1609045714239477396,0,1609045714239477396,3.284300313271516e+00,-1.051661598815736e+01,4.406391417717296e+00,8.279972210516562e-01,-5.606310502169397e-01,-9.158893754298280e-03,5.435267099011445e-03
1609045714342844963,0,1609045714342844963,3.240058059267713e+00,-1.053241367222988e+01,4.409036074946926e+00,8.222095023756359e-01,-5.690943474770105e-01,-8.476831532550272e-03,5.594747532739273e-03
1609045714446185589,0,1609045714446185589,3.197492295368842e+00,-1.054554854361706e+01,4.416284876576351e+00,8.164787208518335e-01,-5.772648229403742e-01,-8.771069593627123e-03,7.133787901693651e-03
1609045714549732447,0,1609045714549732447,3.158626022978863e+00,-1.055659699433966e+01,4.422403261212026e+00,8.115108056007244e-01,-5.842517426078079e-01,-8.781046278028419e-03,4.796548669959652e-03
1609045714620160580,0,1609045714620160580,3.126188089199868e+00,-1.056597726084702e+01,4.425711550429098e+00,8.064052313316045e-01,-5.913122139248422e-01,-7.738497133442115e-03,7.643339066257506e-04
1609045714721898079,0,1609045714721898079,3.086886902496151e+00,-1.057793535973130e+01,4.432675593973602e+00,8.023764709629850e-01,-5.967431808949073e-01,-9.317349780954181e-03,-1.661894509089564e-03
1609045714824812651,0,1609045714824812651,3.049761331558843e+00,-1.058912075593969e+01,4.431642108606258e+00,7.978666888761897e-01,-6.027303390388136e-01,-7.443240191852523e-03,-8.335667894038093e-03
1609045714927845716,0,1609045714927845716,3.013217373667969e+00,-1.060247576893174e+01,4.430637929220680e+00,7.944752550509160e-01,-6.071135897584644e-01,-8.878545917551070e-03,-1.197203677981749e-02
1609045715030847073,0,1609045715030847073,2.976885551646309e+00,-1.061862949357199e+01,4.427078875243244e+00,7.911650930176207e-01,-6.113349171812920e-01,-8.672440656277846e-03,-1.588091301928790e-02
1609045715133956194,0,1609045715133956194,2.941415940053302e+00,-1.063446257181534e+01,4.425380384264078e+00,7.888476627255613e-01,-6.142993368214650e-01,-8.281606280835111e-03,-1.694416685590215e-02
1609045715236789942,0,1609045715236789942,2.907231179953107e+00,-1.065411156785418e+01,4.425826821919734e+00,7.871126464177105e-01,-6.165506193533991e-01,-7.719020581331630e-03,-1.610690365709436e-02
1609045715340724707,0,1609045715340724707,2.869579317460100e+00,-1.067756707856188e+01,4.427718495456654e+00,7.855077325147684e-01,-6.186487252450633e-01,-6.249515034526578e-03,-1.457053444137735e-02
1609045715443258762,0,1609045715443258762,2.833482671854850e+00,-1.070131844643931e+01,4.430106925514319e+00,7.851562558233340e-01,-6.191683981937930e-01,-3.007911883433516e-03,-1.229231815514110e-02
1609045715546536922,0,1609045715546536922,2.795074650458273e+00,-1.072437426748104e+01,4.430027577362283e+00,7.846176298600036e-01,-6.198561014834842e-01,-2.010125208997906e-03,-1.222897228396946e-02
1609045715649509192,0,1609045715649509192,2.754911442237347e+00,-1.074824777226127e+01,4.429494317642008e+00,7.840996053973825e-01,-6.205468941970599e-01,-1.256085629294548e-03,-1.038186721431025e-02
1609045715719663858,0,1609045715719663858,2.719234413975748e+00,-1.076817667983851e+01,4.429337624104321e+00,7.824429170655869e-01,-6.226699870354386e-01,-5.059490824543315e-03,-6.290495345831150e-03
1609045715821483612,0,1609045715821483612,2.669343637740153e+00,-1.079716951543607e+01,4.418938737354734e+00,7.794939635323320e-01,-6.263538329544704e-01,-8.344557551164814e-03,-6.364896664168736e-04
1609045715924435377,0,1609045715924435377,2.619804424577437e+00,-1.082470391501428e+01,4.416743617338471e+00,7.760552863322137e-01,-6.305064817676939e-01,-1.353310834120274e-02,4.077251930296565e-03
1609045716027746677,0,1609045716027746677,2.572398934172738e+00,-1.085258001918515e+01,4.412396513285143e+00,7.729992009562257e-01,-6.340411560997026e-01,-2.042578134599203e-02,6.843621053671536e-03
1609045716131085873,0,1609045716131085873,2.530173114785243e+00,-1.087949414433068e+01,4.407726340875482e+00,7.698766940351431e-01,-6.377363739075282e-01,-2.339343294222271e-02,5.911063517695212e-03
1609045716234073639,0,1609045716234073639,2.493026035093286e+00,-1.090672611339922e+01,4.407743422892705e+00,7.665691037729035e-01,-6.415452697855414e-01,-2.757566571946153e-02,5.573025809749505e-03
1609045716337051868,0,1609045716337051868,2.462414757868558e+00,-1.093488759262042e+01,4.405549423574351e+00,7.628139149414089e-01,-6.459852644887267e-01,-2.859123859130826e-02,7.143605209592468e-04
1609045716440779209,0,1609045716440779209,2.434765889863435e+00,-1.096549127755748e+01,4.406444373155563e+00,7.591400595259997e-01,-6.503639703617879e-01,-2.695376447570250e-02,-2.563329603450775e-03
1609045716543324709,0,1609045716543324709,2.411433419674378e+00,-1.099873604998198e+01,4.406147985547645e+00,7.555010908687213e-01,-6.545829212188614e-01,-2.648692081346244e-02,-6.143612173302787e-03
1609045716646383524,0,1609045716646383524,2.390460233184436e+00,-1.103440832792622e+01,4.404327785449034e+00,7.510860632683130e-01,-6.597340476593393e-01,-2.307759428046932e-02,-9.388107654238337e-03
1609045716749393225,0,1609045716749393225,2.371101663221447e+00,-1.107441933439669e+01,4.402520036059978e+00,7.465918134545515e-01,-6.648248171342190e-01,-2.192786737927975e-02,-1.130465555726110e-02
1609045716819748163,0,1609045716819748163,2.353210523184605e+00,-1.110785147264881e+01,4.397547564359852e+00,7.421588694978015e-01,-6.698148149471445e-01,-2.067294979103732e-02,-1.099796572038203e-02
1609045716921599627,0,1609045716921599627,2.333235665078448e+00,-1.115950852727283e+01,4.397176721835241e+00,7.387264553782398e-01,-6.735862444557318e-01,-2.258620264175793e-02,-7.393162688264912e-03
1609045717025606871,0,1609045717025606871,2.313058121409496e+00,-1.121444922442164e+01,4.389246082669482e+00,7.372587701618658e-01,-6.752460158419042e-01,-2.216954473036943e-02,9.138903018332807e-04
1609045717127988577,0,1609045717127988577,2.296264926265484e+00,-1.126757439500469e+01,4.390648827065793e+00,7.366736591719918e-01,-6.757888864029215e-01,-2.376327658145568e-02,7.523801070757826e-03
1609045717231163979,0,1609045717231163979,2.282743321128873e+00,-1.132308355109129e+01,4.395240719947853e+00,7.373038881042733e-01,-6.750990195120702e-01,-2.266557989311369e-02,1.051484323521049e-02
1609045717334143877,0,1609045717334143877,2.272948774549674e+00,-1.137821758843392e+01,4.398084803227402e+00,7.374717488184906e-01,-6.749331343987452e-01,-2.238858035707981e-02,9.971722763172569e-03
1609045717437080383,0,1609045717437080383,2.266771950035911e+00,-1.143412268538073e+01,4.394519038410403e+00,7.375564974631366e-01,-6.748807450975636e-01,-2.167746247822634e-02,8.745316858764207e-03
1609045717540751457,0,1609045717540751457,2.266978155570448e+00,-1.148680660622705e+01,4.390987841487282e+00,7.369015621863677e-01,-6.756167800603343e-01,-2.210237442618697e-02,5.434997047720087e-03
1609045717643266439,0,1609045717643266439,2.270629093974141e+00,-1.153955582375962e+01,4.384849423152033e+00,7.370545201830531e-01,-6.753930222122130e-01,-2.411529561422994e-02,3.654085686987417e-03
1609045717746080637,0,1609045717746080637,2.276887986143886e+00,-1.159358332775550e+01,4.380037723943791e+00,7.367424750091843e-01,-6.756621080254570e-01,-2.610165913286216e-02,3.153519690438783e-03
1609045717849162102,0,1609045717849162102,2.285999380615808e+00,-1.164865633242464e+01,4.374017308077212e+00,7.364905037603866e-01,-6.759060805214085e-01,-2.692368317246801e-02,2.797046545136959e-03
1609045717919698477,0,1609045717919698477,2.294484070531477e+00,-1.169460442679573e+01,4.373314875445582e+00,7.363643725301896e-01,-6.759572192580843e-01,-2.855862953873968e-02,5.809757306036569e-03
1609045718021457195,0,1609045718021457195,2.311086116189371e+00,-1.175926076207484e+01,4.374361133293333e+00,7.365743186921616e-01,-6.757033122982141e-01,-2.799872996188062e-02,9.968847120267339e-03
1609045718124511003,0,1609045718124511003,2.330547028047709e+00,-1.182465458123661e+01,4.378609275827156e+00,7.366160184622293e-01,-6.757454994410096e-01,-2.540620906763769e-02,1.092638416265030e-02
1609045718227602720,0,1609045718227602720,2.352998965594395e+00,-1.188895317464996e+01,4.384458395022341e+00,7.365686195868554e-01,-6.758442782017278e-01,-2.273951918156293e-02,1.356814391421556e-02
1609045718330764055,0,1609045718330764055,2.378331830678616e+00,-1.195014268269545e+01,4.387924435071107e+00,7.350017150323899e-01,-6.775752189494948e-01,-2.069745096572399e-02,1.535959271919023e-02
1609045718433722019,0,1609045718433722019,2.408293207141706e+00,-1.201042528907304e+01,4.391376148659461e+00,7.322392288344117e-01,-6.806103344193357e-01,-1.782657483215074e-02,1.665826123382002e-02
1609045718536605120,0,1609045718536605120,2.438618441933771e+00,-1.206873588475561e+01,4.398135272519420e+00,7.276674366993997e-01,-6.855298852959344e-01,-1.606467608518635e-02,1.705297967358058e-02
1609045718639636278,0,1609045718639636278,2.469533986908140e+00,-1.212580851472827e+01,4.403141612424988e+00,7.224886374438795e-01,-6.909866344810656e-01,-1.384865035782481e-02,1.886410921018507e-02
1609045718742932320,0,1609045718742932320,2.503823812373295e+00,-1.218124992922244e+01,4.405117653128143e+00,7.184063434634064e-01,-6.953212305530531e-01,-7.388459163341429e-03,1.913433262319058e-02
1609045718846285582,0,1609045718846285582,2.542583015050902e+00,-1.223451956519082e+01,4.411841243604596e+00,7.151386901543405e-01,-6.987669623981810e-01,-3.543013400764747e-03,1.699509226863479e-02
1609045718949440718,0,1609045718949440718,2.582353323522271e+00,-1.228280218811225e+01,4.412067970658160e+00,7.135899329482616e-01,-7.004273258744563e-01,2.968889242707967e-03,1.349646101560287e-02
1609045719019935131,0,1609045719019935131,2.615639614553918e+00,-1.231792107163253e+01,4.406405404333070e+00,7.128437370943141e-01,-7.011919775409992e-01,6.606927543048490e-03,1.183070691149066e-02
1609045719121690273,0,1609045719121690273,2.662056156706226e+00,-1.236153792396943e+01,4.398431364705363e+00,7.124580367625616e-01,-7.015580725720071e-01,1.147351986592533e-02,9.390154599496311e-03
1609045719224905491,0,1609045719224905491,2.706037715206981e+00,-1.240194056829071e+01,4.392065615752919e+00,7.123788655129092e-01,-7.016199409197055e-01,1.350609717142589e-02,7.962148805133169e-03
1609045719327907562,0,1609045719327907562,2.746283381635139e+00,-1.243827085962706e+01,4.389794761814537e+00,7.127895387218761e-01,-7.011557936719257e-01,1.551625712984448e-02,8.418566009382419e-03
1609045719430948019,0,1609045719430948019,2.782246884059741e+00,-1.246972625893657e+01,4.390677755707001e+00,7.125103913323935e-01,-7.012789865102580e-01,1.821176761283854e-02,1.431980596748061e-02
1609045719533688545,0,1609045719533688545,2.815034312387093e+00,-1.249460819071407e+01,4.389315869540520e+00,7.130178747995063e-01,-7.006195743449970e-01,1.938883338021992e-02,1.902092009367956e-02
1609045719636659384,0,1609045719636659384,2.846460369473292e+00,-1.251193019963919e+01,4.386760631108346e+00,7.127827597932981e-01,-7.005878875415631e-01,2.325042641486643e-02,2.401597058317880e-02
1609045719740387440,0,1609045719740387440,2.874008189252425e+00,-1.252181750266888e+01,4.383495650915885e+00,7.125369220518191e-01,-7.006247751306983e-01,2.719185233494918e-02,2.601273443139150e-02
1609045719843143225,0,1609045719843143225,2.900203833563118e+00,-1.252249331264755e+01,4.383043075132864e+00,7.125914146181376e-01,-7.004936934123961e-01,2.797418744213450e-02,2.719386215603468e-02
1609045719946149588,0,1609045719946149588,2.924450200846707e+00,-1.251470851939820e+01,4.377025443873466e+00,7.124961624444880e-01,-7.005713753081685e-01,2.925117460951979e-02,2.633126249707704e-02
1609045720049916506,0,1609045720049916506,2.947445605617763e+00,-1.249737090326846e+01,4.368335953371619e+00,7.127465299334844e-01,-7.004592807938042e-01,2.873901614065215e-02,2.287463592931791e-02
1609045720119577646,0,1609045720119577646,2.965582773694696e+00,-1.247816197909902e+01,4.366824244709543e+00,7.122259395687314e-01,-7.011055291754796e-01,2.868942165870107e-02,1.903063451190400e-02
1609045720221298456,0,1609045720221298456,2.988677842092186e+00,-1.244575974858839e+01,4.372015290716380e+00,7.120154936406106e-01,-7.013397309504875e-01,2.977172681291657e-02,1.643663252074862e-02
1609045720324565411,0,1609045720324565411,3.006830144172668e+00,-1.240573935641213e+01,4.374025922077488e+00,7.121649354192786e-01,-7.012103616904874e-01,2.975443243018295e-02,1.548570850618384e-02
1609045720427581549,0,1609045720427581549,3.018675114973725e+00,-1.235782624334268e+01,4.368406662495635e+00,7.122012403924499e-01,-7.010422271961462e-01,3.225973225708217e-02,1.638592524257459e-02
1609045720530866146,0,1609045720530866146,3.026702699166089e+00,-1.230407076279057e+01,4.363743561556351e+00,7.122275144211427e-01,-7.009517887559180e-01,3.452489199701474e-02,1.437321724547409e-02
1609045720633982897,0,1609045720633982897,3.032665016729337e+00,-1.224405048803858e+01,4.365870638275283e+00,7.121343383135508e-01,-7.009207665223759e-01,3.690252814901916e-02,1.459337756138553e-02
1609045720736931801,0,1609045720736931801,3.033982747543323e+00,-1.217741422190795e+01,4.368760957658273e+00,7.118030989076093e-01,-7.012195834742031e-01,3.807865900267580e-02,1.332140632148367e-02
1609045720839948893,0,1609045720839948893,3.031010724915091e+00,-1.210446763239506e+01,4.364757063974736e+00,7.118666437054809e-01,-7.011096996728661e-01,4.008380251717086e-02,9.184736246443023e-03
1609045720943032742,0,1609045720943032742,3.021464139876030e+00,-1.202361120662805e+01,4.357161070665376e+00,7.117179373070608e-01,-7.012688084733829e-01,4.098317807982718e-02,1.228503823511611e-04
1609045721046283484,0,1609045721046283484,3.004421144509643e+00,-1.193677642196780e+01,4.345981640784878e+00,7.116085998022756e-01,-7.014020243418828e-01,4.008508845806731e-02,-6.448768866779885e-03
1609045721149461746,0,1609045721149461746,2.980394392452677e+00,-1.184446655310657e+01,4.334390800352297e+00,7.116819928197560e-01,-7.013617692801640e-01,3.747512377652890e-02,-1.400088519579042e-02
1609045721219591856,0,1609045721219591856,2.957051002252328e+00,-1.177412488930943e+01,4.324954698962596e+00,7.119837552226307e-01,-7.012106878681790e-01,3.227092336635510e-02,-1.847406353869515e-02
1609045721321383476,0,1609045721321383476,2.913639052577414e+00,-1.167087805444038e+01,4.316964005253729e+00,7.120771462795777e-01,-7.013283958898878e-01,2.605598791608661e-02,-2.014210412545299e-02
1609045721424690962,0,1609045721424690962,2.862449029228352e+00,-1.156773783086662e+01,4.309987108391549e+00,7.118489834747576e-01,-7.017978847642573e-01,2.161494565666741e-02,-1.683887735758294e-02
1609045721527726889,0,1609045721527726889,2.808234636075590e+00,-1.146660065362207e+01,4.303500154289902e+00,7.126757140466445e-01,-7.011982649255067e-01,1.562229844271095e-02,-1.304851198286035e-02
1609045721630799294,0,1609045721630799294,2.748252257687723e+00,-1.136570833247819e+01,4.300109015660252e+00,7.123880276665779e-01,-7.016144666854759e-01,1.092766395899543e-02,-1.100110609960459e-02
1609045721734020710,0,1609045721734020710,2.684251433713741e+00,-1.126784321548875e+01,4.301658736499296e+00,7.124856054079758e-01,-7.015601083335584e-01,6.819532446104833e-03,-1.145296724392264e-02
1609045721836899757,0,1609045721836899757,2.619713631797500e+00,-1.117274022886995e+01,4.308725241923493e+00,7.124571380230075e-01,-7.016057009788879e-01,2.791428678269661e-03,-1.210267573560669e-02
1609045721939718008,0,1609045721939718008,2.553094867044856e+00,-1.108150930417836e+01,4.319074018590027e+00,7.126153144421051e-01,-7.014280936883323e-01,-7.165655905576084e-04,-1.332402120706475e-02
1609045722042840481,0,1609045722042840481,2.486368555202651e+00,-1.099158780685494e+01,4.326576899810151e+00,7.122598025651217e-01,-7.017390447109200e-01,-2.753926294457090e-03,-1.551459532511954e-02
1609045722146164417,0,1609045722146164417,2.416910234526980e+00,-1.090501156586628e+01,4.328867474554452e+00,7.122879054657277e-01,-7.016650159137252e-01,-2.704353858450670e-03,-1.745942840655644e-02
1609045722249308825,0,1609045722249308825,2.345931342857578e+00,-1.082021491892713e+01,4.329858643384489e+00,7.118630571585254e-01,-7.020511430370427e-01,-1.444779913242777e-03,-1.931561607456667e-02
1609045722319813251,0,1609045722319813251,2.288404947460233e+00,-1.075845643404976e+01,4.326847333080161e+00,7.124552808687989e-01,-7.014591482902035e-01,-2.490427735000568e-03,-1.887680618845269e-02
1609045722421660662,0,1609045722421660662,2.201896025892266e+00,-1.067239457903920e+01,4.320954391148884e+00,7.121937113539677e-01,-7.017976718505264e-01,-5.416538555377678e-03,-1.519231395013534e-02
1609045722524774313,0,1609045722524774313,2.113489428288924e+00,-1.059097082218457e+01,4.307230541969561e+00,7.125319475148818e-01,-7.015385400876605e-01,-6.910739017330374e-03,-9.702691822184030e-03
1609045722627946138,0,1609045722627946138,2.026421979367342e+00,-1.051345172457664e+01,4.302623728697088e+00,7.122058777674718e-01,-7.018681621041942e-01,-1.175779666596372e-02,-2.371690440636837e-03
1609045722731199980,0,1609045722731199980,1.940738032268289e+00,-1.043950168120855e+01,4.296546485014215e+00,7.120610008593167e-01,-7.019327699977108e-01,-1.516571755965514e-02,5.433090235803932e-03
1609045722834082842,0,1609045722834082842,1.859867706235072e+00,-1.036885492368451e+01,4.293477141409431e+00,7.121328295143582e-01,-7.017077996694788e-01,-1.840047461816307e-02,1.159394431409242e-02
1609045722937317133,0,1609045722937317133,1.782013012460568e+00,-1.030003645046408e+01,4.298561041771598e+00,7.119780029260895e-01,-7.017875951693118e-01,-1.910903381740210e-02,1.470848199020870e-02
1609045723041251659,0,1609045723041251659,1.710038029265939e+00,-1.023277158265031e+01,4.305690047854276e+00,7.118333194767168e-01,-7.019233196275528e-01,-1.884793594942521e-02,1.554779586571490e-02
1609045723143468618,0,1609045723143468618,1.645084828329821e+00,-1.016814907710470e+01,4.317222082541069e+00,7.115777318254253e-01,-7.022899098486369e-01,-1.670916290920701e-02,1.291580310669749e-02
1609045723246507406,0,1609045723246507406,1.583536088577117e+00,-1.010371017637623e+01,4.330407808602347e+00,7.120750415692174e-01,-7.019206406769708e-01,-1.231822135796974e-02,1.023771402435366e-02
1609045723349469662,0,1609045723349469662,1.525973641065663e+00,-1.003775118612652e+01,4.343839132091460e+00,7.119805607351128e-01,-7.020735602037167e-01,-1.099469774784463e-02,7.450759670379915e-03
1609045723419785261,0,1609045723419785261,1.480649567798109e+00,-9.989203514698254e+00,4.343540542786283e+00,7.119443432017337e-01,-7.021681286051370e-01,-8.394219279638512e-03,4.970758185479310e-03
1609045723521529436,0,1609045723521529436,1.417782573925627e+00,-9.919848426883100e+00,4.346273155265007e+00,7.117873789857496e-01,-7.023512977213995e-01,-6.405537676050965e-03,4.511185297080385e-03
1609045723625244379,0,1609045723625244379,1.355034142577207e+00,-9.848661766546009e+00,4.348676029947150e+00,7.118740607461410e-01,-7.022593994568599e-01,-5.663652386862527e-03,5.914435980798460e-03
1609045723727737427,0,1609045723727737427,1.295944106989606e+00,-9.780937326654257e+00,4.357692990322205e+00,7.116260610382081e-01,-7.024877678189407e-01,-4.758952762636554e-03,8.754295211580098e-03
1609045723830728531,0,1609045723830728531,1.238342316556834e+00,-9.713281719172201e+00,4.369786784308683e+00,7.116552091955107e-01,-7.024154728711755e-01,-4.071167629508590e-03,1.194957280529145e-02
1609045723933779001,0,1609045723933779001,1.181306336067633e+00,-9.645433566011910e+00,4.379426064979088e+00,7.118077945380438e-01,-7.022343723177774e-01,-4.231504106221126e-03,1.336579003958324e-02
1609045724036889315,0,1609045724036889315,1.125164597284862e+00,-9.579029351826666e+00,4.392096550431290e+00,7.115240221684584e-01,-7.025646822437027e-01,-2.303940411415107e-03,1.145098247510800e-02
1609045724139869928,0,1609045724139869928,1.071555532695853e+00,-9.511304519346444e+00,4.410365579846101e+00,7.115041614100169e-01,-7.025981743958613e-01,-3.640900245322231e-03,1.021652961012534e-02
1609045724243339777,0,1609045724243339777,1.019664367548378e+00,-9.440604464449795e+00,4.421943105703397e+00,7.114639813210304e-01,-7.026765541526533e-01,-3.456293363640607e-03,7.260686138808988e-03
1609045724346782923,0,1609045724346782923,9.681338427108714e-01,-9.371224608897780e+00,4.434867093518510e+00,7.115684485854444e-01,-7.025870127336821e-01,-3.106459689360525e-03,5.672955482155958e-03
1609045724450088978,0,1609045724450088978,9.174094506856036e-01,-9.300491390920087e+00,4.447513106423581e+00,7.114857404288363e-01,-7.026700857909521e-01,-3.813914590941106e-03,5.314673696375310e-03
1609045724519851446,0,1609045724519851446,8.786669678200858e-01,-9.247589588951241e+00,4.456440096156179e+00,7.117900489330232e-01,-7.023430220921740e-01,-6.559705952754730e-03,5.116230663884900e-03
1609045724621467352,0,1609045724621467352,8.255541239504547e-01,-9.171921408392006e+00,4.466000433794752e+00,7.118193327658923e-01,-7.023124768249008e-01,-7.408406155197124e-03,3.941816214243657e-03
1609045724724734306,0,1609045724724734306,7.723841573412124e-01,-9.095320570110591e+00,4.474212672986734e+00,7.113087079068815e-01,-7.027669478455677e-01,-1.219238297776071e-02,3.144021155709175e-03
1609045724827309132,0,1609045724827309132,7.208201609472613e-01,-9.022038117483289e+00,4.481095413811333e+00,7.118294481236761e-01,-7.021458919665172e-01,-1.670585797182416e-02,3.301134342531153e-03
1609045724930813313,0,1609045724930813313,6.717432435533595e-01,-8.951687058210689e+00,4.486897190499234e+00,7.116474442413101e-01,-7.021065312869571e-01,-2.372520571848103e-02,6.438046493919878e-03
1609045725033832073,0,1609045725033832073,6.265929670333056e-01,-8.886224832035646e+00,4.491891719365078e+00,7.121044246008238e-01,-7.013777772342520e-01,-3.017693324596103e-02,8.115094932912806e-03
1609045725137043238,0,1609045725137043238,5.865009397813135e-01,-8.823721734663518e+00,4.498726851241418e+00,7.120375462700242e-01,-7.012592709591701e-01,-3.344560013340420e-02,1.092517401807099e-02
1609045725240952969,0,1609045725240952969,5.519369567911249e-01,-8.767064224435920e+00,4.508974958846273e+00,7.117510443455641e-01,-7.012985468360443e-01,-3.735128494985814e-02,1.398858789435020e-02
1609045725343155146,0,1609045725343155146,5.259907195516551e-01,-8.714636034150960e+00,4.518629517355859e+00,7.119975233223528e-01,-7.009861974223501e-01,-3.791876286695961e-02,1.549339307127408e-02
1609045725446297646,0,1609045725446297646,5.067377559908052e-01,-8.663217109440202e+00,4.525922583187636e+00,7.120584107877999e-01,-7.010405219437419e-01,-3.604125808869885e-02,1.469809289035436e-02
1609045725549228668,0,1609045725549228668,4.929321943071411e-01,-8.616153604650707e+00,4.534135523558184e+00,7.119796084888339e-01,-7.011995290170334e-01,-3.451247101465422e-02,1.459955296814098e-02
1609045725619478703,0,1609045725619478703,4.873817333485327e-01,-8.582692415975981e+00,4.534358406532690e+00,7.116446092605451e-01,-7.017292478783894e-01,-3.104565048933084e-02,1.319774102488931e-02
1609045725721287251,0,1609045725721287251,4.842627869601543e-01,-8.535930768622560e+00,4.539054640624088e+00,7.119353400156561e-01,-7.016492495859363e-01,-2.631490686457851e-02,1.199699416621170e-02
1609045725824461460,0,1609045725824461460,4.850384442857215e-01,-8.491156641990337e+00,4.539852342750733e+00,7.123573625186402e-01,-7.015435745950793e-01,-1.880574546876356e-02,5.472197660818300e-03
1609045725927378654,0,1609045725927378654,4.889416491157450e-01,-8.449626469384350e+00,4.540372977097880e+00,7.122665473568757e-01,-7.017783049438407e-01,-1.354874447388368e-02,8.803224555531046e-05
1609045726030601025,0,1609045726030601025,4.927267946178745e-01,-8.408917294707299e+00,4.534959251834854e+00,7.122558138543915e-01,-7.018208984979781e-01,-8.626959419449428e-03,-8.040997034842276e-03
1609045726133786678,0,1609045726133786678,4.951314135045550e-01,-8.370108674186424e+00,4.527846483607470e+00,7.119111200127770e-01,-7.021207700281278e-01,-6.930990591791427e-03,-1.268632597362598e-02
1609045726237066507,0,1609045726237066507,4.960802815493020e-01,-8.333156109381537e+00,4.516669519295720e+00,7.117162285116712e-01,-7.022409620857539e-01,-5.675859807625913e-03,-1.689455111784617e-02
1609045726340324640,0,1609045726340324640,4.954371868297805e-01,-8.299394997757860e+00,4.505992146296383e+00,7.117912731883458e-01,-7.020957950758283e-01,-5.945312058523660e-03,-1.947642714443018e-02
1609045726443365335,0,1609045726443365335,4.898779217898755e-01,-8.270344259255232e+00,4.489540932539585e+00,7.117101374892096e-01,-7.021657159341300e-01,-6.307989184971029e-03,-1.980396006548709e-02
1609045726546496391,0,1609045726546496391,4.825413550759289e-01,-8.244042544724870e+00,4.467390377295888e+00,7.117639315867105e-01,-7.021012252738508e-01,-7.316464375635539e-03,-1.981021227186429e-02
1609045726649498940,0,1609045726649498940,4.718877420660471e-01,-8.220391613654074e+00,4.441493722341618e+00,7.117399967895517e-01,-7.021498859929604e-01,-7.217965758691510e-03,-1.896353185509395e-02
1609045726719638109,0,1609045726719638109,4.623498298995685e-01,-8.205357643666394e+00,4.423140336457160e+00,7.120900590673698e-01,-7.018303926039100e-01,-7.168171710216531e-03,-1.762002012582398e-02
1609045726821304321,0,1609045726821304321,4.429703441807136e-01,-8.186041985005202e+00,4.389122727322892e+00,7.121718933807666e-01,-7.017917694640645e-01,-9.287697871154053e-03,-1.460291954491847e-02
1609045726924738646,0,1609045726924738646,4.215207794545488e-01,-8.169608949575592e+00,4.346398145031124e+00,7.122951448025031e-01,-7.017186304429248e-01,-8.450870049679019e-03,-1.245685255280905e-02
1609045727027576685,0,1609045727027576685,4.005151380970133e-01,-8.156873825704761e+00,4.305626759672951e+00,7.122192524455280e-01,-7.018457915090059e-01,-8.798011300690137e-03,-8.877859213609748e-03
1609045727130803108,0,1609045727130803108,3.788605106977604e-01,-8.147443104275194e+00,4.268305830697534e+00,7.123203377178942e-01,-7.017693108858239e-01,-8.618019795642681e-03,-6.730565142455838e-03
1609045727233657837,0,1609045727233657837,3.558364751607589e-01,-8.138140379278127e+00,4.229091033110117e+00,7.124303035515754e-01,-7.016808782241591e-01,-8.260082798671214e-03,-4.333445300950411e-03
1609045727336582184,0,1609045727336582184,3.330434226934372e-01,-8.130148761162562e+00,4.188549709977628e+00,7.123135031299501e-01,-7.017999178715600e-01,-8.516700694635998e-03,-3.716765196514618e-03
1609045727439492226,0,1609045727439492226,3.110159205777951e-01,-8.124861490668325e+00,4.146566198249843e+00,7.123218403930219e-01,-7.018025436834596e-01,-8.081630651377321e-03,-2.339364139399527e-03
1609045727542973042,0,1609045727542973042,2.875441670105968e-01,-8.120339123571773e+00,4.106138819367061e+00,7.124242224991737e-01,-7.016909220524461e-01,-8.946664655393269e-03,-1.238667517249067e-03
1609045727645816803,0,1609045727645816803,2.646058525158286e-01,-8.117369630772258e+00,4.065475937826174e+00,7.125432496457176e-01,-7.015712503361378e-01,-8.938380006690951e-03,-5.872820002699627e-05
1609045727749310255,0,1609045727749310255,2.415250392415073e-01,-8.114952310261595e+00,4.028376437826130e+00,7.125538630288929e-01,-7.015311684835596e-01,-1.080765637077433e-02,2.050973549513294e-03
1609045727819209099,0,1609045727819209099,2.244640463545075e-01,-8.114239646276019e+00,3.994239690064764e+00,7.127266551799916e-01,-7.013420304537464e-01,-1.057290510076345e-02,5.318363726187718e-03
1609045727921074390,0,1609045727921074390,2.014433528702527e-01,-8.111790405216823e+00,3.953325910826084e+00,7.128591658796307e-01,-7.011433589766776e-01,-1.222105884328374e-02,8.969141825317854e-03
1609045728024353981,0,1609045728024353981,1.793312138308308e-01,-8.108380542876098e+00,3.915310601639023e+00,7.129373107798633e-01,-7.010158919143410e-01,-1.272174882088817e-02,1.163044661603283e-02
1609045728127335310,0,1609045728127335310,1.607486313860420e-01,-8.103958028663877e+00,3.878794457835782e+00,7.128885984565224e-01,-7.010124582771105e-01,-1.336164428857537e-02,1.388690004699995e-02
1609045728230600357,0,1609045728230600357,1.449803799004620e-01,-8.098926473655725e+00,3.841702216610380e+00,7.128289921369637e-01,-7.010477036684432e-01,-1.356752294334033e-02,1.492874647845387e-02
1609045728333738804,0,1609045728333738804,1.336971603723677e-01,-8.094004307538594e+00,3.805765196819360e+00,7.126223894119756e-01,-7.012331225102154e-01,-1.404428693983493e-02,1.562677214663752e-02
1609045728436838150,0,1609045728436838150,1.257096254967761e-01,-8.087257703402535e+00,3.770673047744453e+00,7.126250247678423e-01,-7.012409158006168e-01,-1.371417138525857e-02,1.544906421097090e-02
1609045728539834738,0,1609045728539834738,1.206302297700695e-01,-8.079674104674913e+00,3.735806943148285e+00,7.126260148173678e-01,-7.012764506830770e-01,-1.308951781701770e-02,1.428871044620870e-02
1609045728642862797,0,1609045728642862797,1.190191614260410e-01,-8.071950944509741e+00,3.701649428637008e+00,7.126731110957009e-01,-7.012674805286925e-01,-1.312444508968577e-02,1.219452398563845e-02
1609045728745792150,0,1609045728745792150,1.212812778146255e-01,-8.064672822908348e+00,3.663831026640948e+00,7.125674895446029e-01,-7.014606842356080e-01,-1.095232938850251e-02,8.973728144700243e-03
1609045728848742723,0,1609045728848742723,1.257877001177419e-01,-8.057543548915190e+00,3.624984858620722e+00,7.126851749717149e-01,-7.014251243990144e-01,-8.318467186628702e-03,3.665970684837379e-03
1609045728918749809,0,1609045728918749809,1.319389687134672e-01,-8.051701842417334e+00,3.594742720114579e+00,7.125222727311422e-01,-7.016182268753123e-01,-6.623276597389868e-03,-8.237439131003056e-05
1609045729020974159,0,1609045729020974159,1.368166859203551e-01,-8.043124946349579e+00,3.550760716086543e+00,7.124156134762883e-01,-7.017298878592479e-01,-3.632110974194651e-03,-5.095677595544327e-03
1609045729123860121,0,1609045729123860121,1.392296161001371e-01,-8.035373074536880e+00,3.504926754522316e+00,7.122003109705609e-01,-7.019236902331414e-01,-5.196135197170014e-04,-8.577886963127885e-03
1609045729226897478,0,1609045729226897478,1.380480914880444e-01,-8.026735384089333e+00,3.460467056137269e+00,7.124770481816830e-01,-7.016107928462345e-01,9.138696969855348e-04,-1.085891422784818e-02
1609045729330798864,0,1609045729330798864,1.328260127427431e-01,-8.020237852297999e+00,3.414509583392927e+00,7.122913826835831e-01,-7.018042021340355e-01,1.274656559700006e-03,-1.049872718055882e-02
1609045729433721304,0,1609045729433721304,1.251874527561869e-01,-8.015052580054819e+00,3.367279859740460e+00,7.123227020695964e-01,-7.018065285582622e-01,1.234814125101467e-04,-7.996833226408654e-03
1609045729537168503,0,1609045729537168503,1.150892791041798e-01,-8.011812576245275e+00,3.317760734958656e+00,7.122047479426279e-01,-7.019539194379586e-01,-4.749641379091498e-04,-4.986622381176974e-03
1609045729640287161,0,1609045729640287161,1.038613426378967e-01,-8.008200050629453e+00,3.275771985876041e+00,7.121374846412352e-01,-7.020360671595689e-01,-2.346318579890797e-03,-2.411745003898499e-04
1609045729743478060,0,1609045729743478060,9.140834684334245e-02,-8.004897828920905e+00,3.235564135610823e+00,7.125811079454940e-01,-7.015742320343089e-01,-3.787776760394066e-03,2.722919736722110e-03
1609045729846530914,0,1609045729846530914,7.836524845649390e-02,-8.000328890799489e+00,3.194612396929005e+00,7.125701444457723e-01,-7.015592749509729e-01,-4.025919524993261e-03,6.493454151046771e-03
1609045729949873209,0,1609045729949873209,6.686459226945705e-02,-7.994896263456510e+00,3.156172367216861e+00,7.122556694841102e-01,-7.018703324140932e-01,-4.381732448306007e-03,7.120265827967456e-03
1609045730019768238,0,1609045730019768238,5.901102905278063e-02,-7.990696291866885e+00,3.128126210166593e+00,7.124790344041383e-01,-7.016445529170170e-01,-4.318616290936025e-03,7.063741911459285e-03
1609045730121595860,0,1609045730121595860,4.880873268179710e-02,-7.982246369661724e+00,3.086589408708807e+00,7.121867635954895e-01,-7.019295980207580e-01,-4.035362597575031e-03,8.280641916012346e-03
1609045730224267006,0,1609045730224267006,3.992902084028943e-02,-7.974109145005256e+00,3.037692784666453e+00,7.123550683732039e-01,-7.017712925045149e-01,-3.885566509577057e-03,7.225783866507391e-03
1609045730327225924,0,1609045730327225924,3.051615529320705e-02,-7.963841377183685e+00,2.987899110965917e+00,7.123179414998674e-01,-7.018223589405087e-01,-4.559045117059814e-03,5.267050049732227e-03
1609045730430492163,0,1609045730430492163,2.059256785100127e-02,-7.953625751823449e+00,2.937837546016833e+00,7.124173844209870e-01,-7.017329078590443e-01,-4.608654133395846e-03,3.340166098146628e-03
1609045730533827782,0,1609045730533827782,1.097707620358987e-02,-7.943699272487404e+00,2.885091934584429e+00,7.123120237159944e-01,-7.018402571065154e-01,-5.471312803545015e-03,1.378082191624119e-03
1609045730636641026,0,1609045730636641026,1.046020873680553e-03,-7.933742857837057e+00,2.834080398265101e+00,7.122326486182879e-01,-7.019136999469755e-01,-6.458336084111304e-03,-3.193180042869034e-04
1609045730739693642,0,1609045730739693642,-1.017963294524068e-02,-7.924332940504232e+00,2.784103191480632e+00,7.124428249911905e-01,-7.016963646836684e-01,-6.814043281859031e-03,-1.000860872871698e-03
1609045730842775345,0,1609045730842775345,-2.235865149861333e-02,-7.915361644337534e+00,2.733031055608668e+00,7.127801131826702e-01,-7.013452474727038e-01,-7.693104608323851e-03,4.126018348792434e-04
1609045730946015358,0,1609045730946015358,-3.352794283850078e-02,-7.907280888406246e+00,2.683351627824506e+00,7.126943147640672e-01,-7.014345587826373e-01,-7.110555625896285e-03,2.411109103956062e-03
1609045731049372911,0,1609045731049372911,-4.269452849125385e-02,-7.899931785210239e+00,2.635721608405309e+00,7.129559185727939e-01,-7.011657512980988e-01,-6.581206853034758e-03,4.139455880964746e-03
1609045731119411230,0,1609045731119411230,-4.856457497260714e-02,-7.892496051349542e+00,2.600634253257960e+00,7.126662092441148e-01,-7.014500576301846e-01,-5.792960724264231e-03,6.413459153775843e-03
1609045731221187115,0,1609045731221187115,-5.754800646109320e-02,-7.881764400451510e+00,2.548566206270883e+00,7.126839329032278e-01,-7.014216142673552e-01,-5.082751814057946e-03,7.968466238665716e-03
1609045731324013710,0,1609045731324013710,-6.479069857951066e-02,-7.871140623484877e+00,2.497536269590174e+00,7.129007547600755e-01,-7.011960626041194e-01,-5.140638439808560e-03,8.376722954759547e-03
1609045731427177906,0,1609045731427177906,-7.042591449090653e-02,-7.858139844155383e+00,2.446321263359040e+00,7.127261635697929e-01,-7.013931998874733e-01,-4.801840867517997e-03,6.777701602557122e-03
1609045731530468702,0,1609045731530468702,-7.526097720467080e-02,-7.845955859730642e+00,2.398487036584972e+00,7.126736187122810e-01,-7.014633518528990e-01,-4.671483970304771e-03,4.863788275444075e-03
1609045731633852720,0,1609045731633852720,-8.219452076049504e-02,-7.833076320201741e+00,2.350252574083676e+00,7.130468000542776e-01,-7.011003937580428e-01,-4.612955092497035e-03,1.104287110137736e-03
1609045731736580610,0,1609045731736580610,-9.040648445400926e-02,-7.821440127282598e+00,2.304004369507803e+00,7.131068936829366e-01,-7.010409220467952e-01,-4.098873894109245e-03,-1.839301629936173e-03
1609045731839447260,0,1609045731839447260,-9.981220125510289e-02,-7.812204823840125e+00,2.260276273761831e+00,7.129264564635142e-01,-7.012197965037482e-01,-4.006640573090366e-03,-3.257529274078054e-03
1609045731942519903,0,1609045731942519903,-1.090403536753399e-01,-7.802758205971133e+00,2.215707792483063e+00,7.130327087797704e-01,-7.011134573379174e-01,-3.942622020858417e-03,-2.954975717242460e-03
1609045732045910120,0,1609045732045910120,-1.184303928591116e-01,-7.791189445254653e+00,2.171772271880058e+00,7.129266023944303e-01,-7.012349922318958e-01,-1.759496734363934e-03,-1.431586233415882e-03
1609045732149164915,0,1609045732149164915,-1.289373119951512e-01,-7.779551046063358e+00,2.132952162621014e+00,7.131708208336738e-01,-7.009873985112112e-01,-1.667964556698547e-03,1.124870739807893e-03
1609045732219460964,0,1609045732219460964,-1.369388554026260e-01,-7.769115756405761e+00,2.100634433029386e+00,7.128774614087061e-01,-7.012810971093340e-01,-8.228305062292495e-04,3.141783347557463e-03
1609045732321280241,0,1609045732321280241,-1.487033836925341e-01,-7.754408157190153e+00,2.058243702065888e+00,7.129901427756059e-01,-7.011576062278218e-01,-6.958222003741814e-04,4.752195828580749e-03
1609045732424257517,0,1609045732424257517,-1.597328179018158e-01,-7.737704773539622e+00,2.016111958938783e+00,7.132023323630735e-01,-7.009380071523088e-01,-6.080467721161771e-04,5.288999941365765e-03
1609045732527387381,0,1609045732527387381,-1.722873417713136e-01,-7.718992265097272e+00,1.972505202773459e+00,7.132639577310043e-01,-7.008721074927812e-01,-8.535334781032329e-05,5.727849105333376e-03
1609045732630396366,0,1609045732630396366,-1.859922980053143e-01,-7.700633353032866e+00,1.928060465347067e+00,7.132053565732688e-01,-7.009194422339158e-01,1.445190845229629e-04,7.073469301865725e-03
1609045732733408689,0,1609045732733408689,-1.993536976335906e-01,-7.682601354135057e+00,1.883815089070809e+00,7.134530463192129e-01,-7.006600900428224e-01,4.223048528839626e-04,7.746649447720735e-03
1609045732836620331,0,1609045732836620331,-2.123270411007117e-01,-7.662959327698200e+00,1.839842198355501e+00,7.133836654163324e-01,-7.007118406527026e-01,1.099933663134953e-03,9.244048476253279e-03
1609045732940131903,0,1609045732940131903,-2.254422212084156e-01,-7.640724427337752e+00,1.796801102289191e+00,7.131759595413046e-01,-7.008908442005171e-01,1.502047517594566e-03,1.139381856610364e-02
1609045733042979240,0,1609045733042979240,-2.355316898121687e-01,-7.616278534076652e+00,1.751888489946491e+00,7.129981001921052e-01,-7.010308743180217e-01,6.895420242449161e-04,1.374579598241294e-02
1609045733146099091,0,1609045733146099091,-2.454011553109224e-01,-7.588729675093260e+00,1.708009888578149e+00,7.132662369553620e-01,-7.007175679983405e-01,3.594647100465939e-04,1.568553165138179e-02
1609045733249140978,0,1609045733249140978,-2.545035322735500e-01,-7.559975423882640e+00,1.665200473343615e+00,7.132827962220160e-01,-7.006706316323583e-01,1.290129213533257e-04,1.697945633156142e-02
1609045733319259644,0,1609045733319259644,-2.604441634561486e-01,-7.537783061439318e+00,1.629782872754535e+00,7.133756418187066e-01,-7.005454755978290e-01,1.867578228087618e-04,1.819877470357754e-02
1609045733421008825,0,1609045733421008825,-2.695275438868616e-01,-7.500391986291944e+00,1.583554288145696e+00,7.135301766259312e-01,-7.003884637380826e-01,8.651670572205420e-05,1.818459297511496e-02
1609045733524750233,0,1609045733524750233,-2.772534515982862e-01,-7.459550169485851e+00,1.536733173855311e+00,7.136898259870966e-01,-7.002289151617876e-01,1.016247692821745e-03,1.803512945658629e-02
1609045733627319574,0,1609045733627319574,-2.835959974118223e-01,-7.415664858080306e+00,1.491112997762182e+00,7.138376351512111e-01,-7.001010248127139e-01,2.615153019171226e-03,1.695720120285477e-02
1609045733730476141,0,1609045733730476141,-2.895857965437777e-01,-7.369129558364087e+00,1.445916223900783e+00,7.134949274112738e-01,-7.004748218762148e-01,3.250253195433177e-03,1.579393333109945e-02
1609045733833426952,0,1609045733833426952,-2.937896613356811e-01,-7.318534086914660e+00,1.400239299532127e+00,7.137626699639195e-01,-7.002306098492141e-01,4.560686511955013e-03,1.411184377562770e-02
1609045733936618567,0,1609045733936618567,-2.984885551815394e-01,-7.266037804505462e+00,1.352678517434456e+00,7.140577684892032e-01,-6.999737390000482e-01,4.835868792072523e-03,1.161388580844063e-02
1609045734039746046,0,1609045734039746046,-3.016320219520033e-01,-7.210786492109572e+00,1.304103986723525e+00,7.140304785345162e-01,-7.000522319774131e-01,5.418067514811250e-03,7.615298526719471e-03
1609045734143014669,0,1609045734143014669,-3.042918015945019e-01,-7.154428141705281e+00,1.257618591757898e+00,7.140120589729433e-01,-7.001082017811550e-01,4.915199853511771e-03,3.335603455213085e-03
1609045734246030331,0,1609045734246030331,-3.101579502827214e-01,-7.096745837744751e+00,1.216317309068383e+00,7.142022255390044e-01,-6.999283960671808e-01,3.488991094902845e-03,-1.802319374576917e-03
1609045734349050999,0,1609045734349050999,-3.203135699500387e-01,-7.041546960419404e+00,1.176482948873694e+00,7.141713431989110e-01,-6.999522454067111e-01,1.795238970964203e-03,-4.787882688076862e-03
1609045734419150114,0,1609045734419150114,-3.280833913482376e-01,-7.000972069739625e+00,1.139854467161116e+00,7.143440797614337e-01,-6.997701520042633e-01,1.027148478953016e-03,-5.763249062148181e-03
1609045734521166563,0,1609045734521166563,-3.406899434022977e-01,-6.940227570420591e+00,1.090872036767020e+00,7.142576394183942e-01,-6.998690967334940e-01,9.776615174956983e-04,-4.279736895340469e-03
1609045734625005245,0,1609045734625005245,-3.527640938775828e-01,-6.877049575822030e+00,1.043204633209377e+00,7.142274712652745e-01,-6.998986151717156e-01,2.565935547675570e-03,-3.803123127407999e-03
1609045734727366209,0,1609045734727366209,-3.662251530134081e-01,-6.814943038158478e+00,9.954989308722039e-01,7.144030764758256e-01,-6.997063926988996e-01,3.252312523134141e-03,-5.350775780314257e-03
1609045734830802679,0,1609045734830802679,-3.847570937712764e-01,-6.754277024126221e+00,9.496748645605723e-01,7.141711107704102e-01,-6.998999185303691e-01,2.550378080323259e-03,-9.655265600552564e-03
1609045734933630228,0,1609045734933630228,-4.062389930824357e-01,-6.696581131108187e+00,9.055912307754928e-01,7.139805672213726e-01,-7.000274263860919e-01,1.113176230408135e-03,-1.386047532451524e-02
1609045735036946774,0,1609045735036946774,-4.303459338221716e-01,-6.644052986228945e+00,8.648025021621845e-01,7.142247943894857e-01,-6.997380398397589e-01,-2.012708004903420e-04,-1.579804325226624e-02
1609045735140116692,0,1609045735140116692,-4.580959752485078e-01,-6.594974659492439e+00,8.267580968002780e-01,7.141518588843468e-01,-6.998177133823883e-01,-1.637582902666944e-03,-1.547930265030333e-02
1609045735243190289,0,1609045735243190289,-4.878434352992389e-01,-6.547149667872206e+00,7.847085609440199e-01,7.142396284045764e-01,-6.997430410729972e-01,-1.605595677622427e-03,-1.479363880026143e-02
1609045735346379519,0,1609045735346379519,-5.180815750780030e-01,-6.499699564779115e+00,7.427192162334902e-01,7.145834261157011e-01,-6.994491301884918e-01,-2.147334028422833e-03,-1.169745082942271e-02
1609045735449664593,0,1609045735449664593,-5.497682623819278e-01,-6.456106528262871e+00,7.022580513094117e-01,7.143331748028063e-01,-6.997087312814788e-01,-5.281837713308896e-03,-1.038792255472617e-02
1609045735519259453,0,1609045735519259453,-5.749378751273253e-01,-6.425612514984006e+00,6.718567873348905e-01,7.141220118728531e-01,-6.999124709631630e-01,-7.848579387840490e-03,-9.522864617872615e-03
1609045735620975494,0,1609045735620975494,-6.124413672640201e-01,-6.384342484715359e+00,6.344374568356063e-01,7.141179525420956e-01,-6.998987387669433e-01,-9.213751217828628e-03,-9.613122180177838e-03
1609045735724669456,0,1609045735724669456,-6.537681308527445e-01,-6.344427373073320e+00,6.076217745807256e-01,7.144162805079702e-01,-6.995786000434338e-01,-1.108633533027206e-02,-8.732335048389515e-03
1609045735827352762,0,1609045735827352762,-6.956741812147449e-01,-6.307333374303290e+00,5.925213881112255e-01,7.145132922593653e-01,-6.994422646996817e-01,-1.446676247635045e-02,-6.479685173158897e-03
1609045735930563688,0,1609045735930563688,-7.330983431226626e-01,-6.273205597812603e+00,5.809655437532814e-01,7.142938165302520e-01,-6.996397179856157e-01,-1.650980264109442e-02,-4.004385150951036e-03
1609045736033569813,0,1609045736033569813,-7.685088339755658e-01,-6.241187996384287e+00,5.809687950193316e-01,7.144643352312527e-01,-6.993547160415388e-01,-2.099906012725386e-02,-1.653573955046139e-03
1609045736136828184,0,1609045736136828184,-8.018063477279221e-01,-6.214310612805395e+00,5.883747142970926e-01,7.145508718527559e-01,-6.992014768461847e-01,-2.311188401356625e-02,-4.325828859590283e-04
1609045736239739418,0,1609045736239739418,-8.309279124884288e-01,-6.191222103796663e+00,5.978856314432980e-01,7.147169480545491e-01,-6.990015724550008e-01,-2.400754883009336e-02,3.513804560692821e-04
1609045736342797041,0,1609045736342797041,-8.583890663283044e-01,-6.169862593198501e+00,6.049760771000801e-01,7.143940595858970e-01,-6.993320848080440e-01,-2.394926691694808e-02,1.481688423816239e-03
1609045736445744038,0,1609045736445744038,-8.825609960450704e-01,-6.150759039208995e+00,6.081855481658748e-01,7.150659235093272e-01,-6.986911723118893e-01,-2.254100195989105e-02,1.809419758280123e-03
1609045736549007416,0,1609045736549007416,-9.050916511135331e-01,-6.134608383954417e+00,6.054666592556848e-01,7.148286706569129e-01,-6.989472241235573e-01,-2.216030836650445e-02,1.292373774967138e-03
1609045736619306803,0,1609045736619306803,-9.203106680329787e-01,-6.125536198605015e+00,6.005692042699488e-01,7.156072551484467e-01,-6.981713313201358e-01,-2.148886527122675e-02,1.130119885505394e-03
1609045736720809937,0,1609045736720809937,-9.402929043929424e-01,-6.111451579392808e+00,5.868579531953320e-01,7.153348860040900e-01,-6.983922800254799e-01,-2.321233085651309e-02,2.326319531034106e-03
1609045736823893309,0,1609045736823893309,-9.555856074584995e-01,-6.098559846769890e+00,5.668593646405026e-01,7.152499576851594e-01,-6.984054886542542e-01,-2.522159719252080e-02,3.338035960317972e-03
1609045736927183867,0,1609045736927183867,-9.670766015523179e-01,-6.090716124914924e+00,5.438313437016975e-01,7.152761196494475e-01,-6.982866929988538e-01,-2.753293538639882e-02,4.207672632984231e-03
1609045737030524015,0,1609045737030524015,-9.765181592848813e-01,-6.084450825161818e+00,5.242535485377497e-01,7.153382041801143e-01,-6.981553935103266e-01,-2.907309777080516e-02,5.005510847196696e-03
1609045737133762598,0,1609045737133762598,-9.803669510090488e-01,-6.082395146193810e+00,5.044828749706710e-01,7.155411529180515e-01,-6.978277596956617e-01,-3.158702373398773e-02,6.287782637015254e-03
1609045737237111092,0,1609045737237111092,-9.802020376702560e-01,-6.084363223533458e+00,4.846947079923632e-01,7.159111834911698e-01,-6.974343218585227e-01,-3.180801448871656e-02,6.692851434489103e-03
1609045737339987040,0,1609045737339987040,-9.746709242670317e-01,-6.088364278484564e+00,4.663288657549716e-01,7.158634996212740e-01,-6.976110124764157e-01,-2.938330254172655e-02,3.866097952390133e-03
1609045737442831993,0,1609045737442831993,-9.649552464673095e-01,-6.094746957188315e+00,4.522020482032289e-01,7.158526417896774e-01,-6.977160178512993e-01,-2.729415678092249e-02,1.543593892286983e-03
1609045737546097517,0,1609045737546097517,-9.525274549575510e-01,-6.106102000415532e+00,4.359514563438804e-01,7.161765071841814e-01,-6.975251081523990e-01,-2.330801040767063e-02,-2.582770858426608e-03
1609045737649109364,0,1609045737649109364,-9.415013733987805e-01,-6.120778203513490e+00,4.219389273177255e-01,7.162527129995744e-01,-6.975746577841855e-01,-1.901659216927285e-02,-3.164989781313864e-03
1609045737719359636,0,1609045737719359636,-9.333985530715085e-01,-6.134652554763020e+00,4.073526858216286e-01,7.165083146796677e-01,-6.973695700640119e-01,-1.687312682565377e-02,-2.610619616850040e-03
1609045737820980310,0,1609045737820980310,-9.198006535397998e-01,-6.153824471342786e+00,3.863471033131808e-01,7.163194594846911e-01,-6.976129431721795e-01,-1.490167814429521e-02,7.439561232191066e-04
1609045737924211025,0,1609045737924211025,-9.031468520023027e-01,-6.173719434552507e+00,3.647766278985405e-01,7.171409948474777e-01,-6.968078991367939e-01,-1.228647638821585e-02,4.072800967296419e-03
1609045738027201891,0,1609045738027201891,-8.833517046012469e-01,-6.191052942840791e+00,3.465761733016433e-01,7.171774045356343e-01,-6.967328970373443e-01,-1.349094494522311e-02,6.151017312934227e-03
1609045738130200386,0,1609045738130200386,-8.610087115286441e-01,-6.208713718324507e+00,3.286264008791713e-01,7.172530544519289e-01,-6.966823602556976e-01,-1.204013765286229e-02,6.064641229602288e-03
1609045738233462811,0,1609045738233462811,-8.396040024565038e-01,-6.228974258125416e+00,3.110643062297588e-01,7.175013550739501e-01,-6.964437000762373e-01,-1.207677997187096e-02,3.482739825596633e-03
1609045738336734056,0,1609045738336734056,-8.207590851140379e-01,-6.249630385258321e+00,2.940305522515645e-01,7.171377905358485e-01,-6.968642548452519e-01,-9.407889024939732e-03,2.256397226583467e-03
1609045738439763308,0,1609045738439763308,-7.972418199462987e-01,-6.270141313893457e+00,2.748985537448186e-01,7.171416449554524e-01,-6.968918891945132e-01,-6.882888308235421e-03,1.477055869976983e-03
1609045738542882204,0,1609045738542882204,-7.743174196142717e-01,-6.290353907964084e+00,2.546575612342286e-01,7.170668364522296e-01,-6.969917769473769e-01,-3.497561683616184e-03,2.319911725616563e-03
1609045738646033764,0,1609045738646033764,-7.538781498114961e-01,-6.311564855565827e+00,2.344741285782140e-01,7.173593930644229e-01,-6.966990878914104e-01,3.633687887924772e-04,2.397931745307003e-03
1609045738748991251,0,1609045738748991251,-7.349533555986116e-01,-6.330548505465345e+00,2.133030264814481e-01,7.171906087895031e-01,-6.968538244464626e-01,4.073093779941136e-03,3.973402264174782e-03
1609045738819228172,0,1609045738819228172,-7.191138614949759e-01,-6.342326547193651e+00,1.887981383722806e-01,7.176364806855202e-01,-6.963477375388990e-01,6.876689524557375e-03,7.100785516492712e-03
1609045738920928001,0,1609045738920928001,-6.960752823209742e-01,-6.355249997592274e+00,1.590858319518198e-01,7.176315068638688e-01,-6.963139695370358e-01,9.222852692956272e-03,8.174054812904672e-03
1609045739023897171,0,1609045739023897171,-6.739403936032321e-01,-6.364965769529505e+00,1.270609878698342e-01,7.177549622977369e-01,-6.961960236427022e-01,1.001503338878690e-02,6.213683874794022e-03
1609045739127559900,0,1609045739127559900,-6.536897677520100e-01,-6.369851001496538e+00,8.600894593332689e-02,7.171616871879328e-01,-6.968110028210668e-01,1.152126590800087e-02,8.951028672915255e-04
1609045739230597496,0,1609045739230597496,-6.378081468395387e-01,-6.371784901665966e+00,3.166498468754571e-02,7.166875838368915e-01,-6.973036942139902e-01,9.302062537287476e-03,-6.319560279125243e-03
1609045739333645582,0,1609045739333645582,-6.269658467588867e-01,-6.372860895527940e+00,8.115476485745636e-03,7.156605095748678e-01,-6.983128470505297e-01,-1.027291993755191e-02,9.147119502509488e-03
1609045739436755657,0,1609045739436755657,-6.286940995797343e-01,-6.378564935118808e+00,1.049175318006982e-03,7.149860677510051e-01,-6.990019427129313e-01,-1.223220958374239e-02,-6.448259781726231e-03
1609045739540897846,0,1609045739540897846,-5.995100215812552e-01,-6.369811649575555e+00,-2.926302398521546e-02,7.136767949156335e-01,-7.004393164753169e-01,-5.643561084959082e-03,-4.283287619442988e-03
1609045739642951250,0,1609045739642951250,-6.035852089317132e-01,-6.371595082824459e+00,-3.398537979013128e-02,7.124864882412795e-01,-7.012812700471804e-01,-2.337284932407175e-02,4.614571389605242e-03
1609045739745521545,0,1609045739745521545,-6.118218867381420e-01,-6.373667476908349e+00,-4.239053320153044e-02,7.111689404513019e-01,-7.027425979075784e-01,-1.779467479672507e-02,8.656140732172085e-03
1609045739849017382,0,1609045739849017382,-6.041664180484153e-01,-6.379040650427354e+00,-6.350790475967283e-02,7.111689293099459e-01,-7.029824214832636e-01,-7.305739523393412e-03,-1.046537005363671e-03
1609045739919979095,0,1609045739919979095,-5.896631137354790e-01,-6.371251142202946e+00,-6.556224460311659e-02,7.125875091940496e-01,-7.015329008447179e-01,-7.430929289084241e-03,3.925820032315600e-03
1609045740021604776,0,1609045740021604776,-5.686653936025770e-01,-6.371941915626166e+00,-7.851858194499312e-02,7.155646464649863e-01,-6.985297974836873e-01,-4.342194386622197e-03,2.122287621774673e-03
1609045740124623775,0,1609045740124623775,-5.557553263649032e-01,-6.374241511976158e+00,-9.114982260234562e-02,7.177940631620506e-01,-6.961826782204835e-01,-1.006406154761434e-02,-2.758627018606095e-04
1609045740226925850,0,1609045740226925850,-5.565861222078096e-01,-6.376350692977358e+00,-9.355006469122659e-02,7.178049637338709e-01,-6.961764453965236e-01,-8.422398476985562e-03,-4.842945174721725e-03
1609045740330575705,0,1609045740330575705,-5.576227612496021e-01,-6.373813000735534e+00,-8.229889060214129e-02,7.182360580529091e-01,-6.956144477642378e-01,-1.592001796008813e-02,-2.014448413997874e-03
1609045740433922052,0,1609045740433922052,-5.517408698829080e-01,-6.375227360560359e+00,-8.633473249744882e-02,7.176741569052447e-01,-6.962140886528094e-01,-1.416458368745796e-02,-5.395538956939822e-03
1609045740536190748,0,1609045740536190748,-5.479172338372456e-01,-6.374692218135951e+00,-8.225629735872075e-02,7.175891510971700e-01,-6.963136657780915e-01,-1.325963524693391e-02,-6.105010354420948e-03
1609045740640217066,0,1609045740640217066,-5.486092250053962e-01,-6.372733226224651e+00,-7.552169746703360e-02,7.175788068555420e-01,-6.962982878803990e-01,-1.520375186338661e-02,-4.265697582818384e-03
1609045740742782593,0,1609045740742782593,-5.499825090686168e-01,-6.373469579106359e+00,-7.050351563380264e-02,7.176248654441807e-01,-6.962477487612861e-01,-1.527628520551447e-02,-4.501105572076496e-03
1609045740845550060,0,1609045740845550060,-5.507635217981443e-01,-6.372651128395447e+00,-6.673164125236886e-02,7.180795818198267e-01,-6.957822523772326e-01,-1.542203494841450e-02,-3.306401119722306e-03
1609045740948681116,0,1609045740948681116,-5.508191856085546e-01,-6.372123050182948e+00,-6.570540501896407e-02,7.178442961078053e-01,-6.960508061882642e-01,-1.418502611535936e-02,-3.409807069469238e-03
1609045741019081116,0,1609045741019081116,-5.516487524706021e-01,-6.372581941271063e+00,-6.275862090197344e-02,7.180421716103261e-01,-6.958289509308346e-01,-1.519456562820467e-02,-2.576045609006914e-03
1609045741120962381,0,1609045741120962381,-5.506910075952243e-01,-6.372090679354621e+00,-6.455979191672492e-02,7.179338669250153e-01,-6.959454991197545e-01,-1.498493022307389e-02,-2.505362897667081e-03
1609045741224486351,0,1609045741224486351,-5.517132191808808e-01,-6.373084242365459e+00,-6.439730715748712e-02,7.182037388343468e-01,-6.956593740882169e-01,-1.543870514578909e-02,-1.752469961146773e-03
1609045741327163219,0,1609045741327163219,-5.511294327233430e-01,-6.371533795997459e+00,-6.685233662744883e-02,7.182303710244929e-01,-6.956599430937228e-01,-1.398154241175226e-02,-2.625677937343057e-03
1609045741430360794,0,1609045741430360794,-5.519959261483759e-01,-6.369938825700258e+00,-6.506788422653693e-02,7.183791822287452e-01,-6.954820839313491e-01,-1.524854628548514e-02,-1.871712325578886e-03
1609045741533380508,0,1609045741533380508,-5.507058787537702e-01,-6.368162969821109e+00,-6.610076957485586e-02,7.182081899649524e-01,-6.956812730959843e-01,-1.417634826282358e-02,-1.895595086933923e-03
1609045741636331320,0,1609045741636331320,-5.501740356563221e-01,-6.366668092669967e+00,-6.484395605843309e-02,7.184958420973757e-01,-6.953673012321825e-01,-1.498477041438083e-02,-1.870273099510926e-03
1609045741739660263,0,1609045741739660263,-5.491213721654065e-01,-6.364973304105892e+00,-6.564370845021998e-02,7.183196108510675e-01,-6.955614355401620e-01,-1.438754727809502e-02,-2.055368430561306e-03
1609045741842714310,0,1609045741842714310,-5.491865366063206e-01,-6.363895464142503e+00,-6.551503441794787e-02,7.183387942113022e-01,-6.955444103159241e-01,-1.429206956684270e-02,-1.756916847477537e-03
1609045741945959806,0,1609045741945959806,-5.496644275636273e-01,-6.363587465780693e+00,-6.602303570949521e-02,7.185670559103288e-01,-6.953118279460696e-01,-1.417487809243498e-02,-1.385968869321665e-03
1609045742048892260,0,1609045742048892260,-5.501655369534665e-01,-6.363945864533350e+00,-6.617548783840499e-02,7.183253819838972e-01,-6.955609347493873e-01,-1.422884325422436e-02,-1.082436085500421e-03
1609045742119482040,0,1609045742119482040,-5.510385246358442e-01,-6.364492456367401e+00,-6.685164036644976e-02,7.183622887728532e-01,-6.955339125193524e-01,-1.367502201585100e-02,-1.091960346914210e-03
1609045742221138239,0,1609045742221138239,-5.515345750481058e-01,-6.364312249467588e+00,-6.726750137928152e-02,7.186499108837580e-01,-6.952244119222973e-01,-1.428664855937535e-02,-1.101965055717437e-03
1609045742324505329,0,1609045742324505329,-5.526257154244359e-01,-6.364025807685815e+00,-6.714720304989502e-02,7.185414711340936e-01,-6.953456593706745e-01,-1.383903197752640e-02,-1.024426044201159e-03
1609045742427364588,0,1609045742427364588,-5.531059938109210e-01,-6.363378153598234e+00,-6.707100487299983e-02,7.183017547745464e-01,-6.955843320315411e-01,-1.425005263113696e-02,-1.400756950146435e-03
1609045742530668020,0,1609045742530668020,-5.531852259030090e-01,-6.362106133369299e+00,-6.701862138826643e-02,7.184727697489814e-01,-6.954116770199131e-01,-1.407291867104584e-02,-1.196475506240444e-03
1609045742633586168,0,1609045742633586168,-5.537973314843855e-01,-6.361191760727595e+00,-6.751076965377893e-02,7.184277529085992e-01,-6.954582161143028e-01,-1.407799431461036e-02,-1.115152846826765e-03
1609045742736609459,0,1609045742736609459,-5.536335543142862e-01,-6.361856625969373e+00,-6.751276934714154e-02,7.185769135281240e-01,-6.953105222042594e-01,-1.376881601250845e-02,-9.574769086709799e-04
1609045742839797020,0,1609045742839797020,-5.548659390997012e-01,-6.362698394387837e+00,-6.763550030635256e-02,7.186872562665964e-01,-6.951973559802097e-01,-1.371580231451704e-02,-1.068028542054107e-03
1609045742942842245,0,1609045742942842245,-5.555381842735124e-01,-6.362818801112456e+00,-6.736267024294242e-02,7.184820247751957e-01,-6.954017377305337e-01,-1.411714938638455e-02,-8.422169981307611e-04
1609045743045904398,0,1609045743045904398,-5.553683278785487e-01,-6.362645792276854e+00,-6.667739687362356e-02,7.188004275619875e-01,-6.950768710351327e-01,-1.392774641138575e-02,-3.264484533850414e-04
1609045743149126291,0,1609045743149126291,-5.552839622304553e-01,-6.362216312061116e+00,-6.454651425493130e-02,7.184407533937687e-01,-6.954687850608620e-01,-1.287400350344022e-02,5.593770942441364e-04
1609045743219392538,0,1609045743219392538,-5.548830649314138e-01,-6.362953490536486e+00,-6.312873887191510e-02,7.189954116077762e-01,-6.949106680316195e-01,-1.192099768393684e-02,1.628298807345473e-03
1609045743320976734,0,1609045743320976734,-5.558137526475546e-01,-6.362258494781061e+00,-6.232197602247067e-02,7.188026766245867e-01,-6.951290405771299e-01,-1.002874723876337e-02,4.213460862745701e-03
1609045743424106121,0,1609045743424106121,-5.560030140157343e-01,-6.362501447155216e+00,-6.280948557398323e-02,7.187125776610009e-01,-6.952393277841820e-01,-8.193898954170553e-03,5.231427527777473e-03
1609045743527139664,0,1609045743527139664,-5.547776041795195e-01,-6.363829344238901e+00,-6.480153791996858e-02,7.183119881686959e-01,-6.956614244942897e-01,-6.721886773265221e-03,6.155189833908140e-03
1609045743630142450,0,1609045743630142450,-5.527074083427994e-01,-6.365385775502642e+00,-6.643993951798433e-02,7.181100273204181e-01,-6.958702280550014e-01,-6.424347362496620e-03,6.429784559983110e-03
1609045743733174086,0,1609045743733174086,-5.520976590623629e-01,-6.366433289439230e+00,-6.650644932763398e-02,7.181865906689446e-01,-6.957863672321640e-01,-7.484367604360354e-03,5.773768156172109e-03
1609045743836338043,0,1609045743836338043,-5.519435862391063e-01,-6.366296300149197e+00,-6.502144426294870e-02,7.183727908715304e-01,-6.955914709432818e-01,-7.721808417082070e-03,5.780359950009572e-03
1609045743940097570,0,1609045743940097570,-5.530788691605897e-01,-6.365997096483367e+00,-6.370165319352512e-02,7.184780718974618e-01,-6.954763393330967e-01,-8.193922454409764e-03,5.897564338365496e-03
1609045744042549849,0,1609045744042549849,-5.537573227659197e-01,-6.366012066424648e+00,-6.340330987807287e-02,7.182474158508507e-01,-6.957171903488182e-01,-7.692092332546957e-03,6.250791329325638e-03
1609045744146156073,0,1609045744146156073,-5.535386717860309e-01,-6.365415067728593e+00,-6.438917826958145e-02,7.182951808803641e-01,-6.956731956527969e-01,-7.243691660320469e-03,6.194102466932374e-03
1609045744249004126,0,1609045744249004126,-5.533505488258572e-01,-6.363636543470593e+00,-6.404740120770287e-02,7.180148930823300e-01,-6.959592508377324e-01,-7.211643332915574e-03,6.582300947161866e-03
1609045744318983555,0,1609045744318983555,-5.537367078217479e-01,-6.363453356197168e+00,-6.392325485886932e-02,7.180074902897580e-01,-6.959657600011259e-01,-7.232707603548220e-03,6.677779162915416e-03
1609045744420744896,0,1609045744420744896,-5.548531431345921e-01,-6.362227660114903e+00,-6.247428702434963e-02,7.175803961844524e-01,-6.964009837151918e-01,-6.886033982761385e-03,7.525119815179887e-03
1609045744524112940,0,1609045744524112940,-5.558726291672423e-01,-6.363836987524620e+00,-6.148854451333616e-02,7.177554840918193e-01,-6.962200022013759e-01,-6.261260085401538e-03,8.097543636359058e-03
1609045744627407789,0,1609045744627407789,-5.569934735817720e-01,-6.363130959588897e+00,-6.069865598927515e-02,7.176867574948752e-01,-6.962835360554460e-01,-5.384364452506074e-03,9.271685608577652e-03
1609045744730524540,0,1609045744730524540,-5.568941625236027e-01,-6.362171975388780e+00,-6.064314586755666e-02,7.178687407678638e-01,-6.960916646532708e-01,-5.425594146673086e-03,9.561817647294661e-03
1609045744833416700,0,1609045744833416700,-5.572273242113264e-01,-6.361724640521956e+00,-5.994035325324588e-02,7.184039640250490e-01,-6.955490937011205e-01,-5.210836251190736e-03,8.947061538470207e-03
1609045744936362982,0,1609045744936362982,-5.597702861551337e-01,-6.360422626163028e+00,-5.999839346938955e-02,7.180562882339001e-01,-6.959056881466703e-01,-5.812689058841967e-03,8.755157264921119e-03
1609045745039509296,0,1609045745039509296,-5.611338873211803e-01,-6.360254772654710e+00,-5.981488614903719e-02,7.178393039311937e-01,-6.961201813564678e-01,-6.377021971394295e-03,9.097275996692022e-03
1609045745142551661,0,1609045745142551661,-5.602556779350167e-01,-6.360365813379675e+00,-6.064215915870605e-02,7.181268046378855e-01,-6.958257581537906e-01,-5.804017182794379e-03,9.312364618606265e-03
1609045745245956898,0,1609045745245956898,-5.597086420666585e-01,-6.360492232766805e+00,-6.194038963916690e-02,7.179785603266980e-01,-6.959810247803030e-01,-5.843536242245597e-03,9.113349609890240e-03
1609045745349523306,0,1609045745349523306,-5.599704112747186e-01,-6.359884290893251e+00,-6.201429106271478e-02,7.177734906473867e-01,-6.961932209034661e-01,-5.447209251210476e-03,9.302859950630599e-03
1609045745419342041,0,1609045745419342041,-5.589364577592589e-01,-6.360328859237381e+00,-6.202689285108506e-02,7.178894988893074e-01,-6.960762236721491e-01,-5.484988629583794e-03,9.081471382490314e-03
1609045745521138668,0,1609045745521138668,-5.590061764259511e-01,-6.360964376577410e+00,-6.265358941859915e-02,7.181648822493302e-01,-6.957911363681313e-01,-5.828359780361024e-03,8.940172122398903e-03
1609045745624215841,0,1609045745624215841,-5.596470819863147e-01,-6.360717036104127e+00,-6.210329234572108e-02,7.179028578462286e-01,-6.960563421532883e-01,-6.091473226811681e-03,9.162379510112117e-03
1609045745727179289,0,1609045745727179289,-5.593046598363381e-01,-6.360600799845390e+00,-6.328046575770870e-02,7.179279253307739e-01,-6.960276616754132e-01,-5.909846148644544e-03,9.490096488618776e-03
1609045745830266714,0,1609045745830266714,-5.582484192443364e-01,-6.360126812176981e+00,-6.403187602555203e-02,7.181945019296055e-01,-6.957598794350908e-01,-5.707792798015913e-03,9.070207709009575e-03
1609045745933132648,0,1609045745933132648,-5.585935029714125e-01,-6.360023590543921e+00,-6.352654975625495e-02,7.179723609694948e-01,-6.959897201300098e-01,-5.709471156115596e-03,9.022211276355682e-03
1609045746036217451,0,1609045746036217451,-5.578281318998852e-01,-6.359407439064505e+00,-6.287151407000117e-02,7.177694755988814e-01,-6.961933651589894e-01,-5.888974438814884e-03,9.332640951296697e-03
1609045746139633179,0,1609045746139633179,-5.586250371500329e-01,-6.359082484210124e+00,-6.184687783503964e-02,7.179934800225428e-01,-6.959598334970388e-01,-6.013161786725991e-03,9.440057689169333e-03
1609045746242296696,0,1609045746242296696,-5.593773434303567e-01,-6.360340013412547e+00,-6.138650237851932e-02,7.178442325181378e-01,-6.961138637337942e-01,-5.958857161066765e-03,9.467765277204894e-03
1609045746345375299,0,1609045746345375299,-5.588309667689185e-01,-6.360739334518215e+00,-6.079622206055776e-02,7.176706810560777e-01,-6.962976297816219e-01,-5.505503617502391e-03,9.385826701654233e-03
1609045746448592901,0,1609045746448592901,-5.578180585750054e-01,-6.361067722415888e+00,-6.068254160343334e-02,7.180288768502907e-01,-6.959246510835251e-01,-5.629314024644426e-03,9.577204547760421e-03
1609045746518913507,0,1609045746518913507,-5.577392638349037e-01,-6.360842957755123e+00,-6.148282398699108e-02,7.180671835783716e-01,-6.958867063171624e-01,-5.842339468362481e-03,9.331608026804763e-03
1609045746620715618,0,1609045746620715618,-5.580629101682867e-01,-6.360574930596868e+00,-6.153459931566622e-02,7.178150549852431e-01,-6.961458092054610e-01,-5.999748505936928e-03,9.303879837279466e-03
1609045746723825693,0,1609045746723825693,-5.573580004400095e-01,-6.360371948399435e+00,-6.203662843541468e-02,7.180168202219569e-01,-6.959420365378746e-01,-5.503352147275048e-03,9.286591030205311e-03
1609045746826904297,0,1609045746826904297,-5.576987227078102e-01,-6.360745131584029e+00,-6.197400545882813e-02,7.179160590372720e-01,-6.960392470476887e-01,-6.052742193558692e-03,9.447912868348353e-03
1609045746930100203,0,1609045746930100203,-5.576409779355255e-01,-6.360544569223212e+00,-6.216313656949513e-02,7.181063186235430e-01,-6.958482460218423e-01,-5.967902190767291e-03,9.105921406519732e-03
1609045747033217192,0,1609045747033217192,-5.591030916673024e-01,-6.360290460073482e+00,-6.145420327828369e-02,7.181008264376758e-01,-6.958535150750672e-01,-5.773266756755038e-03,9.260562515658379e-03
1609045747136242867,0,1609045747136242867,-5.598144812560599e-01,-6.360766188453115e+00,-6.161603582569439e-02,7.178883379521864e-01,-6.960665521398876e-01,-5.867013539794685e-03,9.657503632447740e-03
1609045747239613056,0,1609045747239613056,-5.612693668755475e-01,-6.360595416045491e+00,-6.205290521679736e-02,7.179793908147603e-01,-6.959755818683167e-01,-5.833209073990020e-03,9.463481398092003e-03
1609045747342334986,0,1609045747342334986,-5.609592651478527e-01,-6.360858015378127e+00,-6.180722270735808e-02,7.181130218994288e-01,-6.958414187436912e-01,-5.744257814505964e-03,9.241820239779262e-03
1609045747445417643,0,1609045747445417643,-5.598088242274261e-01,-6.361543978134984e+00,-6.150380141733897e-02,7.179502642207919e-01,-6.960072530443171e-01,-5.839170610150769e-03,9.339480795621066e-03
1609045747548530579,0,1609045747548530579,-5.601420739572368e-01,-6.361422642113832e+00,-6.179575403200881e-02,7.180227292822496e-01,-6.959291487974537e-01,-5.917768622642153e-03,9.537300592641355e-03
1609045747618953228,0,1609045747618953228,-5.600800499094618e-01,-6.361969998167268e+00,-6.240653868988112e-02,7.181058933046621e-01,-6.958423329097256e-01,-5.944419157364238e-03,9.593623543278688e-03
1609045747720717430,0,1609045747720717430,-5.606196391237110e-01,-6.362021014314639e+00,-6.234565756026972e-02,7.179231463897525e-01,-6.960317135170594e-01,-5.905246066129056e-03,9.557077230368399e-03
1609045747824040890,0,1609045747824040890,-5.593477954344336e-01,-6.362771584189661e+00,-6.211488060441289e-02,7.178952636409693e-01,-6.960621883596236e-01,-5.831057625077952e-03,9.477296280763402e-03
1609045747927170515,0,1609045747927170515,-5.595464049354633e-01,-6.362059973506502e+00,-6.191848858364377e-02,7.179142369505832e-01,-6.960450380390647e-01,-5.734226800018074e-03,9.357993791931224e-03
1609045748030262947,0,1609045748030262947,-5.580248885709519e-01,-6.361635960042578e+00,-6.174723027781479e-02,7.181024244638129e-01,-6.958544171522842e-01,-5.791465500209075e-03,9.055221485595816e-03
1609045748133219481,0,1609045748133219481,-5.575319298547102e-01,-6.361049122561103e+00,-6.175253942699050e-02,7.180034216512824e-01,-6.959511308748161e-01,-5.706433117850868e-03,9.515595206404250e-03
1609045748236743689,0,1609045748236743689,-5.579231584483889e-01,-6.360550724409299e+00,-6.199115134507552e-02,7.178756892985100e-01,-6.960837103718708e-01,-5.663675178893180e-03,9.480804424306715e-03
1609045748340035439,0,1609045748340035439,-5.580409453227101e-01,-6.359637394592295e+00,-6.174870210153259e-02,7.181150479941550e-01,-6.958382089195838e-01,-5.613833786539422e-03,9.404771241189859e-03
1609045748442698717,0,1609045748442698717,-5.579564936617804e-01,-6.359295176288005e+00,-6.117696319012803e-02,7.179246077737840e-01,-6.960321290146092e-01,-5.733918605430554e-03,9.521297685600307e-03
1609045748545732975,0,1609045748545732975,-5.592031975773984e-01,-6.359026878732880e+00,-6.091309317681952e-02,7.179578255184448e-01,-6.960015145350469e-01,-5.737803616875403e-03,9.248251258693359e-03
1609045748648775816,0,1609045748648775816,-5.597530302715861e-01,-6.359744443584006e+00,-6.095017263199543e-02,7.179763760264819e-01,-6.959802568613709e-01,-5.785363236399542e-03,9.377371658671989e-03
1609045748719207764,0,1609045748719207764,-5.599276824672854e-01,-6.360070268980687e+00,-6.184888791958666e-02,7.179410885323489e-01,-6.960161430496118e-01,-5.983632542039023e-03,9.290756313212179e-03
1609045748820708990,0,1609045748820708990,-5.608251476076753e-01,-6.359785779936859e+00,-6.207408885437529e-02,7.180004830461698e-01,-6.959568308689725e-01,-5.763366445855756e-03,9.283292488929919e-03
1609045748924297094,0,1609045748924297094,-5.613908446202985e-01,-6.360121764124764e+00,-6.145483806911511e-02,7.180109270447858e-01,-6.959452547554585e-01,-5.770596606155539e-03,9.338695968700281e-03
1609045749027089357,0,1609045749027089357,-5.612805407091289e-01,-6.360399484420988e+00,-6.159311519727804e-02,7.178617334088502e-01,-6.960967326734386e-01,-5.825907064639292e-03,9.483104735005547e-03
1609045749130138636,0,1609045749130138636,-5.602860675816104e-01,-6.360007163462745e+00,-6.182662229321031e-02,7.179440302936934e-01,-6.960106386080539e-01,-5.866387279625985e-03,9.547031490394342e-03
1609045749233134031,0,1609045749233134031,-5.597722066698848e-01,-6.360327213415883e+00,-6.198514509711257e-02,7.179588329335440e-01,-6.959950701723521e-01,-5.875020574938237e-03,9.563505720427294e-03
1609045749336455345,0,1609045749336455345,-5.595663057115056e-01,-6.360927908917880e+00,-6.195512291614316e-02,7.180330583983773e-01,-6.959199353117042e-01,-5.984498824968906e-03,9.389166979649512e-03
1609045749439107656,0,1609045749439107656,-5.592214660677088e-01,-6.361303451246161e+00,-6.220649676582346e-02,7.180231185611397e-01,-6.959315672747930e-01,-5.814189740650112e-03,9.394151360305712e-03
1609045749542651653,0,1609045749542651653,-5.593240227067222e-01,-6.361071592219542e+00,-6.240600433989933e-02,7.178439938633466e-01,-6.961111190362307e-01,-5.851619191421522e-03,9.750332364632274e-03
1609045749645607233,0,1609045749645607233,-5.600315123821106e-01,-6.361063141441380e+00,-6.217237779276762e-02,7.180367329198279e-01,-6.959172502351323e-01,-5.670960232645093e-03,9.501116406389294e-03
1609045749748732805,0,1609045749748732805,-5.599389617492271e-01,-6.361001825033235e+00,-6.201035745535603e-02,7.179620747789817e-01,-6.959927473493673e-01,-5.776403084937460e-03,9.549239942415506e-03
1609045749818394899,0,1609045749818394899,-5.597021448721308e-01,-6.360843138395021e+00,-6.268618744097472e-02,7.180633476004979e-01,-6.958907420416527e-01,-5.695274023966091e-03,9.416359551918788e-03
1609045749920536518,0,1609045749920536518,-5.596883447278482e-01,-6.361487693337370e+00,-6.321689106578315e-02,7.179132387990046e-01,-6.960463376901684e-01,-5.769507209898056e-03,9.316122139444886e-03
1609045750024300575,0,1609045750024300575,-5.593486591920852e-01,-6.361804263259749e+00,-6.340175640233685e-02,7.178464120353640e-01,-6.961117430584874e-01,-5.963826138665633e-03,9.455299136003553e-03
1609045750126533270,0,1609045750126533270,-5.591894830846263e-01,-6.361924064116630e+00,-6.322586653399226e-02,7.179306706448566e-01,-6.960231093743205e-01,-5.918020389342180e-03,9.610431776703421e-03
1609045750230075359,0,1609045750230075359,-5.587859346093924e-01,-6.360480539051644e+00,-6.292682593923149e-02,7.179778899512858e-01,-6.959784342999112e-01,-5.778441213874051e-03,9.400965249130122e-03
1609045750333279848,0,1609045750333279848,-5.589402251860963e-01,-6.360413244887868e+00,-6.279252144412141e-02,7.178685916194124e-01,-6.960875552011706e-01,-5.927185087809278e-03,9.574400100621501e-03
1609045750436365604,0,1609045750436365604,-5.589772474842821e-01,-6.360267998350484e+00,-6.237663613960413e-02,7.180513388574327e-01,-6.959007471769165e-01,-5.856883618423857e-03,9.493248014823418e-03
1609045750539452314,0,1609045750539452314,-5.589904763093132e-01,-6.359471374156942e+00,-6.153235520585121e-02,7.179142179014197e-01,-6.960400378430082e-01,-5.978695621631818e-03,9.575836939666292e-03
1609045750642728090,0,1609045750642728090,-5.592511454825885e-01,-6.359159925083101e+00,-6.071433325245522e-02,7.180278281661627e-01,-6.959265567246367e-01,-5.811156009319145e-03,9.407236052300188e-03
1609045750745924234,0,1609045750745924234,-5.590338219321092e-01,-6.359004903393688e+00,-6.050451457670298e-02,7.178917935023877e-01,-6.960673251835106e-01,-5.716558196612158e-03,9.432528617253589e-03
1609045750849309683,0,1609045750849309683,-5.588652731613786e-01,-6.358893297086924e+00,-6.049634349597266e-02,7.178313778853536e-01,-6.961338624991732e-01,-5.693330722422022e-03,9.129314892903157e-03
1609045750919033289,0,1609045750919033289,-5.580089872143169e-01,-6.359513844868349e+00,-6.174348632623873e-02,7.178830906937365e-01,-6.960793331256738e-01,-5.774557457263148e-03,9.169764306016548e-03
1609045751020758629,0,1609045751020758629,-5.575496221907593e-01,-6.360124752827566e+00,-6.249948387205189e-02,7.179264608888096e-01,-6.960319071825405e-01,-5.777930286895943e-03,9.369976575831239e-03
1609045751124123096,0,1609045751124123096,-5.578828952799888e-01,-6.360555802739380e+00,-6.256364461387579e-02,7.177884363603617e-01,-6.961731580701416e-01,-5.949485475485591e-03,9.343352315906075e-03
1609045751226225138,0,1609045751226225138,-5.578638818512869e-01,-6.361669183591797e+00,-6.253351551901279e-02,7.179006274222300e-01,-6.960577096063030e-01,-5.681340175695957e-03,9.490859715166191e-03
1609045751329733133,0,1609045751329733133,-5.570603752115457e-01,-6.361724562023923e+00,-6.232021527917105e-02,7.179952149487562e-01,-6.959587295008679e-01,-5.738552315543001e-03,9.559663146449406e-03
1609045751433060169,0,1609045751433060169,-5.571265417622662e-01,-6.361810001944767e+00,-6.204484385706156e-02,7.180172017185950e-01,-6.959386805363015e-01,-5.733366319093230e-03,9.369070400256274e-03
1609045751536202908,0,1609045751536202908,-5.576753009619974e-01,-6.362107031054042e+00,-6.213606624097670e-02,7.178567537028716e-01,-6.961018845438933e-01,-5.822681749437583e-03,9.483874460537750e-03
1609045751639160633,0,1609045751639160633,-5.578107909144380e-01,-6.362758503653541e+00,-6.190419913809681e-02,7.178905849398540e-01,-6.960669693262518e-01,-5.889505950117596e-03,9.444362724193783e-03
1609045751742249966,0,1609045751742249966,-5.575950447699224e-01,-6.362835568458632e+00,-6.149172353679676e-02,7.179637653488802e-01,-6.959955613436326e-01,-5.772137427710321e-03,9.213721585567557e-03
1609045751845426798,0,1609045751845426798,-5.581663968168556e-01,-6.363561246042860e+00,-6.149346781392980e-02,7.180639509324782e-01,-6.958925999099198e-01,-5.666954553306891e-03,9.248642487560292e-03
1609045751948604584,0,1609045751948604584,-5.579240568508441e-01,-6.364131919217158e+00,-6.122547888742984e-02,7.180246042371795e-01,-6.959307948470279e-01,-5.761906270311728e-03,9.370001583481433e-03
1609045752018945694,0,1609045752018945694,-5.582208397726858e-01,-6.363143310604005e+00,-6.196701822490287e-02,7.178242186968594e-01,-6.961361789670073e-01,-5.921442580899609e-03,9.367385074494151e-03
1609045752120534420,0,1609045752120534420,-5.584136982558281e-01,-6.363110078908719e+00,-6.194983624169288e-02,7.178516272917012e-01,-6.961093748593534e-01,-5.740295400717287e-03,9.371682677382141e-03
1609045752223441601,0,1609045752223441601,-5.590261388181509e-01,-6.363100251882248e+00,-6.204772815869339e-02,7.179086944684896e-01,-6.960543635974972e-01,-5.558312186588994e-03,9.194263917492042e-03
1609045752326805115,0,1609045752326805115,-5.587267118547653e-01,-6.362173865261425e+00,-6.234205167116143e-02,7.180377881149463e-01,-6.959129710802334e-01,-5.904552341515973e-03,9.592068746626572e-03
1609045752429875374,0,1609045752429875374,-5.589946436185046e-01,-6.361909654318443e+00,-6.296710872716106e-02,7.179910400658440e-01,-6.959656716924123e-01,-5.814516902895549e-03,9.318884267834863e-03
1609045752532911062,0,1609045752532911062,-5.594644941281177e-01,-6.361299898364773e+00,-6.280225551315148e-02,7.181458944095146e-01,-6.958076592279810e-01,-5.711586031021023e-03,9.249512817441298e-03
1609045752635790825,0,1609045752635790825,-5.587406357034131e-01,-6.361314897488356e+00,-6.175661620236853e-02,7.180115584347287e-01,-6.959495644931869e-01,-5.534487117738749e-03,9.109066260230291e-03
1609045752738962650,0,1609045752738962650,-5.594551669029802e-01,-6.361913463834716e+00,-6.133650145807124e-02,7.180409236898636e-01,-6.959149813858024e-01,-5.700257686195162e-03,9.331540689102476e-03
1609045752842290640,0,1609045752842290640,-5.598461553860415e-01,-6.361752785542085e+00,-6.102096383304949e-02,7.181955842958384e-01,-6.957553278720474e-01,-5.663664222758703e-03,9.356780595034741e-03
1609045752945527554,0,1609045752945527554,-5.593053841892952e-01,-6.361531817306630e+00,-6.097223656883420e-02,7.179427183968988e-01,-6.960145460555431e-01,-5.671354434941186e-03,9.478423853731969e-03
1609045753048923254,0,1609045753048923254,-5.599471749744137e-01,-6.362312578838144e+00,-6.000167947564188e-02,7.179371987995941e-01,-6.960180104732663e-01,-5.821373277511340e-03,9.550879001473599e-03
1609045753118857384,0,1609045753118857384,-5.598090470637369e-01,-6.362224979436484e+00,-6.170952651780041e-02,7.180011497693223e-01,-6.959570803960469e-01,-5.725480165611071e-03,9.236344153507329e-03
1609045753220629930,0,1609045753220629930,-5.599870453127014e-01,-6.362096699201941e+00,-6.157459688801966e-02,7.180315627945466e-01,-6.959250432263238e-01,-5.441882536753065e-03,9.454890566435779e-03
1609045753323561192,0,1609045753323561192,-5.594483551803945e-01,-6.361913479438880e+00,-6.181210085650005e-02,7.179200767755852e-01,-6.960335920976959e-01,-5.870216266175276e-03,9.671742087712909e-03
1609045753426626921,0,1609045753426626921,-5.594753057762647e-01,-6.361829813946986e+00,-6.194347804843062e-02,7.181475463683545e-01,-6.958047207947565e-01,-5.752190258243793e-03,9.316891755389151e-03
1609045753529803991,0,1609045753529803991,-5.583090679877800e-01,-6.361841245858309e+00,-6.177578193850622e-02,7.181099305763704e-01,-6.958410685223692e-01,-5.762582497732610e-03,9.493556135931620e-03
1609045753632981777,0,1609045753632981777,-5.584615819687909e-01,-6.361466740632965e+00,-6.161670043684078e-02,7.179210513356834e-01,-6.960335933005108e-01,-5.856905783038878e-03,9.607169239435826e-03
1609045753736160040,0,1609045753736160040,-5.590588492888195e-01,-6.360203067834687e+00,-6.136393410971377e-02,7.178745010083283e-01,-6.960822076201522e-01,-5.962462485108192e-03,9.497898594481080e-03
1609045753839461088,0,1609045753839461088,-5.593729080715868e-01,-6.359965638880345e+00,-6.125640882282090e-02,7.179914075156616e-01,-6.959620150802280e-01,-5.967634954448052e-03,9.465708219558229e-03
1609045753942476988,0,1609045753942476988,-5.594735109688325e-01,-6.359966461690072e+00,-6.168466788162317e-02,7.178003903165235e-01,-6.961604394474004e-01,-5.847124105419110e-03,9.436808223250713e-03
1609045754045325756,0,1609045754045325756,-5.592772125391080e-01,-6.359898060922143e+00,-6.137535413605116e-02,7.181152264010702e-01,-6.958406860551886e-01,-5.650210295674658e-03,9.183483255166928e-03
1609045754148540974,0,1609045754148540974,-5.598976917671753e-01,-6.358883881620812e+00,-6.066085325148400e-02,7.178915326767602e-01,-6.960644485762055e-01,-5.679190132412403e-03,9.683880351028382e-03
1609045754218830347,0,1609045754218830347,-5.597089049053967e-01,-6.359290483806101e+00,-6.180261553482942e-02,7.178498767814563e-01,-6.961103818130977e-01,-5.819104574926623e-03,9.382364239026261e-03
1609045754320715904,0,1609045754320715904,-5.589247558909699e-01,-6.360417035626877e+00,-6.208753622881593e-02,7.178098753034556e-01,-6.961493715107431e-01,-5.936586472315133e-03,9.475885340647387e-03
1609045754423698425,0,1609045754423698425,-5.584908826570114e-01,-6.361417799399298e+00,-6.273520985283849e-02,7.179620670845198e-01,-6.959910886168370e-01,-5.876169064145721e-03,9.609652995773878e-03
1609045754526942492,0,1609045754526942492,-5.581413940885835e-01,-6.361848822023026e+00,-6.246599718438580e-02,7.179207431624174e-01,-6.960404712660152e-01,-5.710301746340117e-03,9.212022078115159e-03
1609045754629744053,0,1609045754629744053,-5.572979395752911e-01,-6.363374377678820e+00,-6.220808488061878e-02,7.179958273213087e-01,-6.959659479124018e-01,-5.564073487714079e-03,9.079228034387410e-03
1609045754732917070,0,1609045754732917070,-5.569071616972128e-01,-6.364090326222832e+00,-6.209486830078763e-02,7.181024326341034e-01,-6.958506304754223e-01,-5.816877648849216e-03,9.325247785161294e-03
1609045754836041927,0,1609045754836041927,-5.569344106270346e-01,-6.363901014580410e+00,-6.224339005155856e-02,7.181139242491621e-01,-6.958395487434379e-01,-5.858644351733609e-03,9.240697498143498e-03
1609045754939494610,0,1609045754939494610,-5.567705561398516e-01,-6.363021202087213e+00,-6.273881698358616e-02,7.180286505961077e-01,-6.959286003831169e-01,-5.645489077745675e-03,9.293467861567525e-03
1609045755042263985,0,1609045755042263985,-5.570836836582672e-01,-6.363452150192408e+00,-6.262776324814880e-02,7.180701236463782e-01,-6.958858374425319e-01,-5.773772813450343e-03,9.212074726700914e-03
1609045755144752502,0,1609045755144752502,-5.581689267098152e-01,-6.362278816350874e+00,-6.175647554398844e-02,7.179170340907383e-01,-6.960417601213623e-01,-5.727247630852779e-03,9.391430347858080e-03
1609045755247817755,0,1609045755247817755,-5.589607103744835e-01,-6.361962789238292e+00,-6.161456973529645e-02,7.181574691734598e-01,-6.957974197456169e-01,-5.583036189763194e-03,9.199448489159892e-03
1609045755318347454,0,1609045755318347454,-5.592345721374662e-01,-6.360844153386806e+00,-6.133573762369759e-02,7.179915759115636e-01,-6.959653397485746e-01,-5.794848356686078e-03,9.314640148222683e-03
1609045755419851303,0,1609045755419851303,-5.593939900197823e-01,-6.360782493821326e+00,-6.120784590836163e-02,7.181226707525148e-01,-6.958332488474177e-01,-5.594530205718405e-03,9.198955450827594e-03
1609045755523529053,0,1609045755523529053,-5.600916851332177e-01,-6.360034258240922e+00,-6.074559078559454e-02,7.181251580861374e-01,-6.958302417909902e-01,-5.681034736480044e-03,9.179203509059944e-03
1609045755626207113,0,1609045755626207113,-5.593766021751215e-01,-6.359669840398616e+00,-6.115545448057624e-02,7.180324940009335e-01,-6.959225743670191e-01,-5.711928249547318e-03,9.406482910060941e-03
1609045755729649305,0,1609045755729649305,-5.596707611311152e-01,-6.359120060368966e+00,-6.166285465715584e-02,7.179544163643459e-01,-6.960030655253990e-01,-5.907878228798945e-03,9.289013774238812e-03
1609045755832846165,0,1609045755832846165,-5.590631644726843e-01,-6.359393667383182e+00,-6.158285280665649e-02,7.179191119452751e-01,-6.960426107739396e-01,-5.781428056283837e-03,9.132786005560103e-03
1609045755935997725,0,1609045755935997725,-5.587854134057466e-01,-6.360216598431633e+00,-6.184188935142172e-02,7.179799462127762e-01,-6.959813902341454e-01,-5.772512195213844e-03,9.021052426729695e-03
1609045756038775682,0,1609045756038775682,-5.586228491998800e-01,-6.360626284781158e+00,-6.156047334378005e-02,7.180261425170502e-01,-6.959296146230050e-01,-5.842760453885047e-03,9.289365044170092e-03
1609045756142073870,0,1609045756142073870,-5.584744339647765e-01,-6.360116988296248e+00,-6.133904300465727e-02,7.178937428681627e-01,-6.960640334054415e-01,-5.717767025393552e-03,9.525885272107305e-03
1609045756245241165,0,1609045756245241165,-5.589715593488475e-01,-6.359547862060225e+00,-6.130977350129072e-02,7.180420230275864e-01,-6.959107144003197e-01,-5.637898596404121e-03,9.599210831613872e-03
1609045756348455906,0,1609045756348455906,-5.585534268033984e-01,-6.360083487326005e+00,-6.167609409656617e-02,7.180428990566279e-01,-6.959114916509905e-01,-5.765474103292281e-03,9.399479277900498e-03
1609045756418646812,0,1609045756418646812,-5.576751485002094e-01,-6.360518254662353e+00,-6.232063980914478e-02,7.180373718643124e-01,-6.959206181941423e-01,-5.760836328781012e-03,9.145411043413175e-03
1609045756520445585,0,1609045756520445585,-5.583650024512714e-01,-6.360536568182087e+00,-6.222306503539476e-02,7.178769231542814e-01,-6.960796851960444e-01,-6.004523210065572e-03,9.473160023046729e-03
1609045756623694897,0,1609045756623694897,-5.588432911263368e-01,-6.360375965706632e+00,-6.250224236480931e-02,7.179484943205350e-01,-6.960135009585980e-01,-5.602702239668978e-03,9.152907392254042e-03
1609045756726853848,0,1609045756726853848,-5.591213676384076e-01,-6.360117986580345e+00,-6.215049106414868e-02,7.181015642586303e-01,-6.958520464964192e-01,-5.843081598817391e-03,9.269907948191238e-03
1609045756829656124,0,1609045756829656124,-5.588575923466569e-01,-6.360134677091946e+00,-6.185234837269939e-02,7.180393231044842e-01,-6.959133590922250e-01,-6.051560215301314e-03,9.354449822111269e-03
1609045756932701826,0,1609045756932701826,-5.589394159419432e-01,-6.360106840552786e+00,-6.220655352222076e-02,7.179665388756900e-01,-6.959923619239647e-01,-5.771843141597485e-03,9.239427741638153e-03
1609045757035501480,0,1609045757035501480,-5.595125848406676e-01,-6.360678757858776e+00,-6.267149319419139e-02,7.179797271255312e-01,-6.959750300389719e-01,-5.761487803083970e-03,9.522303144236221e-03
1609045757138671398,0,1609045757138671398,-5.601357514950329e-01,-6.360444089617121e+00,-6.245519530838919e-02,7.179434181006132e-01,-6.960140587937109e-01,-5.750077376007251e-03,9.413552865812937e-03
1609045757241535902,0,1609045757241535902,-5.597803924100637e-01,-6.360569004919834e+00,-6.249687953631974e-02,7.181685225318974e-01,-6.957860081119627e-01,-5.511294929964507e-03,9.242823596761198e-03
1609045757344574213,0,1609045757344574213,-5.605066383315962e-01,-6.360563485727476e+00,-6.142176076011446e-02,7.180516704932199e-01,-6.959021141732565e-01,-5.756594244360934e-03,9.429083394966033e-03
1609045757447712183,0,1609045757447712183,-5.603470522184121e-01,-6.360190363259035e+00,-6.105182044272640e-02,7.179818551523831e-01,-6.959753328909516e-01,-5.802036883431428e-03,9.312789439926155e-03
1609045757518184662,0,1609045757518184662,-5.597367764504679e-01,-6.359831253384588e+00,-6.158944036705213e-02,7.180355258183619e-01,-6.959256080826295e-01,-5.631466377364855e-03,8.989897879709620e-03
1609045757620285749,0,1609045757620285749,-5.594536087622661e-01,-6.359576374527453e+00,-6.128737621412889e-02,7.180199219130420e-01,-6.959386931881735e-01,-5.726077659608539e-03,9.161828094800562e-03
1609045757723486423,0,1609045757723486423,-5.588174234695157e-01,-6.359423383499660e+00,-6.171807743263843e-02,7.180212499589537e-01,-6.959372775270490e-01,-5.617281582316024e-03,9.232361730240632e-03
1609045757826855183,0,1609045757826855183,-5.585890955367254e-01,-6.359113715613979e+00,-6.114200679599886e-02,7.181288014739459e-01,-6.958295200817272e-01,-5.476130552652563e-03,9.072787359533810e-03
1609045757930132389,0,1609045757930132389,-5.590124571487036e-01,-6.358478878128592e+00,-6.144695991828766e-02,7.180908547926875e-01,-6.958630794359507e-01,-5.723518472001888e-03,9.345602024274480e-03
1609045758032842875,0,1609045758032842875,-5.586609833179842e-01,-6.358464685306429e+00,-6.127445979742970e-02,7.179972677939768e-01,-6.959579183796288e-01,-6.002367556509267e-03,9.298971376873169e-03
1609045758136218786,0,1609045758136218786,-5.589768545137306e-01,-6.358772042921101e+00,-6.135185978899876e-02,7.179252208446554e-01,-6.960301076369123e-01,-5.953263843957312e-03,9.488160389495223e-03
1609045758239772797,0,1609045758239772797,-5.593722399818152e-01,-6.359781118202736e+00,-6.161031482250497e-02,7.180161568699365e-01,-6.959368159483851e-01,-5.727190281679946e-03,9.588846265160178e-03
1609045758342735052,0,1609045758342735052,-5.591150575335647e-01,-6.360201444809956e+00,-6.174341649065120e-02,7.179548563949135e-01,-6.959994474753642e-01,-5.765927205541317e-03,9.609754225538805e-03
1609045758445609093,0,1609045758445609093,-5.595949086764024e-01,-6.360898121117193e+00,-6.213558261524867e-02,7.181907742424345e-01,-6.957561008015499e-01,-5.907965953628129e-03,9.516087884920282e-03
1609045758549210072,0,1609045758549210072,-5.605437498003828e-01,-6.360632311863712e+00,-6.221405727454624e-02,7.181361803109578e-01,-6.958171831243165e-01,-5.699609727720687e-03,9.294549270625884e-03
1609045758619318485,0,1609045758619318485,-5.599466593595405e-01,-6.361426897378962e+00,-6.262915307408153e-02,7.180261123261807e-01,-6.959311253644145e-01,-5.777432034219388e-03,9.219113066020981e-03
1609045758720830441,0,1609045758720830441,-5.587076334147375e-01,-6.361367100371860e+00,-6.244255041685996e-02,7.180261000228111e-01,-6.959278948298383e-01,-5.795880282616705e-03,9.449479104803805e-03
1609045758824118614,0,1609045758824118614,-5.591780213705083e-01,-6.360697498300484e+00,-6.310627806111561e-02,7.180481795072968e-01,-6.959051203979121e-01,-5.864867251574683e-03,9.406308638556888e-03
1609045758926534176,0,1609045758926534176,-5.587715805101607e-01,-6.360843941346754e+00,-6.214505780843559e-02,7.180040235017552e-01,-6.959536891883655e-01,-5.730678951363257e-03,9.265206905736557e-03
1609045759029898167,0,1609045759029898167,-5.585417370317941e-01,-6.361290249557348e+00,-6.130605852801105e-02,7.180469106651679e-01,-6.959077132181912e-01,-5.623268446636524e-03,9.458732445047397e-03
1609045759132918119,0,1609045759132918119,-5.577886734234718e-01,-6.360220702345264e+00,-6.251298223211758e-02,7.179211427586132e-01,-6.960403877862179e-01,-5.592355158974378e-03,9.259422995327254e-03
1609045759236028194,0,1609045759236028194,-5.576910648389196e-01,-6.360662486750761e+00,-6.247051607924955e-02,7.180438076618382e-01,-6.959132917969681e-01,-5.743556729111679e-03,9.208264480744027e-03
1609045759339183569,0,1609045759339183569,-5.574486804073474e-01,-6.360756387772532e+00,-6.194333311643761e-02,7.179766523792204e-01,-6.959795110662593e-01,-5.849949849342087e-03,9.371494059572284e-03
1609045759442463160,0,1609045759442463160,-5.577724651934803e-01,-6.359798540423214e+00,-6.187100378396721e-02,7.181139963684677e-01,-6.958406702320347e-01,-5.751529778420244e-03,9.217905174067531e-03
1609045759545653820,0,1609045759545653820,-5.579145639136008e-01,-6.358874993438154e+00,-6.122061760086701e-02,7.181839118330960e-01,-6.957696236978362e-01,-5.759919933237694e-03,9.128134842080559e-03
1609045759648655415,0,1609045759648655415,-5.589210669015648e-01,-6.358536300250128e+00,-6.052360951911875e-02,7.181006902461537e-01,-6.958535486811888e-01,-5.725448253307102e-03,9.298209394315315e-03
1609045759719545364,0,1609045759719545364,-5.584068754934594e-01,-6.358927763217515e+00,-6.167662963465222e-02,7.177684292689637e-01,-6.961982773661772e-01,-5.499116591882273e-03,9.284409172766175e-03
