%time,field.header.seq,field.header.stamp,field.pose.pose.position.x,field.pose.pose.position.y,field.pose.pose.position.z,field.pose.pose.orientation.x,field.pose.pose.orientation.y,field.pose.pose.orientation.z,field.pose.pose.orientation.w
1609043646564767212,0,1609043646564767212,3.386042953934520e-04,-3.907338250428438e-04,-7.922084478195757e-05,-1.117479875683784e-01,-9.935692548751831e-01,8.530307968612760e-05,1.823685504496098e-02
1609043646671853069,0,1609043646671853069,6.514142150990665e-04,-8.292109705507755e-04,8.379444479942322e-04,-1.117275953292847e-01,-9.935710430145264e-01,1.428103569196537e-04,1.826256513595581e-02
1609043646763832170,0,1609043646763832170,1.490346621721983e-03,-5.503494758158922e-04,1.498468918725848e-03,-1.117418259382248e-01,-9.935696721076965e-01,1.204744767164811e-04,1.825244352221489e-02
1609043646865623342,0,1609043646865623342,1.734051853418350e-03,-1.335515058599412e-03,1.991990953683853e-03,-1.117410510778427e-01,-9.935697317123413e-01,1.410107943229377e-04,1.825186051428318e-02
1609043646973807638,0,1609043646973807638,3.039969597011805e-03,-1.326348865404725e-03,2.539485227316618e-03,-1.117439493536949e-01,-9.935690760612488e-01,1.095899278880097e-04,1.827153936028481e-02
1609043647071837800,0,1609043647071837800,2.975241746753454e-03,-1.567082363180816e-03,2.923074644058943e-03,-1.117557510733604e-01,-9.935677051544189e-01,1.086819247575477e-04,1.827368326485157e-02
1609043647164607688,0,1609043647164607688,3.488272661343217e-03,-1.779408426955342e-03,2.849918324500322e-03,-1.117628440260887e-01,-9.935672283172607e-01,1.069466816261411e-04,1.825654879212379e-02
1609043647277106057,0,1609043647277106057,3.628422738984227e-03,-1.663905917666852e-03,2.963569480925798e-03,-1.117325723171234e-01,-9.935699105262756e-01,1.196041848743334e-04,1.829388923943043e-02
1609043647370323935,0,1609043647370323935,3.985872957855463e-03,-1.535916118882596e-03,3.318003611639142e-03,-1.117458418011665e-01,-9.935691356658936e-01,1.223934668814763e-04,1.825526170432568e-02
1609043647467013765,0,1609043647467013765,4.250938072800636e-03,-1.077505527064204e-03,3.316302783787251e-03,-1.117260381579399e-01,-9.935714006423950e-01,1.271903165616095e-04,1.825294271111488e-02
1609043647574089873,0,1609043647574089873,3.737085266038775e-03,-1.742783118970692e-03,3.621892537921667e-03,-1.117120385169983e-01,-9.935726523399353e-01,1.395123836118728e-04,1.827213913202286e-02
1609043647666354082,0,1609043647666354082,3.763153683394194e-03,-1.695943996310234e-03,3.761810483410954e-03,-1.117538139224052e-01,-9.935683608055115e-01,9.679012146079913e-05,1.825021952390671e-02
1609043647763862721,0,1609043647763862721,3.678387030959129e-03,-1.239850185811520e-03,3.552699228748679e-03,-1.117216870188713e-01,-9.935718774795532e-01,8.936732047004625e-05,1.825411245226860e-02
1609043647871083998,0,1609043647871083998,3.635244909673929e-03,-1.083377515897155e-03,3.755013458430767e-03,-1.117148324847221e-01,-9.935724139213562e-01,1.077013730537146e-04,1.826830580830574e-02
1609043647963894844,0,1609043647963894844,3.930156119167805e-03,-8.764965459704399e-04,3.600260941311717e-03,-1.117317005991936e-01,-9.935706853866577e-01,8.283536590170115e-05,1.825686357915401e-02
1609043648065758589,0,1609043648065758589,4.187263548374176e-03,-2.009854651987553e-04,3.412863938137889e-03,-1.116945073008537e-01,-9.935752153396606e-01,1.360413298243657e-04,1.823649741709232e-02
1609043648178314243,0,1609043648178314243,3.901825053617358e-03,-9.028215426951647e-04,3.908495418727398e-03,-1.116744950413704e-01,-9.935771226882935e-01,1.801265898393467e-04,1.825805008411407e-02
1609043648270715073,0,1609043648270715073,3.731226082891226e-03,-1.358433743007481e-03,3.685866016894579e-03,-1.117107495665550e-01,-9.935731887817383e-01,1.418273895978928e-04,1.824937947094440e-02
1609043648362533523,0,1609043648362533523,3.591031534597278e-03,-2.971459180116653e-04,3.258835291489959e-03,-1.117112487554550e-01,-9.935728907585144e-01,1.257196709048003e-04,1.826131157577038e-02
1609043648469776665,0,1609043648469776665,2.948061795905232e-03,-1.797487027943134e-03,3.645092248916626e-03,-1.117072477936745e-01,-9.935731887817383e-01,1.368051598547027e-04,1.826937682926655e-02
1609043648567576086,0,1609043648567576086,2.809054218232632e-03,-2.211734186857939e-03,3.649259451776743e-03,-1.117213889956474e-01,-9.935718178749084e-01,1.605492143426090e-04,1.825921796262264e-02
1609043648664634470,0,1609043648664634470,2.303388435393572e-03,-2.779544331133366e-03,3.156454069539905e-03,-1.117243245244026e-01,-9.935715794563293e-01,1.735898986225948e-04,1.825559139251709e-02
1609043648771530553,0,1609043648771530553,2.302312757819891e-03,-1.950806006789207e-03,3.093127161264420e-03,-1.117044910788536e-01,-9.935734272003174e-01,1.670225610723719e-04,1.827361434698105e-02
1609043648863181796,0,1609043648863181796,3.064563963562250e-03,-1.604991266503930e-03,3.297108225524426e-03,-1.117370501160622e-01,-9.935705661773682e-01,1.199967809952796e-04,1.823229901492596e-02
1609043648964878805,0,1609043648964878805,2.642674837261438e-03,-2.093933522701263e-03,2.906385343521833e-03,-1.117138117551804e-01,-9.935728311538696e-01,1.725796901155263e-04,1.824860461056232e-02
1609043649077065866,0,1609043649077065866,3.438670188188553e-03,-1.240924699231982e-03,2.955107018351555e-03,-1.116623058915138e-01,-9.935781359672546e-01,1.918342459248379e-04,1.827636733651161e-02
1609043649168924011,0,1609043649168924011,3.435002174228430e-03,-9.005039464682341e-04,2.966501284390688e-03,-1.117331236600876e-01,-9.935706257820129e-01,1.046899560606107e-04,1.825141161680222e-02
1609043649265732437,0,1609043649265732437,3.178338985890150e-03,-2.259531989693642e-03,2.656020689755678e-03,-1.117698252201080e-01,-9.935663342475891e-01,9.821024286793545e-05,1.826264895498753e-02
1609043649377757021,0,1609043649377757021,2.895803656429052e-03,-2.669567242264748e-03,3.206341061741114e-03,-1.117652282118797e-01,-9.935664534568787e-01,1.146973809227347e-04,1.828526705503464e-02
1609043649469499461,0,1609043649469499461,2.637773286551237e-03,-2.969082212075591e-03,3.044041339308023e-03,-1.117719635367393e-01,-9.935657978057861e-01,9.754683560458943e-05,1.827678270637989e-02
1609043649560994239,0,1609043649560994239,1.674131257459521e-03,-3.195657161995769e-03,2.806163392961025e-03,-1.117649972438812e-01,-9.935671687126160e-01,1.256891991943121e-04,1.824462041258812e-02
1609043649668671246,0,1609043649668671246,2.320670289918780e-03,-3.430525539442897e-03,2.912821481004357e-03,-1.117473840713501e-01,-9.935690164566040e-01,1.281576260225847e-04,1.825157180428505e-02
1609043649765335734,0,1609043649765335734,2.550955396145582e-03,-2.620665822178125e-03,2.831815741956234e-03,-1.117387488484383e-01,-9.935701489448547e-01,1.118063082685694e-04,1.824444718658924e-02
1609043649867089347,0,1609043649867089347,1.963143702596426e-03,-1.674624159932137e-03,2.578801009804010e-03,-1.116851866245270e-01,-9.935760498046875e-01,1.680324348853901e-04,1.825216971337795e-02
1609043649974312572,0,1609043649974312572,2.468007151037455e-03,-1.343379844911397e-03,2.939710859209299e-03,-1.116803139448166e-01,-9.935764670372009e-01,1.793356495909393e-04,1.825670711696148e-02
1609043650070982610,0,1609043650070982610,2.231637015938759e-03,-1.404808601364493e-03,2.911415416747332e-03,-1.117350608110428e-01,-9.935709238052368e-01,1.455145102227107e-04,1.822539046406746e-02
1609043650163257447,0,1609043650163257447,2.113196533173323e-03,-1.738786580972373e-03,2.542341360822320e-03,-1.117832809686661e-01,-9.935653209686279e-01,1.047211335389875e-04,1.823438145220280e-02
1609043650270547129,0,1609043650270547129,2.260670997202396e-03,-2.167375292629004e-03,2.519262954592705e-03,-1.117879375815392e-01,-9.935644268989563e-01,7.888330583227798e-05,1.825505681335926e-02
1609043650365445762,0,1609043650365445762,2.760400995612144e-03,-1.079886686056852e-03,2.397540491074324e-03,-1.117907315492630e-01,-9.935640692710876e-01,4.395789801492356e-05,1.825726404786110e-02
1609043650462927678,0,1609043650462927678,2.452274551615119e-03,-1.037360168993473e-03,1.974675571545959e-03,-1.117503270506859e-01,-9.935687184333801e-01,1.252352085430175e-04,1.825238578021526e-02
1609043650577124510,0,1609043650577124510,2.607627306133509e-03,-6.010802462697029e-04,2.234932268038392e-03,-1.116993427276611e-01,-9.935739636421204e-01,1.457438193028793e-04,1.827754825353622e-02
1609043650668929934,0,1609043650668929934,2.732418477535248e-03,-8.217036956921220e-04,2.191244857385755e-03,-1.117436587810516e-01,-9.935694932937622e-01,9.480111475568265e-05,1.825097389519215e-02
1609043650760633060,0,1609043650760633060,2.397319767624140e-03,-9.407596662640572e-04,1.927505247294903e-03,-1.117782816290855e-01,-9.935655593872070e-01,7.279846613528207e-05,1.825277321040630e-02
1609043650877751520,0,1609043650877751520,2.872868441045284e-03,-1.802680664695799e-03,2.614628756418824e-03,-1.117000952363014e-01,-9.935739040374756e-01,1.984468690352514e-04,1.827597245573997e-02
1609043650971244891,0,1609043650971244891,2.673130016773939e-03,-1.741049229167402e-03,2.629049820825458e-03,-1.117258816957474e-01,-9.935713410377502e-01,1.377718726871535e-04,1.825681701302528e-02
1609043651062908427,0,1609043651062908427,3.106435295194387e-03,-8.026262512430549e-04,2.298504579812288e-03,-1.117520779371262e-01,-9.935687184333801e-01,1.074264291673899e-04,1.823910325765610e-02
1609043651174758087,0,1609043651174758087,3.001633100211620e-03,-3.616338362917304e-04,2.356028882786632e-03,-1.116945222020149e-01,-9.935742020606995e-01,1.446666428819299e-04,1.829223893582821e-02
1609043651266487897,0,1609043651266487897,2.564404625445604e-03,-5.591781227849424e-04,1.846149098128080e-03,-1.117287650704384e-01,-9.935709834098816e-01,1.001812925096601e-04,1.826149038970470e-02
1609043651359505857,0,1609043651359505857,2.246079035103321e-03,-1.052525825798512e-03,1.571100787259638e-03,-1.117149293422699e-01,-9.935727119445801e-01,1.302835589740425e-04,1.825156621634960e-02
1609043651473142869,0,1609043651473142869,2.088652923703194e-03,-1.789971487596631e-03,1.673994353041053e-03,-1.116764470934868e-01,-9.935760498046875e-01,1.460586936445907e-04,1.830491796135902e-02
1609043651570529154,0,1609043651570529154,2.040143124759197e-03,-1.255381852388382e-03,1.165305380709469e-03,-1.116921827197075e-01,-9.935741424560547e-01,8.019236702239141e-05,1.831056550145149e-02
1609043651662651254,0,1609043651662651254,2.115786774083972e-03,-1.159579958766699e-03,1.086721080355346e-03,-1.116972491145134e-01,-9.935742616653442e-01,8.842290844768286e-05,1.827354356646538e-02
1609043651776353664,0,1609043651776353664,2.920102328062057e-03,-4.327172646299005e-04,1.636594533920288e-03,-1.116526126861572e-01,-9.935786724090576e-01,1.597400114405900e-04,1.830541901290417e-02
1609043651868537454,0,1609043651868537454,2.976971678435802e-03,-1.968592405319214e-04,1.779410988092422e-03,-1.117132455110550e-01,-9.935725331306458e-01,5.585586040979251e-05,1.827012561261654e-02
1609043651963458045,0,1609043651963458045,3.163211047649384e-03,2.866288123186678e-04,1.734412042424083e-03,-1.116865202784538e-01,-9.935755729675293e-01,8.908146264730021e-05,1.826938427984715e-02
1609043652072133486,0,1609043652072133486,3.106020158156753e-03,8.173896640073508e-05,2.170292660593987e-03,-1.116805300116539e-01,-9.935762882232666e-01,1.147239163401537e-04,1.826613582670689e-02
1609043652166410642,0,1609043652166410642,2.426995430141687e-03,-4.774847766384482e-04,2.115058712661266e-03,-1.117129325866699e-01,-9.935727715492249e-01,7.250555790960789e-05,1.825803518295288e-02
1609043652264271659,0,1609043652264271659,2.243113704025745e-03,9.160483023151755e-05,1.678603352047503e-03,-1.117108389735222e-01,-9.935728311538696e-01,1.195814766106196e-04,1.826860010623932e-02
1609043652377402951,0,1609043652377402951,2.339692553505301e-03,9.353757195640355e-05,1.877461909316480e-03,-1.116832643747330e-01,-9.935750961303711e-01,1.559386582812294e-04,1.831296831369400e-02
1609043652464495402,0,1609043652464495402,2.346617169678211e-03,1.063269097357988e-03,1.820583362132311e-03,-1.117345616221428e-01,-9.935697317123413e-01,5.633605178445578e-05,1.829333789646626e-02
1609043652557941945,0,1609043652557941945,2.145507838577032e-03,1.379342866130173e-03,1.321736839599907e-03,-1.117131337523460e-01,-9.935722947120667e-01,9.012213558889925e-05,1.828494109213352e-02
1609043652675663276,0,1609043652675663276,1.924785436131060e-03,8.186296327039599e-04,1.631836057640612e-03,-1.116971671581268e-01,-9.935737252235413e-01,9.557359589962289e-05,1.830407604575157e-02
1609043652765287910,0,1609043652765287910,1.808687578886747e-03,6.302775582298636e-04,1.878440845757723e-03,-1.117314770817757e-01,-9.935706257820129e-01,6.809282058384269e-05,1.826458424329758e-02
1609043652860834199,0,1609043652860834199,1.863841665908694e-03,3.218358033336699e-04,1.508909743279219e-03,-1.117152646183968e-01,-9.935727715492249e-01,1.382980408379808e-04,1.824603602290154e-02
1609043652979247897,0,1609043652979247897,1.866146689280868e-03,-1.159157487563789e-03,1.889383071102202e-03,-1.117032617330551e-01,-9.935734868049622e-01,1.581728720339015e-04,1.828002557158470e-02
1609043653069226347,0,1609043653069226347,1.961848465725780e-03,-1.886922051198781e-03,1.827997737564147e-03,-1.117631867527962e-01,-9.935672879219055e-01,6.539073365274817e-05,1.825187541544437e-02
1609043653166252189,0,1609043653166252189,1.433739438652992e-03,-1.121418899856508e-03,1.300113042816520e-03,-1.117658019065857e-01,-9.935665726661682e-01,6.529153324663639e-05,1.827438920736313e-02
1609043653274940584,0,1609043653274940584,1.775965909473598e-03,-1.165805617347360e-03,1.533767674118280e-03,-1.117342114448547e-01,-9.935697913169861e-01,9.545167267788202e-05,1.829134859144688e-02
1609043653366901711,0,1609043653366901711,1.468960079364479e-03,-9.816111996769905e-04,1.575669506564736e-03,-1.117395684123039e-01,-9.935695528984070e-01,9.576939919497818e-05,1.827164553105831e-02
1609043653465629957,0,1609043653465629957,1.605690922588110e-03,-2.709947293624282e-04,1.607215264812112e-03,-1.116994619369507e-01,-9.935742616653442e-01,1.374409621348605e-04,1.826273836195469e-02
1609043653580158297,0,1609043653580158297,1.401163986884058e-03,-1.210002228617668e-03,1.795399235561490e-03,-1.116848513484001e-01,-9.935749769210815e-01,1.490842114435509e-04,1.831243932247162e-02
1609043653673019420,0,1609043653673019420,1.567400642670691e-03,-1.206294982694089e-03,1.766666653566062e-03,-1.117323637008667e-01,-9.935703277587891e-01,9.260476508643478e-05,1.827367395162582e-02
1609043653757851591,0,1609043653757851591,1.295112655498087e-03,-8.568233461119235e-04,1.463336171582341e-03,-1.117601692676544e-01,-9.935677051544189e-01,6.496024434454739e-05,1.824673265218735e-02
1609043653866477316,0,1609043653866477316,1.058241818100214e-03,-5.759769701398909e-04,1.144494046457112e-03,-1.116868108510971e-01,-9.935759902000427e-01,1.578285737195984e-04,1.824592053890228e-02
1609043653973172713,0,1609043653973172713,9.800100233405828e-04,-9.597401367500424e-04,1.458298182114959e-03,-1.116637662053108e-01,-9.935786724090576e-01,1.572501496411860e-04,1.824068091809750e-02
1609043654065792610,0,1609043654065792610,9.355812799185514e-04,-1.354664564132690e-03,1.466036075726151e-03,-1.117294952273369e-01,-9.935713410377502e-01,9.876819240162149e-05,1.823588274419308e-02
1609043654164110951,0,1609043654164110951,6.320893298834562e-04,-1.367334043607116e-03,1.214112853631377e-03,-1.117233633995056e-01,-9.935715198516846e-01,1.261847937712446e-04,1.826380193233490e-02
1609043654275745883,0,1609043654275745883,9.615535382181406e-04,-9.419361595064402e-04,1.355059444904327e-03,-1.116945445537567e-01,-9.935742616653442e-01,1.843975333031267e-04,1.829018257558346e-02
1609043654367701583,0,1609043654367701583,1.345633994787931e-03,-9.327134466730058e-04,1.266735023818910e-03,-1.117399707436562e-01,-9.935696721076965e-01,9.797520760912448e-05,1.826216466724873e-02
1609043654464755867,0,1609043654464755867,1.410840544849634e-03,-1.992252655327320e-04,1.151328440755606e-03,-1.117260754108429e-01,-9.935712814331055e-01,1.189637987408787e-04,1.826059632003307e-02
1609043654575575102,0,1609043654575575102,1.176351564936340e-03,-9.776847437024117e-04,1.523839193396270e-03,-1.117023527622223e-01,-9.935734868049622e-01,1.648991456022486e-04,1.828562840819359e-02
1609043654667840075,0,1609043654667840075,1.784828375093639e-03,-6.241730297915637e-04,1.589845633134246e-03,-1.117212772369385e-01,-9.935717582702637e-01,9.038540883921087e-05,1.826305501163006e-02
1609043654766304777,0,1609043654766304777,1.533028669655323e-03,-7.583825499750674e-04,1.282341894693673e-03,-1.117058917880058e-01,-9.935733675956726e-01,1.272714289370924e-04,1.827014796435833e-02
1609043654870209001,0,1609043654870209001,1.313337241299450e-03,-1.038711518049240e-03,1.146899885497987e-03,-1.116945445537567e-01,-9.935742616653442e-01,9.602019417798147e-05,1.828960701823235e-02
1609043654964986637,0,1609043654964986637,1.663602190092206e-03,-2.946951426565647e-04,1.311182277277112e-03,-1.116885468363762e-01,-9.935750365257263e-01,1.097243439289741e-04,1.828423701226711e-02
1609043655067792054,0,1609043655067792054,1.738775405101478e-03,2.133370144292712e-04,1.156829996034503e-03,-1.116609051823616e-01,-9.935781955718994e-01,1.696774124866351e-04,1.828205399215221e-02
1609043655175623810,0,1609043655175623810,1.611815765500069e-03,-1.134700432885438e-04,1.486348337493837e-03,-1.116487979888916e-01,-9.935793876647949e-01,1.791446848073974e-04,1.829028874635696e-02
1609043655266421152,0,1609043655266421152,1.555098919197917e-03,-2.292314602527767e-04,1.508870860561728e-03,-1.117249354720116e-01,-9.935717582702637e-01,9.312703332398087e-05,1.824116893112659e-02
1609043655364308767,0,1609043655364308767,8.939995896071196e-04,-7.325874757952988e-04,1.320676645264030e-03,-1.117168068885803e-01,-9.935725331306458e-01,1.387022348353639e-04,1.824673637747765e-02
1609043655473596936,0,1609043655473596936,1.480903825722635e-03,-5.550298956222832e-04,1.293431036174297e-03,-1.116797849535942e-01,-9.935764074325562e-01,2.050012408290058e-04,1.826397329568863e-02
1609043655567900471,0,1609043655567900471,1.211913418956101e-03,-1.153533463366330e-03,1.341819413937628e-03,-1.117371395230293e-01,-9.935703277587891e-01,1.341280003543943e-04,1.824308373034000e-02
1609043655662719099,0,1609043655662719099,1.244788523763418e-03,-1.247557811439037e-03,1.013191184028983e-03,-1.117454692721367e-01,-9.935696721076965e-01,1.165205030702055e-04,1.822775602340698e-02
1609043655771068730,0,1609043655771068730,1.013509230688214e-03,-1.179132494144142e-03,1.134277670644224e-03,-1.117421612143517e-01,-9.935692548751831e-01,6.875814869999886e-05,1.827351376414299e-02
1609043655868421017,0,1609043655868421017,8.309693657793105e-04,-1.058088382706046e-03,1.030465820804238e-03,-1.116961315274239e-01,-9.935742020606995e-01,1.179101382149383e-04,1.828481815755367e-02
1609043655965893240,0,1609043655965893240,6.317946827039123e-04,-3.607783582992852e-04,1.247368752956390e-03,-1.116966679692268e-01,-9.935743808746338e-01,1.152872137026861e-04,1.826978661119938e-02
1609043656075475654,0,1609043656075475654,1.296422560699284e-03,-7.952861487865448e-04,1.790429814718664e-03,-1.117037981748581e-01,-9.935733675956726e-01,8.489480387652293e-05,1.828266307711601e-02
1609043656173011913,0,1609043656173011913,1.373352715745568e-03,-1.058107241988182e-03,1.644182717427611e-03,-1.117366328835487e-01,-9.935698509216309e-01,6.163641955936328e-05,1.827267184853554e-02
1609043656270699472,0,1609043656270699472,1.510713947936893e-03,7.266865577548742e-05,1.439617481082678e-03,-1.117279529571533e-01,-9.935708642005920e-01,7.243551226565614e-05,1.827126927673817e-02
1609043656363408755,0,1609043656363408755,1.443611807189882e-03,2.985894388984889e-04,9.001550497487187e-04,-1.117721274495125e-01,-9.935657978057861e-01,5.646191857522354e-05,1.827443391084671e-02
1609043656473109713,0,1609043656473109713,1.925326068885624e-03,4.190116887912154e-04,1.258889096789062e-03,-1.117233708500862e-01,-9.935709238052368e-01,7.063100201776251e-05,1.829800568521023e-02
1609043656557531443,0,1609043656557531443,1.753130229189992e-03,2.758840855676681e-04,8.315834566019475e-04,-1.117503643035889e-01,-9.935683012008667e-01,4.972976967110299e-05,1.827264204621315e-02
1609043656668197981,0,1609043656668197981,1.944217132404447e-03,-2.125101746059954e-04,9.479617001488805e-04,-1.117335930466652e-01,-9.935702085494995e-01,1.078194181900471e-04,1.827377825975418e-02
1609043656776620427,0,1609043656776620427,1.431079232133925e-03,-1.212331000715494e-03,1.031319494359195e-03,-1.116986796259880e-01,-9.935739636421204e-01,2.088217152049765e-04,1.828081719577312e-02
1609043656878740166,0,1609043656878740166,1.042345073074102e-03,-1.427766052074730e-03,1.317585003562272e-03,-1.117211133241653e-01,-9.935712218284607e-01,1.792059483705088e-04,1.829193904995918e-02
1609043656976025333,0,1609043656976025333,1.433624420315027e-03,-1.536755822598934e-03,1.646626391448081e-03,-1.117541790008545e-01,-9.935680031776428e-01,8.900341344997287e-05,1.826708018779755e-02
1609043657074391827,0,1609043657074391827,1.597485854290426e-03,-1.571190543472767e-03,1.728860195726156e-03,-1.117653325200081e-01,-9.935665726661682e-01,5.295643495628610e-05,1.827669516205788e-02
1609043657178024825,0,1609043657178024825,1.723675173707306e-03,-1.120848581194878e-03,2.043239073827863e-03,-1.117468029260635e-01,-9.935682415962219e-01,5.234676791587844e-05,1.829895563423634e-02
1609043657293235257,0,1609043657293235257,1.326740486547351e-03,-1.632697531022131e-03,2.172751585021615e-03,-1.117255762219429e-01,-9.935696125030518e-01,9.212710574502125e-05,1.835068501532078e-02
1609043657386263022,0,1609043657386263022,1.944341813214123e-03,-9.905028855428100e-04,2.162654418498278e-03,-1.117951646447182e-01,-9.935624003410339e-01,-8.742391946725547e-05,1.832126826047897e-02
1609043657495400310,0,1609043657495400310,2.003057394176722e-03,-1.944613177329302e-03,2.208753954619169e-03,-1.117853075265884e-01,-9.935637116432190e-01,-3.274322079960257e-05,1.831098832190037e-02
1609043657557218982,0,1609043657557218982,1.549247652292252e-03,-1.943129347637296e-03,1.802292186766863e-03,-1.118982508778572e-01,-9.935529232025146e-01,-1.943976822076365e-04,1.820576190948486e-02
1609043657660659096,0,1609043657660659096,5.307573592290282e-04,-1.535459537990391e-03,8.850161684677005e-04,-1.118230670690536e-01,-9.935606718063354e-01,-5.638500442728400e-05,1.824313774704933e-02
1609043657763266504,0,1609043657763266504,6.867362535558641e-04,-1.297509763389826e-03,8.002452668733895e-04,-1.117671802639961e-01,-9.935665726661682e-01,3.204921813448891e-05,1.826667971909046e-02
1609043657879500878,0,1609043657879500878,1.016727415844798e-03,-1.152174314484000e-03,8.756674942560494e-04,-1.117418184876442e-01,-9.935683608055115e-01,9.258128557121381e-05,1.832202076911926e-02
1609043657982619825,0,1609043657982619825,1.001095981337130e-03,-1.176361227408051e-03,1.173917436972260e-03,-1.117092967033386e-01,-9.935721158981323e-01,1.084640971384943e-04,1.831503771245480e-02
1609043658084921392,0,1609043658084921392,1.394995488226414e-03,-4.424311337061226e-04,1.575638656504452e-03,-1.117151975631714e-01,-9.935712814331055e-01,9.073094406630844e-05,1.832635328173637e-02
1609043658179071677,0,1609043658179071677,1.683309325017035e-03,5.337506299838424e-04,1.980439061298966e-03,-1.117785349488258e-01,-9.935647845268250e-01,-1.719895954011008e-05,1.829125545918941e-02
1609043658290921547,0,1609043658290921547,1.755851320922375e-03,-3.727054572664201e-04,2.075646538287401e-03,-1.117466464638710e-01,-9.935674667358398e-01,2.363684870942961e-05,1.834369823336601e-02
1609043658384125990,0,1609043658384125990,2.444455632939935e-03,-1.650721824262291e-04,1.772989518940449e-03,-1.118201687932014e-01,-9.935597181320190e-01,-1.053368323482573e-04,1.831418834626675e-02
1609043658491312194,0,1609043658491312194,2.467861631885171e-03,-1.187809975817800e-03,1.755223842337728e-03,-1.118346899747849e-01,-9.935577511787415e-01,-1.072179584298283e-04,1.833063922822475e-02
1609043658561429309,0,1609043658561429309,2.093696501106024e-03,-1.144867273978889e-03,1.145868096500635e-03,-1.119491383433342e-01,-9.935460090637207e-01,-2.572219527792186e-04,1.827048882842064e-02
1609043658670022476,0,1609043658670022476,1.937401713803411e-03,-9.278059587813914e-04,9.987110970541835e-04,-1.118391156196594e-01,-9.935581684112549e-01,-5.508379035745747e-05,1.828273758292198e-02
1609043658768062677,0,1609043658768062677,1.390141900628805e-03,-1.081097056157887e-03,1.116241677664220e-03,-1.118004620075226e-01,-9.935626387596130e-01,-2.638613750605145e-06,1.827660202980042e-02
1609043658877799040,0,1609043658877799040,1.169732655398548e-03,-8.279829053208232e-04,1.306703197769821e-03,-1.117479652166367e-01,-9.935676455497742e-01,5.438625521492213e-05,1.832488365471363e-02
1609043658974028864,0,1609043658974028864,1.301006646826863e-03,-1.874513574875891e-03,1.833810470998287e-03,-1.117846220731735e-01,-9.935635924339294e-01,-1.278463969356380e-05,1.831965148448944e-02
1609043659082273584,0,1609043659082273584,1.679720473475754e-03,-7.140564266592264e-04,2.414422342553735e-03,-1.117222383618355e-01,-9.935707449913025e-01,4.858079773839563e-05,1.831156574189663e-02
1609043659183314289,0,1609043659183314289,1.883006887510419e-03,-4.799676535185426e-04,2.538506407290697e-03,-1.117670387029648e-01,-9.935658574104309e-01,-1.106888703361619e-05,1.830705814063549e-02
1609043659284726208,0,1609043659284726208,1.756689744070172e-03,-3.940707538276911e-04,2.670737216249108e-03,-1.117790415883064e-01,-9.935644865036011e-01,-3.438159546931274e-05,1.830366626381874e-02
1609043659388884805,0,1609043659388884805,1.074198517017066e-03,-1.376219559460878e-03,2.347347792237997e-03,-1.117965951561928e-01,-9.935624599456787e-01,-3.790124901570380e-05,1.830674894154072e-02
1609043659462167388,0,1609043659462167388,8.241320028901100e-04,-5.994717939756811e-04,1.757940510287881e-03,-1.118864789605141e-01,-9.935535788536072e-01,-2.114317176165059e-04,1.824259757995605e-02
1609043659560469613,0,1609043659560469613,7.804555934853852e-04,-5.972862709313631e-06,1.426356611773372e-03,-1.118132397532463e-01,-9.935617446899414e-01,-6.820991256972775e-05,1.824379526078701e-02
1609043659664720872,0,1609043659664720872,5.640328745357692e-04,-1.018391456454992e-03,1.063479343429208e-03,-1.117695495486259e-01,-9.935663342475891e-01,1.420979788235854e-05,1.826545037329197e-02
1609043659769744351,0,1609043659769744351,1.163265435025096e-03,-1.257135299965739e-04,1.029476872645319e-03,-1.117121055722237e-01,-9.935722947120667e-01,8.950757182901725e-05,1.828706450760365e-02
1609043659868438501,0,1609043659868438501,1.482221763581038e-03,-4.474772722460330e-04,1.254826551303267e-03,-1.116809174418449e-01,-9.935755729675293e-01,7.449351687682793e-05,1.830245368182659e-02
1609043659973789202,0,1609043659973789202,1.620868803001940e-03,-1.538327196612954e-03,1.514026778750122e-03,-1.117051839828491e-01,-9.935730695724487e-01,7.123879913706332e-05,1.829131133854389e-02
1609043660081123703,0,1609043660081123703,1.443175598978996e-03,-2.436391776427627e-03,1.799692981876433e-03,-1.117723658680916e-01,-9.935653209686279e-01,-4.559909029921982e-06,1.830233447253704e-02
1609043660184641461,0,1609043660184641461,9.636565227992833e-04,-2.385666593909264e-03,1.934968633577228e-03,-1.117762997746468e-01,-9.935643672943115e-01,-1.888095903268550e-05,1.832954585552216e-02
1609043660306250924,0,1609043660306250924,8.620935259386897e-04,-2.420600503683090e-03,2.174797235056758e-03,-1.117538213729858e-01,-9.935666918754578e-01,3.280375312897377e-05,1.834201067686081e-02
1609043660357512257,0,1609043660357512257,7.753387326374650e-04,-1.494320924393833e-03,1.600507413968444e-03,-1.119307130575180e-01,-9.935485720634460e-01,-2.355016622459516e-04,1.824378222227097e-02
1609043660461010724,0,1609043660461010724,7.752978126518428e-04,-1.020788680762053e-03,9.118940215557814e-04,-1.118416562676430e-01,-9.935582280158997e-01,-1.126376519096084e-04,1.826589740812778e-02
1609043660569384556,0,1609043660569384556,5.153392557986081e-04,-5.712521960958838e-04,8.595613180659711e-04,-1.117465123534203e-01,-9.935690164566040e-01,5.349018101696856e-05,1.825643889605999e-02
1609043660668029918,0,1609043660668029918,1.155673991888762e-03,5.662697367370129e-05,7.854636060073972e-04,-1.117190048098564e-01,-9.935720562934875e-01,8.016551873879507e-05,1.825925707817078e-02
1609043660774458915,0,1609043660774458915,1.356605906039476e-03,-6.604322697967291e-04,1.443926943466067e-03,-1.117105558514595e-01,-9.935726523399353e-01,1.164980712928809e-04,1.828196644783020e-02
1609043660881629677,0,1609043660881629677,1.517262775450945e-03,-9.670219151303172e-04,1.878618029877543e-03,-1.117155849933624e-01,-9.935722351074219e-01,1.204642685479484e-04,1.827117614448071e-02
1609043660984664401,0,1609043660984664401,1.953835831955075e-03,-4.765235935337842e-04,2.184735611081123e-03,-1.117440238595009e-01,-9.935688376426697e-01,4.940191502100788e-05,1.828492060303688e-02
1609043661078153436,0,1609043661078153436,2.423285972326994e-03,-5.068338359706104e-04,2.132319845259190e-03,-1.118075922131538e-01,-9.935614466667175e-01,-6.786703306715935e-05,1.829653419554234e-02
1609043661186600373,0,1609043661186600373,2.369478344917297e-03,-6.469626096077263e-04,2.188572194427252e-03,-1.117753759026527e-01,-9.935647845268250e-01,-1.400006658514030e-05,1.831031590700150e-02
1609043661295740249,0,1609043661295740249,2.914360724389553e-03,-4.603687848430127e-04,2.386561594903469e-03,-1.117662191390991e-01,-9.935659766197205e-01,3.496718363749096e-06,1.830404996871948e-02
1609043661388859529,0,1609043661388859529,2.286815317347646e-03,-5.232426919974387e-04,2.172604668885469e-03,-1.118518784642220e-01,-9.935565590858459e-01,-1.318441354669631e-04,1.829084008932114e-02
1609043661460287028,0,1609043661460287028,2.053557429462671e-03,-3.551838453859091e-04,1.523162471130490e-03,-1.119505241513252e-01,-9.935465455055237e-01,-2.667852095328271e-04,1.823194138705730e-02
1609043661568155544,0,1609043661568155544,1.056035747751594e-03,-2.084801089949906e-04,1.085830852389336e-03,-1.118484362959862e-01,-9.935577511787415e-01,-9.746014984557405e-05,1.824768446385860e-02
1609043661661214529,0,1609043661661214529,7.082714582793415e-04,6.931956158950925e-05,8.513428037986159e-04,-1.118094921112061e-01,-9.935619831085205e-01,-1.156665348389652e-05,1.825290545821190e-02
1609043661769869974,0,1609043661769869974,8.623396861366928e-04,-1.028991027851589e-04,9.591679554432631e-04,-1.117658540606499e-01,-9.935663938522339e-01,3.563687641872093e-05,1.828235574066639e-02
1609043661873605013,0,1609043661873605013,1.010772888548672e-03,3.564490179996938e-04,8.633351535536349e-04,-1.117436215281487e-01,-9.935685396194458e-01,5.117966065881774e-05,1.830252259969711e-02
1609043661976515180,0,1609043661976515180,1.419142819941044e-03,8.142742444761097e-05,9.986031800508499e-04,-1.117428094148636e-01,-9.935684800148010e-01,3.736951839528047e-05,1.830933429300785e-02
1609043662073886707,0,1609043662073886707,1.341067836619914e-03,-1.168972579762340e-03,1.351595157757401e-03,-1.117836311459541e-01,-9.935644865036011e-01,-1.468181108066346e-05,1.827559620141983e-02
1609043662182200943,0,1609043662182200943,4.352519754320383e-04,-2.686678897589445e-03,1.753884949721396e-03,-1.117700040340424e-01,-9.935656785964966e-01,5.231310569797643e-05,1.829481683671474e-02
1609043662290590322,0,1609043662290590322,2.422042889520526e-04,-3.559295088052750e-03,1.713325036689639e-03,-1.117909848690033e-01,-9.935630559921265e-01,3.724867565324530e-05,1.831327378749847e-02
1609043662388812229,0,1609043662388812229,1.114249927923083e-03,-3.034269670024514e-03,1.829533604905009e-03,-1.118164956569672e-01,-9.935598969459534e-01,-5.281057019601576e-05,1.832449808716774e-02
1609043662465498859,0,1609043662465498859,1.112831523641944e-03,-1.778481295332313e-03,1.418962841853499e-03,-1.118953824043274e-01,-9.935522675514221e-01,-1.921708462759852e-04,1.825458742678165e-02
1609043662565067203,0,1609043662565067203,1.132505596615374e-03,-9.747682488523424e-04,5.497885285876691e-04,-1.118399947881699e-01,-9.935581684112549e-01,-4.147081926930696e-05,1.827652007341385e-02
1609043662669855666,0,1609043662669855666,9.749819291755557e-04,1.511781010776758e-05,3.459350264165550e-04,-1.117494255304337e-01,-9.935685992240906e-01,4.694890230894089e-05,1.826315000653267e-02
1609043662765893441,0,1609043662765893441,9.505948983132839e-04,-2.162331802537665e-04,8.119932608678937e-04,-1.117779165506363e-01,-9.935654997825623e-01,4.143451951676980e-05,1.825545169413090e-02
1609043662873271684,0,1609043662873271684,1.003908109851182e-03,-1.331432955339551e-03,1.098292996175587e-03,-1.117736101150513e-01,-9.935654997825623e-01,6.840793503215536e-05,1.828391104936600e-02
1609043662971119722,0,1609043662971119722,1.662593334913254e-03,-8.000037632882595e-05,1.438119099475443e-03,-1.117692142724991e-01,-9.935660958290100e-01,3.773598655243404e-05,1.827743649482727e-02
1609043663074498062,0,1609043663074498062,1.686498057097197e-03,-1.838178432080895e-04,1.677380525507033e-03,-1.117461696267128e-01,-9.935686588287354e-01,2.634817064972594e-05,1.827975362539291e-02
1609043663176938009,0,1609043663176938009,2.058770041912794e-03,-2.259708126075566e-04,2.159074880182743e-03,-1.117194071412086e-01,-9.935716986656189e-01,4.211219857097603e-05,1.827948912978172e-02
1609043663285657600,0,1609043663285657600,1.319152885116637e-03,-8.714983705431223e-04,2.077448647469282e-03,-1.117232367396355e-01,-9.935704469680786e-01,4.464231096790172e-05,1.832174137234688e-02
1609043663394243067,0,1609043663394243067,1.766682136803865e-03,-1.391092082485557e-03,2.074219519272447e-03,-1.117839515209198e-01,-9.935637116432190e-01,-1.097280983231030e-05,1.831936649978161e-02
1609043663489014147,0,1609043663489014147,1.582226017490029e-03,-1.911766710691154e-03,2.083251485601068e-03,-1.118363365530968e-01,-9.935582280158997e-01,-9.131900151260197e-05,1.829529367387295e-02
1609043663571042378,0,1609043663571042378,1.376959495246410e-03,-1.191956223919988e-03,1.673450693488121e-03,-1.118931099772453e-01,-9.935532212257385e-01,-1.771546667441726e-04,1.822238229215145e-02
1609043663659813116,0,1609043663659813116,7.364845951087773e-04,-8.312067948281765e-04,9.370825719088316e-04,-1.118412986397743e-01,-9.935585856437683e-01,-6.969010428292677e-05,1.824755407869816e-02
1609043663762606598,0,1609043663762606598,8.805049583315849e-04,3.720574313774705e-04,7.089371792972088e-04,-1.117665767669678e-01,-9.935668706893921e-01,1.788191912055481e-05,1.825159601867199e-02
1609043663872411432,0,1609043663872411432,1.178164035081863e-03,9.138381574302912e-05,8.268071105703712e-04,-1.117067709565163e-01,-9.935731291770935e-01,8.504150173394009e-05,1.827660575509071e-02
1609043663981279760,0,1609043663981279760,2.173581859096885e-03,5.611553206108510e-05,1.138494466431439e-03,-1.116609349846840e-01,-9.935779571533203e-01,1.325124176219106e-04,1.829375326633453e-02
1609043664073761991,0,1609043664073761991,1.970994053408504e-03,-1.176989288069308e-03,1.555440947413445e-03,-1.117509007453918e-01,-9.935682415962219e-01,1.463821172364987e-05,1.827364601194859e-02
1609043664184081384,0,1609043664184081384,1.850425382144749e-03,-1.247688196599483e-03,1.924524898640811e-03,-1.117312386631966e-01,-9.935704469680786e-01,7.951384031912312e-05,1.827321946620941e-02
1609043664277048492,0,1609043664277048492,1.936477026902139e-03,-5.605230689980090e-04,2.114315517246723e-03,-1.117974221706390e-01,-9.935631155967712e-01,-2.703446079976857e-05,1.826643571257591e-02
1609043664390505755,0,1609043664390505755,2.190353116020560e-03,-7.315042894333601e-04,2.283216454088688e-03,-1.117336228489876e-01,-9.935696125030518e-01,5.481490370584652e-05,1.830461248755455e-02
1609043664493367838,0,1609043664493367838,1.970090437680483e-03,-7.676258683204651e-04,2.004078589379787e-03,-1.117225810885429e-01,-9.935709238052368e-01,4.087692286702804e-05,1.830231584608555e-02
1609043664596443119,0,1609043664596443119,2.286970149725676e-03,-6.246696575544775e-04,2.213727915659547e-03,-1.117701977491379e-01,-9.935656785964966e-01,-5.276729280012660e-05,1.829632930457592e-02
1609043664663843184,0,1609043664663843184,1.736829522997141e-03,-4.781232273671776e-04,1.594684086740017e-03,-1.118902266025543e-01,-9.935534000396729e-01,-2.285606606164947e-04,1.822991110384464e-02
1609043664760073673,0,1609043664760073673,1.256703049875796e-03,8.824900723993778e-04,9.732311009429395e-04,-1.117980331182480e-01,-9.935634732246399e-01,-6.037644197931513e-05,1.824169419705868e-02
1609043664868745588,0,1609043664868745588,1.059925183653831e-03,1.099952496588230e-04,6.287380238063633e-04,-1.117324233055115e-01,-9.935705065727234e-01,8.529456681571901e-05,1.826232299208641e-02
1609043664967171232,0,1609043664967171232,1.838455325923860e-03,1.149646821431816e-03,4.644273140002042e-04,-1.116930022835732e-01,-9.935747385025024e-01,9.802273416426033e-05,1.827385276556015e-02
1609043665076555270,0,1609043665076555270,1.976234838366508e-03,1.144535373896360e-03,8.612781530246139e-04,-1.116703525185585e-01,-9.935770630836487e-01,1.390782708767802e-04,1.828605681657791e-02
1609043665181401437,0,1609043665181401437,1.929110614582896e-03,2.378791105002165e-04,1.142746303230524e-03,-1.116960644721985e-01,-9.935745000839233e-01,1.060886934283189e-04,1.826757378876209e-02
1609043665273833967,0,1609043665273833967,1.419977983459830e-03,-6.806048331782222e-04,1.317191170528531e-03,-1.117778271436691e-01,-9.935652017593384e-01,-2.451613909215666e-05,1.827474869787693e-02
1609043665379685636,0,1609043665379685636,1.532130991108716e-03,-1.463843043893576e-03,1.553524751216173e-03,-1.117567867040634e-01,-9.935672283172607e-01,1.522432921774453e-05,1.829221099615097e-02
1609043665482577347,0,1609043665482577347,1.268957392312586e-03,-1.097283326089382e-03,1.680688932538033e-03,-1.117613986134529e-01,-9.935664534568787e-01,-2.299569132446777e-05,1.830594427883625e-02
1609043665590656943,0,1609043665590656943,1.076965709216893e-03,-1.607399433851242e-03,1.786464126780629e-03,-1.117621213197708e-01,-9.935658574104309e-01,-2.322260570508661e-06,1.833459734916687e-02
1609043665669037041,0,1609043665669037041,7.062867516651750e-04,-1.117013744078577e-03,1.398861990310252e-03,-1.118637472391129e-01,-9.935557246208191e-01,-1.346552162431180e-04,1.826372742652893e-02
1609043665767428693,0,1609043665767428693,-6.718619260936975e-05,-1.196557423099875e-03,1.328788348473608e-03,-1.118020564317703e-01,-9.935624599456787e-01,-1.754477671056520e-05,1.827506348490715e-02
1609043665870495740,0,1609043665870495740,1.359960879199207e-04,-6.460508448071778e-04,1.080700429156423e-03,-1.117472052574158e-01,-9.935683012008667e-01,5.795672404929064e-05,1.829333789646626e-02
1609043665973264034,0,1609043665973264034,4.384591302368790e-04,-6.732976180501282e-04,1.175190787762403e-03,-1.117388531565666e-01,-9.935692548751831e-01,5.512374264071696e-05,1.829237677156925e-02
1609043666081046521,0,1609043666081046521,6.641208892688155e-04,-1.008060527965426e-03,1.134053105488420e-03,-1.117211505770683e-01,-9.935705065727234e-01,1.251916401088238e-04,1.833089254796505e-02
1609043666179546466,0,1609043666179546466,1.735456753522158e-03,-5.791021976619959e-04,1.389758428558707e-03,-1.117237359285355e-01,-9.935707449913025e-01,5.552191578317434e-05,1.830197125673294e-02
1609043666286642440,0,1609043666286642440,2.190685831010342e-03,3.429415228310972e-04,1.581943361088634e-03,-1.117204204201698e-01,-9.935708642005920e-01,5.452957702800632e-05,1.831869781017303e-02
1609043666368054575,0,1609043666368054575,2.192576183006167e-03,6.365854060277343e-04,1.292044064030051e-03,-1.117828711867332e-01,-9.935647249221802e-01,-5.201387102715671e-05,1.827176660299301e-02
1609043666469812137,0,1609043666469812137,1.601590309292078e-03,4.244392039254308e-05,9.453090024180710e-04,-1.117329597473145e-01,-9.935701489448547e-01,5.540970960282721e-05,1.827961206436157e-02
1609043666579492760,0,1609043666579492760,1.716131344437599e-03,7.076899055391550e-04,1.145267626270652e-03,-1.116944849491119e-01,-9.935741424560547e-01,1.353438565274701e-04,1.829594001173973e-02
1609043666669597305,0,1609043666669597305,1.778536243364215e-03,1.068133045919240e-03,1.026558689773083e-03,-1.117076352238655e-01,-9.935728907585144e-01,6.132490671006963e-05,1.828627660870552e-02
1609043666770483552,0,1609043666770483552,2.408642554655671e-03,1.389066921547055e-03,1.207924680784345e-03,-1.117149516940117e-01,-9.935717582702637e-01,3.567283783922903e-05,1.830278337001801e-02
1609043666880456895,0,1609043666880456895,3.128070849925280e-03,1.021371688693762e-03,1.451427582651377e-03,-1.116980463266373e-01,-9.935733079910278e-01,6.337401282507926e-05,1.832104660570621e-02
1609043666985052690,0,1609043666985052690,2.676433650776744e-03,6.689161527901888e-04,1.753524411469698e-03,-1.117145046591759e-01,-9.935711622238159e-01,5.354542008717544e-05,1.833865419030190e-02
1609043667086302581,0,1609043667086302581,2.487386576831341e-03,3.343012067489326e-04,1.989200012758374e-03,-1.117504313588142e-01,-9.935668110847473e-01,3.942918738175649e-06,1.835416629910469e-02
1609043667200255990,0,1609043667200255990,2.512962324544787e-03,3.167336399201304e-04,2.139506395906210e-03,-1.117238178849220e-01,-9.935699701309204e-01,1.924245589179918e-05,1.834544539451599e-02
1609043667289613213,0,1609043667289613213,2.416234696283937e-03,-1.287279010284692e-04,1.902106450870633e-03,-1.118358597159386e-01,-9.935582280158997e-01,-1.186109366244636e-04,1.829700171947479e-02
1609043667359677476,0,1609043667359677476,1.879865420050919e-03,7.161303074099123e-06,1.431504730135202e-03,-1.119216755032539e-01,-9.935499429702759e-01,-2.320320345461369e-04,1.821914874017239e-02
1609043667470381260,0,1609043667470381260,1.786217326298356e-03,9.498769068159163e-04,1.007536076940596e-03,-1.117728278040886e-01,-9.935664534568787e-01,-2.675881842151284e-05,1.823955029249191e-02
1609043667562629063,0,1609043667562629063,5.858816439285874e-04,-7.308615604415536e-04,9.560139733366668e-04,-1.117949560284615e-01,-9.935637116432190e-01,3.346327275721706e-06,1.825026795268059e-02
1609043667674276531,0,1609043667674276531,8.192903478629887e-04,-3.840721328742802e-04,8.479088428430259e-04,-1.117341071367264e-01,-9.935704469680786e-01,7.366565114352852e-05,1.825439929962158e-02
1609043667769588037,0,1609043667769588037,1.227306434884667e-03,-8.666816283948720e-04,9.938532020896673e-04,-1.117362529039383e-01,-9.935701489448547e-01,7.411219849018380e-05,1.825879886746407e-02
1609043667870969264,0,1609043667870969264,1.123874797485769e-03,-5.984237650409341e-04,1.336379908025265e-03,-1.117136403918266e-01,-9.935728907585144e-01,6.386607856256887e-05,1.824786886572838e-02
1609043667980999357,0,1609043667980999357,1.171882962808013e-03,-9.925360791385174e-04,1.627680612728000e-03,-1.116986945271492e-01,-9.935737252235413e-01,9.190860146190971e-05,1.829497329890728e-02
1609043668082465349,0,1609043668082465349,1.248850254341960e-03,-9.987116791307926e-04,1.829971442930400e-03,-1.117375493049622e-01,-9.935694336891174e-01,2.710926128202118e-05,1.828926801681519e-02
1609043668187245494,0,1609043668187245494,1.534483977593482e-03,-8.013197220861912e-04,1.915840781293809e-03,-1.117668226361275e-01,-9.935654997825623e-01,-2.790552389342338e-05,1.832431182265282e-02
1609043668261577973,0,1609043668261577973,1.124781789258122e-03,-1.291912631131709e-04,1.309253741055727e-03,-1.118455529212952e-01,-9.935579299926758e-01,-1.084963878383860e-04,1.825636439025402e-02
1609043668363270768,0,1609043668363270768,1.020689494907856e-03,-2.896164951380342e-04,6.975898868404329e-04,-1.117758154869080e-01,-9.935656785964966e-01,6.637527349084849e-06,1.826142705976963e-02
1609043668479083370,0,1609043668479083370,1.478808466345072e-03,2.064766304101795e-04,1.176476478576660e-03,-1.117031052708626e-01,-9.935736060142517e-01,9.838076948653907e-05,1.827291958034039e-02
1609043668577856436,0,1609043668577856436,2.105827443301678e-03,2.715433947741985e-05,1.296326634474099e-03,-1.117031499743462e-01,-9.935738444328308e-01,9.140217298408970e-05,1.826043426990509e-02
1609043668676936897,0,1609043668676936897,2.787787001580000e-03,3.981987247243524e-04,1.468426780775189e-03,-1.117294654250145e-01,-9.935706853866577e-01,3.663192546810023e-05,1.827073469758034e-02
1609043668785059824,0,1609043668785059824,2.511390484869480e-03,3.373309737071395e-04,2.095070900395513e-03,-1.116939410567284e-01,-9.935739040374756e-01,7.045106031000614e-05,1.831384003162384e-02
1609043668868358680,0,1609043668868358680,2.603162312880158e-03,1.165835186839104e-03,1.452319324016571e-03,-1.117842048406601e-01,-9.935644865036011e-01,-5.652197069139220e-05,1.827709004282951e-02
1609043668971359331,0,1609043668971359331,1.422765199095011e-03,3.825105959549546e-04,1.172512769699097e-03,-1.117293760180473e-01,-9.935706853866577e-01,6.236427725525573e-05,1.827101036906242e-02
1609043669077566503,0,1609043669077566503,8.972097421064973e-04,-4.846784868277609e-04,1.234345370903611e-03,-1.117283180356026e-01,-9.935702681541443e-01,1.039141861838289e-04,1.830049045383930e-02
1609043669176150857,0,1609043669176150857,8.800155483186245e-04,-1.474958029575646e-03,1.596620306372643e-03,-1.117791309952736e-01,-9.935643672943115e-01,5.088208854431286e-05,1.831180416047573e-02
1609043669285590245,0,1609043669285590245,1.573763089254498e-03,-1.541391480714083e-03,1.731104566715658e-03,-1.117278710007668e-01,-9.935696125030518e-01,9.740166569827124e-05,1.834028586745262e-02
1609043669392473468,0,1609043669392473468,1.960327615961432e-03,-6.896455306559801e-04,1.784025342203677e-03,-1.117111966013908e-01,-9.935710430145264e-01,4.156283830525354e-05,1.836356893181801e-02
1609043669465266608,0,1609043669465266608,1.260313205420971e-03,-3.243802057113498e-04,1.209746347740293e-03,-1.118351668119431e-01,-9.935585260391235e-01,-1.427966199116781e-04,1.828440837562084e-02
1609043669561759180,0,1609043669561759180,9.843000443652272e-04,-4.225923912599683e-04,9.204897214658558e-04,-1.117622330784798e-01,-9.935673475265503e-01,4.751215328724356e-06,1.825326494872570e-02
1609043669665149937,0,1609043669665149937,3.091684193350375e-04,-1.426655566319823e-03,6.779501563869417e-04,-1.117331162095070e-01,-9.935701489448547e-01,7.547992572654039e-05,1.827871799468994e-02
1609043669773584826,0,1609043669773584826,2.668288361746818e-04,-6.950319511815906e-04,4.063641245011240e-04,-1.117170155048370e-01,-9.935714602470398e-01,1.190203474834561e-04,1.830725930631161e-02
1609043669870885943,0,1609043669870885943,8.118581608869135e-04,3.169025876559317e-04,6.725400453433394e-04,-1.117484122514725e-01,-9.935687780380249e-01,6.643957749474794e-05,1.825929433107376e-02
1609043669974997401,0,1609043669974997401,1.307837315835059e-03,1.326205965597183e-04,1.188284251838923e-03,-1.117518171668053e-01,-9.935684800148010e-01,7.192812336143106e-05,1.825429685413837e-02
1609043670075675342,0,1609043670075675342,1.739383442327380e-03,2.705083170440048e-04,1.534514944069088e-03,-1.117583587765694e-01,-9.935674667358398e-01,4.416477895574644e-05,1.827164739370346e-02
1609043670192529153,0,1609043670192529153,1.895822817459702e-03,5.847141728736460e-04,1.776049146428704e-03,-1.116843596100807e-01,-9.935751557350159e-01,1.266169128939509e-04,1.830011792480946e-02
1609043670283033884,0,1609043670283033884,1.912289881147444e-03,8.962295833043754e-04,2.006396651268005e-03,-1.117776110768318e-01,-9.935653209686279e-01,-3.175918027409352e-05,1.827129907906055e-02
1609043670383217792,0,1609043670383217792,2.157604321837425e-03,5.764665547758341e-05,2.100904705002904e-03,-1.118238344788551e-01,-9.935601949691772e-01,-9.652980224927887e-05,1.826602406799793e-02
1609043670490761485,0,1609043670490761485,1.810924150049686e-03,-2.010182943195105e-04,1.973799197003245e-03,-1.118049174547195e-01,-9.935617446899414e-01,-1.154353376477957e-04,1.829683966934681e-02
1609043670562407303,0,1609043670562407303,1.643496565520763e-03,1.699872373137623e-04,1.240000827237964e-03,-1.119200140237808e-01,-9.935501813888550e-01,-2.713065478019416e-04,1.822124049067497e-02
1609043670665808132,0,1609043670665808132,1.092445105314255e-03,-2.438214141875505e-04,9.517311118543148e-04,-1.118266358971596e-01,-9.935603737831116e-01,-8.836237248033285e-05,1.823883317410946e-02
1609043670761542534,0,1609043670761542534,1.343361800536513e-03,-1.499713689554483e-04,6.734522758051753e-04,-1.117663085460663e-01,-9.935665130615234e-01,1.337594312644796e-05,1.827403903007507e-02
1609043670868082048,0,1609043670868082048,1.398774329572916e-03,2.314026642125100e-05,6.234839675016701e-04,-1.117578521370888e-01,-9.935672283172607e-01,4.575080311042257e-05,1.828734017908573e-02
1609043670975113711,0,1609043670975113711,1.035515684634447e-03,-1.017157192109153e-04,6.128798704594374e-04,-1.116979420185089e-01,-9.935732483863831e-01,9.762323315953836e-05,1.832466572523117e-02
1609043671074286127,0,1609043671074286127,1.032410189509392e-03,-2.484630094841123e-04,5.271714180707932e-04,-1.117424890398979e-01,-9.935687184333801e-01,5.718041211366653e-05,1.830087415874004e-02
1609043671178127631,0,1609043671178127631,1.907111378386617e-03,-2.622215833980590e-04,7.838747696951032e-04,-1.117407232522964e-01,-9.935686588287354e-01,2.746933569142129e-05,1.831197552382946e-02
1609043671280892572,0,1609043671280892572,2.486306941136718e-03,3.496899444144219e-04,1.202085521072149e-03,-1.117528006434441e-01,-9.935674667358398e-01,2.645710310389404e-06,1.830406859517097e-02
1609043671384660182,0,1609043671384660182,2.437187358736992e-03,2.663731575012207e-04,1.475826371461153e-03,-1.117342934012413e-01,-9.935696721076965e-01,-2.507578392396681e-05,1.829791069030762e-02
1609043671487781809,0,1609043671487781809,2.429821062833071e-03,-5.452240584418178e-04,1.685062423348427e-03,-1.117654144763947e-01,-9.935654401779175e-01,-5.839530786033720e-05,1.833601668477058e-02
1609043671592373278,0,1609043671592373278,2.330881310626864e-03,-1.251541078090668e-03,1.657266751863062e-03,-1.118012666702271e-01,-9.935619831085205e-01,-8.264218195108697e-05,1.830520108342171e-02
1609043671670369346,0,1609043671670369346,1.542428974062204e-03,-1.409389660693705e-03,1.103499671444297e-03,-1.119122728705406e-01,-9.935507774353027e-01,-2.235874417237937e-04,1.823196746408939e-02
1609043671759712968,0,1609043671759712968,8.071842021308839e-04,-1.648740726523101e-03,6.001951405778527e-04,-1.118471473455429e-01,-9.935581684112549e-01,-7.276955147972330e-05,1.823528856039047e-02
1609043671868484244,0,1609043671868484244,8.779412019066513e-04,-1.732929260469973e-03,7.265571039170027e-04,-1.117871850728989e-01,-9.935641288757324e-01,5.274146315059625e-05,1.827463321387768e-02
1609043671975888272,0,1609043671975888272,1.373332692310214e-03,-1.773364841938019e-03,9.973139967769384e-04,-1.117481961846352e-01,-9.935680031776428e-01,8.567756594857201e-05,1.830267719924450e-02
1609043672079720682,0,1609043672079720682,1.318114344030619e-03,-1.049038954079151e-03,1.457681762985885e-03,-1.117357760667801e-01,-9.935690760612488e-01,7.686974277021363e-05,1.831889897584915e-02
1609043672185277387,0,1609043672185277387,1.398883294314146e-03,-1.810433808714151e-03,1.602432806976140e-03,-1.117206066846848e-01,-9.935708045959473e-01,8.362359221791849e-05,1.831916347146034e-02
1609043672281366359,0,1609043672281366359,1.754552824422717e-03,-1.654274994507432e-03,1.856022165156901e-03,-1.117858663201332e-01,-9.935637116432190e-01,1.483638925492414e-06,1.830695196986198e-02
1609043672387677790,0,1609043672387677790,2.100910292938352e-03,-6.042490713298321e-04,2.062893938273191e-03,-1.117527261376381e-01,-9.935670495033264e-01,2.118780685123056e-06,1.832716353237629e-02
1609043672497967853,0,1609043672497967853,1.956745283678174e-03,-4.224130243528634e-04,2.158773131668568e-03,-1.117653921246529e-01,-9.935657382011414e-01,1.476518991694320e-05,1.832149177789688e-02
1609043672562021734,0,1609043672562021734,1.591601991094649e-03,-2.024494024226442e-04,1.557102659717202e-03,-1.119130104780197e-01,-9.935507774353027e-01,-2.078986726701260e-04,1.823142170906067e-02
1609043672671027833,0,1609043672671027833,1.512578688561916e-03,-7.173178601078689e-04,1.088182907551527e-03,-1.118222475051880e-01,-9.935606122016907e-01,-6.146688974695280e-05,1.825475506484509e-02
1609043672763293377,0,1609043672763293377,1.437108847312629e-03,-6.568092503584921e-04,7.114838226698339e-04,-1.117952316999435e-01,-9.935639500617981e-01,1.788755434972700e-05,1.823344454169273e-02
1609043672866007479,0,1609043672866007479,1.539431279525161e-03,2.035766956396401e-04,5.907858721911907e-04,-1.117686629295349e-01,-9.935670495033264e-01,4.532260209089145e-05,1.823044568300247e-02
1609043672975672696,0,1609043672975672696,1.968175172805786e-03,9.510408854112029e-04,6.568871904164553e-04,-1.117053255438805e-01,-9.935731887817383e-01,8.242176409112290e-05,1.828328147530556e-02
1609043673073007877,0,1609043673073007877,1.627056393772364e-03,-4.728721687570214e-04,1.113182981498539e-03,-1.117745637893677e-01,-9.935656785964966e-01,3.991385165136307e-05,1.826721616089344e-02
1609043673174076014,0,1609043673174076014,1.369143021292984e-03,-6.162656936794519e-04,1.088119111955166e-03,-1.117778271436691e-01,-9.935649037361145e-01,2.479653812770266e-05,1.828890480101109e-02
1609043673290232747,0,1609043673290232747,1.133413519710302e-03,-1.225288258865476e-03,1.313440501689911e-03,-1.117228269577026e-01,-9.935705065727234e-01,1.221943384734914e-04,1.831815019249916e-02
1609043673383495590,0,1609043673383495590,3.989075776189566e-05,-1.952945138327777e-03,1.750947674736381e-03,-1.118250712752342e-01,-9.935596585273743e-01,-2.856167702702805e-05,1.828681491315365e-02
1609043673495166238,0,1609043673495166238,-3.108385135419667e-05,-2.754860324785113e-03,1.735150348395109e-03,-1.117811873555183e-01,-9.935640692710876e-01,4.140167584409937e-05,1.831492222845554e-02
1609043673588827630,0,1609043673588827630,9.164231014437973e-04,-1.231886330060661e-03,1.872653258033097e-03,-1.118301302194595e-01,-9.935590624809265e-01,-7.390732207568362e-05,1.828835718333721e-02
1609043673667618622,0,1609043673667618622,4.038527840748429e-04,-1.227401895448565e-03,1.730579184368253e-03,-1.119058653712273e-01,-9.935517311096191e-01,-1.655215164646506e-04,1.821974106132984e-02
1609043673766185224,0,1609043673766185224,2.997529518324882e-04,-1.114394050091505e-03,1.183183863759041e-03,-1.118034571409225e-01,-9.935630559921265e-01,-2.276860686833970e-05,1.823724061250687e-02
1609043673866047061,0,1609043673866047061,4.624651628546417e-04,-1.936025684699416e-03,1.264159334823489e-03,-1.117805391550064e-01,-9.935650825500488e-01,4.539040310191922e-05,1.826306991279125e-02
1609043673980569681,0,1609043673980569681,1.180459861643612e-03,-1.422381959855556e-03,1.199780264869332e-03,-1.116966381669044e-01,-9.935735464096069e-01,1.578003575559705e-04,1.831481792032719e-02
1609043674069138297,0,1609043674069138297,1.412372803315520e-03,-1.578983617946506e-03,1.120309578254819e-03,-1.117730587720871e-01,-9.935660362243652e-01,3.965855285059661e-05,1.825716719031334e-02
1609043674176791034,0,1609043674176791034,1.513753435574472e-03,-2.325156005099416e-03,1.383695751428604e-03,-1.117412298917770e-01,-9.935689568519592e-01,1.022262513288297e-04,1.829204522073269e-02
1609043674275657166,0,1609043674275657166,1.477124053053558e-03,-2.358687343075871e-03,1.373838982544839e-03,-1.117635592818260e-01,-9.935666322708130e-01,2.565290924394503e-05,1.828303001821041e-02
1609043674387257912,0,1609043674387257912,1.970217796042562e-03,-2.503911731764674e-03,1.451883348636329e-03,-1.117337420582771e-01,-9.935692548751831e-01,1.411438006471144e-05,1.832529902458191e-02
1609043674488538049,0,1609043674488538049,1.552952220663428e-03,-1.468366943299770e-03,1.670687692239881e-03,-1.117565333843231e-01,-9.935665726661682e-01,-1.209896527143428e-05,1.832932420074940e-02
1609043674588171953,0,1609043674588171953,1.624969765543938e-03,-1.382700167596340e-03,1.633083331398666e-03,-1.118165850639343e-01,-9.935599565505981e-01,-7.662440475542098e-05,1.832229457795620e-02
1609043674661908580,0,1609043674661908580,1.166098867543042e-03,-1.214813441038132e-03,1.183565240353346e-03,-1.118967607617378e-01,-9.935525059700012e-01,-2.144838799722493e-04,1.823804900050163e-02
1609043674761764913,0,1609043674761764913,1.640928094275296e-04,-6.561897462233901e-04,4.604200948961079e-04,-1.117852181196213e-01,-9.935643076896667e-01,-5.704813520424068e-05,1.827483624219894e-02
1609043674862774803,0,1609043674862774803,4.137940413784236e-05,-1.218695659190416e-03,4.586842842400074e-04,-1.117751598358154e-01,-9.935652017593384e-01,3.092314727837220e-05,1.828904636204243e-02
1609043674970756378,0,1609043674970756378,-2.647869987413287e-04,-1.227444270625710e-03,3.780969127546996e-04,-1.117645651102066e-01,-9.935665726661682e-01,8.830088336253539e-05,1.828257367014885e-02
1609043675079977113,0,1609043675079977113,3.347976598888636e-05,-7.020670454949141e-04,5.808710702694952e-04,-1.117473691701889e-01,-9.935679435729980e-01,9.415965178050101e-05,1.831079460680485e-02
1609043675184237593,0,1609043675184237593,1.325083780102432e-03,3.375367959961295e-04,9.086361387744546e-04,-1.116892024874687e-01,-9.935747385025024e-01,1.091310550691560e-04,1.829805970191956e-02
1609043675283985151,0,1609043675283985151,1.430615433491766e-03,3.489644441287965e-04,1.229514600709081e-03,-1.117187812924385e-01,-9.935715198516846e-01,7.248755719047040e-05,1.829281821846962e-02
1609043675377260394,0,1609043675377260394,1.636520610190928e-03,-6.706250132992864e-05,1.696933875791728e-03,-1.117769330739975e-01,-9.935656785964966e-01,-3.172783181071281e-05,1.825185678899288e-02
1609043675489754527,0,1609043675489754527,1.338417641818523e-03,-1.532418536953628e-03,1.963996095582843e-03,-1.117835938930511e-01,-9.935641288757324e-01,1.267389689019183e-05,1.829916983842850e-02
1609043675591944284,0,1609043675591944284,8.403183892369270e-04,-2.687803003937006e-03,1.804322586394846e-03,-1.117931157350540e-01,-9.935629963874817e-01,-2.109140768880025e-05,1.829860731959343e-02
1609043675693101020,0,1609043675693101020,9.870856301859021e-04,-2.105301246047020e-03,1.650209305807948e-03,-1.117933839559555e-01,-9.935625195503235e-01,-8.192152745323256e-05,1.832345686852932e-02
1609043675770021598,0,1609043675770021598,1.236495911143720e-03,-1.050161896273494e-03,1.073890249244869e-03,-1.118850260972977e-01,-9.935538172721863e-01,-2.141434815712273e-04,1.823895052075386e-02
1609043675858609630,0,1609043675858609630,1.456774771213531e-03,3.200554056093097e-04,7.491519791074097e-04,-1.118384897708893e-01,-9.935590624809265e-01,-1.018050024867989e-04,1.823454909026623e-02
1609043675962064511,0,1609043675962064511,1.288948929868639e-03,6.389706977643073e-04,4.942412488162518e-04,-1.117597743868828e-01,-9.935677051544189e-01,2.436519389448222e-05,1.824940182268620e-02
1609043676067896813,0,1609043676067896813,2.054317388683558e-03,1.465675421059132e-03,6.683727260679007e-04,-1.117286235094070e-01,-9.935713410377502e-01,4.464081939659081e-05,1.824109256267548e-02
1609043676168843359,0,1609043676168843359,1.914142630994320e-03,1.370728015899658e-03,8.478611707687378e-04,-1.117149665951729e-01,-9.935727119445801e-01,4.895799429505132e-05,1.825169101357460e-02
1609043676271431893,0,1609043676271431893,1.662795431911945e-03,8.011166937649250e-04,1.016545575112104e-03,-1.117176339030266e-01,-9.935719966888428e-01,6.508942897198722e-05,1.827189326286316e-02
1609043676373633662,0,1609043676373633662,1.184219494462013e-03,-1.078379107639194e-03,1.481124432757497e-03,-1.117327734827995e-01,-9.935703277587891e-01,7.948824350023642e-05,1.827134937047958e-02
1609043676482920003,0,1609043676482920003,9.398914407938719e-04,-1.531690824776888e-03,1.672155223786831e-03,-1.117395833134651e-01,-9.935688376426697e-01,8.414018520852551e-05,1.831065863370895e-02
1609043676585821926,0,1609043676585821926,9.091933607123792e-04,-1.858224626630545e-03,2.034442266449332e-03,-1.118291765451431e-01,-9.935590028762817e-01,-2.364958527323324e-05,1.829902455210686e-02
1609043676693495430,0,1609043676693495430,7.841321639716625e-04,-2.479376038536429e-03,2.100014826282859e-03,-1.118339821696281e-01,-9.935581088066101e-01,-3.643386298790574e-05,1.831627823412418e-02
1609043676787289222,0,1609043676787289222,1.626312732696533e-03,-9.536272846162319e-04,1.834521419368684e-03,-1.118638962507248e-01,-9.935549497604370e-01,-1.524669933132827e-04,1.830206438899040e-02
1609043676862729532,0,1609043676862729532,1.785800559446216e-03,-6.974494899623096e-04,1.153993420302868e-03,-1.119210794568062e-01,-9.935498237609863e-01,-2.654610725585371e-04,1.823400892317295e-02
1609043676965597999,0,1609043676965597999,1.741827349178493e-03,-6.733171176165342e-06,6.571136182174087e-04,-1.118353530764580e-01,-9.935592412948608e-01,-9.323388076154515e-05,1.824413053691387e-02
1609043677067136642,0,1609043677067136642,2.107435371726751e-03,1.048685517162085e-03,5.245114443823695e-04,-1.117728352546692e-01,-9.935665130615234e-01,9.006045729620382e-06,1.823374256491661e-02
1609043677173252066,0,1609043677173252066,1.303971046581864e-03,2.015247009694576e-04,7.743786554783583e-04,-1.117528080940247e-01,-9.935683608055115e-01,7.014733273535967e-05,1.825432665646076e-02
1609043677276445906,0,1609043677276445906,1.381970825605094e-03,1.474059245083481e-04,1.131928525865078e-03,-1.117374524474144e-01,-9.935696721076965e-01,7.031375571386889e-05,1.827625930309296e-02
1609043677379753910,0,1609043677379753910,8.099693804979324e-04,-1.513358089141548e-03,1.315353554673493e-03,-1.117528825998306e-01,-9.935680627822876e-01,1.058829948306084e-04,1.827254332602024e-02
1609043677476685594,0,1609043677476685594,1.657311106100678e-03,-1.392520149238408e-03,1.463759341277182e-03,-1.117654517292976e-01,-9.935666918754578e-01,9.066935308510438e-05,1.826895773410797e-02
1609043677583893545,0,1609043677583893545,1.207346096634865e-03,-7.901307544670999e-04,1.707780174911022e-03,-1.117393821477890e-01,-9.935688972473145e-01,6.323822890408337e-05,1.830743625760078e-02
1609043677684737315,0,1609043677684737315,1.079033361747861e-03,-2.374916104599833e-03,1.914302352815866e-03,-1.117803379893303e-01,-9.935641884803772e-01,3.046059100597631e-05,1.831457763910294e-02
1609043677762768486,0,1609043677762768486,1.030054525472224e-03,-1.060942769981921e-03,1.332445535808802e-03,-1.118303015828133e-01,-9.935598373413086e-01,-5.729636905016378e-05,1.824706047773361e-02
1609043677866804229,0,1609043677866804229,6.948972586542368e-04,-1.113840495236218e-03,6.865450995974243e-04,-1.117649599909782e-01,-9.935670495033264e-01,3.382015711395070e-05,1.825284399092197e-02
1609043677964697580,0,1609043677964697580,4.279661807231605e-04,-9.126350050792098e-04,6.457216804847121e-04,-1.117565631866455e-01,-9.935678243637085e-01,6.430748908314854e-05,1.826051622629166e-02
1609043678062944214,0,1609043678062944214,5.356592009775341e-04,-1.008173683658242e-03,6.714601768180728e-04,-1.117458269000053e-01,-9.935694932937622e-01,7.948484562803060e-05,1.823505014181137e-02
1609043678174683346,0,1609043678174683346,1.005207770504057e-03,-6.112211849540472e-04,5.283931386657059e-04,-1.117075160145760e-01,-9.935729503631592e-01,1.341197203146294e-04,1.828421652317047e-02
1609043678276927645,0,1609043678276927645,1.167243462987244e-03,-1.568640815094113e-03,8.558934787288308e-04,-1.117485389113426e-01,-9.935681819915771e-01,9.827617031987756e-05,1.829158142209053e-02
1609043678374224824,0,1609043678374224824,1.607946469448507e-03,-4.325353074818850e-04,1.173887168988585e-03,-1.117491945624352e-01,-9.935680031776428e-01,4.156148133915849e-05,1.829956099390984e-02
1609043678476155109,0,1609043678476155109,1.898310147225857e-03,3.572748391889036e-04,1.506804022938013e-03,-1.117297336459160e-01,-9.935699105262756e-01,4.464682206162252e-05,1.831007935106754e-02
1609043678587837259,0,1609043678587837259,2.181665273383260e-03,-3.464833134785295e-04,1.603237120434642e-03,-1.117311939597130e-01,-9.935692548751831e-01,5.684699135599658e-05,1.833892986178398e-02
1609043678691394974,0,1609043678691394974,1.557764364406466e-03,-1.025332370772958e-03,1.726272515952587e-03,-1.117329448461533e-01,-9.935688972473145e-01,4.471512875170447e-05,1.834826543927193e-02
1609043678792355859,0,1609043678792355859,1.495844102464616e-03,-1.032380037941039e-03,1.834186026826501e-03,-1.117802113294601e-01,-9.935634732246399e-01,-5.282577694742940e-05,1.835276000201702e-02
1609043678856370176,0,1609043678856370176,1.036858186125755e-03,-1.046395627781749e-03,1.232702168636024e-03,-1.119041144847870e-01,-9.935510158538818e-01,-2.136405819328502e-04,1.826977729797363e-02
1609043678962872074,0,1609043678962872074,3.911795793101192e-04,6.925233174115419e-05,7.261047139763832e-04,-1.117989569902420e-01,-9.935629367828369e-01,-3.512731927912682e-05,1.826974563300610e-02
1609043679066215891,0,1609043679066215891,6.735924980603158e-04,5.489531904459000e-04,4.758025752380490e-04,-1.117394268512726e-01,-9.935696721076965e-01,5.439645246951841e-05,1.826668344438076e-02
1609043679168866343,0,1609043679168866343,5.270962719805539e-04,-4.794483538717031e-04,9.306496940553188e-04,-1.117541342973709e-01,-9.935681819915771e-01,1.038170594256371e-04,1.826039142906666e-02
1609043679267552895,0,1609043679267552895,9.350113687105477e-04,-1.373525243252516e-03,8.564722957089543e-04,-1.117564290761948e-01,-9.935674667358398e-01,8.500707190250978e-05,1.828248985111713e-02
1609043679369632212,0,1609043679369632212,9.828171459957957e-04,-8.758425246924162e-04,1.160845276899636e-03,-1.117847114801407e-01,-9.935641288757324e-01,6.692105671390891e-05,1.829015649855137e-02
1609043679477455077,0,1609043679477455077,1.370943151414394e-03,-3.873373498208821e-04,1.254048198461533e-03,-1.117442995309830e-01,-9.935684204101562e-01,9.469893120694906e-05,1.830293238162994e-02
1609043679582561625,0,1609043679582561625,1.690598437562585e-03,-5.584530299529433e-04,1.668642391450703e-03,-1.117533966898918e-01,-9.935672879219055e-01,4.702719161286950e-05,1.831242069602013e-02
1609043679684865802,0,1609043679684865802,1.895483583211899e-03,-4.736387054435909e-04,2.005357760936022e-03,-1.117804870009422e-01,-9.935647845268250e-01,-1.012458324112231e-05,1.828291080892086e-02
1609043679762423197,0,1609043679762423197,1.402550609782338e-03,-6.488253129646182e-04,1.406114082783461e-03,-1.118579953908920e-01,-9.935566782951355e-01,-1.063759918906726e-04,1.824416033923626e-02
1609043679866140240,0,1609043679866140240,1.295327441766858e-03,-5.213286494836211e-04,1.057602814398706e-03,-1.117779016494751e-01,-9.935658574104309e-01,3.912511965609156e-05,1.823709905147552e-02
1609043679969202896,0,1609043679969202896,1.370590878650546e-03,-5.424087285064161e-04,9.090052917599678e-04,-1.117334291338921e-01,-9.935705065727234e-01,1.062781739165075e-04,1.825635880231857e-02
1609043680078213912,0,1609043680078213912,1.484941109083593e-03,-3.672679304145277e-04,9.254656033590436e-04,-1.116956099867821e-01,-9.935742020606995e-01,1.473903394071385e-04,1.828572526574135e-02
1609043680171973034,0,1609043680171973034,1.604986027814448e-03,-2.461616531945765e-04,1.330866129137576e-03,-1.117490008473396e-01,-9.935684204101562e-01,4.676699609262869e-05,1.827441342175007e-02
1609043680284414029,0,1609043680284414029,1.603906508535147e-03,-1.604409888386726e-03,1.792211551219225e-03,-1.117466762661934e-01,-9.935681223869324e-01,1.063753079506569e-04,1.830576919019222e-02
1609043680379672014,0,1609043680379672014,1.692373189143836e-03,-1.278151874430478e-03,2.216610359027982e-03,-1.117987111210823e-01,-9.935617446899414e-01,1.239431003341451e-05,1.833588816225529e-02
1609043680488166432,0,1609043680488166432,1.428446965292096e-03,-1.059392350725830e-03,2.271854784339666e-03,-1.117313802242279e-01,-9.935687780380249e-01,3.070105958613567e-05,1.836327090859413e-02
1609043680589019905,0,1609043680589019905,2.046367852017283e-03,-2.442992408759892e-04,2.390269190073013e-03,-1.117668449878693e-01,-9.935654997825623e-01,-2.324833803868387e-05,1.832276768982410e-02
1609043680666248432,0,1609043680666248432,2.057270612567663e-03,3.351796476636082e-04,1.782507169991732e-03,-1.118500679731369e-01,-9.935573339462280e-01,-1.461696519982070e-04,1.826135441660881e-02
1609043680761067048,0,1609043680761067048,1.394067425280809e-03,7.424503564834595e-05,9.931072127074003e-04,-1.117725074291229e-01,-9.935659170150757e-01,-1.290417276322842e-05,1.826888509094715e-02
1609043680868639984,0,1609043680868639984,1.062388415448368e-03,-4.036164318677038e-04,6.740759708918631e-04,-1.117285788059235e-01,-9.935709238052368e-01,7.938772614579648e-05,1.826535537838936e-02
1609043680977377210,0,1609043680977377210,5.853019538335502e-04,-6.073742406442761e-04,7.069375133141875e-04,-1.116806119680405e-01,-9.935756921768188e-01,1.568331208545715e-04,1.829848252236843e-02
1609043681071917302,0,1609043681071917302,8.885600836947560e-04,-5.196598940528929e-04,7.017801399342716e-04,-1.117273643612862e-01,-9.935711026191711e-01,1.249105553142726e-04,1.826491020619869e-02
1609043681172076066,0,1609043681172076066,1.275459886528552e-03,-4.836106672883034e-04,8.837992791086435e-04,-1.117486283183098e-01,-9.935678839683533e-01,9.213231533067301e-05,1.830539666116238e-02
1609043681274937738,0,1609043681274937738,1.900986069813371e-03,-4.948424175381660e-04,1.528029912151396e-03,-1.117598786950111e-01,-9.935666322708130e-01,4.086940680281259e-05,1.830856129527092e-02
1609043681392357626,0,1609043681392357626,2.078228630125523e-03,1.447983086109161e-04,1.902257092297077e-03,-1.117163076996803e-01,-9.935709238052368e-01,8.068810711847618e-05,1.833913661539555e-02
1609043681497971834,0,1609043681497971834,1.657712971791625e-03,-5.532782524824142e-04,1.987752737477422e-03,-1.117472946643829e-01,-9.935675859451294e-01,1.123541915148962e-05,1.832954399287701e-02
1609043681568911237,0,1609043681568911237,7.379874587059021e-04,-1.430154428817332e-03,1.576992566697299e-03,-1.118932142853737e-01,-9.935528635978699e-01,-1.998412772081792e-04,1.824099570512772e-02
1609043681672316771,0,1609043681672316771,7.871793350204825e-04,-7.580922683700919e-04,7.526133558712900e-04,-1.118048429489136e-01,-9.935625791549683e-01,-4.818054003408179e-05,1.825330220162868e-02
1609043681775048543,0,1609043681775048543,7.087329868227243e-05,-1.780968625098467e-03,6.721992976963520e-04,-1.117966100573540e-01,-9.935630559921265e-01,2.014236270042602e-05,1.827679388225079e-02
1609043681878600513,0,1609043681878600513,8.602671732660383e-05,-1.293144188821316e-03,8.711573318578303e-04,-1.117326095700264e-01,-9.935702681541443e-01,7.471297431038693e-05,1.827487908303738e-02
1609043681967183227,0,1609043681967183227,1.472460688091815e-03,-1.648487523198128e-05,1.205833628773689e-03,-1.117585226893425e-01,-9.935679435729980e-01,-1.190944931295235e-05,1.824416220188141e-02
1609043682079640952,0,1609043682079640952,1.211415044963360e-03,-7.872226415202022e-04,1.342285075224936e-03,-1.117356270551682e-01,-9.935699701309204e-01,5.622857861453667e-05,1.827407442033291e-02
1609043682177473218,0,1609043682177473218,2.019897801801562e-03,-5.164290778338909e-04,1.591434935107827e-03,-1.117593795061111e-01,-9.935673475265503e-01,1.538891774544027e-05,1.827019266784191e-02
1609043682277802432,0,1609043682277802432,1.567123690620065e-03,-1.096717896871269e-03,1.799038960598409e-03,-1.117985770106316e-01,-9.935625195503235e-01,-2.211403989349492e-05,1.829640753567219e-02
1609043682387765490,0,1609043682387765490,1.445194939151406e-03,-1.810790039598942e-03,2.023982116952538e-03,-1.117992922663689e-01,-9.935621619224548e-01,3.024618854396977e-05,1.830899901688099e-02
1609043682491686231,0,1609043682491686231,1.849174150265753e-03,-1.370385754853487e-03,2.026638947427273e-03,-1.118026897311211e-01,-9.935619831085205e-01,-3.608515544328839e-05,1.829662360250950e-02
1609043682588998641,0,1609043682588998641,1.238243421539664e-03,-2.469051629304886e-03,1.970023382455111e-03,-1.118355244398117e-01,-9.935584664344788e-01,-9.654379391577095e-05,1.828593388199806e-02
1609043682658389608,0,1609043682658389608,1.607150305062532e-03,-1.221989397890866e-03,1.536199823021889e-03,-1.118970289826393e-01,-9.935530424118042e-01,-2.054856595350429e-04,1.820766739547253e-02
1609043682767440973,0,1609043682767440973,9.056502021849155e-04,-5.672893021255732e-04,1.072854269295931e-03,-1.117688491940498e-01,-9.935668706893921e-01,-3.424661554163322e-05,1.824101619422436e-02
1609043682871575974,0,1609043682871575974,1.245740801095963e-03,2.883978013414890e-04,9.994669817388058e-04,-1.117143407464027e-01,-9.935731887817383e-01,8.226870704675093e-05,1.823135465383530e-02
1609043682970273658,0,1609043682970273658,1.136194216087461e-03,3.716275095939636e-04,6.183671066537499e-04,-1.116968169808388e-01,-9.935745596885681e-01,1.098539796657860e-04,1.825974695384502e-02
1609043683073094949,0,1609043683073094949,1.648741541430354e-03,4.913099692203104e-04,5.409219884313643e-04,-1.117209196090698e-01,-9.935715198516846e-01,7.576378993690014e-05,1.827927120029926e-02
1609043683177879261,0,1609043683177879261,8.969347109086812e-04,-7.895964663475752e-04,1.025445526465774e-03,-1.117048710584641e-01,-9.935730099678040e-01,1.147156217484735e-04,1.829446852207184e-02
1609043683279376779,0,1609043683279376779,1.875865622423589e-03,-3.310720494482666e-04,1.417052699252963e-03,-1.117306351661682e-01,-9.935700893402100e-01,6.215708708623424e-05,1.829782314598560e-02
1609043683378014806,0,1609043683378014806,1.848749583587050e-03,-4.238545661792159e-04,1.547778025269508e-03,-1.117702424526215e-01,-9.935656189918518e-01,-1.570744643686339e-05,1.829539798200130e-02
1609043683493970882,0,1609043683493970882,1.941087190061808e-03,-1.084416522644460e-03,1.882622949779034e-03,-1.117552146315575e-01,-9.935674667358398e-01,4.415278453961946e-05,1.829189062118530e-02
1609043683585384511,0,1609043683585384511,2.051252638921142e-03,-1.085679745301604e-03,1.682855654507875e-03,-1.118225455284119e-01,-9.935597181320190e-01,-6.972424307605252e-05,1.829867623746395e-02
1609043683686251916,0,1609043683686251916,2.194249536842108e-03,-1.476068049669266e-03,1.709772972390056e-03,-1.118345037102699e-01,-9.935579895973206e-01,-7.540733349742368e-05,1.831775344908237e-02
1609043683763317159,0,1609043683763317159,1.539907883852720e-03,-1.948636025190353e-03,1.298596267588437e-03,-1.119035333395004e-01,-9.935513138771057e-01,-1.783233456080779e-04,1.825969666242599e-02
1609043683861908304,0,1609043683861908304,1.513383351266384e-03,-3.848455380648375e-04,9.884790051728487e-04,-1.118117719888687e-01,-9.935613274574280e-01,-5.433405021904036e-05,1.828016899526119e-02
1609043683962397530,0,1609043683962397530,1.289826119318604e-03,-9.481038432568312e-04,8.653713157400489e-04,-1.117793098092079e-01,-9.935653805732727e-01,1.213805626321118e-05,1.825885847210884e-02
1609043684077644398,0,1609043684077644398,1.109186443500221e-03,-3.168953116983175e-05,8.830734295770526e-04,-1.117208376526833e-01,-9.935714006423950e-01,1.110530720325187e-04,1.828636787831783e-02
1609043684175275747,0,1609043684175275747,8.997718105092645e-04,-8.690060349181294e-04,1.096964231692255e-03,-1.117677912116051e-01,-9.935659170150757e-01,2.569424395915121e-05,1.829651556909084e-02
1609043684273847141,0,1609043684273847141,9.284320985898376e-04,-2.968162298202515e-04,1.019349438138306e-03,-1.117870882153511e-01,-9.935637712478638e-01,1.425182472303277e-05,1.829548366367817e-02
1609043684382647910,0,1609043684382647910,9.273843606933951e-04,-8.310083067044616e-04,1.174345030449331e-03,-1.117451712489128e-01,-9.935680031776428e-01,6.495384150184691e-05,1.832217164337635e-02
1609043684483022775,0,1609043684483022775,1.745867077261209e-03,5.645524361170828e-04,1.321241026744246e-03,-1.117715165019035e-01,-9.935654997825623e-01,-1.657337816141080e-05,1.829366944730282e-02
1609043684591273162,0,1609043684591273162,1.520452555269003e-03,2.990963985212147e-04,1.741167739965022e-03,-1.117701306939125e-01,-9.935651421546936e-01,-4.247105152899167e-06,1.832614652812481e-02
1609043684690217716,0,1609043684690217716,6.009720964357257e-04,-1.039806054905057e-03,1.781018800102174e-03,-1.117887720465660e-01,-9.935632348060608e-01,-4.217855894239619e-05,1.831367984414101e-02
1609043684762385812,0,1609043684762385812,4.080770013388246e-04,-1.066848053596914e-03,1.361504429951310e-03,-1.119021028280258e-01,-9.935516715049744e-01,-1.984444097615778e-04,1.824530586600304e-02
1609043684866351360,0,1609043684866351360,5.700943293049932e-04,-1.084316871128976e-03,7.966420962475240e-04,-1.118133068084717e-01,-9.935615062713623e-01,-5.056997451902134e-06,1.826038584113121e-02
1609043684976006194,0,1609043684976006194,7.389977108687162e-04,-1.044171396642923e-03,8.966495515778661e-04,-1.117329373955727e-01,-9.935705065727234e-01,1.475176250096411e-04,1.825999282300472e-02
1609043685065858193,0,1609043685065858193,1.584130106493831e-03,1.853777794167399e-04,8.042342378757894e-04,-1.117658466100693e-01,-9.935670495033264e-01,1.010160412988625e-04,1.824457757174969e-02
1609043685170617248,0,1609043685170617248,1.670315861701965e-03,2.645395579747856e-04,9.995710570365191e-04,-1.117381304502487e-01,-9.935696125030518e-01,1.169597744592465e-04,1.827539689838886e-02
1609043685271858571,0,1609043685271858571,1.741402084007859e-03,2.897350350394845e-05,1.359814545139670e-03,-1.117598935961723e-01,-9.935672879219055e-01,6.127607775852084e-05,1.826756261289120e-02
1609043685381294700,0,1609043685381294700,1.943650771863759e-03,1.147466944530606e-03,1.409593271091580e-03,-1.116935685276985e-01,-9.935747385025024e-01,1.181506886496209e-04,1.826970651745796e-02
1609043685478992152,0,1609043685478992152,1.494967262260616e-03,4.736859118565917e-04,1.579876756295562e-03,-1.117496266961098e-01,-9.935683012008667e-01,2.019075327552855e-05,1.827637851238251e-02
1609043685586013759,0,1609043685586013759,1.631601830013096e-03,-8.380249491892755e-04,1.686788746155798e-03,-1.117596030235291e-01,-9.935664534568787e-01,4.357998477644287e-05,1.831650733947754e-02
1609043685683910338,0,1609043685683910338,1.665442599914968e-03,3.091071266680956e-05,1.664504059590399e-03,-1.117822006344795e-01,-9.935639500617981e-01,-5.802098166896030e-05,1.831383258104324e-02
1609043685790656197,0,1609043685790656197,1.498906640335917e-03,-6.084241904318333e-04,1.723964582197368e-03,-1.117728203535080e-01,-9.935649037361145e-01,-3.313758134027012e-05,1.832177862524986e-02
1609043685866331356,0,1609043685866331356,1.113000325858593e-03,-1.006612554192543e-03,1.320571405813098e-03,-1.118764877319336e-01,-9.935548305511475e-01,-1.499252684880048e-04,1.823679544031620e-02
1609043685959860555,0,1609043685959860555,8.622348541393876e-04,-7.669677725061774e-04,9.162549395114183e-04,-1.118162274360657e-01,-9.935620427131653e-01,-2.736244277912192e-05,1.821127161383629e-02
1609043686075831460,0,1609043686075831460,5.876742070540786e-04,-1.023474032990634e-03,5.655784043483436e-04,-1.117203161120415e-01,-9.935718178749084e-01,1.087076670955867e-04,1.826720684766769e-02
1609043686167082082,0,1609043686167082082,6.990570691414177e-04,-5.056480877101421e-04,5.432390607893467e-04,-1.117594093084335e-01,-9.935672283172607e-01,4.304236063035205e-05,1.827554218471050e-02
1609043686271687634,0,1609043686271687634,1.139011001214385e-03,-1.062519149854779e-04,6.886778865009546e-04,-1.117405220866203e-01,-9.935691356658936e-01,6.274225597735494e-05,1.829143613576889e-02
1609043686371580467,0,1609043686371580467,1.993227982893586e-03,2.464055432938039e-04,1.237125368788838e-03,-1.117675527930260e-01,-9.935661554336548e-01,2.859800406440627e-05,1.828403398394585e-02
1609043686487949216,0,1609043686487949216,2.688008127734065e-03,5.406470154412091e-05,1.561845070682466e-03,-1.117324158549309e-01,-9.935696721076965e-01,7.679210830247030e-05,1.830849610269070e-02
1609043686592518163,0,1609043686592518163,2.201213734224439e-03,-8.515267400071025e-04,1.578121678903699e-03,-1.117833107709885e-01,-9.935639500617981e-01,6.549130375788081e-06,1.830733567476273e-02
1609043686686727438,0,1609043686686727438,1.627547899261117e-03,-2.836623461917043e-04,1.693485421128571e-03,-1.118493825197220e-01,-9.935568571090698e-01,-1.232233043992892e-04,1.828861795365810e-02
1609043686764680138,0,1609043686764680138,1.198932528495789e-03,4.251337668392807e-05,1.333679654635489e-03,-1.119139119982719e-01,-9.935510754585266e-01,-2.250187972094864e-04,1.821180805563927e-02
1609043686865064294,0,1609043686865064294,7.009963737800717e-04,-2.178960130549967e-06,9.105546050705016e-04,-1.118167117238045e-01,-9.935615658760071e-01,-8.005849667824805e-05,1.823329553008080e-02
1609043686966062388,0,1609043686966062388,1.252526184543967e-03,8.818886126391590e-04,8.007508586160839e-04,-1.117671206593513e-01,-9.935669302940369e-01,-1.205039552587550e-05,1.824668049812317e-02
1609043687073653689,0,1609043687073653689,1.731600845232606e-03,1.620254479348660e-03,6.380334380082786e-04,-1.117222979664803e-01,-9.935714006423950e-01,6.012437006575055e-05,1.827646233141422e-02
1609043687175606982,0,1609043687175606982,1.378236222080886e-03,3.203358501195908e-04,6.857123225927353e-04,-1.117079928517342e-01,-9.935727119445801e-01,9.914176189340651e-05,1.829328946769238e-02
1609043687269613791,0,1609043687269613791,9.116822620853782e-04,1.537876669317484e-04,1.297658309340477e-03,-1.117340251803398e-01,-9.935697913169861e-01,3.314320201752707e-05,1.829208992421627e-02
1609043687372604009,0,1609043687372604009,8.750977576710284e-04,-3.806272288784385e-04,1.543471589684486e-03,-1.117412149906158e-01,-9.935688376426697e-01,3.323330747662112e-05,1.829871907830238e-02
1609043687481812555,0,1609043687481812555,1.273155910894275e-03,-6.966803339309990e-04,1.807564054615796e-03,-1.117401644587517e-01,-9.935688972473145e-01,8.864373376127332e-05,1.830426417291164e-02
1609043687591601038,0,1609043687591601038,1.390306628309190e-03,-4.247836186550558e-04,1.955498475581408e-03,-1.117241531610489e-01,-9.935702085494995e-01,4.665206870413385e-05,1.832681708037853e-02
1609043687689778729,0,1609043687689778729,1.648429082706571e-03,-7.050402928143740e-05,2.154449000954628e-03,-1.117707863450050e-01,-9.935650825500488e-01,-4.538087159744464e-05,1.832351088523865e-02
1609043687766533702,0,1609043687766533702,1.685251249000430e-03,8.007407304830849e-04,1.619631890207529e-03,-1.118464171886444e-01,-9.935576319694519e-01,-1.598394155735150e-04,1.826335862278938e-02
1609043687866622812,0,1609043687866622812,7.134032202884555e-04,3.319238312542439e-04,1.088500721380115e-03,-1.117615923285484e-01,-9.935671091079712e-01,-2.908215719799045e-06,1.826739683747292e-02
1609043687965505342,0,1609043687965505342,5.539236590266228e-04,-6.027074996381998e-04,7.854247232899070e-04,-1.117508187890053e-01,-9.935681819915771e-01,8.569435158278793e-05,1.827840134501457e-02
1609043688076246731,0,1609043688076246731,1.298901624977589e-04,-1.162217929959297e-03,9.140550391748548e-04,-1.117260381579399e-01,-9.935706257820129e-01,1.101011366699822e-04,1.829643733799458e-02
1609043688171547369,0,1609043688171547369,6.393492803908885e-04,-1.070486498065293e-03,1.059548580087721e-03,-1.117696985602379e-01,-9.935657978057861e-01,4.469709165277891e-05,1.828942634165287e-02
1609043688284533394,0,1609043688284533394,1.020575058646500e-03,-1.462204381823540e-03,1.732022501528263e-03,-1.117398887872696e-01,-9.935688972473145e-01,9.442589362151921e-05,1.830437779426575e-02
1609043688409018174,0,1609043688409018174,1.366514945402741e-03,-1.113757723942399e-03,1.926865195855498e-03,-1.117486581206322e-01,-9.935680031776428e-01,7.690714119235054e-05,1.830388419330120e-02
1609043688486456890,0,1609043688486456890,1.947386655956507e-03,-5.353749729692936e-04,1.899201306514442e-03,-1.118198707699776e-01,-9.935601949691772e-01,-8.496104419464245e-05,1.829018443822861e-02
1609043688584630899,0,1609043688584630899,1.976374303922057e-03,-2.261636254843324e-04,1.766955130733550e-03,-1.118267402052879e-01,-9.935594797134399e-01,-1.239822595380247e-04,1.828569918870926e-02
1609043688688177559,0,1609043688688177559,2.215599408373237e-03,2.265067887492478e-04,2.065426437184215e-03,-1.118171811103821e-01,-9.935606718063354e-01,-1.318828144576401e-04,1.827768795192242e-02
1609043688761336896,0,1609043688761336896,1.929446822032332e-03,1.062919967807829e-03,1.795916119590402e-03,-1.118833422660828e-01,-9.935541749000549e-01,-2.383584505878389e-04,1.822636835277081e-02
1609043688870136612,0,1609043688870136612,1.713873352855444e-03,4.741524462588131e-04,1.254595583304763e-03,-1.117926687002182e-01,-9.935640692710876e-01,-8.680889004608616e-05,1.824697107076645e-02
1609043688982329220,0,1609043688982329220,1.115195453166962e-03,-8.348206756636500e-04,1.339890644885600e-03,-1.117424070835114e-01,-9.935689568519592e-01,2.862008477677591e-05,1.828872598707676e-02
1609043689074993989,0,1609043689074993989,1.238587312400341e-03,-8.171398658305407e-04,1.238951110281050e-03,-1.117896065115929e-01,-9.935638308525085e-01,-3.468334762146696e-05,1.827825605869293e-02
1609043689172913214,0,1609043689172913214,1.825944054871798e-03,-7.077046320773661e-04,1.564266625791788e-03,-1.117777228355408e-01,-9.935650825500488e-01,-3.266975909355097e-05,1.828011684119701e-02
1609043689282922825,0,1609043689282922825,2.107916865497828e-03,-9.215318714268506e-04,1.837311661802232e-03,-1.117583811283112e-01,-9.935671687126160e-01,6.845426833024248e-05,1.828753575682640e-02
1609043689386430822,0,1609043689386430822,2.118694595992565e-03,-4.557940410450101e-04,1.691134413704276e-03,-1.117377802729607e-01,-9.935685992240906e-01,1.376284126308747e-05,1.833489723503590e-02
1609043689489067339,0,1609043689489067339,1.767804846167564e-03,-1.363948918879032e-03,1.595264184288681e-03,-1.117725595831871e-01,-9.935646057128906e-01,-3.296262366347946e-05,1.833795383572578e-02
1609043689587039809,0,1609043689587039809,1.400760374963284e-03,-1.583966775797307e-03,1.514045870862901e-03,-1.118189841508865e-01,-9.935594201087952e-01,-1.293085952056572e-04,1.833672635257244e-02
1609043689670194167,0,1609043689670194167,8.713302668184042e-04,-1.915712491609156e-03,1.145345740951598e-03,-1.118828356266022e-01,-9.935535788536072e-01,-2.132242370862514e-04,1.826510205864906e-02
1609043689766736132,0,1609043689766736132,1.329589285887778e-04,-1.972503960132599e-03,5.558967823162675e-04,-1.118412464857101e-01,-9.935586452484131e-01,-6.658036727458239e-05,1.824559085071087e-02
1609043689865802137,0,1609043689865802137,2.074351650662720e-04,-1.164909801445901e-03,7.028811960481107e-04,-1.117915064096451e-01,-9.935640692710876e-01,1.523270748293726e-05,1.825135946273804e-02
1609043689968668218,0,1609043689968668218,8.304518996737897e-04,2.879230305552483e-05,9.365263395011425e-04,-1.117404922842979e-01,-9.935698509216309e-01,6.826331809861585e-05,1.825036294758320e-02
1609043690077162672,0,1609043690077162672,1.628624042496085e-03,-2.673701383173466e-04,1.261816709302366e-03,-1.117186546325684e-01,-9.935715794563293e-01,1.017311660689302e-04,1.828978210687637e-02
1609043690175989882,0,1609043690175989882,1.779580838046968e-03,-5.300298216752708e-04,1.298005925491452e-03,-1.117531135678291e-01,-9.935673475265503e-01,6.739948730682954e-05,1.830781996250153e-02
1609043690279952080,0,1609043690279952080,1.838694675825536e-03,-1.283131306990981e-03,1.628758385777473e-03,-1.117426604032516e-01,-9.935684800148010e-01,5.907633385504596e-05,1.831000111997128e-02
1609043690389614991,0,1609043690389614991,1.549507491290569e-03,-1.201356877572834e-03,1.597760128788650e-03,-1.117080077528954e-01,-9.935720562934875e-01,8.763908408582211e-05,1.832693256437778e-02
1609043690487100076,0,1609043690487100076,1.870208652690053e-03,-8.298548636958003e-04,2.007050439715385e-03,-1.117680072784424e-01,-9.935655593872070e-01,-5.057162343291566e-05,1.831468194723129e-02
1609043690590515172,0,1609043690590515172,2.186587080359459e-03,-4.793192201759666e-04,2.208169084042311e-03,-1.117772310972214e-01,-9.935649633407593e-01,-7.046249811537564e-05,1.828911527991295e-02
1609043690666233740,0,1609043690666233740,2.414378104731441e-03,7.068454287946224e-04,1.669905614107847e-03,-1.118516251444817e-01,-9.935578107833862e-01,-1.913935848278925e-04,1.822467148303986e-02
1609043690763494936,0,1609043690763494936,1.843228936195374e-03,8.906907751224935e-04,1.191776595078409e-03,-1.117784157395363e-01,-9.935657978057861e-01,-4.720212382380851e-05,1.823953166604042e-02
1609043690876513896,0,1609043690876513896,1.297611743211746e-03,-2.844441914930940e-04,1.117286970838904e-03,-1.117172986268997e-01,-9.935723543167114e-01,9.645737736718729e-05,1.825642772018909e-02
1609043690974264844,0,1609043690974264844,3.191423602402210e-04,-1.594959176145494e-03,1.257009687833488e-03,-1.117477044463158e-01,-9.935687780380249e-01,7.764106703689322e-05,1.826376095414162e-02
1609043691077431432,0,1609043691077431432,1.000962947728112e-04,-2.428078092634678e-03,1.402255264110863e-03,-1.117651835083961e-01,-9.935666918754578e-01,6.260891677811742e-05,1.827035844326019e-02
1609043691179832540,0,1609043691179832540,2.756627800408751e-04,-3.096896223723888e-03,1.779343350790441e-03,-1.117896586656570e-01,-9.935638308525085e-01,7.582155376439914e-05,1.827632449567318e-02
1609043691281055223,0,1609043691281055223,5.330119747668505e-04,-1.391747267916799e-03,1.911675208248198e-03,-1.117674037814140e-01,-9.935662150382996e-01,4.692652873927727e-05,1.828373968601227e-02
1609043691378234995,0,1609043691378234995,1.453539473004639e-03,2.871360629796982e-04,1.889034872874618e-03,-1.117651462554932e-01,-9.935659766197205e-01,-3.460976222413592e-05,1.830754615366459e-02
1609043691485746192,0,1609043691485746192,1.809872919693589e-03,-1.564263948239386e-04,2.045864704996347e-03,-1.117663979530334e-01,-9.935656785964966e-01,-6.911491709615802e-06,1.831905171275139e-02
1609043691588339952,0,1609043691588339952,1.999324886128306e-03,-2.965442545246333e-04,1.871411921456456e-03,-1.117798089981079e-01,-9.935635924339294e-01,-3.894479959853925e-05,1.835089735686779e-02
1609043691691801155,0,1609043691691801155,2.133926143869758e-03,-7.113192696124315e-04,1.573464018292725e-03,-1.118149012327194e-01,-9.935600161552429e-01,-7.460838969564065e-05,1.833091489970684e-02
1609043691763550754,0,1609043691763550754,1.796627882868052e-03,-2.966779575217515e-04,1.043775817379355e-03,-1.119047179818153e-01,-9.935516119003296e-01,-2.099782723234966e-04,1.823789626359940e-02
1609043691866894541,0,1609043691866894541,9.874866809695959e-04,-1.245334860868752e-04,1.147467759437859e-03,-1.117948517203331e-01,-9.935640096664429e-01,-1.093418359232601e-05,1.823178306221962e-02
1609043691969200333,0,1609043691969200333,8.781235665082932e-04,-1.055998000083491e-04,8.039862732402980e-04,-1.117775365710258e-01,-9.935657382011414e-01,5.066420271759853e-05,1.824478060007095e-02
1609043692066683610,0,1609043692066683610,1.085046329535544e-03,4.763406759593636e-04,1.214161748066545e-03,-1.117392703890800e-01,-9.935700893402100e-01,7.637095404788852e-05,1.824380084872246e-02
1609043692173082079,0,1609043692173082079,8.774509187787771e-04,-2.699020551517606e-04,1.194208743982017e-03,-1.116995513439178e-01,-9.935740828514099e-01,1.316311681875959e-04,1.826645620167255e-02
1609043692280333179,0,1609043692280333179,1.313577988184988e-03,-4.431281122379005e-04,1.204618252813816e-03,-1.117030307650566e-01,-9.935730099678040e-01,1.201915365527384e-04,1.830927468836308e-02
1609043692383158039,0,1609043692383158039,1.635684515349567e-03,-4.098280915059149e-04,1.366785494610667e-03,-1.117464005947113e-01,-9.935680627822876e-01,1.066216791514307e-04,1.831213012337685e-02
1609043692488072282,0,1609043692488072282,1.658334862440825e-03,-1.418226980604231e-03,1.639509340748191e-03,-1.117699295282364e-01,-9.935649633407593e-01,5.138165579410270e-05,1.833600737154484e-02
1609043692585438065,0,1609043692585438065,2.790953963994980e-03,-1.360358088277280e-03,1.617148634977639e-03,-1.117944866418839e-01,-9.935625791549683e-01,-1.289844203711255e-05,1.831436157226562e-02
1609043692693044880,0,1609043692693044880,1.830449444241822e-03,-2.156913978978992e-03,1.916214823722839e-03,-1.117880195379257e-01,-9.935636520385742e-01,9.144679097516928e-06,1.829811185598373e-02
1609043692790075473,0,1609043692790075473,1.500688493251801e-03,-2.388868248090148e-03,2.080252161249518e-03,-1.118286997079849e-01,-9.935595393180847e-01,-6.746542931068689e-05,1.826973259449005e-02
1609043692862102958,0,1609043692862102958,1.470286748372018e-03,-1.028033322654665e-03,1.495393807999790e-03,-1.119344308972359e-01,-9.935488700866699e-01,-2.564481110312045e-04,1.819899864494801e-02
1609043692959640558,0,1609043692959640558,1.752267940901220e-03,1.562673132866621e-04,9.227686678059399e-04,-1.118446141481400e-01,-9.935590624809265e-01,-9.499001316726208e-05,1.819663308560848e-02
1609043693061819291,0,1609043693061819291,1.546139479614794e-03,3.272030735388398e-04,8.123281295411289e-04,-1.117809936404228e-01,-9.935654997825623e-01,6.008582658978412e-06,1.824028417468071e-02
1609043693164320401,0,1609043693164320401,6.711113965138793e-04,5.999682471156120e-04,7.535472395829856e-04,-1.117555871605873e-01,-9.935677051544189e-01,3.736496000783518e-05,1.827602833509445e-02
1609043693277078639,0,1609043693277078639,1.060062088072300e-03,-4.190311301499605e-05,8.891426841728389e-04,-1.117370203137398e-01,-9.935694932937622e-01,1.127517025452107e-04,1.828998140990734e-02
1609043693380109600,0,1609043693380109600,1.345921540632844e-03,-1.265287573914975e-05,1.089524128474295e-03,-1.117421016097069e-01,-9.935689568519592e-01,1.373443810734898e-04,1.828787103295326e-02
1609043693482386051,0,1609043693482386051,1.887652091681957e-03,7.721964502707124e-04,1.555337687022984e-03,-1.117606833577156e-01,-9.935671091079712e-01,7.039090269245207e-05,1.827845349907875e-02
1609043693584841678,0,1609043693584841678,2.126495121046901e-03,-3.353428328409791e-04,1.766726956702769e-03,-1.117531508207321e-01,-9.935677647590637e-01,1.967474781849887e-05,1.828677020967007e-02
1609043693682279874,0,1609043693682279874,2.944638952612877e-03,9.021207224577665e-04,1.790300360880792e-03,-1.117737963795662e-01,-9.935653209686279e-01,-5.864422564627603e-05,1.829268597066402e-02
1609043693796298139,0,1609043693796298139,2.491899766027927e-03,-4.313967656344175e-05,1.699131564237177e-03,-1.117502227425575e-01,-9.935672879219055e-01,5.399879682954634e-06,1.833110116422176e-02
1609043693893244299,0,1609043693893244299,2.386064501479268e-03,-3.932473482564092e-04,1.692662015557289e-03,-1.118183955550194e-01,-9.935596585273743e-01,-7.983690011315048e-05,1.832861825823784e-02
1609043693957743136,0,1609043693957743136,2.502156887203455e-03,8.115946548059583e-04,1.216825447045267e-03,-1.118974238634109e-01,-9.935522079467773e-01,-2.170765510527417e-04,1.824915036559105e-02
1609043694059621601,0,1609043694059621601,1.760671380907297e-03,6.167406681925058e-04,9.778131498023868e-04,-1.118149757385254e-01,-9.935616254806519e-01,-3.285934872110374e-05,1.824354007840157e-02
1609043694161653246,0,1609043694161653246,1.660398789681494e-03,9.383633732795715e-04,7.023790385574102e-04,-1.117599457502365e-01,-9.935673475265503e-01,1.595163848833181e-05,1.826589927077293e-02
1609043694264335800,0,1609043694264335800,1.446286099962890e-03,1.305465586483479e-03,5.466309376060963e-04,-1.117486953735352e-01,-9.935683608055115e-01,3.683385875774547e-05,1.828189566731453e-02
1609043694371621838,0,1609043694371621838,1.760366139933467e-03,6.535567808896303e-04,7.997826323844492e-04,-1.117438152432442e-01,-9.935687184333801e-01,4.249080666340888e-05,1.828987337648869e-02
1609043694473606015,0,1609043694473606015,2.007537521421909e-03,3.154203586746007e-04,1.021812204271555e-03,-1.117742285132408e-01,-9.935650229454041e-01,-2.049807790172054e-06,1.830627210438251e-02
1609043694580744498,0,1609043694580744498,1.574373338371515e-03,-7.017581956461072e-04,1.511721173301339e-03,-1.117701753973961e-01,-9.935653805732727e-01,5.788410999230109e-05,1.831005513668060e-02
1609043694678478601,0,1609043694678478601,1.964964671060443e-03,-1.048640580847859e-03,1.526352250948548e-03,-1.118085533380508e-01,-9.935606718063354e-01,5.617306214844575e-06,1.833179779350758e-02
1609043694785656852,0,1609043694785656852,1.369253965094686e-03,-1.918577123433352e-03,1.651858910918236e-03,-1.117755249142647e-01,-9.935639500617981e-01,2.153517380065750e-05,1.835673302412033e-02
1609043694892630346,0,1609043694892630346,2.003719564527273e-03,-4.877997562289238e-04,1.996434293687344e-03,-1.117454841732979e-01,-9.935676455497742e-01,2.686913467186969e-05,1.834001764655113e-02
1609043694994613572,0,1609043694994613572,1.541302539408207e-03,-9.968547383323312e-04,2.145768608897924e-03,-1.117801740765572e-01,-9.935638904571533e-01,-4.401841215440072e-05,1.833244599401951e-02
1609043695065954076,0,1609043695065954076,1.566979684866965e-03,-5.437744548544288e-04,1.705653732642531e-03,-1.119072660803795e-01,-9.935511946678162e-01,-2.061092818621546e-04,1.824451982975006e-02
1609043695157976247,0,1609043695157976247,1.137299928814173e-03,-2.180973242502660e-04,1.019047573208809e-03,-1.118229255080223e-01,-9.935607314109802e-01,-3.644548269221559e-05,1.824207045137882e-02
1609043695269928172,0,1609043695269928172,7.168598240241408e-04,2.603124594315886e-04,9.324495913460851e-04,-1.117176190018654e-01,-9.935722947120667e-01,9.226542897522449e-05,1.825728081166744e-02
1609043695372516048,0,1609043695372516048,9.894631803035736e-04,5.607770290225744e-04,1.016919035464525e-03,-1.117166355252266e-01,-9.935722947120667e-01,1.051590588758700e-04,1.826322451233864e-02
1609043695474458030,0,1609043695474458030,1.517872558906674e-03,1.089407596737146e-03,1.027538906782866e-03,-1.117186397314072e-01,-9.935718178749084e-01,7.686606113566086e-05,1.827708259224892e-02
1609043695576578593,0,1609043695576578593,2.322984626516700e-03,1.713301404379308e-03,1.263015903532505e-03,-1.117189228534698e-01,-9.935720562934875e-01,6.822268187534064e-05,1.826202124357224e-02
1609043695673257117,0,1609043695673257117,2.505261683836579e-03,2.051033778116107e-03,1.748100505210459e-03,-1.117276176810265e-01,-9.935712814331055e-01,4.212782732793130e-05,1.825024373829365e-02
1609043695785291760,0,1609043695785291760,2.099838340654969e-03,4.777542781084776e-04,1.964523456990719e-03,-1.116809844970703e-01,-9.935758113861084e-01,1.386038493365049e-04,1.829231716692448e-02
1609043695882009044,0,1609043695882009044,2.266972791403532e-03,-1.424623769707978e-04,1.928209327161312e-03,-1.117571219801903e-01,-9.935673475265503e-01,6.948433565412415e-06,1.828506402671337e-02
1609043695988916740,0,1609043695988916740,2.039363840594888e-03,-4.916854668408632e-04,2.118754899129272e-03,-1.117471754550934e-01,-9.935680627822876e-01,-9.610855158825871e-06,1.830681785941124e-02
1609043696085733898,0,1609043696085733898,2.215416636317968e-03,1.227160682901740e-04,1.931405742652714e-03,-1.118018552660942e-01,-9.935619831085205e-01,-1.234861265402287e-04,1.830167509615421e-02
1609043696162333693,0,1609043696162333693,1.256737392395735e-03,-4.062084190081805e-04,1.591895008459687e-03,-1.118708476424217e-01,-9.935554265975952e-01,-2.015648351516575e-04,1.823332719504833e-02
1609043696264161931,0,1609043696264161931,6.484959740191698e-04,-8.247176301665604e-04,9.437015978619456e-04,-1.118194311857224e-01,-9.935609102249146e-01,-4.706885010818951e-05,1.825317181646824e-02
1609043696366251036,0,1609043696366251036,6.754770874977112e-04,-9.650517022237182e-04,8.872175239957869e-04,-1.117690652608871e-01,-9.935662150382996e-01,5.098650945001282e-05,1.827287487685680e-02
1609043696473119671,0,1609043696473119671,7.681905408389866e-04,-1.932565355673432e-04,1.085426192730665e-03,-1.117221489548683e-01,-9.935712814331055e-01,1.068330893758684e-04,1.828593388199806e-02
1609043696569821265,0,1609043696569821265,1.484890235587955e-03,4.223962896503508e-04,1.483521424233913e-03,-1.117311120033264e-01,-9.935705661773682e-01,5.464383866637945e-05,1.826657541096210e-02
1609043696671736125,0,1609043696671736125,1.194701180793345e-03,-4.982048412784934e-04,1.863115001469851e-03,-1.117516383528709e-01,-9.935684204101562e-01,4.883899237029254e-05,1.825815066695213e-02
1609043696775145906,0,1609043696775145906,1.440954743884504e-03,-4.534632898867130e-04,2.206737874075770e-03,-1.117597743868828e-01,-9.935676455497742e-01,3.195922181475908e-05,1.825098879635334e-02
1609043696881972764,0,1609043696881972764,2.172123175114393e-03,-4.133696784265339e-04,2.251826226711273e-03,-1.117585897445679e-01,-9.935671687126160e-01,3.093965642619878e-05,1.828430965542793e-02
1609043696988865075,0,1609043696988865075,2.157985232770443e-03,-2.466213773004711e-04,2.158357761800289e-03,-1.117381751537323e-01,-9.935692548751831e-01,1.185871678899275e-05,1.829703338444233e-02
1609043697085569206,0,1609043697085569206,1.994837075471878e-03,1.380741305183619e-04,1.840107608586550e-03,-1.117779910564423e-01,-9.935644268989563e-01,-5.544655141420662e-05,1.831578277051449e-02
1609043697187510718,0,1609043697187510718,2.039662329480052e-03,1.681011053733528e-04,1.872519147582352e-03,-1.117975115776062e-01,-9.935621023178101e-01,-6.295947241596878e-05,1.832243613898754e-02
1609043697264649816,0,1609043697264649816,1.523287035524845e-03,5.527887842617929e-04,1.502850092947483e-03,-1.118906512856483e-01,-9.935529828071594e-01,-1.775387645466253e-04,1.824834756553173e-02
1609043697366803880,0,1609043697366803880,1.327446312643588e-03,1.876521622762084e-03,9.403323056176305e-04,-1.117919608950615e-01,-9.935641884803772e-01,-5.269727626000531e-05,1.824443042278290e-02
1609043697469476427,0,1609043697469476427,8.128210902214050e-04,9.126781951636076e-04,1.042935298755765e-03,-1.117544174194336e-01,-9.935686588287354e-01,4.600744068739004e-05,1.823115535080433e-02
1609043697571429806,0,1609043697571429806,8.876344654709101e-04,4.103719256818295e-04,1.097587053664029e-03,-1.117442250251770e-01,-9.935697317123413e-01,1.197312085423619e-04,1.823206990957260e-02
1609043697668108136,0,1609043697668108136,7.999549852684140e-04,8.933639037422836e-05,1.206959597766399e-03,-1.117390096187592e-01,-9.935697317123413e-01,1.091684898710810e-04,1.826273277401924e-02
1609043697780178100,0,1609043697780178100,7.485148962587118e-04,-2.947174070868641e-04,1.345909317024052e-03,-1.116755977272987e-01,-9.935760498046875e-01,1.626297453185543e-04,1.830951683223248e-02
1609043697882261882,0,1609043697882261882,1.022877753712237e-03,1.535439223516732e-04,1.624989323318005e-03,-1.116847172379494e-01,-9.935753941535950e-01,9.936345304595307e-05,1.828775368630886e-02
1609043697984019664,0,1609043697984019664,1.685657538473606e-03,2.623964101076126e-04,1.578889787197113e-03,-1.117156296968460e-01,-9.935718774795532e-01,2.509541081963107e-05,1.829116977751255e-02
1609043698087247733,0,1609043698087247733,1.385163981467485e-03,-1.851521665230393e-05,1.816247240640223e-03,-1.117723360657692e-01,-9.935653209686279e-01,6.994243449298665e-06,1.830023713409901e-02
1609043698188995893,0,1609043698188995893,1.739833736792207e-03,-6.274572224356234e-04,1.813136623241007e-03,-1.117721050977707e-01,-9.935654401779175e-01,1.506432909081923e-05,1.829469390213490e-02
1609043698292717672,0,1609043698292717672,1.330865663476288e-03,-1.123419147916138e-03,1.792019349522889e-03,-1.118059679865837e-01,-9.935616850852966e-01,-5.552326547331177e-05,1.829377003014088e-02
1609043698369172203,0,1609043698369172203,1.058920403011143e-03,-9.960226016119123e-04,1.261518802493811e-03,-1.119082495570183e-01,-9.935511350631714e-01,-2.068114554276690e-04,1.823827438056469e-02
1609043698466290063,0,1609043698466290063,4.312826786190271e-04,-4.595520440489054e-04,8.302298374474049e-04,-1.118418946862221e-01,-9.935586452484131e-01,-8.268609235528857e-05,1.824212819337845e-02
1609043698568075546,0,1609043698568075546,3.135033766739070e-04,-1.244249287992716e-03,5.975726526230574e-04,-1.117988973855972e-01,-9.935631155967712e-01,2.632189716678113e-05,1.825867593288422e-02
1609043698691246448,0,1609043698691246448,9.605977684259415e-04,-9.351954795420170e-04,4.881630302406847e-04,-1.116618439555168e-01,-9.935777187347412e-01,2.390736481174827e-04,1.830110885202885e-02
1609043698767393185,0,1609043698767393185,8.254611748270690e-04,-7.529583526775241e-04,7.970358128659427e-04,-1.117796301841736e-01,-9.935652017593384e-01,3.417053085286170e-05,1.826549135148525e-02
1609043698875124958,0,1609043698875124958,1.565422629937530e-03,-1.072598970495164e-04,9.320294484496117e-04,-1.117223128676414e-01,-9.935709834098816e-01,8.520433038938791e-05,1.830096542835236e-02
1609043698982154811,0,1609043698982154811,1.779779326170683e-03,-4.739663563668728e-05,1.332788961008191e-03,-1.117232292890549e-01,-9.935708045959473e-01,7.794540579197928e-05,1.830167323350906e-02
1609043699084015711,0,1609043699084015711,1.615524059161544e-03,3.251399903092533e-04,1.634015003219247e-03,-1.117552965879440e-01,-9.935670495033264e-01,1.805298597901128e-05,1.831103861331940e-02
1609043699180684861,0,1609043699180684861,1.665123505517840e-03,3.628710110206157e-04,1.674499362707138e-03,-1.117830201983452e-01,-9.935641288757324e-01,-1.813260678318329e-05,1.830026134848595e-02
1609043699292658738,0,1609043699292658738,1.851532491855323e-03,6.926346686668694e-04,1.737765036523342e-03,-1.117318198084831e-01,-9.935697913169861e-01,3.000227661686949e-05,1.830752380192280e-02
1609043699389790881,0,1609043699389790881,2.019428182393312e-03,-8.620845619589090e-06,1.745937741361558e-03,-1.117771044373512e-01,-9.935650825500488e-01,-5.278494791127741e-05,1.828502677381039e-02
1609043699456054872,0,1609043699456054872,1.784080523066223e-03,-1.262256118934602e-04,1.103168586269021e-03,-1.119073480367661e-01,-9.935514330863953e-01,-2.332882868358865e-04,1.822537928819656e-02
1609043699573089190,0,1609043699573089190,1.042955671437085e-03,-8.467683801427484e-04,9.222172666341066e-04,-1.117832884192467e-01,-9.935650825500488e-01,-3.401739741093479e-05,1.824760809540749e-02
1609043699674947483,0,1609043699674947483,1.387371914461255e-03,-6.238989881239831e-04,9.160915506072342e-04,-1.117433235049248e-01,-9.935694336891174e-01,6.498901348095387e-05,1.825615018606186e-02
1609043699772611298,0,1609043699772611298,1.337758032605052e-03,-5.439891247078776e-04,9.720806847326458e-04,-1.117522120475769e-01,-9.935684204101562e-01,7.451709097949788e-05,1.825511083006859e-02
1609043699869252127,0,1609043699869252127,1.797466655261815e-03,-5.260875914245844e-04,1.226395252160728e-03,-1.117632910609245e-01,-9.935674071311951e-01,2.722800854826346e-05,1.824424043297768e-02
1609043699972338543,0,1609043699972338543,2.004429232329130e-03,4.465180099941790e-04,1.634953427128494e-03,-1.117538511753082e-01,-9.935682415962219e-01,2.774266613414511e-05,1.825710758566856e-02
1609043700079293937,0,1609043700079293937,1.452117692679167e-03,-5.643843906000257e-05,1.991587458178401e-03,-1.117618605494499e-01,-9.935668706893921e-01,2.246200892841443e-05,1.828226819634438e-02
1609043700181245778,0,1609043700181245778,1.628666999749839e-03,-7.810429669916630e-04,2.151543507352471e-03,-1.118016391992569e-01,-9.935622811317444e-01,-3.431289769650903e-06,1.828574761748314e-02
1609043700288116703,0,1609043700288116703,2.115705050528049e-03,-1.037403475493193e-03,2.103250473737717e-03,-1.117627844214439e-01,-9.935660958290100e-01,2.379374200245366e-05,1.831682957708836e-02
1609043700390127965,0,1609043700390127965,2.239061286672950e-03,-9.731427417136729e-04,2.089960034936666e-03,-1.117706000804901e-01,-9.935653209686279e-01,-6.516352641483536e-06,1.831069961190224e-02
1609043700487080590,0,1609043700487080590,2.336043631657958e-03,-1.596313551999629e-03,1.845835708081722e-03,-1.118317916989326e-01,-9.935587644577026e-01,-8.927585440687835e-05,1.829209364950657e-02
1609043700558491850,0,1609043700558491850,1.277122646570206e-03,-1.981036504730582e-03,1.368408557027578e-03,-1.119217202067375e-01,-9.935497641563416e-01,-1.980720844585449e-04,1.823140680789948e-02
1609043700661233372,0,1609043700661233372,1.053148997016251e-03,-1.340797636657953e-03,9.477860294282436e-04,-1.118212938308716e-01,-9.935609102249146e-01,-5.257265002001077e-05,1.824443042278290e-02
1609043700769871325,0,1609043700769871325,1.246727537363768e-03,-1.195802586153150e-03,6.569199031218886e-04,-1.117381826043129e-01,-9.935697913169861e-01,8.248840458691120e-05,1.826745085418224e-02
1609043700866570543,0,1609043700866570543,1.191012444905937e-03,-1.121836947277188e-03,8.441043901257217e-04,-1.117546856403351e-01,-9.935678839683533e-01,5.928735481575131e-05,1.827065832912922e-02
1609043700969187686,0,1609043700969187686,1.490120543166995e-03,-5.055026267655194e-04,8.872353937476873e-04,-1.117448210716248e-01,-9.935690164566040e-01,7.625881698913872e-05,1.826700754463673e-02
1609043701076399674,0,1609043701076399674,1.487764413468540e-03,-3.439947031438351e-04,1.228205393999815e-03,-1.117424219846725e-01,-9.935690164566040e-01,9.277495701098815e-05,1.828313805162907e-02
1609043701185800737,0,1609043701185800737,1.906799850985408e-03,-9.109803941100836e-04,1.605671364814043e-03,-1.117473617196083e-01,-9.935678839683533e-01,8.251165127148852e-05,1.831145770847797e-02
1609043701282406310,0,1609043701282406310,1.495157135650516e-03,-6.613627774640918e-04,1.746794674545527e-03,-1.117400676012039e-01,-9.935694932937622e-01,2.730434607656207e-05,1.827155984938145e-02
1609043701384931180,0,1609043701384931180,1.938140834681690e-03,-1.319738919846714e-03,1.968920463696122e-03,-1.118850558996201e-01,-9.935528635978699e-01,9.385064004163723e-06,1.828983798623085e-02
1609043701492375482,0,1609043701492375482,1.112371101044118e-03,-6.937313009984791e-04,1.991057768464088e-03,-1.116625890135765e-01,-9.935778975486755e-01,1.020963372866390e-05,1.828863285481930e-02
1609043701594214592,0,1609043701594214592,1.600519870407879e-03,-1.874943700386211e-04,2.188824815675616e-03,-1.119698062539101e-01,-9.935429096221924e-01,-1.312947424594313e-04,1.830994710326195e-02
1609043701660390623,0,1609043701660390623,1.875335816293955e-03,4.320385633036494e-04,1.521619153209031e-03,-1.120424270629883e-01,-9.935363531112671e-01,-2.047020534519106e-04,1.822086051106453e-02
1609043701767472737,0,1609043701767472737,5.197513382881880e-04,1.120812958106399e-03,1.134840887971222e-03,-1.117875352501869e-01,-9.935652017593384e-01,-4.811082180822268e-05,1.821823790669441e-02
1609043701875065186,0,1609043701875065186,6.298513617366552e-04,1.447327667847276e-03,8.441539248451591e-04,-1.116717606782913e-01,-9.935775399208069e-01,7.413017738144845e-05,1.825154013931751e-02
1609043701966655562,0,1609043701966655562,1.126454677432775e-03,8.419401638093404e-06,7.956262561492622e-04,-1.117548570036888e-01,-9.935665726661682e-01,9.516203863313422e-05,1.834045536816120e-02
1609043702068547115,0,1609043702068547115,1.509989728219807e-03,-1.280482974834740e-03,1.087246928364038e-03,-1.118955761194229e-01,-9.935517311096191e-01,5.454359416035004e-05,1.828576438128948e-02
1609043702176321120,0,1609043702176321120,1.157155493274331e-04,3.998947795480490e-04,7.644981960766017e-04,-1.114001348614693e-01,-9.936090111732483e-01,1.824374921852723e-04,1.819636300206184e-02
1609043702283169500,0,1609043702283169500,3.066633129492402e-03,-6.601436762139201e-04,1.721375621855259e-03,-1.120649203658104e-01,-9.935324788093567e-01,1.646378514124081e-04,1.829234138131142e-02
1609043702381777134,0,1609043702381777134,2.197221852838993e-03,2.811991143971682e-04,1.470378949306905e-03,-1.115212738513947e-01,-9.935914874076843e-01,-1.304952747887000e-04,1.841232925653458e-02
1609043702488651243,0,1609043702488651243,1.427313080057502e-03,-7.282064179889858e-04,2.665908541530371e-04,-1.116496920585632e-01,-9.935766458511353e-01,7.021080236881971e-04,1.841845922172070e-02
1609043702590472029,0,1609043702590472029,3.691371995955706e-03,-3.377821529284120e-03,3.883115947246552e-03,-1.122622638940811e-01,-9.935083985328674e-01,-1.350632082903758e-04,1.839660853147507e-02
1609043702687543728,0,1609043702687543728,3.997610881924629e-03,-2.780915237963200e-03,6.008046679198742e-03,-1.119396388530731e-01,-9.935476183891296e-01,-9.342831908725202e-04,1.821356266736984e-02
1609043702764228800,0,1609043702764228800,2.077879151329398e-03,-1.201798440888524e-03,4.108106717467308e-03,-1.112921014428139e-01,-9.936180710792542e-01,4.528929275693372e-05,1.836477592587471e-02
1609043702867596755,0,1609043702867596755,3.282427089288831e-03,-1.489062095060945e-03,3.378533292561769e-03,-1.115750446915627e-01,-9.935846328735352e-01,4.379340971354395e-04,1.844810694456100e-02
1609043702970297597,0,1609043702970297597,2.675853669643402e-03,6.946632638573647e-04,2.910669660195708e-03,-1.115172207355499e-01,-9.935937523841858e-01,1.262602396309376e-03,1.827519014477730e-02
1609043703072125179,0,1609043703072125179,-5.565099418163300e-04,5.205690395087004e-03,5.116981454193592e-03,-1.117491126060486e-01,-9.935618042945862e-01,8.228153456002474e-04,1.861087605357170e-02
1609043703168905829,0,1609043703168905829,1.764560118317604e-03,-3.985689952969551e-03,-1.362906768918037e-04,-1.118256673216820e-01,-9.935702085494995e-01,1.272557274205610e-04,1.769770495593548e-02
1609043703275775953,0,1609043703275775953,-1.638738438487053e-03,1.048733014613390e-03,-4.189258906990290e-04,-1.115392223000526e-01,-9.935964941978455e-01,-2.611365380289499e-05,1.802822388708591e-02
1609043703382754824,0,1609043703382754824,-3.170405980199575e-04,1.990796299651265e-03,2.174495253711939e-03,-1.116832122206688e-01,-9.935746192932129e-01,-2.927102614194155e-04,1.833530887961388e-02
1609043703484779736,0,1609043703484779736,-6.399555131793022e-04,-6.527546793222427e-05,1.171549316495657e-03,-1.118349730968475e-01,-9.935499429702759e-01,-2.981522266054526e-05,1.874898746609688e-02
1609043703587729745,0,1609043703587729745,-2.568039577454329e-03,-1.249062363058329e-03,3.647300181910396e-04,-1.118635386228561e-01,-9.935511946678162e-01,-5.116920219734311e-04,1.850493624806404e-02
1609043703690151351,0,1609043703690151351,-1.612078631296754e-03,-1.657103071920574e-03,1.345947384834290e-05,-1.118925511837006e-01,-9.935467243194580e-01,-1.912512088892981e-04,1.857404783368111e-02
1609043703786891387,0,1609043703786891387,-3.416263498365879e-04,-2.599662635475397e-03,1.909887883812189e-03,-1.117285266518593e-01,-9.935632348060608e-01,-1.853714638855308e-04,1.867398060858250e-02
1609043703859573047,0,1609043703859573047,2.658757148310542e-05,-3.100594272837043e-03,-5.827257409691811e-04,-1.116751953959465e-01,-9.935708045959473e-01,2.561129804234952e-04,1.859510503709316e-02
1609043703967528157,0,1609043703967528157,-2.214972162619233e-03,-3.654727246612310e-03,-2.580462023615837e-06,-1.117000952363014e-01,-9.935711622238159e-01,1.509056601207703e-04,1.842631399631500e-02
1609043704069343936,0,1609043704069343936,-2.336094621568918e-03,-2.442448632791638e-03,-5.299462936818600e-04,-1.117192879319191e-01,-9.935720562934875e-01,1.366239448543638e-04,1.826039329171181e-02
1609043704171879390,0,1609043704171879390,-2.501324983313680e-03,-2.148415194824338e-03,1.161216059699655e-04,-1.118796244263649e-01,-9.935497045516968e-01,1.447400427423418e-04,1.849371381103992e-02
1609043704268669013,0,1609043704268669013,-2.355574397370219e-03,-1.789428992196918e-03,1.228168257512152e-03,-1.118747070431709e-01,-9.935518503189087e-01,-4.135583876632154e-04,1.840149611234665e-02
1609043704375813866,0,1609043704375813866,-1.303178258240223e-03,-3.483981825411320e-03,-7.365657947957516e-04,-1.118050292134285e-01,-9.935594201087952e-01,7.372361142188311e-05,1.842341385781765e-02
1609043704483296208,0,1609043704483296208,-5.292084533721209e-04,-1.436877297237515e-03,1.152245327830315e-03,-1.117694899439812e-01,-9.935708045959473e-01,1.291337830480188e-04,1.802077516913414e-02
1609043704585576536,0,1609043704585576536,-5.947437603026628e-04,-1.130860764533281e-03,1.594154047779739e-03,-1.117266416549683e-01,-9.935861229896545e-01,2.667920198291540e-04,1.742881350219250e-02
1609043704687999601,0,1609043704687999601,4.580838722176850e-04,-7.838282035663724e-04,1.132434466853738e-03,-1.116711720824242e-01,-9.936023950576782e-01,4.987170686945319e-04,1.684472709894180e-02
1609043704789163654,0,1609043704789163654,-1.345481956377625e-03,1.245114253833890e-04,2.093338640406728e-03,-1.117989942431450e-01,-9.935855865478516e-01,5.139836575835943e-04,1.698529161512852e-02
1609043704891313521,0,1609043704891313521,-5.299276206642389e-03,2.546614268794656e-04,3.676379332318902e-03,-1.116952076554298e-01,-9.935971498489380e-01,3.667872224468738e-04,1.699104160070419e-02
1609043704962899986,0,1609043704962899986,-6.394081749022007e-03,-5.231272662058473e-04,2.894052304327488e-03,-1.118745878338814e-01,-9.935722947120667e-01,6.166758248582482e-04,1.725789718329906e-02
1609043705065646727,0,1609043705065646727,-8.329750038683414e-03,9.613732108846307e-04,4.378588404506445e-03,-1.115473285317421e-01,-9.936077594757080e-01,1.369538949802518e-04,1.734564453363419e-02
1609043705175645993,0,1609043705175645993,-9.710223414003849e-03,1.157526741735637e-03,5.445873364806175e-03,-1.107628270983696e-01,-9.937120079994202e-01,1.515515497885644e-03,1.630652509629726e-02
1609043705272891729,0,1609043705272891729,-8.906528353691101e-03,2.990145003423095e-04,1.139569468796253e-02,-1.103129684925079e-01,-9.937580227851868e-01,3.149738535284996e-03,1.631463691592216e-02
1609043705375149325,0,1609043705375149325,-7.434513885527849e-03,1.937426743097603e-03,2.442491427063942e-02,-1.100604310631752e-01,-9.937711358070374e-01,4.164688289165497e-03,1.698247157037258e-02
1609043705478793995,0,1609043705478793995,-4.647067748010159e-03,9.113656124100089e-04,4.509422183036804e-02,-1.096800044178963e-01,-9.938302040100098e-01,6.131253205239773e-03,1.530340965837240e-02
1609043705581624606,0,1609043705581624606,-2.154242480173707e-03,3.000858006998897e-03,7.399813085794449e-02,-1.093531847000122e-01,-9.938846826553345e-01,7.050289306789637e-03,1.362016238272190e-02
1609043705685699806,0,1609043705685699806,-4.684168379753828e-04,4.664962179958820e-03,1.091338992118835e-01,-1.093182116746902e-01,-9.938930273056030e-01,8.200595155358315e-03,1.261226180940866e-02
1609043705787818522,0,1609043705787818522,-3.448422066867352e-04,7.442688569426537e-03,1.498126238584518e-01,-1.091297417879105e-01,-9.939212799072266e-01,9.150793775916100e-03,1.129462849348783e-02
1609043705890472359,0,1609043705890472359,-3.175020683556795e-04,9.027438238263130e-03,1.969172805547714e-01,-1.091491430997849e-01,-9.939264059066772e-01,9.426096454262733e-03,1.039223000407219e-02
1609043705992685491,0,1609043705992685491,-4.389892797917128e-03,1.193020865321159e-02,2.486902773380280e-01,-1.091743931174278e-01,-9.939283728599548e-01,9.624665603041649e-03,9.728331118822098e-03
1609043706065856007,0,1609043706065856007,-7.043994497507811e-03,1.400933507829905e-02,2.925938069820404e-01,-1.091551929712296e-01,-9.939278960227966e-01,9.289140813052654e-03,1.030420418828726e-02
1609043706165445984,0,1609043706165445984,-1.161086745560169e-02,1.806976646184921e-02,3.537006378173828e-01,-1.092296168208122e-01,-9.939268231391907e-01,7.817085832357407e-03,1.083621103316545e-02
1609043706267632727,0,1609043706267632727,-1.839711703360081e-02,2.313979156315327e-02,4.124974310398102e-01,-1.093000993132591e-01,-9.939047694206238e-01,7.244025822728872e-03,1.242661010473967e-02
1609043706368910585,0,1609043706368910585,-2.550017833709717e-02,3.061992488801479e-02,4.735303819179535e-01,-1.092746332287788e-01,-9.939024448394775e-01,6.356750614941120e-03,1.328943111002445e-02
1609043706482127756,0,1609043706482127756,-3.553526103496552e-02,3.652631863951683e-02,5.352312326431274e-01,-1.091558188199997e-01,-9.938994050025940e-01,5.892132408916950e-03,1.463904883712530e-02
1609043706579136365,0,1609043706579136365,-4.381912946701050e-02,4.139182344079018e-02,5.909975171089172e-01,-1.092343255877495e-01,-9.938682317733765e-01,6.373225245624781e-03,1.591280847787857e-02
1609043706679790368,0,1609043706679790368,-5.369869619607925e-02,4.911664128303528e-02,6.512104272842407e-01,-1.093695536255836e-01,-9.938457012176514e-01,4.803655203431845e-03,1.691185683012009e-02
1609043706782714423,0,1609043706782714423,-6.365549564361572e-02,5.860426649451256e-02,7.105616331100464e-01,-1.093177795410156e-01,-9.938386082649231e-01,4.834609106183052e-03,1.763625629246235e-02
1609043706882765251,0,1609043706882765251,-7.293308526277542e-02,6.540106236934662e-02,7.612277865409851e-01,-1.091065406799316e-01,-9.938709139823914e-01,4.270246718078852e-03,1.726964861154556e-02
1609043706991710973,0,1609043706991710973,-8.105108141899109e-02,6.983854621648788e-02,8.108575940132141e-01,-1.091596260666847e-01,-9.938801527023315e-01,4.045692738145590e-03,1.643587648868561e-02
1609043707088956330,0,1609043707088956330,-8.761180192232132e-02,7.727187871932983e-02,8.588275909423828e-01,-1.089791655540466e-01,-9.939150810241699e-01,4.179927986115217e-03,1.545534655451775e-02
1609043707170773313,0,1609043707170773313,-9.576125442981720e-02,7.870668172836304e-02,9.000375866889954e-01,-1.090699583292007e-01,-9.939152598381042e-01,5.013884045183659e-03,1.452770642936230e-02
1609043707272895604,0,1609043707272895604,-1.061688363552094e-01,7.875014096498489e-02,9.505079388618469e-01,-1.088741198182106e-01,-9.939568638801575e-01,6.450086832046509e-03,1.242853514850140e-02
1609043707370382675,0,1609043707370382675,-1.157228648662567e-01,7.931482046842575e-02,1.001334786415100e+00,-1.089233756065369e-01,-9.939582347869873e-01,7.279013283550739e-03,1.139659900218248e-02
1609043707474510767,0,1609043707474510767,-1.263576149940491e-01,8.088994026184082e-02,1.052856922149658e+00,-1.088295206427574e-01,-9.939770102500916e-01,7.409158628433943e-03,1.053287554532290e-02
1609043707581772877,0,1609043707581772877,-1.395348459482193e-01,7.956661283969879e-02,1.103387594223022e+00,-1.088749170303345e-01,-9.939670562744141e-01,8.877874352037907e-03,9.854900650680065e-03
1609043707679153414,0,1609043707679153414,-1.527354419231415e-01,8.102329075336456e-02,1.152531862258911e+00,-1.087124794721603e-01,-9.939850568771362e-01,9.532659314572811e-03,9.193067438900471e-03
1609043707782667695,0,1609043707782667695,-1.675378978252411e-01,8.155956864356995e-02,1.200330376625061e+00,-1.087194979190826e-01,-9.939794540405273e-01,1.037018373608589e-02,8.800052106380463e-03
1609043707884934490,0,1609043707884934490,-1.857934445142746e-01,8.338057994842529e-02,1.250924944877625e+00,-1.086561381816864e-01,-9.939807057380676e-01,1.085376180708408e-02,8.855319581925869e-03
1609043707988653734,0,1609043707988653734,-2.027363777160645e-01,8.797235786914825e-02,1.298700332641602e+00,-1.085664778947830e-01,-9.939913153648376e-01,1.087936386466026e-02,8.730025030672550e-03
1609043708097312845,0,1609043708097312845,-2.225891500711441e-01,9.500703215599060e-02,1.347048640251160e+00,-1.085339188575745e-01,-9.939926862716675e-01,1.108997128903866e-02,8.720555342733860e-03
1609043708194156512,0,1609043708194156512,-2.427876293659210e-01,9.997777640819550e-02,1.390255093574524e+00,-1.084724292159081e-01,-9.939994812011719e-01,1.147844269871712e-02,8.195324800908566e-03
1609043708265414360,0,1609043708265414360,-2.609778642654419e-01,1.081693172454834e-01,1.427321314811707e+00,-1.084374040365219e-01,-9.940067529678345e-01,1.158160064369440e-02,7.604494690895081e-03
1609043708372488385,0,1609043708372488385,-2.874261140823364e-01,1.183004155755043e-01,1.482468843460083e+00,-1.082083061337471e-01,-9.940248727798462e-01,1.193310413509607e-02,7.947735488414764e-03
1609043708465293049,0,1609043708465293049,-3.155462145805359e-01,1.282330453395844e-01,1.533948421478271e+00,-1.083622500300407e-01,-9.939355850219727e-01,1.128837652504444e-02,1.491057686507702e-02
1609043708573038745,0,1609043708573038745,-3.398329019546509e-01,1.414333432912827e-01,1.577436089515686e+00,-1.081913039088249e-01,-9.938258528709412e-01,1.053685601800680e-02,2.222465164959431e-02
1609043708680018574,0,1609043708680018574,-3.720006942749023e-01,1.554979383945465e-01,1.610567212104797e+00,-1.079800948500633e-01,-9.933217167854309e-01,8.230640552937984e-03,3.980697318911552e-02
1609043708777586847,0,1609043708777586847,-3.887629210948944e-01,1.659630239009857e-01,1.632088541984558e+00,-1.076169088482857e-01,-9.930586218833923e-01,7.644399069249630e-03,4.684823006391525e-02
1609043708885049326,0,1609043708885049326,-4.059735536575317e-01,1.805063784122467e-01,1.648460626602173e+00,-1.073314249515533e-01,-9.925713539123535e-01,4.222612362354994e-03,5.713319405913353e-02
1609043708986937596,0,1609043708986937596,-4.199106395244598e-01,1.927054673433304e-01,1.659949302673340e+00,-1.072035655379295e-01,-9.920906424522400e-01,3.044019220396876e-03,6.522521376609802e-02
1609043709085999062,0,1609043709085999062,-4.212105870246887e-01,2.063003331422806e-01,1.661466360092163e+00,-1.068873256444931e-01,-9.922843575477600e-01,8.752272697165608e-04,6.281822919845581e-02
1609043709193006149,0,1609043709193006149,-4.147699177265167e-01,2.111535966396332e-01,1.666888475418091e+00,-1.067870482802391e-01,-9.926400184631348e-01,-1.334319007582963e-03,5.710051208734512e-02
1609043709290356469,0,1609043709290356469,-4.014296233654022e-01,2.153482437133789e-01,1.644295811653137e+00,-1.070700660347939e-01,-9.929043054580688e-01,-2.000624546781182e-03,5.170230939984322e-02
1609043709362865057,0,1609043709362865057,-3.812005221843719e-01,2.196965962648392e-01,1.622657179832458e+00,-1.070393472909927e-01,-9.932602047920227e-01,-2.591857453808188e-03,4.438604041934013e-02
1609043709471251748,0,1609043709471251748,-3.406277596950531e-01,2.220269292593002e-01,1.599216103553772e+00,-1.070988103747368e-01,-9.936851263046265e-01,-2.407812047749758e-03,3.337615728378296e-02
1609043709568111107,0,1609043709568111107,-3.000753223896027e-01,2.196469008922577e-01,1.573742747306824e+00,-1.069907695055008e-01,-9.939650297164917e-01,-1.317264250246808e-04,2.421773411333561e-02
1609043709670560700,0,1609043709670560700,-2.599846124649048e-01,2.169309705495834e-01,1.554408192634583e+00,-1.072095409035683e-01,-9.940448403358459e-01,8.110655471682549e-04,1.950176805257797e-02
1609043709772505484,0,1609043709772505484,-2.216230481863022e-01,2.056685239076614e-01,1.542626619338989e+00,-1.072603240609169e-01,-9.940840601921082e-01,-2.129084430634975e-03,1.695564948022366e-02
1609043709880548093,0,1609043709880548093,-1.794478595256805e-01,1.965495347976685e-01,1.500153064727783e+00,-1.071574911475182e-01,-9.941376447677612e-01,-2.536588814109564e-03,1.418880466371775e-02
1609043709983451949,0,1609043709983451949,-1.424027383327484e-01,1.908837556838989e-01,1.466588735580444e+00,-1.070542186498642e-01,-9.941502213478088e-01,-6.184885278344154e-03,1.290833111852407e-02
1609043710085377778,0,1609043710085377778,-1.088721230626106e-01,1.817491799592972e-01,1.417453289031982e+00,-1.069322749972343e-01,-9.941627979278564e-01,-5.686843302100897e-03,1.317939814180136e-02
1609043710188050021,0,1609043710188050021,-7.856134325265884e-02,1.706626564264297e-01,1.367060303688049e+00,-1.068040132522583e-01,-9.942120909690857e-01,-1.986777409911156e-03,1.146506145596504e-02
1609043710295200996,0,1609043710295200996,-5.173657462000847e-02,1.615056693553925e-01,1.363750696182251e+00,-1.067783385515213e-01,-9.942427873611450e-01,-9.094417328014970e-04,8.886339142918587e-03
1609043710392926836,0,1609043710392926836,-2.634926326572895e-02,1.449230313301086e-01,1.348249316215515e+00,-1.067198142409325e-01,-9.942806959152222e-01,2.416070085018873e-03,3.325635101646185e-03
1609043710465740878,0,1609043710465740878,-7.349913939833641e-03,1.334022730588913e-01,1.331931352615356e+00,-1.067594364285469e-01,-9.942731857299805e-01,4.476261790841818e-03,1.830330467782915e-03
1609043710568401170,0,1609043710568401170,1.318622007966042e-02,1.115414500236511e-01,1.310357689857483e+00,-1.068973094224930e-01,-9.942476153373718e-01,6.679180543869734e-03,-3.907773643732071e-04
1609043710672636600,0,1609043710672636600,3.228042647242546e-02,9.279397875070572e-02,1.296501278877258e+00,-1.068379282951355e-01,-9.942356348037720e-01,9.015787392854691e-03,-2.341811523365323e-06
1609043710770536460,0,1609043710770536460,4.375400394201279e-02,7.660179585218430e-02,1.282141208648682e+00,-1.067262887954712e-01,-9.942265748977661e-01,1.035356894135475e-02,3.987881820648909e-03
1609043710872396905,0,1609043710872396905,5.374570563435555e-02,6.476665288209915e-02,1.278567671775818e+00,-1.065724641084671e-01,-9.941980838775635e-01,1.143633667379618e-02,9.041978046298027e-03
1609043710970639162,0,1609043710970639162,6.338261067867279e-02,5.515822023153305e-02,1.274823427200317e+00,-1.063902452588081e-01,-9.941735863685608e-01,1.172257773578167e-02,1.275129616260529e-02
1609043711087859296,0,1609043711087859296,7.500607520341873e-02,5.336109176278114e-02,1.273864746093750e+00,-1.061240881681442e-01,-9.941192865371704e-01,1.260096672922373e-02,1.748843863606453e-02
1609043711189788335,0,1609043711189788335,8.151425421237946e-02,4.641748219728470e-02,1.278569579124451e+00,-1.060647815465927e-01,-9.941361546516418e-01,1.194856408983469e-02,1.734688319265842e-02
1609043711294154709,0,1609043711294154709,8.290065079927444e-02,4.565199092030525e-02,1.281029105186462e+00,-1.059413254261017e-01,-9.941388964653015e-01,1.191032025963068e-02,1.796090789139271e-02
1609043711391142274,0,1609043711391142274,8.553346991539001e-02,4.191006347537041e-02,1.273921251296997e+00,-1.062230989336967e-01,-9.941304326057434e-01,1.146573945879936e-02,1.702706702053547e-02
1609043711487981604,0,1609043711487981604,9.240242093801498e-02,3.735180571675301e-02,1.281767129898071e+00,-1.061225235462189e-01,-9.941592216491699e-01,1.119045261293650e-02,1.613317616283894e-02
1609043711564722795,0,1609043711564722795,1.004455536603928e-01,3.596385195851326e-02,1.290664196014404e+00,-1.060768142342567e-01,-9.941865205764771e-01,1.060910802334547e-02,1.511550787836313e-02
1609043711667906744,0,1609043711667906744,1.105625405907631e-01,3.580361232161522e-02,1.306326389312744e+00,-1.060703769326210e-01,-9.942086338996887e-01,1.036247983574867e-02,1.382065284997225e-02
1609043711766467371,0,1609043711766467371,1.197768375277519e-01,3.713109344244003e-02,1.326893925666809e+00,-1.060978397727013e-01,-9.942154884338379e-01,1.044790353626013e-02,1.302222255617380e-02
1609043711873922119,0,1609043711873922119,1.291369944810867e-01,3.724666312336922e-02,1.348713755607605e+00,-1.060508936643600e-01,-9.942343235015869e-01,1.013262849301100e-02,1.219716574996710e-02
1609043711976385082,0,1609043711976385082,1.368826180696487e-01,4.009922221302986e-02,1.371297478675842e+00,-1.060196682810783e-01,-9.942418932914734e-01,9.514394216239452e-03,1.234275288879871e-02
1609043712083268411,0,1609043712083268411,1.440553516149521e-01,4.181947186589241e-02,1.393269777297974e+00,-1.057789027690887e-01,-9.942678213119507e-01,1.022543944418430e-02,1.174371689558029e-02
1609043712185145617,0,1609043712185145617,1.493181884288788e-01,4.878837242722511e-02,1.428471565246582e+00,-1.056470945477486e-01,-9.942899346351624e-01,9.140203706920147e-03,1.194701250642538e-02
1609043712287144667,0,1609043712287144667,1.542959064245224e-01,5.433571338653564e-02,1.451482415199280e+00,-1.055056378245354e-01,-9.942959547042847e-01,1.043094228953123e-02,1.162832695990801e-02
1609043712389456903,0,1609043712389456903,1.559410840272903e-01,6.180767342448235e-02,1.482916355133057e+00,-1.055430844426155e-01,-9.943051338195801e-01,9.618123061954975e-03,1.120719220489264e-02
1609043712491242736,0,1609043712491242736,1.599661558866501e-01,7.171136885881424e-02,1.505955100059509e+00,-1.052885651588440e-01,-9.943307638168335e-01,9.996044449508190e-03,1.099468301981688e-02
1609043712588525299,0,1609043712588525299,1.571802943944931e-01,8.101457357406616e-02,1.528754711151123e+00,-1.040784046053886e-01,-9.944609999656677e-01,9.966613724827766e-03,1.075199618935585e-02
1609043712665178810,0,1609043712665178810,1.435648351907730e-01,9.706480801105499e-02,1.542352914810181e+00,-9.758798032999039e-02,-9.951243996620178e-01,1.004561968147755e-02,1.015616487711668e-02
1609043712768583174,0,1609043712768583174,1.465913355350494e-01,1.064054742455482e-01,1.556704878807068e+00,-9.130333364009857e-02,-9.957248568534851e-01,9.873640723526478e-03,9.911435656249523e-03
1609043712861293586,0,1609043712861293586,1.566498279571533e-01,1.067875996232033e-01,1.565367102622986e+00,-8.468840271234512e-02,-9.963011145591736e-01,1.028703618794680e-02,1.030861772596836e-02
1609043712969110724,0,1609043712969110724,1.551798135042191e-01,1.114379912614822e-01,1.573895454406738e+00,-7.635708153247833e-02,-9.969778656959534e-01,1.012902427464724e-02,1.010875031352043e-02
1609043713081488572,0,1609043713081488572,1.524387151002884e-01,1.182836890220642e-01,1.576631188392639e+00,-6.811799854040146e-02,-9.975753426551819e-01,1.023903209716082e-02,9.924300946295261e-03
1609043713183237885,0,1609043713183237885,1.471584290266037e-01,1.261836886405945e-01,1.579634547233582e+00,-6.109099090099335e-02,-9.980409145355225e-01,1.016985345631838e-02,8.881283923983574e-03
1609043713281445499,0,1609043713281445499,1.354687064886093e-01,1.362681239843369e-01,1.573881387710571e+00,-5.405925959348679e-02,-9.984396696090698e-01,1.039047166705132e-02,9.375637397170067e-03
1609043713388519939,0,1609043713388519939,1.262321919202805e-01,1.468284130096436e-01,1.573394656181335e+00,-4.722217842936516e-02,-9.987916946411133e-01,1.032677013427019e-02,8.869329467415810e-03
1609043713490365029,0,1609043713490365029,1.097497865557671e-01,1.622569859027863e-01,1.568859219551086e+00,-3.888252004981041e-02,-9.991577267646790e-01,9.748117998242378e-03,8.782831951975822e-03
1609043713588826589,0,1609043713588826589,9.930508583784103e-02,1.776754558086395e-01,1.564413905143738e+00,-3.152064234018326e-02,-9.994148612022400e-01,1.011046487838030e-02,8.609581738710403e-03
1609043713692140267,0,1609043713692140267,9.005174785852432e-02,1.883530169725418e-01,1.562209725379944e+00,-2.408995851874352e-02,-9.996290206909180e-01,9.926676750183105e-03,7.944246754050255e-03
1609043713769472837,0,1609043713769472837,7.935563474893570e-02,1.995625197887421e-01,1.560482859611511e+00,-1.838514208793640e-02,-9.997614026069641e-01,9.907589294016361e-03,6.409981288015842e-03
1609043713871303806,0,1609043713871303806,6.501901894807816e-02,2.147291302680969e-01,1.553016424179077e+00,-1.106144860386848e-02,-9.998832345008850e-01,9.626599028706551e-03,4.307938273996115e-03
1609043713968006831,0,1609043713968006831,4.569748416543007e-02,2.355677485466003e-01,1.554311037063599e+00,-3.814760595560074e-03,-9.999449849128723e-01,9.377490729093552e-03,2.741726581007242e-03
1609043714074848657,0,1609043714074848657,2.907170355319977e-02,2.531770765781403e-01,1.560315132141113e+00,2.164318924769759e-03,-9.999549984931946e-01,9.214658290147781e-03,5.909762112423778e-04
1609043714171855014,0,1609043714171855014,1.043726317584515e-02,2.716202437877655e-01,1.566397905349731e+00,6.872545462101698e-03,-9.999368190765381e-01,8.788280189037323e-03,1.397330313920975e-03
1609043714278720573,0,1609043714278720573,-1.680248789489269e-02,2.922152280807495e-01,1.579091668128967e+00,1.127238105982542e-02,-9.998974204063416e-01,8.753594942390919e-03,1.202133949846029e-03
1609043714385759728,0,1609043714385759728,-4.347402602434158e-02,3.125414550304413e-01,1.598558545112610e+00,1.424463838338852e-02,-9.998584985733032e-01,8.904404006898403e-03,9.897699346765876e-04
1609043714482446226,0,1609043714482446226,-7.057577371597290e-02,3.350208997726440e-01,1.616339087486267e+00,1.629318669438362e-02,-9.998301863670349e-01,8.616218343377113e-03,-8.006782445590943e-05
1609043714584290335,0,1609043714584290335,-1.033015996217728e-01,3.594777882099152e-01,1.638857364654541e+00,1.761966384947300e-02,-9.998057484626770e-01,8.760119788348675e-03,1.122926827520132e-03
1609043714691967478,0,1609043714691967478,-1.424857527017593e-01,3.831800222396851e-01,1.665277719497681e+00,1.861799508333206e-02,-9.997858405113220e-01,8.946646936237812e-03,-1.284439465962350e-03
1609043714793769990,0,1609043714793769990,-1.843432337045670e-01,4.091433882713318e-01,1.684561491012573e+00,1.934090815484524e-02,-9.997696280479431e-01,9.285640902817249e-03,-6.937498110346496e-04
1609043714864891857,0,1609043714864891857,-2.175575494766235e-01,4.286280274391174e-01,1.703097462654114e+00,1.952643878757954e-02,-9.997662901878357e-01,9.281917475163937e-03,2.943501458503306e-04
1609043714971920758,0,1609043714971920758,-2.697529792785645e-01,4.594588875770569e-01,1.733396768569946e+00,1.995424181222916e-02,-9.997560977935791e-01,9.383697994053364e-03,-1.289577805437148e-03
1609043715075029734,0,1609043715075029734,-3.206889033317566e-01,4.892441630363464e-01,1.755773305892944e+00,2.013118378818035e-02,-9.997469186782837e-01,9.930927306413651e-03,-1.524978084489703e-03
1609043715176999625,0,1609043715176999625,-3.732005655765533e-01,5.165001749992371e-01,1.784445524215698e+00,2.018958330154419e-02,-9.997445940971375e-01,1.011106744408607e-02,-1.036233850754797e-03
1609043715289655618,0,1609043715289655618,-4.315778017044067e-01,5.465496182441711e-01,1.808007597923279e+00,2.039044722914696e-02,-9.997413754463196e-01,1.003477163612843e-02,-9.192045545205474e-04
1609043715371029643,0,1609043715371029643,-4.812402725219727e-01,5.726311206817627e-01,1.828059434890747e+00,2.043516375124454e-02,-9.997389316558838e-01,1.022039912641048e-02,-3.721752436831594e-04
1609043715482953123,0,1609043715482953123,-5.469481945037842e-01,6.067554354667664e-01,1.848854899406433e+00,2.059102989733219e-02,-9.997299313545227e-01,1.074540056288242e-02,-8.690560935065150e-04
1609043715590456652,0,1609043715590456652,-6.117376089096069e-01,6.377296447753906e-01,1.867644190788269e+00,2.068187855184078e-02,-9.997292757034302e-01,1.061613298952579e-02,-9.701782837510109e-04
1609043715692857622,0,1609043715692857622,-6.755509972572327e-01,6.682429313659668e-01,1.876964688301086e+00,2.069757319986820e-02,-9.997274279594421e-01,1.079664658755064e-02,3.806619497481734e-04
1609043715795998195,0,1609043715795998195,-7.428404092788696e-01,7.008044123649597e-01,1.888623356819153e+00,2.073614113032818e-02,-9.997284412384033e-01,1.060723792761564e-02,8.202677709050477e-04
1609043715892766615,0,1609043715892766615,-8.108721971511841e-01,7.325856685638428e-01,1.893750548362732e+00,2.081176452338696e-02,-9.997285604476929e-01,1.044083200395107e-02,8.282042108476162e-04
1609043715969234141,0,1609043715969234141,-8.706573247909546e-01,7.603505849838257e-01,1.904549717903137e+00,2.074007503688335e-02,-9.997319579124451e-01,1.024262420833111e-02,9.830632479861379e-04
1609043716066139648,0,1609043716066139648,-9.494597911834717e-01,7.979494929313660e-01,1.917371988296509e+00,2.091572433710098e-02,-9.997248053550720e-01,1.057557296007872e-02,1.101977075450122e-03
1609043716173129332,0,1609043716173129332,-1.033269166946411e+00,8.357029557228088e-01,1.927574634552002e+00,2.094792947173119e-02,-9.997227787971497e-01,1.070650760084391e-02,1.032655360177159e-03
1609043716274722586,0,1609043716274722586,-1.114383935928345e+00,8.726050853729248e-01,1.936769127845764e+00,2.095467038452625e-02,-9.997238516807556e-01,1.062612794339657e-02,4.442619974724948e-04
1609043716376694447,0,1609043716376694447,-1.196181058883667e+00,9.083701372146606e-01,1.940940260887146e+00,2.096525952219963e-02,-9.997239708900452e-01,1.056941039860249e-02,-8.986329776234925e-04
1609043716483562406,0,1609043716483562406,-1.282423973083496e+00,9.469587802886963e-01,1.948207378387451e+00,2.094026654958725e-02,-9.997277855873108e-01,1.027682796120644e-02,-5.718184402212501e-04
1609043716581334613,0,1609043716581334613,-1.364390373229980e+00,9.817621707916260e-01,1.952648997306824e+00,2.108455076813698e-02,-9.997189640998840e-01,1.074151694774628e-02,-1.456384547054768e-03
1609043716688332134,0,1609043716688332134,-1.454139471054077e+00,1.020015954971313e+00,1.958471894264221e+00,2.124346792697906e-02,-9.997150897979736e-01,1.079185586422682e-02,-1.460908562876284e-03
1609043716779979294,0,1609043716779979294,-1.538831591606140e+00,1.056374907493591e+00,1.962272644042969e+00,2.143958024680614e-02,-9.997115731239319e-01,1.074374746531248e-02,-1.369778299704194e-03
1609043716897299337,0,1609043716897299337,-1.640554785728455e+00,1.100279808044434e+00,1.970774054527283e+00,2.146329544484615e-02,-9.997085332870483e-01,1.074132882058620e-02,-2.637342084199190e-03
1609043716994077375,0,1609043716994077375,-1.730067014694214e+00,1.138150572776794e+00,1.976202726364136e+00,2.153128199279308e-02,-9.997079372406006e-01,1.061746943742037e-02,-2.790443366393447e-03
1609043717065380589,0,1609043717065380589,-1.807624459266663e+00,1.170232534408569e+00,1.976052045822144e+00,2.155740000307560e-02,-9.997098445892334e-01,1.046931557357311e-02,-2.450586762279272e-03
1609043717157531420,0,1609043717157531420,-1.912894725799561e+00,1.213675141334534e+00,1.978459119796753e+00,2.174342796206474e-02,-9.997106194496155e-01,1.012055296450853e-02,-1.860085991211236e-03
1609043717274614166,0,1609043717274614166,-2.035366058349609e+00,1.266010046005249e+00,1.993037104606628e+00,2.206179127097130e-02,-9.997382164001465e-01,5.860748700797558e-03,-1.544409780763090e-03
1609043717376769351,0,1609043717376769351,-2.144085168838501e+00,1.310444831848145e+00,2.013891696929932e+00,2.221564576029778e-02,-9.997431039810181e-01,-4.206833895295858e-03,-1.594628556631505e-03
1609043717478650589,0,1609043717478650589,-2.254425764083862e+00,1.352979063987732e+00,2.025644779205322e+00,2.275809086859226e-02,-9.996088147163391e-01,-1.623581349849701e-02,-8.847309509292245e-04
1609043717585585389,0,1609043717585585389,-2.363830566406250e+00,1.390656709671021e+00,1.966853499412537e+00,2.287585660815239e-02,-9.995617866516113e-01,-1.870089024305344e-02,1.812163391150534e-03
1609043717682168691,0,1609043717682168691,-2.470680713653564e+00,1.430617570877075e+00,1.951032280921936e+00,2.290102094411850e-02,-9.993975758552551e-01,-2.596353739500046e-02,2.423957455903292e-03
1609043717788864539,0,1609043717788864539,-2.588484048843384e+00,1.461213111877441e+00,1.941345810890198e+00,2.304388955235481e-02,-9.994408488273621e-01,-2.398233674466610e-02,3.415305400267243e-03
1609043717890648289,0,1609043717890648289,-2.700772523880005e+00,1.484921097755432e+00,1.958428025245667e+00,2.296966128051281e-02,-9.995123147964478e-01,-2.056452073156834e-02,4.969366826117039e-03
1609043717992436993,0,1609043717992436993,-2.817006587982178e+00,1.500263929367065e+00,1.997191309928894e+00,2.302907407283783e-02,-9.995253682136536e-01,-1.767687313258648e-02,1.030824799090624e-02
1609043718089460736,0,1609043718089460736,-2.929852008819580e+00,1.507751822471619e+00,2.020343542098999e+00,2.314819768071175e-02,-9.995263218879700e-01,-1.331584807485342e-02,1.529444660991430e-02
1609043718165841203,0,1609043718165841203,-3.027727842330933e+00,1.511050343513489e+00,2.044991970062256e+00,2.350124716758728e-02,-9.994623661041260e-01,-1.006975583732128e-02,2.052426524460316e-02
1609043718262555423,0,1609043718262555423,-3.151386260986328e+00,1.506905674934387e+00,2.055570125579834e+00,2.359292469918728e-02,-9.992594718933105e-01,-5.157392937690020e-03,2.995629794895649e-02
1609043718374667353,0,1609043718374667353,-3.279419660568237e+00,1.507019639015198e+00,2.091932535171509e+00,2.398707531392574e-02,-9.990816712379456e-01,-4.251515492796898e-03,3.524741157889366e-02
1609043718466530115,0,1609043718466530115,-3.385190963745117e+00,1.502467036247253e+00,2.077804327011108e+00,2.424506098031998e-02,-9.990198612213135e-01,-1.784589840099216e-03,3.699133917689323e-02
1609043718574327555,0,1609043718574327555,-3.498383283615112e+00,1.498715043067932e+00,2.087233781814575e+00,2.459185756742954e-02,-9.990791082382202e-01,-1.239824108779430e-03,3.513683006167412e-02
1609043718676599761,0,1609043718676599761,-3.591963052749634e+00,1.494899153709412e+00,2.095826148986816e+00,2.457484044134617e-02,-9.991138577461243e-01,7.107296260073781e-04,3.416410088539124e-02
1609043718778366267,0,1609043718778366267,-3.689958095550537e+00,1.486247658729553e+00,2.097673177719116e+00,2.491231635212898e-02,-9.993942975997925e-01,-7.088918704539537e-03,2.324343845248222e-02
1609043718880630365,0,1609043718880630365,-3.772995471954346e+00,1.482320904731750e+00,2.114543914794922e+00,2.462140284478664e-02,-9.993212819099426e-01,-1.428614743053913e-02,2.338349632918835e-02
1609043718989985547,0,1609043718989985547,-3.856319904327393e+00,1.474980711936951e+00,2.120518922805786e+00,2.454076334834099e-02,-9.992434382438660e-01,-2.184913679957390e-02,2.080927044153214e-02
1609043719096845590,0,1609043719096845590,-3.931185245513916e+00,1.470842361450195e+00,2.099088191986084e+00,2.468438446521759e-02,-9.992030262947083e-01,-2.369834110140800e-02,2.055168338119984e-02
1609043719198637643,0,1609043719198637643,-4.003121852874756e+00,1.461982846260071e+00,2.108184576034546e+00,2.461715973913670e-02,-9.990184903144836e-01,-2.848572470247746e-02,2.333706058561802e-02
1609043719269932801,0,1609043719269932801,-4.061504840850830e+00,1.451898336410522e+00,2.113711595535278e+00,2.475784160196781e-02,-9.988505840301514e-01,-3.005975671112537e-02,2.794880233705044e-02
1609043719371868938,0,1609043719371868938,-4.142210483551025e+00,1.428695559501648e+00,2.123435974121094e+00,2.501020953059196e-02,-9.986208081245422e-01,-3.159706294536591e-02,3.365601226687431e-02
1609043719474426154,0,1609043719474426154,-4.224784374237061e+00,1.398672819137573e+00,2.141356945037842e+00,2.572401985526085e-02,-9.983351230621338e-01,-3.440215811133385e-02,3.849389404058456e-02
1609043719571997339,0,1609043719571997339,-4.302959918975830e+00,1.354328513145447e+00,2.127990961074829e+00,2.594812959432602e-02,-9.980730414390564e-01,-3.123743087053299e-02,4.691654816269875e-02
1609043719671463410,0,1609043719671463410,-4.371163368225098e+00,1.308471083641052e+00,2.131654262542725e+00,2.612319402396679e-02,-9.977765083312988e-01,-2.890555001795292e-02,5.407552793622017e-02
1609043719783365665,0,1609043719783365665,-4.435712814331055e+00,1.248651504516602e+00,2.118857145309448e+00,2.649970352649689e-02,-9.979947805404663e-01,-2.182650938630104e-02,5.317799374461174e-02
1609043719880241013,0,1609043719880241013,-4.482901096343994e+00,1.192277193069458e+00,2.125155687332153e+00,2.661586552858353e-02,-9.982691407203674e-01,-1.761719211935997e-02,4.939592257142067e-02
1609043719988382629,0,1609043719988382629,-4.527307033538818e+00,1.125986933708191e+00,2.126293182373047e+00,2.664646878838539e-02,-9.985941052436829e-01,-1.059924345463514e-02,4.458261281251907e-02
1609043720086076162,0,1609043720086076162,-4.556415557861328e+00,1.064026236534119e+00,2.134232521057129e+00,2.652900293469429e-02,-9.987818598747253e-01,-5.043968092650175e-03,4.130021110177040e-02
1609043720193715070,0,1609043720193715070,-4.583576679229736e+00,9.947291016578674e-01,2.121661663055420e+00,2.685949020087719e-02,-9.990435838699341e-01,-5.152040976099670e-04,3.449854999780655e-02
1609043720292075239,0,1609043720292075239,-4.605731964111328e+00,9.289311766624451e-01,2.113428592681885e+00,2.721625752747059e-02,-9.991931915283203e-01,1.550740911625326e-03,2.949319221079350e-02
1609043720363401950,0,1609043720363401950,-4.620175838470459e+00,8.770976066589355e-01,2.103080749511719e+00,2.742794342339039e-02,-9.992210268974304e-01,2.350408583879471e-03,2.827703021466732e-02
1609043720465723507,0,1609043720465723507,-4.637976646423340e+00,8.026221990585327e-01,2.090882539749146e+00,2.744132652878761e-02,-9.990929365158081e-01,3.742333967238665e-03,3.234541043639183e-02
1609043720568028357,0,1609043720568028357,-4.653265953063965e+00,7.345213294029236e-01,2.082505702972412e+00,2.799432165920734e-02,-9.990508556365967e-01,4.466565791517496e-03,3.307132795453072e-02
1609043720666602868,0,1609043720666602868,-4.667872905731201e+00,6.692463755607605e-01,2.075681209564209e+00,2.824571169912815e-02,-9.989990592002869e-01,4.660809412598610e-03,3.437047824263573e-02
1609043720776186952,0,1609043720776186952,-4.677892208099365e+00,6.020804047584534e-01,2.074799776077271e+00,2.853341028094292e-02,-9.990647435188293e-01,4.800039343535900e-03,3.213179484009743e-02
1609043720888996481,0,1609043720888996481,-4.688976764678955e+00,5.406494140625000e-01,2.079092264175415e+00,2.856843732297421e-02,-9.992122054100037e-01,4.556108731776476e-03,2.717052213847637e-02
1609043720985647994,0,1609043720985647994,-4.690301418304443e+00,4.886634647846222e-01,2.093151092529297e+00,2.855675667524338e-02,-9.993174076080322e-01,4.400085657835007e-03,2.301754988729954e-02
1609043721082283399,0,1609043721082283399,-4.692569255828857e+00,4.365672767162323e-01,2.118891477584839e+00,2.833766862750053e-02,-9.994105696678162e-01,1.482755527831614e-03,1.932401768863201e-02
1609043721184039777,0,1609043721184039777,-4.694480895996094e+00,3.808765709400177e-01,2.137212276458740e+00,2.834013663232327e-02,-9.994844198226929e-01,-2.268940210342407e-03,1.491980534046888e-02
1609043721286134057,0,1609043721286134057,-4.693089485168457e+00,3.252014219760895e-01,2.139450788497925e+00,2.832153439521790e-02,-9.995087981224060e-01,-4.709849134087563e-03,1.257030665874481e-02
1609043721393405693,0,1609043721393405693,-4.692178726196289e+00,2.651015818119049e-01,2.158550024032593e+00,2.843317948281765e-02,-9.994898438453674e-01,-9.510155767202377e-03,1.101219281554222e-02
1609043721463121452,0,1609043721463121452,-4.693471431732178e+00,2.183687686920166e-01,2.153255939483643e+00,2.849456109106541e-02,-9.994978308677673e-01,-8.754265494644642e-03,1.075202599167824e-02
1609043721570114552,0,1609043721570114552,-4.697474956512451e+00,1.530722379684448e-01,2.165394067764282e+00,2.868229709565639e-02,-9.994738698005676e-01,-1.085460931062698e-02,1.056021358817816e-02
1609043721673010633,0,1609043721673010633,-4.703519344329834e+00,8.565818518400192e-02,2.180224418640137e+00,2.889928035438061e-02,-9.994541406631470e-01,-1.205389667302370e-02,1.053397823125124e-02
1609043721774746468,0,1609043721774746468,-4.712011814117432e+00,1.819292083382607e-02,2.187926769256592e+00,2.901628799736500e-02,-9.994441270828247e-01,-1.255406159907579e-02,1.058549061417580e-02
1609043721866388324,0,1609043721866388324,-4.720656394958496e+00,-4.917572811245918e-02,2.197665214538574e+00,2.916449680924416e-02,-9.994082450866699e-01,-1.482172403484583e-02,1.062406506389380e-02
1609043721983647037,0,1609043721983647037,-4.730609893798828e+00,-1.354315578937531e-01,2.189319133758545e+00,2.936274744570255e-02,-9.994167089462280e-01,-1.346928626298904e-02,1.107625570148230e-02
1609043722080351933,0,1609043722080351933,-4.742112636566162e+00,-2.047705054283142e-01,2.190799474716187e+00,2.938821166753769e-02,-9.994130134582520e-01,-1.357217784970999e-02,1.121345534920692e-02
1609043722187836972,0,1609043722187836972,-4.753477096557617e+00,-2.841493487358093e-01,2.200206518173218e+00,2.932823449373245e-02,-9.994279742240906e-01,-1.274264510720968e-02,1.100812293589115e-02
1609043722290825010,0,1609043722290825010,-4.765285968780518e+00,-3.669076263904572e-01,2.214857816696167e+00,2.944949641823769e-02,-9.994166493415833e-01,-1.260986365377903e-02,1.183204911649227e-02
1609043722392631697,0,1609043722392631697,-4.777376174926758e+00,-4.483416080474854e-01,2.219051361083984e+00,2.958938851952553e-02,-9.994151592254639e-01,-1.179499644786119e-02,1.243515964597464e-02
1609043722491660889,0,1609043722491660889,-4.792015552520752e+00,-5.338854789733887e-01,2.219970703125000e+00,2.950021810829639e-02,-9.993903636932373e-01,-1.013711746782064e-02,1.568352431058884e-02
1609043722563080567,0,1609043722563080567,-4.803131580352783e+00,-6.057341694831848e-01,2.223743915557861e+00,2.964310906827450e-02,-9.993521571159363e-01,-9.651459753513336e-03,1.798274181783199e-02
1609043722665380894,0,1609043722665380894,-4.819352626800537e+00,-7.080576419830322e-01,2.233795881271362e+00,2.976555190980434e-02,-9.993101954460144e-01,-8.702416904270649e-03,2.043345943093300e-02
1609043722772201423,0,1609043722772201423,-4.831913471221924e+00,-8.093482851982117e-01,2.246375560760498e+00,2.999874018132687e-02,-9.992651939392090e-01,-7.937407121062279e-03,2.249730750918388e-02
1609043722863776896,0,1609043722863776896,-4.843672275543213e+00,-9.009792804718018e-01,2.255273342132568e+00,3.023494593799114e-02,-9.992222189903259e-01,-7.500348147004843e-03,2.417893148958683e-02
1609043722977529602,0,1609043722977529602,-4.854874610900879e+00,-1.006229996681213e+00,2.265693426132202e+00,3.039075061678886e-02,-9.992052316665649e-01,-7.975329644978046e-03,2.453342080116272e-02
1609043723074276694,0,1609043723074276694,-4.862875938415527e+00,-1.100075483322144e+00,2.273861646652222e+00,3.045600466430187e-02,-9.991734027862549e-01,-9.626689366996288e-03,2.514769881963730e-02
1609043723177616955,0,1609043723177616955,-4.871092796325684e+00,-1.201529860496521e+00,2.274828672409058e+00,3.050483390688896e-02,-9.991403222084045e-01,-1.074303872883320e-02,2.593903243541718e-02
1609043723284523034,0,1609043723284523034,-4.875055789947510e+00,-1.303816676139832e+00,2.271747112274170e+00,3.049665689468384e-02,-9.990965723991394e-01,-1.081218384206295e-02,2.755142375826836e-02
1609043723392328030,0,1609043723392328030,-4.874597072601318e+00,-1.404761552810669e+00,2.270850419998169e+00,3.078627958893776e-02,-9.991292357444763e-01,-9.959372691810131e-03,2.634220756590366e-02
1609043723484984412,0,1609043723484984412,-4.872937679290771e+00,-1.498107552528381e+00,2.276273965835571e+00,3.110453486442566e-02,-9.991458058357239e-01,-9.586603380739689e-03,2.546077221632004e-02
1609043723591711076,0,1609043723591711076,-4.879408359527588e+00,-1.599414467811584e+00,2.275286436080933e+00,3.434504568576813e-02,-9.990453124046326e-01,-8.007174357771873e-03,2.578140795230865e-02
1609043723663633402,0,1609043723663633402,-4.873794555664062e+00,-1.684170603752136e+00,2.271039724349976e+00,3.680253028869629e-02,-9.990386962890625e-01,-5.413917824625969e-03,2.319295890629292e-02
1609043723770418072,0,1609043723770418072,-4.862454414367676e+00,-1.807973504066467e+00,2.269936084747314e+00,4.021960496902466e-02,-9.990281462669373e-01,-3.116164123639464e-03,1.776331476867199e-02
1609043723867047183,0,1609043723867047183,-4.849129676818848e+00,-1.924193501472473e+00,2.265787363052368e+00,4.144567251205444e-02,-9.990152716636658e-01,-1.831082161515951e-03,1.572759263217449e-02
1609043723974038247,0,1609043723974038247,-4.840167522430420e+00,-2.040657281875610e+00,2.262353420257568e+00,4.328677803277969e-02,-9.989769458770752e-01,-7.226514280773699e-04,1.306781824678183e-02
1609043724071232895,0,1609043724071232895,-4.837819576263428e+00,-2.145246505737305e+00,2.262060642242432e+00,4.598344117403030e-02,-9.988684058189392e-01,9.951554966391996e-05,1.214088872075081e-02
1609043724178180347,0,1609043724178180347,-4.835073947906494e+00,-2.256539583206177e+00,2.256063938140869e+00,4.842123016715050e-02,-9.986984133720398e-01,4.654236836358905e-04,1.602406613528728e-02
1609043724285162773,0,1609043724285162773,-4.831247329711914e+00,-2.365586996078491e+00,2.248519182205200e+00,5.206449702382088e-02,-9.984217882156372e-01,1.198322745040059e-03,2.102372050285339e-02
1609043724387485612,0,1609043724387485612,-4.822749137878418e+00,-2.474918365478516e+00,2.243868589401245e+00,5.473589897155762e-02,-9.981691241264343e-01,1.872598659247160e-03,2.567213587462902e-02
1609043724489385264,0,1609043724489385264,-4.817012786865234e+00,-2.581798791885376e+00,2.246639490127563e+00,5.770149827003479e-02,-9.979125857353210e-01,1.958795590326190e-03,2.893298491835594e-02
1609043724592630594,0,1609043724592630594,-4.807507514953613e+00,-2.689663887023926e+00,2.226403474807739e+00,6.131574884057045e-02,-9.976972937583923e-01,7.515521720051765e-03,2.800307422876358e-02
1609043724694858849,0,1609043724694858849,-4.800330638885498e+00,-2.790267467498779e+00,2.202609062194824e+00,6.576652824878693e-02,-9.973184466362000e-01,1.626938953995705e-02,2.767848409712315e-02
1609043724766197050,0,1609043724766197050,-4.794524192810059e+00,-2.865696668624878e+00,2.201604604721069e+00,6.971462070941925e-02,-9.971043467521667e-01,1.604682765901089e-02,2.579403109848499e-02
1609043724868104823,0,1609043724868104823,-4.783107757568359e+00,-2.973463773727417e+00,2.202589988708496e+00,7.571565359830856e-02,-9.967138171195984e-01,1.762618124485016e-02,2.276225946843624e-02
1609043724969852643,0,1609043724969852643,-4.766754627227783e+00,-3.078899860382080e+00,2.194480895996094e+00,8.320533484220505e-02,-9.961225986480713e-01,1.973028667271137e-02,2.067426033318043e-02
1609043725073283980,0,1609043725073283980,-4.747971057891846e+00,-3.179476976394653e+00,2.182922124862671e+00,9.203398227691650e-02,-9.953898787498474e-01,2.044065855443478e-02,1.763449236750603e-02
1609043725221590817,0,1609043725221590817,-4.722904682159424e+00,-3.293120145797729e+00,2.168405532836914e+00,1.053837984800339e-01,-9.941141605377197e-01,1.871754042804241e-02,1.676257699728012e-02
1609043725282560814,0,1609043725282560814,-4.709126949310303e+00,-3.344282388687134e+00,2.166055679321289e+00,1.114087253808975e-01,-9.934823513031006e-01,1.709314994513988e-02,1.699154637753963e-02
1609043725379337123,0,1609043725379337123,-4.687810420989990e+00,-3.425634384155273e+00,2.156261920928955e+00,1.227840110659599e-01,-9.921123981475830e-01,1.357513573020697e-02,2.128070220351219e-02
1609043725481548206,0,1609043725481548206,-4.665690898895264e+00,-3.507038116455078e+00,2.151690483093262e+00,1.348269432783127e-01,-9.903277158737183e-01,1.438234746456146e-02,2.942386828362942e-02
1609043725593501430,0,1609043725593501430,-4.639725685119629e+00,-3.587927341461182e+00,2.151510238647461e+00,1.470430940389633e-01,-9.882089495658875e-01,1.382792461663485e-02,4.037693515419960e-02
1609043725690954428,0,1609043725690954428,-4.613967418670654e+00,-3.654573678970337e+00,2.154347658157349e+00,1.585471928119659e-01,-9.861894845962524e-01,1.308751292526722e-02,4.606387391686440e-02
1609043725792906127,0,1609043725792906127,-4.586431980133057e+00,-3.719604492187500e+00,2.140320301055908e+00,1.706108748912811e-01,-9.841497540473938e-01,1.198536995798349e-02,4.687680304050446e-02
1609043725874434954,0,1609043725874434954,-4.557639122009277e+00,-3.775219678878784e+00,2.138354063034058e+00,1.808527708053589e-01,-9.823374152183533e-01,1.308669708669186e-02,4.619750007987022e-02
1609043725966212873,0,1609043725966212873,-4.514955520629883e+00,-3.839183330535889e+00,2.130810499191284e+00,1.928089559078217e-01,-9.802065491676331e-01,1.801774092018604e-02,4.117252305150032e-02
1609043726073782744,0,1609043726073782744,-4.470123291015625e+00,-3.905367851257324e+00,2.120656251907349e+00,2.054429799318314e-01,-9.778336882591248e-01,2.123367227613926e-02,3.440311178565025e-02
1609043726172097244,0,1609043726172097244,-4.421932697296143e+00,-3.956982374191284e+00,2.128586292266846e+00,2.169363647699356e-01,-9.755255579948425e-01,2.025374025106430e-02,2.963492088019848e-02
1609043726274594775,0,1609043726274594775,-4.368879318237305e+00,-4.003511905670166e+00,2.111642837524414e+00,2.288715541362762e-01,-9.729970693588257e-01,1.998724788427353e-02,2.225007303059101e-02
1609043726381971658,0,1609043726381971658,-4.307916641235352e+00,-4.047440052032471e+00,2.114769697189331e+00,2.410645782947540e-01,-9.702008366584778e-01,1.809072494506836e-02,1.646149531006813e-02
1609043726480099746,0,1609043726480099746,-4.251406669616699e+00,-4.081147193908691e+00,2.120973348617554e+00,2.522436082363129e-01,-9.674333930015564e-01,1.551240310072899e-02,1.432139240205288e-02
1609043726582094881,0,1609043726582094881,-4.192369461059570e+00,-4.108902931213379e+00,2.114008188247681e+00,2.636522352695465e-01,-9.644560813903809e-01,1.219299994409084e-02,1.277629192918539e-02
1609043726688997916,0,1609043726688997916,-4.130392074584961e+00,-4.135676383972168e+00,2.103342294692993e+00,2.751350998878479e-01,-9.611331820487976e-01,1.713583059608936e-02,1.517044380307198e-02
1609043726796839714,0,1609043726796839714,-4.080864906311035e+00,-4.160581111907959e+00,2.115830659866333e+00,2.864720225334167e-01,-9.577999711036682e-01,1.466197799891233e-02,1.838468760251999e-02
1609043726888633043,0,1609043726888633043,-4.034391880035400e+00,-4.179107666015625e+00,2.108777046203613e+00,2.961807548999786e-01,-9.548386931419373e-01,1.458243839442730e-02,1.863929629325867e-02
1609043726965211554,0,1609043726965211554,-3.992725610733032e+00,-4.194629669189453e+00,2.100855350494385e+00,3.048405945301056e-01,-9.521132111549377e-01,1.469162199646235e-02,1.835596188902855e-02
1609043727072243737,0,1609043727072243737,-3.939392566680908e+00,-4.214365005493164e+00,2.089105367660522e+00,3.161159455776215e-01,-9.484283924102783e-01,1.446477230638266e-02,1.857526227831841e-02
1609043727169028768,0,1609043727169028768,-3.892192125320435e+00,-4.227763175964355e+00,2.084071159362793e+00,3.261629045009613e-01,-9.450314640998840e-01,1.313692703843117e-02,1.899509690701962e-02
1609043727265770889,0,1609043727265770889,-3.841992855072021e+00,-4.237129688262939e+00,2.082425594329834e+00,3.348254859447479e-01,-9.420366287231445e-01,1.057476736605167e-02,1.863456703722477e-02
1609043727372730654,0,1609043727372730654,-3.788562536239624e+00,-4.245509147644043e+00,2.078150749206543e+00,3.403638601303101e-01,-9.400929808616638e-01,7.088554091751575e-03,1.809282228350639e-02
1609043727475568592,0,1609043727475568592,-3.739870786666870e+00,-4.243692398071289e+00,2.082247257232666e+00,3.448967635631561e-01,-9.384553432464600e-01,4.157082177698612e-03,1.817859150469303e-02
1609043727577567749,0,1609043727577567749,-3.692023754119873e+00,-4.237151622772217e+00,2.093602895736694e+00,3.478314280509949e-01,-9.373724460601807e-01,-2.974524104502052e-04,1.860280893743038e-02
1609043727690278357,0,1609043727690278357,-3.640834093093872e+00,-4.231060028076172e+00,2.097601413726807e+00,3.496197164058685e-01,-9.367044568061829e-01,-2.729000756517053e-03,1.853220351040363e-02
1609043727783849009,0,1609043727783849009,-3.595747470855713e+00,-4.223558425903320e+00,2.086630344390869e+00,3.508262634277344e-01,-9.363691806793213e-01,-1.554051763378084e-03,1.145869120955467e-02
1609043727886988180,0,1609043727886988180,-3.550398349761963e+00,-4.218939781188965e+00,2.098383188247681e+00,3.513792753219604e-01,-9.361995458602905e-01,-4.255892243236303e-03,6.710963323712349e-03
1609043727994006400,0,1609043727994006400,-3.496973037719727e+00,-4.211172580718994e+00,2.091189861297607e+00,3.516157865524292e-01,-9.361277818679810e-01,-4.857679363340139e-03,-2.760502276942134e-03
1609043728065421985,0,1609043728065421985,-3.461420774459839e+00,-4.210541248321533e+00,2.096766471862793e+00,3.516248762607574e-01,-9.360638856887817e-01,-5.633572116494179e-03,-1.061947923153639e-02
1609043728172436621,0,1609043728172436621,-3.410470008850098e+00,-4.209827899932861e+00,2.102302789688110e+00,3.517507612705231e-01,-9.358784556388855e-01,-5.930125713348389e-03,-1.917928270995617e-02
1609043728274521174,0,1609043728274521174,-3.366316318511963e+00,-4.210190296173096e+00,2.119086980819702e+00,3.518271148204803e-01,-9.356644749641418e-01,-6.014779675751925e-03,-2.671191655099392e-02
1609043728370245297,0,1609043728370245297,-3.333541154861450e+00,-4.214628219604492e+00,2.124409198760986e+00,3.518773019313812e-01,-9.355281591415405e-01,-5.764121189713478e-03,-3.059665113687515e-02
1609043728472219911,0,1609043728472219911,-3.311201333999634e+00,-4.225811958312988e+00,2.121401548385620e+00,3.520665764808655e-01,-9.356387853622437e-01,-6.016542669385672e-03,-2.435177750885487e-02
1609043728579095788,0,1609043728579095788,-3.295926094055176e+00,-4.241974830627441e+00,2.125224828720093e+00,3.521981239318848e-01,-9.357354640960693e-01,-9.854912757873535e-03,-1.607946865260601e-02
1609043728681213813,0,1609043728681213813,-3.287611246109009e+00,-4.259849071502686e+00,2.128221750259399e+00,3.526211678981781e-01,-9.356085062026978e-01,-1.506625674664974e-02,-8.256028406322002e-03
1609043728789678330,0,1609043728789678330,-3.285351514816284e+00,-4.284004688262939e+00,2.112446308135986e+00,3.527315258979797e-01,-9.355263113975525e-01,-1.918702386319637e-02,1.672682119533420e-03
1609043728892656555,0,1609043728892656555,-3.288733243942261e+00,-4.309545040130615e+00,2.106087923049927e+00,3.527241945266724e-01,-9.354101419448853e-01,-2.239254862070084e-02,9.598625823855400e-03
1609043728989456144,0,1609043728989456144,-3.290084362030029e+00,-4.338013172149658e+00,2.100605726242065e+00,3.527115583419800e-01,-9.352413415908813e-01,-2.623611129820347e-02,1.516434084624052e-02
1609043729086733888,0,1609043729086733888,-3.294418096542358e+00,-4.376771926879883e+00,2.093007087707520e+00,3.525552153587341e-01,-9.351101517677307e-01,-2.971726097166538e-02,1.976335793733597e-02
1609043729163155016,0,1609043729163155016,-3.293069839477539e+00,-4.411739349365234e+00,2.088832616806030e+00,3.525075018405914e-01,-9.351001977920532e-01,-2.985179051756859e-02,2.085310593247414e-02
1609043729271437512,0,1609043729271437512,-3.283543109893799e+00,-4.463245868682861e+00,2.080381631851196e+00,3.524721264839172e-01,-9.352757334709167e-01,-2.454589121043682e-02,2.049854211509228e-02
1609043729373345487,0,1609043729373345487,-3.267732381820679e+00,-4.515110492706299e+00,2.092852830886841e+00,3.538888096809387e-01,-9.349225759506226e-01,-1.858592219650745e-02,1.836056634783745e-02
1609043729475290521,0,1609043729475290521,-3.247844219207764e+00,-4.568616867065430e+00,2.103600263595581e+00,3.567221760749817e-01,-9.339872598648071e-01,-1.260912325233221e-02,1.606585644185543e-02
1609043729576995874,0,1609043729576995874,-3.222621202468872e+00,-4.631227493286133e+00,2.126991271972656e+00,3.595753908157349e-01,-9.329811930656433e-01,-7.895375601947308e-03,1.376077346503735e-02
1609043729679117792,0,1609043729679117792,-3.192561626434326e+00,-4.692036628723145e+00,2.140900850296021e+00,3.637757897377014e-01,-9.314010739326477e-01,-4.007660318166018e-03,1.196523103863001e-02
1609043729781566805,0,1609043729781566805,-3.161545991897583e+00,-4.753347396850586e+00,2.155849933624268e+00,3.683596253395081e-01,-9.296178817749023e-01,-1.972154946997762e-03,1.085640024393797e-02
1609043729883373601,0,1609043729883373601,-3.132485866546631e+00,-4.812044143676758e+00,2.164748191833496e+00,3.736861646175385e-01,-9.274958968162537e-01,-9.312849724665284e-04,1.044800784438848e-02
1609043729980192188,0,1609043729980192188,-3.105728149414062e+00,-4.869753360748291e+00,2.171850681304932e+00,3.787371516227722e-01,-9.254435300827026e-01,-1.080640126019716e-03,1.054898463189602e-02
1609043730087244311,0,1609043730087244311,-3.077755451202393e+00,-4.927471637725830e+00,2.183098793029785e+00,3.838812708854675e-01,-9.233184456825256e-01,-1.458625891245902e-03,1.077465061098337e-02
1609043730189207761,0,1609043730189207761,-3.054890632629395e+00,-4.983267784118652e+00,2.190377950668335e+00,3.888547718524933e-01,-9.212310314178467e-01,-2.130807144567370e-03,1.099499315023422e-02
1609043730260992648,0,1609043730260992648,-3.037330389022827e+00,-5.024472713470459e+00,2.199031591415405e+00,3.934352099895477e-01,-9.192851781845093e-01,-1.927065895870328e-03,1.094947382807732e-02
1609043730362955277,0,1609043730362955277,-3.012703895568848e+00,-5.078376293182373e+00,2.204824447631836e+00,3.997798860073090e-01,-9.165568351745605e-01,-2.235612046206370e-04,9.980214759707451e-03
1609043730465025208,0,1609043730465025208,-2.987615346908569e+00,-5.132936954498291e+00,2.212505340576172e+00,4.067275524139404e-01,-9.135049581527710e-01,4.234001040458679e-03,7.967091165482998e-03
1609043730567084171,0,1609043730567084171,-2.965294599533081e+00,-5.187212467193604e+00,2.218837022781372e+00,4.144430458545685e-01,-9.100146889686584e-01,8.109000511467457e-03,6.670878268778324e-03
1609043730679925975,0,1609043730679925975,-2.939204692840576e+00,-5.243345737457275e+00,2.233083724975586e+00,4.231525957584381e-01,-9.059675931930542e-01,1.161112915724516e-02,5.469085648655891e-03
1609043730777901924,0,1609043730777901924,-2.919405460357666e+00,-5.293696880340576e+00,2.238693237304688e+00,4.312699437141418e-01,-9.021500349044800e-01,1.034591719508171e-02,4.945243708789349e-03
1609043730886414618,0,1609043730886414618,-2.899070024490356e+00,-5.344685554504395e+00,2.230991840362549e+00,4.399754703044891e-01,-8.979353904724121e-01,1.057561859488487e-02,4.676325246691704e-03
1609043730983250035,0,1609043730983250035,-2.883862495422363e+00,-5.388479232788086e+00,2.224370956420898e+00,4.458714425563812e-01,-8.950188755989075e-01,1.097824890166521e-02,4.405107814818621e-03
1609043731090584501,0,1609043731090584501,-2.868579864501953e+00,-5.437794685363770e+00,2.230413436889648e+00,4.500371515750885e-01,-8.929069042205811e-01,1.128972042351961e-02,7.506914436817169e-03
1609043731187532277,0,1609043731187532277,-2.861000537872314e+00,-5.475805759429932e+00,2.244169473648071e+00,4.538456797599792e-01,-8.909029364585876e-01,1.312646456062794e-02,1.199647411704063e-02
1609043731289132932,0,1609043731289132932,-2.855148553848267e+00,-5.509480953216553e+00,2.236023902893066e+00,4.563629031181335e-01,-8.895262479782104e-01,1.446142327040434e-02,1.633546687662601e-02
1609043731365599316,0,1609043731365599316,-2.849619626998901e+00,-5.534849166870117e+00,2.220026969909668e+00,4.574151933193207e-01,-8.888472914695740e-01,1.653120666742325e-02,2.118009701371193e-02
1609043731462846772,0,1609043731462846772,-2.848457336425781e+00,-5.566738605499268e+00,2.197288274765015e+00,4.585531651973724e-01,-8.880767822265625e-01,1.870591752231121e-02,2.643506042659283e-02
1609043731559612484,0,1609043731559612484,-2.847080230712891e+00,-5.593152046203613e+00,2.178898811340332e+00,4.592921137809753e-01,-8.874931335449219e-01,2.058519609272480e-02,3.135248273611069e-02
1609043731676941362,0,1609043731676941362,-2.840189933776855e+00,-5.614247798919678e+00,2.161995172500610e+00,4.596686959266663e-01,-8.870623707771301e-01,2.289300598204136e-02,3.607061505317688e-02
1609043731773637420,0,1609043731773637420,-2.833142518997192e+00,-5.625429630279541e+00,2.150639057159424e+00,4.597675502300262e-01,-8.868570327758789e-01,2.434021793305874e-02,3.880932554602623e-02
1609043731876051599,0,1609043731876051599,-2.824921846389771e+00,-5.630787372589111e+00,2.137219429016113e+00,4.598301053047180e-01,-8.866360783576965e-01,2.525080740451813e-02,4.237053170800209e-02
1609043731983791697,0,1609043731983791697,-2.811258554458618e+00,-5.630373954772949e+00,2.129409074783325e+00,4.597932100296021e-01,-8.864906430244446e-01,2.099733240902424e-02,4.778786003589630e-02
1609043732080461445,0,1609043732080461445,-2.796282768249512e+00,-5.617707729339600e+00,2.124169826507568e+00,4.597096443176270e-01,-8.862553834915161e-01,1.931290514767170e-02,5.334415659308434e-02
1609043732187252070,0,1609043732187252070,-2.771890878677368e+00,-5.595335960388184e+00,2.113653182983398e+00,4.596164226531982e-01,-8.860523104667664e-01,1.591673493385315e-02,5.840014293789864e-02
1609043732289525651,0,1609043732289525651,-2.744120836257935e+00,-5.568408489227295e+00,2.099915504455566e+00,4.594166576862335e-01,-8.859275579452515e-01,1.137096993625164e-02,6.276471912860870e-02
1609043732391584973,0,1609043732391584973,-2.710911750793457e+00,-5.532917499542236e+00,2.073102712631226e+00,4.592862725257874e-01,-8.860252499580383e-01,7.285992614924908e-03,6.294616311788559e-02
1609043732463046074,0,1609043732463046074,-2.676054954528809e+00,-5.501183986663818e+00,2.045607328414917e+00,4.592281877994537e-01,-8.864871859550476e-01,5.007287953048944e-03,5.678777396678925e-02
1609043732570297723,0,1609043732570297723,-2.617993831634521e+00,-5.443816184997559e+00,2.024247407913208e+00,4.592787623405457e-01,-8.870238661766052e-01,2.764769131317735e-03,4.737111926078796e-02
1609043732672564344,0,1609043732672564344,-2.555747032165527e+00,-5.389990806579590e+00,2.008795261383057e+00,4.592324495315552e-01,-8.874126076698303e-01,-3.229130234103650e-04,4.005359858274460e-02
1609043732769379772,0,1609043732769379772,-2.487162113189697e+00,-5.337727546691895e+00,1.994684576988220e+00,4.590437114238739e-01,-8.878699541091919e-01,-1.210035523399711e-03,3.105504065752029e-02
1609043732876726772,0,1609043732876726772,-2.409295558929443e+00,-5.276391983032227e+00,1.999140381813049e+00,4.590169489383698e-01,-8.881279826164246e-01,-2.400227676844224e-04,2.306650206446648e-02
1609043732978991682,0,1609043732978991682,-2.337288379669189e+00,-5.219320297241211e+00,1.972485899925232e+00,4.591205716133118e-01,-8.883100748062134e-01,-5.787346162833273e-05,1.065489090979099e-02
1609043733081354909,0,1609043733081354909,-2.255941390991211e+00,-5.157376766204834e+00,1.968427181243896e+00,4.590960144996643e-01,-8.883661031723022e-01,1.289896084927022e-03,5.905892234295607e-03
1609043733189155692,0,1609043733189155692,-2.173991441726685e+00,-5.096925258636475e+00,1.976797461509705e+00,4.592315554618835e-01,-8.881881237030029e-01,1.289192587137222e-03,1.505499240010977e-02
1609043733285763095,0,1609043733285763095,-2.105777978897095e+00,-5.049797058105469e+00,1.964652419090271e+00,4.593454301357269e-01,-8.881400227546692e-01,4.063452593982220e-03,1.387850847095251e-02
1609043733387540954,0,1609043733387540954,-2.038035869598389e+00,-5.000791549682617e+00,1.942293405532837e+00,4.593638479709625e-01,-8.880442380905151e-01,4.062608350068331e-03,1.859974674880505e-02
1609043733484443791,0,1609043733484443791,-1.975633621215820e+00,-4.945632934570312e+00,1.915714025497437e+00,4.593813121318817e-01,-8.880296349525452e-01,3.992629703134298e-03,1.887729950249195e-02
1609043733560834917,0,1609043733560834917,-1.921657681465149e+00,-4.904267311096191e+00,1.906202077865601e+00,4.593409597873688e-01,-8.880285024642944e-01,3.968740347772837e-03,1.988833583891392e-02
1609043733663049661,0,1609043733663049661,-1.852510929107666e+00,-4.852019786834717e+00,1.894668459892273e+00,4.593736231327057e-01,-8.880416154861450e-01,3.134331433102489e-03,1.865873113274574e-02
1609043733770042199,0,1609043733770042199,-1.776695251464844e+00,-4.790182590484619e+00,1.893467187881470e+00,4.593575596809387e-01,-8.880969882011414e-01,2.300255699083209e-03,1.640767417848110e-02
1609043733871725770,0,1609043733871725770,-1.702564597129822e+00,-4.728477478027344e+00,1.892286062240601e+00,4.594663977622986e-01,-8.880711793899536e-01,2.186408964917064e-03,1.468377467244864e-02
1609043733968329556,0,1609043733973398148,-1.629839301109314e+00,-4.669220447540283e+00,1.905148029327393e+00,4.595943093299866e-01,-8.879967927932739e-01,3.174446523189545e-03,1.499633584171534e-02
1609043734080224777,0,1609043734080224777,-1.556157827377319e+00,-4.609789848327637e+00,1.928308010101318e+00,4.595722854137421e-01,-8.879539370536804e-01,3.084921743720770e-03,1.793696545064449e-02
1609043734182234069,0,1609043734182234069,-1.488643884658813e+00,-4.548952579498291e+00,1.925238847732544e+00,4.597730040550232e-01,-8.878515958786011e-01,4.784027114510536e-03,1.747918874025345e-02
1609043734289816760,0,1609043734289816760,-1.416649580001831e+00,-4.489496231079102e+00,1.921655416488647e+00,4.597892165184021e-01,-8.878509402275085e-01,4.347906913608313e-03,1.719573698937893e-02
1609043734391978303,0,1609043734391978303,-1.346737861633301e+00,-4.432662487030029e+00,1.915311098098755e+00,4.597610235214233e-01,-8.878539800643921e-01,3.843923565000296e-03,1.790049299597740e-02
1609043734488949734,0,1609043734488949734,-1.279370188713074e+00,-4.374262809753418e+00,1.904621720314026e+00,4.596897959709167e-01,-8.879283666610718e-01,3.385588992387056e-03,1.603560708463192e-02
1609043734586231322,0,1609043734586231322,-1.211809396743774e+00,-4.315120697021484e+00,1.904777407646179e+00,4.597676694393158e-01,-8.879358768463135e-01,3.037242684513330e-03,1.320395432412624e-02
1609043734662623900,0,1609043734662623900,-1.151235818862915e+00,-4.264562129974365e+00,1.916165351867676e+00,4.596507549285889e-01,-8.880051970481873e-01,2.861325861886144e-03,1.264182664453983e-02
1609043734764432842,0,1609043734764432842,-1.075409650802612e+00,-4.198711395263672e+00,1.930005908012390e+00,4.596567451953888e-01,-8.880143165588379e-01,2.832023426890373e-03,1.176059711724520e-02
1609043734866151496,0,1609043734866151496,-1.003223180770874e+00,-4.138066291809082e+00,1.938132405281067e+00,4.596133828163147e-01,-8.880510330200195e-01,2.576539758592844e-03,1.069015078246593e-02
1609043734973070235,0,1609043734973070235,-9.303608536720276e-01,-4.074893474578857e+00,1.941126346588135e+00,4.595773220062256e-01,-8.880852460861206e-01,2.660304075106978e-03,9.285572916269302e-03
1609043735075112740,0,1609043735075112740,-8.620365262031555e-01,-4.014701843261719e+00,1.943353891372681e+00,4.595379531383514e-01,-8.881132602691650e-01,1.795197254978120e-03,8.753417991101742e-03
1609043735178541893,0,1609043735178541893,-7.950460314750671e-01,-3.958352327346802e+00,1.954075455665588e+00,4.594708383083344e-01,-8.880791664123535e-01,-3.870269982144237e-03,1.367793325334787e-02
1609043735275242885,0,1609043735275242885,-7.319043874740601e-01,-3.901294469833374e+00,1.951610326766968e+00,4.595446586608887e-01,-8.879891633987427e-01,-5.974621511995792e-03,1.607142761349678e-02
1609043735382155019,0,1609043735382155019,-6.681506037712097e-01,-3.835392236709595e+00,1.935195684432983e+00,4.596900045871735e-01,-8.879770636558533e-01,-5.144337192177773e-03,1.246338710188866e-02
1609043735489117975,0,1609043735489117975,-6.017249226570129e-01,-3.771648645401001e+00,1.925200939178467e+00,4.596454799175262e-01,-8.880316019058228e-01,-2.163314493373036e-03,1.101977378129959e-02
1609043735590878484,0,1609043735590878484,-5.335190892219543e-01,-3.722905397415161e+00,1.946545243263245e+00,4.594278633594513e-01,-8.881442546844482e-01,-2.748352941125631e-03,1.087909098714590e-02
1609043735692805370,0,1609043735692805370,-4.708599746227264e-01,-3.672986030578613e+00,1.955983042716980e+00,4.595125317573547e-01,-8.881159424781799e-01,-1.908194739371538e-03,9.733947925269604e-03
1609043735755023779,0,1609043735755023779,-4.218502342700958e-01,-3.638181447982788e+00,1.962050676345825e+00,4.595992863178253e-01,-8.880793452262878e-01,-1.890295650810003e-03,8.946745656430721e-03
1609043735862972129,0,1609043735862972129,-3.447289168834686e-01,-3.581629514694214e+00,1.966570377349854e+00,4.593910276889801e-01,-8.882003426551819e-01,-7.002488127909601e-04,7.716247811913490e-03
1609043735959577874,0,1609043735959577874,-2.770397067070007e-01,-3.530649423599243e+00,1.974647045135498e+00,4.594225287437439e-01,-8.881903290748596e-01,-9.462855523452163e-04,6.935612298548222e-03
1609043736072160511,0,1609043736072160511,-2.077053040266037e-01,-3.475879669189453e+00,1.976748108863831e+00,4.594390392303467e-01,-8.881872892379761e-01,-4.772031388711184e-04,6.249939091503620e-03
1609043736174676844,0,1609043736174676844,-1.466006785631180e-01,-3.428873300552368e+00,1.988035917282104e+00,4.595927298069000e-01,-8.880539536476135e-01,-5.673946347087622e-03,1.012492738664150e-02
1609043736281645076,0,1609043736281645076,-8.610251545906067e-02,-3.376338720321655e+00,1.987733006477356e+00,4.595763981342316e-01,-8.880302906036377e-01,-3.494471311569214e-04,1.383970119059086e-02
1609043736378576308,0,1609043736378576308,-2.793178521096706e-02,-3.335200071334839e+00,1.993839502334595e+00,4.595438539981842e-01,-8.879832029342651e-01,-2.286563627421856e-03,1.731873303651810e-02
1609043736480543344,0,1609043736480543344,3.224172443151474e-02,-3.291774511337280e+00,1.989671707153320e+00,4.594958722591400e-01,-8.880870342254639e-01,-9.402688592672348e-04,1.280736271291971e-02
1609043736592756009,0,1609043736592756009,9.228455275297165e-02,-3.248115062713623e+00,1.998287200927734e+00,4.595121741294861e-01,-8.880942463874817e-01,-9.526373469270766e-04,1.167996041476727e-02
1609043736689479050,0,1609043736689479050,1.462507396936417e-01,-3.211164236068726e+00,1.997568964958191e+00,4.593952894210815e-01,-8.881715536117554e-01,5.279259057715535e-04,1.034157816320658e-02
1609043736786261075,0,1609043736786261075,2.031719237565994e-01,-3.175140380859375e+00,1.998830318450928e+00,4.592822194099426e-01,-8.882551789283752e-01,9.783030254766345e-04,7.854281924664974e-03
1609043736867680695,0,1609043736867680695,2.567229270935059e-01,-3.135843753814697e+00,1.997939586639404e+00,4.593263566493988e-01,-8.882452249526978e-01,8.895370992831886e-04,6.241276394575834e-03
1609043736957656035,0,1609043736957656035,3.179533183574677e-01,-3.088722467422485e+00,2.002196788787842e+00,4.594492316246033e-01,-8.881795406341553e-01,2.390465699136257e-03,6.142513360828161e-03
1609043737067236595,0,1609043737067236595,3.821447789669037e-01,-3.040293931961060e+00,2.002905845642090e+00,4.595158398151398e-01,-8.881055116653442e-01,4.237748682498932e-03,9.791154414415359e-03
1609043737169132519,0,1609043737169132519,4.362226426601410e-01,-2.999987602233887e+00,2.001277208328247e+00,4.594974219799042e-01,-8.881244063377380e-01,4.392197821289301e-03,8.825345896184444e-03
1609043737276394074,0,1609043737276394074,4.898383021354675e-01,-2.957809448242188e+00,1.999298572540283e+00,4.596020281314850e-01,-8.880951404571533e-01,2.975732553750277e-03,6.649235729128122e-03
1609043737374238356,0,1609043737374238356,5.369767546653748e-01,-2.924777269363403e+00,1.996995449066162e+00,4.594842493534088e-01,-8.881598711013794e-01,2.789648482576013e-03,6.214876193553209e-03
1609043737481331700,0,1609043737481331700,5.860528945922852e-01,-2.885569095611572e+00,1.995875239372253e+00,4.594863951206207e-01,-8.881598114967346e-01,3.802354913204908e-03,5.473255179822445e-03
1609043737583241094,0,1609043737583241094,6.375144720077515e-01,-2.847270965576172e+00,2.014235734939575e+00,4.594800174236298e-01,-8.881279826164246e-01,-7.745791226625443e-04,1.030871924012899e-02
1609043737686295241,0,1609043737686295241,6.786579489707947e-01,-2.802526950836182e+00,2.010279178619385e+00,4.597156643867493e-01,-8.880314826965332e-01,-2.196956338593736e-04,7.852964103221893e-03
1609043737793080554,0,1609043737793080554,7.223045229911804e-01,-2.763208150863647e+00,2.006301403045654e+00,4.597151279449463e-01,-8.880048394203186e-01,-2.427356084808707e-03,1.017484068870544e-02
1609043737884764882,0,1609043737884764882,7.642044425010681e-01,-2.729492187500000e+00,2.004917860031128e+00,4.597512185573578e-01,-8.879220485687256e-01,-4.262212198227644e-03,1.432082988321781e-02
1609043737961716306,0,1609043737961716306,8.022370338439941e-01,-2.698264122009277e+00,1.999670624732971e+00,4.597963094711304e-01,-8.878427147865295e-01,-5.529119167476892e-03,1.709056831896305e-02
1609043738063493271,0,1609043738063493271,8.534675240516663e-01,-2.654389381408691e+00,1.994072794914246e+00,4.598061144351959e-01,-8.877664804458618e-01,-7.115973159670830e-03,1.996168866753578e-02
1609043738165560436,0,1609043738165560436,9.011826515197754e-01,-2.617892503738403e+00,1.985456347465515e+00,4.597705006599426e-01,-8.877371549606323e-01,-7.540974766016006e-03,2.184225805103779e-02
1609043738272702427,0,1609043738272702427,9.495912790298462e-01,-2.579861879348755e+00,1.964038133621216e+00,4.597794413566589e-01,-8.878727555274963e-01,-4.144988488405943e-03,1.635627262294292e-02
1609043738375997103,0,1609043738375997103,1.003873229026794e+00,-2.550908088684082e+00,1.965853571891785e+00,4.595815539360046e-01,-8.880251049995422e-01,-4.945841617882252e-03,1.310713868588209e-02
1609043738474089600,0,1609043738474089600,1.050854086875916e+00,-2.520107746124268e+00,1.954823374748230e+00,4.596420228481293e-01,-8.880823254585266e-01,-2.603170694783330e-03,5.685749929398298e-03
1609043738579256557,0,1609043738579256557,1.106762051582336e+00,-2.491101741790771e+00,1.946768760681152e+00,4.596208930015564e-01,-8.881041407585144e-01,-1.170245930552483e-03,4.277304746210575e-03
1609043738681853862,0,1609043738681853862,1.158283710479736e+00,-2.463398456573486e+00,1.942324042320251e+00,4.598046541213989e-01,-8.880135416984558e-01,-5.871544708497822e-04,3.374254563823342e-03
1609043738788737660,0,1609043738788737660,1.209299564361572e+00,-2.437168836593628e+00,1.933887839317322e+00,4.600753784179688e-01,-8.878726959228516e-01,1.543150865472853e-04,3.569390624761581e-03
1609043738886118828,0,1609043738886118828,1.254314899444580e+00,-2.416083097457886e+00,1.929097414016724e+00,4.601076543331146e-01,-8.878500461578369e-01,5.198433646000922e-04,4.807193297892809e-03
1609043738992921753,0,1609043738992921753,1.297990798950195e+00,-2.390549898147583e+00,1.920382499694824e+00,4.601944386959076e-01,-8.877857923507690e-01,7.082003867253661e-04,7.549903355538845e-03
1609043739064118347,0,1609043739064118347,1.331024169921875e+00,-2.372545003890991e+00,1.913468241691589e+00,4.601426720619202e-01,-8.877971172332764e-01,1.230202964507043e-03,9.141960181295872e-03
1609043739165842235,0,1609043739165842235,1.374290466308594e+00,-2.350946187973022e+00,1.900075078010559e+00,4.600695669651031e-01,-8.878081440925598e-01,1.978034852072597e-03,1.135285198688507e-02
1609043739267986256,0,1609043739267986256,1.415323019027710e+00,-2.331827640533447e+00,1.892800807952881e+00,4.599607586860657e-01,-8.878293633460999e-01,2.106909640133381e-03,1.380803249776363e-02
1609043739370036720,0,1609043739370036720,1.455505490303040e+00,-2.308330059051514e+00,1.886341691017151e+00,4.598346352577209e-01,-8.879204392433167e-01,2.080457750707865e-03,1.204840373247862e-02
1609043739466961348,0,1609043739466961348,1.496598005294800e+00,-2.287878274917603e+00,1.886889576911926e+00,4.597472250461578e-01,-8.879560828208923e-01,6.164393271319568e-04,1.289274357259274e-02
1609043739573876347,0,1609043739573876347,1.536962270736694e+00,-2.263109922409058e+00,1.884861707687378e+00,4.596475064754486e-01,-8.880066275596619e-01,-3.083321789745241e-04,1.297451835125685e-02
1609043739685895621,0,1609043739685895621,1.578477025032043e+00,-2.237330436706543e+00,1.887002468109131e+00,4.595555365085602e-01,-8.880339264869690e-01,-2.108453772962093e-03,1.414467580616474e-02
1609043739781641187,0,1609043739781641187,1.615986585617065e+00,-2.212554216384888e+00,1.885845065116882e+00,4.594761133193970e-01,-8.880756497383118e-01,-3.231730777770281e-03,1.388803496956825e-02
1609043739883581370,0,1609043739883581370,1.657285809516907e+00,-2.185616254806519e+00,1.889949202537537e+00,4.594074189662933e-01,-8.880875110626221e-01,-5.096097476780415e-03,1.481670886278152e-02
1609043739991606378,0,1609043739991606378,1.697676658630371e+00,-2.160727262496948e+00,1.891365647315979e+00,4.593851566314697e-01,-8.880921602249146e-01,-4.623298998922110e-03,1.537338271737099e-02
1609043740088219430,0,1609043740088219430,1.734447121620178e+00,-2.141527414321899e+00,1.894965767860413e+00,4.592137038707733e-01,-8.881773352622986e-01,-3.318764967843890e-03,1.590333692729473e-02
1609043740164539441,0,1609043740164539441,1.768034338951111e+00,-2.125041961669922e+00,1.899765014648438e+00,4.590767621994019e-01,-8.882380127906799e-01,-2.682002494111657e-03,1.656988821923733e-02
1609043740266395086,0,1609043740266395086,1.813022732734680e+00,-2.110161304473877e+00,1.898298263549805e+00,4.589275419712067e-01,-8.882916569709778e-01,-2.201129449531436e-03,1.784669607877731e-02
1609043740362994350,0,1609043740362994350,1.857289910316467e+00,-2.097543954849243e+00,1.902172803878784e+00,4.587773382663727e-01,-8.883613944053650e-01,-1.615084125660360e-03,1.829746738076210e-02
1609043740470028146,0,1609043740470028146,1.904528379440308e+00,-2.076986551284790e+00,1.910484790802002e+00,4.588089585304260e-01,-8.883609175682068e-01,1.074765823432244e-04,1.758485846221447e-02
1609043740574136919,0,1609043740574136919,1.948634147644043e+00,-2.061391830444336e+00,1.911171197891235e+00,4.587449431419373e-01,-8.884241580963135e-01,1.454094424843788e-03,1.592108234763145e-02
1609043740669904750,0,1609043740669904750,1.994747519493103e+00,-2.045832633972168e+00,1.916104078292847e+00,4.585480093955994e-01,-8.885498046875000e-01,2.756970701739192e-03,1.433474197983742e-02
1609043740777311784,0,1609043740777311784,2.039562702178955e+00,-2.026790618896484e+00,1.914423227310181e+00,4.584840536117554e-01,-8.886060714721680e-01,3.927648533135653e-03,1.250378228724003e-02
1609043740884094861,0,1609043740884094861,2.085317134857178e+00,-2.006618738174438e+00,1.915170669555664e+00,4.585043489933014e-01,-8.886069655418396e-01,4.841827321797609e-03,1.131622120738029e-02
1609043740982479123,0,1609043740982479123,2.127135515213013e+00,-1.988159894943237e+00,1.918594717979431e+00,4.584786891937256e-01,-8.886296153068542e-01,5.002166610211134e-03,1.047734357416630e-02
1609043741089321062,0,1609043741089321062,2.169674158096313e+00,-1.967461347579956e+00,1.923345088958740e+00,4.585769176483154e-01,-8.885613679885864e-01,4.815128166228533e-03,1.195637974888086e-02
1609043741191381809,0,1609043741191381809,2.206555128097534e+00,-1.945268154144287e+00,1.914519906044006e+00,4.587716162204742e-01,-8.884562849998474e-01,6.218617316335440e-03,1.163631025701761e-02
1609043741257559188,0,1609043741257559188,2.235579729080200e+00,-1.927804350852966e+00,1.912919759750366e+00,4.588393568992615e-01,-8.884184360504150e-01,6.304779555648565e-03,1.180397160351276e-02
1609043741369603250,0,1609043741369603250,2.279091119766235e+00,-1.901483297348022e+00,1.906069278717041e+00,4.589397013187408e-01,-8.884078264236450e-01,5.494333803653717e-03,8.710938505828381e-03
1609043741471531487,0,1609043741471531487,2.318205356597900e+00,-1.876436471939087e+00,1.905774831771851e+00,4.590134322643280e-01,-8.883831501007080e-01,4.865593276917934e-03,7.649569772183895e-03
1609043741568249391,0,1609043741568249391,2.351494073867798e+00,-1.853747844696045e+00,1.897207498550415e+00,4.590619802474976e-01,-8.883727788925171e-01,4.006468690931797e-03,6.318820640444756e-03
1609043741671878925,0,1609043741671878925,2.383697509765625e+00,-1.830086350440979e+00,1.886811494827271e+00,4.591667950153351e-01,-8.883284330368042e-01,3.064871300011873e-03,5.400828551501036e-03
1609043741774318935,0,1609043741774318935,2.415726661682129e+00,-1.807644367218018e+00,1.877749443054199e+00,4.593039155006409e-01,-8.882662653923035e-01,1.941367867402732e-03,4.381626378744841e-03
1609043741881376325,0,1609043741881376325,2.444477319717407e+00,-1.784946560859680e+00,1.873236298561096e+00,4.594054520130157e-01,-8.882255554199219e-01,1.384607399813831e-03,1.458596671000123e-04
1609043741988370791,0,1609043741988370791,2.471009731292725e+00,-1.764975905418396e+00,1.874489784240723e+00,4.596052467823029e-01,-8.881213068962097e-01,1.299128984101117e-03,1.339310896582901e-03
1609043742090765427,0,1609043742090765427,2.494753122329712e+00,-1.747765660285950e+00,1.866770148277283e+00,4.597725868225098e-01,-8.880248665809631e-01,2.657374367117882e-03,3.744529327377677e-03
1609043742186478252,0,1609043742186478252,2.516278266906738e+00,-1.730696201324463e+00,1.869705915451050e+00,4.598780572414398e-01,-8.879578709602356e-01,3.705207724124193e-03,5.421367473900318e-03
1609043742288350259,0,1609043742288350259,2.539285421371460e+00,-1.716964006423950e+00,1.880123019218445e+00,4.598438441753387e-01,-8.879471421241760e-01,5.073652137070894e-03,8.230316452682018e-03
1609043742359742779,0,1609043742359742779,2.553451538085938e+00,-1.706165909767151e+00,1.881800174713135e+00,4.597810208797455e-01,-8.879528045654297e-01,6.206790916621685e-03,1.014044508337975e-02
1609043742462225876,0,1609043742462225876,2.571147203445435e+00,-1.692250370979309e+00,1.885638833045959e+00,4.597671329975128e-01,-8.879197835922241e-01,7.296527270227671e-03,1.262967847287655e-02
1609043742564215387,0,1609043742564215387,2.586670160293579e+00,-1.675620675086975e+00,1.887046933174133e+00,4.596538543701172e-01,-8.879395723342896e-01,8.595132268965244e-03,1.441568136215210e-02
1609043742667315733,0,1609043742672399308,2.602239847183228e+00,-1.655169010162354e+00,1.887756943702698e+00,4.596749842166901e-01,-8.879525661468506e-01,7.862599566578865e-03,1.331305038183928e-02
1609043742780557914,0,1609043742780557914,2.616599798202515e+00,-1.635604977607727e+00,1.891943812370300e+00,4.597785472869873e-01,-8.879745602607727e-01,5.512584932148457e-03,8.639246225357056e-03
1609043742882435965,0,1609043742882435965,2.633008003234863e+00,-1.614587187767029e+00,1.889508605003357e+00,4.597810208797455e-01,-8.879999518394470e-01,3.823592560365796e-03,6.542525719851255e-03
1609043742979331298,0,1609043742979331298,2.644470691680908e+00,-1.591733813285828e+00,1.884761571884155e+00,4.598639905452728e-01,-8.879742026329041e-01,3.345748875290155e-03,3.992482554167509e-03
1609043743088834794,0,1609043743088834794,2.655409336090088e+00,-1.565955400466919e+00,1.876301884651184e+00,4.601106941699982e-01,-8.878526091575623e-01,3.846067236736417e-03,1.074507017619908e-03
1609043743191376381,0,1609043743191376381,2.663538217544556e+00,-1.543865442276001e+00,1.866225004196167e+00,4.601611196994781e-01,-8.878146409988403e-01,5.832601338624954e-03,-1.734541496261954e-03
1609043743288168026,0,1609043743288168026,2.671180725097656e+00,-1.524937987327576e+00,1.870246767997742e+00,4.603224992752075e-01,-8.877174854278564e-01,6.811265833675861e-03,-3.794713178649545e-03
1609043743385000141,0,1609043743385000141,2.676065683364868e+00,-1.505882859230042e+00,1.870364904403687e+00,4.603810906410217e-01,-8.876585960388184e-01,9.180944412946701e-03,-5.219151265919209e-03
1609043743466578850,0,1609043743466578850,2.676310539245605e+00,-1.490808486938477e+00,1.873053431510925e+00,4.604470133781433e-01,-8.875983357429504e-01,1.112383883446455e-02,-5.835497751832008e-03
1609043743558272906,0,1609043743558272906,2.673220872879028e+00,-1.474625110626221e+00,1.880269050598145e+00,4.605558216571808e-01,-8.875055909156799e-01,1.337933260947466e-02,-6.576200015842915e-03
1609043743665356993,0,1609043743665356993,2.664997339248657e+00,-1.455135941505432e+00,1.884387016296387e+00,4.605554640293121e-01,-8.874431252479553e-01,1.659479551017284e-02,-7.611474022269249e-03
1609043743767187977,0,1609043743767187977,2.651074409484863e+00,-1.439086198806763e+00,1.903578758239746e+00,4.606171250343323e-01,-8.874593377113342e-01,1.363127678632736e-02,-7.874147966504097e-03
1609043743874518311,0,1609043743874518311,2.634896039962769e+00,-1.411810636520386e+00,1.877148389816284e+00,4.606456160545349e-01,-8.872982263565063e-01,2.025517262518406e-02,-9.863890707492828e-03
1609043743976595848,0,1609043743976595848,2.609266757965088e+00,-1.394108653068542e+00,1.884764194488525e+00,4.605489075183868e-01,-8.873825669288635e-01,1.880212314426899e-02,-9.657550603151321e-03
1609043744078690230,0,1609043744078690230,2.577832698822021e+00,-1.372600555419922e+00,1.886576175689697e+00,4.605095088481903e-01,-8.873585462570190e-01,2.035802975296974e-02,-1.055275369435549e-02
1609043744181296229,0,1609043744181296229,2.544484376907349e+00,-1.350630521774292e+00,1.888104557991028e+00,4.604825973510742e-01,-8.873587250709534e-01,2.083802781999111e-02,-1.078052446246147e-02
1609043744283171661,0,1609043744283171661,2.504040002822876e+00,-1.327725887298584e+00,1.885809659957886e+00,4.605211615562439e-01,-8.873496055603027e-01,2.046947181224823e-02,-1.058233808726072e-02
1609043744395192616,0,1609043744395192616,2.458447933197021e+00,-1.303017735481262e+00,1.892441987991333e+00,4.606298506259918e-01,-8.873947262763977e-01,1.657643727958202e-02,-8.721506223082542e-03
1609043744492144923,0,1609043744492144923,2.410499334335327e+00,-1.273989081382751e+00,1.892382025718689e+00,4.607954323291779e-01,-8.873796463012695e-01,1.393850985914469e-02,-5.537065211683512e-03
1609043744553281868,0,1609043744553281868,2.370487689971924e+00,-1.254162788391113e+00,1.890816926956177e+00,4.608533680438995e-01,-8.873849511146545e-01,1.241998001933098e-02,-2.832679310813546e-03
1609043744660874688,0,1609043744660874688,2.303639173507690e+00,-1.217378258705139e+00,1.886359453201294e+00,4.610073864459991e-01,-8.873419761657715e-01,9.811092168092728e-03,5.351064028218389e-04
1609043744772973454,0,1609043744772973454,2.237108945846558e+00,-1.182852149009705e+00,1.891963839530945e+00,4.608812332153320e-01,-8.874281644821167e-01,7.169355638325214e-03,2.900616964325309e-03
1609043744870028168,0,1609043744870028168,2.173479080200195e+00,-1.154114842414856e+00,1.888873934745789e+00,4.609368443489075e-01,-8.873977065086365e-01,5.875115748494864e-03,5.303322803229094e-03
1609043744976924238,0,1609043744976924238,2.105067014694214e+00,-1.125688672065735e+00,1.891885638237000e+00,4.609601199626923e-01,-8.873710036277771e-01,5.528300069272518e-03,7.610935252159834e-03
1609043745074166750,0,1609043745074166750,2.042469501495361e+00,-1.102949738502502e+00,1.895410656929016e+00,4.608324766159058e-01,-8.874217271804810e-01,5.546852014958858e-03,9.232831187546253e-03
1609043745176169606,0,1609043745176169606,1.978572368621826e+00,-1.077262401580811e+00,1.901455998420715e+00,4.607401490211487e-01,-8.874760866165161e-01,4.972668364644051e-03,8.948240429162979e-03
1609043745288457206,0,1609043745288457206,1.912603735923767e+00,-1.048326015472412e+00,1.909141421318054e+00,4.607127606868744e-01,-8.875097036361694e-01,3.894924884662032e-03,7.419284898787737e-03
1609043745386516595,0,1609043745386516595,1.851731657981873e+00,-1.020418643951416e+00,1.906831264495850e+00,4.606796503067017e-01,-8.875353932380676e-01,5.210681352764368e-03,5.304665304720402e-03
1609043745494359911,0,1609043745494359911,1.784998536109924e+00,-9.929734468460083e-01,1.916132450103760e+00,4.605578780174255e-01,-8.876109123229980e-01,3.995789680629969e-03,4.183723125606775e-03
1609043745586375303,0,1609043745586375303,1.728367805480957e+00,-9.675857424736023e-01,1.923570036888123e+00,4.605036973953247e-01,-8.876526951789856e-01,1.711482298560441e-03,2.468437887728214e-03
1609043745663910884,0,1609043745663910884,1.673960685729980e+00,-9.427189230918884e-01,1.930449128150940e+00,4.604501128196716e-01,-8.876830935478210e-01,7.149192970246077e-04,2.003574976697564e-03
1609043745765699107,0,1609043745765699107,1.600713610649109e+00,-9.141016602516174e-01,1.933868050575256e+00,4.604577422142029e-01,-8.876736760139465e-01,1.254795351997018e-03,3.549255896359682e-03
1609043745872671973,0,1609043745872671973,1.528183221817017e+00,-8.848727345466614e-01,1.939050912857056e+00,4.604665040969849e-01,-8.876513838768005e-01,2.063240855932236e-03,6.435891147702932e-03
1609043745970772503,0,1609043745970772503,1.463739275932312e+00,-8.595775365829468e-01,1.952231168746948e+00,4.603365957736969e-01,-8.877002596855164e-01,3.516397438943386e-03,8.137295953929424e-03
1609043746087756628,0,1609043746087756628,1.388608455657959e+00,-8.341878652572632e-01,1.966909885406494e+00,4.605765938758850e-01,-8.876010179519653e-01,4.045007750391960e-03,4.173679742962122e-03
1609043746174314951,0,1609043746174314951,1.330697655677795e+00,-8.207460045814514e-01,1.977923870086670e+00,4.603545665740967e-01,-8.877100944519043e-01,5.273941904306412e-03,4.074298311024904e-03
1609043746270957263,0,1609043746270957263,1.266954183578491e+00,-8.013700842857361e-01,1.993238210678101e+00,4.601902961730957e-01,-8.877996206283569e-01,5.110607016831636e-03,3.242407692596316e-03
1609043746383067543,0,1609043746383067543,1.192624807357788e+00,-7.770748734474182e-01,2.009543895721436e+00,4.602982103824615e-01,-8.877501487731934e-01,4.673146177083254e-03,1.856352668255568e-03
1609043746483017216,0,1609043746483017216,1.125677704811096e+00,-7.544615864753723e-01,2.022916316986084e+00,4.603226780891418e-01,-8.877307772636414e-01,5.650034639984369e-03,2.268451498821378e-03
1609043746585251976,0,1609043746585251976,1.055889010429382e+00,-7.319964170455933e-01,2.027485609054565e+00,4.603929519653320e-01,-8.876900076866150e-01,6.189558655023575e-03,2.538905944675207e-03
1609043746687082914,0,1609043746687082914,9.835708141326904e-01,-7.097499966621399e-01,2.030365705490112e+00,4.604559838771820e-01,-8.876570463180542e-01,6.318848114460707e-03,2.345811342820525e-03
1609043746763499619,0,1609043746763499619,9.219883680343628e-01,-6.927368640899658e-01,2.031423091888428e+00,4.603922963142395e-01,-8.876839876174927e-01,6.496754474937916e-03,3.736448241397738e-03
1609043746860375054,0,1609043746860375054,8.409358263015747e-01,-6.717537045478821e-01,2.030077934265137e+00,4.605259299278259e-01,-8.876023292541504e-01,7.021548692137003e-03,5.362056661397219e-03
1609043746972512603,0,1609043746972512603,7.534761428833008e-01,-6.486741304397583e-01,2.030451297760010e+00,4.606179594993591e-01,-8.875439167022705e-01,7.412224542349577e-03,6.484478246420622e-03
1609043747075567373,0,1609043747075567373,6.751400828361511e-01,-6.265095472335815e-01,2.031926631927490e+00,4.606131613254547e-01,-8.875307440757751e-01,7.992534898221493e-03,7.805674336850643e-03
1609043747172485170,0,1609043747172485170,5.991033315658569e-01,-6.049149632453918e-01,2.033557891845703e+00,4.606426656246185e-01,-8.875042796134949e-01,8.183603174984455e-03,8.807436563074589e-03
1609043747275118062,0,1609043747275118062,5.204646587371826e-01,-5.804358720779419e-01,2.038656473159790e+00,4.606326520442963e-01,-8.875057697296143e-01,8.326728828251362e-03,9.049341082572937e-03
1609043747382343739,0,1609043747382343739,4.401809573173523e-01,-5.533647537231445e-01,2.039096117019653e+00,4.607382118701935e-01,-8.874612450599670e-01,7.857949472963810e-03,8.438730612397194e-03
1609043747484771169,0,1609043747484771169,3.662463128566742e-01,-5.290229916572571e-01,2.038376331329346e+00,4.607471525669098e-01,-8.874768018722534e-01,6.984575651586056e-03,6.946139503270388e-03
1609043747586483033,0,1609043747586483033,2.892156243324280e-01,-5.016788840293884e-01,2.035981893539429e+00,4.607345163822174e-01,-8.874946832656860e-01,6.075067911297083e-03,6.334379315376282e-03
1609043747688415251,0,1609043747688415251,2.148233354091644e-01,-4.734003841876984e-01,2.030289649963379e+00,4.607440829277039e-01,-8.874889612197876e-01,5.730754695832729e-03,6.743449252098799e-03
1609043747785630998,0,1609043747785630998,1.411590576171875e-01,-4.468064010143280e-01,2.024249792098999e+00,4.608020782470703e-01,-8.874674439430237e-01,5.185614340007305e-03,6.024967879056931e-03
1609043747862878781,0,1609043747862878781,7.660337537527084e-02,-4.214371144771576e-01,2.023886919021606e+00,4.608548581600189e-01,-8.874457478523254e-01,4.784042481333017e-03,5.474444478750229e-03
1609043747961422331,0,1609043747961422331,-9.020362980663776e-03,-3.878756165504456e-01,2.020635366439819e+00,4.609569013118744e-01,-8.873858451843262e-01,5.241049919277430e-03,6.153193768113852e-03
1609043748063168810,0,1609043748063168810,-9.231703728437424e-02,-3.553251922130585e-01,2.022124290466309e+00,4.610263705253601e-01,-8.873481750488281e-01,5.162798333913088e-03,6.427926942706108e-03
1609043748170071203,0,1609043748170071203,-1.767196506261826e-01,-3.250207602977753e-01,2.022833108901978e+00,4.611011445522308e-01,-8.872994184494019e-01,5.526344757527113e-03,7.424104958772659e-03
1609043748271959768,0,1609043748271959768,-2.570784687995911e-01,-2.976949214935303e-01,2.022658586502075e+00,4.610950946807861e-01,-8.872800469398499e-01,6.536184810101986e-03,9.097990579903126e-03
1609043748373708632,0,1609043748373708632,-3.380215764045715e-01,-2.712174355983734e-01,2.029738187789917e+00,4.612179994583130e-01,-8.871988058090210e-01,6.874397397041321e-03,1.044413633644581e-02
1609043748481157719,0,1609043748481157719,-4.200554192066193e-01,-2.380145490169525e-01,2.035555362701416e+00,4.612685739994049e-01,-8.871663808822632e-01,7.696729619055986e-03,1.039302255958319e-02
1609043748578589266,0,1609043748578589266,-4.966300129890442e-01,-2.097479701042175e-01,2.044332265853882e+00,4.613165557384491e-01,-8.871099352836609e-01,8.461624383926392e-03,1.230323780328035e-02
1609043748690976866,0,1609043748690976866,-5.807253718376160e-01,-1.760599464178085e-01,2.049697875976562e+00,4.614607393741608e-01,-8.870291113853455e-01,8.869678713381290e-03,1.243728864938021e-02
1609043748788132647,0,1609043748788132647,-6.561141610145569e-01,-1.436688601970673e-01,2.055822372436523e+00,4.614696502685547e-01,-8.870158195495605e-01,9.347718209028244e-03,1.270419172942638e-02
1609043748888120219,0,1609043748888120219,-7.317711114883423e-01,-1.077715307474136e-01,2.062747478485107e+00,4.615203440189362e-01,-8.870058059692383e-01,8.901802822947502e-03,1.185193751007318e-02
1609043748964427273,0,1609043748964427273,-7.949963808059692e-01,-7.582244277000427e-02,2.065134763717651e+00,4.616232216358185e-01,-8.869854807853699e-01,7.899644784629345e-03,9.925065562129021e-03
1609043749061136099,0,1609043749061136099,-8.747707605361938e-01,-3.585630282759666e-02,2.066906452178955e+00,4.615124762058258e-01,-8.870732784271240e-01,6.823883857578039e-03,7.791819516569376e-03
1609043749168764411,0,1609043749168764411,-9.607472419738770e-01,1.051490381360054e-02,2.067112207412720e+00,4.615091681480408e-01,-8.870941996574402e-01,6.047384813427925e-03,6.055632140487432e-03
1609043749270645958,0,1609043749270645958,-1.039210319519043e+00,5.037625879049301e-02,2.060286045074463e+00,4.615973830223083e-01,-8.870651125907898e-01,5.080526228994131e-03,4.186072386801243e-03
1609043749373228764,0,1609043749373228764,-1.117318630218506e+00,9.512422233819962e-02,2.059329748153687e+00,4.616812765598297e-01,-8.870258927345276e-01,4.684553947299719e-03,3.674389561638236e-03
1609043749483744033,0,1609043749483744033,-1.196024656295776e+00,1.401313543319702e-01,2.062416791915894e+00,4.617615044116974e-01,-8.869939446449280e-01,3.739912295714021e-03,2.010171534493566e-03
1609043749576295611,0,1609043749576295611,-1.270136117935181e+00,1.768700033426285e-01,2.058748245239258e+00,4.618536531925201e-01,-8.869510293006897e-01,2.930387156084180e-03,6.530716200359166e-04
1609043749683008013,0,1609043749683008013,-1.349426388740540e+00,2.146827578544617e-01,2.057009935379028e+00,4.598896503448486e-01,-8.879731893539429e-01,2.244287403300405e-03,1.534814655315131e-04
1609043749782073864,0,1609043749782073864,-1.425842881202698e+00,2.489110231399536e-01,2.057699680328369e+00,4.570610523223877e-01,-8.894323110580444e-01,2.135774819180369e-03,-9.883061284199357e-04
1609043749889042999,0,1609043749889042999,-1.511417508125305e+00,2.879928350448608e-01,2.054221868515015e+00,4.515461325645447e-01,-8.922439813613892e-01,1.996830804273486e-03,-1.673394464887679e-03
1609043749985980246,0,1609043749985980246,-1.591465115547180e+00,3.230695426464081e-01,2.053735494613647e+00,4.430083632469177e-01,-8.965138196945190e-01,1.796397496946156e-03,-1.878939801827073e-03
1609043750062230127,0,1609043750062230127,-1.662653088569641e+00,3.520051240921021e-01,2.052571296691895e+00,4.320965409278870e-01,-9.018244147300720e-01,1.496238866820931e-03,-1.752353855408728e-03
1609043750164762587,0,1609043750164762587,-1.771106004714966e+00,3.973332643508911e-01,2.047496318817139e+00,4.177393317222595e-01,-9.085626602172852e-01,1.909479382447898e-03,-2.052801428362727e-03
1609043750266517904,0,1609043750266517904,-1.876455903053284e+00,4.437817633152008e-01,2.045356512069702e+00,4.016123116016388e-01,-9.158061742782593e-01,1.732685952447355e-03,-1.901234616525471e-03
1609043750373534341,0,1609043750373534341,-1.985062599182129e+00,4.869450330734253e-01,2.041732072830200e+00,3.833393156528473e-01,-9.235918521881104e-01,4.017204511910677e-03,3.597292350605130e-03
1609043750471317393,0,1609043750471317393,-2.083145141601562e+00,5.236717462539673e-01,2.032360553741455e+00,3.654084801673889e-01,-9.307849407196045e-01,5.815395154058933e-03,9.063440375030041e-03
1609043750578166448,0,1609043750578166448,-2.190280675888062e+00,5.676350593566895e-01,2.042217493057251e+00,3.465214371681213e-01,-9.379009604454041e-01,7.583095692098141e-03,1.439657714217901e-02
1609043750679953931,0,1609043750679953931,-2.292513847351074e+00,6.074466109275818e-01,2.045085906982422e+00,3.280597925186157e-01,-9.444666504859924e-01,4.284404683858156e-03,1.847202889621258e-02
1609043750787170122,0,1609043750787170122,-2.394044876098633e+00,6.502792835235596e-01,2.053665876388550e+00,3.092105686664581e-01,-9.508275985717773e-01,2.559273852966726e-04,1.777005568146706e-02
1609043750889060304,0,1609043750889060304,-2.486922502517700e+00,6.797886490821838e-01,2.045836210250854e+00,2.902947664260864e-01,-9.567165374755859e-01,-5.080529488623142e-03,1.991508714854717e-02
1609043750985841069,0,1609043750985841069,-2.573289632797241e+00,7.184520363807678e-01,2.049592971801758e+00,2.719770371913910e-01,-9.620436429977417e-01,-1.181945577263832e-02,1.899396069347858e-02
1609043751092735991,0,1609043751092735991,-2.667116165161133e+00,7.601879239082336e-01,2.028072118759155e+00,2.521645426750183e-01,-9.674168825149536e-01,-1.326717529445887e-02,1.848606765270233e-02
1609043751164292948,0,1609043751164292948,-2.734330892562866e+00,7.905263304710388e-01,2.024555206298828e+00,2.370247989892960e-01,-9.712127447128296e-01,-1.479046139866114e-02,1.860830746591091e-02
1609043751266068314,0,1609043751266068314,-2.823647499084473e+00,8.324350118637085e-01,2.029733657836914e+00,2.162723839282990e-01,-9.760472774505615e-01,-1.418691873550415e-02,1.889049820601940e-02
1609043751362829996,0,1609043751362829996,-2.909873247146606e+00,8.667631745338440e-01,2.042123556137085e+00,1.970873624086380e-01,-9.800981283187866e-01,-1.218363642692566e-02,2.039096876978874e-02
1609043751469847058,0,1609043751469847058,-2.994455814361572e+00,8.938564658164978e-01,2.057112455368042e+00,1.769215464591980e-01,-9.838808774948120e-01,-8.138912729918957e-03,2.471788972616196e-02
1609043751571629157,0,1609043751571629157,-3.065218687057495e+00,9.157834649085999e-01,2.064644575119019e+00,1.570720672607422e-01,-9.872047901153564e-01,-3.479242557659745e-03,2.725853398442268e-02
1609043751678618220,0,1609043751678618220,-3.130578994750977e+00,9.356939792633057e-01,2.083036422729492e+00,1.361722797155380e-01,-9.903088212013245e-01,-1.692909863777459e-03,2.725464105606079e-02
1609043751780420166,0,1609043751780420166,-3.195459127426147e+00,9.455637335777283e-01,2.089983463287354e+00,1.156935170292854e-01,-9.928864240646362e-01,2.028904127655551e-04,2.813576906919479e-02
1609043751882227257,0,1609043751882227257,-3.259178876876831e+00,9.607012271881104e-01,2.082729816436768e+00,9.430176764726639e-02,-9.951119422912598e-01,1.715107937343419e-03,2.926762960851192e-02
1609043751984574197,0,1609043751984574197,-3.321792125701904e+00,9.781605005264282e-01,2.084350347518921e+00,7.292920351028442e-02,-9.969025254249573e-01,2.767326310276985e-03,2.931068465113640e-02
1609043752091385297,0,1609043752091385297,-3.379060506820679e+00,9.988431334495544e-01,2.085812091827393e+00,5.035314336419106e-02,-9.982409477233887e-01,3.237036056816578e-03,3.113093599677086e-02
1609043752188950045,0,1609043752188950045,-3.428611516952515e+00,1.017614364624023e+00,2.086529970169067e+00,2.969731390476227e-02,-9.990209341049194e-01,4.114263691008091e-03,3.253059089183807e-02
1609043752255347957,0,1609043752255347957,-3.469237804412842e+00,1.036896228790283e+00,2.090760946273804e+00,1.523620262742043e-02,-9.993227124214172e-01,3.670494304969907e-03,3.329701349139214e-02
1609043752369061025,0,1609043752369061025,-3.549463748931885e+00,1.070881128311157e+00,2.102561473846436e+00,5.256893346086144e-04,-9.993695616722107e-01,4.053805954754353e-03,3.526893258094788e-02
1609043752470901424,0,1609043752470901424,-3.590076446533203e+00,1.085420012474060e+00,2.114955902099609e+00,-1.070459000766277e-02,-9.992774128913879e-01,4.770771134644747e-03,3.615380078554153e-02
1609043752572926809,0,1609043752572926809,-3.617298603057861e+00,1.097440481185913e+00,2.127722024917603e+00,-1.768979616463184e-02,-9.991395473480225e-01,4.939569626003504e-03,3.718720376491547e-02
1609043752675091381,0,1609043752675091381,-3.637976169586182e+00,1.108577728271484e+00,2.139281749725342e+00,-2.185826562345028e-02,-9.990559816360474e-01,5.066619720309973e-03,3.719956055283546e-02
1609043752782784355,0,1609043752782784355,-3.654975652694702e+00,1.120899558067322e+00,2.152492284774780e+00,-2.445945329964161e-02,-9.989283680915833e-01,5.137198138982058e-03,3.895412012934685e-02
1609043752884920133,0,1609043752884920133,-3.669764995574951e+00,1.132170200347900e+00,2.162925004959106e+00,-2.565502934157848e-02,-9.988702535629272e-01,5.445807706564665e-03,3.962992504239082e-02
1609043752982145274,0,1609043752982145274,-3.681119203567505e+00,1.142814159393311e+00,2.175744771957397e+00,-2.642465569078922e-02,-9.988324046134949e-01,5.484882276505232e-03,4.006895422935486e-02
1609043753085297232,0,1609043753085297232,-3.690523386001587e+00,1.154638528823853e+00,2.180930852890015e+00,-2.679018490016460e-02,-9.987978339195251e-01,5.321402568370104e-03,4.070619121193886e-02
1609043753188309426,0,1609043753188309426,-3.695243597030640e+00,1.167460680007935e+00,2.187107801437378e+00,-2.692777290940285e-02,-9.988007545471191e-01,5.580579396337271e-03,4.050683975219727e-02
1609043753290511624,0,1609043753290511624,-3.696409463882446e+00,1.180829644203186e+00,2.195209264755249e+00,-2.699675038456917e-02,-9.987854361534119e-01,5.305635277181864e-03,4.087563231587410e-02
1609043753356708695,0,1609043753356708695,-3.694578170776367e+00,1.191383957862854e+00,2.197755813598633e+00,-2.703588083386421e-02,-9.987955093383789e-01,5.078483838587999e-03,4.063059389591217e-02
1609043753470150715,0,1609043753470150715,-3.685074329376221e+00,1.207663297653198e+00,2.203237295150757e+00,-2.688488550484180e-02,-9.988399147987366e-01,5.249921232461929e-03,3.960374742746353e-02
1609043753565158655,0,1609043753565158655,-3.672580480575562e+00,1.219804167747498e+00,2.204649686813354e+00,-2.681438811123371e-02,-9.988440871238708e-01,5.052843131124973e-03,3.957376256585121e-02
1609043753673810819,0,1609043753673810819,-3.650001764297485e+00,1.235538959503174e+00,2.205594062805176e+00,-2.685932256281376e-02,-9.989368915557861e-01,5.095189902931452e-03,3.711794316768646e-02
1609043753765540570,0,1609043753765540570,-3.629663944244385e+00,1.244756817817688e+00,2.200593471527100e+00,-2.655536681413651e-02,-9.991745352745056e-01,5.369826219975948e-03,3.027223236858845e-02
1609043753877487766,0,1609043753877487766,-3.604868650436401e+00,1.259428381919861e+00,2.196480512619019e+00,-2.686125971376896e-02,-9.993345141410828e-01,5.387367215007544e-03,2.408414334058762e-02
1609043753984392306,0,1609043753984392306,-3.577768802642822e+00,1.276121020317078e+00,2.191290616989136e+00,-2.693160995841026e-02,-9.994300603866577e-01,5.570064298808575e-03,1.957568898797035e-02
1609043754086217176,0,1609043754086217176,-3.548320770263672e+00,1.288695931434631e+00,2.185247421264648e+00,-2.682943269610405e-02,-9.995024800300598e-01,5.305815488100052e-03,1.571065559983253e-02
1609043754177826531,0,1609043754177826531,-3.516047477722168e+00,1.302713036537170e+00,2.180890321731567e+00,-2.675718814134598e-02,-9.995395541191101e-01,5.751532502472401e-03,1.310613937675953e-02
1609043754290009065,0,1609043754290009065,-3.486624717712402e+00,1.318359255790710e+00,2.173521280288696e+00,-2.662981115281582e-02,-9.995096921920776e-01,6.000407971441746e-03,1.533828489482403e-02
1609043754391857805,0,1609043754391857805,-3.458979368209839e+00,1.332553029060364e+00,2.167412042617798e+00,-2.681045979261398e-02,-9.994807839393616e-01,5.629763938486576e-03,1.696098223328590e-02
1609043754463724851,0,1609043754463724851,-3.433837413787842e+00,1.345645308494568e+00,2.165936946868896e+00,-2.889853343367577e-02,-9.993840456008911e-01,5.478726699948311e-03,1.914434880018234e-02
1609043754561035799,0,1609043754561035799,-3.400120258331299e+00,1.362152934074402e+00,2.150883913040161e+00,-3.224068135023117e-02,-9.991825222969055e-01,5.795471370220184e-03,2.368983067572117e-02
1609043754673056981,0,1609043754673056981,-3.375439167022705e+00,1.381394863128662e+00,2.144029378890991e+00,-3.727618604898453e-02,-9.989269375801086e-01,6.166966632008553e-03,2.678582258522511e-02
1609043754769725589,0,1609043754769725589,-3.353771924972534e+00,1.400920629501343e+00,2.136597633361816e+00,-4.254924133419991e-02,-9.986568093299866e-01,6.221102084964514e-03,2.890287339687347e-02
1609043754872010334,0,1609043754872010334,-3.323921203613281e+00,1.421278238296509e+00,2.128516674041748e+00,-5.014526471495628e-02,-9.982538223266602e-01,6.578009575605392e-03,3.051921539008617e-02
1609043754978866671,0,1609043754978866671,-3.294116258621216e+00,1.443989515304565e+00,2.127669572830200e+00,-5.832751467823982e-02,-9.977810382843018e-01,6.706398446112871e-03,3.140006959438324e-02
1609043755070283529,0,1609043755070283529,-3.270410299301147e+00,1.462327003479004e+00,2.121111631393433e+00,-6.464429199695587e-02,-9.974340200424194e-01,6.615839432924986e-03,3.004735149443150e-02
1609043755187485214,0,1609043755187485214,-3.243271350860596e+00,1.488044381141663e+00,2.110670328140259e+00,-6.955003738403320e-02,-9.971682429313660e-01,7.158768828958273e-03,2.769495174288750e-02
1609043755284150423,0,1609043755284150423,-3.205904245376587e+00,1.509487152099609e+00,2.105671644210815e+00,-7.388130575418472e-02,-9.968857169151306e-01,7.012625224888325e-03,2.666901797056198e-02
1609043755385952778,0,1609043755385952778,-3.156816005706787e+00,1.525669574737549e+00,2.100445508956909e+00,-7.636705785989761e-02,-9.967553019523621e-01,7.627227343618870e-03,2.426737919449806e-02
1609043755493009660,0,1609043755493009660,-3.105499744415283e+00,1.543370127677917e+00,2.097882986068726e+00,-7.828270643949509e-02,-9.965515732765198e-01,7.184593472629786e-03,2.655665203928947e-02
1609043755564307918,0,1609043755564307918,-3.065666198730469e+00,1.558944702148438e+00,2.095705509185791e+00,-7.891477644443512e-02,-9.965019822120667e-01,6.858834996819496e-03,2.663343213498592e-02
1609043755656046117,0,1609043755656046117,-3.016778707504272e+00,1.574231743812561e+00,2.082535266876221e+00,-7.938218116760254e-02,-9.964635968208313e-01,7.906637154519558e-03,2.638818882405758e-02
1609043755764026963,0,1609043755764026963,-2.959431171417236e+00,1.598727822303772e+00,2.082979440689087e+00,-7.976964861154556e-02,-9.964826703071594e-01,8.241379633545876e-03,2.431460097432137e-02
1609043755865841792,0,1609043755865841792,-2.904528856277466e+00,1.623027920722961e+00,2.082849740982056e+00,-7.983849942684174e-02,-9.965372681617737e-01,8.524969220161438e-03,2.160182222723961e-02
1609043755973184777,0,1609043755973184777,-2.850599050521851e+00,1.646507978439331e+00,2.082762241363525e+00,-8.005320280790329e-02,-9.965659379959106e-01,8.722814731299877e-03,1.927887275815010e-02
1609043756075239350,0,1609043756075239350,-2.799501419067383e+00,1.668931245803833e+00,2.082196950912476e+00,-8.002479374408722e-02,-9.966069459915161e-01,9.093287400901318e-03,1.696798019111156e-02
1609043756176986425,0,1609043756176986425,-2.746978759765625e+00,1.689052700996399e+00,2.082512140274048e+00,-8.010581880807877e-02,-9.966244697570801e-01,9.308293461799622e-03,1.536281593143940e-02
1609043756283781840,0,1609043756283781840,-2.693141222000122e+00,1.712860822677612e+00,2.082021236419678e+00,-8.004625886678696e-02,-9.966444969177246e-01,9.383848868310452e-03,1.429438311606646e-02
1609043756385583193,0,1609043756385583193,-2.643603324890137e+00,1.734304666519165e+00,2.081366777420044e+00,-7.991317659616470e-02,-9.966704249382019e-01,9.115519933402538e-03,1.337425503879786e-02
1609043756492691362,0,1609043756492691362,-2.594630479812622e+00,1.760711073875427e+00,2.077896833419800e+00,-7.980583608150482e-02,-9.966827630996704e-01,9.064667858183384e-03,1.312358025461435e-02
1609043756589745711,0,1609043756589745711,-2.549846410751343e+00,1.785327076911926e+00,2.075105428695679e+00,-7.979092001914978e-02,-9.966860413551331e-01,9.130839258432388e-03,1.292630098760128e-02
1609043756666086261,0,1609043756666086261,-2.512228250503540e+00,1.809574246406555e+00,2.078544855117798e+00,-7.970153540372849e-02,-9.967232942581177e-01,5.927882622927427e-03,1.245885714888573e-02
1609043756767938562,0,1609043756767938562,-2.466269969940186e+00,1.835063338279724e+00,2.069836616516113e+00,-7.953569293022156e-02,-9.967444539070129e-01,4.289448726922274e-03,1.249989122152328e-02
1609043756869767026,0,1609043756869767026,-2.420672893524170e+00,1.866197824478149e+00,2.077083110809326e+00,-7.950614392757416e-02,-9.967617392539978e-01,4.309987125452608e-04,1.202693767845631e-02
1609043756966560986,0,1609043756966560986,-2.377091884613037e+00,1.895825624465942e+00,2.061879634857178e+00,-7.938825339078903e-02,-9.967691898345947e-01,-1.965589122846723e-03,1.203154306858778e-02
1609043757073623016,0,1609043757073623016,-2.330664396286011e+00,1.931810021400452e+00,2.055635452270508e+00,-7.934696972370148e-02,-9.967709183692932e-01,-4.497144836932421e-03,1.147089432924986e-02
1609043757181476912,0,1609043757181476912,-2.288510084152222e+00,1.961893916130066e+00,2.064488887786865e+00,-7.908280938863754e-02,-9.967769980430603e-01,-8.806999772787094e-03,1.019861362874508e-02
1609043757273066317,0,1609043757273066317,-2.251908063888550e+00,1.981180071830750e+00,2.051176309585571e+00,-7.906697690486908e-02,-9.967663288116455e-01,-1.036870013922453e-02,9.895506314933300e-03
1609043757380117993,0,1609043757380117993,-2.214478969573975e+00,1.997947216033936e+00,2.028835535049438e+00,-7.904960960149765e-02,-9.967870116233826e-01,-7.717663422226906e-03,1.036054175347090e-02
1609043757484058311,0,1609043757484058311,-2.180032014846802e+00,2.014101028442383e+00,2.030417919158936e+00,-7.893112301826477e-02,-9.968107342720032e-01,-5.341299809515476e-03,1.047936454415321e-02
1609043757587446906,0,1609043757587446906,-2.145399093627930e+00,2.027540445327759e+00,2.036898136138916e+00,-7.884938269853592e-02,-9.968296289443970e-01,-7.029369007796049e-04,1.062663644552231e-02
1609043757684120952,0,1609043757684120952,-2.117208719253540e+00,2.037505388259888e+00,2.076833486557007e+00,-7.876415550708771e-02,-9.968417286872864e-01,2.211338141933084e-03,9.897502139210701e-03
1609043757761463691,0,1609043757761463691,-2.092597961425781e+00,2.044843196868896e+00,2.098538160324097e+00,-7.864657789468765e-02,-9.968415498733521e-01,4.804686177521944e-03,9.927082806825638e-03
1609043757868370026,0,1609043757868370026,-2.059134483337402e+00,2.051699161529541e+00,2.125786066055298e+00,-7.830654829740524e-02,-9.968476295471191e-01,7.628086488693953e-03,1.023279782384634e-02
1609043757965462539,0,1609043757965462539,-2.029957532882690e+00,2.057641267776489e+00,2.151486396789551e+00,-7.819271832704544e-02,-9.968417882919312e-01,9.593530558049679e-03,1.001774705946445e-02
1609043758072346274,0,1609043758072346274,-2.000650644302368e+00,2.070160388946533e+00,2.190434455871582e+00,-7.808282971382141e-02,-9.968538880348206e-01,9.252569638192654e-03,9.994667954742908e-03
1609043758170870509,0,1609043758170870509,-1.976114630699158e+00,2.082004070281982e+00,2.225872278213501e+00,-7.784257829189301e-02,-9.968815445899963e-01,8.288397453725338e-03,9.945831261575222e-03
1609043758277808910,0,1609043758277808910,-1.952005624771118e+00,2.095579385757446e+00,2.258652687072754e+00,-7.781581580638885e-02,-9.968765974044800e-01,8.367681875824928e-03,1.057755574584007e-02
1609043758374685765,0,1609043758374685765,-1.929606795310974e+00,2.115264892578125e+00,2.312867879867554e+00,-7.768357545137405e-02,-9.969161748886108e-01,4.739142488688231e-03,1.005217526108027e-02
1609043758487105633,0,1609043758487105633,-1.907247185707092e+00,2.127940893173218e+00,2.355880498886108e+00,-7.742872089147568e-02,-9.969372153282166e-01,3.518725745379925e-03,1.041907910257578e-02
1609043758589073519,0,1609043758589073519,-1.886502742767334e+00,2.141463994979858e+00,2.396464347839355e+00,-7.731623947620392e-02,-9.969536662101746e-01,8.940778207033873e-04,1.023868564516306e-02
1609043758690997722,0,1609043758690997722,-1.867523312568665e+00,2.157448530197144e+00,2.445762395858765e+00,-7.726293057203293e-02,-9.969612360000610e-01,-1.913385232910514e-03,9.754376485943794e-03
1609043758787833449,0,1609043758787833449,-1.851264476776123e+00,2.171791315078735e+00,2.481967449188232e+00,-7.721741497516632e-02,-9.969632625579834e-01,-3.268002066761255e-03,9.543656371533871e-03
1609043758859134885,0,1609043758859134885,-1.838767051696777e+00,2.183463096618652e+00,2.516161918640137e+00,-7.714813947677612e-02,-9.969646334648132e-01,-5.240599624812603e-03,9.066400118172169e-03
1609043758966093868,0,1609043758966093868,-1.822309136390686e+00,2.197506666183472e+00,2.561562538146973e+00,-7.700838148593903e-02,-9.969639778137207e-01,-7.655464578419924e-03,8.602964691817760e-03
1609043759063059299,0,1609043759063059299,-1.809392094612122e+00,2.207994699478149e+00,2.591737508773804e+00,-7.691399008035660e-02,-9.969679117202759e-01,-8.124619722366333e-03,8.551992475986481e-03
1609043759169983569,0,1609043759169983569,-1.796580076217651e+00,2.218118429183960e+00,2.622949838638306e+00,-7.681850343942642e-02,-9.969817996025085e-01,-7.493335288017988e-03,8.375439792871475e-03
1609043759271778590,0,1609043759271778590,-1.786248087882996e+00,2.221460342407227e+00,2.649215221405029e+00,-7.691275328397751e-02,-9.969871044158936e-01,-5.885222461074591e-03,8.167849853634834e-03
1609043759375530748,0,1609043759375530748,-1.777061462402344e+00,2.224454164505005e+00,2.685992479324341e+00,-7.688961178064346e-02,-9.970003366470337e-01,-3.624139120802283e-03,8.077257312834263e-03
1609043759478784636,0,1609043759478784636,-1.770649790763855e+00,2.225984334945679e+00,2.727590560913086e+00,-7.681985199451447e-02,-9.970121979713440e-01,-1.797511125914752e-03,7.889093831181526e-03
1609043759585751233,0,1609043759585751233,-1.763159871101379e+00,2.226288557052612e+00,2.764674186706543e+00,-7.670239359140396e-02,-9.970270395278931e-01,-8.623934118077159e-04,7.288701832294464e-03
1609043759682948146,0,1609043759682948146,-1.759266495704651e+00,2.224051713943481e+00,2.789979219436646e+00,-7.668940722942352e-02,-9.970288872718811e-01,7.543538813479245e-04,7.175351493060589e-03
1609043759795309500,0,1609043759795309500,-1.757498621940613e+00,2.221035957336426e+00,2.823419332504272e+00,-7.651604712009430e-02,-9.970377683639526e-01,2.774155698716640e-03,7.303376216441393e-03
1609043759891815607,0,1609043759891815607,-1.757728934288025e+00,2.215232849121094e+00,2.854241132736206e+00,-7.648748159408569e-02,-9.970353841781616e-01,4.378753714263439e-03,7.147266995161772e-03
1609043759957906624,0,1609043759957906624,-1.759319305419922e+00,2.212773084640503e+00,2.887263774871826e+00,-7.654816657304764e-02,-9.970252513885498e-01,5.415794905275106e-03,7.187213748693466e-03
1609043760065088792,0,1609043760065088792,-1.765345573425293e+00,2.210521459579468e+00,2.947427272796631e+00,-7.634770870208740e-02,-9.970336556434631e-01,6.767521612346172e-03,7.017365191131830e-03
1609043760167445365,0,1609043760167445365,-1.771232485771179e+00,2.210393428802490e+00,3.015795469284058e+00,-7.619100809097290e-02,-9.970573186874390e-01,5.306932609528303e-03,6.606606300920248e-03
1609043760269573316,0,1609043760269573316,-1.778206706047058e+00,2.205121517181396e+00,3.060243129730225e+00,-7.602265477180481e-02,-9.970799088478088e-01,2.845742041245103e-03,6.640867330133915e-03
1609043760376580326,0,1609043760376580326,-1.785647511482239e+00,2.205191612243652e+00,3.091809034347534e+00,-7.605353742837906e-02,-9.970814585685730e-01,1.139219151809812e-03,6.569164805114269e-03
1609043760473655402,0,1609043760473655402,-1.795797467231750e+00,2.208515644073486e+00,3.128669500350952e+00,-7.593723386526108e-02,-9.970941543579102e-01,-4.053910088259727e-04,6.049395073205233e-03
1609043760580618038,0,1609043760580618038,-1.807046651840210e+00,2.210722446441650e+00,3.159774065017700e+00,-7.579742372035980e-02,-9.971041679382324e-01,-2.646267181262374e-03,5.565145518630743e-03
1609043760677969143,0,1609043760677969143,-1.819775104522705e+00,2.212278366088867e+00,3.189262390136719e+00,-7.575726509094238e-02,-9.971025586128235e-01,-4.576504696160555e-03,5.150444339960814e-03
1609043760790166318,0,1609043760790166318,-1.835378170013428e+00,2.213788747787476e+00,3.222843408584595e+00,-7.575169205665588e-02,-9.970906972885132e-01,-7.011173758655787e-03,4.775444511324167e-03
1609043760892042449,0,1609043760892042449,-1.852467298507690e+00,2.213959693908691e+00,3.277709007263184e+00,-7.549467682838440e-02,-9.970676302909851e-01,-1.166418194770813e-02,4.553135484457016e-03
1609043760990493758,0,1609043760990493758,-1.873163580894470e+00,2.202305316925049e+00,3.295049905776978e+00,-7.552772760391235e-02,-9.970351457595825e-01,-1.379428245127201e-02,5.119382403790951e-03
1609043761059798877,0,1609043761059798877,-1.893961071968079e+00,2.188587665557861e+00,3.306386709213257e+00,-7.565058022737503e-02,-9.970015287399292e-01,-1.384308561682701e-02,8.562419563531876e-03
1609043761162277702,0,1609043761162277702,-1.922815084457397e+00,2.170757532119751e+00,3.321010351181030e+00,-7.599372416734695e-02,-9.969183802604675e-01,-1.326725073158741e-02,1.423628162592649e-02
1609043761264554687,0,1609043761264554687,-1.950040936470032e+00,2.157599925994873e+00,3.347559213638306e+00,-7.574467360973358e-02,-9.968749880790710e-01,-1.207894831895828e-02,1.890030875802040e-02
1609043761366581100,0,1609043761366581100,-1.974140763282776e+00,2.142966270446777e+00,3.374640941619873e+00,-7.547745853662491e-02,-9.968454241752625e-01,-9.498658590018749e-03,2.262864448130131e-02
1609043761469076551,0,1609043761469076551,-1.997799992561340e+00,2.124950408935547e+00,3.390713214874268e+00,-7.525951415300369e-02,-9.968137145042419e-01,-7.669745478779078e-03,2.529138326644897e-02
1609043761576036528,0,1609043761576036528,-2.021339654922485e+00,2.097454547882080e+00,3.412667751312256e+00,-7.514074444770813e-02,-9.968006014823914e-01,-6.922367494553328e-03,2.635470591485500e-02
1609043761678552201,0,1609043761678552201,-2.042343854904175e+00,2.067163467407227e+00,3.426747798919678e+00,-7.499360293149948e-02,-9.968127608299255e-01,-7.208639290183783e-03,2.623841725289822e-02
1609043761775346371,0,1609043761775346371,-2.059103012084961e+00,2.039281845092773e+00,3.410290241241455e+00,-7.498272508382797e-02,-9.968320131301880e-01,-6.885722745209932e-03,2.561457455158234e-02
1609043761882480840,0,1609043761882480840,-2.074216842651367e+00,2.008831024169922e+00,3.402297496795654e+00,-7.481469959020615e-02,-9.969047307968140e-01,-7.115761749446392e-03,2.309111692011356e-02
1609043761989490116,0,1609043761989490116,-2.087202548980713e+00,1.975590348243713e+00,3.404679536819458e+00,-7.490295171737671e-02,-9.969228506088257e-01,-7.360004354268312e-03,2.191442809998989e-02
1609043762091495990,0,1609043762091495990,-2.098350524902344e+00,1.944711923599243e+00,3.397443056106567e+00,-7.477365434169769e-02,-9.969733357429504e-01,-8.094934746623039e-03,1.968494988977909e-02
1609043762152665226,0,1609043762152665226,-2.105406761169434e+00,1.920530438423157e+00,3.386020183563232e+00,-7.483321428298950e-02,-9.970067739486694e-01,-8.803172968327999e-03,1.732092723250389e-02
1609043762259707193,0,1609043762259707193,-2.120991706848145e+00,1.878834486007690e+00,3.362825393676758e+00,-7.475236058235168e-02,-9.970760345458984e-01,-8.601815439760685e-03,1.332043297588825e-02
1609043762362763093,0,1609043762362763093,-2.135218143463135e+00,1.835328578948975e+00,3.345108032226562e+00,-7.469531893730164e-02,-9.971107840538025e-01,-8.472056128084660e-03,1.090846396982670e-02
1609043762469892118,0,1609043762469892118,-2.148863077163696e+00,1.789850354194641e+00,3.336370468139648e+00,-7.470642030239105e-02,-9.971023797988892e-01,-9.028657339513302e-03,1.115505583584309e-02
1609043762571798024,0,1609043762571798024,-2.160503625869751e+00,1.746513366699219e+00,3.324331760406494e+00,-7.459098100662231e-02,-9.970986247062683e-01,-8.456682786345482e-03,1.260911021381617e-02
1609043762678832438,0,1609043762678832438,-2.175289154052734e+00,1.700168728828430e+00,3.303212404251099e+00,-7.444922626018524e-02,-9.970766901969910e-01,-6.837981753051281e-03,1.577154546976089e-02
1609043762781579744,0,1609043762781579744,-2.194985151290894e+00,1.651883840560913e+00,3.290046930313110e+00,-7.451389729976654e-02,-9.969359040260315e-01,-4.235616885125637e-03,2.342320792376995e-02
1609043762883527293,0,1609043762883527293,-2.211343050003052e+00,1.602436304092407e+00,3.278172016143799e+00,-7.439379394054413e-02,-9.967932105064392e-01,-2.510539023205638e-03,2.936773374676704e-02
1609043762980514246,0,1609043762980514246,-2.228281497955322e+00,1.557340145111084e+00,3.260428428649902e+00,-7.400742173194885e-02,-9.967685937881470e-01,-1.140076434239745e-03,3.120908886194229e-02
1609043763092633446,0,1609043763092633446,-2.240510463714600e+00,1.499925374984741e+00,3.265296459197998e+00,-7.388509809970856e-02,-9.967942237854004e-01,1.726920017972589e-03,3.064726479351521e-02
1609043763189346331,0,1609043763189346331,-2.251380443572998e+00,1.449931144714355e+00,3.264154911041260e+00,-7.399670034646988e-02,-9.967369437217712e-01,3.370277117937803e-03,3.207092732191086e-02
1609043763260724630,0,1609043763260724630,-2.257070064544678e+00,1.408165812492371e+00,3.252379179000854e+00,-7.405295222997665e-02,-9.967568516731262e-01,4.143166355788708e-03,3.122129663825035e-02
1609043763367772807,0,1609043763367772807,-2.260939598083496e+00,1.346418738365173e+00,3.235477209091187e+00,-7.386920601129532e-02,-9.968613982200623e-01,5.217898171395063e-03,2.799279242753983e-02
1609043763464711322,0,1609043763464711322,-2.262556314468384e+00,1.290639162063599e+00,3.217235565185547e+00,-7.383176684379578e-02,-9.968990087509155e-01,5.857719108462334e-03,2.659031562507153e-02
1609043763566698592,0,1609043763566698592,-2.259366512298584e+00,1.233192801475525e+00,3.208667039871216e+00,-7.379011809825897e-02,-9.969011545181274e-01,6.093201693147421e-03,2.657142095267773e-02
1609043763674249685,0,1609043763674249685,-2.252649545669556e+00,1.184261560440063e+00,3.203515529632568e+00,-7.369279116392136e-02,-9.968988299369812e-01,6.140740122646093e-03,2.691598981618881e-02
1609043763766240321,0,1609043763766240321,-2.244435787200928e+00,1.142613410949707e+00,3.197527170181274e+00,-7.358212769031525e-02,-9.969096779823303e-01,5.720242392271757e-03,2.691029384732246e-02
1609043763878399808,0,1609043763878399808,-2.232886075973511e+00,1.094167470932007e+00,3.183676958084106e+00,-7.349634170532227e-02,-9.969380497932434e-01,5.611865781247616e-03,2.610087767243385e-02
1609043763980336028,0,1609043763980336028,-2.221962451934814e+00,1.053362607955933e+00,3.183695554733276e+00,-7.341656088829041e-02,-9.969716072082520e-01,5.268977954983711e-03,2.509622275829315e-02
1609043764087303152,0,1609043764087303152,-2.209141969680786e+00,1.013550162315369e+00,3.179615497589111e+00,-7.333292812108994e-02,-9.970214962959290e-01,5.188681650906801e-03,2.331140637397766e-02
1609043764184058923,0,1609043764184058923,-2.195292711257935e+00,9.722142815589905e-01,3.184276580810547e+00,-7.334768772125244e-02,-9.970646500587463e-01,4.643308464437723e-03,2.146410569548607e-02
1609043764290862995,0,1609043764290862995,-2.179930210113525e+00,9.352623224258423e-01,3.204130172729492e+00,-7.327994704246521e-02,-9.971047043800354e-01,1.180771156214178e-03,2.027296647429466e-02
1609043764357150155,0,1609043764357150155,-2.168127775192261e+00,9.069582819938660e-01,3.197283983230591e+00,-7.319044321775436e-02,-9.971206188201904e-01,2.010513417189941e-04,1.983970031142235e-02
1609043764464214899,0,1609043764464214899,-2.150282382965088e+00,8.654866814613342e-01,3.192283391952515e+00,-7.305864244699478e-02,-9.971404075622559e-01,-1.343910116702318e-03,1.928083784878254e-02
1609043764571574115,0,1609043764571574115,-2.131408214569092e+00,8.205973505973816e-01,3.186729907989502e+00,-7.315935194492340e-02,-9.971411824226379e-01,-2.396839903667569e-03,1.874906755983829e-02
1609043764675114833,0,1609043764675114833,-2.115210294723511e+00,7.769491076469421e-01,3.190929174423218e+00,-7.321562618017197e-02,-9.971517324447632e-01,-3.199364989995956e-03,1.782183162868023e-02
1609043764772027691,0,1609043764772027691,-2.100140094757080e+00,7.336627840995789e-01,3.189896583557129e+00,-7.328848540782928e-02,-9.971628189086914e-01,-2.950543537735939e-03,1.692307926714420e-02
1609043764866086789,0,1609043764866086789,-2.086318254470825e+00,6.902263760566711e-01,3.194371461868286e+00,-7.322446256875992e-02,-9.971872568130493e-01,-3.243120154365897e-03,1.566066779196262e-02
1609043764976152386,0,1609043764976152386,-2.070029497146606e+00,6.395489573478699e-01,3.194645166397095e+00,-7.324402779340744e-02,-9.972040057182312e-01,-2.682250924408436e-03,1.457428466528654e-02
1609043765088049948,0,1609043765088049948,-2.055204629898071e+00,5.929229855537415e-01,3.196028947830200e+00,-7.317756861448288e-02,-9.972297549247742e-01,-1.844013459049165e-03,1.320708263665438e-02
1609043765184643173,0,1609043765189713946,-2.043152332305908e+00,5.443801879882812e-01,3.202926874160767e+00,-7.318345457315445e-02,-9.972335696220398e-01,-1.364819938316941e-03,1.294991280883551e-02
1609043765286408686,0,1609043765286408686,-2.031273603439331e+00,4.974001944065094e-01,3.209285020828247e+00,-7.309036701917648e-02,-9.972350597381592e-01,-8.537402609363198e-04,1.339351758360863e-02
1609043765388222622,0,1609043765388222622,-2.020714044570923e+00,4.483583569526672e-01,3.211707830429077e+00,-7.295797020196915e-02,-9.972438216209412e-01,-2.258480963064358e-04,1.348831504583359e-02
1609043765464597176,0,1609043765464597176,-2.014789581298828e+00,4.082025587558746e-01,3.207464456558228e+00,-7.293637841939926e-02,-9.972444176673889e-01,-3.073875268455595e-04,1.355654094368219e-02
1609043765561998337,0,1609043765561998337,-2.011580467224121e+00,3.583711683750153e-01,3.202916383743286e+00,-7.162682712078094e-02,-9.973354935646057e-01,1.334284024778754e-04,1.383726485073566e-02
1609043765669660343,0,1609043765669660343,-2.024274349212646e+00,3.113760650157928e-01,3.199247598648071e+00,-6.498982012271881e-02,-9.977917671203613e-01,5.071539781056345e-04,1.369964145123959e-02
1609043765766483458,0,1609043765766483458,-2.020547866821289e+00,2.570522725582123e-01,3.200334072113037e+00,-5.735099688172340e-02,-9.982606172561646e-01,7.362943724729121e-04,1.363987289369106e-02
1609043765873476638,0,1609043765873476638,-2.009033918380737e+00,1.945964545011520e-01,3.205818653106689e+00,-4.659312590956688e-02,-9.988276958465576e-01,1.479781232774258e-03,1.304761599749327e-02
1609043765975798878,0,1609043765975798878,-1.998629927635193e+00,1.336076557636261e-01,3.202917337417603e+00,-3.435394167900085e-02,-9.993263483047485e-01,2.098347758874297e-03,1.274148654192686e-02
1609043766082881127,0,1609043766082881127,-1.989846467971802e+00,7.130540162324905e-02,3.204414606094360e+00,-2.074075862765312e-02,-9.997042417526245e-01,2.919586142525077e-03,1.236193254590034e-02
1609043766179368046,0,1609043766179368046,-1.980668425559998e+00,1.237617619335651e-02,3.218996286392212e+00,-8.211586624383926e-03,-9.998823404312134e-01,4.395493306219578e-03,1.218909397721291e-02
1609043766281033512,0,1609043766281033512,-1.973150730133057e+00,-4.857713729143143e-02,3.228353500366211e+00,5.128250923007727e-03,-9.999158978462219e-01,5.714831408113241e-03,1.045501790940762e-02
1609043766393473297,0,1609043766393473297,-1.974520802497864e+00,-1.089776828885078e-01,3.247663974761963e+00,1.931200549006462e-02,-9.997493028640747e-01,6.393302232027054e-03,9.356406517326832e-03
1609043766490239583,0,1609043766490239583,-1.978863239288330e+00,-1.632900536060333e-01,3.256516933441162e+00,3.232648968696594e-02,-9.994184374809265e-01,6.549027748405933e-03,8.658698759973049e-03
1609043766561652074,0,1609043766561652074,-1.981492280960083e+00,-2.056118845939636e-01,3.259891986846924e+00,4.329282790422440e-02,-9.990046620368958e-01,7.113394793123007e-03,8.048404939472675e-03
1609043766663979794,0,1609043766663979794,-1.987076640129089e+00,-2.645237147808075e-01,3.257899284362793e+00,5.871132016181946e-02,-9.982227087020874e-01,7.014745846390724e-03,7.426012307405472e-03
1609043766770862653,0,1609043766770862653,-1.990747690200806e+00,-3.221534192562103e-01,3.249860525131226e+00,7.332736998796463e-02,-9.972601532936096e-01,7.169906981289387e-03,6.622673012316227e-03
1609043766872575104,0,1609043766872575104,-1.997530937194824e+00,-3.702661097049713e-01,3.244287014007568e+00,8.698389679193497e-02,-9.961622357368469e-01,7.271838374435902e-03,6.453853100538254e-03
1609043766974372519,0,1609043766974372519,-2.007264852523804e+00,-4.182104468345642e-01,3.242122173309326e+00,1.001326218247414e-01,-9.949102401733398e-01,7.716296706348658e-03,8.217255584895611e-03
1609043767072441830,0,1609043767072441830,-2.017404794692993e+00,-4.630559384822845e-01,3.248607397079468e+00,1.121584400534630e-01,-9.935833811759949e-01,8.303073234856129e-03,1.198739651590586e-02
1609043767169192371,0,1609043767169192371,-2.027921199798584e+00,-5.046058893203735e-01,3.251106500625610e+00,1.238372921943665e-01,-9.921302199363708e-01,9.243303909897804e-03,1.601719856262207e-02
1609043767286252558,0,1609043767286252558,-2.041826963424683e+00,-5.489085316658020e-01,3.250663757324219e+00,1.362885683774948e-01,-9.904063344001770e-01,1.057802233844995e-02,2.022134885191917e-02
1609043767388108135,0,1609043767388108135,-2.056543588638306e+00,-5.825551152229309e-01,3.240269184112549e+00,1.471594572067261e-01,-9.888253808021545e-01,1.085250079631805e-02,2.122934348881245e-02
1609043767489966254,0,1609043767489966254,-2.071043729782104e+00,-6.185690164566040e-01,3.231825351715088e+00,1.581549197435379e-01,-9.871018528938293e-01,1.129351928830147e-02,2.212437614798546e-02
1609043767586683259,0,1609043767586683259,-2.088013887405396e+00,-6.500544548034668e-01,3.226275444030762e+00,1.698312014341354e-01,-9.851353168487549e-01,1.117516867816448e-02,2.325553633272648e-02
1609043767658765030,0,1609043767658765030,-2.095140457153320e+00,-6.775811910629272e-01,3.222301721572876e+00,1.788080930709839e-01,-9.835543632507324e-01,1.121245138347149e-02,2.286367490887642e-02
1609043767760385563,0,1609043767760385563,-2.100467681884766e+00,-7.152959108352661e-01,3.210731744766235e+00,1.911481171846390e-01,-9.812533855438232e-01,1.070014666765928e-02,2.212626487016678e-02
1609043767867377289,0,1609043767867377289,-2.103919982910156e+00,-7.480442523956299e-01,3.200273513793945e+00,2.031153887510300e-01,-9.788721799850464e-01,9.670280851423740e-03,2.144492231309414e-02
1609043767969241355,0,1609043767969241355,-2.103196620941162e+00,-7.767667174339294e-01,3.196785688400269e+00,2.140868604183197e-01,-9.765568971633911e-01,8.018361404538155e-03,2.095782756805420e-02
1609043768072123408,0,1609043768072123408,-2.104130744934082e+00,-8.004879951477051e-01,3.183496952056885e+00,2.246688306331635e-01,-9.742017984390259e-01,6.147050298750401e-03,2.042178995907307e-02
1609043768174703647,0,1609043768174703647,-2.103646993637085e+00,-8.190652728080750e-01,3.183550119400024e+00,2.347146421670914e-01,-9.718176126480103e-01,2.901721512898803e-03,2.170578017830849e-02
1609043768277609601,0,1609043768277609601,-2.102425336837769e+00,-8.365361690521240e-01,3.175369501113892e+00,2.442241460084915e-01,-9.694537520408630e-01,9.097268921323121e-04,2.265456877648830e-02
1609043768380995813,0,1609043768380995813,-2.102341413497925e+00,-8.507419228553772e-01,3.161219596862793e+00,2.534615397453308e-01,-9.670839905738831e-01,-5.610724329017103e-04,2.248258329927921e-02
1609043768481921868,0,1609043768481921868,-2.101771593093872e+00,-8.645664453506470e-01,3.164560794830322e+00,2.623106241226196e-01,-9.647091031074524e-01,-1.947920653037727e-03,2.293032035231590e-02
1609043768586623371,0,1609043768586623371,-2.098974704742432e+00,-8.825747370719910e-01,3.145368576049805e+00,2.714835703372955e-01,-9.622169137001038e-01,2.409403445199132e-03,2.072639204561710e-02
1609043768688786524,0,1609043768688786524,-2.092617273330688e+00,-8.981090188026428e-01,3.167131900787354e+00,2.800561487674713e-01,-9.597296714782715e-01,1.627873512916267e-03,2.201947011053562e-02
1609043768765227221,0,1609043768765227221,-2.083697080612183e+00,-9.168961048126221e-01,3.181932449340820e+00,2.870100140571594e-01,-9.576607346534729e-01,1.066225464455783e-03,2.258462645113468e-02
1609043768867064305,0,1609043768867064305,-2.072481870651245e+00,-9.382663369178772e-01,3.175888776779175e+00,2.961833775043488e-01,-9.548847675323486e-01,1.813452574424446e-03,2.161587961018085e-02
1609043768958777446,0,1609043768958777446,-2.061721563339233e+00,-9.547783732414246e-01,3.162651300430298e+00,3.047846853733063e-01,-9.521896839141846e-01,2.508666832000017e-03,2.085100673139095e-02
1609043769065854570,0,1609043769065854570,-2.048372745513916e+00,-9.712325334548950e-01,3.170293092727661e+00,3.142245411872864e-01,-9.491074085235596e-01,1.711748773232102e-03,2.133513800799847e-02
1609043769173425904,0,1609043769173425904,-2.032390117645264e+00,-9.869036674499512e-01,3.169246435165405e+00,3.235705494880676e-01,-9.459514021873474e-01,1.127904863096774e-03,2.183610573410988e-02
1609043769275422189,0,1609043769275422189,-2.016500949859619e+00,-9.974272251129150e-01,3.166935682296753e+00,3.323750197887421e-01,-9.428884983062744e-01,1.862959616119042e-04,2.209503762423992e-02
1609043769377347936,0,1609043769377347936,-2.001133441925049e+00,-1.008062720298767e+00,3.155411481857300e+00,3.413099646568298e-01,-9.396910667419434e-01,-4.097163910046220e-04,2.209289930760860e-02
1609043769479781544,0,1609043769479781544,-1.985428333282471e+00,-1.017706036567688e+00,3.151975870132446e+00,3.504877388477325e-01,-9.363280534744263e-01,-3.877081326209009e-04,2.116402238607407e-02
1609043769581766308,0,1609043769581766308,-1.964927673339844e+00,-1.026699662208557e+00,3.154050350189209e+00,3.597779572010040e-01,-9.328014254570007e-01,-1.291407388634980e-03,2.097246609628201e-02
1609043769689406496,0,1609043769689406496,-1.940334796905518e+00,-1.041122317314148e+00,3.167628049850464e+00,3.693220019340515e-01,-9.290589094161987e-01,-2.241481328383088e-03,2.111338078975677e-02
1609043769782227453,0,1609043769782227453,-1.918759822845459e+00,-1.047722578048706e+00,3.162783622741699e+00,3.782020211219788e-01,-9.255164265632629e-01,-1.827403320930898e-03,1.947676017880440e-02
1609043769858572944,0,1609043769858572944,-1.898424744606018e+00,-1.056519031524658e+00,3.167387247085571e+00,3.861153721809387e-01,-9.222633838653564e-01,-2.132865600287914e-03,1.845602504909039e-02
1609043769962051619,0,1609043769962051619,-1.870507717132568e+00,-1.067438244819641e+00,3.175362586975098e+00,3.964454829692841e-01,-9.179071187973022e-01,-2.026895759627223e-03,1.653254404664040e-02
1609043770063771664,0,1609043770063771664,-1.847143411636353e+00,-1.077169775962830e+00,3.165907859802246e+00,4.063905179500580e-01,-9.136185050010681e-01,9.638810879550874e-04,1.212508883327246e-02
1609043770165571489,0,1609043770165571489,-1.817849755287170e+00,-1.088759422302246e+00,3.195479869842529e+00,4.160752594470978e-01,-9.092627763748169e-01,8.958227699622512e-04,1.103521138429642e-02
1609043770277900392,0,1609043770277900392,-1.791619181632996e+00,-1.097525835037231e+00,3.201609134674072e+00,4.263159632682800e-01,-9.045266509056091e-01,1.672603888437152e-03,9.139607660472393e-03
1609043770374743280,0,1609043770374743280,-1.766004920005798e+00,-1.105976223945618e+00,3.209858894348145e+00,4.352054595947266e-01,-9.002932906150818e-01,2.439908217638731e-03,7.897792384028435e-03
1609043770482665826,0,1609043770482665826,-1.738936305046082e+00,-1.115123987197876e+00,3.228460073471069e+00,4.443796873092651e-01,-8.958346843719482e-01,8.056015358306468e-04,2.487222896888852e-03
1609043770579668099,0,1609043770579668099,-1.716504454612732e+00,-1.120326876640320e+00,3.241840124130249e+00,4.524360299110413e-01,-8.917923569679260e-01,-1.087408280000091e-03,-2.635904354974627e-03
1609043770681638785,0,1609043770681638785,-1.696747779846191e+00,-1.127755284309387e+00,3.253117322921753e+00,4.605998098850250e-01,-8.876072764396667e-01,-8.089119219221175e-04,-6.763829151168466e-04
1609043770789378402,0,1609043770789378402,-1.680363178253174e+00,-1.137227058410645e+00,3.255291700363159e+00,4.682408869266510e-01,-8.836005926132202e-01,-6.142227211967111e-04,1.821682235458866e-04
1609043770891246918,0,1609043770891246918,-1.665907502174377e+00,-1.142288565635681e+00,3.264457464218140e+00,4.755263924598694e-01,-8.797006607055664e-01,-9.738369844853878e-04,-7.042406941764057e-04
1609043770957502636,0,1609043770957502636,-1.657448887825012e+00,-1.148572206497192e+00,3.269243717193604e+00,4.806891381740570e-01,-8.768896460533142e-01,-1.033548498526216e-03,-1.227089436724782e-03
1609043771064572125,0,1609043771064572125,-1.647642970085144e+00,-1.159765839576721e+00,3.280896186828613e+00,4.885507524013519e-01,-8.725225329399109e-01,-2.026013098657131e-03,-4.292120691388845e-03
1609043771166427774,0,1609043771166427774,-1.644321203231812e+00,-1.173534989356995e+00,3.288651943206787e+00,4.956398904323578e-01,-8.685091137886047e-01,-2.140200929716229e-03,-5.329517647624016e-03
1609043771270638871,0,1609043771270638871,-1.639070034027100e+00,-1.190271615982056e+00,3.273190736770630e+00,5.024989247322083e-01,-8.645778298377991e-01,-1.287249178858474e-04,-1.253280934179202e-04
1609043771367913090,0,1609043771367913090,-1.639248728752136e+00,-1.202271938323975e+00,3.280503988265991e+00,5.090699791908264e-01,-8.607248067855835e-01,6.774256471544504e-04,-5.045192665420473e-04
1609043771480038489,0,1609043771480038489,-1.638786911964417e+00,-1.216838717460632e+00,3.295049905776978e+00,5.161498188972473e-01,-8.564964532852173e-01,1.715389895252883e-03,5.873423069715500e-04
1609043771577094174,0,1609043771577094174,-1.640001535415649e+00,-1.231244325637817e+00,3.304027795791626e+00,5.226486325263977e-01,-8.525460958480835e-01,4.283745365682989e-04,-1.875477260909975e-03
1609043771679075655,0,1609043771679075655,-1.643699288368225e+00,-1.245722174644470e+00,3.303971529006958e+00,5.293321609497070e-01,-8.484138250350952e-01,1.197559991851449e-03,7.406517397612333e-05
1609043771775843823,0,1609043771775843823,-1.649303793907166e+00,-1.261892318725586e+00,3.308777570724487e+00,5.357484817504883e-01,-8.443759083747864e-01,1.441910513676703e-03,9.490147931501269e-04
1609043771888314093,0,1609043771888314093,-1.658305644989014e+00,-1.277569293975830e+00,3.319305896759033e+00,5.428912043571472e-01,-8.398019671440125e-01,-6.424699222407071e-06,1.387604861520231e-03
1609043771995377980,0,1609043771995377980,-1.666102528572083e+00,-1.294046998023987e+00,3.324668407440186e+00,5.493209362030029e-01,-8.356062173843384e-01,-1.594086526893079e-03,2.517900662496686e-03
1609043772061677734,0,1609043772061677734,-1.673250794410706e+00,-1.307193160057068e+00,3.318682909011841e+00,5.537618994712830e-01,-8.326522707939148e-01,-4.415374249219894e-03,4.304818343371153e-03
1609043772163853717,0,1609043772163853717,-1.682940602302551e+00,-1.325008630752563e+00,3.307344913482666e+00,5.601725578308105e-01,-8.283050656318665e-01,-3.984574228525162e-03,1.007646415382624e-02
1609043772265868533,0,1609043772265868533,-1.697741746902466e+00,-1.340063571929932e+00,3.280535459518433e+00,5.660800337791443e-01,-8.242048025131226e-01,-2.416593721136451e-03,1.529559958726168e-02
1609043772367805964,0,1609043772367805964,-1.708426356315613e+00,-1.356744170188904e+00,3.281844615936279e+00,5.714483857154846e-01,-8.204411268234253e-01,-1.762172440066934e-03,1.788912899792194e-02
1609043772469646832,0,1609043772469646832,-1.719424366950989e+00,-1.372951030731201e+00,3.273151874542236e+00,5.763239860534668e-01,-8.171151280403137e-01,-2.402095269644633e-04,1.316913962364197e-02
1609043772576674305,0,1609043772576674305,-1.724573493003845e+00,-1.385659575462341e+00,3.282140016555786e+00,5.814545154571533e-01,-8.134732246398926e-01,-2.197987167164683e-03,1.293002720922232e-02
1609043772678413870,0,1609043772678413870,-1.730868220329285e+00,-1.395436286926270e+00,3.284122943878174e+00,5.865600705146790e-01,-8.097958564758301e-01,-4.719452932476997e-03,1.248030923306942e-02
1609043772785229762,0,1609043772785229762,-1.730167388916016e+00,-1.405090093612671e+00,3.271417617797852e+00,5.921446681022644e-01,-8.057504296302795e-01,-4.555799998342991e-03,1.049680449068546e-02
1609043772886985208,0,1609043772886985208,-1.736056923866272e+00,-1.413756251335144e+00,3.255410432815552e+00,5.976758599281311e-01,-8.016765117645264e-01,-5.135073326528072e-03,8.478407748043537e-03
1609043772983992143,0,1609043772983992143,-1.739867687225342e+00,-1.425215959548950e+00,3.257396221160889e+00,6.032192707061768e-01,-7.975271344184875e-01,-5.620536394417286e-03,6.744157057255507e-03
1609043773091021949,0,1609043773091021949,-1.743319034576416e+00,-1.437792062759399e+00,3.248617410659790e+00,6.094835996627808e-01,-7.927678227424622e-01,-4.868078045547009e-03,5.031603388488293e-03
1609043773157422990,0,1609043773157422990,-1.745559930801392e+00,-1.447114944458008e+00,3.237752914428711e+00,6.140059232711792e-01,-7.892907261848450e-01,-2.907567191869020e-03,2.902315231040120e-03
1609043773259507471,0,1609043773259507471,-1.746654510498047e+00,-1.463213324546814e+00,3.246671915054321e+00,6.207736134529114e-01,-7.839840054512024e-01,-2.924198750406504e-03,8.295865845866501e-04
1609043773366546371,0,1609043773366546371,-1.750065684318542e+00,-1.478454709053040e+00,3.246075153350830e+00,6.273738741874695e-01,-7.787148952484131e-01,-2.151869703084230e-03,-8.064273861236870e-04
1609043773474177738,0,1609043773474177738,-1.754723191261292e+00,-1.490314602851868e+00,3.237831354141235e+00,6.337220072746277e-01,-7.735600471496582e-01,-8.053765632212162e-04,-8.754946175031364e-04
1609043773571320895,0,1609043773571320895,-1.762560844421387e+00,-1.503016948699951e+00,3.234123945236206e+00,6.392959952354431e-01,-7.689551115036011e-01,-2.971214242279530e-03,-3.767062298720703e-05
1609043773673488673,0,1609043773673488673,-1.769777536392212e+00,-1.520928502082825e+00,3.262002706527710e+00,6.450650095939636e-01,-7.639960050582886e-01,-1.189826056361198e-02,7.730938494205475e-03
1609043773780486209,0,1609043773780486209,-1.782776117324829e+00,-1.539234638214111e+00,3.215901374816895e+00,6.496768593788147e-01,-7.599844336509705e-01,-1.431955397129059e-02,1.177365705370903e-02
1609043773883252746,0,1609043773883252746,-1.802208185195923e+00,-1.554742455482483e+00,3.204755544662476e+00,6.520997881889343e-01,-7.573844790458679e-01,-2.303641103208065e-02,2.457367442548275e-02
1609043773985484912,0,1609043773985484912,-1.810431361198425e+00,-1.573231220245361e+00,3.162549495697021e+00,6.543804407119751e-01,-7.553091049194336e-01,-2.280777134001255e-02,2.782551385462284e-02
1609043774087594222,0,1609043774087594222,-1.810050368309021e+00,-1.590955972671509e+00,3.130607843399048e+00,6.557658910751343e-01,-7.537386417388916e-01,-2.648131363093853e-02,3.387983888387680e-02
1609043774186323852,0,1609043774186323852,-1.812042593955994e+00,-1.606572508811951e+00,3.105811119079590e+00,6.566565036773682e-01,-7.530357241630554e-01,-2.524966001510620e-02,3.319515660405159e-02
1609043774257553096,0,1609043774257553096,-1.808422327041626e+00,-1.618119359016418e+00,3.079973220825195e+00,6.570336818695068e-01,-7.531340122222900e-01,-1.929651200771332e-02,2.690055966377258e-02
1609043774364598835,0,1609043774364598835,-1.790985941886902e+00,-1.637697935104370e+00,3.072879552841187e+00,6.572630405426025e-01,-7.533760666847229e-01,-1.125567499548197e-02,1.740613766014576e-02
1609043774471506848,0,1609043774471506848,-1.763484477996826e+00,-1.658096671104431e+00,3.109560012817383e+00,6.575405597686768e-01,-7.533205747604370e-01,-5.692136939615011e-03,1.078049652278423e-02
1609043774568617639,0,1609043774568617639,-1.734347462654114e+00,-1.672250628471375e+00,3.129174470901489e+00,6.576315164566040e-01,-7.533263564109802e-01,-1.720524887787178e-04,4.493728745728731e-03
1609043774670355295,0,1609043774670355295,-1.701519131660461e+00,-1.688046574592590e+00,3.138287544250488e+00,6.576846837997437e-01,-7.532829642295837e-01,3.898777067661285e-03,6.859985878691077e-04
1609043774777278758,0,1609043774777278758,-1.675164699554443e+00,-1.702866315841675e+00,3.131571054458618e+00,6.582036614418030e-01,-7.528117299079895e-01,6.379650440067053e-03,-1.347446232102811e-03
1609043774879164631,0,1609043774879164631,-1.655148148536682e+00,-1.715458154678345e+00,3.125665187835693e+00,6.583319902420044e-01,-7.526848912239075e-01,7.788219023495913e-03,-1.962185371667147e-03
1609043774983011699,0,1609043774983011699,-1.639170169830322e+00,-1.727838158607483e+00,3.117269992828369e+00,6.583770513534546e-01,-7.526508569717407e-01,7.442677859216928e-03,-9.613360161893070e-04
1609043775084855457,0,1609043775084855457,-1.631509542465210e+00,-1.739980459213257e+00,3.097814798355103e+00,6.586059331893921e-01,-7.524577975273132e-01,6.728694308549166e-03,5.656236899085343e-04
1609043775192460529,0,1609043775192460529,-1.626526594161987e+00,-1.751271247863770e+00,3.084096431732178e+00,6.586456298828125e-01,-7.524296045303345e-01,5.048897583037615e-03,3.191369585692883e-03
1609043775289258308,0,1609043775289258308,-1.626970648765564e+00,-1.763231039047241e+00,3.071307182312012e+00,6.586515307426453e-01,-7.524191737174988e-01,4.201509989798069e-03,5.100161768496037e-03
1609043775365859354,0,1609043775365859354,-1.627103328704834e+00,-1.771263957023621e+00,3.069490194320679e+00,6.586583852767944e-01,-7.524081468582153e-01,3.157529514282942e-03,6.406074855476618e-03
1609043775457797215,0,1609043775457797215,-1.629212737083435e+00,-1.782424807548523e+00,3.067176103591919e+00,6.588132381439209e-01,-7.522623538970947e-01,2.177874092012644e-03,7.857625372707844e-03
1609043775570571061,0,1609043775570571061,-1.631819486618042e+00,-1.794037818908691e+00,3.064478874206543e+00,6.598517894744873e-01,-7.513410449028015e-01,1.297103939577937e-03,8.979590609669685e-03
1609043775662304135,0,1609043775662304135,-1.635611534118652e+00,-1.801273703575134e+00,3.071174621582031e+00,6.620940566062927e-01,-7.493578791618347e-01,-9.170027624350041e-05,9.703561663627625e-03
1609043775768997282,0,1609043775768997282,-1.639559268951416e+00,-1.810120701789856e+00,3.078009843826294e+00,6.662976145744324e-01,-7.456206083297729e-01,-1.406588940881193e-03,9.775529615581036e-03
1609043775873824428,0,1609043775873824428,-1.638992190361023e+00,-1.813536405563354e+00,3.083659887313843e+00,6.698729395866394e-01,-7.423947453498840e-01,-2.200178802013397e-03,1.075148209929466e-02
1609043775975648586,0,1609043775975648586,-1.639085292816162e+00,-1.818122386932373e+00,3.089922904968262e+00,6.744548678398132e-01,-7.382273077964783e-01,-2.896508900448680e-03,1.108262315392494e-02
1609043776072298026,0,1609043776072298026,-1.638203740119934e+00,-1.822690963745117e+00,3.092500209808350e+00,6.789513230323792e-01,-7.340936064720154e-01,-3.442565212026238e-03,1.094379555433989e-02
1609043776185741621,0,1609043776185741621,-1.635197281837463e+00,-1.829528570175171e+00,3.093026638031006e+00,6.832703948020935e-01,-7.301219105720520e-01,-4.082772415131330e-03,6.844391115009785e-03
1609043776292639623,0,1609043776292639623,-1.636391282081604e+00,-1.831350803375244e+00,3.086259126663208e+00,6.874688267707825e-01,-7.261835336685181e-01,-4.355771932750940e-03,5.013318266719580e-03
1609043776390299045,0,1609043776390299045,-1.634717822074890e+00,-1.836283564567566e+00,3.091864109039307e+00,6.911104917526245e-01,-7.227334380149841e-01,-4.048671573400497e-03,2.513896673917770e-03
1609043776457103122,0,1609043776457103122,-1.630326867103577e+00,-1.837252140045166e+00,3.093297719955444e+00,6.937761902809143e-01,-7.201777696609497e-01,-4.201869014650583e-03,9.223826345987618e-04
1609043776559071884,0,1609043776559071884,-1.625234603881836e+00,-1.836647510528564e+00,3.090252876281738e+00,6.981980800628662e-01,-7.158910632133484e-01,-4.388707689940929e-03,-5.419455119408667e-04
1609043776671020615,0,1609043776671020615,-1.624378085136414e+00,-1.840089678764343e+00,3.090046405792236e+00,7.029197216033936e-01,-7.112542986869812e-01,-4.085382446646690e-03,-2.103542443364859e-03
1609043776768401109,0,1609043776768401109,-1.624245166778564e+00,-1.848724007606506e+00,3.090286970138550e+00,7.069227099418640e-01,-7.072728276252747e-01,-3.933108411729336e-03,-3.157627070322633e-03
1609043776870309357,0,1609043776870309357,-1.627410888671875e+00,-1.853699803352356e+00,3.085928678512573e+00,7.115486264228821e-01,-7.026160955429077e-01,-4.174068570137024e-03,-3.458310151472688e-03
1609043776972170355,0,1609043776972170355,-1.635337591171265e+00,-1.863693237304688e+00,3.084156036376953e+00,7.158555984497070e-01,-6.982249617576599e-01,-4.267878364771605e-03,-3.811197821050882e-03
1609043777074077985,0,1609043777074077985,-1.643916368484497e+00,-1.876599907875061e+00,3.081743478775024e+00,7.204735875129700e-01,-6.934574842453003e-01,-4.318573046475649e-03,-3.988020587712526e-03
1609043777186164338,0,1609043777186164338,-1.655923128128052e+00,-1.889271378517151e+00,3.078913450241089e+00,7.253412008285522e-01,-6.883639693260193e-01,-4.183289129287004e-03,-4.205453209578991e-03
1609043777288171416,0,1609043777288171416,-1.667101979255676e+00,-1.902032613754272e+00,3.081608772277832e+00,7.298696041107178e-01,-6.835571527481079e-01,-4.472266416996717e-03,-4.473112523555756e-03
1609043777391175743,0,1609043777391175743,-1.682615637779236e+00,-1.914865136146545e+00,3.080661535263062e+00,7.338936328887939e-01,-6.792316436767578e-01,-4.791139159351587e-03,-4.645386710762978e-03
1609043777493034201,0,1609043777493034201,-1.697061896324158e+00,-1.932695150375366e+00,3.081001281738281e+00,7.383248209953308e-01,-6.744106411933899e-01,-4.884215537458658e-03,-4.787451587617397e-03
1609043777564523859,0,1609043777564523859,-1.710443735122681e+00,-1.945371866226196e+00,3.081740140914917e+00,7.415934801101685e-01,-6.708123683929443e-01,-5.444367416203022e-03,-4.492955747991800e-03
1609043777663124463,0,1609043777663124463,-1.730015397071838e+00,-1.964474916458130e+00,3.081799030303955e+00,7.454412579536438e-01,-6.665319204330444e-01,-5.605241749435663e-03,-4.602410830557346e-03
1609043777765010230,0,1609043777765010230,-1.748741030693054e+00,-1.985133647918701e+00,3.084249019622803e+00,7.495033144950867e-01,-6.619633436203003e-01,-5.455459468066692e-03,-4.429548978805542e-03
1609043777867255548,0,1609043777867255548,-1.768665432929993e+00,-2.007794857025146e+00,3.084989070892334e+00,7.532707452774048e-01,-6.576745510101318e-01,-5.497159436345100e-03,-4.146285820752382e-03
1609043777969449635,0,1609043777969449635,-1.788361907005310e+00,-2.032147407531738e+00,3.083555459976196e+00,7.574529051780701e-01,-6.528543829917908e-01,-5.732102785259485e-03,-3.681122092530131e-03
1609043778071367242,0,1609043778071367242,-1.812049627304077e+00,-2.059138536453247e+00,3.077289581298828e+00,7.616694569587708e-01,-6.479274630546570e-01,-5.768159404397011e-03,-4.050597548484802e-03
1609043778178812995,0,1609043778178812995,-1.835519671440125e+00,-2.086786031723022e+00,3.075857877731323e+00,7.657697200775146e-01,-6.430702209472656e-01,-6.102070212364197e-03,-4.503742791712284e-03
1609043778280612529,0,1609043778280612529,-1.858764290809631e+00,-2.114161491394043e+00,3.080554723739624e+00,7.698255181312561e-01,-6.382041573524475e-01,-6.565072573721409e-03,-4.589584190398455e-03
1609043778383792368,0,1609043778383792368,-1.881888389587402e+00,-2.144385337829590e+00,3.087607145309448e+00,7.740770578384399e-01,-6.330351829528809e-01,-7.038477808237076e-03,-4.645257256925106e-03
1609043778480566307,0,1609043778480566307,-1.907189846038818e+00,-2.177421569824219e+00,3.088226318359375e+00,7.781703472137451e-01,-6.279884576797485e-01,-7.457550149410963e-03,-5.076336208730936e-03
1609043778582736222,0,1609043778582736222,-1.937442779541016e+00,-2.207802295684814e+00,3.084533452987671e+00,7.820207476615906e-01,-6.231726408004761e-01,-7.998409681022167e-03,-5.965151358395815e-03
1609043778664677656,0,1609043778664677656,-1.961911439895630e+00,-2.238105773925781e+00,3.079031705856323e+00,7.851962447166443e-01,-6.191567182540894e-01,-8.257687091827393e-03,-6.609821226447821e-03
1609043778762037725,0,1609043778762037725,-1.988358378410339e+00,-2.275521755218506e+00,3.076920986175537e+00,7.890924811363220e-01,-6.142004132270813e-01,-7.455881685018539e-03,-5.954616237431765e-03
1609043778869043755,0,1609043778869043755,-2.022397279739380e+00,-2.307512521743774e+00,3.100042104721069e+00,7.918231487274170e-01,-6.107277274131775e-01,4.991356283426285e-03,1.702228211797774e-03
1609043778977124365,0,1609043778977124365,-2.057035446166992e+00,-2.347252845764160e+00,3.075632333755493e+00,7.937795519828796e-01,-6.079881191253662e-01,1.360245235264301e-02,8.916712366044521e-03
1609043779073593587,0,1609043779073593587,-2.088284254074097e+00,-2.392147541046143e+00,3.082250356674194e+00,7.948215007781982e-01,-6.062635183334351e-01,2.197407186031342e-02,1.485071890056133e-02
1609043779175235971,0,1609043779175235971,-2.122974872589111e+00,-2.437027931213379e+00,3.073945999145508e+00,7.953922152519226e-01,-6.051425933837891e-01,2.826245687901974e-02,1.883760653436184e-02
1609043779277507922,0,1609043779277507922,-2.160273790359497e+00,-2.474221944808960e+00,3.072099447250366e+00,7.957774400711060e-01,-6.046134233474731e-01,2.901702001690865e-02,1.840898022055626e-02
1609043779379594031,0,1609043779379594031,-2.205388784408569e+00,-2.494643926620483e+00,3.066018342971802e+00,7.961006164550781e-01,-6.042759418487549e-01,2.764031477272511e-02,1.762202568352222e-02
1609043779486631485,0,1609043779486631485,-2.250123739242554e+00,-2.500907182693481e+00,3.094749689102173e+00,7.964796423912048e-01,-6.040769815444946e-01,1.992942392826080e-02,1.772188022732735e-02
1609043779588531255,0,1609043779588531255,-2.303494215011597e+00,-2.502662658691406e+00,3.105421066284180e+00,7.966385483741760e-01,-6.040560603141785e-01,8.948776870965958e-03,2.008328214287758e-02
1609043779690310276,0,1609043779690310276,-2.362467765808105e+00,-2.499897718429565e+00,3.080309867858887e+00,7.966175675392151e-01,-6.041423082351685e-01,1.477801240980625e-03,2.025670930743217e-02
1609043779766788128,0,1609043779766788128,-2.410190582275391e+00,-2.492751598358154e+00,3.066476821899414e+00,7.965796589851379e-01,-6.040695905685425e-01,-7.109590806066990e-03,2.259010262787342e-02
1609043779863534994,0,1609043779863534994,-2.468750000000000e+00,-2.481697082519531e+00,3.034605741500854e+00,7.964360117912292e-01,-6.041345596313477e-01,-1.482006628066301e-02,2.217095531523228e-02
1609043779965787065,0,1609043779965787065,-2.537748575210571e+00,-2.474761486053467e+00,2.977548837661743e+00,7.963743805885315e-01,-6.044438481330872e-01,-1.509348209947348e-02,1.440741121768951e-02
1609043780072727074,0,1609043780072727074,-2.577836275100708e+00,-2.449881076812744e+00,3.048007011413574e+00,7.966110110282898e-01,-6.041061282157898e-01,-1.780866459012032e-02,1.222442928701639e-02
1609043780169378173,0,1609043780169378173,-2.612156152725220e+00,-2.432288885116577e+00,3.087488174438477e+00,7.967266440391541e-01,-6.039251089096069e-01,-1.868860237300396e-02,1.232925150543451e-02
1609043780271320716,0,1609043780271320716,-2.645724773406982e+00,-2.417334318161011e+00,3.103287696838379e+00,7.967888712882996e-01,-6.037708520889282e-01,-1.996757276356220e-02,1.376585755497217e-02
1609043780383280601,0,1609043780383280601,-2.683183193206787e+00,-2.410044670104980e+00,3.082453727722168e+00,7.969283461570740e-01,-6.035705208778381e-01,-1.987366378307343e-02,1.459475234150887e-02
1609043780485074270,0,1609043780485074270,-2.713138818740845e+00,-2.403632402420044e+00,3.019912242889404e+00,7.967818975448608e-01,-6.039841175079346e-01,-1.572496257722378e-02,9.722628630697727e-03
1609043780589883204,0,1609043780589883204,-2.737842321395874e+00,-2.397881269454956e+00,3.005274534225464e+00,7.968274354934692e-01,-6.039420962333679e-01,-1.548175234347582e-02,8.968175388872623e-03
1609043780691697993,0,1609043780691697993,-2.752246856689453e+00,-2.394775390625000e+00,3.043074369430542e+00,7.971414327621460e-01,-6.035038828849792e-01,-1.586474478244781e-02,9.846380911767483e-03
1609043780783194569,0,1609043780783194569,-2.771451950073242e+00,-2.396748065948486e+00,3.032191991806030e+00,7.973375916481018e-01,-6.033575534820557e-01,-1.293004769831896e-02,6.734975147992373e-03
1609043780864516886,0,1609043780864516886,-2.785333395004272e+00,-2.391383886337280e+00,3.031804323196411e+00,7.978548407554626e-01,-6.027349829673767e-01,-1.104085892438889e-02,4.048586357384920e-03
1609043780966153903,0,1609043780966153903,-2.802019119262695e+00,-2.383891344070435e+00,3.044456720352173e+00,7.987345457077026e-01,-6.016020774841309e-01,-9.635958820581436e-03,2.278007101267576e-03
1609043781063354084,0,1609043781063354084,-2.817684173583984e+00,-2.380682229995728e+00,3.052273273468018e+00,7.995399236679077e-01,-6.005512475967407e-01,-8.531666360795498e-03,1.166371279396117e-03
1609043781168884586,0,1609043781168884586,-2.835616827011108e+00,-2.377667665481567e+00,3.060193538665771e+00,8.000881075859070e-01,-5.998318195343018e-01,-7.802420295774937e-03,9.113549458561465e-05
1609043781270694077,0,1609043781270694077,-2.852059364318848e+00,-2.377543687820435e+00,3.062694787979126e+00,8.004535436630249e-01,-5.993513464927673e-01,-7.197933737188578e-03,-5.526824388653040e-04
1609043781372632965,0,1609043781372632965,-2.874885082244873e+00,-2.383664846420288e+00,3.039624214172363e+00,8.005176782608032e-01,-5.992800593376160e-01,-4.358562640845776e-03,-3.977988846600056e-03
1609043781479672625,0,1609043781479672625,-2.886877536773682e+00,-2.393579721450806e+00,3.042464494705200e+00,8.010199666023254e-01,-5.982385873794556e-01,6.291172001510859e-03,-2.093056403100491e-02
1609043781587427137,0,1609043781587427137,-2.903155565261841e+00,-2.388394355773926e+00,3.087809562683105e+00,8.022273182868958e-01,-5.964688658714294e-01,8.465367369353771e-03,-2.417490072548389e-02
1609043781689770801,0,1609043781689770801,-2.934010267257690e+00,-2.394716978073120e+00,3.112793207168579e+00,8.027064800262451e-01,-5.953493714332581e-01,1.365108042955399e-02,-3.217500075697899e-02
1609043781786671271,0,1609043781786671271,-2.959115505218506e+00,-2.396025180816650e+00,3.150135993957520e+00,8.037009239196777e-01,-5.938407182693481e-01,1.474602054804564e-02,-3.464967757463455e-02
1609043781888856275,0,1609043781888856275,-2.991190910339355e+00,-2.406006813049316e+00,3.149251222610474e+00,8.050166368484497e-01,-5.921049118041992e-01,1.492608431726694e-02,-3.372259065508842e-02
1609043781960315088,0,1609043781960315088,-3.028132200241089e+00,-2.419833421707153e+00,3.135926961898804e+00,8.060578107833862e-01,-5.909153223037720e-01,1.299684774130583e-02,-3.034963645040989e-02
1609043782062986032,0,1609043782062986032,-3.089207172393799e+00,-2.446509838104248e+00,3.119425058364868e+00,8.075065016746521e-01,-5.890212059020996e-01,1.237030979245901e-02,-2.888521924614906e-02
1609043782165991809,0,1609043782165991809,-3.159193515777588e+00,-2.475054979324341e+00,3.099712133407593e+00,8.091462254524231e-01,-5.869840383529663e-01,9.746778756380081e-03,-2.524206601083279e-02
1609043782267922427,0,1609043782267922427,-3.228448152542114e+00,-2.504607200622559e+00,3.097003459930420e+00,8.110951185226440e-01,-5.844150185585022e-01,8.069708012044430e-03,-2.277609147131443e-02
1609043782369680917,0,1609043782369680917,-3.308489084243774e+00,-2.530452013015747e+00,3.095896482467651e+00,8.128357529640198e-01,-5.820729136466980e-01,6.860478781163692e-03,-2.102752402424812e-02
1609043782471682061,0,1609043782471682061,-3.389654397964478e+00,-2.558840513229370e+00,3.102733850479126e+00,8.145661950111389e-01,-5.797178149223328e-01,5.555590149015188e-03,-1.945316791534424e-02
1609043782578755805,0,1609043782578755805,-3.466856241226196e+00,-2.591290473937988e+00,3.141817092895508e+00,8.169972300529480e-01,-5.764473080635071e-01,8.056074730120599e-04,-1.494368258863688e-02
1609043782685686854,0,1609043782685686854,-3.550250053405762e+00,-2.641262054443359e+00,3.131455183029175e+00,8.203896284103394e-01,-5.716432332992554e-01,-1.062934403307736e-03,-1.355670019984245e-02
1609043782787427012,0,1609043782787427012,-3.640332460403442e+00,-2.675731182098389e+00,3.114140510559082e+00,8.235878944396973e-01,-5.670378804206848e-01,-4.151750355958939e-03,-1.240044087171555e-02
1609043782884446267,0,1609043782884446267,-3.724766492843628e+00,-2.710886478424072e+00,3.120700120925903e+00,8.273852467536926e-01,-5.614773035049438e-01,-6.379561033099890e-03,-1.166406925767660e-02
1609043782991394731,0,1609043782991394731,-3.816080808639526e+00,-2.751404285430908e+00,3.128908872604370e+00,8.316561579704285e-01,-5.551168918609619e-01,-8.650624193251133e-03,-1.088394969701767e-02
1609043783057550997,0,1609043783057550997,-3.880981445312500e+00,-2.783301591873169e+00,3.135152101516724e+00,8.347098231315613e-01,-5.504963994026184e-01,-9.729417040944099e-03,-1.089249365031719e-02
1609043783154269464,0,1609043783154269464,-3.977294206619263e+00,-2.830374717712402e+00,3.147610425949097e+00,8.388431072235107e-01,-5.441551208496094e-01,-1.053051091730595e-02,-1.125634927302599e-02
1609043783271528667,0,1609043783271528667,-4.080280303955078e+00,-2.886731863021851e+00,3.156892061233521e+00,8.425735831260681e-01,-5.383393168449402e-01,-1.007789280265570e-02,-1.260688807815313e-02
1609043783374458378,0,1609043783374458378,-4.164351463317871e+00,-2.935099601745605e+00,3.180397987365723e+00,8.458731174468994e-01,-5.331354737281799e-01,-1.095025334507227e-02,-1.205166429281235e-02
1609043783471161587,0,1609043783471161587,-4.242094993591309e+00,-2.984668731689453e+00,3.186771631240845e+00,8.487234711647034e-01,-5.285803079605103e-01,-1.093930285423994e-02,-1.231924165040255e-02
1609043783567976754,0,1609043783567976754,-4.323618412017822e+00,-3.034726381301880e+00,3.201666593551636e+00,8.512805104255676e-01,-5.244517922401428e-01,-1.102414634078741e-02,-1.226396393030882e-02
1609043783669839358,0,1609043783669839358,-4.407191753387451e+00,-3.090483665466309e+00,3.214215040206909e+00,8.537114262580872e-01,-5.204907655715942e-01,-1.077926624566317e-02,-1.224859990179539e-02
1609043783781729229,0,1609043783781729229,-4.495258331298828e+00,-3.150819063186646e+00,3.255769729614258e+00,8.556777834892273e-01,-5.172536373138428e-01,-1.417884975671768e-02,-7.942609488964081e-03
1609043783884775586,0,1609043783884775586,-4.576857089996338e+00,-3.213545560836792e+00,3.281227350234985e+00,8.568202853202820e-01,-5.152562260627747e-01,-1.922202296555042e-02,-7.296103867702186e-04
1609043783987621793,0,1609043783987621793,-4.648426532745361e+00,-3.268158197402954e+00,3.308558940887451e+00,8.577268123626709e-01,-5.135357975959778e-01,-2.266252413392067e-02,8.495340123772621e-03
1609043784094531039,0,1609043784094531039,-4.739624977111816e+00,-3.346487522125244e+00,3.205947160720825e+00,8.579511046409607e-01,-5.130974054336548e-01,-2.276125550270081e-02,1.152757927775383e-02
1609043784160984278,0,1609043784160984278,-4.796770095825195e+00,-3.399721145629883e+00,3.198789119720459e+00,8.580059409141541e-01,-5.127861499786377e-01,-2.489159256219864e-02,1.601562276482582e-02
1609043784268012947,0,1609043784268012947,-4.874824047088623e+00,-3.479343175888062e+00,3.205842494964600e+00,8.581344485282898e-01,-5.123310089111328e-01,-2.635180577635765e-02,2.068483643233776e-02
1609043784364659768,0,1609043784364659768,-4.947634220123291e+00,-3.554694175720215e+00,3.178827047348022e+00,8.580797314643860e-01,-5.125173330307007e-01,-2.566859126091003e-02,1.913838647305965e-02
1609043784471647142,0,1609043784471647142,-5.011375904083252e+00,-3.626551151275635e+00,3.175739288330078e+00,8.579756617546082e-01,-5.128996372222900e-01,-2.397126704454422e-02,1.539695728570223e-02
1609043784568524763,0,1609043784568524763,-5.052747726440430e+00,-3.673511981964111e+00,3.246587991714478e+00,8.582421541213989e-01,-5.124986767768860e-01,-2.429428696632385e-02,1.324511691927910e-02
1609043784681387638,0,1609043784681387638,-5.101860523223877e+00,-3.729441404342651e+00,3.273294210433960e+00,8.583013415336609e-01,-5.125767588615417e-01,-2.214378863573074e-02,9.676750749349594e-03
1609043784783611657,0,1609043784783611657,-5.138649940490723e+00,-3.776558160781860e+00,3.280810832977295e+00,8.582903146743774e-01,-5.126766562461853e-01,-2.133277431130409e-02,6.738856434822083e-03
1609043784880267788,0,1609043784880267788,-5.172674179077148e+00,-3.828218460083008e+00,3.295145034790039e+00,8.582484722137451e-01,-5.127477049827576e-01,-2.170114591717720e-02,5.329045932739973e-03
1609043784983598127,0,1609043784983598127,-5.206122875213623e+00,-3.886481285095215e+00,3.289452314376831e+00,8.581286072731018e-01,-5.130492448806763e-01,-1.982708089053631e-02,1.683106413111091e-03
1609043785090431545,0,1609043785090431545,-5.239574909210205e+00,-3.943603992462158e+00,3.267442464828491e+00,8.579809665679932e-01,-5.133568644523621e-01,-1.809016801416874e-02,-2.480108523741364e-03
1609043785192612292,0,1609043785192612292,-5.264866828918457e+00,-3.995527982711792e+00,3.282336235046387e+00,8.579728603363037e-01,-5.132818222045898e-01,-1.981302350759506e-02,-5.632907617837191e-03
1609043785259573810,0,1609043785259573810,-5.286223411560059e+00,-4.043625831604004e+00,3.286162137985229e+00,8.577944040298462e-01,-5.135622620582581e-01,-1.969431713223457e-02,-7.406699005514383e-03
1609043785361678478,0,1609043785361678478,-5.313697338104248e+00,-4.109409809112549e+00,3.285496950149536e+00,8.577005267143250e-01,-5.136954188346863e-01,-1.927981525659561e-02,-9.755120612680912e-03
1609043785463786451,0,1609043785463786451,-5.338261604309082e+00,-4.171600341796875e+00,3.310856580734253e+00,8.578168749809265e-01,-5.134929418563843e-01,-2.046963758766651e-02,-7.499726954847574e-03
1609043785565703672,0,1609043785565703672,-5.360583305358887e+00,-4.236460685729980e+00,3.336675882339478e+00,8.579450249671936e-01,-5.132713913917542e-01,-2.181119471788406e-02,-2.676722360774875e-03
1609043785672829072,0,1609043785672829072,-5.399632930755615e+00,-4.322883129119873e+00,3.269516706466675e+00,8.576996922492981e-01,-5.137258172035217e-01,-2.086092904210091e-02,-1.369681209325790e-03
1609043785774694871,0,1609043785774694871,-5.426187992095947e+00,-4.401415824890137e+00,3.233753681182861e+00,8.575627803802490e-01,-5.139790177345276e-01,-2.027514576911926e-02,-7.675428059883416e-04
1609043785881721370,0,1609043785881721370,-5.447901725769043e+00,-4.482783794403076e+00,3.239371061325073e+00,8.575000762939453e-01,-5.141322612762451e-01,-1.896904222667217e-02,-1.374887069687247e-03
1609043785983543662,0,1609043785983543662,-5.471758365631104e+00,-4.559925079345703e+00,3.236042499542236e+00,8.574368357658386e-01,-5.143011212348938e-01,-1.714345254004002e-02,-1.587633159942925e-03
1609043786085334840,0,1609043786085334840,-5.485990047454834e+00,-4.637215137481689e+00,3.233845233917236e+00,8.574687242507935e-01,-5.142178535461426e-01,-1.768847927451134e-02,-3.821261459961534e-03
1609043786189165115,0,1609043786189165115,-5.496387004852295e+00,-4.710906982421875e+00,3.241833925247192e+00,8.574596047401428e-01,-5.142420530319214e-01,-1.752080582082272e-02,-3.354671644046903e-03
1609043786283841788,0,1609043786283841788,-5.503496646881104e+00,-4.779889106750488e+00,3.267302751541138e+00,8.576281666755676e-01,-5.139434933662415e-01,-1.831626333296299e-02,-7.755869883112609e-04
1609043786365310776,0,1609043786365310776,-5.515668392181396e+00,-4.850668907165527e+00,3.240859508514404e+00,8.575891852378845e-01,-5.141825079917908e-01,-1.249166671186686e-02,1.001870725303888e-03
1609043786467240151,0,1609043786467240151,-5.538169860839844e+00,-4.941524505615234e+00,3.194943904876709e+00,8.574761748313904e-01,-5.144999623298645e-01,-3.091544378548861e-03,3.856876865029335e-03
1609043786559097239,0,1609043786559097239,-5.541855335235596e+00,-5.012709617614746e+00,3.196838855743408e+00,8.577600121498108e-01,-5.139964222908020e-01,2.838303800672293e-03,6.880440749228001e-03
1609043786671093900,0,1609043786671093900,-5.554928779602051e+00,-5.106878280639648e+00,3.190870046615601e+00,8.577536344528198e-01,-5.139406919479370e-01,7.404536474496126e-03,8.295965380966663e-03
1609043786767802968,0,1609043786767802968,-5.568544864654541e+00,-5.187690258026123e+00,3.193564414978027e+00,8.577407598495483e-01,-5.139537453651428e-01,8.510062471032143e-03,7.744915783405304e-03
1609043786874716517,0,1609043786874716517,-5.585407257080078e+00,-5.263603210449219e+00,3.200333595275879e+00,8.576245307922363e-01,-5.141710638999939e-01,8.303684182465076e-03,6.273342762142420e-03
1609043786976535724,0,1609043786976535724,-5.602503299713135e+00,-5.332118511199951e+00,3.218445301055908e+00,8.576572537422180e-01,-5.141557455062866e-01,5.042359698563814e-03,6.511227693408728e-03
1609043787073331103,0,1609043787073331103,-5.623003482818604e+00,-5.390603542327881e+00,3.233639240264893e+00,8.576127886772156e-01,-5.142375826835632e-01,1.781081431545317e-03,7.537127472460270e-03
1609043787175153694,0,1609043787175153694,-5.642160892486572e+00,-5.449145793914795e+00,3.264208316802979e+00,8.575603961944580e-01,-5.141932368278503e-01,-4.263705573976040e-03,1.331817172467709e-02
1609043787278936689,0,1609043787278936689,-5.671965599060059e+00,-5.511975288391113e+00,3.236980915069580e+00,8.573908209800720e-01,-5.142633914947510e-01,-8.723339065909386e-03,1.838884316384792e-02
1609043787390919036,0,1609043787390919036,-5.700979709625244e+00,-5.581110000610352e+00,3.214688301086426e+00,8.571640849113464e-01,-5.145416855812073e-01,-8.331177756190300e-03,2.114782109856606e-02
1609043787462338942,0,1609043787462338942,-5.720366001129150e+00,-5.624235630035400e+00,3.193588256835938e+00,8.570932745933533e-01,-5.147135853767395e-01,-7.018154487013817e-03,2.029648050665855e-02
1609043787559329877,0,1609043787559329877,-5.728404045104980e+00,-5.680613040924072e+00,3.229346752166748e+00,8.584536910057068e-01,-5.123937129974365e-01,-9.257223457098007e-03,2.059818804264069e-02
1609043787671380863,0,1609043787671380863,-5.743699550628662e+00,-5.737348556518555e+00,3.232270956039429e+00,8.611807823181152e-01,-5.079366564750671e-01,-6.850207224488258e-03,1.791748777031898e-02
1609043787774019516,0,1609043787774019516,-5.756608009338379e+00,-5.772809028625488e+00,3.217020273208618e+00,8.638164401054382e-01,-5.035218596458435e-01,-7.645093835890293e-03,1.511204242706299e-02
1609043787870755635,0,1609043787870755635,-5.762188911437988e+00,-5.805298805236816e+00,3.249208211898804e+00,8.665042519569397e-01,-4.988764226436615e-01,-8.778550662100315e-03,1.468428689986467e-02
1609043787972794447,0,1609043787972794447,-5.775986194610596e+00,-5.841820240020752e+00,3.239308118820190e+00,8.685103654861450e-01,-4.954530894756317e-01,-3.748297225683928e-03,1.421296875923872e-02
1609043788074474476,0,1609043788074474476,-5.779568195343018e+00,-5.871867656707764e+00,3.231048107147217e+00,8.702428936958313e-01,-4.924321770668030e-01,-1.807601307518780e-03,1.359037589281797e-02
1609043788186439011,0,1609043788186439011,-5.775127887725830e+00,-5.908394336700439e+00,3.274200201034546e+00,8.715975284576416e-01,-4.899529516696930e-01,-5.734964273869991e-03,1.519785821437836e-02
1609043788288322620,0,1609043788288322620,-5.785857200622559e+00,-5.942893028259277e+00,3.261270046234131e+00,8.721321225166321e-01,-4.890024960041046e-01,-5.510475952178240e-03,1.522782724350691e-02
1609043788390095672,0,1609043788390095672,-5.785664558410645e+00,-5.970615386962891e+00,3.280717611312866e+00,8.725570440292358e-01,-4.880737662315369e-01,-8.957532234489918e-03,1.865645498037338e-02
1609043788487046447,0,1609043788487046447,-5.788463592529297e+00,-5.993264675140381e+00,3.287007331848145e+00,8.727582097053528e-01,-4.875357449054718e-01,-1.109860837459564e-02,2.187962830066681e-02
1609043788558657897,0,1609043788558657897,-5.790346145629883e+00,-6.011378765106201e+00,3.271473169326782e+00,8.727766275405884e-01,-4.872459471225739e-01,-1.297428365796804e-02,2.615309134125710e-02
1609043788660508675,0,1609043788660508675,-5.792251586914062e+00,-6.038868427276611e+00,3.239204645156860e+00,8.726323843002319e-01,-4.872693419456482e-01,-1.381284371018410e-02,2.984330244362354e-02
1609043788762364734,0,1609043788762364734,-5.790321826934814e+00,-6.060446262359619e+00,3.229313611984253e+00,8.725945949554443e-01,-4.871251583099365e-01,-1.441261451691389e-02,3.286309912800789e-02
1609043788869221857,0,1609043788869221857,-5.784047126770020e+00,-6.079535484313965e+00,3.214523315429688e+00,8.724568486213684e-01,-4.874379038810730e-01,-7.453677244484425e-03,3.417317569255829e-02
1609043788971687626,0,1609043788971687626,-5.775185108184814e+00,-6.086135387420654e+00,3.228568792343140e+00,8.726011514663696e-01,-4.872286021709442e-01,-4.957939032465219e-03,3.392480313777924e-02
1609043789078622841,0,1609043789078622841,-5.752829551696777e+00,-6.083789348602295e+00,3.310830354690552e+00,8.726845383644104e-01,-4.863137304782867e-01,1.801454112865031e-03,4.379035905003548e-02
1609043789171975362,0,1609043789171975362,-5.729918956756592e+00,-6.064441680908203e+00,3.346634626388550e+00,8.725497126579285e-01,-4.862476289272308e-01,2.771427389234304e-03,4.703719913959503e-02
1609043789279546164,0,1609043789279546164,-5.712984561920166e+00,-6.057399272918701e+00,3.319467544555664e+00,8.722059130668640e-01,-4.863354563713074e-01,1.646524877287447e-03,5.227014422416687e-02
1609043789381435703,0,1609043789381435703,-5.694711685180664e+00,-6.040463924407959e+00,3.325519800186157e+00,8.719465732574463e-01,-4.863001108169556e-01,-3.396970918402076e-03,5.665414407849312e-02
1609043789488758931,0,1609043789488758931,-5.674398422241211e+00,-6.018124580383301e+00,3.305672883987427e+00,8.715658187866211e-01,-4.871714115142822e-01,-4.939028993248940e-03,5.488728359341621e-02
1609043789585677299,0,1609043789585677299,-5.649026393890381e+00,-5.979021072387695e+00,3.282502412796021e+00,8.716052174568176e-01,-4.874495267868042e-01,-9.704527445137501e-03,5.102093145251274e-02
1609043789651847886,0,1609043789651847886,-5.622624874114990e+00,-5.938626766204834e+00,3.286690473556519e+00,8.716413974761963e-01,-4.876590073108673e-01,-1.371180824935436e-02,4.734967648983002e-02
1609043789761835068,0,1609043789761835068,-5.577282905578613e+00,-5.861571788787842e+00,3.313929796218872e+00,8.715106844902039e-01,-4.881069064140320e-01,-1.866223476827145e-02,4.327368363738060e-02
1609043789869717520,0,1609043789869717520,-5.533416748046875e+00,-5.790541648864746e+00,3.310537576675415e+00,8.713257908821106e-01,-4.886432588100433e-01,-2.136211283504963e-02,3.953331708908081e-02
1609043789966273545,0,1609043789966273545,-5.486192703247070e+00,-5.719434261322021e+00,3.327790498733521e+00,8.712909817695618e-01,-4.886825084686279e-01,-2.362051419913769e-02,3.851781785488129e-02
1609043790068114485,0,1609043790068114485,-5.432058334350586e+00,-5.642416954040527e+00,3.331475496292114e+00,8.711757063865662e-01,-4.888246059417725e-01,-2.484985627233982e-02,3.854793310165405e-02
1609043790175749099,0,1609043790175749099,-5.374788761138916e+00,-5.570969581604004e+00,3.304481506347656e+00,8.709892630577087e-01,-4.892531633377075e-01,-2.454783208668232e-02,3.750245645642281e-02
1609043790277586935,0,1609043790277586935,-5.310682773590088e+00,-5.494996547698975e+00,3.280064105987549e+00,8.709245324134827e-01,-4.894949793815613e-01,-2.441554889082909e-02,3.590383380651474e-02
1609043790374482916,0,1609043790374482916,-5.240963935852051e+00,-5.415466785430908e+00,3.274589538574219e+00,8.709627389907837e-01,-4.895668923854828e-01,-2.394423447549343e-02,3.427681326866150e-02
1609043790481450406,0,1609043790481450406,-5.159754276275635e+00,-5.329005718231201e+00,3.243925094604492e+00,8.711416125297546e-01,-4.896613061428070e-01,-1.967167295515537e-02,3.093780763447285e-02
1609043790588658950,0,1609043790588658950,-5.079528808593750e+00,-5.243104934692383e+00,3.210875988006592e+00,8.712826371192932e-01,-4.898768961429596e-01,-1.477382611483335e-02,2.586605027318001e-02
1609043790700747307,0,1609043790700747307,-4.991079807281494e+00,-5.149722576141357e+00,3.227158784866333e+00,8.715135455131531e-01,-4.896906614303589e-01,-1.005470007658005e-02,2.379280142486095e-02
1609043790761751377,0,1609043790761751377,-4.930354118347168e+00,-5.088054656982422e+00,3.214210748672485e+00,8.716293573379517e-01,-4.896685481071472e-01,-7.230234798043966e-03,2.084876596927643e-02
1609043790858403679,0,1609043790858403679,-4.835445880889893e+00,-4.986027240753174e+00,3.210247039794922e+00,8.718247413635254e-01,-4.895032942295074e-01,-5.269089713692665e-03,1.674347929656506e-02
1609043790970479730,0,1609043790970479730,-4.739094257354736e+00,-4.882311820983887e+00,3.187376737594604e+00,8.717235922813416e-01,-4.898152351379395e-01,-7.748626638203859e-03,1.090956665575504e-02
1609043791067948181,0,1609043791067948181,-4.645656585693359e+00,-4.777155399322510e+00,3.215517759323120e+00,8.717975616455078e-01,-4.896895289421082e-01,-8.939740248024464e-03,9.652149863541126e-03
1609043791170050095,0,1609043791170050095,-4.561989307403564e+00,-4.684102535247803e+00,3.184970140457153e+00,8.717293143272400e-01,-4.897781312465668e-01,-1.190403662621975e-02,7.983041927218437e-03
1609043791266747115,0,1609043791266747115,-4.481324195861816e+00,-4.595090866088867e+00,3.146636009216309e+00,8.716039657592773e-01,-4.899438321590424e-01,-1.470904052257538e-02,6.726856809109449e-03
1609043791374141015,0,1609043791374141015,-4.391609668731689e+00,-4.497747421264648e+00,3.126661062240601e+00,8.715633749961853e-01,-4.899506866931915e-01,-1.680438406765461e-02,6.588175427168608e-03
1609043791480982837,0,1609043791480982837,-4.303648471832275e+00,-4.404445648193359e+00,3.117936372756958e+00,8.715925812721252e-01,-4.898522794246674e-01,-1.778178848326206e-02,7.406744174659252e-03
1609043791588171539,0,1609043791588171539,-4.216886043548584e+00,-4.316341876983643e+00,3.101829767227173e+00,8.715626597404480e-01,-4.898840188980103e-01,-1.817185617983341e-02,7.881173864006996e-03
1609043791686519986,0,1609043791686519986,-4.136435031890869e+00,-4.237433910369873e+00,3.089541673660278e+00,8.715160489082336e-01,-4.899518191814423e-01,-1.856462284922600e-02,7.900740951299667e-03
1609043791788363391,0,1609043791788363391,-4.050897598266602e+00,-4.157598972320557e+00,3.075666427612305e+00,8.713793158531189e-01,-4.902007281780243e-01,-1.851426623761654e-02,7.663283031433821e-03
1609043791859618967,0,1609043791859618967,-3.979327201843262e+00,-4.092234134674072e+00,3.067693948745728e+00,8.712781667709351e-01,-4.903781712055206e-01,-1.874146796762943e-02,7.243180647492409e-03
1609043791963394547,0,1609043791963394547,-3.877575874328613e+00,-4.002195358276367e+00,3.063122034072876e+00,8.712124228477478e-01,-4.904997646808624e-01,-1.889624819159508e-02,6.457744631916285e-03
1609043792065212343,0,1609043792065212343,-3.776675939559937e+00,-3.914244890213013e+00,3.063617706298828e+00,8.711824417114258e-01,-4.905403852462769e-01,-1.941783726215363e-02,5.842901300638914e-03
1609043792167168600,0,1609043792167168600,-3.679692745208740e+00,-3.833860635757446e+00,3.059485197067261e+00,8.711225986480713e-01,-4.906440973281860e-01,-1.967999525368214e-02,5.154981743544340e-03
1609043792270742943,0,1609043792270742943,-3.579003572463989e+00,-3.753078937530518e+00,3.061053752899170e+00,8.710783123970032e-01,-4.907335937023163e-01,-1.943586766719818e-02,5.034207832068205e-03
1609043792373306396,0,1609043792373306396,-3.481059789657593e+00,-3.679631233215332e+00,3.062475442886353e+00,8.710336089134216e-01,-4.907712638378143e-01,-2.062785439193249e-02,4.321595653891563e-03
1609043792475667230,0,1609043792475667230,-3.380793571472168e+00,-3.609173536300659e+00,3.061885595321655e+00,8.709845542907715e-01,-4.908992648124695e-01,-1.955145969986916e-02,4.654125776141882e-03
1609043792583207466,0,1609043792583207466,-3.275951385498047e+00,-3.538926601409912e+00,3.047437191009521e+00,8.709523081779480e-01,-4.910207986831665e-01,-1.819586567580700e-02,3.126716939732432e-03
1609043792685145625,0,1609043792685145625,-3.177141666412354e+00,-3.471735000610352e+00,3.032192468643188e+00,8.709237575531006e-01,-4.910662174224854e-01,-1.846716925501823e-02,2.167437691241503e-03
1609043792787091579,0,1609043792787091579,-3.076009511947632e+00,-3.402873277664185e+00,3.041802167892456e+00,8.709006309509277e-01,-4.910721480846405e-01,-1.931249164044857e-02,2.707714447751641e-03
1609043792883943628,0,1609043792883943628,-2.980639457702637e+00,-3.345669031143188e+00,3.020309686660767e+00,8.707718253135681e-01,-4.912053346633911e-01,-2.175405807793140e-02,7.096878252923489e-04
1609043792965589378,0,1609043792965589378,-2.891044139862061e+00,-3.296046257019043e+00,3.012231349945068e+00,8.706049919128418e-01,-4.913779199123383e-01,-2.435111254453659e-02,-1.278809271752834e-03
1609043793057277648,0,1609043793057277648,-2.784171819686890e+00,-3.236523866653442e+00,3.020495653152466e+00,8.704409599304199e-01,-4.915359318256378e-01,-2.672053314745426e-02,-3.332907566800714e-03
1609043793169855764,0,1609043793169855764,-2.659366369247437e+00,-3.174295902252197e+00,3.028865337371826e+00,8.703621029853821e-01,-4.915919899940491e-01,-2.801422588527203e-02,-4.723023157566786e-03
1609043793262186636,0,1609043793262186636,-2.555294513702393e+00,-3.124588251113892e+00,3.039821147918701e+00,8.703533411026001e-01,-4.917979538440704e-01,-2.464968711137772e-02,-3.514168318361044e-03
1609043793370738200,0,1609043793370738200,-2.437237739562988e+00,-3.073482036590576e+00,3.030509471893311e+00,8.705251216888428e-01,-4.915786385536194e-01,-2.295740693807602e-02,-3.064868040382862e-03
1609043793467773343,0,1609043793467773343,-2.331473588943481e+00,-3.036497831344604e+00,3.025218486785889e+00,8.705652356147766e-01,-4.915787875652313e-01,-2.149873413145542e-02,-2.112043322995305e-03
1609043793575002628,0,1609043793575002628,-2.215791463851929e+00,-2.997047424316406e+00,3.017672300338745e+00,8.705780506134033e-01,-4.916612505912781e-01,-1.903246343135834e-02,-9.444464812986553e-04
1609043793672986566,0,1609043793672986566,-2.105595350265503e+00,-2.966468811035156e+00,3.009749412536621e+00,8.706032633781433e-01,-4.916522800922394e-01,-1.807754114270210e-02,-1.094292732886970e-03
1609043793780034331,0,1609043793780034331,-1.988726854324341e+00,-2.934283494949341e+00,3.007393598556519e+00,8.705965876579285e-01,-4.917274415493011e-01,-1.626979000866413e-02,-1.035482157021761e-03
1609043793893027721,0,1609043793893027721,-1.870102286338806e+00,-2.899978876113892e+00,3.022511482238770e+00,8.706853389739990e-01,-4.916966855525970e-01,-1.180495694279671e-02,1.426985836587846e-03
1609043793984761200,0,1609043793984761200,-1.768726825714111e+00,-2.877172470092773e+00,3.024199724197388e+00,8.707619905471802e-01,-4.916066229343414e-01,-9.420653805136681e-03,2.787002362310886e-03
1609043794056340103,0,1609043794056340103,-1.679353713989258e+00,-2.856756687164307e+00,3.028561830520630e+00,8.707441091537476e-01,-4.916907846927643e-01,-3.812558483332396e-03,5.514052230864763e-03
1609043794158100925,0,1609043794158100925,-1.557905435562134e+00,-2.832463026046753e+00,3.022232055664062e+00,8.708513975143433e-01,-4.914758503437042e-01,1.046256977133453e-03,8.261953480541706e-03
1609043794265428994,0,1609043794265428994,-1.438379526138306e+00,-2.804357290267944e+00,3.019797086715698e+00,8.709466457366943e-01,-4.913060665130615e-01,8.955615921877325e-04,8.338952437043190e-03
1609043794367516859,0,1609043794367516859,-1.326730966567993e+00,-2.779365062713623e+00,3.019558906555176e+00,8.709435462951660e-01,-4.913106560707092e-01,1.249419408850372e-03,8.344921283423901e-03
1609043794469364067,0,1609043794469364067,-1.220678687095642e+00,-2.755257129669189e+00,3.000235319137573e+00,8.707335591316223e-01,-4.917424619197845e-01,1.603315933607519e-03,3.136703977361321e-03
1609043794566207714,0,1609043794566207714,-1.122287154197693e+00,-2.727446079254150e+00,2.995310068130493e+00,8.705111742019653e-01,-4.921298325061798e-01,2.613025018945336e-03,-3.427484538406134e-03
1609043794674775036,0,1609043794674775036,-1.017237901687622e+00,-2.685441493988037e+00,3.035079002380371e+00,8.706318736076355e-01,-4.918821156024933e-01,1.892095198854804e-03,-6.980772130191326e-03
1609043794781975386,0,1609043794781975386,-9.230955243110657e-01,-2.655776262283325e+00,3.057374000549316e+00,8.705948591232300e-01,-4.919417500495911e-01,3.819341305643320e-03,-6.586313713341951e-03
1609043794883776830,0,1609043794883776830,-8.376795053482056e-01,-2.627354621887207e+00,3.067093133926392e+00,8.706297278404236e-01,-4.918405711650848e-01,9.831847622990608e-03,6.052806929801591e-05
1609043794980896200,0,1609043794980896200,-7.542099952697754e-01,-2.606207609176636e+00,3.041292905807495e+00,8.706431388854980e-01,-4.917110502719879e-01,1.363707520067692e-02,3.841953119263053e-03
1609043795087943710,0,1609043795087943710,-6.671205163002014e-01,-2.585999488830566e+00,3.021346807479858e+00,8.705155849456787e-01,-4.917049109935760e-01,1.895328983664513e-02,8.343484252691269e-03
1609043795159182269,0,1609043795159182269,-6.053972244262695e-01,-2.567156791687012e+00,3.015405178070068e+00,8.704521059989929e-01,-4.916125237941742e-01,2.187754586338997e-02,1.232271268963814e-02
1609043795266300770,0,1609043795266300770,-5.220545530319214e-01,-2.533318758010864e+00,3.013338327407837e+00,8.702660202980042e-01,-4.915406107902527e-01,2.665571868419647e-02,1.773121021687984e-02
1609043795364308903,0,1609043795364308903,-4.496642351150513e-01,-2.501590013504028e+00,3.003858327865601e+00,8.702306747436523e-01,-4.914796650409698e-01,2.789197675883770e-02,1.919671893119812e-02
1609043795476360903,0,1609043795476360903,-3.793939054012299e-01,-2.457509994506836e+00,3.009220361709595e+00,8.700886368751526e-01,-4.916734695434570e-01,2.813315577805042e-02,2.028800360858440e-02
1609043795567886195,0,1609043795567886195,-3.252768814563751e-01,-2.420981407165527e+00,2.995975494384766e+00,8.701375126838684e-01,-4.918295145034790e-01,2.708320692181587e-02,1.519523747265339e-02
1609043795674859129,0,1609043795674859129,-2.691410779953003e-01,-2.361313819885254e+00,2.990392684936523e+00,8.700654506683350e-01,-4.921912252902985e-01,2.594174072146416e-02,7.802717387676239e-03
1609043795777685485,0,1609043795777685485,-2.247711718082428e-01,-2.301319360733032e+00,2.998417139053345e+00,8.700374960899353e-01,-4.924171566963196e-01,2.364157140254974e-02,-1.141802757047117e-03
1609043795879633013,0,1609043795879633013,-1.851556003093719e-01,-2.241969347000122e+00,3.021650791168213e+00,8.699202537536621e-01,-4.926346242427826e-01,2.165913954377174e-02,-8.995098061859608e-03
1609043795986650826,0,1609043795986650826,-1.450712531805038e-01,-2.178642511367798e+00,3.062709569931030e+00,8.706693649291992e-01,-4.914521276950836e-01,1.665299199521542e-02,-1.150727458298206e-02
1609043796083684411,0,1609043796083684411,-1.125134006142616e-01,-2.121285676956177e+00,3.057200431823730e+00,8.715450167655945e-01,-4.899593293666840e-01,1.377248764038086e-02,-1.263253670185804e-02
1609043796190725235,0,1609043796190725235,-8.928582817316055e-02,-2.060236692428589e+00,3.035696029663086e+00,8.729605078697205e-01,-4.875909388065338e-01,9.803350083529949e-03,-9.948725812137127e-03
1609043796262116580,0,1609043796262116580,-7.308644801378250e-02,-2.016072034835815e+00,3.016190052032471e+00,8.743610382080078e-01,-4.851757884025574e-01,6.675821263343096e-03,-7.261775899678469e-03
1609043796358898590,0,1609043796358898590,-5.793628096580505e-02,-1.965405106544495e+00,2.987329959869385e+00,8.764383792877197e-01,-4.814850986003876e-01,2.426107879728079e-03,-4.696117248386145e-03
1609043796465892716,0,1609043796465892716,-4.326688125729561e-02,-1.912747263908386e+00,2.978986978530884e+00,8.789570331573486e-01,-4.768887758255005e-01,-1.075384672731161e-03,-3.234679345041513e-03
1609043796573004710,0,1609043796573004710,-3.112788684666157e-02,-1.861724615097046e+00,2.982014894485474e+00,8.816676139831543e-01,-4.718461632728577e-01,-4.051234573125839e-03,-2.669523237273097e-03
1609043796671028956,0,1609043796671028956,-2.126584574580193e-02,-1.812241673469543e+00,2.981843233108521e+00,8.843723535537720e-01,-4.667269289493561e-01,-6.619913037866354e-03,-2.806818345561624e-03
1609043796767966047,0,1609043796767966047,-1.133466139435768e-02,-1.767178654670715e+00,2.984350919723511e+00,8.872689008712769e-01,-4.611715972423553e-01,-8.133516646921635e-03,-2.926782472059131e-03
1609043796870398245,0,1609043796870398245,5.264843814074993e-03,-1.727468013763428e+00,2.957931995391846e+00,8.907749056816101e-01,-4.543393850326538e-01,-6.728413514792919e-03,-7.122156675904989e-03
1609043796977501627,0,1609043796977501627,2.306826226413250e-02,-1.680714488029480e+00,2.976980686187744e+00,8.953715562820435e-01,-4.451897442340851e-01,-6.769876461476088e-03,-8.370102383196354e-03
1609043797089616227,0,1609043797089616227,2.701515331864357e-02,-1.646561384201050e+00,2.979776144027710e+00,8.997151255607605e-01,-4.362781047821045e-01,-5.113731604069471e-03,-1.216851733624935e-02
1609043797191929009,0,1609043797191929009,3.493211418390274e-02,-1.608140110969543e+00,2.993211746215820e+00,9.037384986877441e-01,-4.278347492218018e-01,-3.488574875518680e-03,-1.421246118843555e-02
1609043797283600154,0,1609043797283600154,4.323507472872734e-02,-1.577226638793945e+00,2.993151187896729e+00,9.075534939765930e-01,-4.196351170539856e-01,-2.349033020436764e-03,-1.573469676077366e-02
1609043797354957865,0,1609043797354957865,4.928313568234444e-02,-1.554111838340759e+00,2.993102073669434e+00,9.106691479682922e-01,-4.128289818763733e-01,-1.547983032651246e-03,-1.585754752159119e-02
1609043797467043575,0,1609043797467043575,5.821804329752922e-02,-1.525382995605469e+00,2.989527940750122e+00,9.151554107666016e-01,-4.027878940105438e-01,-3.066748104174621e-05,-1.589254848659039e-02
1609043797560415535,0,1609043797560415535,6.132581830024719e-02,-1.505942583084106e+00,2.984519481658936e+00,9.187023639678955e-01,-3.946298360824585e-01,8.991354843601584e-04,-1.588950306177139e-02
1609043797673010761,0,1609043797673010761,6.293103098869324e-02,-1.482443690299988e+00,2.980129957199097e+00,9.223673939704895e-01,-3.860194087028503e-01,1.444610417820513e-03,-1.501183863729239e-02
1609043797764909490,0,1609043797764909490,6.092417612671852e-02,-1.471405863761902e+00,2.975998640060425e+00,9.253683090209961e-01,-3.788065612316132e-01,1.300861826166511e-03,-1.400807686150074e-02
1609043797866997616,0,1609043797866997616,5.473858490586281e-02,-1.461193799972534e+00,2.971062898635864e+00,9.284313321113586e-01,-3.712790310382843e-01,1.346921548247337e-03,-1.286753360182047e-02
1609043797973756814,0,1609043797973756814,4.400293901562691e-02,-1.453691720962524e+00,2.963656902313232e+00,9.314666390419006e-01,-3.636466562747955e-01,8.254523272626102e-04,-1.141936052590609e-02
1609043798080748939,0,1609043798080748939,2.842977643013000e-02,-1.446388244628906e+00,2.951464653015137e+00,9.341753721237183e-01,-3.566570580005646e-01,-3.073920879614889e-06,-1.059273071587086e-02
1609043798183433408,0,1609043798183433408,7.874781265854836e-03,-1.436460256576538e+00,2.946361541748047e+00,9.363849163055420e-01,-3.508422076702118e-01,-7.680833805352449e-04,-9.615957736968994e-03
1609043798286452879,0,1609043798286452879,-5.134126637130976e-03,-1.435458064079285e+00,2.937286853790283e+00,9.384737014770508e-01,-3.452113866806030e-01,-5.632643005810678e-04,-9.797918610274792e-03
1609043798389120350,0,1609043798389120350,-2.191563695669174e-02,-1.436453461647034e+00,2.933519124984741e+00,9.403665661811829e-01,-3.400137722492218e-01,-1.087462645955384e-03,-1.000519096851349e-02
1609043798460609794,0,1609043798460609794,-3.789398074150085e-02,-1.440463304519653e+00,2.930504798889160e+00,9.417995214462280e-01,-3.360179960727692e-01,-1.583975041285157e-03,-1.015417370945215e-02
1609043798562645500,0,1609043798562645500,-5.720967426896095e-02,-1.445224761962891e+00,2.931751489639282e+00,9.439186453819275e-01,-3.299970626831055e-01,-2.000370062887669e-03,-1.075032260268927e-02
1609043798664505788,0,1609043798664505788,-7.832535356283188e-02,-1.453313946723938e+00,2.939460277557373e+00,9.460756182670593e-01,-3.237613737583160e-01,-2.440131269395351e-03,-1.065676659345627e-02
1609043798766405422,0,1609043798766405422,-1.041346341371536e-01,-1.463245868682861e+00,2.946195602416992e+00,9.485118985176086e-01,-3.165452778339386e-01,-3.050552448257804e-03,-1.071925833821297e-02
1609043798868200477,0,1609043798868200477,-1.328145712614059e-01,-1.465202689170837e+00,2.946608781814575e+00,9.508427381515503e-01,-3.094659745693207e-01,-3.488971386104822e-03,-1.080911885946989e-02
1609043798981068650,0,1609043798981068650,-1.641246378421783e-01,-1.472683906555176e+00,2.946243047714233e+00,9.531217813491821e-01,-3.023775815963745e-01,-3.445244627073407e-03,-1.072115637362003e-02
1609043799072958765,0,1609043799072958765,-1.930087655782700e-01,-1.478770136833191e+00,2.941154241561890e+00,9.548915028572083e-01,-2.967278659343719e-01,-3.346046898514032e-03,-1.111417636275291e-02
1609043799176116602,0,1609043799176116602,-2.262385040521622e-01,-1.485661745071411e+00,2.944226980209351e+00,9.564822316169739e-01,-2.915701568126678e-01,-3.896748647093773e-03,-1.065239030867815e-02
1609043799288124911,0,1609043799288124911,-2.562736868858337e-01,-1.501244544982910e+00,2.963204145431519e+00,9.578648805618286e-01,-2.870417237281799e-01,-5.856882315129042e-03,-8.231243118643761e-03
1609043799384800818,0,1609043799384800818,-2.854689359664917e-01,-1.520679593086243e+00,2.964390277862549e+00,9.587536454200745e-01,-2.840973138809204e-01,-6.253339350223541e-03,-6.403805688023567e-03
1609043799486678868,0,1609043799486678868,-3.186986744403839e-01,-1.541236639022827e+00,2.970181941986084e+00,9.593825936317444e-01,-2.819936871528625e-01,-7.043230812996626e-03,-3.881027223542333e-03
1609043799558214176,0,1609043799558214176,-3.432694673538208e-01,-1.561100602149963e+00,2.969971656799316e+00,9.597418308258057e-01,-2.807679474353790e-01,-7.730092387646437e-03,-2.302344655618072e-03
1609043799665137360,0,1609043799665137360,-3.787816166877747e-01,-1.592276692390442e+00,2.976248264312744e+00,9.602301120758057e-01,-2.790798544883728e-01,-8.462361060082912e-03,1.011906773783267e-03
1609043799762712203,0,1609043799762712203,-4.134972393512726e-01,-1.620778918266296e+00,2.984756469726562e+00,9.605693221092224e-01,-2.778393030166626e-01,-9.549330919981003e-03,4.544890020042658e-03
1609043799869516453,0,1609043799869516453,-4.543108940124512e-01,-1.657236695289612e+00,2.971191167831421e+00,9.608219265937805e-01,-2.769195139408112e-01,-9.936247020959854e-03,6.169431377202272e-03
1609043799971227766,0,1609043799971227766,-4.836688041687012e-01,-1.673516869544983e+00,2.963087558746338e+00,9.610824584960938e-01,-2.760058641433716e-01,-9.731885977089405e-03,6.829109042882919e-03
1609043800067867068,0,1609043800067867068,-5.062624216079712e-01,-1.691047310829163e+00,2.965184688568115e+00,9.614311456680298e-01,-2.747910022735596e-01,-9.250113740563393e-03,7.385658100247383e-03
1609043800176821066,0,1609043800176821066,-5.403321981430054e-01,-1.705189585685730e+00,2.978454113006592e+00,9.616274833679199e-01,-2.740372121334076e-01,-1.074319612234831e-02,7.805693894624710e-03
1609043800278544687,0,1609043800278544687,-5.671801567077637e-01,-1.727535009384155e+00,2.971688747406006e+00,9.618976116180420e-01,-2.730163633823395e-01,-1.255053002387285e-02,7.588477805256844e-03
1609043800380357504,0,1609043800380357504,-5.831941366195679e-01,-1.730281233787537e+00,2.978743791580200e+00,9.622797369956970e-01,-2.716496586799622e-01,-1.324546057730913e-02,6.990719120949507e-03
1609043800483519814,0,1609043800483519814,-6.059491038322449e-01,-1.734760046005249e+00,2.960182189941406e+00,9.625280499458313e-01,-2.706507742404938e-01,-1.475585997104645e-02,8.384388871490955e-03
1609043800580780299,0,1609043800580780299,-6.250854134559631e-01,-1.750739574432373e+00,2.939266681671143e+00,9.630245566368103e-01,-2.688750624656677e-01,-1.496387831866741e-02,8.125802502036095e-03
1609043800658490646,0,1609043800658490646,-6.415424346923828e-01,-1.762869119644165e+00,2.926246166229248e+00,9.634754061698914e-01,-2.672792673110962e-01,-1.484587043523788e-02,7.522675674408674e-03
1609043800767309375,0,1609043800767309375,-6.590119004249573e-01,-1.770479321479797e+00,2.924582481384277e+00,9.643843173980713e-01,-2.640282809734344e-01,-1.449525170028210e-02,6.474189925938845e-03
1609043800864055798,0,1609043800864055798,-6.651880145072937e-01,-1.775139808654785e+00,2.928054094314575e+00,9.656620025634766e-01,-2.593259513378143e-01,-1.458835881203413e-02,5.851064808666706e-03
1609043800960720252,0,1609043800960720252,-6.782833337783813e-01,-1.777831435203552e+00,2.924311637878418e+00,9.672142863273621e-01,-2.534951865673065e-01,-1.448575407266617e-02,5.193445831537247e-03
1609043801063307228,0,1609043801063307228,-6.975784301757812e-01,-1.785177826881409e+00,2.909290313720703e+00,9.688571691513062e-01,-2.471903562545776e-01,-1.424649916589260e-02,3.129123942926526e-03
1609043801180422111,0,1609043801180422111,-7.068764567375183e-01,-1.780842304229736e+00,2.934668302536011e+00,9.707044959068298e-01,-2.397231310606003e-01,-1.551759522408247e-02,4.974913783371449e-03
1609043801282315134,0,1609043801282315134,-7.152866721153259e-01,-1.788100957870483e+00,2.919295072555542e+00,9.723603725433350e-01,-2.329657822847366e-01,-1.516019832342863e-02,3.546534338966012e-03
1609043801380326749,0,1609043801380326749,-7.196447849273682e-01,-1.787073612213135e+00,2.924554347991943e+00,9.738796949386597e-01,-2.265171706676483e-01,-1.524590421468019e-02,3.989778459072113e-03
1609043801492459715,0,1609043801492459715,-7.200925946235657e-01,-1.787949085235596e+00,2.929710149765015e+00,9.756010770797729e-01,-2.189797908067703e-01,-1.534733735024929e-02,3.871423192322254e-03
1609043801578904578,0,1609043801578904578,-7.208096981048584e-01,-1.786672115325928e+00,2.932621717453003e+00,9.769307971000671e-01,-2.129418998956680e-01,-1.566615700721741e-02,4.070316907018423e-03
1609043801680758072,0,1609043801680758072,-7.218978404998779e-01,-1.788478732109070e+00,2.939897537231445e+00,9.784083366394043e-01,-2.060225158929825e-01,-1.594502292573452e-02,4.209226462990046e-03
1609043801763406927,0,1609043801763406927,-7.198790907859802e-01,-1.791478753089905e+00,2.933897733688354e+00,9.796881675720215e-01,-1.998941749334335e-01,-1.576313562691212e-02,2.243544673547149e-03
1609043801865408679,0,1609043801865408679,-7.125489711761475e-01,-1.790350794792175e+00,2.931255578994751e+00,9.812662601470947e-01,-1.920122057199478e-01,-1.563069224357605e-02,1.903055584989488e-03
1609043801962419608,0,1609043801962419608,-7.076260447502136e-01,-1.790562272071838e+00,2.927003145217896e+00,9.827679991722107e-01,-1.842077374458313e-01,-1.531367190182209e-02,4.798594454769045e-05
1609043802065176155,0,1609043802065176155,-7.005466222763062e-01,-1.784428596496582e+00,2.929985523223877e+00,9.842903017997742e-01,-1.759156882762909e-01,-1.497505605220795e-02,-1.440386520698667e-03
1609043802177706697,0,1609043802177706697,-6.888918876647949e-01,-1.773711562156677e+00,2.935163974761963e+00,9.858877658843994e-01,-1.666775047779083e-01,-1.534111984074116e-02,-2.940901555120945e-03
1609043802274708698,0,1609043802274708698,-6.821095943450928e-01,-1.767761707305908e+00,2.934787750244141e+00,9.871292114257812e-01,-1.591354161500931e-01,-1.504075992852449e-02,-5.065821111202240e-03
1609043802371831014,0,1609043802371831014,-6.724298000335693e-01,-1.762093424797058e+00,2.936329841613770e+00,9.883016347885132e-01,-1.515993624925613e-01,-1.468267757445574e-02,-7.869605906307697e-03
1609043802480705663,0,1609043802480705663,-6.592574715614319e-01,-1.758738994598389e+00,2.949641704559326e+00,9.894777536392212e-01,-1.436201483011246e-01,-1.453360728919506e-02,-9.785746224224567e-03
1609043802587888069,0,1609043802587888069,-6.467960476875305e-01,-1.758480072021484e+00,2.972958087921143e+00,9.905661344528198e-01,-1.358809620141983e-01,-1.479335688054562e-02,-9.806343354284763e-03
1609043802685419135,0,1609043802685419135,-6.331001520156860e-01,-1.757806301116943e+00,2.985440731048584e+00,9.915121197700500e-01,-1.289026290178299e-01,-1.504014898091555e-02,-7.857963442802429e-03
1609043802788363336,0,1609043802788363336,-6.242740154266357e-01,-1.765475273132324e+00,2.999226808547974e+00,9.924250841140747e-01,-1.220067739486694e-01,-1.390762161463499e-02,-3.679193090647459e-03
1609043802859771601,0,1609043802859771601,-6.155180335044861e-01,-1.778884291648865e+00,2.990332603454590e+00,9.930930733680725e-01,-1.167862191796303e-01,-1.128222513943911e-02,-7.636539521627128e-05
1609043802966918497,0,1609043802966918497,-6.072921156883240e-01,-1.799526810646057e+00,2.959793090820312e+00,9.939110875129700e-01,-1.098345145583153e-01,-8.191884495317936e-03,3.173893084749579e-03
1609043803068800908,0,1609043803068800908,-5.913039445877075e-01,-1.819205522537231e+00,2.929615259170532e+00,9.946961402893066e-01,-1.026189997792244e-01,-6.854079663753510e-03,1.429629977792501e-03
1609043803168295639,0,1609043803168295639,-5.739165544509888e-01,-1.827712297439575e+00,2.929257631301880e+00,9.954645633697510e-01,-9.503422677516937e-02,-4.350967239588499e-03,-1.335533743258566e-04
1609043803264983588,0,1609043803264983588,-5.634654164314270e-01,-1.832397222518921e+00,2.933203697204590e+00,9.961340427398682e-01,-8.761789649724960e-02,-5.291564390063286e-03,-3.493719268590212e-03
1609043803375874179,0,1609043803375874179,-5.514141917228699e-01,-1.836648821830750e+00,2.941679000854492e+00,9.968541860580444e-01,-7.867138832807541e-02,-6.125187501311302e-03,-7.420605514198542e-03
1609043803473374750,0,1609043803473374750,-5.434998869895935e-01,-1.828282117843628e+00,2.957000732421875e+00,9.974275231361389e-01,-7.079827785491943e-02,-6.498722359538078e-03,-9.152728132903576e-03
1609043803585476317,0,1609043803585476317,-5.323188304901123e-01,-1.829676508903503e+00,2.969595909118652e+00,9.980486631393433e-01,-6.144926697015762e-02,-7.833404466509819e-03,-7.845448330044746e-03
1609043803687462827,0,1609043803687462827,-5.302587151527405e-01,-1.838767051696777e+00,2.957373380661011e+00,9.984992742538452e-01,-5.338615924119949e-02,-8.877694606781006e-03,-8.394467644393444e-03
1609043803784131899,0,1609043803784131899,-5.262110829353333e-01,-1.853963375091553e+00,2.955179691314697e+00,9.988810420036316e-01,-4.574072733521461e-02,-8.592505007982254e-03,-8.405205793678761e-03
1609043803886844119,0,1609043803886844119,-5.209935307502747e-01,-1.863904237747192e+00,2.958756923675537e+00,9.992242455482483e-01,-3.811112046241760e-02,-8.255062624812126e-03,-5.504532251507044e-03
1609043803963466835,0,1609043803963466835,-5.142866969108582e-01,-1.871613025665283e+00,2.965788125991821e+00,9.994553923606873e-01,-3.150954842567444e-02,-9.240769781172276e-03,-3.276993986219168e-03
1609043804065342180,0,1609043804065342180,-5.129436850547791e-01,-1.891838073730469e+00,2.960704326629639e+00,9.996781945228577e-01,-2.347006462514400e-02,-9.561873041093349e-03,-1.174328033812344e-03
1609043804162970378,0,1609043804162970378,-5.105027556419373e-01,-1.908037304878235e+00,2.957239627838135e+00,9.998252987861633e-01,-1.566571742296219e-02,-1.018115412443876e-02,5.287950625643134e-04
1609043804264793061,0,1609043804264793061,-5.080755352973938e-01,-1.930531501770020e+00,2.952199935913086e+00,9.999185800552368e-01,-7.630191743373871e-03,-1.015477068722248e-02,1.262592151761055e-03
1609043804372060738,0,1609043804372060738,-5.047022104263306e-01,-1.940420508384705e+00,2.954652547836304e+00,9.999597668647766e-01,-1.383398921461776e-04,-8.616401813924313e-03,2.500227652490139e-03
1609043804478941348,0,1609043804478941348,-4.964370727539062e-01,-1.945869803428650e+00,2.963319778442383e+00,9.999356865882874e-01,8.130319416522980e-03,-7.499956525862217e-03,2.518258290365338e-03
1609043804576698365,0,1609043804576698365,-4.937002658843994e-01,-1.954208970069885e+00,2.971407413482666e+00,9.998499155044556e-01,1.591734401881695e-02,-5.204722285270691e-03,4.449135623872280e-03
1609043804678502336,0,1609043804678502336,-4.894532561302185e-01,-1.948263525962830e+00,2.988754749298096e+00,9.996840357780457e-01,2.433397434651852e-02,-3.673003520816565e-03,5.133202765136957e-03
1609043804780441337,0,1609043804780441337,-4.934050440788269e-01,-1.958711504936218e+00,2.980110645294189e+00,9.994732737541199e-01,3.206690400838852e-02,1.292529748752713e-03,4.812255967408419e-03
1609043804888641874,0,1609043804888641874,-5.010693073272705e-01,-1.961404204368591e+00,2.985145330429077e+00,9.991885423660278e-01,3.984153270721436e-02,4.096889868378639e-03,4.269964993000031e-03
1609043804990462438,0,1609043804990462438,-5.004397630691528e-01,-1.952635169029236e+00,2.982263565063477e+00,9.988881349563599e-01,4.686955735087395e-02,4.500751383602619e-03,2.349591581150889e-03
1609043805056726844,0,1609043805056726844,-5.010039210319519e-01,-1.949600934982300e+00,2.973678350448608e+00,9.986677169799805e-01,5.151396244764328e-02,2.386626088991761e-03,-1.841287245042622e-03
1609043805153383810,0,1609043805153383810,-5.108743906021118e-01,-1.946915626525879e+00,2.987576961517334e+00,9.982850551605225e-01,5.839550122618675e-02,8.043263223953545e-04,-4.053682554513216e-03
1609043805267126572,0,1609043805267126572,-5.165851116180420e-01,-1.932590603828430e+00,2.995554447174072e+00,9.977899789810181e-01,6.626387685537338e-02,-2.939351368695498e-03,-3.943894058465958e-03
1609043805370346340,0,1609043805370346340,-5.313031673431396e-01,-1.934451103210449e+00,2.979266166687012e+00,9.973052740097046e-01,7.301881909370422e-02,-4.793782718479633e-03,-5.231240298599005e-03
1609043805467973927,0,1609043805467973927,-5.500757098197937e-01,-1.928007364273071e+00,2.966881275177002e+00,9.968116283416748e-01,7.929464429616928e-02,-6.706879474222660e-03,-5.823622457683086e-03
1609043805574961764,0,1609043805574961764,-5.697038173675537e-01,-1.925688505172729e+00,2.963956356048584e+00,9.963011145591736e-01,8.567663282155991e-02,-4.612598568201065e-03,-4.742030985653400e-03
1609043805677453382,0,1609043805677453382,-5.870040655136108e-01,-1.928473353385925e+00,2.975441932678223e+00,9.958018064498901e-01,9.127674996852875e-02,6.869263481348753e-03,2.248283853987232e-04
1609043805779222545,0,1609043805779222545,-6.073731780052185e-01,-1.920340538024902e+00,2.945676088333130e+00,9.951985478401184e-01,9.694144874811172e-02,1.345374155789614e-02,-1.115778461098671e-03
1609043805880999303,0,1609043805880999303,-6.373772621154785e-01,-1.925558328628540e+00,2.935079574584961e+00,9.945654869079590e-01,1.017004624009132e-01,2.213997393846512e-02,2.517995424568653e-03
1609043805988050457,0,1609043805988050457,-6.665260195732117e-01,-1.931304574012756e+00,2.940876960754395e+00,9.939157366752625e-01,1.068383902311325e-01,2.669962123036385e-02,2.072012517601252e-03
1609043806085949727,0,1609043806085949727,-6.938335299491882e-01,-1.933387875556946e+00,2.936532258987427e+00,9.934892654418945e-01,1.113792210817337e-01,2.392939291894436e-02,-1.037144800648093e-03
1609043806157301878,0,1609043806157301878,-7.263155579566956e-01,-1.928251385688782e+00,2.938892602920532e+00,9.932019114494324e-01,1.151958256959915e-01,1.658498123288155e-02,-2.170800697058439e-03
1609043806259006684,0,1609043806259006684,-7.776912450790405e-01,-1.925653219223022e+00,2.917313337326050e+00,9.927759170532227e-01,1.197515726089478e-01,4.414997994899750e-03,-6.006910931318998e-03
1609043806366129511,0,1609043806366129511,-8.437163829803467e-01,-1.927879095077515e+00,2.919906377792358e+00,9.921811223030090e-01,1.243766397237778e-01,-6.520132999867201e-03,-8.041834458708763e-03
1609043806473159827,0,1609043806473159827,-9.054949283599854e-01,-1.930398583412170e+00,2.914806127548218e+00,9.914335012435913e-01,1.296829581260681e-01,-1.331011671572924e-02,-8.049208670854568e-03
1609043806564668575,0,1609043806564668575,-9.720829725265503e-01,-1.929786443710327e+00,2.925031185150146e+00,9.907997250556946e-01,1.340585350990295e-01,-1.797592267394066e-02,-4.586169030517340e-03
1609043806673262935,0,1609043806673262935,-1.038675904273987e+00,-1.935411810874939e+00,2.894958257675171e+00,9.900540709495544e-01,1.391607373952866e-01,-2.031072415411472e-02,-3.844604128971696e-03
1609043806782153576,0,1609043806782153576,-1.100723505020142e+00,-1.941327810287476e+00,2.872828722000122e+00,9.894717931747437e-01,1.435132026672363e-01,-1.835318654775620e-02,-3.578412346541882e-03
1609043806873656023,0,1609043806873656023,-1.148342370986938e+00,-1.944168448448181e+00,2.861467599868774e+00,9.889054894447327e-01,1.476180106401443e-01,-1.632692106068134e-02,-2.893432043492794e-03
1609043806980682908,0,1609043806980682908,-1.201298236846924e+00,-1.945166826248169e+00,2.854634046554565e+00,9.882674813270569e-01,1.521212458610535e-01,-1.316132023930550e-02,-3.638352733105421e-03
1609043807087670889,0,1609043807087670889,-1.246888995170593e+00,-1.937020421028137e+00,2.867078781127930e+00,9.874629378318787e-01,1.573328524827957e-01,-1.191752124577761e-02,-4.621902480721474e-03
1609043807189410846,0,1609043807189410846,-1.289514183998108e+00,-1.932315349578857e+00,2.866709947586060e+00,9.864845275878906e-01,1.631879955530167e-01,-1.318028010427952e-02,-6.656703073531389e-03
1609043807265872223,0,1609043807265872223,-1.323875069618225e+00,-1.924748063087463e+00,2.866679191589355e+00,9.855335354804993e-01,1.685784459114075e-01,-1.490123197436333e-02,-9.109321981668472e-03
1609043807368249152,0,1609043807368249152,-1.371656417846680e+00,-1.907122850418091e+00,2.870169401168823e+00,9.842770695686340e-01,1.755504012107849e-01,-1.591446623206139e-02,-1.129517331719398e-02
1609043807456279286,0,1609043807456279286,-1.415033578872681e+00,-1.896209478378296e+00,2.873245239257812e+00,9.830372929573059e-01,1.821727156639099e-01,-1.681673154234886e-02,-1.296288985759020e-02
1609043807568790103,0,1609043807568790103,-1.464583396911621e+00,-1.887421488761902e+00,2.872999668121338e+00,9.815925359725952e-01,1.896393150091171e-01,-1.747402362525463e-02,-1.441001240164042e-02
1609043807673206225,0,1609043807673206225,-1.511500477790833e+00,-1.885125756263733e+00,2.867282390594482e+00,9.803589582443237e-01,1.958311349153519e-01,-1.769753545522690e-02,-1.527125202119350e-02
1609043807775567994,0,1609043807775567994,-1.554278612136841e+00,-1.883467078208923e+00,2.861268281936646e+00,9.792949557304382e-01,2.011028677225113e-01,-1.750042103230953e-02,-1.525379996746778e-02
1609043807877919358,0,1609043807877919358,-1.591785907745361e+00,-1.886940717697144e+00,2.852478504180908e+00,9.781243801116943e-01,2.067475467920303e-01,-1.695429347455502e-02,-1.551409345120192e-02
1609043807985828177,0,1609043807985828177,-1.627887725830078e+00,-1.887878775596619e+00,2.839642524719238e+00,9.769880771636963e-01,2.121413499116898e-01,-1.586975157260895e-02,-1.544485893100500e-02
1609043808088914930,0,1609043808088914930,-1.664155364036560e+00,-1.888075590133667e+00,2.825030565261841e+00,9.759571552276611e-01,2.169153243303299e-01,-1.492422632873058e-02,-1.525664795190096e-02
1609043808191934238,0,1609043808191934238,-1.695865988731384e+00,-1.891713976860046e+00,2.813216447830200e+00,9.747216701507568e-01,2.224412411451340e-01,-1.409543771296740e-02,-1.546081155538559e-02
1609043808284379024,0,1609043808284379024,-1.728545427322388e+00,-1.899045348167419e+00,2.803825855255127e+00,9.736713767051697e-01,2.270469516515732e-01,-1.351118180900812e-02,-1.520870067179203e-02
1609043808362339089,0,1609043808362339089,-1.755057930946350e+00,-1.903961181640625e+00,2.790458440780640e+00,9.726714491844177e-01,2.312861382961273e-01,-1.302418764680624e-02,-1.572591811418533e-02
1609043808454096367,0,1609043808454096367,-1.789597988128662e+00,-1.910752773284912e+00,2.780720710754395e+00,9.714567065238953e-01,2.363837063312531e-01,-1.319723483175039e-02,-1.484733354300261e-02
1609043808561294207,0,1609043808561294207,-1.826434493064880e+00,-1.920113325119019e+00,2.777770042419434e+00,9.703990221023560e-01,2.408934682607651e-01,-1.288994494825602e-02,-1.140169333666563e-02
1609043808673902525,0,1609043808673902525,-1.858251094818115e+00,-1.929433584213257e+00,2.761318445205688e+00,9.694070219993591e-01,2.450050413608551e-01,-1.177422981709242e-02,-9.155999869108200e-03
1609043808775945817,0,1609043808775945817,-1.889202594757080e+00,-1.941977024078369e+00,2.746275901794434e+00,9.686311483383179e-01,2.481673061847687e-01,-1.077261660248041e-02,-7.121841423213482e-03
1609043808868375702,0,1609043808868375702,-1.918579697608948e+00,-1.954562664031982e+00,2.722556829452515e+00,9.679414033889771e-01,2.507762312889099e-01,-1.174362283200026e-02,-7.922765798866749e-03
1609043808970525114,0,1609043808970525114,-1.946489930152893e+00,-1.964292883872986e+00,2.725759506225586e+00,9.673147201538086e-01,2.531560063362122e-01,-1.189186796545982e-02,-8.533609099686146e-03
1609043809082489832,0,1609043809082489832,-1.978227615356445e+00,-1.974770426750183e+00,2.734055519104004e+00,9.666182994842529e-01,2.557616531848907e-01,-1.156301423907280e-02,-1.007208414375782e-02
1609043809179173718,0,1609043809179173718,-2.012332201004028e+00,-1.985639691352844e+00,2.745088338851929e+00,9.658585190773010e-01,2.584758102893829e-01,-1.424236502498388e-02,-1.023271959275007e-02
1609043809286738577,0,1609043809286738577,-2.040850877761841e+00,-1.996794223785400e+00,2.754935741424561e+00,9.647595882415771e-01,2.624928057193756e-01,-1.417411677539349e-02,-1.165117416530848e-02
1609043809388453156,0,1609043809388453156,-2.072119235992432e+00,-2.002883672714233e+00,2.744619369506836e+00,9.639545083045959e-01,2.653123736381531e-01,-1.564412191510201e-02,-1.250258646905422e-02
1609043809459700233,0,1609043809459700233,-2.095087051391602e+00,-2.007537603378296e+00,2.744566202163696e+00,9.631447792053223e-01,2.681389451026917e-01,-1.659993268549442e-02,-1.334601733833551e-02
1609043809567004720,0,1609043809567004720,-2.127177238464355e+00,-2.016767978668213e+00,2.754914283752441e+00,9.621089100837708e-01,2.718807756900787e-01,-1.678699441254139e-02,-1.206430140882730e-02
1609043809664466397,0,1609043809664466397,-2.155969619750977e+00,-2.026548862457275e+00,2.755112648010254e+00,9.609536528587341e-01,2.759062945842743e-01,-1.717575453221798e-02,-1.219586748629808e-02
1609043809761093230,0,1609043809761093230,-2.181793689727783e+00,-2.040745735168457e+00,2.755693912506104e+00,9.594256281852722e-01,2.810889482498169e-01,-1.763282157480717e-02,-1.344020012766123e-02
1609043809870061406,0,1609043809870061406,-2.209457397460938e+00,-2.044940471649170e+00,2.768917560577393e+00,9.575172066688538e-01,2.875298857688904e-01,-1.778308488428593e-02,-1.308504305779934e-02
1609043809977586639,0,1609043809977586639,-2.235672235488892e+00,-2.056255340576172e+00,2.774733543395996e+00,9.551864266395569e-01,2.951281368732452e-01,-1.826181262731552e-02,-1.360090542584658e-02
1609043810079360432,0,1609043810079360432,-2.257781028747559e+00,-2.062588691711426e+00,2.776736974716187e+00,9.530228376388550e-01,3.020340204238892e-01,-1.820203103125095e-02,-1.384839043021202e-02
1609043810181180272,0,1609043810181180272,-2.277583837509155e+00,-2.072659969329834e+00,2.769938945770264e+00,9.506835341453552e-01,3.093117177486420e-01,-1.812569051980972e-02,-1.409420929849148e-02
1609043810279570773,0,1609043810279570773,-2.295707702636719e+00,-2.079322338104248e+00,2.766002893447876e+00,9.484323263168335e-01,3.161460757255554e-01,-1.795752532780170e-02,-1.433560810983181e-02
1609043810387329291,0,1609043810387329291,-2.314818382263184e+00,-2.089895963668823e+00,2.767801284790039e+00,9.461696743965149e-01,3.228570222854614e-01,-1.815522834658623e-02,-1.402767747640610e-02
1609043810484339868,0,1609043810484339868,-2.331123352050781e+00,-2.096805334091187e+00,2.765879631042480e+00,9.442012906074524e-01,3.285571336746216e-01,-1.823608763515949e-02,-1.419952418655157e-02
1609043810565792346,0,1609043810565792346,-2.343167066574097e+00,-2.106454610824585e+00,2.767963886260986e+00,9.423391819000244e-01,3.338688015937805e-01,-1.831030473113060e-02,-1.390558574348688e-02
1609043810652276523,0,1609043810652276523,-2.359239578247070e+00,-2.114661931991577e+00,2.777859926223755e+00,9.404012560844421e-01,3.392835259437561e-01,-1.851798593997955e-02,-1.375739462673664e-02
1609043810764294865,0,1609043810764294865,-2.373127222061157e+00,-2.128080368041992e+00,2.782972812652588e+00,9.379959106445312e-01,3.458582162857056e-01,-1.884050853550434e-02,-1.381255406886339e-02
1609043810866238700,0,1609043810866238700,-2.384306907653809e+00,-2.139386892318726e+00,2.800920486450195e+00,9.358634352684021e-01,3.515663743019104e-01,-1.939336955547333e-02,-1.358912046998739e-02
1609043810968167368,0,1609043810968167368,-2.391901254653931e+00,-2.150531530380249e+00,2.811647891998291e+00,9.336029887199402e-01,3.575066924095154e-01,-1.972481049597263e-02,-1.361777540296316e-02
1609043811072016609,0,1609043811072016609,-2.400231838226318e+00,-2.161263227462769e+00,2.819185733795166e+00,9.308819770812988e-01,3.645281195640564e-01,-1.999178342521191e-02,-1.336093619465828e-02
1609043811168778792,0,1609043811168778792,-2.407167673110962e+00,-2.172575473785400e+00,2.825901746749878e+00,9.281424283981323e-01,3.714214861392975e-01,-2.050444297492504e-02,-1.331425458192825e-02
1609043811280915477,0,1609043811280915477,-2.413286209106445e+00,-2.179639816284180e+00,2.828183650970459e+00,9.245651960372925e-01,3.802281022071838e-01,-2.081904746592045e-02,-1.312859822064638e-02
1609043811377717613,0,1609043811377717613,-2.417932271957397e+00,-2.191449880599976e+00,2.825714111328125e+00,9.216035008430481e-01,3.873198926448822e-01,-2.126126363873482e-02,-1.334683597087860e-02
1609043811489735376,0,1609043811489735376,-2.422118663787842e+00,-2.201999425888062e+00,2.825396776199341e+00,9.182421565055847e-01,3.951883614063263e-01,-2.164401859045029e-02,-1.374947838485241e-02
1609043811581617182,0,1609043811581617182,-2.423576593399048e+00,-2.210267782211304e+00,2.823305606842041e+00,9.156552553176880e-01,4.011247158050537e-01,-2.196546643972397e-02,-1.385204959660769e-02
1609043811658204389,0,1609043811658204389,-2.422518968582153e+00,-2.217650413513184e+00,2.821012973785400e+00,9.133864641189575e-01,4.062277972698212e-01,-2.241289056837559e-02,-1.420808769762516e-02
1609043811760042470,0,1609043811760042470,-2.417363405227661e+00,-2.227267742156982e+00,2.821512222290039e+00,9.106906652450562e-01,4.121770262718201e-01,-2.307409048080444e-02,-1.484019868075848e-02
1609043811861929872,0,1609043811861929872,-2.410676240921021e+00,-2.236060380935669e+00,2.829037904739380e+00,9.080633521080017e-01,4.179089665412903e-01,-2.344204112887383e-02,-1.495559420436621e-02
1609043811968948306,0,1609043811968948306,-2.403190851211548e+00,-2.248400211334229e+00,2.833325624465942e+00,9.057089090347290e-01,4.229418039321899e-01,-2.399499341845512e-02,-1.536123547703028e-02
1609043812071157188,0,1609043812071157188,-2.393480777740479e+00,-2.258100986480713e+00,2.837641000747681e+00,9.035171866416931e-01,4.275524020195007e-01,-2.471557818353176e-02,-1.564684696495533e-02
1609043812173112752,0,1609043812173112752,-2.380013704299927e+00,-2.268607854843140e+00,2.844840764999390e+00,9.013571143150330e-01,4.320858120918274e-01,-2.483360655605793e-02,-1.551208924502134e-02
1609043812280916773,0,1609043812280916773,-2.363471031188965e+00,-2.275851488113403e+00,2.844722270965576e+00,8.989166617393494e-01,4.371649622917175e-01,-2.483339793980122e-02,-1.479929685592651e-02
1609043812383190039,0,1609043812383190039,-2.345311880111694e+00,-2.283019304275513e+00,2.840352773666382e+00,8.963152766227722e-01,4.424182772636414e-01,-2.554965205490589e-02,-1.523838378489017e-02
1609043812482743646,0,1609043812482743646,-2.328955173492432e+00,-2.289201736450195e+00,2.844647884368896e+00,8.934373855590820e-01,4.481987953186035e-01,-2.592871524393559e-02,-1.467389985918999e-02
1609043812579521658,0,1609043812579521658,-2.308284044265747e+00,-2.294937610626221e+00,2.847160577774048e+00,8.898717164993286e-01,4.552238583564758e-01,-2.612740546464920e-02,-1.472964137792587e-02
1609043812682565645,0,1609043812682565645,-2.283357620239258e+00,-2.301713466644287e+00,2.866278171539307e+00,8.862248659133911e-01,4.624299705028534e-01,-2.465168572962284e-02,-1.250623259693384e-02
1609043812753869539,0,1609043812753869539,-2.263730525970459e+00,-2.308970451354980e+00,2.870695352554321e+00,8.833760619163513e-01,4.680024087429047e-01,-2.216254360973835e-02,-1.137436926364899e-02
1609043812867706301,0,1609043812867706301,-2.236380577087402e+00,-2.319248914718628e+00,2.871795177459717e+00,8.796979784965515e-01,4.750301241874695e-01,-2.015260793268681e-02,-8.468157611787319e-03
1609043812969883738,0,1609043812969883738,-2.202826499938965e+00,-2.318662166595459e+00,2.873572826385498e+00,8.766517043113708e-01,4.807209372520447e-01,-1.798842474818230e-02,-8.101161569356918e-03
1609043813062229594,0,1609043813062229594,-2.173989057540894e+00,-2.327080965042114e+00,2.870702981948853e+00,8.744292855262756e-01,4.847888350486755e-01,-1.774840056896210e-02,-6.176579743623734e-03
1609043813176040204,0,1609043813176040204,-2.138363838195801e+00,-2.322963953018188e+00,2.879863023757935e+00,8.718600273132324e-01,4.894176423549652e-01,-1.727564446628094e-02,-5.672086495906115e-03
1609043813273808836,0,1609043813273808836,-2.105662822723389e+00,-2.323899745941162e+00,2.877745151519775e+00,8.701395988464355e-01,4.924508035182953e-01,-1.769990473985672e-02,-6.000779569149017e-03
1609043813381850643,0,1609043813381850643,-2.074431657791138e+00,-2.320652246475220e+00,2.889781713485718e+00,8.686202168464661e-01,4.950906932353973e-01,-1.862820051610470e-02,-6.093166302889585e-03
1609043813479349493,0,1609043813479349493,-2.045249462127686e+00,-2.315494060516357e+00,2.904196977615356e+00,8.672665953636169e-01,4.974845945835114e-01,-1.831198297441006e-02,-4.735649097710848e-03
1609043813581191427,0,1609043813581191427,-2.016929149627686e+00,-2.308150768280029e+00,2.910041570663452e+00,8.655314445495605e-01,5.005207061767578e-01,-1.794370822608471e-02,-3.529401496052742e-03
1609043813688666768,0,1609043813688666768,-1.985631823539734e+00,-2.299928665161133e+00,2.904289245605469e+00,8.631867766380310e-01,5.045818090438843e-01,-1.707782596349716e-02,-3.750189905986190e-03
1609043813785485688,0,1609043813785485688,-1.959444522857666e+00,-2.294018745422363e+00,2.903925895690918e+00,8.612890839576721e-01,5.078465938568115e-01,-1.618124730885029e-02,-3.328110091388226e-03
1609043813857002141,0,1609043813857002141,-1.937493085861206e+00,-2.283409833908081e+00,2.897833585739136e+00,8.591079115867615e-01,5.115681290626526e-01,-1.437091920524836e-02,-5.013057496398687e-03
1609043813953753828,0,1609043813953753828,-1.909684777259827e+00,-2.274922370910645e+00,2.891667842864990e+00,8.566204905509949e-01,5.157848000526428e-01,-1.165021490305662e-02,-5.632123909890652e-03
1609043814065918351,0,1609043814065918351,-1.880711674690247e+00,-2.261741399765015e+00,2.898275375366211e+00,8.540280461311340e-01,5.201342105865479e-01,-7.504207082092762e-03,-6.336013320833445e-03
1609043814172974617,0,1609043814172974617,-1.853168249130249e+00,-2.245086908340454e+00,2.892675161361694e+00,8.520045876502991e-01,5.234859585762024e-01,-4.912640899419785e-03,-5.148795433342457e-03
1609043814269767964,0,1609043814269767964,-1.826614856719971e+00,-2.224307060241699e+00,2.890862703323364e+00,8.500050306320190e-01,5.267183780670166e-01,-6.300436798483133e-04,-7.667506579309702e-03
1609043814367541477,0,1609043814367541477,-1.804986357688904e+00,-2.211694240570068e+00,2.892607688903809e+00,8.483777642250061e-01,5.293631553649902e-01,8.630804950371385e-04,-5.412837956100702e-03
1609043814474606329,0,1609043814474606329,-1.791197419166565e+00,-2.195355892181396e+00,2.904099702835083e+00,8.462533950805664e-01,5.327458977699280e-01,4.795963410288095e-03,-3.759579500183463e-03
1609043814581661933,0,1609043814581661933,-1.775560498237610e+00,-2.184701442718506e+00,2.872951745986938e+00,8.442871570587158e-01,5.358484387397766e-01,5.214685108512640e-03,-4.299422260373831e-03
1609043814683460492,0,1609043814683460492,-1.772611856460571e+00,-2.180509328842163e+00,2.882232666015625e+00,8.425320386886597e-01,5.386108160018921e-01,5.663323681801558e-03,-2.490124432370067e-03
1609043814790169137,0,1609043814790169137,-1.769283056259155e+00,-2.170971155166626e+00,2.887031793594360e+00,8.404872417449951e-01,5.418037176132202e-01,5.456176586449146e-03,-5.737940664403141e-04
1609043814891952789,0,1609043814891952789,-1.768107533454895e+00,-2.154992103576660e+00,2.897881507873535e+00,8.381360173225403e-01,5.454175472259521e-01,6.419547367841005e-03,2.558971056714654e-03
1609043814953041142,0,1609043814953041142,-1.769244551658630e+00,-2.145726680755615e+00,2.881376981735229e+00,8.364192247390747e-01,5.480607151985168e-01,5.403770133852959e-03,1.746990717947483e-03
1609043815060904903,0,1609043815060904903,-1.777069330215454e+00,-2.135095596313477e+00,2.877370595932007e+00,8.337563872337341e-01,5.521063804626465e-01,4.253305029124022e-03,3.284979145973921e-03
1609043815167902991,0,1609043815167902991,-1.787308812141418e+00,-2.125941276550293e+00,2.850513935089111e+00,8.310712575912476e-01,5.561603903770447e-01,2.480559982359409e-03,2.833512553479522e-04
1609043815271753572,0,1609043815271753572,-1.804460644721985e+00,-2.115329265594482e+00,2.845705509185791e+00,8.287585973739624e-01,5.596016645431519e-01,6.087052752263844e-04,-2.196561079472303e-03
1609043815363901785,0,1609043815363901785,-1.823138833045959e+00,-2.103645801544189e+00,2.848233222961426e+00,8.268070220947266e-01,5.624518990516663e-01,-1.215855125337839e-03,-6.036096252501011e-03
1609043815470976647,0,1609043815470976647,-1.845316886901855e+00,-2.089932441711426e+00,2.836142539978027e+00,8.249791860580444e-01,5.650137662887573e-01,-4.170785192400217e-03,-1.230488717556000e-02
1609043815572833851,0,1609043815572833851,-1.867874622344971e+00,-2.074407815933228e+00,2.852529048919678e+00,8.236294984817505e-01,5.668728351593018e-01,-3.497856436297297e-03,-1.665489748120308e-02
1609043815685061508,0,1609043815685061508,-1.896963477134705e+00,-2.063746213912964e+00,2.864097833633423e+00,8.217437267303467e-01,5.694983601570129e-01,-3.797725541517138e-03,-1.986465044319630e-02
1609043815776679303,0,1609043815776679303,-1.920830130577087e+00,-2.053657293319702e+00,2.876152992248535e+00,8.201637864112854e-01,5.717138648033142e-01,-6.536464788950980e-04,-2.177525497972965e-02
1609043815884179841,0,1609043815884179841,-1.947859287261963e+00,-2.050633430480957e+00,2.852053880691528e+00,8.185747265815735e-01,5.739447474479675e-01,4.957651835866272e-04,-2.286247909069061e-02
1609043815980991794,0,1609043815980991794,-1.970155477523804e+00,-2.051345586776733e+00,2.841019868850708e+00,8.170264363288879e-01,5.761560797691345e-01,8.718292228877544e-04,-2.261269651353359e-02
1609043816057382433,0,1609043816057382433,-1.990792274475098e+00,-2.053655147552490e+00,2.827115774154663e+00,8.157745003700256e-01,5.779976248741150e-01,-1.278557581827044e-03,-2.071267366409302e-02
1609043816161314293,0,1609043816161314293,-2.018716812133789e+00,-2.052072525024414e+00,2.824779510498047e+00,8.132716417312622e-01,5.815598368644714e-01,-1.955427695065737e-03,-1.933181472122669e-02
1609043816264302343,0,1609043816264302343,-2.042819976806641e+00,-2.057119131088257e+00,2.832613229751587e+00,8.106249570846558e-01,5.853593349456787e-01,-1.665045972913504e-03,-1.545526273548603e-02
1609043816377005449,0,1609043816377005449,-2.070349693298340e+00,-2.070337057113647e+00,2.819666862487793e+00,8.072144985198975e-01,5.900560617446899e-01,-2.097745658829808e-03,-1.530443318188190e-02
1609043816468536948,0,1609043816468536948,-2.096607208251953e+00,-2.082135915756226e+00,2.815000057220459e+00,8.043714165687561e-01,5.939618349075317e-01,-2.448913641273975e-03,-1.378521323204041e-02
1609043816570162803,0,1609043816570162803,-2.125142097473145e+00,-2.100895881652832e+00,2.811180830001831e+00,8.010313510894775e-01,5.984696745872498e-01,-2.997686155140400e-03,-1.318746712058783e-02
1609043816682221728,0,1609043816682221728,-2.152965545654297e+00,-2.115517854690552e+00,2.815566301345825e+00,7.977755069732666e-01,6.027901768684387e-01,-3.686645533889532e-03,-1.359057892113924e-02
1609043816779402469,0,1609043816779402469,-2.179613590240479e+00,-2.131624221801758e+00,2.811995983123779e+00,7.951631546020508e-01,6.062097549438477e-01,-4.979785066097975e-03,-1.416376698762178e-02
1609043816881387769,0,1609043816881387769,-2.214982032775879e+00,-2.149979829788208e+00,2.804544448852539e+00,7.924926877021790e-01,6.096276044845581e-01,-1.004307903349400e-02,-1.445085462182760e-02
1609043816988337019,0,1609043816988337019,-2.241327762603760e+00,-2.163091182708740e+00,2.824975967407227e+00,7.898672819137573e-01,6.130133867263794e-01,-1.059192325919867e-02,-1.456039957702160e-02
1609043817085114018,0,1609043817085114018,-2.266892194747925e+00,-2.181553840637207e+00,2.851719379425049e+00,7.876306772232056e-01,6.159521341323853e-01,-9.792136959731579e-03,-1.204700209200382e-02
1609043817161629734,0,1609043817161629734,-2.292348146438599e+00,-2.199905872344971e+00,2.849938631057739e+00,7.858991026878357e-01,6.181509494781494e-01,-1.074275095015764e-02,-1.168872043490410e-02
1609043817258294301,0,1609043817258294301,-2.326943635940552e+00,-2.221991539001465e+00,2.838685989379883e+00,7.834303379058838e-01,6.212694644927979e-01,-1.222421787679195e-02,-1.057455409318209e-02
1609043817360075389,0,1609043817360075389,-2.354184627532959e+00,-2.239399433135986e+00,2.834288120269775e+00,7.806838750839233e-01,6.247140765190125e-01,-1.279276981949806e-02,-1.006645150482655e-02
1609043817467335315,0,1609043817467335315,-2.382853031158447e+00,-2.258317232131958e+00,2.834735393524170e+00,7.781608104705811e-01,6.278563737869263e-01,-1.411764416843653e-02,-7.925277575850487e-03
1609043817569096049,0,1609043817569096049,-2.403003215789795e+00,-2.267781972885132e+00,2.837792873382568e+00,7.756068706512451e-01,6.309847831726074e-01,-1.534283440560102e-02,-7.541703525930643e-03
1609043817666020578,0,1609043817666020578,-2.425975084304810e+00,-2.280868291854858e+00,2.853817224502563e+00,7.737153768539429e-01,6.333139538764954e-01,-1.566158048808575e-02,-5.712323356419802e-03
1609043817772910800,0,1609043817772910800,-2.448733091354370e+00,-2.292270898818970e+00,2.868625164031982e+00,7.721129059791565e-01,6.352791190147400e-01,-1.567407883703709e-02,-4.060873761773109e-03
1609043817885409043,0,1609043817885409043,-2.475751161575317e+00,-2.301065921783447e+00,2.886334180831909e+00,7.711181640625000e-01,6.365172863006592e-01,-1.480846945196390e-02,-1.845250139012933e-03
1609043817982235377,0,1609043817982235377,-2.500585079193115e+00,-2.310489416122437e+00,2.878549337387085e+00,7.704978585243225e-01,6.372618675231934e-01,-1.505744643509388e-02,-1.900110975839198e-03
1609043818084003574,0,1609043818084003574,-2.526757240295410e+00,-2.312913179397583e+00,2.874381780624390e+00,7.700278759002686e-01,6.378163695335388e-01,-1.560378633439541e-02,-1.982163405045867e-03
1609043818186305186,0,1609043818186305186,-2.547739982604980e+00,-2.315504074096680e+00,2.846541166305542e+00,7.698763608932495e-01,6.378766298294067e-01,-1.897682808339596e-02,-6.623534020036459e-03
1609043818252442889,0,1609043818252442889,-2.566232442855835e+00,-2.314493656158447e+00,2.874533653259277e+00,7.697570919990540e-01,6.380051970481873e-01,-1.958421617746353e-02,-6.309781223535538e-03
1609043818360583448,0,1609043818360583448,-2.592691898345947e+00,-2.308362007141113e+00,2.898865938186646e+00,7.695521116256714e-01,6.382412314414978e-01,-1.971234381198883e-02,-5.967628210783005e-03
1609043818467562709,0,1609043818467562709,-2.618469715118408e+00,-2.302164554595947e+00,2.897728919982910e+00,7.695227265357971e-01,6.382439732551575e-01,-2.057557553052902e-02,-7.492710836231709e-03
1609043818559191602,0,1609043818559191602,-2.636045217514038e+00,-2.310117483139038e+00,2.886188030242920e+00,7.716052532196045e-01,6.356129646301270e-01,-2.269333414733410e-02,-1.032275892794132e-02
1609043818662849602,0,1609043818662849602,-2.654833078384399e+00,-2.307723522186279e+00,2.901075124740601e+00,7.778036594390869e-01,6.279975771903992e-01,-2.313205599784851e-02,-1.027284655719995e-02
1609043818769693147,0,1609043818769693147,-2.676061391830444e+00,-2.284339189529419e+00,2.897561550140381e+00,7.826191782951355e-01,6.219567656517029e-01,-2.343961596488953e-02,-1.129505224525928e-02
1609043818881744644,0,1609043818881744644,-2.689105272293091e+00,-2.278186559677124e+00,2.891107082366943e+00,7.900050878524780e-01,6.125469803810120e-01,-2.332503907382488e-02,-1.158553734421730e-02
1609043818978422300,0,1609043818978422300,-2.700150966644287e+00,-2.261736392974854e+00,2.891216754913330e+00,7.952060699462891e-01,6.057692170143127e-01,-2.350085973739624e-02,-1.178109180182219e-02
1609043819085247710,0,1609043819085247710,-2.711083412170410e+00,-2.245362758636475e+00,2.895573616027832e+00,7.989618182182312e-01,6.008039712905884e-01,-2.368703112006187e-02,-1.156073063611984e-02
1609043819187461811,0,1609043819187461811,-2.716245889663696e+00,-2.232531070709229e+00,2.900318622589111e+00,8.021460175514221e-01,5.965625643730164e-01,-2.345722727477551e-02,-1.116433925926685e-02
1609043819289146026,0,1609043819289146026,-2.720757484436035e+00,-2.217145204544067e+00,2.908561944961548e+00,8.039824962615967e-01,5.940795540809631e-01,-2.378631383180618e-02,-1.076435577124357e-02
1609043819360538459,0,1609043819360538459,-2.723594188690186e+00,-2.203739404678345e+00,2.917468786239624e+00,8.048369884490967e-01,5.929232239723206e-01,-2.395839802920818e-02,-1.027664076536894e-02
1609043819457666046,0,1609043819457666046,-2.725825071334839e+00,-2.179786920547485e+00,2.934422492980957e+00,8.056499361991882e-01,5.918962359428406e-01,-2.097957953810692e-02,-1.212259288877249e-02
1609043819564486735,0,1609043819564486735,-2.729064941406250e+00,-2.157755613327026e+00,2.943646669387817e+00,8.060494661331177e-01,5.913800001144409e-01,-1.916189864277840e-02,-1.366782281547785e-02
1609043819668068929,0,1609043819668068929,-2.736217498779297e+00,-2.144287824630737e+00,2.963700532913208e+00,8.063718080520630e-01,5.909054279327393e-01,-2.037261612713337e-02,-1.342916116118431e-02
1609043819770578097,0,1609043819770578097,-2.735078334808350e+00,-2.119193315505981e+00,2.995957374572754e+00,8.064490556716919e-01,5.907666683197021e-01,-2.140376344323158e-02,-1.329007092863321e-02
1609043819877482273,0,1609043819877482273,-2.724428176879883e+00,-2.089576482772827e+00,3.019751310348511e+00,8.065591454505920e-01,5.905955433845520e-01,-2.210885845124722e-02,-1.305596996098757e-02
1609043819970679541,0,1609043819970679541,-2.722582578659058e+00,-2.071345090866089e+00,3.050761222839355e+00,8.067151904106140e-01,5.903372764587402e-01,-2.350045368075371e-02,-1.266033388674259e-02
1609043820074035523,0,1609043820074035523,-2.715795993804932e+00,-2.047192335128784e+00,3.097017288208008e+00,8.067975044250488e-01,5.902506113052368e-01,-2.224259451031685e-02,-1.368169859051704e-02
1609043820186079907,0,1609043820186079907,-2.700741529464722e+00,-2.015439987182617e+00,3.147813558578491e+00,8.068333864212036e-01,5.903003811836243e-01,-1.633217558264732e-02,-1.727809756994247e-02
1609043820282809048,0,1609043820282809048,-2.694415092468262e+00,-1.996135354042053e+00,3.164346694946289e+00,8.069076538085938e-01,5.901859402656555e-01,-1.362564694136381e-02,-1.987498439848423e-02
1609043820385276419,0,1609043820385276419,-2.677934408187866e+00,-1.968376278877258e+00,3.186678886413574e+00,8.069190979003906e-01,5.901560187339783e-01,-9.325094521045685e-03,-2.259779348969460e-02
1609043820457001796,0,1609043820457001796,-2.668787002563477e+00,-1.949691891670227e+00,3.206247091293335e+00,8.069537281990051e-01,5.900856852531433e-01,-7.193530444055796e-03,-2.393474057316780e-02
1609043820558916412,0,1609043820558916412,-2.651797533035278e+00,-1.921495318412781e+00,3.233486175537109e+00,8.069987893104553e-01,5.900154113769531e-01,-6.377376616001129e-03,-2.437550015747547e-02
1609043820660795612,0,1609043820660795612,-2.635548114776611e+00,-1.900654435157776e+00,3.251207828521729e+00,8.070371150970459e-01,5.899554491043091e-01,-6.065329071134329e-03,-2.463757991790771e-02
1609043820772863523,0,1609043820772863523,-2.615861177444458e+00,-1.876957178115845e+00,3.265737295150757e+00,8.070139288902283e-01,5.899462699890137e-01,-3.218751167878509e-03,-2.610601671040058e-02
1609043820870294403,0,1609043820870294403,-2.602690458297729e+00,-1.869708061218262e+00,3.294475078582764e+00,8.069792389869690e-01,5.898708105087280e-01,1.139363739639521e-03,-2.890728972852230e-02
1609043820974139117,0,1609043820974139117,-2.587000131607056e+00,-1.857996225357056e+00,3.296146392822266e+00,8.070225119590759e-01,5.897675156593323e-01,3.277754411101341e-03,-2.963645383715630e-02
1609043821081435352,0,1609043821081435352,-2.572663784027100e+00,-1.854538440704346e+00,3.293025970458984e+00,8.070557117462158e-01,5.896704792976379e-01,4.420302808284760e-03,-3.050188720226288e-02
1609043821178708098,0,1609043821178708098,-2.561746120452881e+00,-1.856258392333984e+00,3.296268224716187e+00,8.071442842483521e-01,5.895794034004211e-01,4.015071783214808e-03,-2.997115813195705e-02
1609043821286478530,0,1609043821286478530,-2.548098564147949e+00,-1.860238790512085e+00,3.305352687835693e+00,8.072578907012939e-01,5.894981026649475e-01,2.753802808001637e-03,-2.862249128520489e-02
1609043821388278317,0,1609043821388278317,-2.537426710128784e+00,-1.872098445892334e+00,3.303997993469238e+00,8.073769807815552e-01,5.894941687583923e-01,-2.092598006129265e-03,-2.519562840461731e-02
1609043821485149838,0,1609043821485149838,-2.521643877029419e+00,-1.884327173233032e+00,3.304785251617432e+00,8.073801398277283e-01,5.896107554435730e-01,-8.244900032877922e-03,-2.070030197501183e-02
1609043821556632341,0,1609043821556632341,-2.508989810943604e+00,-1.895855784416199e+00,3.304720878601074e+00,8.073672056198120e-01,5.896839499473572e-01,-1.059365738183260e-02,-1.785277016460896e-02
1609043821663658635,0,1609043821663658635,-2.496780157089233e+00,-1.922896027565002e+00,3.301070690155029e+00,8.073701858520508e-01,5.896627902984619e-01,-1.545171532779932e-02,-1.457392983138561e-02
1609043821770585877,0,1609043821770585877,-2.483297109603882e+00,-1.949783682823181e+00,3.283582448959351e+00,8.073825836181641e-01,5.896010398864746e-01,-1.846125721931458e-02,-1.277737878262997e-02
1609043821867858303,0,1609043821867858303,-2.468495845794678e+00,-1.963690280914307e+00,3.274713516235352e+00,8.074355721473694e-01,5.895411372184753e-01,-1.701550371944904e-02,-1.412469055503607e-02
1609043821969692917,0,1609043821969692917,-2.455615043640137e+00,-1.983547329902649e+00,3.267192840576172e+00,8.074753880500793e-01,5.895069241523743e-01,-1.404273509979248e-02,-1.636634767055511e-02
1609043822076567574,0,1609043822076567574,-2.430964469909668e+00,-1.992798805236816e+00,3.272377729415894e+00,8.074693679809570e-01,5.894432663917542e-01,-3.482236294075847e-03,-2.318850345909595e-02
1609043822178341136,0,1609043822178341136,-2.418422937393188e+00,-2.014006376266479e+00,3.261664390563965e+00,8.074644207954407e-01,5.892747640609741e-01,2.014166908338666e-03,-2.743268944323063e-02
1609043822280148230,0,1609043822280148230,-2.404154777526855e+00,-2.031830787658691e+00,3.252956628799438e+00,8.075408935546875e-01,5.889853835105896e-01,6.121508777141571e-03,-3.060397878289223e-02
1609043822377319654,0,1609043822377319654,-2.386373519897461e+00,-2.043568611145020e+00,3.255030393600464e+00,8.074873089790344e-01,5.889033675193787e-01,9.553068317472935e-03,-3.264792263507843e-02
1609043822484259607,0,1609043822484259607,-2.369242668151855e+00,-2.064817667007446e+00,3.245523691177368e+00,8.075134754180908e-01,5.888996720314026e-01,9.886464104056358e-03,-3.196243941783905e-02
1609043822586091829,0,1609043822586091829,-2.355433225631714e+00,-2.095233201980591e+00,3.237726688385010e+00,8.075433969497681e-01,5.889523625373840e-01,8.384580723941326e-03,-3.063587099313736e-02
1609043822662636000,0,1609043822662636000,-2.347933292388916e+00,-2.128847837448120e+00,3.227921962738037e+00,8.076331615447998e-01,5.889796614646912e-01,5.990894511342049e-03,-2.820967324078083e-02
1609043822764391740,0,1609043822764391740,-2.339034795761108e+00,-2.179101228713989e+00,3.211792945861816e+00,8.076610565185547e-01,5.890762209892273e-01,3.547128755599260e-03,-2.569372765719891e-02
1609043822856082029,0,1609043822856082029,-2.332403182983398e+00,-2.231684684753418e+00,3.188558340072632e+00,8.076301813125610e-01,5.892304778099060e-01,3.089455422013998e-04,-2.325943484902382e-02
1609043822963247431,0,1609043822963247431,-2.323000192642212e+00,-2.291692972183228e+00,3.174238920211792e+00,8.076575398445129e-01,5.893123149871826e-01,-1.692239311523736e-03,-1.993599906563759e-02
1609043823075501246,0,1609043823075501246,-2.316274404525757e+00,-2.351908683776855e+00,3.171646118164062e+00,8.075931668281555e-01,5.895387530326843e-01,1.177983358502388e-03,-1.536114048212767e-02
1609043823172352399,0,1609043823172352399,-2.310324430465698e+00,-2.408261299133301e+00,3.152766466140747e+00,8.075637221336365e-01,5.896320343017578e-01,4.237747751176357e-03,-1.253099925816059e-02
1609043823276018212,0,1609043823276018212,-2.308488130569458e+00,-2.471046209335327e+00,3.112965106964111e+00,8.075805306434631e-01,5.896317362785339e-01,4.429323133081198e-03,-1.134067494422197e-02
1609043823393163634,0,1609043823393163634,-2.305849790573120e+00,-2.532385826110840e+00,3.101672172546387e+00,8.075675368309021e-01,5.896536707878113e-01,4.755140282213688e-03,-1.098453160375357e-02
1609043823474395244,0,1609043823474395244,-2.306785345077515e+00,-2.578606128692627e+00,3.089797496795654e+00,8.075543045997620e-01,5.896767973899841e-01,3.900858340784907e-03,-1.104982849210501e-02
1609043823581922121,0,1609043823581922121,-2.312854528427124e+00,-2.637078046798706e+00,3.080647945404053e+00,8.075481653213501e-01,5.896619558334351e-01,6.353894714266062e-04,-1.281594298779964e-02
1609043823683885690,0,1609043823683885690,-2.322049379348755e+00,-2.693308115005493e+00,3.085484504699707e+00,8.075145483016968e-01,5.896800756454468e-01,-9.264186955988407e-04,-1.403016969561577e-02
1609043823760354470,0,1609043823760354470,-2.331606626510620e+00,-2.743649959564209e+00,3.082572460174561e+00,8.075587153434753e-01,5.896009206771851e-01,-3.051979001611471e-03,-1.450459752231836e-02
1609043823867448503,0,1609043823867448503,-2.343281269073486e+00,-2.816914796829224e+00,3.090604066848755e+00,8.092654347419739e-01,5.872059464454651e-01,-5.045312922447920e-03,-1.590889133512974e-02
1609043823969364741,0,1609043823969364741,-2.356588363647461e+00,-2.879803419113159e+00,3.099227905273438e+00,8.112918138504028e-01,5.843898653984070e-01,-5.266643594950438e-03,-1.632140949368477e-02
1609043824071419933,0,1609043824071419933,-2.371865510940552e+00,-2.940342903137207e+00,3.100182294845581e+00,8.138204813003540e-01,5.808929204940796e-01,-7.411040365695953e-03,-1.430839393287897e-02
1609043824168217027,0,1609043824168217027,-2.384143114089966e+00,-2.994665145874023e+00,3.091936349868774e+00,8.152056336402893e-01,5.789318680763245e-01,-8.958045393228531e-03,-1.405396219342947e-02
1609043824271812859,0,1609043824271812859,-2.393743038177490e+00,-3.053936004638672e+00,3.100919246673584e+00,8.166273236274719e-01,5.769765973091125e-01,-9.111927822232246e-03,-1.161560509353876e-02
1609043824379869439,0,1609043824379869439,-2.409834861755371e+00,-3.122076749801636e+00,3.097954273223877e+00,8.175066113471985e-01,5.757021903991699e-01,-1.087971683591604e-02,-1.147604454308748e-02
1609043824478347696,0,1609043824478347696,-2.424294948577881e+00,-3.180882453918457e+00,3.106615781784058e+00,8.180636763572693e-01,5.749585628509521e-01,-1.094064023345709e-02,-8.645576424896717e-03
1609043824585631133,0,1609043824585631133,-2.440325498580933e+00,-3.241398096084595e+00,3.139084339141846e+00,8.182944059371948e-01,5.747576355934143e-01,-6.884326227009296e-03,-7.778985891491175e-04
1609043824684041109,0,1609043824684041109,-2.457903623580933e+00,-3.299909114837646e+00,3.138047695159912e+00,8.184505701065063e-01,5.745481252670288e-01,-3.170217154547572e-03,4.797429777681828e-03
1609043824785889063,0,1609043824785889063,-2.471644878387451e+00,-3.355652809143066e+00,3.097212791442871e+00,8.185520768165588e-01,5.743915438652039e-01,-1.627532532438636e-03,6.652224343270063e-03
1609043824862348680,0,1609043824862348680,-2.490164041519165e+00,-3.402529716491699e+00,3.091958284378052e+00,8.186970949172974e-01,5.741835236549377e-01,-2.039572456851602e-03,6.645698565989733e-03
1609043824975509685,0,1609043824975509685,-2.514053583145142e+00,-3.460929632186890e+00,3.114847898483276e+00,8.187738060951233e-01,5.740708708763123e-01,-2.962588099762797e-03,6.583525799214840e-03
1609043825056755421,0,1609043825056755421,-2.540878772735596e+00,-3.499210119247437e+00,3.145541906356812e+00,8.188104033470154e-01,5.740119814872742e-01,-3.522938350215554e-03,6.881284527480602e-03
1609043825158408976,0,1609043825158408976,-2.574809789657593e+00,-3.540475130081177e+00,3.180489063262939e+00,8.187906146049500e-01,5.740328431129456e-01,-4.010700155049562e-03,7.224611937999725e-03
1609043825271107459,0,1609043825271107459,-2.619140148162842e+00,-3.581937789916992e+00,3.206277608871460e+00,8.187244534492493e-01,5.741000175476074e-01,-2.904985798522830e-03,9.540286846458912e-03
1609043825372980707,0,1609043825372980707,-2.659179210662842e+00,-3.620062351226807e+00,3.213362932205200e+00,8.187012076377869e-01,5.741183757781982e-01,-2.800415735691786e-03,1.042598485946655e-02
1609043825469876484,0,1609043825469876484,-2.702515840530396e+00,-3.653998851776123e+00,3.213724613189697e+00,8.187004327774048e-01,5.741117596626282e-01,-3.272507339715958e-03,1.069898623973131e-02
1609043825578051103,0,1609043825578051103,-2.755004167556763e+00,-3.682879209518433e+00,3.219822406768799e+00,8.186501860618591e-01,5.741600394248962e-01,-2.880229149013758e-03,1.199877541512251e-02
1609043825674775064,0,1609043825674775064,-2.802363634109497e+00,-3.707562208175659e+00,3.229435443878174e+00,8.186023235321045e-01,5.742021799087524e-01,-2.631903393194079e-03,1.323132123798132e-02
1609043825787076565,0,1609043825787076565,-2.860212564468384e+00,-3.730246067047119e+00,3.241945981979370e+00,8.185713887214661e-01,5.742181539535522e-01,-2.544073620811105e-03,1.441801153123379e-02
1609043825889020363,0,1609043825889020363,-2.917805671691895e+00,-3.746568441390991e+00,3.249638557434082e+00,8.185659646987915e-01,5.741981863975525e-01,-2.542750444263220e-03,1.548799965530634e-02
1609043825955155257,0,1609043825955155257,-2.963466882705688e+00,-3.757230997085571e+00,3.252094030380249e+00,8.185803294181824e-01,5.741615295410156e-01,-2.675243187695742e-03,1.604821532964706e-02
1609043826057278168,0,1609043826057278168,-3.037648439407349e+00,-3.770877361297607e+00,3.260578155517578e+00,8.185257315635681e-01,5.742096304893494e-01,-3.078719833865762e-03,1.701506227254868e-02
1609043826169218389,0,1609043826169218389,-3.118106842041016e+00,-3.779594182968140e+00,3.266788721084595e+00,8.185178041458130e-01,5.741998553276062e-01,-2.930246992036700e-03,1.773406192660332e-02
1609043826267988283,0,1609043826267988283,-3.193310260772705e+00,-3.785137414932251e+00,3.264749526977539e+00,8.185054659843445e-01,5.742138028144836e-01,-3.153398633003235e-03,1.781859993934631e-02
1609043826369914686,0,1609043826369914686,-3.274521112442017e+00,-3.786199331283569e+00,3.261677503585815e+00,8.184913992881775e-01,5.742282867431641e-01,-3.097856650128961e-03,1.800208725035191e-02
1609043826471613706,0,1609043826471613706,-3.348719835281372e+00,-3.774436950683594e+00,3.302299976348877e+00,8.181578516960144e-01,5.744084119796753e-01,5.723283393308520e-04,2.593182772397995e-02
1609043826573497124,0,1609043826573497124,-3.439651250839233e+00,-3.758355140686035e+00,3.267153978347778e+00,8.182235956192017e-01,5.742749571800232e-01,2.048874506726861e-03,2.672426961362362e-02
1609043826676464184,0,1609043826676464184,-3.536655187606812e+00,-3.739421606063843e+00,3.235255718231201e+00,8.183080554008484e-01,5.742384195327759e-01,1.705241738818586e-03,2.488533779978752e-02
1609043826784261693,0,1609043826784261693,-3.629026174545288e+00,-3.726774454116821e+00,3.220343828201294e+00,8.185064196586609e-01,5.741747021675110e-01,-1.203550375066698e-03,1.921332813799381e-02
1609043826891277347,0,1609043826891277347,-3.735789060592651e+00,-3.699703931808472e+00,3.237741708755493e+00,8.187730908393860e-01,5.739411115646362e-01,-5.403400398790836e-03,1.315362006425858e-02
1609043826987918786,0,1609043826987918786,-3.838053703308105e+00,-3.671468973159790e+00,3.229430913925171e+00,8.190777301788330e-01,5.735565423965454e-01,-1.154454704374075e-02,3.390362486243248e-03
1609043827059161301,0,1609043827059161301,-3.922744274139404e+00,-3.641149759292603e+00,3.256069421768188e+00,8.190675973892212e-01,5.734910368919373e-01,-1.528449635952711e-02,-1.679854700341821e-03
1609043827161491775,0,1609043827161491775,-4.049023151397705e+00,-3.601578712463379e+00,3.280588865280151e+00,8.190574049949646e-01,5.732211470603943e-01,-2.146563678979874e-02,-1.008638460189104e-02
1609043827263404424,0,1609043827263404424,-4.165568351745605e+00,-3.558141946792603e+00,3.287861347198486e+00,8.188829421997070e-01,5.731176733970642e-01,-2.611239813268185e-02,-1.688422076404095e-02
1609043827360417334,0,1609043827360417334,-4.274518489837646e+00,-3.517562389373779e+00,3.292676210403442e+00,8.187617063522339e-01,5.729414224624634e-01,-2.954507805407047e-02,-2.224092930555344e-02
1609043827467492838,0,1609043827467492838,-4.376263618469238e+00,-3.480547428131104e+00,3.290413379669189e+00,8.185676336288452e-01,5.723257064819336e-01,-3.653333708643913e-02,-3.249109163880348e-02
1609043827569476883,0,1609043827569476883,-4.462767124176025e+00,-3.437739610671997e+00,3.306608438491821e+00,8.182746171951294e-01,5.720715522766113e-01,-4.090921208262444e-02,-3.856430575251579e-02
1609043827681569485,0,1609043827681569485,-4.545386314392090e+00,-3.394297122955322e+00,3.308475494384766e+00,8.179510831832886e-01,5.718231797218323e-01,-4.439615085721016e-02,-4.475776851177216e-02
1609043827778295954,0,1609043827778295954,-4.608808994293213e+00,-3.360118627548218e+00,3.327507734298706e+00,8.178076744079590e-01,5.717688202857971e-01,-4.561978951096535e-02,-4.679638892412186e-02
1609043827880339012,0,1609043827880339012,-4.666067123413086e+00,-3.321592092514038e+00,3.341834068298340e+00,8.178852796554565e-01,5.722692608833313e-01,-4.179209098219872e-02,-4.271900281310081e-02
1609043827982290246,0,1609043827982290246,-4.713356018066406e+00,-3.292173624038696e+00,3.337429761886597e+00,8.180861473083496e-01,5.727722048759460e-01,-3.661230579018593e-02,-3.642382845282555e-02
1609043828089394059,0,1609043828089394059,-4.757988452911377e+00,-3.265479087829590e+00,3.316550016403198e+00,8.183812499046326e-01,5.731610059738159e-01,-2.992225997149944e-02,-2.904121391475201e-02
1609043828160651148,0,1609043828160651148,-4.784072399139404e+00,-3.248843431472778e+00,3.297632694244385e+00,8.186246752738953e-01,5.733485817909241e-01,-2.418025024235249e-02,-2.324642986059189e-02
1609043828262450702,0,1609043828262450702,-4.808896541595459e+00,-3.225512504577637e+00,3.288638114929199e+00,8.188686966896057e-01,5.735093355178833e-01,-1.709172688424587e-02,-1.578569225966930e-02
1609043828364563572,0,1609043828364563572,-4.828767299652100e+00,-3.198295593261719e+00,3.285089015960693e+00,8.190316557884216e-01,5.734508037567139e-01,-1.164395175874233e-02,-1.434476487338543e-02
1609043828472522022,0,1609043828472522022,-4.849573612213135e+00,-3.169500112533569e+00,3.319012880325317e+00,8.191145658493042e-01,5.733830332756042e-01,-2.993023372255266e-04,-1.682762801647186e-02
1609043828575075628,0,1609043828575075628,-4.869818687438965e+00,-3.141907215118408e+00,3.348227024078369e+00,8.190246820449829e-01,5.732330679893494e-01,1.058072317391634e-02,-2.214689739048481e-02
1609043828677933102,0,1609043828677933102,-4.896793365478516e+00,-3.118753433227539e+00,3.396737813949585e+00,8.187540173530579e-01,5.729177594184875e-01,2.310782484710217e-02,-2.954690344631672e-02
1609043828774546515,0,1609043828774546515,-4.929109573364258e+00,-3.100126028060913e+00,3.423895359039307e+00,8.184618949890137e-01,5.723638534545898e-01,3.273413702845573e-02,-3.805658593773842e-02
1609043828877070747,0,1609043828877070747,-4.968389987945557e+00,-3.096883535385132e+00,3.454764127731323e+00,8.185541033744812e-01,5.721003413200378e-01,3.105092421174049e-02,-4.130502790212631e-02
1609043828980609302,0,1609043828980609302,-5.012061119079590e+00,-3.095008373260498e+00,3.486403226852417e+00,8.189988136291504e-01,5.719119906425476e-01,1.850658468902111e-02,-4.260591790080070e-02
1609043829082666016,0,1609043829082666016,-5.046820163726807e+00,-3.096189737319946e+00,3.526407241821289e+00,8.191984891891479e-01,5.719923377037048e-01,5.787180270999670e-03,-4.129349812865257e-02
1609043829184669761,0,1609043829184669761,-5.087279796600342e+00,-3.102039575576782e+00,3.611714124679565e+00,8.191098570823669e-01,5.723977088928223e-01,-4.626539594028145e-04,-3.767931088805199e-02
1609043829262201005,0,1609043829262201005,-5.124348640441895e+00,-3.124629974365234e+00,3.620612859725952e+00,8.191198706626892e-01,5.723921656608582e-01,-1.163727510720491e-02,-3.569917753338814e-02
1609043829358943431,0,1609043829358943431,-5.174674034118652e+00,-3.166474580764771e+00,3.585453033447266e+00,8.187211155891418e-01,5.720964670181274e-01,-2.792466804385185e-02,-4.026870802044868e-02
1609043829466440975,0,1609043829466440975,-5.213804721832275e+00,-3.201352357864380e+00,3.619560241699219e+00,8.184105157852173e-01,5.722905397415161e-01,-3.498277068138123e-02,-3.826303407549858e-02
1609043829563238144,0,1609043829563238144,-5.238926410675049e+00,-3.238292932510376e+00,3.654154062271118e+00,8.181958794593811e-01,5.721896290779114e-01,-4.027820378541946e-02,-3.914325684309006e-02
1609043829671982447,0,1609043829671982447,-5.255131721496582e+00,-3.273100614547729e+00,3.683081626892090e+00,8.181952238082886e-01,5.722998380661011e-01,-4.046623408794403e-02,-3.730906173586845e-02
1609043829773823339,0,1609043829773823339,-5.263831615447998e+00,-3.296973228454590e+00,3.696876525878906e+00,8.183549642562866e-01,5.728949308395386e-01,-3.469114378094673e-02,-2.971765957772732e-02
1609043829881419320,0,1609043829881419320,-5.269636631011963e+00,-3.332159757614136e+00,3.693218469619751e+00,8.185633420944214e-01,5.730687379837036e-01,-3.011422045528889e-02,-2.528955414891243e-02
1609043829984079486,0,1609043829984079486,-5.259143352508545e+00,-3.364972829818726e+00,3.693872690200806e+00,8.187896609306335e-01,5.731196403503418e-01,-2.607567794620991e-02,-2.091932669281960e-02
1609043830080827308,0,1609043830080827308,-5.243434906005859e+00,-3.393642187118530e+00,3.699606657028198e+00,8.190123438835144e-01,5.730596184730530e-01,-2.297992445528507e-02,-1.712775602936745e-02
1609043830183368120,0,1609043830183368120,-5.224351406097412e+00,-3.418746232986450e+00,3.721434354782104e+00,8.191993832588196e-01,5.729597806930542e-01,-2.090776339173317e-02,-1.387059409171343e-02
1609043830286823671,0,1609043830286823671,-5.201465129852295e+00,-3.439961433410645e+00,3.805390357971191e+00,8.191795945167542e-01,5.732881426811218e-01,-1.665429770946503e-02,-2.849772805348039e-03
1609043830358136176,0,1609043830358136176,-5.192534446716309e+00,-3.456053495407104e+00,3.817174673080444e+00,8.193910717964172e-01,5.729807019233704e-01,-1.682614721357822e-02,-2.859898842871189e-03
1609043830460014703,0,1609043830460014703,-5.174252033233643e+00,-3.477976322174072e+00,3.834527969360352e+00,8.193044066429138e-01,5.731823444366455e-01,-1.419069524854422e-02,9.157598833553493e-04
1609043830561809800,0,1609043830561809800,-5.157809734344482e+00,-3.496906995773315e+00,3.858992576599121e+00,8.193165659904480e-01,5.731903314590454e-01,-1.284825988113880e-02,2.855072496458888e-03
1609043830663646753,0,1609043830663646753,-5.143097877502441e+00,-3.511098861694336e+00,3.892208576202393e+00,8.194100856781006e-01,5.730787515640259e-01,-1.183255016803741e-02,2.815501764416695e-03
1609043830770663629,0,1609043830770663629,-5.134332180023193e+00,-3.521218061447144e+00,3.934035539627075e+00,8.195379972457886e-01,5.729014873504639e-01,-1.181588228791952e-02,1.303467201068997e-03
1609043830877499921,0,1609043830877499921,-5.130652904510498e+00,-3.526435136795044e+00,3.968324899673462e+00,8.195880055427551e-01,5.728329420089722e-01,-1.169987954199314e-02,-1.008197432383895e-03
1609043830976206675,0,1609043830976206675,-5.128393650054932e+00,-3.528674840927124e+00,4.016645431518555e+00,8.196519017219543e-01,5.727217197418213e-01,-1.196989603340626e-02,-4.165933933109045e-03
1609043831080267611,0,1609043831080267611,-5.124800205230713e+00,-3.526666402816772e+00,4.067332744598389e+00,8.196189403533936e-01,5.727109909057617e-01,-1.298794150352478e-02,-7.622718345373869e-03
1609043831182156233,0,1609043831182156233,-5.119536399841309e+00,-3.528257846832275e+00,4.119087696075439e+00,8.195689916610718e-01,5.726910233497620e-01,-1.445860136300325e-02,-1.108027063310146e-02
1609043831285765912,0,1609043831285765912,-5.120363712310791e+00,-3.524295330047607e+00,4.166033267974854e+00,8.194510340690613e-01,5.727848410606384e-01,-1.515498664230108e-02,-1.371098868548870e-02
1609043831382450551,0,1609043831382450551,-5.120064735412598e+00,-3.520847558975220e+00,4.207720756530762e+00,8.193461298942566e-01,5.728595256805420e-01,-1.587341539561749e-02,-1.587173156440258e-02
1609043831463884611,0,1609043831463884611,-5.118150234222412e+00,-3.517634391784668e+00,4.242052555084229e+00,8.193209171295166e-01,5.728424787521362e-01,-1.596382819116116e-02,-1.760245114564896e-02
1609043831560649064,0,1609043831560649064,-5.112877845764160e+00,-3.514508724212646e+00,4.289056777954102e+00,8.192446231842041e-01,5.728884339332581e-01,-1.609108597040176e-02,-1.944641023874283e-02
1609043831658064209,0,1609043831658064209,-5.105783939361572e+00,-3.514605760574341e+00,4.337293148040771e+00,8.192018866539001e-01,5.729132294654846e-01,-1.591123081743717e-02,-2.062794938683510e-02
1609043831770088901,0,1609043831770088901,-5.095988750457764e+00,-3.518567562103271e+00,4.400206089019775e+00,8.191088438034058e-01,5.730484724044800e-01,-1.912793330848217e-02,-1.761814951896667e-02
1609043831866786978,0,1609043831866786978,-5.083627223968506e+00,-3.517602443695068e+00,4.464325904846191e+00,8.190835714340210e-01,5.730701088905334e-01,-1.990397460758686e-02,-1.722513325512409e-02
1609043831963552345,0,1609043831963552345,-5.070559024810791e+00,-3.517663002014160e+00,4.496545791625977e+00,8.190137147903442e-01,5.731569528579712e-01,-2.160785533487797e-02,-1.552065741270781e-02
1609043832075716673,0,1609043832075716673,-5.057100772857666e+00,-3.516747951507568e+00,4.540839672088623e+00,8.189422488212585e-01,5.732716321945190e-01,-2.262181416153908e-02,-1.347236800938845e-02
1609043832172462455,0,1609043832172462455,-5.039971351623535e+00,-3.515486478805542e+00,4.581185340881348e+00,8.188735842704773e-01,5.733875632286072e-01,-2.297055162489414e-02,-1.204743143171072e-02
1609043832284346594,0,1609043832284346594,-5.020913124084473e+00,-3.516249895095825e+00,4.633908271789551e+00,8.189572095870972e-01,5.732775330543518e-01,-2.290791459381580e-02,-1.172043103724718e-02
1609043832391508114,0,1609043832391508114,-5.000176429748535e+00,-3.514822006225586e+00,4.675997257232666e+00,8.190039992332458e-01,5.732059478759766e-01,-2.309331670403481e-02,-1.158189773559570e-02
1609043832483071013,0,1609043832483071013,-4.978865623474121e+00,-3.507242679595947e+00,4.715522289276123e+00,8.191072344779968e-01,5.731027126312256e-01,-2.109522558748722e-02,-1.310574077069759e-02
1609043832559402104,0,1609043832559402104,-4.959578037261963e+00,-3.502346038818359e+00,4.748198032379150e+00,8.191828727722168e-01,5.730413198471069e-01,-1.836942322552204e-02,-1.502585317939520e-02
1609043832666749841,0,1609043832666749841,-4.932042121887207e+00,-3.492789745330811e+00,4.809665203094482e+00,8.192446827888489e-01,5.729620456695557e-01,-1.392512582242489e-02,-1.893860101699829e-02
1609043832763774056,0,1609043832763774056,-4.908267974853516e+00,-3.486036777496338e+00,4.862479686737061e+00,8.192878961563110e-01,5.728701353073120e-01,-1.079945173114538e-02,-2.169264666736126e-02
1609043832866132942,0,1609043832866132942,-4.882563114166260e+00,-3.479177236557007e+00,4.918762683868408e+00,8.193272948265076e-01,5.727669000625610e-01,-8.574988692998886e-03,-2.382050268352032e-02
1609043832970800970,0,1609043832970800970,-4.857876777648926e+00,-3.473444461822510e+00,4.984001636505127e+00,8.193733692169189e-01,5.726785063743591e-01,-7.942074909806252e-03,-2.456850372254848e-02
1609043833073114690,0,1609043833073114690,-4.832953929901123e+00,-3.466438055038452e+00,5.043872833251953e+00,8.194229602813721e-01,5.726575255393982e-01,-1.037297956645489e-02,-2.240022458136082e-02
1609043833172944226,0,1609043833172944226,-4.807767868041992e+00,-3.469595909118652e+00,5.094683170318604e+00,8.194968700408936e-01,5.725412368774414e-01,-1.371609047055244e-02,-2.081665024161339e-02
1609043833285182768,0,1609043833285182768,-4.781963825225830e+00,-3.471645355224609e+00,5.146469593048096e+00,8.194638490676880e-01,5.725879669189453e-01,-1.727679930627346e-02,-1.798784360289574e-02
1609043833377770281,0,1609043833377770281,-4.756213665008545e+00,-3.472711801528931e+00,5.196946620941162e+00,8.194516301155090e-01,5.725957751274109e-01,-1.936992630362511e-02,-1.605671644210815e-02
1609043833485211764,0,1609043833485211764,-4.724405765533447e+00,-3.475443601608276e+00,5.243791580200195e+00,8.194550871849060e-01,5.725936293601990e-01,-2.049724198877811e-02,-1.448636036366224e-02
1609043833586911140,0,1609043833586911140,-4.696310997009277e+00,-3.477391004562378e+00,5.287085533142090e+00,8.193583488464355e-01,5.726909637451172e-01,-2.308509685099125e-02,-1.200021710246801e-02
1609043833658231212,0,1609043833658231212,-4.669750690460205e+00,-3.477782249450684e+00,5.325880050659180e+00,8.194164037704468e-01,5.726445317268372e-01,-2.268917858600616e-02,-1.096582971513271e-02
1609043833761001251,0,1609043833761001251,-4.634915351867676e+00,-3.476849794387817e+00,5.369688034057617e+00,8.194331526756287e-01,5.726705193519592e-01,-2.214568853378296e-02,-9.352548047900200e-03
1609043833854830339,0,1609043833854830339,-4.601123332977295e+00,-3.474727392196655e+00,5.415556907653809e+00,8.194906115531921e-01,5.726317167282104e-01,-2.154320850968361e-02,-7.994486950337887e-03
1609043833963645344,0,1609043833963645344,-4.562172412872314e+00,-3.469584226608276e+00,5.460045337677002e+00,8.195580840110779e-01,5.725699067115784e-01,-2.091059461236000e-02,-7.136697415262461e-03
1609043834066826628,0,1609043834066826628,-4.529151916503906e+00,-3.462054252624512e+00,5.498685836791992e+00,8.195846676826477e-01,5.726532936096191e-01,-1.834338717162609e-02,-3.565678372979164e-03
1609043834173861868,0,1609043834173861868,-4.493045330047607e+00,-3.448450803756714e+00,5.547115802764893e+00,8.195678591728210e-01,5.727761387825012e-01,-1.536005456000566e-02,-7.249741611303762e-05
1609043834270801230,0,1609043834270801230,-4.455835819244385e+00,-3.438061475753784e+00,5.589796543121338e+00,8.196312189102173e-01,5.726466178894043e-01,-1.663223281502724e-02,-1.963236834853888e-03
1609043834370847274,0,1609043834370847274,-4.421733379364014e+00,-3.424248695373535e+00,5.624923706054688e+00,8.197486996650696e-01,5.724535584449768e-01,-1.653543859720230e-02,-5.977705586701632e-03
1609043834473644383,0,1609043834473644383,-4.394496440887451e+00,-3.413588047027588e+00,5.711172103881836e+00,8.198454976081848e-01,5.723611116409302e-01,-1.224403735250235e-02,-1.030247379094362e-02
1609043834583065408,0,1609043834583065408,-4.360947132110596e+00,-3.385502576828003e+00,5.746263504028320e+00,8.198477625846863e-01,5.722739100456238e-01,-1.126184966415167e-02,-1.501249428838491e-02
1609043834685024536,0,1609043834685024536,-4.331172943115234e+00,-3.358707189559937e+00,5.771143436431885e+00,8.198946714401245e-01,5.721095800399780e-01,-9.940227493643761e-03,-1.909446716308594e-02
1609043834756452250,0,1609043834756452250,-4.307046413421631e+00,-3.339797496795654e+00,5.795372486114502e+00,8.199150562286377e-01,5.720034241676331e-01,-7.346977945417166e-03,-2.230237983167171e-02
1609043834852993013,0,1609043834852993013,-4.277392387390137e+00,-3.323186397552490e+00,5.823027610778809e+00,8.199017643928528e-01,5.718896985054016e-01,-5.842012353241444e-03,-2.586619555950165e-02
1609043834954848284,0,1609043834954848284,-4.242970466613770e+00,-3.303907394409180e+00,5.846476078033447e+00,8.199222683906555e-01,5.717459321022034e-01,-3.585854079574347e-03,-2.865603566169739e-02
1609043835067400648,0,1609043835067400648,-4.207269668579102e+00,-3.287734031677246e+00,5.857305526733398e+00,8.199226856231689e-01,5.716304183006287e-01,-1.201193663291633e-03,-3.104900754988194e-02
1609043835169467278,0,1609043835169467278,-4.179994106292725e+00,-3.284510374069214e+00,5.862152099609375e+00,8.199296593666077e-01,5.717338919639587e-01,-4.943034611642361e-03,-2.848422341048717e-02
1609043835266063312,0,1609043835266063312,-4.143134117126465e+00,-3.269063711166382e+00,5.849261283874512e+00,8.199678063392639e-01,5.717004537582397e-01,-5.709755700081587e-03,-2.790524996817112e-02
1609043835367837333,0,1609043835367837333,-4.114913463592529e+00,-3.269802331924438e+00,5.855716705322266e+00,8.198803663253784e-01,5.718319416046143e-01,-5.276070907711983e-03,-2.786692976951599e-02
1609043835480521786,0,1609043835480521786,-4.085100173950195e+00,-3.281322240829468e+00,5.857167243957520e+00,8.198550939559937e-01,5.719448328018188e-01,-6.973923649638891e-03,-2.585081942379475e-02
1609043835582581107,0,1609043835582581107,-4.051548480987549e+00,-3.291331768035889e+00,5.876273632049561e+00,8.198676705360413e-01,5.719867944717407e-01,-1.192849595099688e-02,-2.249102853238583e-02
1609043835679491284,0,1609043835679491284,-4.020415306091309e+00,-3.299578666687012e+00,5.879733085632324e+00,8.198610544204712e-01,5.720447301864624e-01,-1.450475584715605e-02,-1.955332979559898e-02
1609043835786724076,0,1609043835786724076,-3.983194828033447e+00,-3.310803651809692e+00,5.879022598266602e+00,8.198447823524475e-01,5.720351338386536e-01,-1.796218194067478e-02,-1.754175871610641e-02
1609043835858078277,0,1609043835858078277,-3.954585075378418e+00,-3.322179555892944e+00,5.865834712982178e+00,8.198436498641968e-01,5.719930529594421e-01,-2.031548507511616e-02,-1.636389642953873e-02
1609043835954848839,0,1609043835954848839,-3.914914369583130e+00,-3.335298061370850e+00,5.844561576843262e+00,8.197846412658691e-01,5.719839334487915e-01,-2.320613339543343e-02,-1.578219421207905e-02
1609043836066922799,0,1609043836066922799,-3.872402667999268e+00,-3.349019289016724e+00,5.822951793670654e+00,8.197141885757446e-01,5.720437765121460e-01,-2.455082908272743e-02,-1.522764191031456e-02
1609043836168691927,0,1609043836168691927,-3.830291509628296e+00,-3.357976675033569e+00,5.808640480041504e+00,8.197014927864075e-01,5.718951225280762e-01,-2.696351706981659e-02,-1.727637462317944e-02
1609043836270631732,0,1609043836270631732,-3.787455797195435e+00,-3.361175298690796e+00,5.802530765533447e+00,8.196207880973816e-01,5.719636678695679e-01,-2.783284522593021e-02,-1.746022701263428e-02
1609043836377745786,0,1609043836377745786,-3.737985849380493e+00,-3.364724397659302e+00,5.794649600982666e+00,8.195993900299072e-01,5.720119476318359e-01,-2.739686705172062e-02,-1.756807230412960e-02
1609043836479722642,0,1609043836479722642,-3.693969726562500e+00,-3.356895446777344e+00,5.795149803161621e+00,8.196291327476501e-01,5.722603797912598e-01,-2.135546319186687e-02,-1.643801853060722e-02
1609043836581784331,0,1609043836581784331,-3.637928485870361e+00,-3.363239288330078e+00,5.790513038635254e+00,8.196691274642944e-01,5.721841454505920e-01,-1.821326278150082e-02,-2.039550431072712e-02
1609043836679510494,0,1609043836679510494,-3.583733797073364e+00,-3.360608339309692e+00,5.783649444580078e+00,8.198068737983704e-01,5.721116065979004e-01,-1.182667817920446e-02,-2.156648784875870e-02
1609043836786483160,0,1609043836786483160,-3.529398202896118e+00,-3.358613729476929e+00,5.794970035552979e+00,8.199107050895691e-01,5.720427036285400e-01,-4.272738005965948e-03,-2.225599065423012e-02
1609043836883216793,0,1609043836883216793,-3.470782279968262e+00,-3.358019828796387e+00,5.798686504364014e+00,8.199964165687561e-01,5.718102455139160e-01,3.600474155973643e-04,-2.527709491550922e-02
1609043836955205894,0,1609043836955205894,-3.425547361373901e+00,-3.362267494201660e+00,5.795629978179932e+00,8.200643658638000e-01,5.716685056686401e-01,2.685911487787962e-03,-2.612132020294666e-02
1609043837062242946,0,1609043837062242946,-3.365464448928833e+00,-3.369410037994385e+00,5.779881954193115e+00,8.200837969779968e-01,5.716446042060852e-01,4.558770451694727e-03,-2.577031776309013e-02
1609043837159229220,0,1609043837159229220,-3.311176538467407e+00,-3.375437974929810e+00,5.750416755676270e+00,8.201639652252197e-01,5.716317296028137e-01,-2.292889170348644e-03,-2.373087033629417e-02
1609043837271483817,0,1609043837271483817,-3.257731437683105e+00,-3.396042346954346e+00,5.751189231872559e+00,8.202791213989258e-01,5.715412497520447e-01,-7.971524260938168e-03,-2.047451213002205e-02
1609043837368299510,0,1609043837368299510,-3.210860013961792e+00,-3.412488698959351e+00,5.744461059570312e+00,8.202267289161682e-01,5.715811252593994e-01,-1.366559788584709e-02,-1.833967119455338e-02
1609043837470133873,0,1609043837470133873,-3.164478302001953e+00,-3.438919067382812e+00,5.729780673980713e+00,8.201297521591187e-01,5.716245174407959e-01,-1.895271800458431e-02,-1.653577014803886e-02
1609043837569001036,0,1609043837569001036,-3.117588043212891e+00,-3.463845491409302e+00,5.721587181091309e+00,8.200729489326477e-01,5.716170668601990e-01,-2.237820997834206e-02,-1.528367865830660e-02
1609043837671090391,0,1609043837671090391,-3.068942070007324e+00,-3.487118005752563e+00,5.708516120910645e+00,8.200630545616150e-01,5.715944766998291e-01,-2.373481914401054e-02,-1.459476258605719e-02
1609043837783045213,0,1609043837783045213,-3.012316226959229e+00,-3.503741979598999e+00,5.701360702514648e+00,8.200456500053406e-01,5.716239809989929e-01,-2.310282550752163e-02,-1.540612708777189e-02
1609043837884958108,0,1609043837884958108,-2.959110260009766e+00,-3.520668029785156e+00,5.701153278350830e+00,8.200859427452087e-01,5.715878605842590e-01,-2.088237181305885e-02,-1.761640980839729e-02
1609043837987227785,0,1609043837987227785,-2.901542901992798e+00,-3.535656929016113e+00,5.704613685607910e+00,8.201693296432495e-01,5.715201497077942e-01,-1.707146875560284e-02,-1.989092677831650e-02
1609043838058539351,0,1609043838058539351,-2.857744455337524e+00,-3.545848131179810e+00,5.706574916839600e+00,8.202519416809082e-01,5.715194940567017e-01,-1.305330451577902e-02,-1.954049989581108e-02
1609043838165663438,0,1609043838165663438,-2.789811372756958e+00,-3.558245658874512e+00,5.709905147552490e+00,8.203037977218628e-01,5.714656710624695e-01,-9.098179638385773e-03,-2.111444249749184e-02
1609043838262507828,0,1609043838262507828,-2.728453874588013e+00,-3.576416254043579e+00,5.702217102050781e+00,8.203880190849304e-01,5.712872743606567e-01,-6.948606576770544e-03,-2.337094023823738e-02
1609043838371238495,0,1609043838371238495,-2.664836645126343e+00,-3.591677904129028e+00,5.713329315185547e+00,8.204486370086670e-01,5.712939500808716e-01,-4.943041130900383e-03,-2.151580527424812e-02
1609043838468643423,0,1609043838468643423,-2.607078552246094e+00,-3.607220172882080e+00,5.714437007904053e+00,8.205273151397705e-01,5.712486505508423e-01,-3.446439048275352e-03,-1.995245181024075e-02
1609043838565567146,0,1609043838565567146,-2.547335624694824e+00,-3.627145528793335e+00,5.709009647369385e+00,8.205468654632568e-01,5.712503790855408e-01,-4.960944876074791e-03,-1.874010078608990e-02
1609043838673050857,0,1609043838673050857,-2.479115486145020e+00,-3.652120113372803e+00,5.714625358581543e+00,8.205623030662537e-01,5.711120367050171e-01,-1.116956863552332e-02,-1.958946138620377e-02
1609043838784874076,0,1609043838784874076,-2.424129486083984e+00,-3.672657966613770e+00,5.721148014068604e+00,8.205833435058594e-01,5.710986256599426e-01,-1.449264213442802e-02,-1.671472005546093e-02
1609043838881698085,0,1609043838881698085,-2.371810436248779e+00,-3.694878578186035e+00,5.718223571777344e+00,8.205296397209167e-01,5.711246728897095e-01,-1.693644002079964e-02,-1.615284569561481e-02
1609043838986141085,0,1609043838986141085,-2.320211410522461e+00,-3.727804899215698e+00,5.724449634552002e+00,8.205099105834961e-01,5.710771083831787e-01,-1.914444379508495e-02,-1.636857353150845e-02
1609043839088142132,0,1609043839088142132,-2.266473293304443e+00,-3.750815153121948e+00,5.719796180725098e+00,8.205390572547913e-01,5.709816813468933e-01,-2.085174620151520e-02,-1.615289971232414e-02
1609043839154553647,0,1609043839154553647,-2.223594188690186e+00,-3.769158124923706e+00,5.724335193634033e+00,8.206135034561157e-01,5.708717107772827e-01,-2.014769427478313e-02,-1.712082140147686e-02
1609043839256556102,0,1609043839256556102,-2.156577825546265e+00,-3.793620347976685e+00,5.744899272918701e+00,8.206357359886169e-01,5.708360671997070e-01,-1.923837140202522e-02,-1.825092546641827e-02
1609043839368851783,0,1609043839368851783,-2.086384773254395e+00,-3.814400196075439e+00,5.759736537933350e+00,8.207008838653564e-01,5.707711577415466e-01,-1.679590716958046e-02,-1.970521360635757e-02
1609043839466509514,0,1609043839466509514,-2.025293827056885e+00,-3.830985069274902e+00,5.758494853973389e+00,8.207611441612244e-01,5.707282423973083e-01,-1.349631976336241e-02,-2.093249559402466e-02
1609043839566039848,0,1609043839566039848,-1.960822105407715e+00,-3.851751565933228e+00,5.766054630279541e+00,8.207703828811646e-01,5.707200765609741e-01,-1.243059244006872e-02,-2.144996076822281e-02
1609043839673429226,0,1609043839673429226,-1.892907500267029e+00,-3.878459215164185e+00,5.771991729736328e+00,8.207753300666809e-01,5.707014203071594e-01,-1.426510792225599e-02,-2.059884928166866e-02
1609043839780209986,0,1609043839780209986,-1.825030326843262e+00,-3.890960931777954e+00,5.763613700866699e+00,8.207182288169861e-01,5.707834362983704e-01,-1.795440353453159e-02,-1.747847907245159e-02
1609043839881744493,0,1609043839881744493,-1.755228042602539e+00,-3.908178567886353e+00,5.787745952606201e+00,8.207333087921143e-01,5.707232952117920e-01,-1.979270018637180e-02,-1.673479564487934e-02
1609043839973294780,0,1609043839973294780,-1.694229841232300e+00,-3.926586151123047e+00,5.795424461364746e+00,8.206993937492371e-01,5.707367062568665e-01,-2.215614169836044e-02,-1.487180404365063e-02
1609043840090400501,0,1609043840090400501,-1.623158812522888e+00,-3.951567411422729e+00,5.794998645782471e+00,8.206761479377747e-01,5.707497596740723e-01,-2.281000651419163e-02,-1.466864533722401e-02
1609043840192129348,0,1609043840192129348,-1.557771682739258e+00,-3.972425937652588e+00,5.794783115386963e+00,8.207799196243286e-01,5.706892609596252e-01,-1.987652480602264e-02,-1.546324416995049e-02
1609043840258350148,0,1609043840258350148,-1.506242632865906e+00,-3.992926836013794e+00,5.793353080749512e+00,8.208365440368652e-01,5.706023573875427e-01,-2.001913823187351e-02,-1.547569781541824e-02
1609043840360696339,0,1609043840360696339,-1.428000450134277e+00,-4.017388343811035e+00,5.796483039855957e+00,8.208852410316467e-01,5.705469250679016e-01,-1.890555210411549e-02,-1.631635054945946e-02
1609043840458225021,0,1609043840458225021,-1.351151585578918e+00,-4.031301975250244e+00,5.797421932220459e+00,8.208985924720764e-01,5.705753564834595e-01,-1.647509075701237e-02,-1.725619472563267e-02
1609043840565244828,0,1609043840565244828,-1.271120190620422e+00,-4.047536373138428e+00,5.789444923400879e+00,8.208780884742737e-01,5.706294775009155e-01,-1.417567115277052e-02,-1.844767667353153e-02
1609043840667987155,0,1609043840667987155,-1.195597767829895e+00,-4.063655853271484e+00,5.788685321807861e+00,8.208170533180237e-01,5.707222819328308e-01,-1.242024637758732e-02,-1.952176913619041e-02
1609043840764853998,0,1609043840764853998,-1.121525168418884e+00,-4.080083370208740e+00,5.797560214996338e+00,8.207518458366394e-01,5.708363056182861e-01,-1.050332281738520e-02,-2.004742994904518e-02
1609043840877015792,0,1609043840877015792,-1.042484164237976e+00,-4.102176666259766e+00,5.795965194702148e+00,8.206844329833984e-01,5.709002017974854e-01,-6.046281196177006e-03,-2.266079932451248e-02
1609043840984468983,0,1609043840984468983,-9.681081771850586e-01,-4.123475551605225e+00,5.804435253143311e+00,8.205796480178833e-01,5.710079669952393e-01,-2.757312497124076e-03,-2.431586012244225e-02
1609043841086454201,0,1609043841086454201,-8.957538008689880e-01,-4.145728588104248e+00,5.809713363647461e+00,8.206174373626709e-01,5.708533525466919e-01,2.110327128320932e-03,-2.662873826920986e-02
1609043841183084444,0,1609043841183084444,-8.257350921630859e-01,-4.174091339111328e+00,5.816550731658936e+00,8.205829262733459e-01,5.709550976753235e-01,-1.193868156406097e-04,-2.557292580604553e-02
1609043841285050808,0,1609043841285050808,-7.558900117874146e-01,-4.201581001281738e+00,5.819199562072754e+00,8.205864429473877e-01,5.709294080734253e-01,1.874911133199930e-03,-2.596291899681091e-02
1609043841351232927,0,1609043841351232927,-7.001651525497437e-01,-4.226671218872070e+00,5.813055515289307e+00,8.206248879432678e-01,5.708953738212585e-01,1.736924285069108e-03,-2.549997530877590e-02
1609043841459270438,0,1609043841459270438,-6.189699769020081e-01,-4.271043300628662e+00,5.812994003295898e+00,8.205948472023010e-01,5.709167122840881e-01,1.773576019331813e-03,-2.597963623702526e-02
1609043841566265000,0,1609043841566265000,-5.434912443161011e-01,-4.315995693206787e+00,5.819651126861572e+00,8.206228613853455e-01,5.708971023559570e-01,1.084727351553738e-03,-2.556139230728149e-02
1609043841669311560,0,1609043841669311560,-4.754477441310883e-01,-4.364413738250732e+00,5.817594528198242e+00,8.206450939178467e-01,5.709021091461182e-01,-8.970304625108838e-04,-2.472975291311741e-02
1609043841766156842,0,1609043841766156842,-4.115705490112305e-01,-4.412009716033936e+00,5.826459407806396e+00,8.206777572631836e-01,5.709029436111450e-01,-2.479952294379473e-03,-2.349194698035717e-02
1609043841873007170,0,1609043841873007170,-3.445776104927063e-01,-4.464359760284424e+00,5.829821109771729e+00,8.206832408905029e-01,5.709007978439331e-01,-4.017994273453951e-03,-2.313131839036942e-02
1609043841974833201,0,1609043841974833201,-2.806555330753326e-01,-4.514865398406982e+00,5.832081317901611e+00,8.206689953804016e-01,5.709488987922668e-01,-7.253054529428482e-03,-2.161634899675846e-02
1609043842081774436,0,1609043842081774436,-2.159636467695236e-01,-4.568914890289307e+00,5.822369575500488e+00,8.206302523612976e-01,5.710104107856750e-01,-1.035238709300756e-02,-2.014864422380924e-02
1609043842173604368,0,1609043842173604368,-1.584114879369736e-01,-4.621356487274170e+00,5.821578502655029e+00,8.205919265747070e-01,5.710602402687073e-01,-1.335611753165722e-02,-1.845665089786053e-02
1609043842280575822,0,1609043842280575822,-9.122822433710098e-02,-4.680959701538086e+00,5.822587490081787e+00,8.206223249435425e-01,5.710971951484680e-01,-1.396846584975719e-02,-1.616539433598518e-02
1609043842382428199,0,1609043842382428199,-2.639400772750378e-02,-4.734447479248047e+00,5.830333709716797e+00,8.206412196159363e-01,5.711135864257812e-01,-1.453999988734722e-02,-1.287804637104273e-02
1609043842449911915,0,1609043842449911915,2.516131661832333e-02,-4.778274536132812e+00,5.817629337310791e+00,8.206624984741211e-01,5.710507035255432e-01,-1.597893051803112e-02,-1.259979512542486e-02
1609043842556860115,0,1609043842556860115,1.012104675173759e-01,-4.840840816497803e+00,5.792838096618652e+00,8.206099271774292e-01,5.710523128509521e-01,-1.894373260438442e-02,-1.182686258107424e-02
1609043842669172912,0,1609043842669172912,1.740076541900635e-01,-4.899725914001465e+00,5.792274475097656e+00,8.206200599670410e-01,5.710361003875732e-01,-1.968205720186234e-02,-1.063554733991623e-02
1609043842760797716,0,1609043842760797716,2.371464371681213e-01,-4.948155403137207e+00,5.771007537841797e+00,8.205326795578003e-01,5.711205601692200e-01,-2.111023850739002e-02,-1.009200327098370e-02
1609043842872803679,0,1609043842872803679,3.113432824611664e-01,-5.000154018402100e+00,5.777999877929688e+00,8.204718828201294e-01,5.711081027984619e-01,-2.383153885602951e-02,-9.677089750766754e-03
1609043842974657817,0,1609043842974657817,3.780255913734436e-01,-5.043470859527588e+00,5.778482913970947e+00,8.204476237297058e-01,5.710371136665344e-01,-2.653777785599232e-02,-8.833610452711582e-03
1609043843076447734,0,1609043843076447734,4.473410546779633e-01,-5.081595897674561e+00,5.790210247039795e+00,8.203859329223633e-01,5.710489153862000e-01,-2.837576903402805e-02,-8.052257820963860e-03
1609043843184647169,0,1609043843184647169,5.202012062072754e-01,-5.121307373046875e+00,5.794968605041504e+00,8.203784227371216e-01,5.710477828979492e-01,-2.883316017687321e-02,-7.232169155031443e-03
1609043843281847709,0,1609043843281847709,5.898814797401428e-01,-5.162844181060791e+00,5.787355422973633e+00,8.201258182525635e-01,5.711547136306763e-01,-3.421770781278610e-02,2.284574788063765e-03
1609043843388690933,0,1609043843388690933,6.697512269020081e-01,-5.188390254974365e+00,5.801241397857666e+00,8.199656605720520e-01,5.713517665863037e-01,-3.478281199932098e-02,1.912961364723742e-03
1609043843485593521,0,1609043843485593521,7.435920834541321e-01,-5.212486743927002e+00,5.777871131896973e+00,8.194324970245361e-01,5.718396902084351e-01,-3.876607120037079e-02,5.196228157728910e-03
1609043843556897727,0,1609043843556897727,8.033642172813416e-01,-5.228915691375732e+00,5.771384716033936e+00,8.189360499382019e-01,5.725693106651306e-01,-3.846902027726173e-02,5.330783780664206e-03
1609043843658751567,0,1609043843658751567,8.914412856101990e-01,-5.245904922485352e+00,5.766170501708984e+00,8.185740113258362e-01,5.732846260070801e-01,-3.564383089542389e-02,3.299994394183159e-03
1609043843755608434,0,1609043843755608434,9.738670587539673e-01,-5.257209777832031e+00,5.761255741119385e+00,8.181285262107849e-01,5.741428732872009e-01,-3.201125934720039e-02,9.591957787051797e-04
1609043843867256578,0,1609043843867256578,1.065801382064819e+00,-5.265408039093018e+00,5.771724700927734e+00,8.182765245437622e-01,5.742300152778625e-01,-2.589355409145355e-02,-3.626103512942791e-03
1609043843970109729,0,1609043843970109729,1.157104611396790e+00,-5.266844749450684e+00,5.802643775939941e+00,8.179326653480530e-01,5.745137929916382e-01,-2.915638685226440e-02,-8.366031572222710e-03
1609043844075284502,0,1609043844075284502,1.243616461753845e+00,-5.253214836120605e+00,5.835420608520508e+00,8.177760243415833e-01,5.749295353889465e-01,-2.418199740350246e-02,-1.065954472869635e-02
1609043844172179992,0,1609043844172179992,1.319516539573669e+00,-5.237988948822021e+00,5.820612430572510e+00,8.175851106643677e-01,5.752555727958679e-01,-2.058184705674648e-02,-1.455640327185392e-02
1609043844279339298,0,1609043844279339298,1.407876372337341e+00,-5.228065013885498e+00,5.824255943298340e+00,8.176690340042114e-01,5.752420425415039e-01,-1.467772386968136e-02,-1.727595552802086e-02
1609043844381704850,0,1609043844381704850,1.492307424545288e+00,-5.218396663665771e+00,5.806718826293945e+00,8.176402449607849e-01,5.752899646759033e-01,-8.405918255448341e-03,-2.086545713245869e-02
1609043844484205735,0,1609043844484205735,1.579468011856079e+00,-5.209478855133057e+00,5.792528629302979e+00,8.173972964286804e-01,5.755109190940857e-01,-2.360519487410784e-03,-2.536361850798130e-02
1609043844586456329,0,1609043844586456329,1.666454553604126e+00,-5.203458786010742e+00,5.793837547302246e+00,8.176426291465759e-01,5.748519897460938e-01,6.322283297777176e-03,-3.107550181448460e-02
1609043844662888069,0,1609043844662888069,1.736607789993286e+00,-5.202414035797119e+00,5.800918102264404e+00,8.175347447395325e-01,5.746862292289734e-01,1.368423644453287e-02,-3.443116694688797e-02
1609043844764794557,0,1609043844764794557,1.827418446540833e+00,-5.210868835449219e+00,5.825486660003662e+00,8.174065351486206e-01,5.748938322067261e-01,1.919432729482651e-02,-3.122776933014393e-02
1609043844861455327,0,1609043844861455327,1.909508824348450e+00,-5.221191406250000e+00,5.840783596038818e+00,8.173375129699707e-01,5.747045874595642e-01,2.820023708045483e-02,-2.964361011981964e-02
1609043844963307795,0,1609043844963307795,1.989374876022339e+00,-5.236496448516846e+00,5.826961517333984e+00,8.173065781593323e-01,5.743082165718079e-01,3.769418597221375e-02,-2.755407057702541e-02
1609043845065179780,0,1609043845065179780,2.064384222030640e+00,-5.264626502990723e+00,5.809583187103271e+00,8.171861171722412e-01,5.742297768592834e-01,4.446808248758316e-02,-2.212869748473167e-02
1609043845167018965,0,1609043845167018965,2.129306554794312e+00,-5.298950672149658e+00,5.814202308654785e+00,8.171284794807434e-01,5.742296576499939e-01,4.832778498530388e-02,-1.502656843513250e-02
1609043845274785707,0,1609043845274785707,2.186318397521973e+00,-5.339124202728271e+00,5.803102016448975e+00,8.169493675231934e-01,5.746293663978577e-01,4.805986210703850e-02,-9.223345667123795e-03
1609043845381653666,0,1609043845381653666,2.228830337524414e+00,-5.389150619506836e+00,5.785310268402100e+00,8.170359730720520e-01,5.747064948081970e-01,4.641771316528320e-02,-3.178675193339586e-03
1609043845478495394,0,1609043845478495394,2.260693788528442e+00,-5.441542148590088e+00,5.784531593322754e+00,8.169565200805664e-01,5.749391913414001e-01,4.493447765707970e-02,2.833932638168335e-03
1609043845590507603,0,1609043845590507603,2.278434514999390e+00,-5.504451274871826e+00,5.778498649597168e+00,8.168141245841980e-01,5.750621557235718e-01,4.499152302742004e-02,9.695866145193577e-03
1609043845687769558,0,1609043845687769558,2.282664775848389e+00,-5.562167167663574e+00,5.756719589233398e+00,8.166633844375610e-01,5.752220153808594e-01,4.394678398966789e-02,1.579092442989349e-02
1609043845755323589,0,1609043845755323589,2.281096458435059e+00,-5.609085559844971e+00,5.758538722991943e+00,8.166050910949707e-01,5.753035545349121e-01,4.233551025390625e-02,1.974152401089668e-02
1609043845862179696,0,1609043845862179696,2.278504610061646e+00,-5.684662818908691e+00,5.756371498107910e+00,8.170006275177002e-01,5.754255652427673e-01,3.102107159793377e-02,2.080930583178997e-02
1609043845963942988,0,1609043845963954033,2.241697549819946e+00,-5.747514247894287e+00,5.774756431579590e+00,8.171786069869995e-01,5.753012299537659e-01,2.624161355197430e-02,2.364452742040157e-02
1609043846060507424,0,1609043846060507424,2.193026781082153e+00,-5.803064346313477e+00,5.771479606628418e+00,8.172522783279419e-01,5.752213001251221e-01,2.263907156884670e-02,2.658435702323914e-02
1609043846172654816,0,1609043846172654816,2.149788141250610e+00,-5.863277912139893e+00,5.713734149932861e+00,8.175925016403198e-01,5.752731561660767e-01,1.394570432603359e-02,2.021734975278378e-02
1609043846274352989,0,1609043846274352989,2.091529369354248e+00,-5.912144184112549e+00,5.711587429046631e+00,8.177325725555420e-01,5.753647685050964e-01,5.892571527510881e-03,1.529946643859148e-02
1609043846376160497,0,1609043846376160497,2.030739068984985e+00,-5.956656455993652e+00,5.701064586639404e+00,8.177068829536438e-01,5.755648016929626e-01,-1.843555946834385e-03,8.786636404693127e-03
1609043846478085651,0,1609043846478085651,1.958451986312866e+00,-5.998788833618164e+00,5.728768348693848e+00,8.179376721382141e-01,5.752406120300293e-01,-7.867196574807167e-03,3.782909130677581e-03
1609043846580081821,0,1609043846580081821,1.886744260787964e+00,-6.031709671020508e+00,5.701999187469482e+00,8.179448843002319e-01,5.751738548278809e-01,-1.172604318708181e-02,-1.939907204359770e-03
1609043846689891787,0,1609043846689891787,1.815785884857178e+00,-6.065304756164551e+00,5.687263965606689e+00,8.180195689201355e-01,5.748291611671448e-01,-1.830864138901234e-02,-8.968388661742210e-03
1609043846786875166,0,1609043846786875166,1.752822875976562e+00,-6.094809055328369e+00,5.700742721557617e+00,8.179853558540344e-01,5.746999979019165e-01,-2.150653861463070e-02,-1.254686061292887e-02
1609043846858263813,0,1609043846858263813,1.702476739883423e+00,-6.120323657989502e+00,5.696000576019287e+00,8.179611563682556e-01,5.745893120765686e-01,-2.353005111217499e-02,-1.526606921106577e-02
1609043846957668698,0,1609043846957668698,1.635279178619385e+00,-6.149402618408203e+00,5.678542613983154e+00,8.177704811096191e-01,5.747105479240417e-01,-2.510786429047585e-02,-1.813524402678013e-02
1609043847065221119,0,1609043847065221119,1.570731282234192e+00,-6.183646202087402e+00,5.657590389251709e+00,8.177923560142517e-01,5.747439265251160e-01,-2.449047937989235e-02,-1.689274422824383e-02
1609043847172378896,0,1609043847172378896,1.521733999252319e+00,-6.213950634002686e+00,5.647326946258545e+00,8.177167177200317e-01,5.748669505119324e-01,-2.473211288452148e-02,-1.599000580608845e-02
1609043847274135466,0,1609043847274135466,1.480632543563843e+00,-6.239531517028809e+00,5.669740200042725e+00,8.177054524421692e-01,5.749753713607788e-01,-2.348709851503372e-02,-1.447609066963196e-02
1609043847370892175,0,1609043847370892175,1.444300055503845e+00,-6.265209197998047e+00,5.663192749023438e+00,8.177201151847839e-01,5.750769972801208e-01,-2.148116379976273e-02,-1.260489411652088e-02
1609043847472851654,0,1609043847472851654,1.409337043762207e+00,-6.289113521575928e+00,5.654924392700195e+00,8.179102540016174e-01,5.748922824859619e-01,-1.934837736189365e-02,-1.214136742055416e-02
1609043847580484095,0,1609043847580484095,1.373506784439087e+00,-6.310501575469971e+00,5.649902820587158e+00,8.178561925888062e-01,5.750694870948792e-01,-1.672148704528809e-02,-1.125606615096331e-02
1609043847684684377,0,1609043847684684377,1.344136118888855e+00,-6.332532405853271e+00,5.652712345123291e+00,8.179928064346313e-01,5.749384164810181e-01,-1.523078419268131e-02,-1.008513197302818e-02
1609043847781486574,0,1609043847781486574,1.315685868263245e+00,-6.350775718688965e+00,5.635481357574463e+00,8.179844021797180e-01,5.749332308769226e-01,-1.686759851872921e-02,-8.302389644086361e-03
1609043847888337089,0,1609043847888337089,1.282344222068787e+00,-6.370779037475586e+00,5.638006687164307e+00,8.180488348007202e-01,5.748212337493896e-01,-1.888219267129898e-02,-4.483059514313936e-03
1609043847949433712,0,1609043847949433712,1.263629794120789e+00,-6.380899906158447e+00,5.635230541229248e+00,8.179493546485901e-01,5.748306512832642e-01,-2.270894125103951e-02,-3.601887030526996e-03
1609043848056328408,0,1609043848056328408,1.229825973510742e+00,-6.401275157928467e+00,5.664706230163574e+00,8.179413676261902e-01,5.746369361877441e-01,-2.762844227254391e-02,9.696019697003067e-04
1609043848168372430,0,1609043848168372430,1.200082302093506e+00,-6.411809921264648e+00,5.675227642059326e+00,8.178198933601379e-01,5.745063424110413e-01,-3.294852003455162e-02,5.248179193586111e-03
1609043848265810128,0,1609043848265810128,1.176349401473999e+00,-6.415423870086670e+00,5.669975757598877e+00,8.175739049911499e-01,5.745840668678284e-01,-3.696121275424957e-02,7.749719079583883e-03
1609043848369391953,0,1609043848369391953,1.150332927703857e+00,-6.413344383239746e+00,5.669711589813232e+00,8.174570798873901e-01,5.745784044265747e-01,-3.898135200142860e-02,1.020316313952208e-02
1609043848472387509,0,1609043848472387509,1.125804543495178e+00,-6.406594753265381e+00,5.660480022430420e+00,8.172250390052795e-01,5.746557712554932e-01,-4.172440618276596e-02,1.316070463508368e-02
1609043848579386632,0,1609043848579386632,1.108840346336365e+00,-6.390314102172852e+00,5.659877300262451e+00,8.169080615043640e-01,5.747540593147278e-01,-4.578178003430367e-02,1.493208389729261e-02
1609043848682427627,0,1609043848682427627,1.095497012138367e+00,-6.365703582763672e+00,5.656801223754883e+00,8.167779445648193e-01,5.746878981590271e-01,-4.862617328763008e-02,1.559301931411028e-02
1609043848781147874,0,1609043848781147874,1.083935976028442e+00,-6.330954551696777e+00,5.653812408447266e+00,8.168569803237915e-01,5.747215151786804e-01,-4.754745587706566e-02,1.338092982769012e-02
1609043848882944094,0,1609043848882944094,1.072679638862610e+00,-6.289075851440430e+00,5.611595153808594e+00,8.170017004013062e-01,5.748063921928406e-01,-4.490350186824799e-02,9.463517926633358e-03
1609043848984752138,0,1609043848984752138,1.064347863197327e+00,-6.237522602081299e+00,5.613639831542969e+00,8.171294927597046e-01,5.749251842498779e-01,-4.136368632316589e-02,7.034725509583950e-03
1609043849061367613,0,1609043849061367613,1.061115980148315e+00,-6.189549446105957e+00,5.612726688385010e+00,8.173424601554871e-01,5.750825405120850e-01,-3.494137525558472e-02,3.242590231820941e-03
1609043849163182890,0,1609043849163182890,1.063010096549988e+00,-6.119506359100342e+00,5.610621929168701e+00,8.178083896636963e-01,5.749445557594299e-01,-2.439038828015327e-02,-5.779757630079985e-03
1609043849254942692,0,1609043849254942692,1.065134048461914e+00,-6.058239936828613e+00,5.594860553741455e+00,8.178378939628601e-01,5.747412443161011e-01,-2.508468739688396e-02,-1.358623150736094e-02
1609043849372110271,0,1609043849372110271,1.068985581398010e+00,-5.980222702026367e+00,5.630422115325928e+00,8.178777694702148e-01,5.741611123085022e-01,-2.965616062283516e-02,-2.314035780727863e-02
1609043849468906039,0,1609043849468906039,1.077328205108643e+00,-5.916955947875977e+00,5.640661239624023e+00,8.178192377090454e-01,5.734266042709351e-01,-3.607263788580894e-02,-3.243957087397575e-02
1609043849565702661,0,1609043849565702661,1.077092766761780e+00,-5.847632408142090e+00,5.644663810729980e+00,8.176868557929993e-01,5.729646682739258e-01,-4.162573441863060e-02,-3.697321936488152e-02
1609043849673485442,0,1609043849673485442,1.100530624389648e+00,-5.771634578704834e+00,5.599016189575195e+00,8.163076639175415e-01,5.712782144546509e-01,-5.897585675120354e-02,-6.168252974748611e-02
1609043849780144035,0,1609043849780144035,1.107966780662537e+00,-5.711171150207520e+00,5.634237289428711e+00,8.168008327484131e-01,5.713025927543640e-01,-5.614157393574715e-02,-5.742740631103516e-02
1609043849887135429,0,1609043849887135429,1.160975813865662e+00,-5.657472610473633e+00,5.641999721527100e+00,8.165211677551270e-01,5.708160996437073e-01,-5.969095230102539e-02,-6.244477257132530e-02
1609043849990195606,0,1609043849990195606,1.206168651580811e+00,-5.605556964874268e+00,5.667494297027588e+00,8.166624903678894e-01,5.713154673576355e-01,-5.818822607398033e-02,-5.722919851541519e-02
1609043850087075476,0,1609043850087075476,1.271544337272644e+00,-5.561556816101074e+00,5.629541873931885e+00,8.168535828590393e-01,5.718061923980713e-01,-5.736218765377998e-02,-4.997379705309868e-02
1609043850158594710,0,1609043850158594710,1.339513063430786e+00,-5.523481845855713e+00,5.608226299285889e+00,8.171410560607910e-01,5.723959207534790e-01,-5.367368087172508e-02,-4.198313131928444e-02
1609043850260676534,0,1609043850260676534,1.447852969169617e+00,-5.472673892974854e+00,5.574927806854248e+00,8.176829218864441e-01,5.730565786361694e-01,-4.474135115742683e-02,-3.160911425948143e-02
1609043850367807755,0,1609043850367807755,1.557431221008301e+00,-5.423217773437500e+00,5.535532951354980e+00,8.178784847259521e-01,5.741555094718933e-01,-3.298957645893097e-02,-1.822148263454437e-02
1609043850470580948,0,1609043850470580948,1.676419377326965e+00,-5.383574008941650e+00,5.510263442993164e+00,8.179363012313843e-01,5.746616721153259e-01,-2.558398433029652e-02,-9.468486532568932e-03
1609043850567758800,0,1609043850567758800,1.790581226348877e+00,-5.342207431793213e+00,5.543523311614990e+00,8.179645538330078e-01,5.750301480293274e-01,-1.652542687952518e-02,1.150013180449605e-03
1609043850671619182,0,1609043850671619182,1.912729024887085e+00,-5.291731834411621e+00,5.551890373229980e+00,8.182660937309265e-01,5.747579336166382e-01,-9.523994289338589e-03,-1.817882526665926e-03
1609043850778924135,0,1609043850778924135,2.027545452117920e+00,-5.241622924804688e+00,5.536788940429688e+00,8.187132477760315e-01,5.741694569587708e-01,-2.229913370683789e-03,-5.762404296547174e-03
1609043850882147114,0,1609043850882147114,2.124825716018677e+00,-5.191796779632568e+00,5.560205459594727e+00,8.187620043754578e-01,5.740285515785217e-01,4.390611778944731e-03,-1.003420073539019e-02
1609043850984377065,0,1609043850984377065,2.220684289932251e+00,-5.138216018676758e+00,5.552701473236084e+00,8.188092708587646e-01,5.738013982772827e-01,7.180496584624052e-03,-1.586676388978958e-02
1609043851081424054,0,1609043851081424054,2.304906606674194e+00,-5.092210769653320e+00,5.568698406219482e+00,8.187963366508484e-01,5.738133788108826e-01,4.631550516933203e-03,-1.700595766305923e-02
1609043851178454923,0,1609043851178454923,2.388801813125610e+00,-5.046952724456787e+00,5.582387924194336e+00,8.186267614364624e-01,5.740700364112854e-01,-5.420182133093476e-04,-1.713145710527897e-02
1609043851249971582,0,1609043851249971582,2.455497026443481e+00,-5.017256736755371e+00,5.583552837371826e+00,8.185501098632812e-01,5.742886662483215e-01,-3.784122643992305e-03,-1.240825280547142e-02
1609043851352480370,0,1609043851352480370,2.542464017868042e+00,-4.977672576904297e+00,5.578346729278564e+00,8.182546496391296e-01,5.748409628868103e-01,-3.811045316979289e-03,-1.636894303373992e-03
1609043851460977836,0,1609043851460977836,2.632802009582520e+00,-4.942620754241943e+00,5.584412097930908e+00,8.178055286407471e-01,5.753727555274963e-01,-1.645954791456461e-03,1.173168420791626e-02
1609043851557864681,0,1609043851557864681,2.713869810104370e+00,-4.911332607269287e+00,5.580049991607666e+00,8.172987699508667e-01,5.757697820663452e-01,1.457116683013737e-03,2.257655374705791e-02
1609043851665570073,0,1609043851665570073,2.791057348251343e+00,-4.873638629913330e+00,5.589277744293213e+00,8.167000412940979e-01,5.760136842727661e-01,6.783452350646257e-03,3.410853073000908e-02
1609043851778022012,0,1609043851778022012,2.863999605178833e+00,-4.833899974822998e+00,5.605663299560547e+00,8.164275288581848e-01,5.763021111488342e-01,4.510788246989250e-03,3.607773035764694e-02
1609043851880347678,0,1609043851880347678,2.931762933731079e+00,-4.796112060546875e+00,5.632832527160645e+00,8.167362809181213e-01,5.761079788208008e-01,-2.677850192412734e-03,3.216129541397095e-02
1609043851975386475,0,1609043851975386475,2.977107048034668e+00,-4.747193813323975e+00,5.643231868743896e+00,8.172858953475952e-01,5.756554603576660e-01,-1.116705220192671e-02,2.323540486395359e-02
1609043852082487179,0,1609043852082487179,3.012559413909912e+00,-4.689439773559570e+00,5.672052383422852e+00,8.177645802497864e-01,5.749742388725281e-01,-2.261148206889629e-02,1.242975424975157e-02
1609043852189606478,0,1609043852189606478,3.036977291107178e+00,-4.618841171264648e+00,5.704753875732422e+00,8.177856802940369e-01,5.748228430747986e-01,-2.810380421578884e-02,3.936283756047487e-03
1609043852287209853,0,1609043852287209853,3.066385746002197e+00,-4.549958705902100e+00,5.711719512939453e+00,8.177134394645691e-01,5.746219158172607e-01,-3.337207809090614e-02,-6.385138723999262e-03
1609043852349845350,0,1609043852349845350,3.091963529586792e+00,-4.496418476104736e+00,5.712926864624023e+00,8.176591992378235e-01,5.745345354080200e-01,-3.513491526246071e-02,-1.044363155961037e-02
1609043852452056662,0,1609043852452056662,3.136394500732422e+00,-4.410997390747070e+00,5.733650207519531e+00,8.174177408218384e-01,5.748288631439209e-01,-3.396822884678841e-02,-1.569281704723835e-02
1609043852564516080,0,1609043852564516080,3.189625501632690e+00,-4.324779510498047e+00,5.759784221649170e+00,8.173027634620667e-01,5.750765204429626e-01,-3.105251304805279e-02,-1.840872690081596e-02
1609043852666175013,0,1609043852666175013,3.247757434844971e+00,-4.248285293579102e+00,5.776141166687012e+00,8.172693848609924e-01,5.755527019500732e-01,-2.393793687224388e-02,-1.538813672959805e-02
1609043852773587928,0,1609043852773587928,3.310141563415527e+00,-4.160152435302734e+00,5.751580715179443e+00,8.174896240234375e-01,5.752488970756531e-01,-1.657795161008835e-02,-2.290561050176620e-02
1609043852872455466,0,1609043852872455466,3.370550870895386e+00,-4.091706752777100e+00,5.827948093414307e+00,8.177298307418823e-01,5.750050544738770e-01,-4.166778177022934e-03,-2.587976679205894e-02
1609043852974838668,0,1609043852974838668,3.433156728744507e+00,-4.023449420928955e+00,5.830982208251953e+00,8.177592754364014e-01,5.744746327400208e-01,1.023039221763611e-02,-3.382303938269615e-02
1609043853082458354,0,1609043853082458354,3.495693683624268e+00,-3.958246469497681e+00,5.847030162811279e+00,8.175716400146484e-01,5.740050077438354e-01,2.120666578412056e-02,-4.055885598063469e-02
1609043853184416848,0,1609043853184416848,3.552132368087769e+00,-3.903768062591553e+00,5.870234489440918e+00,8.175424933433533e-01,5.731512308120728e-01,3.074922226369381e-02,-4.665206372737885e-02
1609043853286993310,0,1609043853286993310,3.603162527084351e+00,-3.860363245010376e+00,5.875355720520020e+00,8.174341320991516e-01,5.730814337730408e-01,3.376769274473190e-02,-4.731782153248787e-02
1609043853384827026,0,1609043853384827026,3.652606248855591e+00,-3.826913595199585e+00,5.889584541320801e+00,8.177339434623718e-01,5.731278061866760e-01,2.884158305823803e-02,-4.476462304592133e-02
1609043853451340150,0,1609043853451340150,3.688051700592041e+00,-3.808025360107422e+00,5.879925727844238e+00,8.181048631668091e-01,5.733623504638672e-01,2.113542892038822e-02,-3.890025243163109e-02
1609043853558527677,0,1609043853558527677,3.735469102859497e+00,-3.793425798416138e+00,5.851686000823975e+00,8.183104991912842e-01,5.739310979843140e-01,1.670831069350243e-02,-2.630344405770302e-02
1609043853660509940,0,1609043853660509940,3.777161598205566e+00,-3.789630889892578e+00,5.812928199768066e+00,8.183753490447998e-01,5.743941068649292e-01,9.728361852467060e-03,-1.544788014143705e-02
1609043853772565326,0,1609043853772565326,3.816263437271118e+00,-3.796470165252686e+00,5.784276962280273e+00,8.183156251907349e-01,5.747441053390503e-01,2.404701663181186e-03,-4.800010938197374e-03
1609043853869311777,0,1609043853869311777,3.851720809936523e+00,-3.814922809600830e+00,5.789897918701172e+00,8.181144595146179e-01,5.748811364173889e-01,-1.385466568171978e-02,-2.922633662819862e-03
1609043853971157911,0,1609043853971157911,3.875548839569092e+00,-3.820213317871094e+00,5.793143272399902e+00,8.176355957984924e-01,5.752402544021606e-01,-2.375417388975620e-02,2.517252461984754e-03
1609043854078163546,0,1609043854078163546,3.907071113586426e+00,-3.829661369323730e+00,5.743091106414795e+00,8.173931241035461e-01,5.747963786125183e-01,-3.842739760875702e-02,9.658014751039445e-04
1609043854175077683,0,1609043854175077683,3.928861141204834e+00,-3.824108362197876e+00,5.717648029327393e+00,8.170449137687683e-01,5.746635794639587e-01,-4.689439758658409e-02,-6.372128846123815e-04
1609043854286827723,0,1609043854286827723,3.959095001220703e+00,-3.806864738464355e+00,5.710422992706299e+00,8.167792558670044e-01,5.746333003044128e-01,-5.157918855547905e-02,-2.790246624499559e-03
1609043854384123880,0,1609043854384123880,3.991147518157959e+00,-3.786817312240601e+00,5.683748722076416e+00,8.170099258422852e-01,5.743671059608459e-01,-5.047420412302017e-02,-7.046341430395842e-03
1609043854484160204,0,1609043854484160204,4.022197723388672e+00,-3.764483213424683e+00,5.623978137969971e+00,8.168996572494507e-01,5.747500658035278e-01,-4.735588282346725e-02,-9.742379188537598e-03
1609043854555417192,0,1609043854555417192,4.063739299774170e+00,-3.740113496780396e+00,5.634139060974121e+00,8.170259594917297e-01,5.750254392623901e-01,-4.195430874824524e-02,-7.362443022429943e-03
1609043854662308893,0,1609043854662308893,4.120870590209961e+00,-3.701075315475464e+00,5.661225795745850e+00,8.171154856681824e-01,5.755841135978699e-01,-3.194386884570122e-02,-2.197718014940619e-03
1609043854759241402,0,1609043854759241402,4.184747219085693e+00,-3.653345823287964e+00,5.676523685455322e+00,8.172876834869385e-01,5.758433341979980e-01,-2.103095129132271e-02,1.793397590517998e-03
1609043854871208475,0,1609043854871208475,4.253827571868896e+00,-3.599433183670044e+00,5.691303730010986e+00,8.172341585159302e-01,5.762040615081787e-01,-6.946569774299860e-03,8.311784826219082e-03
1609043854967930584,0,1609043854967930584,4.315249919891357e+00,-3.552365779876709e+00,5.683921813964844e+00,8.172855377197266e-01,5.761361122131348e-01,4.144839476794004e-03,9.713089093565941e-03
1609043855074908378,0,1609043855074908378,4.375276565551758e+00,-3.500138282775879e+00,5.671912193298340e+00,8.173346519470215e-01,5.759500265121460e-01,1.225078664720058e-02,9.771835990250111e-03
1609043855172909997,0,1609043855172909997,4.427823543548584e+00,-3.451843261718750e+00,5.686276912689209e+00,8.175727128982544e-01,5.755270123481750e-01,1.851300522685051e-02,9.241699008271098e-04
1609043855274973774,0,1609043855274973774,4.468697071075439e+00,-3.405769348144531e+00,5.667781352996826e+00,8.179456591606140e-01,5.749187469482422e-01,1.818892359733582e-02,-1.012580655515194e-02
1609043855387038245,0,1609043855387038245,4.493776321411133e+00,-3.357856512069702e+00,5.710454940795898e+00,8.179777860641479e-01,5.748243331909180e-01,1.704793982207775e-02,-1.409390289336443e-02
1609043855490221317,0,1609043855490221317,4.516125202178955e+00,-3.310961484909058e+00,5.705028057098389e+00,8.181201219558716e-01,5.744864344596863e-01,1.350903790444136e-02,-2.150226756930351e-02
1609043855587087454,0,1609043855587087454,4.528282165527344e+00,-3.271708250045776e+00,5.709486007690430e+00,8.181418776512146e-01,5.743610262870789e-01,8.727522566914558e-03,-2.602129057049751e-02
1609043855663472113,0,1609043855663472113,4.541557312011719e+00,-3.242071866989136e+00,5.685294151306152e+00,8.182068467140198e-01,5.743868947029114e-01,7.090539205819368e-03,-2.381007559597492e-02
1609043855760395162,0,1609043855760395162,4.550165653228760e+00,-3.208736419677734e+00,5.683775424957275e+00,8.179472088813782e-01,5.749409198760986e-01,1.139905583113432e-02,-1.659483090043068e-02
1609043855867366639,0,1609043855867366639,4.564371585845947e+00,-3.176893472671509e+00,5.643908023834229e+00,8.177790045738220e-01,5.750843286514282e-01,1.928903535008430e-02,-1.197136472910643e-02
1609043855969102425,0,1609043855969102425,4.580548763275146e+00,-3.165104627609253e+00,5.638435363769531e+00,8.177810907363892e-01,5.751373767852783e-01,2.017263509333134e-02,-6.652903743088245e-03
1609043856067424396,0,1609043856067424396,4.585055828094482e+00,-3.149724483489990e+00,5.632842063903809e+00,8.176317811012268e-01,5.752557516098022e-01,2.362140640616417e-02,-1.031131832860410e-03
1609043856164532074,0,1609043856164532074,4.588271617889404e+00,-3.139888286590576e+00,5.623136043548584e+00,8.176416158676147e-01,5.752086043357849e-01,2.411572262644768e-02,3.972504753619432e-03
1609043856271869638,0,1609043856271869638,4.578106403350830e+00,-3.131578445434570e+00,5.621667861938477e+00,8.177125453948975e-01,5.751952528953552e-01,2.074162103235722e-02,8.156543597579002e-03
1609043856384154389,0,1609043856384154389,4.557825088500977e+00,-3.126371860504150e+00,5.617217063903809e+00,8.177959322929382e-01,5.751255750656128e-01,1.761984638869762e-02,1.140562724322081e-02
1609043856476057737,0,1609043856476057737,4.535315036773682e+00,-3.119207382202148e+00,5.615879058837891e+00,8.178429603576660e-01,5.751116275787354e-01,1.375911757349968e-02,1.379931531846523e-02
1609043856584702160,0,1609043856584702160,4.499806404113770e+00,-3.110551357269287e+00,5.614518642425537e+00,8.178936243057251e-01,5.750963687896729e-01,1.022469718009233e-02,1.448097731918097e-02
1609043856686912062,0,1609043856686912062,4.457136631011963e+00,-3.099315404891968e+00,5.602597236633301e+00,8.180691003799438e-01,5.750123858451843e-01,6.644976092502475e-04,1.110763382166624e-02
1609043856750122059,0,1609043856750122059,4.425164699554443e+00,-3.090393304824829e+00,5.604962825775146e+00,8.182169795036316e-01,5.748500823974609e-01,-4.760958719998598e-03,6.760007236152887e-03
1609043856862683487,0,1609043856862683487,4.367352962493896e+00,-3.071188449859619e+00,5.615262508392334e+00,8.182914853096008e-01,5.745985507965088e-01,-1.531913783401251e-02,-1.008952269330621e-03
1609043856968771116,0,1609043856968771116,4.305154800415039e+00,-3.047452211380005e+00,5.619838237762451e+00,8.180097341537476e-01,5.747949481010437e-01,-2.108779549598694e-02,-5.111509002745152e-03
1609043857070539728,0,1609043857070539728,4.252415657043457e+00,-3.023349523544312e+00,5.615569591522217e+00,8.177495002746582e-01,5.749701261520386e-01,-2.465746738016605e-02,-9.330834262073040e-03
1609043857167255771,0,1609043857167255771,4.202497959136963e+00,-2.998912811279297e+00,5.608644962310791e+00,8.175503611564636e-01,5.751564502716064e-01,-2.571153640747070e-02,-1.205722708255053e-02
1609043857269569220,0,1609043857269569220,4.155054092407227e+00,-2.970355510711670e+00,5.619849205017090e+00,8.173447251319885e-01,5.756675004959106e-01,-2.186250500380993e-02,-8.752199821174145e-03
1609043857376397056,0,1609043857376397056,4.112814426422119e+00,-2.938620090484619e+00,5.639363765716553e+00,8.171865940093994e-01,5.761253833770752e-01,-1.654578000307083e-02,-3.441706532612443e-03
1609043857478327097,0,1609043857478327097,4.073126792907715e+00,-2.914021015167236e+00,5.639545917510986e+00,8.172070980072021e-01,5.762317776679993e-01,-1.083487551659346e-02,3.488518064841628e-03
1609043857580151762,0,1609043857580151762,4.034214973449707e+00,-2.881843566894531e+00,5.639560222625732e+00,8.171448707580566e-01,5.763179063796997e-01,-4.102232400327921e-03,1.072587445378304e-02
1609043857687914906,0,1609043857687914906,3.997366905212402e+00,-2.849289655685425e+00,5.623583793640137e+00,8.173010945320129e-01,5.760161280632019e-01,3.927179204765707e-04,1.497040037065744e-02
1609043857785225960,0,1609043857785225960,3.956686735153198e+00,-2.819030284881592e+00,5.629011631011963e+00,8.175054788589478e-01,5.756012201309204e-01,1.714818528853357e-03,1.910927519202232e-02
1609043857861621753,0,1609043857861621753,3.914947748184204e+00,-2.788081407546997e+00,5.637879848480225e+00,8.176217079162598e-01,5.754420161247253e-01,1.017954084090889e-03,1.898007094860077e-02
1609043857959520773,0,1609043857959520773,3.859447717666626e+00,-2.747222185134888e+00,5.624855518341064e+00,8.179932832717896e-01,5.750062465667725e-01,-1.651306753046811e-03,1.587816886603832e-02
1609043858061357509,0,1609043858061357509,3.790415525436401e+00,-2.703556776046753e+00,5.668507099151611e+00,8.181844353675842e-01,5.747532844543457e-01,-3.888029372319579e-03,1.475655566900969e-02
1609043858163212851,0,1609043858163212851,3.723574876785278e+00,-2.649662256240845e+00,5.673140048980713e+00,8.182642459869385e-01,5.746960639953613e-01,-6.891446188092232e-03,1.098204217851162e-02
1609043858265582839,0,1609043858265582839,3.653526306152344e+00,-2.598078966140747e+00,5.672905921936035e+00,8.184405565261841e-01,5.744520425796509e-01,-1.170487143099308e-02,4.789672791957855e-03
1609043858367356937,0,1609043858367356937,3.577162027359009e+00,-2.543668508529663e+00,5.681572437286377e+00,8.184126615524292e-01,5.744527578353882e-01,-1.416210271418095e-02,2.081500133499503e-03
1609043858469179322,0,1609043858469179322,3.502309799194336e+00,-2.486986875534058e+00,5.684798717498779e+00,8.184397220611572e-01,5.743447542190552e-01,-1.681265607476234e-02,-1.442219596356153e-03
1609043858576051914,0,1609043858576051914,3.423544406890869e+00,-2.429454088211060e+00,5.687355995178223e+00,8.183495998382568e-01,5.744640231132507e-01,-1.693700626492500e-02,-2.851496217772365e-03
1609043858677886043,0,1609043858677886043,3.352822542190552e+00,-2.367131710052490e+00,5.684010982513428e+00,8.182316422462463e-01,5.747634768486023e-01,-1.137291174381971e-02,-3.817843040451407e-03
1609043858795220382,0,1609043858795220382,3.266641855239868e+00,-2.301849365234375e+00,5.670226097106934e+00,8.181818127632141e-01,5.749546885490417e-01,-3.463335815467872e-05,-2.389854518696666e-03
1609043858886546531,0,1609043858886546531,3.204923868179321e+00,-2.254686832427979e+00,5.664392471313477e+00,8.182957172393799e-01,5.747344493865967e-01,5.435074679553509e-03,-6.541808601468801e-03
1609043858957771995,0,1609043858957771995,3.148263216018677e+00,-2.215089321136475e+00,5.666824817657471e+00,8.184164166450500e-01,5.744506120681763e-01,1.019172929227352e-02,-9.855195879936218e-03
1609043859064848207,0,1609043859064848207,3.066739559173584e+00,-2.158433914184570e+00,5.693504333496094e+00,8.185063600540161e-01,5.742011666297913e-01,1.268788706511259e-02,-1.339415088295937e-02
1609043859161724915,0,1609043859161724915,2.988131761550903e+00,-2.107478380203247e+00,5.719781398773193e+00,8.185500502586365e-01,5.741509199142456e-01,1.211234088987112e-02,-1.340787112712860e-02
1609043859263772020,0,1609043859263772020,2.902348995208740e+00,-2.057038068771362e+00,5.732678890228271e+00,8.184164166450500e-01,5.744463205337524e-01,9.082207456231117e-03,-1.111843530088663e-02
1609043859360651437,0,1609043859360651437,2.817342996597290e+00,-2.011579513549805e+00,5.717296600341797e+00,8.183832168579102e-01,5.745659470558167e-01,5.589591339230537e-03,-9.585778228938580e-03
1609043859463708461,0,1609043859463708461,2.724908351898193e+00,-1.972978949546814e+00,5.712430000305176e+00,8.185136318206787e-01,5.744664072990417e-01,1.604526070877910e-03,-4.609847906976938e-03
1609043859571121663,0,1609043859571121663,2.634866476058960e+00,-1.937209367752075e+00,5.706225395202637e+00,8.184019923210144e-01,5.745816230773926e-01,-7.633000146597624e-03,-3.996564075350761e-03
1609043859678739735,0,1609043859678739735,2.533979892730713e+00,-1.908694744110107e+00,5.725400447845459e+00,8.183278441429138e-01,5.746728181838989e-01,-9.353884495794773e-03,1.825792598538101e-03
1609043859786218415,0,1609043859786218415,2.439175367355347e+00,-1.876035571098328e+00,5.705899238586426e+00,8.182809948921204e-01,5.746790170669556e-01,-1.249881088733673e-02,2.015567151829600e-03
1609043859882887492,0,1609043859882887492,2.352389097213745e+00,-1.841458320617676e+00,5.689452648162842e+00,8.182441592216492e-01,5.746581554412842e-01,-1.563451811671257e-02,6.805494194850326e-05
1609043859984718980,0,1609043859984718980,2.268264055252075e+00,-1.803505539894104e+00,5.675069332122803e+00,8.183851838111877e-01,5.743120908737183e-01,-1.993495412170887e-02,-3.722516121342778e-03
1609043860056589047,0,1609043860056589047,2.189114570617676e+00,-1.770413279533386e+00,5.693611621856689e+00,8.183947801589966e-01,5.741890668869019e-01,-2.237985469400883e-02,-6.003746762871742e-03
1609043860158538074,0,1609043860158538074,2.084092140197754e+00,-1.722592473030090e+00,5.708373069763184e+00,8.183372616767883e-01,5.741916894912720e-01,-2.370167896151543e-02,-8.148718625307083e-03
1609043860261279956,0,1609043860261279956,1.988054871559143e+00,-1.671190977096558e+00,5.708860874176025e+00,8.182703256607056e-01,5.741161704063416e-01,-2.518975362181664e-02,-1.377159170806408e-02
1609043860378417872,0,1609043860378417872,1.885493755340576e+00,-1.617589712142944e+00,5.714093208312988e+00,8.183554410934448e-01,5.739753246307373e-01,-2.478711679577827e-02,-1.524120196700096e-02
1609043860464770001,0,1609043860464770001,1.813875675201416e+00,-1.573885679244995e+00,5.730163574218750e+00,8.182681202888489e-01,5.741665959358215e-01,-2.284821867942810e-02,-1.574576273560524e-02
1609043860576535051,0,1609043860576535051,1.719848155975342e+00,-1.520987510681152e+00,5.735200405120850e+00,8.183609247207642e-01,5.742899775505066e-01,-1.615516468882561e-02,-1.467737182974815e-02
1609043860678698350,0,1609043860678698350,1.645221114158630e+00,-1.477132916450500e+00,5.743368625640869e+00,8.183305263519287e-01,5.744596719741821e-01,-1.106563769280910e-02,-1.445406023412943e-02
1609043860770748514,0,1609043860775840384,1.576638817787170e+00,-1.430452704429626e+00,5.747599124908447e+00,8.184065818786621e-01,5.744233131408691e-01,-7.500797044485807e-03,-1.386781129986048e-02
1609043860872793648,0,1609043860872793648,1.507305860519409e+00,-1.385331034660339e+00,5.772641181945801e+00,8.183933496475220e-01,5.745217204093933e-01,-4.571416880935431e-03,-1.166937407106161e-02
1609043860980841457,0,1609043860980841457,1.438657402992249e+00,-1.342006444931030e+00,5.788004398345947e+00,8.185092210769653e-01,5.742738246917725e-01,-9.283717721700668e-03,-1.288803294301033e-02
1609043861084920280,0,1609043861084920280,1.368909120559692e+00,-1.300452470779419e+00,5.802326679229736e+00,8.185729384422302e-01,5.740962028503418e-01,-1.320464629679918e-02,-1.332353800535202e-02
1609043861161387705,0,1609043861161387705,1.311154961585999e+00,-1.269768357276917e+00,5.800826549530029e+00,8.186891674995422e-01,5.738410949707031e-01,-1.593120023608208e-02,-1.417128834873438e-02
1609043861258904048,0,1609043861258904048,1.231025815010071e+00,-1.229369401931763e+00,5.783621311187744e+00,8.184792399406433e-01,5.737940073013306e-01,-2.287969924509525e-02,-1.813136041164398e-02
1609043861361890148,0,1609043861361890148,1.161427855491638e+00,-1.193067669868469e+00,5.762703895568848e+00,8.183727860450745e-01,5.732757449150085e-01,-3.119314461946487e-02,-2.545555867254734e-02
1609043861463700466,0,1609043861463700466,1.092349410057068e+00,-1.152807831764221e+00,5.762268543243408e+00,8.180519938468933e-01,5.728150606155396e-01,-3.934007883071899e-02,-3.356108814477921e-02
1609043861570669044,0,1609043861570669044,1.030204892158508e+00,-1.114635586738586e+00,5.791596412658691e+00,8.178587555885315e-01,5.725590586662292e-01,-4.407609999179840e-02,-3.661403805017471e-02
1609043861672501683,0,1609043861672501683,9.797595143318176e-01,-1.076436996459961e+00,5.813246250152588e+00,8.178277015686035e-01,5.727199316024780e-01,-4.098734259605408e-02,-3.833793103694916e-02
1609043861774490120,0,1609043861774490120,9.389333128929138e-01,-1.036288976669312e+00,5.805014610290527e+00,8.180105090141296e-01,5.729890465736389e-01,-2.564967237412930e-02,-4.340925067663193e-02
1609043861877080690,0,1609043861877080690,9.067255258560181e-01,-1.005241274833679e+00,5.794687271118164e+00,8.181886672973633e-01,5.727454423904419e-01,-1.068843621760607e-02,-4.914863780140877e-02
1609043861984233285,0,1609043861984233285,8.825316429138184e-01,-9.783985018730164e-01,5.805491924285889e+00,8.182011246681213e-01,5.722550153732300e-01,7.304449565708637e-03,-5.493316799402237e-02
1609043862086010861,0,1609043862086010861,8.672276735305786e-01,-9.567465782165527e-01,5.836336135864258e+00,8.181867003440857e-01,5.714139938354492e-01,2.418838255107403e-02,-5.891989544034004e-02
1609043862182915367,0,1609043862182915367,8.536942601203918e-01,-9.507567286491394e-01,5.876484870910645e+00,8.182832002639771e-01,5.718147754669189e-01,2.120077423751354e-02,-5.469007045030594e-02
1609043862254256278,0,1609043862254256278,8.420171141624451e-01,-9.508610367774963e-01,5.893225669860840e+00,8.186800479888916e-01,5.722611546516418e-01,1.262623257935047e-02,-4.605216160416603e-02
1609043862356054415,0,1609043862356054415,8.250873684883118e-01,-9.631097912788391e-01,5.883893013000488e+00,8.188828825950623e-01,5.726732015609741e-01,7.720232824794948e-04,-3.841485455632210e-02
1609043862452905764,0,1609043862452905764,8.009900450706482e-01,-9.818114042282104e-01,5.824600696563721e+00,8.188062310218811e-01,5.731680989265442e-01,-9.841702878475189e-03,-3.062628209590912e-02
1609043862564706479,0,1609043862564706479,7.750893831253052e-01,-1.020250916481018e+00,5.787231922149658e+00,8.186343312263489e-01,5.734526515007019e-01,-2.062516100704670e-02,-2.376156859099865e-02
1609043862667309413,0,1609043862667309413,7.547845244407654e-01,-1.060947179794312e+00,5.788113117218018e+00,8.185580968856812e-01,5.734761953353882e-01,-2.690286003053188e-02,-1.907834783196449e-02
1609043862769862171,0,1609043862769862171,7.432173490524292e-01,-1.099832653999329e+00,5.787894725799561e+00,8.183013796806335e-01,5.736346244812012e-01,-3.199019655585289e-02,-1.739886403083801e-02
1609043862872300188,0,1609043862872300188,7.321042418479919e-01,-1.139287710189819e+00,5.786552906036377e+00,8.183529376983643e-01,5.734918117523193e-01,-3.367501497268677e-02,-1.648168265819550e-02
1609043862984389920,0,1609043862984389920,7.247481942176819e-01,-1.173743009567261e+00,5.780089855194092e+00,8.182753324508667e-01,5.736169219017029e-01,-3.355042636394501e-02,-1.623658277094364e-02
1609043863081390825,0,1609043863081390825,7.215921282768250e-01,-1.192806839942932e+00,5.774777889251709e+00,8.163826465606689e-01,5.762705802917480e-01,-3.391665220260620e-02,-1.677070744335651e-02
1609043863178073653,0,1609043863178073653,7.248575687408447e-01,-1.211360692977905e+00,5.771337032318115e+00,8.136644959449768e-01,5.801303386688232e-01,-3.309810161590576e-02,-1.741682924330235e-02
1609043863280407243,0,1609043863280407243,7.304191589355469e-01,-1.234338521957397e+00,5.763935089111328e+00,8.096746802330017e-01,5.857030749320984e-01,-3.245409205555916e-02,-1.804197765886784e-02
1609043863351680396,0,1609043863351680396,7.373378872871399e-01,-1.248985409736633e+00,5.757334232330322e+00,8.056829571723938e-01,5.911879539489746e-01,-3.226588666439056e-02,-1.818737387657166e-02
1609043863453420442,0,1609043863453420442,7.484963536262512e-01,-1.266461014747620e+00,5.758234024047852e+00,7.996394038200378e-01,5.994962453842163e-01,-3.004037402570248e-02,-1.669733040034771e-02
1609043863555157908,0,1609043863555157908,7.619789242744446e-01,-1.279627799987793e+00,5.760493278503418e+00,7.935187220573425e-01,6.079193949699402e-01,-2.538360841572285e-02,-1.084747444838285e-02
1609043863662497581,0,1609043863662497581,7.849376201629639e-01,-1.288836479187012e+00,5.748136997222900e+00,7.872784733772278e-01,6.161404252052307e-01,-2.236589789390564e-02,-7.959731854498386e-03
1609043863769556395,0,1609043863769556395,8.088141679763794e-01,-1.301799893379211e+00,5.736862182617188e+00,7.811993360519409e-01,6.239342689514160e-01,-1.990942843258381e-02,-6.105886772274971e-03
1609043863876351068,0,1609043863876351068,8.290107250213623e-01,-1.316323161125183e+00,5.734023094177246e+00,7.753363251686096e-01,6.312059760093689e-01,-1.971713453531265e-02,-6.630042102187872e-03
1609043863967971714,0,1609043863967971714,8.494097590446472e-01,-1.319612503051758e+00,5.726851940155029e+00,7.697126865386963e-01,6.380177736282349e-01,-2.041382901370525e-02,-7.692342158406973e-03
1609043864072055023,0,1609043864072055023,8.687953352928162e-01,-1.324162244796753e+00,5.740483283996582e+00,7.635564804077148e-01,6.453676223754883e-01,-2.059510163962841e-02,-7.620006334036589e-03
1609043864181295623,0,1609043864181295623,8.886292576789856e-01,-1.322664976119995e+00,5.751183509826660e+00,7.570939660072327e-01,6.529677510261536e-01,-1.993175782263279e-02,-6.685869302600622e-03
1609043864283201528,0,1609043864283201528,9.082659482955933e-01,-1.322235107421875e+00,5.750857830047607e+00,7.510380148887634e-01,6.599530577659607e-01,-1.918557286262512e-02,-5.987075623124838e-03
1609043864379851127,0,1609043864379851127,9.270159006118774e-01,-1.320704340934753e+00,5.743173599243164e+00,7.450718283653259e-01,6.667869687080383e-01,-1.592391356825829e-02,-3.091277321800590e-03
1609043864456159385,0,1609043864456159385,9.424724578857422e-01,-1.321110248565674e+00,5.733099460601807e+00,7.404123544692993e-01,6.719902753829956e-01,-1.468060351908207e-02,-1.738816965371370e-03
1609043864552931578,0,1609043864552931578,9.629533886909485e-01,-1.315653800964355e+00,5.728829860687256e+00,7.342391610145569e-01,6.787979602813721e-01,-1.122321933507919e-02,5.283184582367539e-04
1609043864659788329,0,1609043864659788329,9.878612160682678e-01,-1.314117431640625e+00,5.708621501922607e+00,7.285863757133484e-01,6.849001646041870e-01,-8.253583684563637e-03,-2.343960106372833e-03
1609043864761634810,0,1609043864761634810,1.005338549613953e+00,-1.309662938117981e+00,5.702060222625732e+00,7.239808440208435e-01,6.897738575935364e-01,-5.951624363660812e-03,-5.327507387846708e-03
1609043864868537631,0,1609043864868537631,1.022308826446533e+00,-1.297215461730957e+00,5.707161903381348e+00,7.199754118919373e-01,6.939490437507629e-01,2.578866842668504e-04,-8.375690318644047e-03
1609043864970907498,0,1609043864970907498,1.028546094894409e+00,-1.291513919830322e+00,5.689159393310547e+00,7.165274620056152e-01,6.974730491638184e-01,4.649702925235033e-03,-9.906002320349216e-03
1609043865078071110,0,1609043865078071110,1.034781813621521e+00,-1.285588622093201e+00,5.700871467590332e+00,7.127733826637268e-01,7.013106346130371e-01,6.649728398770094e-03,-8.563288487493992e-03
1609043865179866854,0,1609043865179866854,1.039824485778809e+00,-1.276058793067932e+00,5.701687335968018e+00,7.092363834381104e-01,7.048928141593933e-01,7.793886587023735e-03,-7.011954672634602e-03
1609043865281730963,0,1609043865281730963,1.034960031509399e+00,-1.274114608764648e+00,5.687120914459229e+00,7.054401040077209e-01,7.087339758872986e-01,4.965037107467651e-03,-5.084909964352846e-03
1609043865384568319,0,1609043865384568319,1.046911835670471e+00,-1.275303959846497e+00,5.684639453887939e+00,7.015041112899780e-01,7.126399278640747e-01,4.936581244692206e-04,-6.026991643011570e-03
1609043865484653916,0,1609043865484653916,1.040578007698059e+00,-1.272412657737732e+00,5.682081222534180e+00,6.972982883453369e-01,7.167680263519287e-01,-1.698197796940804e-03,-3.966681193560362e-03
1609043865555881556,0,1609043865555881556,1.030135154724121e+00,-1.277663946151733e+00,5.676646232604980e+00,6.936838030815125e-01,7.202458381652832e-01,-5.413757637143135e-03,-4.405247047543526e-03
1609043865658870312,0,1609043865658870312,1.014980673789978e+00,-1.288322448730469e+00,5.670697212219238e+00,6.887096762657166e-01,7.249522805213928e-01,-9.443829767405987e-03,-5.831051152199507e-03
1609043865760923642,0,1609043865760923642,9.998623728752136e-01,-1.285528898239136e+00,5.667283058166504e+00,6.830992698669434e-01,7.301938533782959e-01,-1.209044549614191e-02,-6.794563494622707e-03
1609043865862627926,0,1609043865862627926,9.802468419075012e-01,-1.283874511718750e+00,5.667609214782715e+00,6.776669621467590e-01,7.352242469787598e-01,-1.251053158193827e-02,-7.501911837607622e-03
1609043865964494033,0,1609043865964494033,9.602594375610352e-01,-1.289739012718201e+00,5.657268047332764e+00,6.724956035614014e-01,7.399671673774719e-01,-1.230629906058311e-02,-6.835417356342077e-03
1609043866071303967,0,1609043866071303967,9.440463781356812e-01,-1.288469076156616e+00,5.655026912689209e+00,6.679034829139709e-01,7.441504597663879e-01,-1.044216938316822e-02,-6.014415994286537e-03
1609043866178132540,0,1609043866178132540,9.269995689392090e-01,-1.278046607971191e+00,5.670822620391846e+00,6.636505126953125e-01,7.480103373527527e-01,-6.563290953636169e-03,-2.322918502613902e-03
1609043866271060108,0,1609043866271060108,9.122945666313171e-01,-1.271884679794312e+00,5.665147781372070e+00,6.603146791458130e-01,7.509671449661255e-01,-5.549198482185602e-03,-1.484724693000317e-03
1609043866372876997,0,1609043866372876997,8.965841531753540e-01,-1.258627653121948e+00,5.657680511474609e+00,6.571092009544373e-01,7.537865042686462e-01,-3.566891420632601e-03,-8.401303202845156e-04
1609043866479872401,0,1609043866479872401,8.752294778823853e-01,-1.247804760932922e+00,5.660431861877441e+00,6.541821360588074e-01,7.563334107398987e-01,-2.327633788809180e-03,-1.998356310650706e-04
1609043866582227825,0,1609043866582227825,8.512620925903320e-01,-1.236709594726562e+00,5.662158966064453e+00,6.514273881912231e-01,7.587099671363831e-01,-4.316949343774468e-04,-1.206756103783846e-03
1609043866648459728,0,1609043866648459728,8.318368196487427e-01,-1.229511141777039e+00,5.650950431823730e+00,6.497571468353271e-01,7.601196765899658e-01,-2.578771440312266e-03,-5.200380459427834e-03
1609043866760697278,0,1609043866760697278,7.973844408988953e-01,-1.220044612884521e+00,5.661079406738281e+00,6.474552154541016e-01,7.619684934616089e-01,-7.046207319945097e-03,-1.249134261161089e-02
1609043866857358331,0,1609043866857358331,7.646432518959045e-01,-1.209487795829773e+00,5.690134048461914e+00,6.454598307609558e-01,7.634680271148682e-01,-8.111418224871159e-03,-2.079687081277370e-02
1609043866969500144,0,1609043866969500144,7.236102223396301e-01,-1.203687310218811e+00,5.690544128417969e+00,6.437173485755920e-01,7.647479176521301e-01,-1.048449613153934e-02,-2.605237625539303e-02
1609043867071388473,0,1609043867071388473,6.838210821151733e-01,-1.197762966156006e+00,5.696491241455078e+00,6.421966552734375e-01,7.658787369728088e-01,-1.516116224229336e-02,-2.799018658697605e-02
1609043867168173791,0,1609043867168173791,6.520583629608154e-01,-1.182328224182129e+00,5.704468250274658e+00,6.405969858169556e-01,7.670857906341553e-01,-1.643273606896400e-02,-3.073677420616150e-02
1609043867272139847,0,1609043867272139847,6.277568936347961e-01,-1.178903937339783e+00,5.690249919891357e+00,6.395779252052307e-01,7.679167985916138e-01,-1.750387437641621e-02,-3.061833791434765e-02
1609043867374121517,0,1609043867374121517,6.072107553482056e-01,-1.172757029533386e+00,5.693439483642578e+00,6.378989815711975e-01,7.692845463752747e-01,-1.981825381517410e-02,-2.989158779382706e-02
1609043867481154720,0,1609043867481154720,5.873016119003296e-01,-1.163428664207458e+00,5.695595264434814e+00,6.351266503334045e-01,7.715841531753540e-01,-2.208369225263596e-02,-2.800740860402584e-02
1609043867583022445,0,1609043867583022445,5.720114707946777e-01,-1.165448069572449e+00,5.696656703948975e+00,6.322000622749329e-01,7.740011215209961e-01,-2.387767471373081e-02,-2.598550170660019e-02
1609043867685399895,0,1609043867685399895,5.659743547439575e-01,-1.164986491203308e+00,5.700595378875732e+00,6.285513639450073e-01,7.770162820816040e-01,-2.331055700778961e-02,-2.501112595200539e-02
1609043867756853440,0,1609043867756853440,5.579242706298828e-01,-1.164754390716553e+00,5.699615478515625e+00,6.249384880065918e-01,7.800047397613525e-01,-2.253351919353008e-02,-2.316557615995407e-02
1609043867858868721,0,1609043867858868721,5.524793267250061e-01,-1.162930607795715e+00,5.699513435363770e+00,6.198393106460571e-01,7.841727733612061e-01,-2.025405876338482e-02,-2.149608358740807e-02
1609043867965870164,0,1609043867965870164,5.500023365020752e-01,-1.156479954719543e+00,5.696907997131348e+00,6.133699417114258e-01,7.893312573432922e-01,-1.704666204750538e-02,-2.104771882295609e-02
1609043868067735639,0,1609043868067735639,5.487979054450989e-01,-1.161286950111389e+00,5.685761451721191e+00,6.074936985969543e-01,7.939733862876892e-01,-1.564539037644863e-02,-1.768773794174194e-02
1609043868164543401,0,1609043868164543401,5.527679920196533e-01,-1.156671524047852e+00,5.694356918334961e+00,6.017268896102905e-01,7.984614372253418e-01,-1.265183091163635e-02,-1.496865134686232e-02
1609043868271514911,0,1609043868271514911,5.541514158248901e-01,-1.149127602577209e+00,5.698194503784180e+00,5.953661799430847e-01,8.033030629158020e-01,-1.033183839172125e-02,-1.168288290500641e-02
1609043868368938256,0,1609043868368938256,5.576881766319275e-01,-1.146327733993530e+00,5.703424930572510e+00,5.899509191513062e-01,8.073470592498779e-01,-8.471283130347729e-03,-8.768521249294281e-03
1609043868480993968,0,1609043868480993968,5.557944774627686e-01,-1.137795805931091e+00,5.710574150085449e+00,5.835347771644592e-01,8.120478391647339e-01,-6.182259880006313e-03,-5.231470335274935e-03
1609043868577857356,0,1609043868577857356,5.532622337341309e-01,-1.127286434173584e+00,5.718939781188965e+00,5.777398347854614e-01,8.162126541137695e-01,-2.752157626673579e-03,-2.489753765985370e-03
1609043868679755632,0,1609043868679755632,5.486849546432495e-01,-1.118633031845093e+00,5.709773063659668e+00,5.716596245765686e-01,8.204907774925232e-01,-2.958141849376261e-04,-1.998873194679618e-04
1609043868786906952,0,1609043868786906952,5.429802536964417e-01,-1.112695455551147e+00,5.709047317504883e+00,5.657196640968323e-01,8.245966434478760e-01,5.020051030442119e-04,1.197135774418712e-03
1609043868853133025,0,1609043868853133025,5.321014523506165e-01,-1.107018470764160e+00,5.708908557891846e+00,5.612506866455078e-01,8.276408314704895e-01,1.850910019129515e-03,2.181013114750385e-03
1609043868961397967,0,1609043868961397967,5.099897980690002e-01,-1.096094965934753e+00,5.720090389251709e+00,5.548057556152344e-01,8.319440484046936e-01,5.813501775264740e-03,5.096150562167168e-03
1609043869063237826,0,1609043869063237826,4.870575666427612e-01,-1.091610312461853e+00,5.715577125549316e+00,5.498227477073669e-01,8.352198004722595e-01,8.780507370829582e-03,5.072620697319508e-03
1609043869165244506,0,1609043869165244506,4.596173167228699e-01,-1.092532515525818e+00,5.692910194396973e+00,5.465626120567322e-01,8.373469710350037e-01,9.866748005151749e-03,4.686666186898947e-03
1609043869272171676,0,1609043869272171676,4.264414608478546e-01,-1.088672757148743e+00,5.655157566070557e+00,5.441724061965942e-01,8.389645814895630e-01,3.601540345698595e-03,1.380711211822927e-03
1609043869374571376,0,1609043869374571376,3.927117586135864e-01,-1.075900435447693e+00,5.666064262390137e+00,5.426462292671204e-01,8.399590253829956e-01,-9.274493786506355e-04,-1.724811736494303e-03
1609043869471261092,0,1609043869471261092,3.476974070072174e-01,-1.066296935081482e+00,5.662627220153809e+00,5.409628152847290e-01,8.409863114356995e-01,-8.486543782055378e-03,-5.406791809946299e-03
1609043869568083141,0,1609043869568083141,2.985089719295502e-01,-1.054231286048889e+00,5.667392253875732e+00,5.382258892059326e-01,8.425762653350830e-01,-1.664922200143337e-02,-1.004793867468834e-02
1609043869672059704,0,1609043869672059704,2.454903572797775e-01,-1.047385215759277e+00,5.683710098266602e+00,5.349934101104736e-01,8.444920182228088e-01,-2.054830640554428e-02,-1.389540918171406e-02
1609043869774633491,0,1609043869774633491,1.972412616014481e-01,-1.039034008979797e+00,5.685856342315674e+00,5.301089882850647e-01,8.474110364913940e-01,-2.226536162197590e-02,-1.958018913865089e-02
1609043869887198009,0,1609043869887198009,1.495410799980164e-01,-1.027164936065674e+00,5.681488990783691e+00,5.228564739227295e-01,8.516941666603088e-01,-2.185859344899654e-02,-2.757616154849529e-02
1609043869958630778,0,1609043869958630778,1.204656586050987e-01,-1.026794433593750e+00,5.670855522155762e+00,5.178943276405334e-01,8.546451330184937e-01,-2.119519747793674e-02,-3.029838949441910e-02
1609043870055450744,0,1609043870055450744,8.359789848327637e-02,-1.026051759719849e+00,5.638011932373047e+00,5.110869407653809e-01,8.586680293083191e-01,-2.261153422296047e-02,-3.111507371068001e-02
1609043870162125807,0,1609043870162125807,4.721780866384506e-02,-1.011512279510498e+00,5.639338970184326e+00,5.035637617111206e-01,8.631142973899841e-01,-2.464201487600803e-02,-2.915698476135731e-02
1609043870264694039,0,1609043870264694039,2.872146107256413e-02,-9.920081496238708e-01,5.672082901000977e+00,4.966196119785309e-01,8.672764301300049e-01,-2.318543568253517e-02,-2.575210295617580e-02
1609043870364043337,0,1609043870364043337,1.062451209872961e-02,-9.735517501831055e-01,5.704055786132812e+00,4.898383021354675e-01,8.713435530662537e-01,-1.974976249039173e-02,-2.070999890565872e-02
1609043870470833456,0,1609043870470833456,-4.883275367319584e-03,-9.565247297286987e-01,5.716783523559570e+00,4.826183915138245e-01,8.754439353942871e-01,-1.626394502818584e-02,-2.032024040818214e-02
1609043870578655514,0,1609043870578655514,-7.027705200016499e-03,-9.541103839874268e-01,5.708335876464844e+00,4.763748943805695e-01,8.786839246749878e-01,-1.625232212245464e-02,-2.678637206554413e-02
1609043870675340055,0,1609043870675340055,-1.259738020598888e-02,-9.388166069984436e-01,5.710778236389160e+00,4.706623554229736e-01,8.816439509391785e-01,-1.441948022693396e-02,-3.119172900915146e-02
1609043870777243301,0,1609043870777243301,-2.596906572580338e-02,-9.167596697807312e-01,5.703942775726318e+00,4.647237658500671e-01,8.846393227577209e-01,-1.330598816275597e-02,-3.560950979590416e-02
1609043870884208295,0,1609043870884208295,-3.177523240447044e-02,-8.918614387512207e-01,5.715453624725342e+00,4.588710069656372e-01,8.875745534896851e-01,-9.500955231487751e-03,-3.947772830724716e-02
1609043870987163427,0,1609043870987163427,-2.865446731448174e-02,-8.740954995155334e-01,5.718769073486328e+00,4.546804130077362e-01,8.897081613540649e-01,-4.073116462677717e-03,-4.084702208638191e-02
1609043871048385702,0,1609043871048385702,-2.885563299059868e-02,-8.658873438835144e-01,5.712376117706299e+00,4.526748955249786e-01,8.908631205558777e-01,1.593203342054039e-04,-3.805662691593170e-02
1609043871160371772,0,1609043871160371772,-2.323546446859837e-02,-8.463392257690430e-01,5.704980850219727e+00,4.497285187244415e-01,8.925555944442749e-01,8.426460437476635e-03,-3.190328925848007e-02
1609043871262161472,0,1609043871262161472,-1.434249430894852e-02,-8.354882001876831e-01,5.698080062866211e+00,4.482543766498566e-01,8.934501409530640e-01,1.475966349244118e-02,-2.443415112793446e-02
1609043871364092090,0,1609043871364092090,1.172891352325678e-03,-8.291774392127991e-01,5.702836513519287e+00,4.473273158073425e-01,8.940026164054871e-01,1.963604614138603e-02,-1.649356447160244e-02
1609043871465904921,0,1609043871465904921,1.457315683364868e-02,-8.331978321075439e-01,5.684445381164551e+00,4.466934800148010e-01,8.943775296211243e-01,2.151609770953655e-02,-9.534723125398159e-03
1609043871562621561,0,1609043871562621561,2.552402764558792e-02,-8.412567377090454e-01,5.704513072967529e+00,4.465369880199432e-01,8.944387435913086e-01,2.393129281699657e-02,-3.370094113051891e-03
1609043871674720397,0,1609043871674720397,3.082390688359737e-02,-8.551372289657593e-01,5.712764739990234e+00,4.462266564369202e-01,8.945854902267456e-01,2.444441430270672e-02,1.088270451873541e-03
1609043871778399481,0,1609043871778399481,2.819674089550972e-02,-8.767008781433105e-01,5.714645862579346e+00,4.462650418281555e-01,8.945730924606323e-01,2.388217300176620e-02,4.022064153105021e-03
1609043871880260346,0,1609043871880260346,1.479096431285143e-02,-9.033094048500061e-01,5.724534988403320e+00,4.461584985256195e-01,8.945587873458862e-01,2.567228488624096e-02,6.942378822714090e-03
1609043871979761986,0,1609043871979761986,-2.044117543846369e-03,-9.298184514045715e-01,5.701903820037842e+00,4.461899399757385e-01,8.945572376251221e-01,2.471799962222576e-02,8.425801061093807e-03
1609043872087055283,0,1609043872087055283,-3.036900982260704e-02,-9.634454250335693e-01,5.694719314575195e+00,4.462149739265442e-01,8.945729732513428e-01,2.342387475073338e-02,9.091101586818695e-03
1609043872148211326,0,1609043872148211326,-5.399878323078156e-02,-9.853046536445618e-01,5.697014808654785e+00,4.460983574390411e-01,8.946275115013123e-01,2.328030392527580e-02,9.803466498851776e-03
1609043872260282175,0,1609043872260282175,-1.011169254779816e-01,-1.029858589172363e+00,5.689188957214355e+00,4.462186992168427e-01,8.946364521980286e-01,2.068712934851646e-02,9.301428683102131e-03
1609043872362909077,0,1609043872362909077,-1.542807668447495e-01,-1.069325089454651e+00,5.698837757110596e+00,4.462183415889740e-01,8.946594595909119e-01,1.950187981128693e-02,9.660869836807251e-03
1609043872465712507,0,1609043872465712507,-2.093635797500610e-01,-1.107003092765808e+00,5.694967269897461e+00,4.459155201911926e-01,8.948414325714111e-01,1.822647638618946e-02,9.266316890716553e-03
1609043872573181145,0,1609043872573181145,-2.718074619770050e-01,-1.150020837783813e+00,5.696011066436768e+00,4.460712373256683e-01,8.948001265525818e-01,1.665788330137730e-02,8.704445324838161e-03
1609043872675027281,0,1609043872675027281,-3.392587006092072e-01,-1.190955281257629e+00,5.690062046051025e+00,4.459019899368286e-01,8.949323296546936e-01,1.452054362744093e-02,7.529898546636105e-03
1609043872776993473,0,1609043872776993473,-4.094717502593994e-01,-1.239124536514282e+00,5.651066780090332e+00,4.461881518363953e-01,8.949285149574280e-01,3.970636054873466e-03,1.840159296989441e-03
1609043872878836962,0,1609043872878836962,-4.829944074153900e-01,-1.278713941574097e+00,5.660707473754883e+00,4.462072849273682e-01,8.949205279350281e-01,-3.725572722032666e-03,-1.588076353073120e-03
1609043872979707149,0,1609043872979707149,-5.661556720733643e-01,-1.320279598236084e+00,5.706758022308350e+00,4.461768865585327e-01,8.948784470558167e-01,-9.965023025870323e-03,-4.418517928570509e-03
1609043873086657901,0,1609043873086657901,-6.541053652763367e-01,-1.365626931190491e+00,5.708800792694092e+00,4.460574686527252e-01,8.948225975036621e-01,-1.629624702036381e-02,-7.731739897280931e-03
1609043873184436744,0,1609043873184436744,-7.381715774536133e-01,-1.408604383468628e+00,5.701307773590088e+00,4.458851814270020e-01,8.947933316230774e-01,-2.095002867281437e-02,-9.608506225049496e-03
1609043873260870486,0,1609043873260870486,-8.079075813293457e-01,-1.440472126007080e+00,5.692537784576416e+00,4.456737935543060e-01,8.948811888694763e-01,-2.179783396422863e-02,-9.352284483611584e-03
1609043873357570749,0,1609043873357570749,-8.951573967933655e-01,-1.475116372108459e+00,5.690374374389648e+00,4.455372095108032e-01,8.949998021125793e-01,-1.988811977207661e-02,-8.746798150241375e-03
1609043873460477599,0,1609043873460477599,-9.753167033195496e-01,-1.510113716125488e+00,5.665591239929199e+00,4.457100331783295e-01,8.948891162872314e-01,-2.054597623646259e-02,-9.699594229459763e-03
1609043873563984241,0,1609043873563984241,-1.053379297256470e+00,-1.533686280250549e+00,5.677978515625000e+00,4.456392526626587e-01,8.949672579765320e-01,-1.909049600362778e-02,-8.653987199068069e-03
1609043873668066993,0,1609043873668066993,-1.128449559211731e+00,-1.555670619010925e+00,5.683264732360840e+00,4.457218945026398e-01,8.949689865112305e-01,-1.728788390755653e-02,-7.977372966706753e-03
1609043873766337566,0,1609043873766337566,-1.200122475624084e+00,-1.575313448905945e+00,5.674815654754639e+00,4.455136358737946e-01,8.950757384300232e-01,-1.711445301771164e-02,-8.007922209799290e-03
1609043873873376511,0,1609043873873376511,-1.270962595939636e+00,-1.595082879066467e+00,5.670961856842041e+00,4.455873668193817e-01,8.950316309928894e-01,-1.748147234320641e-02,-8.048006333410740e-03
1609043873970119676,0,1609043873970119676,-1.338193416595459e+00,-1.607024312019348e+00,5.666646003723145e+00,4.457199573516846e-01,8.949443101882935e-01,-1.828273013234138e-02,-8.610043674707413e-03
1609043874077129732,0,1609043874077129732,-1.407326459884644e+00,-1.614117264747620e+00,5.694062232971191e+00,4.458515346050262e-01,8.948991298675537e-01,-1.578687131404877e-02,-1.107804477214813e-02
1609043874179713246,0,1609043874179713246,-1.483856916427612e+00,-1.624354958534241e+00,5.682300567626953e+00,4.455718100070953e-01,8.951014280319214e-01,-1.329555641859770e-02,-9.078291244804859e-03
1609043874287108490,0,1609043874287108490,-1.559217572212219e+00,-1.639772534370422e+00,5.634165287017822e+00,4.458231329917908e-01,8.949280977249146e-01,-1.567777059972286e-02,-9.982673451304436e-03
1609043874354980239,0,1609043874354980239,-1.609984874725342e+00,-1.643385648727417e+00,5.636986732482910e+00,4.460994601249695e-01,8.947912454605103e-01,-1.583883166313171e-02,-9.652933105826378e-03
1609043874464343208,0,1609043874464343208,-1.686604738235474e+00,-1.646047949790955e+00,5.641074180603027e+00,4.462082684040070e-01,8.946750760078430e-01,-1.839394867420197e-02,-1.078501436859369e-02
1609043874558266037,0,1609043874558266037,-1.753194451332092e+00,-1.645559310913086e+00,5.660838127136230e+00,4.461923837661743e-01,8.946475386619568e-01,-2.006232738494873e-02,-1.075747609138489e-02
1609043874666435195,0,1609043874666435195,-1.826945304870605e+00,-1.644700288772583e+00,5.671589851379395e+00,4.462526440620422e-01,8.945828676223755e-01,-2.102252468466759e-02,-1.174883265048265e-02
1609043874773697934,0,1609043874773697934,-1.895284056663513e+00,-1.637887835502625e+00,5.710772514343262e+00,4.462327659130096e-01,8.945403695106506e-01,-1.989297941327095e-02,-1.667649298906326e-02
1609043874870507318,0,1609043874870507318,-1.957896113395691e+00,-1.635570526123047e+00,5.698219776153564e+00,4.464544653892517e-01,8.943492770195007e-01,-1.976980268955231e-02,-2.066073752939701e-02
1609043874979495971,0,1609043874979495971,-2.028593778610229e+00,-1.632615685462952e+00,5.706977844238281e+00,4.467221498489380e-01,8.940978050231934e-01,-1.776594668626785e-02,-2.669864520430565e-02
1609043875071174850,0,1609043875071174850,-2.086459875106812e+00,-1.621380805969238e+00,5.704238414764404e+00,4.466252624988556e-01,8.940092921257019e-01,-1.413434278219938e-02,-3.276482969522476e-02
1609043875173033982,0,1609043875173033982,-2.147994518280029e+00,-1.616236925125122e+00,5.677700996398926e+00,4.466775655746460e-01,8.939168453216553e-01,-1.280610915273428e-02,-3.504339978098869e-02
1609043875275208436,0,1609043875275208436,-2.205708980560303e+00,-1.606018304824829e+00,5.680536270141602e+00,4.467579722404480e-01,8.938620090484619e-01,-1.238060835748911e-02,-3.556457534432411e-02
1609043875387201071,0,1609043875387201071,-2.252185821533203e+00,-1.596719503402710e+00,5.716651439666748e+00,4.469572007656097e-01,8.937451243400574e-01,-1.059767697006464e-02,-3.656166791915894e-02
1609043875458691697,0,1609043875458691697,-2.284712314605713e+00,-1.592235326766968e+00,5.726352214813232e+00,4.468654990196228e-01,8.939543962478638e-01,-7.949233986437321e-03,-3.306926414370537e-02
1609043875561532457,0,1609043875561532457,-2.326210975646973e+00,-1.588261008262634e+00,5.728694915771484e+00,4.468287229537964e-01,8.941215276718140e-01,-6.406569853425026e-03,-2.915290929377079e-02
1609043875653142833,0,1609043875653142833,-2.351824760437012e+00,-1.585761547088623e+00,5.781661033630371e+00,4.469779729843140e-01,8.940023779869080e-01,-3.678858513012528e-03,-3.093694895505905e-02
1609043875770462765,0,1609043875770462765,-2.387923479080200e+00,-1.591517329216003e+00,5.789590358734131e+00,4.469982087612152e-01,8.940128684043884e-01,1.419055392034352e-03,-3.052448108792305e-02
1609043875868300751,0,1609043875868300751,-2.413786649703979e+00,-1.580907344818115e+00,5.845085144042969e+00,4.467957019805908e-01,8.938635587692261e-01,1.363364513963461e-02,-3.458048403263092e-02
1609043875970204560,0,1609043875970204560,-2.439785003662109e+00,-1.600950479507446e+00,5.839870929718018e+00,4.472385346889496e-01,8.930664658546448e-01,2.704499103128910e-02,-4.096900299191475e-02
1609043876077515301,0,1609043876077515301,-2.470761299133301e+00,-1.617665171623230e+00,5.785675048828125e+00,4.467413425445557e-01,8.924189209938049e-01,4.366238415241241e-02,-4.587287828326225e-02
1609043876174275930,0,1609043876174275930,-2.489569187164307e+00,-1.637093424797058e+00,5.757932186126709e+00,4.467625021934509e-01,8.914981484413147e-01,5.483648926019669e-02,-5.125860869884491e-02
1609043876276390668,0,1609043876276390668,-2.511688947677612e+00,-1.671493411064148e+00,5.724966049194336e+00,4.467411637306213e-01,8.911263942718506e-01,5.896788462996483e-02,-5.328175053000450e-02
1609043876383606626,0,1609043876383606626,-2.539294004440308e+00,-1.719257712364197e+00,5.697706699371338e+00,4.465545415878296e-01,8.916603922843933e-01,5.707604438066483e-02,-4.767599701881409e-02
1609043876485569362,0,1609043876485569362,-2.559498548507690e+00,-1.790247082710266e+00,5.714671134948730e+00,4.470662474632263e-01,8.919858932495117e-01,5.272723361849785e-02,-4.138567671179771e-02
1609043876556854166,0,1609043876556854166,-2.574775934219360e+00,-1.856428980827332e+00,5.731362819671631e+00,4.473387002944946e-01,8.925332427024841e-01,4.569338634610176e-02,-3.441892936825752e-02
1609043876648929314,0,1609043876648929314,-2.594673871994019e+00,-1.959602236747742e+00,5.700542926788330e+00,4.475618004798889e-01,8.934444189071655e-01,2.387676946818829e-02,-2.958718314766884e-02
1609043876766023994,0,1609043876766023994,-2.621831178665161e+00,-2.088834762573242e+00,5.792793750762939e+00,4.476878643035889e-01,8.938436508178711e-01,1.003835536539555e-02,-2.276872284710407e-02
1609043876867759603,0,1609043876867759603,-2.655428886413574e+00,-2.227296352386475e+00,5.705592632293701e+00,4.478011727333069e-01,8.939229249954224e-01,-1.239160913974047e-02,-1.491394639015198e-02
1609043876969768880,0,1609043876969768880,-2.673857688903809e+00,-2.335053920745850e+00,5.792285919189453e+00,4.475212693214417e-01,8.938951492309570e-01,-2.318508177995682e-02,-1.177055388689041e-02
1609043877076585264,0,1609043877076585264,-2.697566747665405e+00,-2.445475578308105e+00,5.802917480468750e+00,4.471501111984253e-01,8.938649296760559e-01,-3.141797333955765e-02,-8.670737966895103e-03
1609043877178595201,0,1609043877178595201,-2.727527379989624e+00,-2.556781291961670e+00,5.743049144744873e+00,4.467456042766571e-01,8.937495946884155e-01,-3.961875662207603e-02,-7.780859246850014e-03
1609043877275243900,0,1609043877275243900,-2.752220153808594e+00,-2.648556232452393e+00,5.727147102355957e+00,4.464810192584991e-01,8.937991261482239e-01,-4.161562025547028e-02,-6.789256818592548e-03
1609043877377006119,0,1609043877377006119,-2.775024652481079e+00,-2.727769613265991e+00,5.715473175048828e+00,4.463126659393311e-01,8.941339850425720e-01,-3.600191324949265e-02,-5.772652104496956e-03
1609043877479369438,0,1609043877479369438,-2.796587944030762e+00,-2.800945758819580e+00,5.691476821899414e+00,4.465712308883667e-01,8.942708969116211e-01,-2.896505594253540e-02,-3.838475793600082e-03
1609043877581933734,0,1609043877581933734,-2.817013263702393e+00,-2.867085218429565e+00,5.652091026306152e+00,4.465196728706360e-01,8.945151567459106e-01,-2.124840393662453e-02,-3.365133656188846e-03
1609043877654478113,0,1609043877654478113,-2.830579280853271e+00,-2.913841962814331e+00,5.645035743713379e+00,4.464905858039856e-01,8.947016596794128e-01,-1.242080889642239e-02,-8.929701289162040e-04
1609043877756245846,0,1609043877756245846,-2.850861549377441e+00,-2.972706556320190e+00,5.618268966674805e+00,4.467447996139526e-01,8.946539163589478e-01,-3.532678820192814e-03,9.762121480889618e-04
1609043877863228008,0,1609043877863228008,-2.878940582275391e+00,-3.032841205596924e+00,5.612436771392822e+00,4.470086395740509e-01,8.945121765136719e-01,4.605790600180626e-03,3.176301019266248e-03
1609043877959882596,0,1609043877959882596,-2.901185750961304e+00,-3.086332321166992e+00,5.584163188934326e+00,4.472062587738037e-01,8.943883180618286e-01,8.229231461882591e-03,2.873433986678720e-03
1609043878066696553,0,1609043878066696553,-2.929003000259399e+00,-3.143141508102417e+00,5.586103916168213e+00,4.474502503871918e-01,8.942681550979614e-01,8.318906649947166e-03,1.899841357953846e-03
1609043878168653181,0,1609043878168653181,-2.965788602828979e+00,-3.197372436523438e+00,5.597956657409668e+00,4.477047324180603e-01,8.941504359245300e-01,7.421450223773718e-03,5.897271912544966e-04
1609043878270454511,0,1609043878270454511,-3.012030363082886e+00,-3.253986597061157e+00,5.600932598114014e+00,4.476560950279236e-01,8.941978812217712e-01,3.619211027398705e-03,-9.948144434019923e-04
1609043878373000748,0,1609043878373000748,-3.059725522994995e+00,-3.313195466995239e+00,5.608772277832031e+00,4.477288424968719e-01,8.941603899002075e-01,-1.210952643305063e-03,-3.831584472209215e-03
1609043878484507323,0,1609043878484507323,-3.115591526031494e+00,-3.379515171051025e+00,5.595233917236328e+00,4.479861259460449e-01,8.939245939254761e-01,-1.106128096580505e-02,-9.223001077771187e-03
1609043878581507521,0,1609043878581507521,-3.165155887603760e+00,-3.436371564865112e+00,5.620426654815674e+00,4.480476081371307e-01,8.937637209892273e-01,-1.684543490409851e-02,-1.248497888445854e-02
1609043878678322115,0,1609043878678322115,-3.219781637191772e+00,-3.488999366760254e+00,5.637321949005127e+00,4.481675922870636e-01,8.935693502426147e-01,-2.184950001537800e-02,-1.422371063381433e-02
1609043878759730783,0,1609043878759730783,-3.266572475433350e+00,-3.537307024002075e+00,5.639486789703369e+00,4.482379555702209e-01,8.934105634689331e-01,-2.509984560310841e-02,-1.644461415708065e-02
1609043878856602402,0,1609043878856602402,-3.317833185195923e+00,-3.595761060714722e+00,5.647516727447510e+00,4.482088387012482e-01,8.932650089263916e-01,-2.886029705405235e-02,-1.880824193358421e-02
1609043878963570221,0,1609043878963570221,-3.366853952407837e+00,-3.646528482437134e+00,5.648952960968018e+00,4.478853344917297e-01,8.935137391090393e-01,-2.814567461609840e-02,-1.548549253493547e-02
1609043879065372255,0,1609043879065372255,-3.409931659698486e+00,-3.697353839874268e+00,5.656260013580322e+00,4.480429589748383e-01,8.933238387107849e-01,-3.111204318702221e-02,-1.619563624262810e-02
1609043879167362510,0,1609043879167362510,-3.449941158294678e+00,-3.733495473861694e+00,5.672236919403076e+00,4.478717148303986e-01,8.935240507125854e-01,-2.884870208799839e-02,-1.390755828469992e-02
1609043879270675202,0,1609043879270675202,-3.483801603317261e+00,-3.767597436904907e+00,5.680612564086914e+00,4.478899836540222e-01,8.935770988464355e-01,-2.757757157087326e-02,-1.241799816489220e-02
1609043879372674123,0,1609043879372674123,-3.513497114181519e+00,-3.796653270721436e+00,5.691057682037354e+00,4.479024708271027e-01,8.936083912849426e-01,-2.675614692270756e-02,-1.147297583520412e-02
1609043879475147470,0,1609043879475147470,-3.543967723846436e+00,-3.819032430648804e+00,5.701508522033691e+00,4.476602077484131e-01,8.937565684318542e-01,-2.602538280189037e-02,-1.105044130235910e-02
1609043879572289616,0,1609043879572289616,-3.571370840072632e+00,-3.838080167770386e+00,5.711698532104492e+00,4.480515420436859e-01,8.936107754707336e-01,-2.430302277207375e-02,-1.091488543897867e-02
1609043879684322521,0,1609043879684322521,-3.602003812789917e+00,-3.855457544326782e+00,5.743032932281494e+00,4.480871856212616e-01,8.936332464218140e-01,-1.909683272242546e-02,-1.651800237596035e-02
1609043879786298218,0,1609043879786298218,-3.630456924438477e+00,-3.866316556930542e+00,5.730298042297363e+00,4.481109976768494e-01,8.935195803642273e-01,-1.965188607573509e-02,-2.081043459475040e-02
1609043879852479430,0,1609043879852479430,-3.649280309677124e+00,-3.873589992523193e+00,5.747279167175293e+00,4.483616352081299e-01,8.933509588241577e-01,-1.771149225533009e-02,-2.413065731525421e-02
1609043879949514827,0,1609043879949514827,-3.686492443084717e+00,-3.883989095687866e+00,5.747025489807129e+00,4.482563138008118e-01,8.933342695236206e-01,-1.731890998780727e-02,-2.683978155255318e-02
1609043880066734278,0,1609043880066734278,-3.716082811355591e+00,-3.891962289810181e+00,5.769054412841797e+00,4.482332170009613e-01,8.933383226394653e-01,-1.625709794461727e-02,-2.773697674274445e-02
1609043880158356280,0,1609043880158356280,-3.734166383743286e+00,-3.900435209274292e+00,5.778237342834473e+00,4.484231770038605e-01,8.932271003723145e-01,-1.732328347861767e-02,-2.760212682187557e-02
1609043880260096864,0,1609043880260096864,-3.753616333007812e+00,-3.909475564956665e+00,5.777608394622803e+00,4.484935998916626e-01,8.931981325149536e-01,-1.972929388284683e-02,-2.571429125964642e-02
1609043880361856698,0,1609043880361856698,-3.765175580978394e+00,-3.918803453445435e+00,5.806661605834961e+00,4.482137858867645e-01,8.932844400405884e-01,-1.944278180599213e-02,-2.773726545274258e-02
1609043880478892006,0,1609043880478892006,-3.771081447601318e+00,-3.930669069290161e+00,5.834040641784668e+00,4.481929838657379e-01,8.931571841239929e-01,-1.908490061759949e-02,-3.207846730947495e-02
1609043880573394302,0,1609043880573394302,-3.779753446578979e+00,-3.938319683074951e+00,5.831365108489990e+00,4.484559893608093e-01,8.930946588516235e-01,-1.945769600570202e-02,-2.984318695962429e-02
1609043880675991628,0,1609043880675991628,-3.785068750381470e+00,-3.943494558334351e+00,5.831682205200195e+00,4.484657943248749e-01,8.930339217185974e-01,-1.985542662441730e-02,-3.121889941394329e-02
1609043880783533487,0,1609043880783533487,-3.786332130432129e+00,-3.951092958450317e+00,5.837762355804443e+00,4.485912919044495e-01,8.929960727691650e-01,-2.124366536736488e-02,-2.954231388866901e-02
1609043880885339789,0,1609043880885339789,-3.787352085113525e+00,-3.954938650131226e+00,5.838381767272949e+00,4.484157562255859e-01,8.931657075881958e-01,-2.305614575743675e-02,-2.543355524539948e-02
1609043880956646302,0,1609043880956646302,-3.781410694122314e+00,-3.957366704940796e+00,5.840413093566895e+00,4.483892917633057e-01,8.932339549064636e-01,-2.495252527296543e-02,-2.139304764568806e-02
1609043881063558053,0,1609043881063558053,-3.762943267822266e+00,-3.960221290588379e+00,5.868103981018066e+00,4.482946991920471e-01,8.932995796203613e-01,-2.617616951465607e-02,-1.903960667550564e-02
1609043881160307396,0,1609043881160307396,-3.746573209762573e+00,-3.960599660873413e+00,5.874738693237305e+00,4.482996165752411e-01,8.932705521583557e-01,-2.855307608842850e-02,-1.673073694109917e-02
1609043881256985722,0,1609043881256985722,-3.731651067733765e+00,-3.951453685760498e+00,5.900201320648193e+00,4.481776058673859e-01,8.934296965599060e-01,-2.729110792279243e-02,-1.325134560465813e-02
1609043881358933382,0,1609043881358933382,-3.716015100479126e+00,-3.943899154663086e+00,5.904280185699463e+00,4.480993151664734e-01,8.935339450836182e-01,-2.595668286085129e-02,-1.142062991857529e-02
1609043881466221456,0,1609043881466221456,-3.693762540817261e+00,-3.923837661743164e+00,5.954463958740234e+00,4.480339884757996e-01,8.937983512878418e-01,-1.812223158776760e-02,-7.854621857404709e-03
1609043881578752137,0,1609043881578752137,-3.676854133605957e+00,-3.911658525466919e+00,5.932354450225830e+00,4.481132328510284e-01,8.937931060791016e-01,-1.674446836113930e-02,-6.935471203178167e-03
1609043881671403143,0,1609043881671403143,-3.664293766021729e+00,-3.889747142791748e+00,5.971049308776855e+00,4.482073485851288e-01,8.938804268836975e-01,-8.200000040233135e-03,-4.566326737403870e-03
1609043881784325886,0,1609043881784325886,-3.655044794082642e+00,-3.875216484069824e+00,5.956630706787109e+00,4.480442404747009e-01,8.939795494079590e-01,-6.750197615474463e-03,-3.369324607774615e-03
1609043881901410049,0,1609043881901410049,-3.642795324325562e+00,-3.850002050399780e+00,5.956780433654785e+00,4.478998482227325e-01,8.940683603286743e-01,-5.027478560805321e-03,-1.522781443782151e-03
1609043881982643375,0,1609043881982643375,-3.633062124252319e+00,-3.826608657836914e+00,6.001598834991455e+00,4.481283724308014e-01,8.939609527587891e-01,-3.673115279525518e-03,-1.139369211159647e-03
1609043882054351664,0,1609043882054351664,-3.631883144378662e+00,-3.810770273208618e+00,6.026765346527100e+00,4.482712745666504e-01,8.938747644424438e-01,-6.289415527135134e-03,-1.086297444999218e-03
1609043882158551767,0,1609043882158551767,-3.636160135269165e+00,-3.783149719238281e+00,6.069087982177734e+00,4.484653770923615e-01,8.937667012214661e-01,-7.721703499555588e-03,-6.280083325691521e-04
1609043882255590861,0,1609043882255590861,-3.640142202377319e+00,-3.754625320434570e+00,6.100125789642334e+00,4.484993517398834e-01,8.937382698059082e-01,-8.933196775615215e-03,-7.214369252324104e-04
1609043882369103730,0,1609043882369103730,-3.648936986923218e+00,-3.725248575210571e+00,6.133848667144775e+00,4.483640491962433e-01,8.938167691230774e-01,-7.826714776456356e-03,-3.972023478127085e-05
1609043882465866173,0,1609043882465866173,-3.655067682266235e+00,-3.707134246826172e+00,6.170221328735352e+00,4.487096965312958e-01,8.935976028442383e-01,-9.089214727282524e-03,-7.769206538796425e-03
1609043882562616547,0,1609043882562616547,-3.659260749816895e+00,-3.684269666671753e+00,6.235106945037842e+00,4.491604864597321e-01,8.932062387466431e-01,-8.512868545949459e-03,-1.910705305635929e-02
1609043882672525800,0,1609043882672525800,-3.678376197814941e+00,-3.653592348098755e+00,6.249022483825684e+00,4.493417441844940e-01,8.928742408752441e-01,-8.192693814635277e-03,-2.829568274319172e-02
1609043882781489106,0,1609043882781489106,-3.695996046066284e+00,-3.627003192901611e+00,6.291672229766846e+00,4.494951367378235e-01,8.924178481101990e-01,-6.795772816985846e-03,-3.870953246951103e-02
1609043882873516973,0,1609043882873516973,-3.713074684143066e+00,-3.603625059127808e+00,6.308494091033936e+00,4.496956765651703e-01,8.919821381568909e-01,-6.298643071204424e-03,-4.584707692265511e-02
1609043882980399966,0,1609043882980399966,-3.722403049468994e+00,-3.579740524291992e+00,6.321189880371094e+00,4.497836232185364e-01,8.916921615600586e-01,-5.358041729778051e-03,-5.050815269351006e-02
1609043883077679323,0,1609043883077679323,-3.722992420196533e+00,-3.560401678085327e+00,6.340711116790771e+00,4.500789940357208e-01,8.915156722068787e-01,-6.502503994852304e-03,-5.085780471563339e-02
1609043883154019921,0,1609043883154019921,-3.718834161758423e+00,-3.544067859649658e+00,6.364288330078125e+00,4.499598741531372e-01,8.918067216873169e-01,-2.791281556710601e-03,-4.700219631195068e-02
1609043883257902765,0,1609043883257902765,-3.702873706817627e+00,-3.529828786849976e+00,6.374816417694092e+00,4.500370025634766e-01,8.918942213058472e-01,2.747591119259596e-03,-4.454246535897255e-02
1609043883354636227,0,1609043883354636227,-3.686320066452026e+00,-3.522969961166382e+00,6.376466274261475e+00,4.499518871307373e-01,8.922150731086731e-01,9.060996584594250e-03,-3.759784251451492e-02
1609043883464749541,0,1609043883464749541,-3.661498546600342e+00,-3.521586418151855e+00,6.378756999969482e+00,4.498658180236816e-01,8.925471305847168e-01,1.630399376153946e-02,-2.673222683370113e-02
1609043883561420338,0,1609043883561420338,-3.632995605468750e+00,-3.525086879730225e+00,6.387995243072510e+00,4.499776065349579e-01,8.925895690917969e-01,2.205191738903522e-02,-1.782852783799171e-02
1609043883673682965,0,1609043883673682965,-3.600489616394043e+00,-3.539070606231689e+00,6.386427879333496e+00,4.499432146549225e-01,8.926159739494324e-01,2.548069320619106e-02,-1.177281979471445e-02
1609043883775316197,0,1609043883775316197,-3.572937011718750e+00,-3.553874254226685e+00,6.381000995635986e+00,4.498997032642365e-01,8.926747441291809e-01,2.600034885108471e-02,-6.797799840569496e-03
1609043883877124649,0,1609043883877124649,-3.558255672454834e+00,-3.576613426208496e+00,6.402397155761719e+00,4.502258002758026e-01,8.925219178199768e-01,2.633919008076191e-02,-2.772656735032797e-03
1609043883974220212,0,1609043883974220212,-3.548919200897217e+00,-3.603002786636353e+00,6.415003776550293e+00,4.502173960208893e-01,8.925202488899231e-01,2.667317725718021e-02,-6.601890199817717e-04
1609043884081342303,0,1609043884081342303,-3.545386791229248e+00,-3.637003660202026e+00,6.409337043762207e+00,4.506471455097198e-01,8.923482298851013e-01,2.513904310762882e-02,1.084580508177169e-04
1609043884184003149,0,1609043884184003149,-3.551361083984375e+00,-3.669995307922363e+00,6.413126468658447e+00,4.506129622459412e-01,8.924126029014587e-01,2.337735146284103e-02,1.104797469452024e-03
1609043884255737576,0,1609043884255737576,-3.561585664749146e+00,-3.699454307556152e+00,6.413053989410400e+00,4.504681825637817e-01,8.924423456192017e-01,2.447126433253288e-02,5.134789738804102e-03
1609043884358341712,0,1609043884358341712,-3.586209774017334e+00,-3.742895603179932e+00,6.408255100250244e+00,4.505252242088318e-01,8.923987746238708e-01,2.416499517858028e-02,8.221898227930069e-03
1609043884461386680,0,1609043884461386680,-3.609840631484985e+00,-3.792464494705200e+00,6.367204666137695e+00,4.506697654724121e-01,8.924241065979004e-01,2.029611729085445e-02,8.004967123270035e-03
1609043884563415156,0,1609043884563415156,-3.641087055206299e+00,-3.839824676513672e+00,6.342855930328369e+00,4.507712721824646e-01,8.925060629844666e-01,1.397420652210712e-02,6.559359841048717e-03
1609043884669267903,0,1609043884669267903,-3.678371906280518e+00,-3.892686128616333e+00,6.363080978393555e+00,4.513491392135620e-01,8.923445343971252e-01,1.563729718327522e-03,1.692722900770605e-03
1609043884776347271,0,1609043884776347271,-3.719155788421631e+00,-3.937672853469849e+00,6.405911445617676e+00,4.512413442134857e-01,8.923738002777100e-01,-6.930411327630281e-03,-1.507242093794048e-03
1609043884868073608,0,1609043884868073608,-3.765402317047119e+00,-3.982191562652588e+00,6.428228378295898e+00,4.515395164489746e-01,8.921120166778564e-01,-1.503389701247215e-02,-4.723032470792532e-03
1609043884969862778,0,1609043884969862778,-3.819786548614502e+00,-4.029355049133301e+00,6.442310810089111e+00,4.513807594776154e-01,8.920608758926392e-01,-2.052196115255356e-02,-7.863019593060017e-03
1609043885081856553,0,1609043885081856553,-3.875297069549561e+00,-4.074756622314453e+00,6.443947792053223e+00,4.511130750179291e-01,8.920999169349670e-01,-2.378815785050392e-02,-9.436618536710739e-03
1609043885178694996,0,1609043885178694996,-3.922659397125244e+00,-4.111316204071045e+00,6.448026657104492e+00,4.514071941375732e-01,8.919053673744202e-01,-2.513908967375755e-02,-1.022583898156881e-02
1609043885280677077,0,1609043885280677077,-3.968447446823120e+00,-4.142000675201416e+00,6.451307296752930e+00,4.512365162372589e-01,8.919515609741211e-01,-2.626685798168182e-02,-1.087169535458088e-02
1609043885351938508,0,1609043885351938508,-4.001174449920654e+00,-4.162017822265625e+00,6.472997188568115e+00,4.514682590961456e-01,8.918551802635193e-01,-2.421526052057743e-02,-1.357584819197655e-02
1609043885449855861,0,1609043885449855861,-4.046880722045898e+00,-4.187586307525635e+00,6.481090545654297e+00,4.515448808670044e-01,8.917909264564514e-01,-2.284098230302334e-02,-1.715630851686001e-02
1609043885556858164,0,1609043885556858164,-4.091527462005615e+00,-4.207458019256592e+00,6.511160373687744e+00,4.514376819133759e-01,8.918301463127136e-01,-2.015636861324310e-02,-2.090089768171310e-02
1609043885674420646,0,1609043885674420646,-4.131124019622803e+00,-4.226516723632812e+00,6.537272930145264e+00,4.515083730220795e-01,8.917447328567505e-01,-1.897582970559597e-02,-2.390778623521328e-02
1609043885767085800,0,1609043885767085800,-4.162492275238037e+00,-4.239065170288086e+00,6.564093112945557e+00,4.517159461975098e-01,8.915703296661377e-01,-1.946437545120716e-02,-2.600579708814621e-02
1609043885863919554,0,1609043885863919554,-4.189698219299316e+00,-4.250936985015869e+00,6.621298313140869e+00,4.518088996410370e-01,8.914261460304260e-01,-1.734577864408493e-02,-3.045150078833103e-02
1609043885972143652,0,1609043885972143652,-4.215809345245361e+00,-4.266224384307861e+00,6.652410030364990e+00,4.518223404884338e-01,8.913774490356445e-01,-1.615098491311073e-02,-3.228107839822769e-02
1609043886073944894,0,1609043886073944894,-4.248896121978760e+00,-4.281277179718018e+00,6.648275852203369e+00,4.517021179199219e-01,8.915862441062927e-01,-2.024471014738083e-02,-2.508693002164364e-02
1609043886177309636,0,1609043886177309636,-4.263663291931152e+00,-4.293166160583496e+00,6.689907073974609e+00,4.520041346549988e-01,8.914540410041809e-01,-2.126614935696125e-02,-2.344487048685551e-02
1609043886284224295,0,1609043886284224295,-4.277956008911133e+00,-4.303322315216064e+00,6.729604721069336e+00,4.519537687301636e-01,8.915654420852661e-01,-2.171351760625839e-02,-1.942651160061359e-02
1609043886386124125,0,1609043886386124125,-4.284821987152100e+00,-4.317903518676758e+00,6.761388301849365e+00,4.519511163234711e-01,8.915060758590698e-01,-2.495330944657326e-02,-1.828981563448906e-02
1609043886447514575,0,1609043886447514575,-4.295041561126709e+00,-4.323808193206787e+00,6.775533199310303e+00,4.520758688449860e-01,8.914710879325867e-01,-2.595017477869987e-02,-1.527705974876881e-02
1609043886559326272,0,1609043886559326272,-4.309560775756836e+00,-4.326838970184326e+00,6.798800945281982e+00,4.518872499465942e-01,8.915534615516663e-01,-2.768732979893684e-02,-1.279440056532621e-02
1609043886666190453,0,1609043886666190453,-4.320191860198975e+00,-4.329842567443848e+00,6.824196815490723e+00,4.519620537757874e-01,8.915186524391174e-01,-2.703001163899899e-02,-1.393488142639399e-02
1609043886757878796,0,1609043886757878796,-4.325881004333496e+00,-4.327673435211182e+00,6.868329524993896e+00,4.521373510360718e-01,8.913956880569458e-01,-2.314162254333496e-02,-2.121567539870739e-02
1609043886859673555,0,1609043886859673555,-4.332905769348145e+00,-4.324651718139648e+00,6.874638080596924e+00,4.523732066154480e-01,8.910710811614990e-01,-1.646812446415424e-02,-3.285624459385872e-02
1609043886966505829,0,1609043886966505829,-4.371580600738525e+00,-4.290556430816650e+00,6.795246124267578e+00,4.522732496261597e-01,8.912730216979980e-01,-1.915338449180126e-02,-2.672844193875790e-02
1609043887074089216,0,1609043887074089216,-4.364533901214600e+00,-4.287861347198486e+00,6.873172283172607e+00,4.523747265338898e-01,8.911994695663452e-01,-1.942719519138336e-02,-2.726453728973866e-02
1609043887175858946,0,1609043887175858946,-4.357493400573730e+00,-4.279911994934082e+00,6.888209342956543e+00,4.524982571601868e-01,8.911693096160889e-01,-2.153320610523224e-02,-2.447137795388699e-02
1609043887272575534,0,1609043887272575534,-4.348237037658691e+00,-4.278244972229004e+00,6.904455661773682e+00,4.524155259132385e-01,8.912445306777954e-01,-2.343469485640526e-02,-2.131406031548977e-02
1609043887379445148,0,1609043887379445148,-4.335548400878906e+00,-4.271163463592529e+00,6.923843383789062e+00,4.525958597660065e-01,8.911989927291870e-01,-2.560846880078316e-02,-1.629514992237091e-02
1609043887481289289,0,1609043887481289289,-4.324706077575684e+00,-4.265545845031738e+00,6.912822723388672e+00,4.533820450305939e-01,8.908079266548157e-01,-2.731320448219776e-02,-1.264780294150114e-02
1609043887548329153,0,1609043887548329153,-4.305629730224609e+00,-4.261439800262451e+00,6.915587425231934e+00,4.569572210311890e-01,8.889977335929871e-01,-2.757281996309757e-02,-1.063016895204782e-02
1609043887650169022,0,1609043887650169022,-4.286280155181885e+00,-4.243521690368652e+00,6.919870376586914e+00,4.624346792697906e-01,8.861250281333923e-01,-2.934221178293228e-02,-8.697581477463245e-03
1609043887757360591,0,1609043887757360591,-4.271903514862061e+00,-4.216056823730469e+00,6.922314643859863e+00,4.702587425708771e-01,8.819871544837952e-01,-2.988898567855358e-02,-7.878647185862064e-03
1609043887859391130,0,1609043887859391130,-4.254567623138428e+00,-4.186298847198486e+00,6.939312458038330e+00,4.802705049514771e-01,8.765664696693420e-01,-3.039968572556973e-02,-6.878058426082134e-03
1609043887966422902,0,1609043887966422902,-4.244632244110107e+00,-4.141154766082764e+00,6.945501327514648e+00,4.888427257537842e-01,8.718175292015076e-01,-3.022660687565804e-02,-7.306567393243313e-03
1609043888068170184,0,1609043888068170184,-4.234780788421631e+00,-4.093067646026611e+00,6.949043273925781e+00,4.964033067226410e-01,8.675702214241028e-01,-2.897781692445278e-02,-8.131130598485470e-03
1609043888170026760,0,1609043888170026760,-4.214997291564941e+00,-4.044198989868164e+00,6.967578887939453e+00,5.028096437454224e-01,8.638821244239807e-01,-2.487111091613770e-02,-1.648051850497723e-02
1609043888282179384,0,1609043888282179384,-4.197222232818604e+00,-3.996150732040405e+00,6.999071598052979e+00,5.075480937957764e-01,8.610098958015442e-01,-1.719914190471172e-02,-2.758695743978024e-02
1609043888384429752,0,1609043888384429752,-4.188078403472900e+00,-3.949386835098267e+00,6.973685741424561e+00,5.107952952384949e-01,8.589977025985718e-01,-1.568333990871906e-02,-3.106627799570560e-02
1609043888476089236,0,1609043888476089236,-4.170562744140625e+00,-3.906727790832520e+00,7.007956027984619e+00,5.129819512367249e-01,8.574629426002502e-01,-1.166050415486097e-02,-3.835230320692062e-02
1609043888583159850,0,1609043888583159850,-4.150602817535400e+00,-3.860703706741333e+00,7.024019241333008e+00,5.142987966537476e-01,8.564885854721069e-01,-9.193524718284607e-03,-4.289026185870171e-02
1609043888649361348,0,1609043888649361348,-4.131277561187744e+00,-3.829322099685669e+00,7.026599407196045e+00,5.148496627807617e-01,8.561172485351562e-01,-9.267590008676052e-03,-4.367047548294067e-02
1609043888761408285,0,1609043888761408285,-4.093524456024170e+00,-3.783716440200806e+00,7.029354095458984e+00,5.156122446060181e-01,8.555724024772644e-01,-8.692041039466858e-03,-4.543472453951836e-02
1609043888865653550,0,1609043888865653550,-4.049851894378662e+00,-3.743960142135620e+00,7.034275054931641e+00,5.159782171249390e-01,8.544334769248962e-01,2.598505467176437e-03,-6.085450574755669e-02
1609043888962424541,0,1609043888962424541,-4.009582042694092e+00,-3.722450494766235e+00,6.998476028442383e+00,5.161361098289490e-01,8.537476062774658e-01,7.454925216734409e-03,-6.828577816486359e-02
1609043889064259120,0,1609043889064259120,-3.961837291717529e+00,-3.701324701309204e+00,7.030152320861816e+00,5.162739157676697e-01,8.527808189392090e-01,1.645023189485073e-02,-7.717257738113403e-02
1609043889160768506,0,1609043889160768506,-3.904213666915894e+00,-3.692608594894409e+00,7.045216560363770e+00,5.163717865943909e-01,8.522252440452576e-01,2.018558047711849e-02,-8.163852244615555e-02
1609043889273160372,0,1609043889273160372,-3.838867902755737e+00,-3.692717552185059e+00,7.055510044097900e+00,5.162933468818665e-01,8.527224063873291e-01,1.768663339316845e-02,-7.741437107324600e-02
1609043889379985021,0,1609043889379985021,-3.763832807540894e+00,-3.705680847167969e+00,7.068421363830566e+00,5.166352987289429e-01,8.532889485359192e-01,1.377635914832354e-02,-6.925451755523682e-02
1609043889471549987,0,1609043889471549987,-3.699199914932251e+00,-3.731988906860352e+00,7.046054840087891e+00,5.167835354804993e-01,8.546108603477478e-01,3.227650187909603e-03,-5.064095929265022e-02
1609043889578797036,0,1609043889578797036,-3.605008602142334e+00,-3.771239519119263e+00,7.036709785461426e+00,5.169639587402344e-01,8.553214669227600e-01,-6.042164284735918e-03,-3.371996060013771e-02
1609043889685696400,0,1609043889685696400,-3.506243467330933e+00,-3.817065238952637e+00,7.051054000854492e+00,5.167163014411926e-01,8.558428883552551e-01,-1.344128884375095e-02,-1.888531073927879e-02
1609043889752022519,0,1609043889752022519,-3.435598373413086e+00,-3.854260206222534e+00,7.001952648162842e+00,5.165477991104126e-01,8.559814691543579e-01,-2.070080488920212e-02,-6.748560350388288e-03
1609043889848811313,0,1609043889848811313,-3.342219114303589e+00,-3.902518987655640e+00,6.927864074707031e+00,5.157433152198792e-01,8.560413122177124e-01,-3.288153186440468e-02,1.099963299930096e-02
1609043889960841614,0,1609043889960841614,-3.237391233444214e+00,-3.944551229476929e+00,6.925349712371826e+00,5.155704617500305e-01,8.557058572769165e-01,-3.845549374818802e-02,2.181424573063850e-02
1609043890057615709,0,1609043890057615709,-3.146496057510376e+00,-3.961704015731812e+00,6.981824398040771e+00,5.153759121894836e-01,8.558525443077087e-01,-3.715533390641212e-02,2.287883311510086e-02
1609043890169580245,0,1609043890169580245,-3.064470529556274e+00,-3.977217912673950e+00,6.938164710998535e+00,5.157939195632935e-01,8.558961153030396e-01,-3.206830099225044e-02,1.924118399620056e-02
1609043890271691521,0,1609043890271691521,-2.997161865234375e+00,-3.977717638015747e+00,6.853107452392578e+00,5.160775184631348e-01,8.559713959693909e-01,-2.927728928625584e-02,1.095086149871349e-02
1609043890373498736,0,1609043890373498736,-2.938252925872803e+00,-3.962974786758423e+00,6.855771064758301e+00,5.167328119277954e-01,8.559530973434448e-01,-1.797978579998016e-02,-2.880804473534226e-03
1609043890475225572,0,1609043890475225572,-2.880589723587036e+00,-3.944772481918335e+00,6.835446834564209e+00,5.173675417900085e-01,8.555347323417664e-01,-1.030144002288580e-02,-1.688276231288910e-02
1609043890582205478,0,1609043890582205478,-2.840768814086914e+00,-3.918077230453491e+00,6.781535625457764e+00,5.168021321296692e-01,8.558496832847595e-01,-2.218241337686777e-03,-2.078615687787533e-02
1609043890681802595,0,1609043890681802595,-2.788286924362183e+00,-3.893149137496948e+00,6.806404113769531e+00,5.167672038078308e-01,8.557495474815369e-01,5.536057054996490e-03,-2.476930990815163e-02
1609043890778877781,0,1609043890778877781,-2.731169223785400e+00,-3.873470306396484e+00,6.847381114959717e+00,5.168409943580627e-01,8.556137681007385e-01,1.441263221204281e-02,-2.434881776571274e-02
1609043890856605171,0,1609043890856605171,-2.683840990066528e+00,-3.864030838012695e+00,6.859896183013916e+00,5.165844559669495e-01,8.557950854301453e-01,1.980379782617092e-02,-1.905567198991776e-02
1609043890955301635,0,1609043890955301635,-2.623695373535156e+00,-3.857449769973755e+00,6.859114170074463e+00,5.163099765777588e-01,8.559117913246155e-01,2.675368450582027e-02,-1.110065728425980e-02
1609043891052346922,0,1609043891052346922,-2.561148166656494e+00,-3.861873865127563e+00,6.847885608673096e+00,5.163263082504272e-01,8.558561205863953e-01,3.013023175299168e-02,-3.081486560404301e-03
1609043891169740663,0,1609043891169740663,-2.492617607116699e+00,-3.872324705123901e+00,6.835931301116943e+00,5.162811875343323e-01,8.561233282089233e-01,2.247200720012188e-02,-1.213370822370052e-03
1609043891266683982,0,1609043891266683982,-2.452891111373901e+00,-3.893809318542480e+00,6.819246292114258e+00,5.167499184608459e-01,8.559742569923401e-01,1.665933430194855e-02,-1.783555926522240e-04
1609043891363679237,0,1609043891363679237,-2.414149284362793e+00,-3.919471979141235e+00,6.803395271301270e+00,5.177893042564392e-01,8.555005788803101e-01,3.104417352005839e-03,-1.808950561098754e-03
1609043891479310151,0,1609043891479310151,-2.381923913955688e+00,-3.947370767593384e+00,6.822981357574463e+00,5.207535624504089e-01,8.536615371704102e-01,-7.841534912586212e-03,-4.031701944768429e-03
1609043891581289511,0,1609043891581289511,-2.357043981552124e+00,-3.973065614700317e+00,6.821033000946045e+00,5.242124199867249e-01,8.513926863670349e-01,-1.694580167531967e-02,-6.682427134364843e-03
1609043891688989417,0,1609043891688989417,-2.334529399871826e+00,-3.995322465896606e+00,6.805411815643311e+00,5.293737649917603e-01,8.480707406997681e-01,-2.157621458172798e-02,-8.600470609962940e-03
1609043891775290982,0,1609043891775290982,-2.318605184555054e+00,-4.008206844329834e+00,6.777934551239014e+00,5.341603755950928e-01,8.449435830116272e-01,-2.561244741082191e-02,-9.325208142399788e-03
1609043891882399096,0,1609043891882399096,-2.293110132217407e+00,-4.015797138214111e+00,6.757109642028809e+00,5.407423377037048e-01,8.406919240951538e-01,-2.718522213399410e-02,-9.782403707504272e-03
1609043891948564660,0,1609043891948564660,-2.273875951766968e+00,-4.017895221710205e+00,6.757277488708496e+00,5.456462502479553e-01,8.375597000122070e-01,-2.624464407563210e-02,-8.677232079207897e-03
1609043892050496482,0,1609043892050496482,-2.241943597793579e+00,-4.020122528076172e+00,6.763159751892090e+00,5.531295537948608e-01,8.326854109764099e-01,-2.478182502090931e-02,-8.284111507236958e-03
1609043892157346402,0,1609043892157346402,-2.208710908889771e+00,-4.012499809265137e+00,6.787271499633789e+00,5.605891346931458e-01,8.277539014816284e-01,-2.281736023724079e-02,-6.525267381221056e-03
1609043892269515140,0,1609043892269515140,-2.171503305435181e+00,-4.001265525817871e+00,6.807244300842285e+00,5.677279233932495e-01,8.229484558105469e-01,-2.032087370753288e-02,-5.281844176352024e-03
1609043892361699870,0,1609043892361699870,-2.139025211334229e+00,-3.987049818038940e+00,6.802243232727051e+00,5.735562443733215e-01,8.188827633857727e-01,-2.082879282534122e-02,-5.512502975761890e-03
1609043892478954251,0,1609043892478954251,-2.091150045394897e+00,-3.970125675201416e+00,6.787470817565918e+00,5.805450081825256e-01,8.138343691825867e-01,-2.434272505342960e-02,-6.967138964682817e-03
1609043892570548055,0,1609043892570548055,-2.065379619598389e+00,-3.950658798217773e+00,6.800541877746582e+00,5.860555768013000e-01,8.097970485687256e-01,-2.668181993067265e-02,-7.467352319508791e-03
1609043892684588656,0,1609043892684588656,-2.038836240768433e+00,-3.926282405853271e+00,6.804749011993408e+00,5.922326445579529e-01,8.052102327346802e-01,-2.881570719182491e-02,-8.163202553987503e-03
1609043892771064660,0,1609043892771064660,-2.016914367675781e+00,-3.904107093811035e+00,6.813160896301270e+00,5.968823432922363e-01,8.017676472663879e-01,-2.892713807523251e-02,-7.955473847687244e-03
1609043892873503129,0,1609043892873503129,-1.983002424240112e+00,-3.875157117843628e+00,6.800745487213135e+00,6.022114753723145e-01,7.977250814437866e-01,-2.975873090326786e-02,-9.515050798654556e-03
1609043892980291773,0,1609043892980291773,-1.948605656623840e+00,-3.842497348785400e+00,6.795099735260010e+00,6.079184412956238e-01,7.934280633926392e-01,-2.853347547352314e-02,-9.649674408137798e-03
1609043893056676122,0,1609043893056676122,-1.923678636550903e+00,-3.809071063995361e+00,6.813689708709717e+00,6.120729446411133e-01,7.904840707778931e-01,-2.087150886654854e-02,-8.135416544973850e-03
1609043893158480354,0,1609043893158480354,-1.884294152259827e+00,-3.765528917312622e+00,6.797276496887207e+00,6.171177029609680e-01,7.866135239601135e-01,-1.789503917098045e-02,-9.206444025039673e-03
1609043893260807272,0,1609043893260807272,-1.847628712654114e+00,-3.716073036193848e+00,6.843548297882080e+00,6.210700869560242e-01,7.835833430290222e-01,-3.326810197904706e-03,-1.606700755655766e-02
1609043893367867850,0,1609043893367867850,-1.815909862518311e+00,-3.669536828994751e+00,6.823252201080322e+00,6.234670281410217e-01,7.813649177551270e-01,9.882475249469280e-03,-2.569369040429592e-02
1609043893465069506,0,1609043893465069506,-1.787550806999207e+00,-3.631747484207153e+00,6.829074382781982e+00,6.250432729721069e-01,7.796629071235657e-01,2.122314274311066e-02,-3.156267106533051e-02
1609043893573060807,0,1609043893573060807,-1.760687232017517e+00,-3.593800306320190e+00,6.870037555694580e+00,6.255604028701782e-01,7.788007259368896e-01,3.235748410224915e-02,-3.311692550778389e-02
1609043893669702736,0,1609043893669702736,-1.730932831764221e+00,-3.562693357467651e+00,6.898502826690674e+00,6.260130405426025e-01,7.778976559638977e-01,4.131931811571121e-02,-3.571521863341331e-02
1609043893776719321,0,1609043893776719321,-1.699877858161926e+00,-3.539290189743042e+00,6.899482727050781e+00,6.265188455581665e-01,7.777932286262512e-01,3.925999626517296e-02,-3.115131519734859e-02
1609043893878717925,0,1609043893878717925,-1.681385159492493e+00,-3.531798839569092e+00,6.918353080749512e+00,6.270885467529297e-01,7.778492569923401e-01,3.241402283310890e-02,-2.568772621452808e-02
1609043893985551676,0,1609043893985551676,-1.662124037742615e+00,-3.543665647506714e+00,6.878667831420898e+00,6.276203393936157e-01,7.780515551567078e-01,1.967835053801537e-02,-1.847238093614578e-02
1609043894082357422,0,1609043894082357422,-1.650017142295837e+00,-3.562698841094971e+00,6.888870239257812e+00,6.284366250038147e-01,7.777200937271118e-01,8.862113580107689e-03,-1.184067036956549e-02
1609043894155411342,0,1609043894155411342,-1.641207337379456e+00,-3.586271047592163e+00,6.870623588562012e+00,6.305882930755615e-01,7.760815620422363e-01,-1.139783882535994e-03,-7.394324056804180e-03
1609043894253779606,0,1609043894253779606,-1.636904358863831e+00,-3.621078252792358e+00,6.852252006530762e+00,6.342511177062988e-01,7.730187177658081e-01,-1.285111345350742e-02,-1.609584549441934e-03
1609043894365679879,0,1609043894365679879,-1.632413744926453e+00,-3.644512891769409e+00,6.822277545928955e+00,6.396139860153198e-01,7.684305310249329e-01,-2.011298574507236e-02,1.997597981244326e-03
1609043894457399430,0,1609043894457399430,-1.630297541618347e+00,-3.658409833908081e+00,6.803006172180176e+00,6.448835730552673e-01,7.639213204383850e-01,-2.329212613403797e-02,2.623860491439700e-03
1609043894564249945,0,1609043894564249945,-1.623942494392395e+00,-3.670027256011963e+00,6.793272972106934e+00,6.522871255874634e-01,7.576481699943542e-01,-2.214455790817738e-02,-4.650186456274241e-04
1609043894660914018,0,1609043894660914018,-1.622245311737061e+00,-3.673517465591431e+00,6.775988578796387e+00,6.595206856727600e-01,7.513812184333801e-01,-2.128339931368828e-02,-2.377625554800034e-03
1609043894767886235,0,1609043894767886235,-1.618230819702148e+00,-3.668192625045776e+00,6.771691322326660e+00,6.674661636352539e-01,7.443590760231018e-01,-1.992935501039028e-02,-4.612845368683338e-03
1609043894880026300,0,1609043894880026300,-1.613457441329956e+00,-3.655064821243286e+00,6.775674819946289e+00,6.754515171051025e-01,7.371409535408020e-01,-1.874769479036331e-02,-6.089811678975821e-03
1609043894977889246,0,1609043894977889246,-1.611206412315369e+00,-3.640281438827515e+00,6.772699832916260e+00,6.826427578926086e-01,7.304970622062683e-01,-1.809838414192200e-02,-6.738585419952869e-03
1609043895075407084,0,1609043895075407084,-1.607768177986145e+00,-3.625676870346069e+00,6.775311946868896e+00,6.898832917213440e-01,7.236742377281189e-01,-1.760005205869675e-02,-6.860311143100262e-03
1609043895177801496,0,1609043895177801496,-1.603407979011536e+00,-3.605388402938843e+00,6.778576374053955e+00,6.967979669570923e-01,7.170231342315674e-01,-1.739678159356117e-02,-6.911536678671837e-03
1609043895249004610,0,1609043895249004610,-1.599803328514099e+00,-3.590113639831543e+00,6.781799793243408e+00,7.019726634025574e-01,7.119559049606323e-01,-1.760653592646122e-02,-6.580313201993704e-03
1609043895360929019,0,1609043895360929019,-1.595503807067871e+00,-3.568904638290405e+00,6.790160179138184e+00,7.094285488128662e-01,7.045243978500366e-01,-1.784751191735268e-02,-6.169215776026249e-03
1609043895452530962,0,1609043895452530962,-1.591395378112793e+00,-3.551255941390991e+00,6.792810916900635e+00,7.156627774238586e-01,6.981843113899231e-01,-1.817619614303112e-02,-5.923419725149870e-03
1609043895564504182,0,1609043895564504182,-1.587613105773926e+00,-3.525895595550537e+00,6.794641494750977e+00,7.221500873565674e-01,6.914743781089783e-01,-1.818223856389523e-02,-5.646998994052410e-03
1609043895661146269,0,1609043895661146269,-1.580249667167664e+00,-3.504400253295898e+00,6.836522579193115e+00,7.277693152427673e-01,6.856226921081543e-01,-1.238025166094303e-02,-1.095431298017502e-02
1609043895768131627,0,1609043895768131627,-1.576715946197510e+00,-3.480676651000977e+00,6.830092906951904e+00,7.335122227668762e-01,6.794326901435852e-01,-5.907689221203327e-03,-1.721222512423992e-02
1609043895870011749,0,1609043895870011749,-1.578897476196289e+00,-3.455524682998657e+00,6.815082073211670e+00,7.385191917419434e-01,6.739576458930969e-01,-2.806730801239610e-03,-1.904171518981457e-02
1609043895977045037,0,1609043895977045037,-1.576951384544373e+00,-3.428741931915283e+00,6.803603649139404e+00,7.434439659118652e-01,6.685338616371155e-01,-2.910863840952516e-03,-1.857848651707172e-02
1609043896079551164,0,1609043896079551164,-1.575408935546875e+00,-3.406348705291748e+00,6.812940120697021e+00,7.481787204742432e-01,6.632602810859680e-01,-3.290180815383792e-03,-1.742344535887241e-02
1609043896181364109,0,1609043896181364109,-1.576589822769165e+00,-3.387495279312134e+00,6.822088241577148e+00,7.527202367782593e-01,6.581590771675110e-01,-6.734712980687618e-03,-1.391366124153137e-02
1609043896283175223,0,1609043896283175223,-1.576445698738098e+00,-3.371936082839966e+00,6.812148094177246e+00,7.576094865798950e-01,6.525407433509827e-01,-9.824246168136597e-03,-1.104723569005728e-02
1609043896359532788,0,1609043896359532788,-1.576144814491272e+00,-3.358925580978394e+00,6.814414024353027e+00,7.617988586425781e-01,6.476370692253113e-01,-1.233778521418571e-02,-8.754440583288670e-03
1609043896456790698,0,1609043896456790698,-1.575249910354614e+00,-3.343172311782837e+00,6.804952621459961e+00,7.667039036750793e-01,6.417752504348755e-01,-1.577067747712135e-02,-6.394598633050919e-03
1609043896553461853,0,1609043896553461853,-1.573318481445312e+00,-3.325592756271362e+00,6.792220592498779e+00,7.715347409248352e-01,6.359145045280457e-01,-1.792006753385067e-02,-5.091569852083921e-03
1609043896660501053,0,1609043896660501053,-1.571259856224060e+00,-3.304978132247925e+00,6.787450790405273e+00,7.765280604362488e-01,6.297908425331116e-01,-1.850979216396809e-02,-5.008088424801826e-03
1609043896763480216,0,1609043896763480216,-1.572080373764038e+00,-3.277169704437256e+00,6.785207748413086e+00,7.797117233276367e-01,6.258266568183899e-01,-1.911277323961258e-02,-5.034813657402992e-03
1609043896870491726,0,1609043896870491726,-1.572157144546509e+00,-3.249455928802490e+00,6.787067890167236e+00,7.820866107940674e-01,6.228981018066406e-01,-1.648423261940479e-02,-8.176289498806000e-03
1609043896967266780,0,1609043896967266780,-1.574113845825195e+00,-3.227281093597412e+00,6.783199787139893e+00,7.835506796836853e-01,6.210714578628540e-01,-1.491691637784243e-02,-9.801572188735008e-03
1609043897074830012,0,1609043897074830012,-1.575561761856079e+00,-3.201893568038940e+00,6.768626689910889e+00,7.844775319099426e-01,6.198309659957886e-01,-1.584566757082939e-02,-1.239054277539253e-02
1609043897181743417,0,1609043897181743417,-1.575414657592773e+00,-3.172347545623779e+00,6.787602901458740e+00,7.850304841995239e-01,6.190203428268433e-01,-1.758342795073986e-02,-1.522533409297466e-02
1609043897279280126,0,1609043897279280126,-1.571255087852478e+00,-3.146842718124390e+00,6.805349349975586e+00,7.853322029113770e-01,6.184757947921753e-01,-1.893475279211998e-02,-1.955858059227467e-02
1609043897386178785,0,1609043897386178785,-1.572394251823425e+00,-3.115320444107056e+00,6.807817459106445e+00,7.854678630828857e-01,6.181419491767883e-01,-2.142103761434555e-02,-2.195569127798080e-02
1609043897447376233,0,1609043897447376233,-1.570518970489502e+00,-3.094131946563721e+00,6.803489208221436e+00,7.855240106582642e-01,6.179482936859131e-01,-2.301861345767975e-02,-2.371230535209179e-02
1609043897557287071,0,1609043897557287071,-1.562400102615356e+00,-3.059880256652832e+00,6.807616233825684e+00,7.855650186538696e-01,6.177818775177002e-01,-2.151238545775414e-02,-2.775879763066769e-02
1609043897665728118,0,1609043897665728118,-1.550418615341187e+00,-3.028835773468018e+00,6.812740325927734e+00,7.856261134147644e-01,6.177976131439209e-01,-1.484732236713171e-02,-2.995431423187256e-02
1609043897763932298,0,1609043897763932298,-1.539470195770264e+00,-3.001301765441895e+00,6.813686370849609e+00,7.856122851371765e-01,6.177349686622620e-01,-6.422088015824556e-03,-3.428906574845314e-02
1609043897861000292,0,1609043897861000292,-1.523062229156494e+00,-2.979813098907471e+00,6.806162357330322e+00,7.855993509292603e-01,6.176066398620605e-01,4.525523632764816e-03,-3.708389028906822e-02
1609043897962870176,0,1609043897962870176,-1.501877546310425e+00,-2.961540699005127e+00,6.800823211669922e+00,7.855710387229919e-01,6.174141764640808e-01,1.241142023354769e-02,-3.903567418456078e-02
1609043898074892465,0,1609043898074892465,-1.480790734291077e+00,-2.949628829956055e+00,6.811856269836426e+00,7.856956720352173e-01,6.176728010177612e-01,9.416796267032623e-03,-3.277222439646721e-02
1609043898176770856,0,1609043898176770856,-1.460701346397400e+00,-2.948610067367554e+00,6.824321746826172e+00,7.858847975730896e-01,6.178024411201477e-01,5.757444072514772e-03,-2.592531591653824e-02
1609043898273524225,0,1609043898273524225,-1.443672895431519e+00,-2.954884290695190e+00,6.814411163330078e+00,7.861389517784119e-01,6.177651286125183e-01,5.669745587510988e-05,-1.875751279294491e-02
1609043898380490187,0,1609043898380490187,-1.428831338882446e+00,-2.966847181320190e+00,6.811551570892334e+00,7.863158583641052e-01,6.176851391792297e-01,-7.650197949260473e-03,-1.067312993109226e-02
1609043898483898345,0,1609043898483898345,-1.415358424186707e+00,-2.981327056884766e+00,6.791474342346191e+00,7.863381505012512e-01,6.176404953002930e-01,-1.321341097354889e-02,-4.257151391357183e-03
1609043898555170661,0,1609043898555170661,-1.406475186347961e+00,-2.990960836410522e+00,6.767087936401367e+00,7.863551974296570e-01,6.175759434700012e-01,-1.562206633388996e-02,-1.177268684841692e-03
1609043898662099370,0,1609043898662099370,-1.395221590995789e+00,-3.002327919006348e+00,6.735756397247314e+00,7.863630056381226e-01,6.175257563591003e-01,-1.713166199624538e-02,1.303407130762935e-03
1609043898761716214,0,1609043898761716214,-1.385185956954956e+00,-3.009962558746338e+00,6.674441337585449e+00,7.864062190055847e-01,6.174752712249756e-01,-1.699482277035713e-02,8.823294192552567e-04
1609043898863341017,0,1609043898863341017,-1.373671174049377e+00,-3.005665540695190e+00,6.667158603668213e+00,7.864894270896912e-01,6.173891425132751e-01,-1.627614349126816e-02,-3.071429964620620e-04
1609043898961323547,0,1609043898961323547,-1.365530729293823e+00,-3.000316619873047e+00,6.662270069122314e+00,7.865636944770813e-01,6.173182129859924e-01,-1.515667140483856e-02,-2.478068228811026e-03
1609043899068817313,0,1609043899068817313,-1.360654473304749e+00,-2.991987705230713e+00,6.644822120666504e+00,7.865699529647827e-01,6.173519492149353e-01,-1.272510737180710e-02,-4.727801773697138e-03
1609043899170585422,0,1609043899170585422,-1.355795741081238e+00,-2.979184389114380e+00,6.659951686859131e+00,7.865571379661560e-01,6.173756122589111e-01,-1.147993281483650e-02,-6.589080207049847e-03
1609043899272754890,0,1609043899272754890,-1.351361751556396e+00,-2.964095354080200e+00,6.661849498748779e+00,7.865445613861084e-01,6.173956990242004e-01,-1.007506716996431e-02,-8.288775570690632e-03
1609043899380299013,0,1609043899380299013,-1.345420837402344e+00,-2.945906639099121e+00,6.652481079101562e+00,7.865947484970093e-01,6.173163056373596e-01,-9.657671675086021e-03,-9.806058369576931e-03
1609043899477364260,0,1609043899477364260,-1.337745547294617e+00,-2.929576396942139e+00,6.642721652984619e+00,7.866765856742859e-01,6.171920299530029e-01,-9.025125764310360e-03,-1.151318289339542e-02
1609043899584024810,0,1609043899584024810,-1.330850720405579e+00,-2.910300016403198e+00,6.626491546630859e+00,7.867249846458435e-01,6.171221733093262e-01,-8.873435668647289e-03,-1.205879170447588e-02
1609043899657111893,0,1609043899657111893,-1.327086329460144e+00,-2.898446321487427e+00,6.609305858612061e+00,7.867724895477295e-01,6.170481443405151e-01,-9.174865670502186e-03,-1.251271460205317e-02
1609043899750201266,0,1609043899750201266,-1.324361205101013e+00,-2.885248422622681e+00,6.589808940887451e+00,7.867177724838257e-01,6.171110272407532e-01,-9.577347896993160e-03,-1.254449971020222e-02
1609043899852306590,0,1609043899852306590,-1.320374727249146e+00,-2.870758771896362e+00,6.569394588470459e+00,7.867424488067627e-01,6.170829534530640e-01,-9.884236380457878e-03,-1.213519647717476e-02
1609043899960663631,0,1609043899960663631,-1.318636536598206e+00,-2.858940601348877e+00,6.528412342071533e+00,7.867582440376282e-01,6.170704364776611e-01,-9.613431990146637e-03,-1.196700241416693e-02
1609043900058308343,0,1609043900058308343,-1.315134882926941e+00,-2.848675012588501e+00,6.492719650268555e+00,7.867246866226196e-01,6.171197295188904e-01,-9.331747889518738e-03,-1.185023412108421e-02
1609043900170380570,0,1609043900170380570,-1.310509562492371e+00,-2.833505868911743e+00,6.468743801116943e+00,7.867045402526855e-01,6.171297430992126e-01,-8.302743546664715e-03,-1.333589758723974e-02
1609043900273953661,0,1609043900273953661,-1.307264685630798e+00,-2.820368528366089e+00,6.447942733764648e+00,7.867166996002197e-01,6.170305609703064e-01,-2.391883637756109e-03,-1.856232993304729e-02
1609043900377218592,0,1609043900377218592,-1.304628014564514e+00,-2.811640977859497e+00,6.432828903198242e+00,7.867029905319214e-01,6.169447302818298e-01,1.855103066191077e-03,-2.177712507545948e-02
1609043900485120947,0,1609043900485120947,-1.302766680717468e+00,-2.804788589477539e+00,6.428212642669678e+00,7.866615653038025e-01,6.168881058692932e-01,4.228637553751469e-03,-2.438868582248688e-02
1609043900586915622,0,1609043900586915622,-1.301060199737549e+00,-2.796200990676880e+00,6.418152809143066e+00,7.866804599761963e-01,6.167776584625244e-01,6.264342460781336e-03,-2.607516385614872e-02
1609043900683747159,0,1609043900683747159,-1.300646781921387e+00,-2.792451143264771e+00,6.406286716461182e+00,7.866896390914917e-01,6.166995167732239e-01,7.385755423456430e-03,-2.732467651367188e-02
1609043900755007024,0,1609043900755007024,-1.300406217575073e+00,-2.794175863265991e+00,6.389980792999268e+00,7.867417931556702e-01,6.165531873703003e-01,6.207833532243967e-03,-2.934110350906849e-02
1609043900863312228,0,1609043900863312228,-1.302556753158569e+00,-2.805554389953613e+00,6.364455223083496e+00,7.867758870124817e-01,6.166431903839111e-01,-2.931740018539131e-04,-2.710585482418537e-02
1609043900960030451,0,1609043900960030451,-1.306195259094238e+00,-2.817607164382935e+00,6.334205150604248e+00,7.867949604988098e-01,6.165499091148376e-01,-5.752579774707556e-03,-2.805048413574696e-02
1609043901056789391,0,1609043901056789391,-1.311138391494751e+00,-2.833948135375977e+00,6.295864582061768e+00,7.867324948310852e-01,6.162449121475220e-01,-1.042254082858562e-02,-3.443320840597153e-02
1609043901164066414,0,1609043901164066414,-1.317221522331238e+00,-2.857455253601074e+00,6.267792224884033e+00,7.866148948669434e-01,6.162858009338379e-01,-1.384155359119177e-02,-3.517551720142365e-02
1609043901260860665,0,1609043901260860665,-1.311368227005005e+00,-2.883097171783447e+00,6.233122825622559e+00,7.864451408386230e-01,6.161683201789856e-01,-1.893142983317375e-02,-3.850201144814491e-02
1609043901369069321,0,1609043901369069321,-1.307262063026428e+00,-2.911228656768799e+00,6.202276229858398e+00,7.864941358566284e-01,6.162397265434265e-01,-1.937537081539631e-02,-3.605872392654419e-02
1609043901481085559,0,1609043901481085559,-1.300811052322388e+00,-2.942119121551514e+00,6.185872077941895e+00,7.865660786628723e-01,6.166163086891174e-01,-1.918215118348598e-02,-2.702037245035172e-02
1609043901577946605,0,1609043901577946605,-1.283193349838257e+00,-2.971993923187256e+00,6.139492034912109e+00,7.866339683532715e-01,6.167523860931396e-01,-1.919732242822647e-02,-2.133476175367832e-02
1609043901685135811,0,1609043901685135811,-1.260607481002808e+00,-3.005029439926147e+00,6.084571838378906e+00,7.868020534515381e-01,6.167767047882080e-01,-1.824817620217800e-02,-1.400518231093884e-02
1609043901777801956,0,1609043901777801956,-1.234746575355530e+00,-3.034435749053955e+00,6.043176651000977e+00,7.868759632110596e-01,6.168274283409119e-01,-1.714416593313217e-02,-7.513705175369978e-03
1609043901855418844,0,1609043901855418844,-1.214393258094788e+00,-3.056571483612061e+00,5.993237495422363e+00,7.869386076927185e-01,6.167848706245422e-01,-1.679482683539391e-02,-4.703766200691462e-03
1609043901957306355,0,1609043901957306355,-1.188660740852356e+00,-3.087054491043091e+00,5.931023597717285e+00,7.869885563850403e-01,6.167622208595276e-01,-1.585665345191956e-02,-1.426372444257140e-03
1609043902059264029,0,1609043902059264029,-1.163870811462402e+00,-3.116685867309570e+00,5.881271362304688e+00,7.870910167694092e-01,6.166426539421082e-01,-1.547712553292513e-02,-6.534058775287122e-05
1609043902156047628,0,1609043902156047628,-1.143207430839539e+00,-3.136525154113770e+00,5.847978115081787e+00,7.871185541152954e-01,6.166109442710876e-01,-1.533898897469044e-02,1.497243356425315e-04
1609043902258530327,0,1609043902258530327,-1.123382568359375e+00,-3.152208089828491e+00,5.822627544403076e+00,7.871332168579102e-01,6.165898442268372e-01,-1.543859578669071e-02,-2.599847794044763e-04
1609043902370473508,0,1609043902370473508,-1.104931354522705e+00,-3.165448188781738e+00,5.798081874847412e+00,7.871510386466980e-01,6.165553331375122e-01,-1.580570451915264e-02,-1.722074812278152e-03
1609043902472273768,0,1609043902472273768,-1.090609073638916e+00,-3.173761367797852e+00,5.774454116821289e+00,7.871804833412170e-01,6.165205240249634e-01,-1.555375754833221e-02,-2.734262030571699e-03
1609043902584417161,0,1609043902584417161,-1.077401041984558e+00,-3.179232597351074e+00,5.731433391571045e+00,7.871661186218262e-01,6.165245175361633e-01,-1.578219421207905e-02,-4.226849414408207e-03
1609043902671112085,0,1609043902671112085,-1.068262100219727e+00,-3.184585094451904e+00,5.699038982391357e+00,7.872441411018372e-01,6.164121031761169e-01,-1.597802154719830e-02,-5.243396852165461e-03
1609043902783070497,0,1609043902783070497,-1.053093552589417e+00,-3.189121723175049e+00,5.657315731048584e+00,7.872076630592346e-01,6.164240241050720e-01,-1.677915453910828e-02,-6.646961439400911e-03
1609043902885890860,0,1609043902885890860,-1.037742614746094e+00,-3.190044164657593e+00,5.621078014373779e+00,7.871900200843811e-01,6.164220571517944e-01,-1.726587116718292e-02,-7.593874819576740e-03
1609043902955577381,0,1609043902955577381,-1.026550531387329e+00,-3.190255165100098e+00,5.589098930358887e+00,7.871989607810974e-01,6.163783073425293e-01,-1.812236942350864e-02,-8.191034197807312e-03
1609043903052586911,0,1609043903052586911,-1.012364149093628e+00,-3.190991163253784e+00,5.551665782928467e+00,7.871713638305664e-01,6.164067387580872e-01,-1.830936223268509e-02,-8.288969285786152e-03
1609043903161217699,0,1609043903161217699,-1.000149250030518e+00,-3.189387559890747e+00,5.515554428100586e+00,7.870743870735168e-01,6.166338324546814e-01,-1.535250060260296e-02,-6.400715559720993e-03
1609043903268360222,0,1609043903268360222,-9.842695593833923e-01,-3.188958883285522e+00,5.478824615478516e+00,7.870788574218750e-01,6.167234778404236e-01,-1.059431210160255e-02,-6.845898926258087e-03
1609043903359989559,0,1609043903359989559,-9.687263369560242e-01,-3.187044382095337e+00,5.428838253021240e+00,7.870591878890991e-01,6.167966127395630e-01,-5.816674791276455e-03,-8.117057383060455e-03
1609043903463031052,0,1609043903463031052,-9.524856209754944e-01,-3.186614274978638e+00,5.394932746887207e+00,7.870413064956665e-01,6.168128848075867e-01,1.205287753691664e-05,-1.039290241897106e-02
1609043903572272569,0,1609043903572272569,-9.371300935745239e-01,-3.186802387237549e+00,5.358928203582764e+00,7.870464920997620e-01,6.167474389076233e-01,7.779159350320697e-04,-1.341201271861792e-02
1609043903679273191,0,1609043903679273191,-9.275783896446228e-01,-3.184424400329590e+00,5.334517955780029e+00,7.870637178421021e-01,6.166803836822510e-01,8.094168733805418e-04,-1.534148119390011e-02
1609043903780989603,0,1609043903780989603,-9.192287325859070e-01,-3.186364889144897e+00,5.316001892089844e+00,7.870448231697083e-01,6.166893243789673e-01,-1.532915630377829e-03,-1.588708162307739e-02
1609043903883042320,0,1609043903883042320,-9.161192774772644e-01,-3.187557697296143e+00,5.300197124481201e+00,7.870804667472839e-01,6.166177392005920e-01,-4.994193557649851e-03,-1.618633791804314e-02
1609043903979849543,0,1609043903979849543,-9.122062921524048e-01,-3.190439939498901e+00,5.283458709716797e+00,7.870879173278809e-01,6.165922880172729e-01,-7.656433619558811e-03,-1.574637554585934e-02
1609043904056212844,0,1609043904056212844,-9.091852903366089e-01,-3.195908546447754e+00,5.248975753784180e+00,7.871145606040955e-01,6.165482997894287e-01,-8.980803191661835e-03,-1.543676760047674e-02
1609043904163206534,0,1609043904163206534,-9.055494666099548e-01,-3.207255840301514e+00,5.197818756103516e+00,7.871304750442505e-01,6.164898276329041e-01,-9.467153809964657e-03,-1.662263274192810e-02
1609043904254861878,0,1609043904254861878,-9.024852514266968e-01,-3.215038299560547e+00,5.160444736480713e+00,7.870836853981018e-01,6.165246963500977e-01,-8.190972730517387e-03,-1.815451309084892e-02
1609043904361869312,0,1609043904361869312,-8.981865644454956e-01,-3.229214191436768e+00,5.118002891540527e+00,7.870779633522034e-01,6.164938211441040e-01,-5.511564668267965e-03,-2.033043839037418e-02
1609043904458708808,0,1609043904458708808,-8.923423886299133e-01,-3.242229938507080e+00,5.089560985565186e+00,7.869966626167297e-01,6.165983676910400e-01,-4.894505254924297e-03,-2.046386152505875e-02
1609043904570840871,0,1609043904570840871,-8.846437335014343e-01,-3.254885196685791e+00,5.057849407196045e+00,7.869254946708679e-01,6.167179346084595e-01,-6.420048419386148e-03,-1.913584023714066e-02
1609043904672950686,0,1609043904672950686,-8.762074708938599e-01,-3.267675876617432e+00,5.021781444549561e+00,7.869477272033691e-01,6.167107820510864e-01,-9.907931089401245e-03,-1.682252623140812e-02
1609043904780618764,0,1609043904780618764,-8.677077293395996e-01,-3.281929969787598e+00,4.996050834655762e+00,7.868936061859131e-01,6.167764067649841e-01,-1.381153147667646e-02,-1.395310088992119e-02
1609043904877551732,0,1609043904877551732,-8.598019480705261e-01,-3.294530391693115e+00,4.965645790100098e+00,7.868967652320862e-01,6.167401075363159e-01,-1.539134606719017e-02,-1.372294779866934e-02
1609043904985586123,0,1609043904985586123,-8.563003540039062e-01,-3.319555044174194e+00,4.916627883911133e+00,7.868555784225464e-01,6.167680025100708e-01,-1.810564659535885e-02,-1.130163669586182e-02
1609043905082987125,0,1609043905082987125,-8.496484756469727e-01,-3.337253332138062e+00,4.881965160369873e+00,7.868133783340454e-01,6.168113350868225e-01,-1.930415444076061e-02,-9.786495938897133e-03
1609043905150499685,0,1609043905150499685,-8.428180217742920e-01,-3.348283529281616e+00,4.848136901855469e+00,7.867897748947144e-01,6.168319582939148e-01,-1.990801841020584e-02,-9.161758236587048e-03
1609043905257445863,0,1609043905257445863,-8.308721184730530e-01,-3.360383510589600e+00,4.795270442962646e+00,7.867415547370911e-01,6.169019937515259e-01,-2.001050300896168e-02,-8.321931585669518e-03
1609043905359364864,0,1609043905359364864,-8.197791576385498e-01,-3.370302915573120e+00,4.743404388427734e+00,7.866768836975098e-01,6.169905066490173e-01,-1.993084512650967e-02,-8.058132603764534e-03
1609043905457368967,0,1609043905457368967,-8.074069023132324e-01,-3.378881454467773e+00,4.697428226470947e+00,7.866913080215454e-01,6.169880032539368e-01,-1.945357397198677e-02,-8.019711822271347e-03
1609043905569448323,0,1609043905569448323,-7.941177487373352e-01,-3.384437084197998e+00,4.659171581268311e+00,7.865917682647705e-01,6.171371340751648e-01,-1.879197359085083e-02,-7.873333990573883e-03
1609043905666695281,0,1609043905666695281,-7.833475470542908e-01,-3.367574930191040e+00,4.623954772949219e+00,7.835090160369873e-01,6.210481524467468e-01,-1.838089898228645e-02,-8.660273626446724e-03
1609043905774023395,0,1609043905774023395,-7.741200327873230e-01,-3.351158142089844e+00,4.590815067291260e+00,7.768514752388000e-01,6.293654441833496e-01,-1.816001906991005e-02,-8.432443253695965e-03
1609043905870919356,0,1609043905870919356,-7.690229415893555e-01,-3.356203317642212e+00,4.553883075714111e+00,7.680931091308594e-01,6.400375366210938e-01,-1.775685511529446e-02,-8.341750130057335e-03
1609043905978126980,0,1609043905978126980,-7.627757787704468e-01,-3.375841379165649e+00,4.524346828460693e+00,7.565507888793945e-01,6.536149978637695e-01,-1.842339336872101e-02,-8.886363357305527e-03
1609043906085129901,0,1609043906085129901,-7.535456418991089e-01,-3.390702009201050e+00,4.493101119995117e+00,7.442685365676880e-01,6.675229668617249e-01,-1.963246986269951e-02,-9.599736891686916e-03
1609043906177638908,0,1609043906177638908,-7.459737062454224e-01,-3.392511129379272e+00,4.465571880340576e+00,7.321884632110596e-01,6.807107329368591e-01,-2.068786695599556e-02,-1.025099866092205e-02
1609043906253960814,0,1609043906253960814,-7.394486665725708e-01,-3.388478994369507e+00,4.444645881652832e+00,7.208244800567627e-01,6.927077770233154e-01,-2.137189731001854e-02,-1.054901070892811e-02
1609043906356648819,0,1609043906356648819,-7.318761348724365e-01,-3.376334190368652e+00,4.414118289947510e+00,7.050777673721313e-01,7.086842060089111e-01,-2.198490686714649e-02,-1.219305302947760e-02
1609043906458441682,0,1609043906458441682,-7.278123497962952e-01,-3.369035482406616e+00,4.386012554168701e+00,6.893688440322876e-01,7.240421175956726e-01,-2.047906070947647e-02,-1.068876124918461e-02
1609043906561886345,0,1609043906561886345,-7.157958745956421e-01,-3.356588840484619e+00,4.364906311035156e+00,6.738079190254211e-01,7.386599183082581e-01,-1.569762267172337e-02,-1.086680497974157e-02
1609043906658540597,0,1609043906658540597,-7.040795683860779e-01,-3.348970651626587e+00,4.325917720794678e+00,6.593196988105774e-01,7.517175674438477e-01,-1.018998678773642e-02,-1.069836877286434e-02
1609043906760591966,0,1609043906760591966,-6.920067667961121e-01,-3.341370344161987e+00,4.290500164031982e+00,6.449102163314819e-01,7.641656398773193e-01,-4.952527116984129e-03,-1.083090342581272e-02
1609043906868112456,0,1609043906868112456,-6.830891966819763e-01,-3.329232454299927e+00,4.274924278259277e+00,6.306224465370178e-01,7.760079503059387e-01,1.663325965637341e-04,-1.126657892018557e-02
1609043906975174023,0,1609043906975174023,-6.761535406112671e-01,-3.316867828369141e+00,4.260030746459961e+00,6.170182228088379e-01,7.868494987487793e-01,4.173956345766783e-03,-1.179110258817673e-02
1609043907077803479,0,1609043907077803479,-6.693294644355774e-01,-3.305785179138184e+00,4.243884563446045e+00,6.041828989982605e-01,7.967160940170288e-01,7.167151663452387e-03,-1.245912443846464e-02
1609043907176101446,0,1609043907176101446,-6.667847037315369e-01,-3.300430536270142e+00,4.231356143951416e+00,5.920041799545288e-01,8.057751059532166e-01,9.993816725909710e-03,-1.255505066365004e-02
1609043907282934278,0,1609043907282934278,-6.628831624984741e-01,-3.313133239746094e+00,4.205382347106934e+00,5.809379220008850e-01,8.137783408164978e-01,1.031875703483820e-02,-1.301953662186861e-02
1609043907354956624,0,1609043907354956624,-6.628733873367310e-01,-3.317552089691162e+00,4.188325881958008e+00,5.740810632705688e-01,8.186228275299072e-01,1.064575463533401e-02,-1.320281438529491e-02
1609043907456798048,0,1609043907456798048,-6.693038940429688e-01,-3.315841436386108e+00,4.167185306549072e+00,5.637505054473877e-01,8.257455229759216e-01,1.222181878983974e-02,-1.342973578721285e-02
1609043907558561772,0,1609043907558561772,-6.735733151435852e-01,-3.308841466903687e+00,4.161764621734619e+00,5.544721484184265e-01,8.319097161293030e-01,1.771468669176102e-02,-1.315744500607252e-02
1609043907655973661,0,1609043907655973661,-6.833573579788208e-01,-3.327493906021118e+00,4.112646579742432e+00,5.461471080780029e-01,8.374814987182617e-01,1.223199721425772e-02,-1.408674661070108e-02
1609043907763018787,0,1609043907763018787,-7.015153765678406e-01,-3.341191530227661e+00,4.108742713928223e+00,5.374840497970581e-01,8.430976271629333e-01,1.154457405209541e-02,-1.280505768954754e-02
1609043907870122893,0,1609043907870122893,-7.220913171768188e-01,-3.377129793167114e+00,4.056571960449219e+00,5.293343663215637e-01,8.483109474182129e-01,1.057732617482543e-03,-1.314013078808784e-02
1609043907977266761,0,1609043907977266761,-7.316953539848328e-01,-3.395411252975464e+00,4.075874328613281e+00,5.213505029678345e-01,8.532343506813049e-01,-3.370819613337517e-03,-1.316774170845747e-02
1609043908068860901,0,1609043908068860901,-7.471941709518433e-01,-3.421349048614502e+00,4.076990604400635e+00,5.148541331291199e-01,8.571204543113708e-01,-1.008671615272760e-02,-1.296801026910543e-02
1609043908175806544,0,1609043908175806544,-7.661131024360657e-01,-3.449344635009766e+00,4.070731163024902e+00,5.081127882003784e-01,8.610584139823914e-01,-1.533901132643223e-02,-1.282246131449938e-02
1609043908277968277,0,1609043908277968277,-7.836917638778687e-01,-3.490071296691895e+00,4.059304237365723e+00,5.041484832763672e-01,8.633407950401306e-01,-1.824285089969635e-02,-1.200478803366423e-02
1609043908389964762,0,1609043908389964762,-7.932478189468384e-01,-3.538043260574341e+00,4.048026084899902e+00,5.058187246322632e-01,8.623255491256714e-01,-2.008034102618694e-02,-1.178283337503672e-02
1609043908446026545,0,1609043908446026545,-7.926742434501648e-01,-3.571333408355713e+00,4.044916629791260e+00,5.111768245697021e-01,8.591524362564087e-01,-2.063895016908646e-02,-1.137782819569111e-02
1609043908553007145,0,1609043908553007145,-8.034265637397766e-01,-3.573583841323853e+00,4.016969680786133e+00,5.234059691429138e-01,8.517761230468750e-01,-2.012199163436890e-02,-1.090037822723389e-02
1609043908650881589,0,1609043908650881589,-8.178758025169373e-01,-3.561511039733887e+00,3.985565662384033e+00,5.373228192329407e-01,8.430582880973816e-01,-2.021704986691475e-02,-1.132690813392401e-02
1609043908758222990,0,1609043908758222990,-8.288470506668091e-01,-3.544286251068115e+00,3.973688364028931e+00,5.542873740196228e-01,8.320228457450867e-01,-1.966410130262375e-02,-1.080521289259195e-02
1609043908866470183,0,1609043908866470183,-8.338895440101624e-01,-3.536311864852905e+00,3.965894460678101e+00,5.716944336891174e-01,8.201635479927063e-01,-1.950406283140182e-02,-1.080844085663557e-02
1609043908963175712,0,1609043908963175712,-8.356877565383911e-01,-3.537286281585693e+00,3.956164836883545e+00,5.888389945030212e-01,8.079587221145630e-01,-1.914981380105019e-02,-1.023357734084129e-02
1609043909070095748,0,1609043909070095748,-8.342971801757812e-01,-3.530958890914917e+00,3.949825763702393e+00,6.072800755500793e-01,7.941939830780029e-01,-1.909627020359039e-02,-1.011660043150187e-02
1609043909177208289,0,1609043909177208289,-8.325954079627991e-01,-3.525091409683228e+00,3.947423696517944e+00,6.256010532379150e-01,7.798624038696289e-01,-1.866081357002258e-02,-9.467432275414467e-03
1609043909284565100,0,1609043909284565100,-8.299468159675598e-01,-3.514499902725220e+00,3.950559377670288e+00,6.435001492500305e-01,7.651720643043518e-01,-1.837082393467426e-02,-9.048918262124062e-03
1609043909381737741,0,1609043909381737741,-8.278220295906067e-01,-3.499025106430054e+00,3.956777095794678e+00,6.591784954071045e-01,7.517223358154297e-01,-1.798681169748306e-02,-8.582138456404209e-03
1609043909483594934,0,1609043909483594934,-8.245709538459778e-01,-3.488942861557007e+00,3.972229719161987e+00,6.752641201019287e-01,7.373313307762146e-01,-1.734718121588230e-02,-7.747242692857981e-03
1609043909554901072,0,1609043909554901072,-8.225600123405457e-01,-3.482718467712402e+00,3.981516838073730e+00,6.872731447219849e-01,7.261702418327332e-01,-1.684701256453991e-02,-6.983501370996237e-03
1609043909661908846,0,1609043909661908846,-8.168024420738220e-01,-3.471081018447876e+00,3.994297981262207e+00,7.039706707000732e-01,7.099940776824951e-01,-1.691014505922794e-02,-6.914289202541113e-03
1609043909753554297,0,1609043909753554297,-8.118579983711243e-01,-3.457918405532837e+00,4.001869201660156e+00,7.182397842407227e-01,6.955557465553284e-01,-1.694924011826515e-02,-6.820236332714558e-03
1609043909856808879,0,1609043909856808879,-8.069409728050232e-01,-3.442800045013428e+00,4.011128425598145e+00,7.332015037536621e-01,6.797815561294556e-01,-1.650715246796608e-02,-6.336475722491741e-03
1609043909968807330,0,1609043909968807330,-8.040655255317688e-01,-3.425696849822998e+00,4.016461849212646e+00,7.478077411651611e-01,6.636819243431091e-01,-1.646609418094158e-02,-6.226330529898405e-03
1609043910060177621,0,1609043910060177621,-7.991768717765808e-01,-3.411365270614624e+00,4.019039630889893e+00,7.601436972618103e-01,6.495278477668762e-01,-1.616464555263519e-02,-5.821880884468555e-03
1609043910174188874,0,1609043910174188874,-7.942307591438293e-01,-3.399418115615845e+00,4.023897171020508e+00,7.748446464538574e-01,6.319307684898376e-01,-1.577729545533657e-02,-5.513119045644999e-03
1609043910276099577,0,1609043910276099577,-7.908669710159302e-01,-3.381788015365601e+00,4.026897430419922e+00,7.879188060760498e-01,6.155558228492737e-01,-1.575630158185959e-02,-5.173316225409508e-03
1609043910378027705,0,1609043910378027705,-7.879897952079773e-01,-3.362613677978516e+00,4.031189918518066e+00,8.009726405143738e-01,5.984781980514526e-01,-1.560636609792709e-02,-4.816023167222738e-03
1609043910481422068,0,1609043910481422068,-7.844549417495728e-01,-3.339238166809082e+00,4.028306961059570e+00,8.139312267303467e-01,5.807417631149292e-01,-1.529821753501892e-02,-4.576747305691242e-03
1609043910629534259,0,1609043910629534259,-7.799584865570068e-01,-3.308944702148438e+00,4.023400783538818e+00,8.297635316848755e-01,5.578722357749939e-01,-1.580853015184402e-02,-4.600640386343002e-03
1609043910654974797,0,1609043910654974797,-7.791715264320374e-01,-3.301186323165894e+00,4.023206233978271e+00,8.345096111297607e-01,5.507430434226990e-01,-1.588738709688187e-02,-4.846790339797735e-03
1609043910761751083,0,1609043910761751083,-7.759048938751221e-01,-3.272991418838501e+00,4.021931648254395e+00,8.481348156929016e-01,5.295317769050598e-01,-1.541606150567532e-02,-5.068990867584944e-03
1609043910860679231,0,1609043910860679231,-7.727648615837097e-01,-3.240724325180054e+00,4.022344589233398e+00,8.595126271247864e-01,5.109308958053589e-01,-1.144303753972054e-02,-7.536120247095823e-03
1609043910963105705,0,1609043910963105705,-7.701810002326965e-01,-3.214049100875854e+00,4.018277168273926e+00,8.701248168945312e-01,4.926641285419464e-01,-7.988571189343929e-03,-1.004953961819410e-02
1609043911065328363,0,1609043911065328363,-7.709167003631592e-01,-3.187798261642456e+00,4.014393806457520e+00,8.797268271446228e-01,4.753212034702301e-01,-4.623753018677235e-03,-1.136664953082800e-02
1609043911172483801,0,1609043911172483801,-7.742294073104858e-01,-3.162780523300171e+00,4.023715972900391e+00,8.884705305099487e-01,4.587810933589935e-01,-5.844039842486382e-03,-1.029986888170242e-02
1609043911274706241,0,1609043911274706241,-7.760481238365173e-01,-3.140087842941284e+00,4.021879196166992e+00,8.965495228767395e-01,4.427839219570160e-01,-7.801915053278208e-03,-8.976249024271965e-03
1609043911376582568,0,1609043911376582568,-7.803927063941956e-01,-3.122582674026489e+00,4.018857955932617e+00,9.040399789810181e-01,4.272303879261017e-01,-1.173799950629473e-02,-6.944531574845314e-03
1609043911478686592,0,1609043911478686592,-7.833429574966431e-01,-3.100324869155884e+00,4.004345893859863e+00,9.112232327461243e-01,4.115947484970093e-01,-1.534422114491463e-02,-5.158210638910532e-03
1609043911582337712,0,1609043911582337712,-7.896518111228943e-01,-3.082093000411987e+00,3.994340896606445e+00,9.182571768760681e-01,3.955680727958679e-01,-1.780700683593750e-02,-3.558237571269274e-03
1609043911684267487,0,1609043911684267487,-7.942085266113281e-01,-3.063322544097900e+00,3.994297981262207e+00,9.246430397033691e-01,3.803267180919647e-01,-1.933886483311653e-02,-3.593851579353213e-03
1609043911755540846,0,1609043911755540846,-7.965658903121948e-01,-3.047879934310913e+00,3.983884572982788e+00,9.293440580368042e-01,3.685331344604492e-01,-2.117126435041428e-02,-7.401537150144577e-03
1609043911857312040,0,1609043911857312040,-7.978388667106628e-01,-3.025055408477783e+00,3.990335464477539e+00,9.356107711791992e-01,3.522577583789825e-01,-2.004790678620338e-02,-1.204544678330421e-02
1609043911964154193,0,1609043911964154193,-8.024629950523376e-01,-2.997383356094360e+00,4.014492511749268e+00,9.413824081420898e-01,3.367464840412140e-01,-1.514780428260565e-02,-1.309467293322086e-02
1609043912065955139,0,1609043912065955139,-7.981447577476501e-01,-2.971638917922974e+00,4.020905971527100e+00,9.464690685272217e-01,3.220998644828796e-01,-1.511877961456776e-02,-1.481573935598135e-02
1609043912167687738,0,1609043912167687738,-7.948375344276428e-01,-2.948077678680420e+00,4.027061462402344e+00,9.515690803527832e-01,3.067551553249359e-01,-1.445674430578947e-02,-1.443811878561974e-02
1609043912269465106,0,1609043912269465106,-7.919784188270569e-01,-2.927813529968262e+00,4.022042274475098e+00,9.557181596755981e-01,2.935996353626251e-01,-1.438184641301632e-02,-1.397091802209616e-02
1609043912371227562,0,1609043912371227562,-7.869660854339600e-01,-2.919311285018921e+00,4.026176452636719e+00,9.596126079559326e-01,2.806395590305328e-01,-1.517502125352621e-02,-1.244551315903664e-02
1609043912468326243,0,1609043912468326243,-7.815966010093689e-01,-2.903425693511963e+00,4.030143737792969e+00,9.629294276237488e-01,2.690382003784180e-01,-1.589320972561836e-02,-1.152229774743319e-02
1609043912581444163,0,1609043912581444163,-7.765001654624939e-01,-2.886737585067749e+00,4.040039539337158e+00,9.659498929977417e-01,2.582060098648071e-01,-1.313560456037521e-02,-9.898859076201916e-03
1609043912684316326,0,1609043912684316326,-7.741669416427612e-01,-2.871562004089355e+00,4.028589725494385e+00,9.684722423553467e-01,2.486570775508881e-01,-9.538414888083935e-03,-1.183795649558306e-02
1609043912780998567,0,1609043912780998567,-7.667207717895508e-01,-2.853332042694092e+00,4.019937515258789e+00,9.705572128295898e-01,2.401425838470459e-01,-1.235444098711014e-02,-1.406128704547882e-02
1609043912852459187,0,1609043912852459187,-7.618021368980408e-01,-2.843452453613281e+00,4.029821395874023e+00,9.722523689270020e-01,2.332560867071152e-01,-1.134152989834547e-02,-1.372389495372772e-02
1609043912954222294,0,1609043912954222294,-7.561566233634949e-01,-2.822906970977783e+00,4.033206462860107e+00,9.744690060615540e-01,2.236874252557755e-01,-1.160691399127245e-02,-1.547387707978487e-02
1609043913060995186,0,1609043913060995186,-7.489712834358215e-01,-2.805334806442261e+00,4.041325092315674e+00,9.765935540199280e-01,2.143810838460922e-01,-1.124226953834295e-02,-1.339440513402224e-02
1609043913162940219,0,1609043913162940219,-7.470762133598328e-01,-2.792268276214600e+00,4.021151065826416e+00,9.787846803665161e-01,2.041349560022354e-01,-1.178221311420202e-02,-1.306703127920628e-02
1609043913264668523,0,1609043913264668523,-7.412356138229370e-01,-2.785976886749268e+00,4.007017135620117e+00,9.806925654411316e-01,1.945580393075943e-01,-1.351587101817131e-02,-1.437919400632381e-02
1609043913367226297,0,1609043913367226297,-7.350232005119324e-01,-2.791384935379028e+00,3.998806715011597e+00,9.824197888374329e-01,1.852956563234329e-01,-1.499334909021854e-02,-1.708992384374142e-02
1609043913475225301,0,1609043913475225301,-7.274429202079773e-01,-2.785853385925293e+00,4.013075351715088e+00,9.842706322669983e-01,1.749264597892761e-01,-1.603039167821407e-02,-1.884676329791546e-02
1609043913571994242,0,1609043913571994242,-7.219336032867432e-01,-2.784150600433350e+00,4.025935649871826e+00,9.859470129013062e-01,1.653226912021637e-01,-1.444542314857244e-02,-1.919282227754593e-02
1609043913674522542,0,1609043913674522542,-7.093009948730469e-01,-2.782614946365356e+00,4.026951789855957e+00,9.878064393997192e-01,1.547509580850601e-01,-3.350226441398263e-03,-1.671440340578556e-02
1609043913781471928,0,1609043913781471928,-7.013248801231384e-01,-2.781433582305908e+00,4.012737274169922e+00,9.894100427627563e-01,1.444293409585953e-01,1.855614478699863e-03,-1.430065557360649e-02
1609043913883745544,0,1609043913883745544,-6.936004161834717e-01,-2.792512893676758e+00,4.014227867126465e+00,9.908343553543091e-01,1.341957896947861e-01,1.044488605111837e-02,-1.138892676681280e-02
1609043913955061217,0,1609043913955061217,-6.871286034584045e-01,-2.802293539047241e+00,4.002566337585449e+00,9.918252229690552e-01,1.263951212167740e-01,1.476099900901318e-02,-9.445008821785450e-03
1609043914062019178,0,1609043914062019178,-6.736686825752258e-01,-2.812462329864502e+00,4.005980968475342e+00,9.930866956710815e-01,1.160478889942169e-01,1.616309396922588e-02,-7.109857629984617e-03
1609043914154630204,0,1609043914154630204,-6.864972710609436e-01,-2.823067665100098e+00,4.006295204162598e+00,9.944038987159729e-01,1.043388471007347e-01,1.585995778441429e-02,-4.778766538947821e-03
1609043914256529569,0,1609043914256529569,-6.878321766853333e-01,-2.834409475326538e+00,4.007221221923828e+00,9.955309033393860e-01,9.396593272686005e-02,9.058189578354359e-03,-2.571006072685122e-03
1609043914368678260,0,1609043914368678260,-6.978868246078491e-01,-2.849470615386963e+00,4.016288757324219e+00,9.963868856430054e-01,8.491345494985580e-02,-1.634832820855081e-03,3.966865187976509e-04
1609043914467369739,0,1609043914467369739,-7.232961654663086e-01,-2.866351127624512e+00,4.009858608245850e+00,9.970179200172424e-01,7.658889144659042e-02,-9.180863387882710e-03,2.280598040670156e-03
1609043914564094616,0,1609043914564094616,-7.531149387359619e-01,-2.884948015213013e+00,3.990735530853271e+00,9.974784255027771e-01,6.917407363653183e-02,-1.564049907028675e-02,2.667941851541400e-03
1609043914676314952,0,1609043914676314952,-7.816230654716492e-01,-2.898532629013062e+00,3.975054740905762e+00,9.978414773941040e-01,6.265129148960114e-02,-1.966437883675098e-02,6.389050395227969e-04
1609043914778378620,0,1609043914778378620,-8.031636476516724e-01,-2.899339675903320e+00,3.992149353027344e+00,9.981289505958557e-01,5.699936300516129e-02,-2.211795002222061e-02,7.934473687782884e-04
1609043914872325258,0,1609043914872325258,-8.255664110183716e-01,-2.899747133255005e+00,4.001158714294434e+00,9.983949065208435e-01,5.180237814784050e-02,-2.289861999452114e-02,1.427540555596352e-04
1609043914984577140,0,1609043914984577140,-8.416449427604675e-01,-2.900361061096191e+00,4.001269817352295e+00,9.986605048179626e-01,4.667759314179420e-02,-2.232490666210651e-02,-3.318081435281783e-04
1609043915050783805,0,1609043915050783805,-8.498249650001526e-01,-2.904028415679932e+00,3.999309778213501e+00,9.988465905189514e-01,4.290956258773804e-02,-2.154762484133244e-02,-2.489954058546573e-04
1609043915147624160,0,1609043915147624160,-8.611043095588684e-01,-2.901192665100098e+00,3.990757703781128e+00,9.990968704223633e-01,3.733507916331291e-02,-2.027693763375282e-02,-5.917918169870973e-04
1609043915250436410,0,1609043915250436410,-8.685290217399597e-01,-2.901638984680176e+00,3.986529827117920e+00,9.993452429771423e-01,3.086321055889130e-02,-1.886762119829655e-02,-8.217425784096122e-04
1609043915362589090,0,1609043915362589090,-8.695255517959595e-01,-2.903354406356812e+00,3.987888097763062e+00,9.995481967926025e-01,2.398535795509815e-02,-1.808642409741879e-02,-9.800270199775696e-04
1609043915464997245,0,1609043915464997245,-8.686217069625854e-01,-2.905475616455078e+00,3.990906953811646e+00,9.997051358222961e-01,1.737483590841293e-02,-1.694015599787235e-02,-9.312956826761365e-04
1609043915572130854,0,1609043915572130854,-8.666573762893677e-01,-2.908371925354004e+00,3.993697643280029e+00,9.998303055763245e-01,9.965053759515285e-03,-1.544139347970486e-02,-1.278387731872499e-03
1609043915668603995,0,1609043915668603995,-8.661816716194153e-01,-2.905779600143433e+00,4.004382133483887e+00,9.998887777328491e-01,2.298800041899085e-03,-1.468607224524021e-02,-1.187661080621183e-03
1609043915780439438,0,1609043915780439438,-8.557062745094299e-01,-2.901020050048828e+00,4.023526668548584e+00,9.998939633369446e-01,-5.401768721640110e-03,-1.349187642335892e-02,-9.519936284050345e-04
1609043915872678108,0,1609043915872678108,-8.551216721534729e-01,-2.899767398834229e+00,4.038874149322510e+00,9.998317956924438e-01,-1.315856724977493e-02,-1.278025936335325e-02,-8.499653631588444e-06
1609043915979646528,0,1609043915979646528,-8.530597090721130e-01,-2.895683526992798e+00,4.046849250793457e+00,9.996827244758606e-01,-2.195377834141254e-02,-1.235290803015232e-02,6.859271525172517e-05
1609043916076825362,0,1609043916076825362,-8.484682440757751e-01,-2.903289794921875e+00,4.055763244628906e+00,9.994806051254272e-01,-2.950082905590534e-02,-1.296730618923903e-02,-3.989595570601523e-04
1609043916148146271,0,1609043916148146271,-8.452370166778564e-01,-2.902058362960815e+00,4.064589500427246e+00,9.992533326148987e-01,-3.609665110707283e-02,-1.377108693122864e-02,-5.037477822043002e-04
1609043916260910744,0,1609043916260910744,-8.385818004608154e-01,-2.897782087326050e+00,4.073394298553467e+00,9.988449811935425e-01,-4.591756686568260e-02,-1.414717826992273e-02,-4.869004769716412e-04
1609043916358861237,0,1609043916358861237,-8.337184786796570e-01,-2.893785953521729e+00,4.070317268371582e+00,9.984260797500610e-01,-5.417159572243690e-02,-1.448367722332478e-02,-9.973134147003293e-04
1609043916461006254,0,1609043916461006254,-8.300603032112122e-01,-2.887902021408081e+00,4.064140319824219e+00,9.978868961334229e-01,-6.320425868034363e-02,-1.494652777910233e-02,-1.912627019919455e-03
1609043916559061857,0,1609043916559061857,-8.278619050979614e-01,-2.884664297103882e+00,4.060933589935303e+00,9.972346425056458e-01,-7.269012182950974e-02,-1.509912032634020e-02,-3.355645108968019e-03
1609043916666044059,0,1609043916666044059,-8.154827952384949e-01,-2.886386394500732e+00,4.075081348419189e+00,9.965296983718872e-01,-8.185962587594986e-02,-1.440540980547667e-02,-4.469946958124638e-03
1609043916762862594,0,1609043916762862594,-8.047084212303162e-01,-2.882770776748657e+00,4.093905448913574e+00,9.957621693611145e-01,-9.115393459796906e-02,-1.171734463423491e-02,-3.384271869435906e-03
1609043916874926884,0,1609043916874926884,-7.952178120613098e-01,-2.885360717773438e+00,4.103799819946289e+00,9.949218034744263e-01,-1.005001813173294e-01,-5.150612443685532e-03,-1.975262537598610e-03
1609043916972510457,0,1609043916972510457,-7.851938605308533e-01,-2.880521297454834e+00,4.105299949645996e+00,9.940985441207886e-01,-1.084649860858917e-01,-1.392632722854614e-03,-1.218021730892360e-03
1609043917074270886,0,1609043917074270886,-7.772192358970642e-01,-2.879092216491699e+00,4.103027343750000e+00,9.931979775428772e-01,-1.164337545633316e-01,9.990081889554858e-04,-2.002414112212136e-04
1609043917181364155,0,1609043917181364155,-7.721135020256042e-01,-2.881931066513062e+00,4.104805469512939e+00,9.921829104423523e-01,-1.246680393815041e-01,5.492707714438438e-03,8.376027108170092e-04
1609043917247719327,0,1609043917247719327,-7.716629505157471e-01,-2.880714416503906e+00,4.108155727386475e+00,9.913842678070068e-01,-1.306901723146439e-01,8.644266054034233e-03,1.626254175789654e-03
1609043917349540564,0,1609043917349540564,-7.687583565711975e-01,-2.884307146072388e+00,4.104779720306396e+00,9.902658462524414e-01,-1.387525796890259e-01,1.081724930554628e-02,2.081859391182661e-03
1609043917460480196,0,1609043917460480196,-7.720994949340820e-01,-2.875402927398682e+00,4.095817565917969e+00,9.891161918640137e-01,-1.467722505331039e-01,1.029764954000711e-02,1.109915785491467e-03
1609043917563248665,0,1609043917563248665,-7.784984111785889e-01,-2.878974676132202e+00,4.088789463043213e+00,9.882167577743530e-01,-1.528019756078720e-01,8.786887861788273e-03,-1.469232724048197e-03
1609043917665165865,0,1609043917665165865,-7.909632921218872e-01,-2.870319604873657e+00,4.093349456787109e+00,9.874200224876404e-01,-1.579292565584183e-01,6.673544645309448e-03,-3.965532407164574e-03
1609043917767024998,0,1609043917767024998,-8.117060065269470e-01,-2.858387231826782e+00,4.091506958007812e+00,9.865366220474243e-01,-1.633571386337280e-01,4.541636444628239e-03,-6.274301558732986e-03
1609043917863893176,0,1609043917863893176,-8.388756513595581e-01,-2.845160007476807e+00,4.084226608276367e+00,9.855168461799622e-01,-1.693288087844849e-01,3.438034793362021e-03,-8.521960116922855e-03
1609043917965855890,0,1609043917965855890,-8.558222651481628e-01,-2.849001407623291e+00,4.073748588562012e+00,9.847270846366882e-01,-1.737003177404404e-01,2.179670846089721e-03,-1.166514307260513e-02
1609043918078314446,0,1609043918078314446,-8.760970234870911e-01,-2.847845315933228e+00,4.072880744934082e+00,9.841008782386780e-01,-1.768922358751297e-01,-1.122902613133192e-03,-1.592056080698967e-02
1609043918181428680,0,1609043918181428680,-9.037141799926758e-01,-2.835881710052490e+00,4.072696685791016e+00,9.836107492446899e-01,-1.791937351226807e-01,-2.500252099707723e-03,-1.983145438134670e-02
1609043918283171408,0,1609043918283171408,-9.313033819198608e-01,-2.827770709991455e+00,4.088914394378662e+00,9.833581447601318e-01,-1.805349886417389e-01,-5.035721231251955e-03,-1.971083506941795e-02
1609043918354496943,0,1609043918354496943,-9.537521004676819e-01,-2.826554298400879e+00,4.105493545532227e+00,9.832901954650879e-01,-1.809974014759064e-01,-6.761000957340002e-03,-1.829672977328300e-02
1609043918461753776,0,1609043918461753776,-9.871557354927063e-01,-2.825639009475708e+00,4.069324493408203e+00,9.831421375274658e-01,-1.814955174922943e-01,-7.282840553671122e-03,-2.092823758721352e-02
1609043918563470140,0,1609043918563470140,-1.024701237678528e+00,-2.846414804458618e+00,4.040336608886719e+00,9.829315543174744e-01,-1.820634454488754e-01,-7.117525208741426e-03,-2.545096911489964e-02
1609043918660740608,0,1609043918660740608,-1.057279229164124e+00,-2.859479427337646e+00,4.041095733642578e+00,9.827470779418945e-01,-1.823070794343948e-01,-6.821168586611748e-03,-3.042654693126678e-02
1609043918762574285,0,1609043918762574285,-1.088848710060120e+00,-2.880776643753052e+00,4.065898418426514e+00,9.826133251190186e-01,-1.823887079954147e-01,-6.439712829887867e-03,-3.411732241511345e-02
1609043918874762786,0,1609043918874762786,-1.123385071754456e+00,-2.906316280364990e+00,4.069055557250977e+00,9.824485778808594e-01,-1.825441271066666e-01,-5.796540062874556e-03,-3.793198987841606e-02
1609043918974998313,0,1609043918974998313,-1.154754161834717e+00,-2.935293912887573e+00,4.072539329528809e+00,9.823341369628906e-01,-1.825234889984131e-01,-5.243729799985886e-03,-4.095653444528580e-02
1609043919076596774,0,1609043919076596774,-1.191447257995605e+00,-2.972663402557373e+00,4.069015502929688e+00,9.822027087211609e-01,-1.825093328952789e-01,-4.779245704412460e-03,-4.410585388541222e-02
1609043919173123782,0,1609043919173123782,-1.227391600608826e+00,-3.017307519912720e+00,4.076745033264160e+00,9.821704626083374e-01,-1.824450343847275e-01,-4.909742623567581e-03,-4.506578668951988e-02
1609043919280086546,0,1609043919280086546,-1.266127824783325e+00,-3.071660041809082e+00,4.043517589569092e+00,9.819992780685425e-01,-1.823379397392273e-01,-4.280680790543556e-03,-4.911237210035324e-02
1609043919382067105,0,1609043919382067105,-1.307668685913086e+00,-3.140155553817749e+00,4.085596084594727e+00,9.821742177009583e-01,-1.823047250509262e-01,-5.824672058224678e-03,-4.544208198785782e-02
1609043919458819429,0,1609043919458819429,-1.343067765235901e+00,-3.200170516967773e+00,4.093335628509521e+00,9.824032783508301e-01,-1.822357922792435e-01,-6.006337236613035e-03,-4.047030210494995e-02
1609043919560769347,0,1609043919560769347,-1.389210581779480e+00,-3.282089471817017e+00,4.072055816650391e+00,9.827132821083069e-01,-1.820025146007538e-01,-7.174183614552021e-03,-3.314080461859703e-02
1609043919657591474,0,1609043919657591474,-1.439472675323486e+00,-3.375348567962646e+00,4.014787673950195e+00,9.828501343727112e-01,-1.819554120302200e-01,-8.873289451003075e-03,-2.862069010734558e-02
1609043919754341059,0,1609043919754341059,-1.488966941833496e+00,-3.473789215087891e+00,4.011849880218506e+00,9.830449223518372e-01,-1.819218546152115e-01,-1.113556604832411e-02,-2.008120715618134e-02
1609043919862999573,0,1609043919862999573,-1.538325548171997e+00,-3.575307846069336e+00,4.020833015441895e+00,9.832061529159546e-01,-1.816843450069427e-01,-1.501436997205019e-02,-8.434494026005268e-03
1609043919969981919,0,1609043919969981919,-1.593368172645569e+00,-3.686643362045288e+00,3.970917940139771e+00,9.831746220588684e-01,-1.818325668573380e-01,-1.744911819696426e-02,-2.370711008552462e-04
1609043920072258029,0,1609043920072258029,-1.641489744186401e+00,-3.787672996520996e+00,3.937076091766357e+00,9.831128716468811e-01,-1.819178611040115e-01,-1.897474564611912e-02,5.905545316636562e-03
1609043920174187863,0,1609043920174187863,-1.688510179519653e+00,-3.892850637435913e+00,3.957618713378906e+00,9.830722212791443e-01,-1.821387261152267e-01,-1.931051164865494e-02,4.657414741814137e-03
1609043920276209611,0,1609043920276209611,-1.724382877349854e+00,-3.977029323577881e+00,3.970465660095215e+00,9.830357432365417e-01,-1.821312010288239e-01,-2.034551464021206e-02,7.423458155244589e-03
1609043920378168440,0,1609043920378168440,-1.758248090744019e+00,-4.059504032135010e+00,3.974716901779175e+00,9.830009341239929e-01,-1.822791099548340e-01,-2.045067586004734e-02,8.075362071394920e-03
1609043920485199259,0,1609043920485199259,-1.789162158966064e+00,-4.142789363861084e+00,3.979452610015869e+00,9.828962087631226e-01,-1.828813403844833e-01,-2.009898424148560e-02,8.092928677797318e-03
1609043920552322076,0,1609043920552322076,-1.813237190246582e+00,-4.199502468109131e+00,3.974193572998047e+00,9.827086925506592e-01,-1.839022338390350e-01,-1.996382139623165e-02,8.059364743530750e-03
1609043920649081498,0,1609043920649081498,-1.833148002624512e+00,-4.285061359405518e+00,3.962257385253906e+00,9.827387332916260e-01,-1.838715970516205e-01,-1.917236112058163e-02,6.943917367607355e-03
1609043920751037945,0,1609043920751037945,-1.858527302742004e+00,-4.369566917419434e+00,3.956253528594971e+00,9.826892614364624e-01,-1.842766702175140e-01,-1.804656721651554e-02,6.182562094181776e-03
1609043920863412966,0,1609043920863412966,-1.889500617980957e+00,-4.448531150817871e+00,3.954685688018799e+00,9.821178317070007e-01,-1.873624175786972e-01,-1.766725629568100e-02,5.279001779854298e-03
1609043920965237678,0,1609043920965237678,-1.915276765823364e+00,-4.514866828918457e+00,3.958099365234375e+00,9.809711575508118e-01,-1.933286339044571e-01,-1.708867773413658e-02,5.250808782875538e-03
1609043921072515853,0,1609043921072515853,-1.934289693832397e+00,-4.588861465454102e+00,3.958674669265747e+00,9.792261719703674e-01,-2.020616680383682e-01,-1.620067469775677e-02,4.961380735039711e-03
1609043921177175871,0,1609043921177175871,-1.941152811050415e+00,-4.667946815490723e+00,3.956191778182983e+00,9.772247076034546e-01,-2.115745693445206e-01,-1.634347066283226e-02,1.045675366185606e-03
1609043921268847949,0,1609043921268847949,-1.955376386642456e+00,-4.743585586547852e+00,3.960093736648560e+00,9.747454524040222e-01,-2.226471602916718e-01,-1.728159002959728e-02,-9.702280513010919e-04
1609043921381467707,0,1609043921381467707,-1.944939374923706e+00,-4.829726696014404e+00,3.982729196548462e+00,9.728537201881409e-01,-2.307906299829483e-01,-1.654285751283169e-02,-4.217493813484907e-03
1609043921483169472,0,1609043921483169472,-1.944598793983459e+00,-4.894251823425293e+00,3.996960401535034e+00,9.711849689483643e-01,-2.376069873571396e-01,-1.746156252920628e-02,-6.150579545646906e-03
1609043921581274707,0,1609043921581274707,-1.956432104110718e+00,-4.952087879180908e+00,4.001105308532715e+00,9.700263738632202e-01,-2.422015666961670e-01,-1.812774315476418e-02,-7.659784983843565e-03
1609043921653394371,0,1609043921653394371,-1.966336369514465e+00,-5.007315635681152e+00,4.005845546722412e+00,9.694519639015198e-01,-2.445627897977829e-01,-1.768276840448380e-02,-6.282615941017866e-03
1609043921760369850,0,1609043921760369850,-1.974975705146790e+00,-5.083583354949951e+00,4.013946056365967e+00,9.689440727233887e-01,-2.466330230236053e-01,-1.689700223505497e-02,-5.850169807672501e-03
1609043921857447503,0,1609043921857447503,-1.984006404876709e+00,-5.158291339874268e+00,4.011696338653564e+00,9.686109423637390e-01,-2.480486929416656e-01,-1.574006304144859e-02,-4.130707122385502e-03
1609043921955032083,0,1609043921955032083,-1.990154147148132e+00,-5.237019538879395e+00,3.998946666717529e+00,9.684145450592041e-01,-2.488846033811569e-01,-1.486117672175169e-02,-2.999978605657816e-03
1609043922056762112,0,1609043922056762112,-1.992698907852173e+00,-5.316926479339600e+00,4.000458240509033e+00,9.682982563972473e-01,-2.493272572755814e-01,-1.511113252490759e-02,-2.485526027157903e-03
1609043922168680258,0,1609043922168680258,-1.994924664497375e+00,-5.401634693145752e+00,4.003202438354492e+00,9.682193994522095e-01,-2.496381849050522e-01,-1.516982167959213e-02,-1.385858398862183e-03
1609043922266132240,0,1609043922266132240,-1.994942426681519e+00,-5.476222515106201e+00,4.006298542022705e+00,9.682006239891052e-01,-2.498427629470825e-01,-1.289021410048008e-02,-8.133833762258291e-05
1609043922368083045,0,1609043922368083045,-1.993472695350647e+00,-5.555154800415039e+00,4.009934902191162e+00,9.682075381278992e-01,-2.500032484531403e-01,-8.342641405761242e-03,1.726340851746500e-03
1609043922482724853,0,1609043922482724853,-1.991467833518982e+00,-5.633013248443604e+00,4.022076606750488e+00,9.682112336158752e-01,-2.500577270984650e-01,-5.381266586482525e-03,3.047159174457192e-03
1609043922574430772,0,1609043922574430772,-1.985051989555359e+00,-5.698210239410400e+00,4.007711410522461e+00,9.682521224021912e-01,-2.499146014451981e-01,-4.257919732481241e-03,3.522960701957345e-03
1609043922676459069,0,1609043922676459069,-1.981288790702820e+00,-5.774954319000244e+00,4.026967525482178e+00,9.682148694992065e-01,-2.500697076320648e-01,-1.310989493504167e-03,4.835693165659904e-03
1609043922752792838,0,1609043922752792838,-1.979526638984680e+00,-5.832176208496094e+00,4.031799316406250e+00,9.682000875473022e-01,-2.501387298107147e-01,-5.091866478323936e-04,4.365748260170221e-03
1609043922850232380,0,1609043922850232380,-1.976612329483032e+00,-5.903312683105469e+00,4.036763668060303e+00,9.682320356369019e-01,-2.500282824039459e-01,-3.181853389833122e-04,3.553552785888314e-03
1609043922958491673,0,1609043922958491673,-1.978233218193054e+00,-5.977286815643311e+00,4.029838085174561e+00,9.682295322418213e-01,-2.500540614128113e-01,1.990701304748654e-03,7.128604338504374e-04
1609043923056746043,0,1609043923056746043,-1.980001807212830e+00,-6.039605617523193e+00,4.033279895782471e+00,9.682467579841614e-01,-2.499555498361588e-01,3.926426172256470e-03,-2.266559749841690e-03
1609043923168690879,0,1609043923168690879,-1.985625505447388e+00,-6.103013515472412e+00,4.068815708160400e+00,9.683040976524353e-01,-2.497103661298752e-01,5.489944480359554e-03,-1.361231319606304e-03
1609043923260359352,0,1609043923260359352,-1.994665622711182e+00,-6.156801223754883e+00,4.069688320159912e+00,9.683405756950378e-01,-2.495352625846863e-01,6.984913721680641e-03,-5.825057451147586e-05
1609043923372470250,0,1609043923372470250,-2.008858680725098e+00,-6.227669715881348e+00,4.055489540100098e+00,9.683587551116943e-01,-2.495098710060120e-01,4.865909460932016e-03,1.577859395183623e-03
1609043923474453563,0,1609043923474453563,-2.022789478302002e+00,-6.288350105285645e+00,4.059607982635498e+00,9.683895707130432e-01,-2.494310885667801e-01,-1.230644411407411e-03,2.125319093465805e-03
1609043923576407580,0,1609043923576407580,-2.038721561431885e+00,-6.345877170562744e+00,4.055364131927490e+00,9.683386087417603e-01,-2.495147436857224e-01,-7.404535077512264e-03,2.804137766361237e-03
1609043923683247050,0,1609043923683247050,-2.058132886886597e+00,-6.407862186431885e+00,4.035562038421631e+00,9.682468771934509e-01,-2.496317476034164e-01,-1.307682506740093e-02,3.301332006230950e-03
1609043923775229377,0,1609043923775229377,-2.080629825592041e+00,-6.466179847717285e+00,4.017974853515625e+00,9.681304097175598e-01,-2.500148415565491e-01,-1.467179786413908e-02,9.447815828025341e-04
1609043923846538753,0,1609043923846538753,-2.092291116714478e+00,-6.510450363159180e+00,4.026119709014893e+00,9.681071043014526e-01,-2.499038875102997e-01,-1.774715632200241e-02,1.362343085929751e-03
1609043923948489126,0,1609043923948489126,-2.106208086013794e+00,-6.571108341217041e+00,4.042171001434326e+00,9.680429697036743e-01,-2.499689906835556e-01,-2.017032727599144e-02,1.175192766822875e-03
1609043924062197554,0,1609043924062197554,-2.121519327163696e+00,-6.629921913146973e+00,4.049756526947021e+00,9.675520658493042e-01,-2.517304420471191e-01,-2.170680835843086e-02,1.899298513308167e-03
1609043924158917100,0,1609043924158917100,-2.127554655075073e+00,-6.686511039733887e+00,4.053557872772217e+00,9.670256972312927e-01,-2.537297606468201e-01,-2.181601151823997e-02,2.568358555436134e-03
1609043924265877069,0,1609043924265877069,-2.137141466140747e+00,-6.738302707672119e+00,4.058318138122559e+00,9.653303623199463e-01,-2.600992918014526e-01,-2.173249609768391e-02,3.660846734419465e-03
1609043924362741302,0,1609043924362741302,-2.143179893493652e+00,-6.793255805969238e+00,4.066420078277588e+00,9.629685878753662e-01,-2.686993479728699e-01,-2.160342782735825e-02,5.051607731729746e-03
1609043924471455309,0,1609043924471455309,-2.140833616256714e+00,-6.861544132232666e+00,4.072952747344971e+00,9.592066407203674e-01,-2.818522751331329e-01,-2.104198746383190e-02,6.259851623326540e-03
1609043924579204151,0,1609043924579204151,-2.132966995239258e+00,-6.937332153320312e+00,4.073013782501221e+00,9.552654623985291e-01,-2.950944006443024e-01,-1.960748806595802e-02,-1.665020827203989e-03
1609043924676230587,0,1609043924676230587,-2.101397514343262e+00,-6.996803283691406e+00,4.082301139831543e+00,9.524937272071838e-01,-3.039397299289703e-01,-1.937218010425568e-02,-1.087266369722784e-03
1609043924783224275,0,1609043924783224275,-2.081777572631836e+00,-7.066851615905762e+00,4.064407348632812e+00,9.498524069786072e-01,-3.121657669544220e-01,-1.796879433095455e-02,-3.178238868713379e-03
1609043924885169547,0,1609043924885169547,-2.075544118881226e+00,-7.123117923736572e+00,4.037030696868896e+00,9.477827548980713e-01,-3.184347152709961e-01,-1.652891375124454e-02,-5.840237718075514e-03
1609043924951475312,0,1609043924951475312,-2.065778255462646e+00,-7.163728237152100e+00,4.041181564331055e+00,9.469734430313110e-01,-3.208967745304108e-01,-1.505389157682657e-02,-6.325063761323690e-03
1609043925053294526,0,1609043925053294526,-2.054217815399170e+00,-7.227807044982910e+00,4.036434173583984e+00,9.461861848831177e-01,-3.234288096427917e-01,-1.018838491290808e-02,-4.668764304369688e-03
1609043925160382113,0,1609043925160382113,-2.041590452194214e+00,-7.289679050445557e+00,4.019371509552002e+00,9.457679390907288e-01,-3.248313069343567e-01,-1.784068765118718e-03,-2.123662736266851e-03
1609043925253812373,0,1609043925253812373,-2.029650688171387e+00,-7.345211505889893e+00,4.012515544891357e+00,9.454920291900635e-01,-3.255706429481506e-01,6.689046975225210e-03,1.997028710320592e-03
1609043925365803087,0,1609043925365803087,-2.017646074295044e+00,-7.412194252014160e+00,3.992992162704468e+00,9.452947378158569e-01,-3.259173333644867e-01,1.297494675964117e-02,5.228914320468903e-03
1609043925473442104,0,1609043925473442104,-2.007175922393799e+00,-7.472152233123779e+00,3.970438241958618e+00,9.452574253082275e-01,-3.259808719158173e-01,1.367878448218107e-02,6.143242120742798e-03
1609043925571622781,0,1609043925571622781,-2.000840425491333e+00,-7.523452758789062e+00,3.971521615982056e+00,9.452011585235596e-01,-3.262210488319397e-01,1.161418855190277e-02,6.302372086793184e-03
1609043925668726614,0,1609043925668726614,-1.999295830726624e+00,-7.577349185943604e+00,3.967715501785278e+00,9.451255798339844e-01,-3.265962600708008e-01,7.324852049350739e-03,4.361855331808329e-03
1609043925770551122,0,1609043925770551122,-1.999746561050415e+00,-7.625414848327637e+00,3.944421529769897e+00,9.450976252555847e-01,-3.267838060855865e-01,1.441571279428899e-03,9.209051495417953e-04
1609043925878236261,0,1609043925878236261,-2.005727767944336e+00,-7.675171375274658e+00,3.954047679901123e+00,9.450117349624634e-01,-3.270353078842163e-01,-2.920686383731663e-04,8.585277828387916e-04
1609043925974996762,0,1609043925974996762,-2.013115167617798e+00,-7.716064453125000e+00,3.924396991729736e+00,9.450168013572693e-01,-3.269270658493042e-01,-7.054435089230537e-03,-3.500148886814713e-03
1609043926051582547,0,1609043926051582547,-2.021311759948730e+00,-7.756998538970947e+00,3.914689064025879e+00,9.449473619461060e-01,-3.270306289196014e-01,-9.204586967825890e-03,-6.385550368577242e-03
1609043926148448248,0,1609043926148448248,-2.030252456665039e+00,-7.807458400726318e+00,3.906402349472046e+00,9.449304938316345e-01,-3.269520401954651e-01,-1.102409791201353e-02,-9.346485137939453e-03
1609043926257365454,0,1609043926257365454,-2.035370111465454e+00,-7.857874393463135e+00,3.924715518951416e+00,9.449937343597412e-01,-3.266976773738861e-01,-1.322574168443680e-02,-8.981692604720592e-03
1609043926364478372,0,1609043926364478372,-2.042639970779419e+00,-7.910718917846680e+00,3.904402494430542e+00,9.450126886367798e-01,-3.265892267227173e-01,-1.375024113804102e-02,-1.007289905101061e-02
1609043926466528080,0,1609043926466528080,-2.049062013626099e+00,-7.969609737396240e+00,3.907176017761230e+00,9.451245069503784e-01,-3.264581561088562e-01,-1.098669227212667e-02,-6.649911869317293e-03
1609043926568709351,0,1609043926568709351,-2.054002046585083e+00,-8.027256965637207e+00,3.895040988922119e+00,9.452327489852905e-01,-3.263815343379974e-01,-1.579980948008597e-03,-2.762723714113235e-03
1609043926666627553,0,1609043926666627553,-2.058182239532471e+00,-8.084608078002930e+00,3.892484664916992e+00,9.452996253967285e-01,-3.260544538497925e-01,9.339744225144386e-03,3.154871286824346e-03
1609043926768562550,0,1609043926768562550,-2.064560890197754e+00,-8.141323089599609e+00,3.888825654983521e+00,9.451744556427002e-01,-3.257738351821899e-01,2.073363400995731e-02,9.315649047493935e-03
1609043926880793745,0,1609043926880793745,-2.074432849884033e+00,-8.203649520874023e+00,3.887392997741699e+00,9.452075958251953e-01,-3.253994286060333e-01,2.407392673194408e-02,1.087294053286314e-02
1609043926977701902,0,1609043926977701902,-2.088459968566895e+00,-8.255455970764160e+00,3.897725582122803e+00,9.450708031654358e-01,-3.255786597728729e-01,2.632229030132294e-02,1.211919169872999e-02
1609043927079572874,0,1609043927079572874,-2.106564283370972e+00,-8.301374435424805e+00,3.910134077072144e+00,9.453846812248230e-01,-3.255714476108551e-01,1.386481616646051e-02,7.672006729990244e-03
1609043927145743264,0,1609043927145743264,-2.125883340835571e+00,-8.334506988525391e+00,3.919800519943237e+00,9.453041553497314e-01,-3.260409235954285e-01,7.879384793341160e-03,5.929104983806610e-03
1609043927258031885,0,1609043927258031885,-2.159516811370850e+00,-8.377888679504395e+00,3.904775381088257e+00,9.452596902847290e-01,-3.263173103332520e-01,-7.457354513462633e-05,1.091306796297431e-03
1609043927359846192,0,1609043927359846192,-2.196932554244995e+00,-8.410938262939453e+00,3.897725820541382e+00,9.452543854713440e-01,-3.262893557548523e-01,-5.149694159626961e-03,-1.746815280057490e-03
1609043927461901141,0,1609043927461901141,-2.235577583312988e+00,-8.440610885620117e+00,3.896339416503906e+00,9.452826976776123e-01,-3.262105584144592e-01,-4.687213338911533e-03,-2.311250660568476e-03
1609043927563697533,0,1609043927563697533,-2.272253274917603e+00,-8.470470428466797e+00,3.901679039001465e+00,9.453559517860413e-01,-3.260303139686584e-01,-1.832086476497352e-03,-1.712194643914700e-03
1609043927665598147,0,1609043927665598147,-2.302797317504883e+00,-8.498087882995605e+00,3.916075706481934e+00,9.455065131187439e-01,-3.255716264247894e-01,-3.689409466460347e-03,-2.675551455467939e-03
1609043927767288608,0,1609043927767288608,-2.339329957962036e+00,-8.529545783996582e+00,3.930738449096680e+00,9.454671144485474e-01,-3.257145285606384e-01,-7.001103949733078e-04,-1.216047210618854e-03
1609043927874343394,0,1609043927874343394,-2.375139474868774e+00,-8.569733619689941e+00,3.973081350326538e+00,9.455016255378723e-01,-3.255656361579895e-01,3.246363950893283e-03,4.830895923078060e-03
1609043927976169525,0,1609043927976169525,-2.411028623580933e+00,-8.599161148071289e+00,3.946192741394043e+00,9.449357390403748e-01,-3.272174894809723e-01,2.253024838864803e-03,4.477336071431637e-03
1609043928072900924,0,1609043928072900924,-2.456972360610962e+00,-8.622406959533691e+00,3.942209720611572e+00,9.434959888458252e-01,-3.313027620315552e-01,1.448360388167202e-03,7.198618724942207e-03
1609043928179813474,0,1609043928179813474,-2.490598201751709e+00,-8.661786079406738e+00,3.957974195480347e+00,9.418610930442810e-01,-3.358848989009857e-01,3.975701110903174e-05,8.898168802261353e-03
1609043928246033311,0,1609043928246033311,-2.517913103103638e+00,-8.694797515869141e+00,3.964720487594604e+00,9.402120709419250e-01,-3.404369950294495e-01,-1.142502063885331e-03,1.013059634715319e-02
1609043928352935091,0,1609043928352935091,-2.561479568481445e+00,-8.737380027770996e+00,3.965889930725098e+00,9.383596181869507e-01,-3.455141186714172e-01,-2.577169332653284e-03,9.733405895531178e-03
1609043928454616483,0,1609043928454616483,-2.601889133453369e+00,-8.764281272888184e+00,3.980960607528687e+00,9.371631741523743e-01,-3.487332463264465e-01,-4.806349053978920e-03,9.331921115517616e-03
1609043928556459995,0,1609043928556459995,-2.642904996871948e+00,-8.786210060119629e+00,3.983366727828979e+00,9.364163279533386e-01,-3.507655560970306e-01,-4.404204897582531e-03,8.291041478514671e-03
1609043928658297377,0,1609043928658297377,-2.684124946594238e+00,-8.804736137390137e+00,3.980670928955078e+00,9.360575675964355e-01,-3.517608940601349e-01,-3.921105992048979e-03,6.729750428348780e-03
1609043928765429031,0,1609043928765429031,-2.727493286132812e+00,-8.826493263244629e+00,3.972567796707153e+00,9.358722567558289e-01,-3.523023128509521e-01,-2.602595835924149e-03,4.397572018206120e-03
1609043928862742801,0,1609043928862742801,-2.765084981918335e+00,-8.843753814697266e+00,3.977827548980713e+00,9.357491135597229e-01,-3.526594936847687e-01,-9.228059207089245e-04,2.022832399234176e-03
1609043928975447066,0,1609043928975447066,-2.804508686065674e+00,-8.857368469238281e+00,3.975398778915405e+00,9.356840252876282e-01,-3.528356254100800e-01,-3.420198918320239e-04,-1.562891178764403e-03
1609043929077839839,0,1609043929077839839,-2.843826055526733e+00,-8.871300697326660e+00,3.965905427932739e+00,9.355903863906860e-01,-3.530615866184235e-01,-2.024253626586869e-04,-4.265353549271822e-03
1609043929181264390,0,1609043929181264390,-2.882787942886353e+00,-8.886181831359863e+00,3.974609851837158e+00,9.355254173278809e-01,-3.532131910324097e-01,-1.391104306094348e-04,-5.719560198485851e-03
1609043929283299988,0,1609043929283299988,-2.922782659530640e+00,-8.903300285339355e+00,3.984723567962646e+00,9.354934096336365e-01,-3.532893955707550e-01,8.648844668641686e-04,-6.153087131679058e-03
1609043929354623518,0,1609043929354623518,-2.955019235610962e+00,-8.917214393615723e+00,3.984380722045898e+00,9.354462027549744e-01,-3.534145057201385e-01,1.641810871660709e-03,-5.989569239318371e-03
1609043929447115259,0,1609043929447115259,-3.002022266387939e+00,-8.939162254333496e+00,3.971528053283691e+00,9.354475140571594e-01,-3.534170687198639e-01,2.232775790616870e-03,-5.430380348116159e-03
1609043929554082151,0,1609043929554082151,-3.055346727371216e+00,-8.964830398559570e+00,3.946919918060303e+00,9.354211091995239e-01,-3.534864187240601e-01,2.928134985268116e-03,-5.111910402774811e-03
1609043929662104615,0,1609043929662104615,-3.110813617706299e+00,-8.990083694458008e+00,3.930539608001709e+00,9.353435635566711e-01,-3.536868691444397e-01,1.921084709465504e-03,-5.861997604370117e-03
1609043929764014672,0,1609043929764014672,-3.163963317871094e+00,-9.015699386596680e+00,3.922980308532715e+00,9.352723360061646e-01,-3.538680374622345e-01,6.951846880838275e-04,-6.525957491248846e-03
1609043929862209916,0,1609043929862209916,-3.214236736297607e+00,-9.038812637329102e+00,3.917317628860474e+00,9.352708458900452e-01,-3.538516759872437e-01,-3.795072552748024e-04,-7.573306094855070e-03
1609043929971224957,0,1609043929971224957,-3.273397922515869e+00,-9.063268661499023e+00,3.904301643371582e+00,9.352114796638489e-01,-3.539543747901917e-01,-3.167118877172470e-03,-9.273089468479156e-03
1609043930068007441,0,1609043930068007441,-3.326359272003174e+00,-9.092995643615723e+00,3.888341903686523e+00,9.351723790168762e-01,-3.539919555187225e-01,-5.309805274009705e-03,-1.068849023431540e-02
1609043930175031740,0,1609043930175031740,-3.384754180908203e+00,-9.122596740722656e+00,3.891916513442993e+00,9.351451396942139e-01,-3.540136814117432e-01,-6.638424005359411e-03,-1.157350931316614e-02
1609043930271848670,0,1609043930271848670,-3.440231084823608e+00,-9.150706291198730e+00,3.888468265533447e+00,9.351416230201721e-01,-3.539710044860840e-01,-8.543160744011402e-03,-1.190499216318130e-02
1609043930374790667,0,1609043930374790667,-3.498281240463257e+00,-9.182878494262695e+00,3.886843204498291e+00,9.351410865783691e-01,-3.539325296878815e-01,-1.060085836797953e-02,-1.142849959433079e-02
1609043930446179451,0,1609043930446179451,-3.546118021011353e+00,-9.211316108703613e+00,3.876530408859253e+00,9.351170063018799e-01,-3.539852797985077e-01,-1.171978376805782e-02,-1.064310781657696e-02
1609043930553141039,0,1609043930553141039,-3.609466075897217e+00,-9.255129814147949e+00,3.860962390899658e+00,9.351043105125427e-01,-3.540059328079224e-01,-1.278398744761944e-02,-9.814972057938576e-03
1609043930656049334,0,1609043930656049334,-3.670161247253418e+00,-9.299200057983398e+00,3.848511219024658e+00,9.350911378860474e-01,-3.540357649326324e-01,-1.334885600954294e-02,-9.217683225870132e-03
1609043930753034861,0,1609043930753034861,-3.727859497070312e+00,-9.342461585998535e+00,3.841549396514893e+00,9.348968863487244e-01,-3.545829951763153e-01,-1.295054890215397e-02,-8.432372473180294e-03
1609043930865201035,0,1609043930865201035,-3.796051263809204e+00,-9.385705947875977e+00,3.839172124862671e+00,9.332047104835510e-01,-3.590562343597412e-01,-1.222035381942987e-02,-7.630988955497742e-03
1609043930962192679,0,1609043930962192679,-3.851099967956543e+00,-9.431708335876465e+00,3.844101190567017e+00,9.309413433074951e-01,-3.649391829967499e-01,-1.115825492888689e-02,-6.572470534592867e-03
1609043931074273770,0,1609043931074273770,-3.912613391876221e+00,-9.489967346191406e+00,3.847007036209106e+00,9.265474081039429e-01,-3.760019838809967e-01,-1.001579966396093e-02,-5.674074403941631e-03
1609043931171049155,0,1609043931171049155,-3.962759017944336e+00,-9.549356460571289e+00,3.836467027664185e+00,9.222773909568787e-01,-3.863957524299622e-01,-9.049613028764725e-03,-4.590208176523447e-03
1609043931272876936,0,1609043931272876936,-4.015478134155273e+00,-9.613679885864258e+00,3.820354700088501e+00,9.167859554290771e-01,-3.992950618267059e-01,-7.500370033085346e-03,-3.277337644249201e-03
1609043931379875184,0,1609043931379875184,-4.057975292205811e+00,-9.685432434082031e+00,3.796993732452393e+00,9.133757948875427e-01,-4.070847332477570e-01,-4.845022223889828e-03,-1.768348389305174e-03
1609043931481869221,0,1609043931481869221,-4.108755588531494e+00,-9.745669364929199e+00,3.785569667816162e+00,9.100055694580078e-01,-4.145837426185608e-01,-3.206275170668960e-03,5.702129783458076e-05
1609043931548147885,0,1609043931548147885,-4.152226924896240e+00,-9.787065505981445e+00,3.782674312591553e+00,9.083963632583618e-01,-4.180991053581238e-01,-2.628426300361753e-03,1.483854139223695e-03
1609043931656423240,0,1609043931656423240,-4.218091011047363e+00,-9.846122741699219e+00,3.778043031692505e+00,9.066911935806274e-01,-4.217830300331116e-01,-2.002315130084753e-03,2.515049185603857e-03
1609043931753926773,0,1609043931753926773,-4.275159358978271e+00,-9.897099494934082e+00,3.783431291580200e+00,9.056525826454163e-01,-4.240095019340515e-01,-1.720396103337407e-03,2.528369659557939e-03
1609043931862383708,0,1609043931862383708,-4.331014156341553e+00,-9.948701858520508e+00,3.782331228256226e+00,9.050761461257935e-01,-4.252361953258514e-01,-1.150265103206038e-03,3.185906214639544e-03
1609043931961513202,0,1609043931961513202,-4.387129306793213e+00,-9.996423721313477e+00,3.786558628082275e+00,9.046134948730469e-01,-4.262000024318695e-01,1.276727300137281e-03,5.144498776644468e-03
1609043932073568554,0,1609043932073568554,-4.446611881256104e+00,-1.004657936096191e+01,3.803394317626953e+00,9.042570590972900e-01,-4.268561601638794e-01,6.829820107668638e-03,8.142880164086819e-03
1609043932165412523,0,1609043932165412523,-4.499168395996094e+00,-1.008642387390137e+01,3.791404724121094e+00,9.042165875434875e-01,-4.268852472305298e-01,7.895385846495628e-03,9.957748465240002e-03
1609043932273004533,0,1609043932273004533,-4.556076049804688e+00,-1.012298202514648e+01,3.844279527664185e+00,9.042060971260071e-01,-4.266085922718048e-01,1.153560727834702e-02,1.683071069419384e-02
1609043932374869024,0,1609043932374869024,-4.617132663726807e+00,-1.017114448547363e+01,3.825568914413452e+00,9.044990539550781e-01,-4.259739220142365e-01,1.195932365953922e-02,1.687189377844334e-02
1609043932476780098,0,1609043932476780098,-4.677094459533691e+00,-1.020751571655273e+01,3.838226795196533e+00,9.048567414283752e-01,-4.253157973289490e-01,9.206486865878105e-03,1.600428856909275e-02
1609043932583746710,0,1609043932583746710,-4.736302852630615e+00,-1.023396492004395e+01,3.856888771057129e+00,9.050886631011963e-01,-4.250021576881409e-01,5.013958550989628e-03,1.275680307298899e-02
1609043932655768335,0,1609043932655768335,-4.783810138702393e+00,-1.025126934051514e+01,3.865290403366089e+00,9.052602052688599e-01,-4.246969223022461e-01,2.150780201191083e-04,1.167868357151747e-02
1609043932747410334,0,1609043932747410334,-4.847132682800293e+00,-1.027267932891846e+01,3.878190755844116e+00,9.054095745086670e-01,-4.244025647640228e-01,-5.661651492118835e-03,9.164058603346348e-03
1609043932849517595,0,1609043932849517595,-4.912035465240479e+00,-1.028979587554932e+01,3.882086992263794e+00,9.055328965187073e-01,-4.239962697029114e-01,-1.436656154692173e-02,5.563128273934126e-03
1609043932966927308,0,1609043932966927308,-4.980591773986816e+00,-1.030608367919922e+01,3.899627447128296e+00,9.055070877075195e-01,-4.237487018108368e-01,-2.188491076231003e-02,3.856185358017683e-03
1609043933064492000,0,1609043933064492000,-5.033292770385742e+00,-1.031929874420166e+01,3.902082920074463e+00,9.055041670799255e-01,-4.234679937362671e-01,-2.698420546948910e-02,3.006157698109746e-03
1609043933162512412,0,1609043933162512412,-5.085916042327881e+00,-1.033584785461426e+01,3.910500288009644e+00,9.055423140525818e-01,-4.231307208538055e-01,-3.068148531019688e-02,3.495856653898954e-03
1609043933264341786,0,1609043933264341786,-5.135727405548096e+00,-1.035629749298096e+01,3.885062932968140e+00,9.055520296096802e-01,-4.232713580131531e-01,-2.849918045103550e-02,1.010404317639768e-03
1609043933371440833,0,1609043933371440833,-5.179658412933350e+00,-1.038077449798584e+01,3.897306919097900e+00,9.056362509727478e-01,-4.231841564178467e-01,-2.714526280760765e-02,1.166246132925153e-03
1609043933473277207,0,1609043933473277207,-5.216676235198975e+00,-1.040474605560303e+01,3.920867443084717e+00,9.058101177215576e-01,-4.229928255081177e-01,-2.416083589196205e-02,1.192361814901233e-03
1609043933580304006,0,1609043933580304006,-5.249638557434082e+00,-1.043274497985840e+01,3.941378593444824e+00,9.057481288909912e-01,-4.232898354530334e-01,-2.098866552114487e-02,2.333336509764194e-03
1609043933677077054,0,1609043933677077054,-5.278740406036377e+00,-1.046169281005859e+01,3.945128679275513e+00,9.057354927062988e-01,-4.234018027782440e-01,-1.918922178447247e-02,2.446679864078760e-03
1609043933753526526,0,1609043933753526526,-5.301823139190674e+00,-1.048692607879639e+01,3.957051753997803e+00,9.057831168174744e-01,-4.233155846595764e-01,-1.874188520014286e-02,3.092089667916298e-03
1609043933850214024,0,1609043933850214024,-5.329959869384766e+00,-1.052162265777588e+01,3.957673549652100e+00,9.057894945144653e-01,-4.234361946582794e-01,-1.542059332132339e-02,3.072747495025396e-03
1609043933958728117,0,1609043933958728117,-5.352503299713135e+00,-1.055657958984375e+01,3.969298124313354e+00,9.059564471244812e-01,-4.232171177864075e-01,-1.024401187896729e-02,5.020937416702509e-03
1609043934061324834,0,1609043934061324834,-5.377593040466309e+00,-1.058956527709961e+01,3.981344699859619e+00,9.060421586036682e-01,-4.230872988700867e-01,-3.761273808777332e-03,8.409201167523861e-03
1609043934158124865,0,1609043934158124865,-5.400929450988770e+00,-1.061649417877197e+01,3.982422590255737e+00,9.060505628585815e-01,-4.230090379714966e-01,1.651934115216136e-03,1.153421960771084e-02
1609043934265179476,0,1609043934265179476,-5.423954010009766e+00,-1.064444351196289e+01,3.988624572753906e+00,9.059723019599915e-01,-4.229814708232880e-01,8.306729607284069e-03,1.522575132548809e-02
1609043934372127838,0,1609043934372127838,-5.451541423797607e+00,-1.067180538177490e+01,3.987832307815552e+00,9.058052897453308e-01,-4.230972528457642e-01,1.406644005328417e-02,1.754132285714149e-02
1609043934479179375,0,1609043934479179375,-5.479427814483643e+00,-1.069273185729980e+01,3.995501756668091e+00,9.056020379066467e-01,-4.232955276966095e-01,1.828230731189251e-02,1.927748881280422e-02
1609043934571398952,0,1609043934571398952,-5.503675460815430e+00,-1.070521068572998e+01,4.001006603240967e+00,9.056083559989929e-01,-4.231522083282471e-01,2.031615935266018e-02,2.007520012557507e-02
1609043934683496677,0,1609043934683496677,-5.536776065826416e+00,-1.070948314666748e+01,4.005008220672607e+00,9.055548310279846e-01,-4.232548773288727e-01,2.013882622122765e-02,2.049761079251766e-02
1609043934780877659,0,1609043934780877659,-5.570947647094727e+00,-1.070941543579102e+01,4.006735324859619e+00,9.055401682853699e-01,-4.233263731002808e-01,1.987850479781628e-02,1.991734839975834e-02
1609043934853042727,0,1609043934853042727,-5.601172924041748e+00,-1.070387363433838e+01,4.007504463195801e+00,9.055346846580505e-01,-4.234831929206848e-01,1.733476482331753e-02,1.919868402183056e-02
1609043934949957757,0,1609043934949957757,-5.644509792327881e+00,-1.069037628173828e+01,4.018000602722168e+00,9.057375788688660e-01,-4.233381152153015e-01,1.061656232923269e-02,1.765312813222408e-02
1609043935051930996,0,1609043935051930996,-5.689585208892822e+00,-1.067193508148193e+01,4.038905143737793e+00,9.058980345726013e-01,-4.230973422527313e-01,1.964836148545146e-03,1.826276257634163e-02
1609043935153811882,0,1609043935153811882,-5.737137317657471e+00,-1.064979553222656e+01,4.046686172485352e+00,9.058963060379028e-01,-4.230051934719086e-01,-5.511953029781580e-03,1.970341801643372e-02
1609043935260801623,0,1609043935260801623,-5.780457019805908e+00,-1.062127208709717e+01,4.070324897766113e+00,9.058324098587036e-01,-4.227004349231720e-01,-1.386189926415682e-02,2.449441887438297e-02
1609043935372777896,0,1609043935372777896,-5.828238964080811e+00,-1.059230613708496e+01,3.989238023757935e+00,9.057284593582153e-01,-4.225184321403503e-01,-2.014482580125332e-02,2.698709629476070e-02
1609043935464367871,0,1609043935464367871,-5.862864971160889e+00,-1.056528091430664e+01,3.954302072525024e+00,9.055956602096558e-01,-4.224445819854736e-01,-2.450799010694027e-02,2.892332710325718e-02
1609043935566559022,0,1609043935566559022,-5.892828464508057e+00,-1.053489589691162e+01,3.957012176513672e+00,9.054706096649170e-01,-4.223384857177734e-01,-2.826700359582901e-02,3.089085035026073e-02
1609043935673676381,0,1609043935673676381,-5.912456035614014e+00,-1.049751186370850e+01,3.965640544891357e+00,9.053614735603333e-01,-4.223425090312958e-01,-3.099739924073219e-02,3.140902146697044e-02
1609043935780937518,0,1609043935780937518,-5.923793315887451e+00,-1.045811462402344e+01,3.970048427581787e+00,9.053201079368591e-01,-4.222875237464905e-01,-3.251106664538383e-02,3.180824965238571e-02
1609043935883378407,0,1609043935883378407,-5.929480552673340e+00,-1.041827869415283e+01,3.975149869918823e+00,9.053748250007629e-01,-4.222556054592133e-01,-3.241088613867760e-02,3.076111339032650e-02
1609043935944845526,0,1609043935944845526,-5.927335262298584e+00,-1.038564968109131e+01,3.993368148803711e+00,9.053964018821716e-01,-4.221399426460266e-01,-3.364731743931770e-02,3.038260154426098e-02
1609043936052083108,0,1609043936052083108,-5.921519279479980e+00,-1.033552646636963e+01,3.957350730895996e+00,9.054558277130127e-01,-4.228825569152832e-01,-2.943402156233788e-02,2.130384929478168e-02
1609043936155156077,0,1609043936155156077,-5.900886058807373e+00,-1.028380680084229e+01,3.993747234344482e+00,9.055947065353394e-01,-4.232102334499359e-01,-2.550035715103149e-02,1.188338268548250e-02
1609043936252307420,0,1609043936252307420,-5.876664161682129e+00,-1.023186874389648e+01,4.045550346374512e+00,9.057249426841736e-01,-4.232701659202576e-01,-2.207319624722004e-02,4.185347352176905e-03
1609043936365005270,0,1609043936365005270,-5.846427917480469e+00,-1.017700386047363e+01,4.085866928100586e+00,9.058742523193359e-01,-4.231213629245758e-01,-1.895385235548019e-02,-8.760488126426935e-04
1609043936468317267,0,1609043936468317267,-5.816055297851562e+00,-1.012776470184326e+01,4.079880714416504e+00,9.064007997512817e-01,-4.220605492591858e-01,-1.676920428872108e-02,-4.619642626494169e-03
1609043936571951678,0,1609043936571951678,-5.781925678253174e+00,-1.008239936828613e+01,4.073992729187012e+00,9.075374603271484e-01,-4.196247458457947e-01,-1.568540371954441e-02,-6.686253473162651e-03
1609043936675103811,0,1609043936675103811,-5.751814842224121e+00,-1.003695106506348e+01,4.067651748657227e+00,9.088209271430969e-01,-4.168208539485931e-01,-1.580152660608292e-02,-7.433868944644928e-03
1609043936777668348,0,1609043936777668348,-5.723767280578613e+00,-9.995170593261719e+00,4.059219360351562e+00,9.102837443351746e-01,-4.136037826538086e-01,-1.653347164392471e-02,-6.478707771748304e-03
1609043936880374486,0,1609043936880374486,-5.697473526000977e+00,-9.962673187255859e+00,4.047640323638916e+00,9.118157029151917e-01,-4.101685881614685e-01,-1.810272224247456e-02,-5.120856687426567e-03
1609043936976336460,0,1609043936976336460,-5.668606758117676e+00,-9.930252075195312e+00,4.034375667572021e+00,9.133653640747070e-01,-4.066687524318695e-01,-1.887821964919567e-02,-5.281968507915735e-03
1609043937057699626,0,1609043937057699626,-5.640761375427246e+00,-9.905809402465820e+00,4.002728462219238e+00,9.146780371665955e-01,-4.036818742752075e-01,-1.954912208020687e-02,-4.775845445692539e-03
1609043937154503063,0,1609043937154503063,-5.607554912567139e+00,-9.881069183349609e+00,3.974087238311768e+00,9.163171648979187e-01,-3.999211788177490e-01,-2.025163918733597e-02,-3.996245563030243e-03
1609043937251521126,0,1609043937251521126,-5.562826633453369e+00,-9.854176521301270e+00,3.966070175170898e+00,9.183244109153748e-01,-3.952594995498657e-01,-2.079598046839237e-02,-4.211986903101206e-03
1609043937353241754,0,1609043937353241754,-5.524118900299072e+00,-9.829276084899902e+00,3.961342096328735e+00,9.204587936401367e-01,-3.902086317539215e-01,-2.177760004997253e-02,-4.320171196013689e-03
1609043937455136227,0,1609043937455136227,-5.484832286834717e+00,-9.807437896728516e+00,3.970674753189087e+00,9.226442575454712e-01,-3.850085139274597e-01,-2.172953076660633e-02,-4.897190723568201e-03
1609043937567167528,0,1609043937567167528,-5.437925815582275e+00,-9.788605690002441e+00,3.996862649917603e+00,9.251545071601868e-01,-3.789541721343994e-01,-2.148799970746040e-02,-4.612266086041927e-03
1609043937674120886,0,1609043937674120886,-5.395954608917236e+00,-9.774580001831055e+00,4.009400844573975e+00,9.275398254394531e-01,-3.730839192867279e-01,-2.136714942753315e-02,-4.664337728172541e-03
1609043937765777816,0,1609043937765777816,-5.352177143096924e+00,-9.758513450622559e+00,4.021420478820801e+00,9.296800494194031e-01,-3.677152693271637e-01,-2.130452916026115e-02,-5.149692296981812e-03
1609043937868020433,0,1609043937868020433,-5.302116870880127e+00,-9.744808197021484e+00,4.032902240753174e+00,9.319931268692017e-01,-3.617528975009918e-01,-2.257487550377846e-02,-3.764292225241661e-03
1609043937976351603,0,1609043937976351603,-5.246806621551514e+00,-9.731689453125000e+00,4.041079998016357e+00,9.340834617614746e-01,-3.562904000282288e-01,-2.311610989272594e-02,-3.312070155516267e-03
1609043938074032380,0,1609043938074032380,-5.191163063049316e+00,-9.721668243408203e+00,4.050263881683350e+00,9.358919858932495e-01,-3.514512479305267e-01,-2.418649941682816e-02,-1.850209897384048e-03
1609043938150423366,0,1609043938150423366,-5.145518302917480e+00,-9.714929580688477e+00,4.042191028594971e+00,9.370667338371277e-01,-3.482928276062012e-01,-2.437906712293625e-02,-1.930124126374722e-03
1609043938247268287,0,1609043938247268287,-5.080782890319824e+00,-9.708351135253906e+00,4.041042804718018e+00,9.385645389556885e-01,-3.442234396934509e-01,-2.459818683564663e-02,-1.309987739659846e-03
1609043938349038426,0,1609043938349038426,-5.016522884368896e+00,-9.707029342651367e+00,4.023489952087402e+00,9.398789405822754e-01,-3.406146168708801e-01,-2.462789788842201e-02,-1.695043523795903e-03
1609043938466387768,0,1609043938466387768,-4.938811779022217e+00,-9.703662872314453e+00,4.027161598205566e+00,9.416877627372742e-01,-3.355209827423096e-01,-2.548806928098202e-02,-5.455152713693678e-04
1609043938558105188,0,1609043938558105188,-4.874439239501953e+00,-9.702198982238770e+00,4.005319118499756e+00,9.433584213256836e-01,-3.309782147407532e-01,-2.296662516891956e-02,-9.297520737163723e-04
1609043938665006475,0,1609043938665006475,-4.815016746520996e+00,-9.708760261535645e+00,3.989715814590454e+00,9.450005888938904e-01,-3.266011774539948e-01,-1.743829064071178e-02,-1.205150620080531e-03
1609043938767103716,0,1609043938767103716,-4.745156288146973e+00,-9.709567070007324e+00,4.007122516632080e+00,9.465346932411194e-01,-3.224687874317169e-01,-8.785136975347996e-03,-2.970080357044935e-03
1609043938879042671,0,1609043938879042671,-4.666449069976807e+00,-9.704414367675781e+00,4.029264450073242e+00,9.480679631233215e-01,-3.180637061595917e-01,-2.638541336636990e-04,-1.622685114853084e-03
1609043938967020523,0,1609043938967020523,-4.599784374237061e+00,-9.707919120788574e+00,4.051012516021729e+00,9.492645859718323e-01,-3.144094049930573e-01,6.592907011508942e-03,-1.246748870471492e-04
1609043939079194635,0,1609043939079194635,-4.520077228546143e+00,-9.711839675903320e+00,4.056051731109619e+00,9.507495760917664e-01,-3.096347749233246e-01,1.405840367078781e-02,1.953004975803196e-03
1609043939181007071,0,1609043939181007071,-4.463899612426758e+00,-9.715208053588867e+00,4.038973331451416e+00,9.516581892967224e-01,-3.063639700412750e-01,2.174194157123566e-02,3.886799793690443e-03
1609043939252238624,0,1609043939252238624,-4.420848369598389e+00,-9.715698242187500e+00,4.006986141204834e+00,9.523472189903259e-01,-3.039055168628693e-01,2.581164799630642e-02,3.174991346895695e-03
1609043939354399041,0,1609043939354399041,-4.359916687011719e+00,-9.711649894714355e+00,4.018797874450684e+00,9.534546732902527e-01,-3.000222146511078e-01,2.967806346714497e-02,5.492477677762508e-03
1609043939456345504,0,1609043939456345504,-4.315077304840088e+00,-9.710948944091797e+00,4.011384487152100e+00,9.544493556022644e-01,-2.966371178627014e-01,3.145963326096535e-02,6.580166053026915e-03
1609043939558084766,0,1609043939558084766,-4.277679920196533e+00,-9.703783035278320e+00,3.997514724731445e+00,9.554744362831116e-01,-2.931939959526062e-01,3.243950381875038e-02,7.325833197683096e-03
1609043939654710611,0,1609043939654710611,-4.250530242919922e+00,-9.690349578857422e+00,3.963779211044312e+00,9.563734531402588e-01,-2.901586592197418e-01,3.333261981606483e-02,6.833054125308990e-03
1609043939771866718,0,1609043939771866718,-4.230902194976807e+00,-9.668363571166992e+00,3.936139345169067e+00,9.574038982391357e-01,-2.866495847702026e-01,3.398540988564491e-02,7.402442861348391e-03
1609043939863455694,0,1609043939863455694,-4.226023674011230e+00,-9.646150588989258e+00,3.921218872070312e+00,9.583442807197571e-01,-2.838354408740997e-01,3.108948655426502e-02,6.870137061923742e-03
1609043939975579578,0,1609043939975579578,-4.227600097656250e+00,-9.630034446716309e+00,3.914737224578857e+00,9.597533941268921e-01,-2.802751958370209e-01,1.744061335921288e-02,-3.875874681398273e-03
1609043940067115986,0,1609043940067115986,-4.237686157226562e+00,-9.604574203491211e+00,3.923411130905151e+00,9.605242013931274e-01,-2.779026925563812e-01,1.214181073009968e-02,-4.000925924628973e-03
1609043940179174250,0,1609043940179174250,-4.254609584808350e+00,-9.581521034240723e+00,3.838928937911987e+00,9.613712430000305e-01,-2.750888764858246e-01,7.208477705717087e-03,-6.286376621574163e-03
1609043940275873984,0,1609043940275873984,-4.268631458282471e+00,-9.552574157714844e+00,3.797732830047607e+00,9.621428847312927e-01,-2.724205553531647e-01,3.061371855437756e-03,-7.674471009522676e-03
1609043940352156251,0,1609043940352156251,-4.280721664428711e+00,-9.527229309082031e+00,3.782558679580688e+00,9.627816677093506e-01,-2.702135443687439e-01,3.449439769610763e-03,-4.915871191769838e-03
1609043940453916655,0,1609043940453916655,-4.299645900726318e+00,-9.499815940856934e+00,3.764279603958130e+00,9.635047316551208e-01,-2.676848471164703e-01,9.255826589651406e-04,-1.581155578605831e-03
1609043940550593278,0,1609043940550593278,-4.319846153259277e+00,-9.480300903320312e+00,3.727499723434448e+00,9.641382098197937e-01,-2.653916776180267e-01,-2.170624211430550e-03,-2.688149688765407e-04
1609043940652396557,0,1609043940652396557,-4.337931632995605e+00,-9.455455780029297e+00,3.718415021896362e+00,9.646925330162048e-01,-2.633001208305359e-01,-5.523392930626869e-03,3.303840989246964e-03
1609043940764359951,0,1609043940764359951,-4.354299545288086e+00,-9.429568290710449e+00,3.708336830139160e+00,9.651109576225281e-01,-2.615787386894226e-01,-1.098415162414312e-02,4.100208170711994e-03
1609043940866782340,0,1609043940866782340,-4.373484611511230e+00,-9.411462783813477e+00,3.717161178588867e+00,9.653671383857727e-01,-2.603330016136169e-01,-1.478892005980015e-02,8.630290627479553e-03
1609043940968740861,0,1609043940968740861,-4.387527942657471e+00,-9.386111259460449e+00,3.735822439193726e+00,9.655117988586426e-01,-2.592602074146271e-01,-1.954550668597221e-02,1.374757476150990e-02
1609043941065388870,0,1609043941065388870,-4.401771545410156e+00,-9.374024391174316e+00,3.708327531814575e+00,9.657147526741028e-01,-2.580969929695129e-01,-2.212844043970108e-02,1.706741191446781e-02
1609043941173682200,0,1609043941173682200,-4.412201881408691e+00,-9.350373268127441e+00,3.678499937057495e+00,9.659591317176819e-01,-2.569148242473602e-01,-2.291169762611389e-02,1.981754601001740e-02
1609043941281690773,0,1609043941281690773,-4.422493934631348e+00,-9.329545974731445e+00,3.675789594650269e+00,9.662628769874573e-01,-2.557141780853271e-01,-2.133365906774998e-02,2.216606773436069e-02
1609043941376136177,0,1609043941376136177,-4.423805713653564e+00,-9.293895721435547e+00,3.704003334045410e+00,9.666855931282043e-01,-2.543156147003174e-01,-1.902860961854458e-02,2.192240208387375e-02
1609043941452943262,0,1609043941452943262,-4.420251369476318e+00,-9.266700744628906e+00,3.740235805511475e+00,9.668598771095276e-01,-2.528668045997620e-01,-1.655422151088715e-02,3.108560852706432e-02
1609043941555020778,0,1609043941555020778,-4.402040481567383e+00,-9.207541465759277e+00,3.783598661422729e+00,9.672856330871582e-01,-2.508794069290161e-01,-1.227686274796724e-02,3.559923544526100e-02
1609043941657195312,0,1609043941657195312,-4.393515586853027e+00,-9.162242889404297e+00,3.792964696884155e+00,9.673654437065125e-01,-2.493731677532196e-01,-1.055173575878143e-02,4.365509003400803e-02
1609043941758920487,0,1609043941758920487,-4.394631862640381e+00,-9.132736206054688e+00,3.762362480163574e+00,9.674233794212341e-01,-2.487657964229584e-01,-9.067323990166187e-03,4.610198363661766e-02
1609043941861332719,0,1609043941861332719,-4.378497600555420e+00,-9.074112892150879e+00,3.737536191940308e+00,9.677335619926453e-01,-2.481887042522430e-01,-8.527171798050404e-03,4.267809912562370e-02
1609043941963736261,0,1609043941963736261,-4.361506462097168e+00,-9.001302719116211e+00,3.752604722976685e+00,9.680170416831970e-01,-2.481070756912231e-01,-9.425260126590729e-03,3.601399809122086e-02
1609043942066186275,0,1609043942066186275,-4.344353199005127e+00,-8.920062065124512e+00,3.739823341369629e+00,9.684242010116577e-01,-2.482896447181702e-01,-8.679414168000221e-03,2.077052369713783e-02
1609043942172953048,0,1609043942172953048,-4.322485446929932e+00,-8.822916984558105e+00,3.779200792312622e+00,9.686222076416016e-01,-2.482991069555283e-01,-9.743225760757923e-03,4.868774674832821e-03
1609043942274760610,0,1609043942274760610,-4.297796249389648e+00,-8.724820137023926e+00,3.852770090103149e+00,9.686129689216614e-01,-2.482039183378220e-01,-1.063213776797056e-02,-8.407493121922016e-03
1609043942376486517,0,1609043942376486517,-4.270226478576660e+00,-8.625192642211914e+00,3.931555509567261e+00,9.686517715454102e-01,-2.477427273988724e-01,-1.092513091862202e-02,-1.476426422595978e-02
1609043942479153994,0,1609043942479153994,-4.242227077484131e+00,-8.524452209472656e+00,3.884315490722656e+00,9.685862660408020e-01,-2.475949674844742e-01,-7.269355934113264e-03,-2.200945466756821e-02
1609043942551068834,0,1609043942551068834,-4.226708889007568e+00,-8.460844039916992e+00,3.876889228820801e+00,9.687576889991760e-01,-2.469720691442490e-01,-6.483643315732479e-03,-2.171130850911140e-02
1609043942658535449,0,1609043942658535449,-4.207520008087158e+00,-8.376836776733398e+00,3.896767377853394e+00,9.689960479736328e-01,-2.460896074771881e-01,-2.913104137405753e-03,-2.186421863734722e-02
1609043942755194623,0,1609043942755194623,-4.190248966217041e+00,-8.315422058105469e+00,3.902139902114868e+00,9.694964289665222e-01,-2.441939115524292e-01,-1.714979065582156e-03,-2.105152420699596e-02
1609043942851926838,0,1609043942851926838,-4.178917884826660e+00,-8.256919860839844e+00,3.905360937118530e+00,9.701906442642212e-01,-2.414814978837967e-01,-3.563884878531098e-03,-2.010173350572586e-02
1609043942955504264,0,1609043942955504264,-4.170726299285889e+00,-8.202080726623535e+00,3.902694940567017e+00,9.710415005683899e-01,-2.380509674549103e-01,-5.723248235881329e-03,-1.942989043891430e-02
1609043943072625932,0,1609043943072625932,-4.158532142639160e+00,-8.152019500732422e+00,3.892958164215088e+00,9.725367426872253e-01,-2.317347675561905e-01,-8.026989176869392e-03,-2.017087489366531e-02
1609043943164252731,0,1609043943164252731,-4.153844833374023e+00,-8.109864234924316e+00,3.884538173675537e+00,9.737150073051453e-01,-2.266633659601212e-01,-1.052856259047985e-02,-1.980157941579819e-02
1609043943271536197,0,1609043943271536197,-4.152792930603027e+00,-8.058521270751953e+00,3.859479665756226e+00,9.751439690589905e-01,-2.203254997730255e-01,-1.191307324916124e-02,-2.022351883351803e-02
1609043943368261054,0,1609043943368261054,-4.149193286895752e+00,-8.020802497863770e+00,3.855938196182251e+00,9.765067100524902e-01,-2.142211943864822e-01,-1.295856293290854e-02,-1.939146034419537e-02
1609043943485816774,0,1609043943485816774,-4.147631168365479e+00,-7.988632678985596e+00,3.859486818313599e+00,9.779638051986694e-01,-2.076003849506378e-01,-1.182501111179590e-02,-1.868534088134766e-02
1609043943582886328,0,1609043943582886328,-4.142047405242920e+00,-7.961874961853027e+00,3.883459091186523e+00,9.790805578231812e-01,-2.023531496524811e-01,-1.206785812973976e-02,-1.757779344916344e-02
1609043943649285514,0,1609043943649285514,-4.135714054107666e+00,-7.941704750061035e+00,3.875801324844360e+00,9.798568487167358e-01,-1.985661238431931e-01,-1.171099115163088e-02,-1.774606853723526e-02
1609043943746643409,0,1609043943746643409,-4.127683162689209e+00,-7.917744636535645e+00,3.893914222717285e+00,9.809142351150513e-01,-1.935079097747803e-01,-1.213552523404360e-02,-1.466026157140732e-02
1609043943852770088,0,1609043943852770088,-4.115922927856445e+00,-7.897119522094727e+00,3.910813808441162e+00,9.818988442420959e-01,-1.887120604515076e-01,-1.257777307182550e-02,-1.021447684615850e-02
1609043943966001400,0,1609043943966001400,-4.106526374816895e+00,-7.881227970123291e+00,3.924530029296875e+00,9.827383160591125e-01,-1.844500452280045e-01,-1.365499291568995e-02,-4.148177336901426e-03
1609043944063060043,0,1609043944063060043,-4.100308895111084e+00,-7.869604110717773e+00,3.910428047180176e+00,9.833626151084900e-01,-1.810391694307327e-01,-1.470350567251444e-02,2.594482852146029e-03
1609043944167135183,0,1609043944167135183,-4.092703819274902e+00,-7.861772537231445e+00,3.914100408554077e+00,9.839006662368774e-01,-1.778819262981415e-01,-1.511217374354601e-02,8.317060768604279e-03
1609043944264612930,0,1609043944264612930,-4.085056781768799e+00,-7.848282814025879e+00,3.905503988265991e+00,9.842328429222107e-01,-1.755203008651733e-01,-1.624531857669353e-02,1.464238390326500e-02
1609043944367031218,0,1609043944367031218,-4.074338912963867e+00,-7.832943439483643e+00,3.869244098663330e+00,9.846232533454895e-01,-1.731452941894531e-01,-1.728575117886066e-02,1.545900013297796e-02
1609043944474394963,0,1609043944474394963,-4.059871196746826e+00,-7.810353755950928e+00,3.864296436309814e+00,9.849194884300232e-01,-1.712900549173355e-01,-1.850664615631104e-02,1.583986356854439e-02
1609043944582296018,0,1609043944582296018,-4.043503284454346e+00,-7.792184829711914e+00,3.885189533233643e+00,9.851838350296021e-01,-1.699679046869278e-01,-1.941736787557602e-02,1.211432367563248e-02
1609043944677153111,0,1609043944677153111,-4.021698951721191e+00,-7.762592315673828e+00,3.905558824539185e+00,9.854469299316406e-01,-1.684991419315338e-01,-2.057449519634247e-02,8.890121243894100e-03
1609043944753791462,0,1609043944753791462,-4.001774311065674e+00,-7.735602855682373e+00,3.921198844909668e+00,9.856332540512085e-01,-1.675077080726624e-01,-2.083800174295902e-02,5.843061488121748e-03
1609043944850965212,0,1609043944850965212,-3.974514722824097e+00,-7.695795536041260e+00,3.918394804000854e+00,9.858974218368530e-01,-1.659527271986008e-01,-2.151818759739399e-02,1.722499262541533e-03
1609043944958996354,0,1609043944958996354,-3.942333221435547e+00,-7.652561187744141e+00,3.942229509353638e+00,9.862596392631531e-01,-1.637663692235947e-01,-2.168187126517296e-02,-1.551066990941763e-03
1609043945060980653,0,1609043945060980653,-3.912853240966797e+00,-7.614931583404541e+00,3.946167945861816e+00,9.866251349449158e-01,-1.614935398101807e-01,-2.163931354880333e-02,-4.728731699287891e-03
1609043945163701683,0,1609043945163701683,-3.880158662796021e+00,-7.580583095550537e+00,3.953590631484985e+00,9.870334863662720e-01,-1.589318811893463e-01,-2.148080803453922e-02,-6.641032639890909e-03
1609043945260404220,0,1609043945260404220,-3.849263668060303e+00,-7.552486419677734e+00,3.958182334899902e+00,9.874620437622070e-01,-1.563087403774261e-01,-2.070753648877144e-02,-7.588772103190422e-03
1609043945367306190,0,1609043945367306190,-3.810080528259277e+00,-7.519638061523438e+00,3.965059041976929e+00,9.879371523857117e-01,-1.532359719276428e-01,-2.075836993753910e-02,-8.250311948359013e-03
1609043945474327750,0,1609043945474327750,-3.769734621047974e+00,-7.491350650787354e+00,3.966373682022095e+00,9.884014129638672e-01,-1.502279490232468e-01,-2.050785906612873e-02,-8.585848845541477e-03
1609043945566967955,0,1609043945566967955,-3.734958410263062e+00,-7.475481033325195e+00,3.994204521179199e+00,9.888020157814026e-01,-1.476964354515076e-01,-2.030762098729610e-02,-6.639195606112480e-03
1609043945674113168,0,1609043945674113168,-3.688555240631104e+00,-7.452091217041016e+00,4.016487121582031e+00,9.893345236778259e-01,-1.446510553359985e-01,-1.689103990793228e-02,-2.836698666214943e-03
1609043945781292014,0,1609043945781292014,-3.647143125534058e+00,-7.433431148529053e+00,4.008676052093506e+00,9.897565245628357e-01,-1.423040032386780e-01,-1.147156395018101e-02,-2.497834502719343e-04
1609043945852706786,0,1609043945852706786,-3.612833738327026e+00,-7.416355609893799e+00,4.009648799896240e+00,9.900449514389038e-01,-1.406215280294418e-01,-5.781502928584814e-03,1.762593747116625e-03
1609043945955246543,0,1609043945955246543,-3.561701059341431e+00,-7.393008232116699e+00,4.032722949981689e+00,9.903542995452881e-01,-1.384850740432739e-01,1.463317661546171e-03,4.266908857971430e-03
1609043946057282492,0,1609043946057282492,-3.515089511871338e+00,-7.372654914855957e+00,4.048073768615723e+00,9.905949831008911e-01,-1.365605294704437e-01,5.882802419364452e-03,6.188601255416870e-03
1609043946160199074,0,1609043946160199074,-3.471404075622559e+00,-7.350409030914307e+00,4.032477855682373e+00,9.908828139305115e-01,-1.344974488019943e-01,6.953812204301357e-03,3.671758342534304e-03
1609043946256868573,0,1609043946256868573,-3.432346105575562e+00,-7.322503089904785e+00,4.053457260131836e+00,9.911816716194153e-01,-1.323774605989456e-01,5.358302034437656e-03,2.535807201638818e-03
1609043946363659726,0,1609043946363659726,-3.396802902221680e+00,-7.297264575958252e+00,4.067722797393799e+00,9.914971590042114e-01,-1.300778687000275e-01,3.488755319267511e-03,1.029421342536807e-03
1609043946471061714,0,1609043946471061714,-3.364611625671387e+00,-7.264194488525391e+00,4.096637248992920e+00,9.918286800384521e-01,-1.274873316287994e-01,3.147159237414598e-03,3.603619057685137e-03
1609043946573377891,0,1609043946573377891,-3.339982748031616e+00,-7.238222599029541e+00,4.064949989318848e+00,9.921708106994629e-01,-1.247638911008835e-01,3.508893074467778e-03,4.341402091085911e-03
1609043946675905531,0,1609043946675905531,-3.314096212387085e+00,-7.206927776336670e+00,4.043152809143066e+00,9.925653934478760e-01,-1.215805634856224e-01,3.747276030480862e-03,4.256636835634708e-03
1609043946777801124,0,1609043946777801124,-3.295804262161255e+00,-7.180413246154785e+00,4.044862747192383e+00,9.929087162017822e-01,-1.186393946409225e-01,4.763669334352016e-03,5.862966179847717e-03
1609043946880342700,0,1609043946880342700,-3.278306722640991e+00,-7.148671150207520e+00,4.048654079437256e+00,9.932700991630554e-01,-1.156056523323059e-01,4.622597713023424e-03,5.330635234713554e-03
1609043946953075469,0,1609043946953075469,-3.264261245727539e+00,-7.123189926147461e+00,4.038326263427734e+00,9.935977458953857e-01,-1.129273250699043e-01,2.759267110377550e-03,1.857825205661356e-03
1609043947046783388,0,1609043947046783388,-3.246489286422729e+00,-7.086261272430420e+00,4.039966583251953e+00,9.940845370292664e-01,-1.085897982120514e-01,1.555430470034480e-03,-1.336190267466009e-03
1609043947148751960,0,1609043947148751960,-3.229555130004883e+00,-7.046991348266602e+00,4.045329093933105e+00,9.947164654731750e-01,-1.025060936808586e-01,-6.346655427478254e-04,-5.603328812867403e-03
1609043947261010503,0,1609043947261010503,-3.215701341629028e+00,-7.007145881652832e+00,4.044542789459229e+00,9.955375194549561e-01,-9.384579211473465e-02,-2.376347780227661e-03,-9.614776819944382e-03
1609043947357685649,0,1609043947357685649,-3.208107948303223e+00,-6.969322681427002e+00,4.030517101287842e+00,9.963216185569763e-01,-8.470553159713745e-02,-4.185320343822241e-03,-1.228375453501940e-02
1609043947464627744,0,1609043947464627744,-3.203101634979248e+00,-6.926865100860596e+00,4.019785881042480e+00,9.971909523010254e-01,-7.331238687038422e-02,-5.344109609723091e-03,-1.439058594405651e-02
1609043947561472222,0,1609043947561472222,-3.197318553924561e+00,-6.886523723602295e+00,4.012113571166992e+00,9.979345202445984e-01,-6.189445778727531e-02,-6.987086962908506e-03,-1.571916602551937e-02
1609043947678718965,0,1609043947678718965,-3.191328048706055e+00,-6.851517200469971e+00,4.001986026763916e+00,9.986625313758850e-01,-4.838609695434570e-02,-8.211818523705006e-03,-1.626211963593960e-02
1609043947771014837,0,1609043947771014837,-3.188644409179688e+00,-6.828144550323486e+00,3.996573448181152e+00,9.991433024406433e-01,-3.714746609330177e-02,-8.933408185839653e-03,-1.590290293097496e-02
1609043947872947716,0,1609043947872947716,-3.184264898300171e+00,-6.805240154266357e+00,3.980504751205444e+00,9.995225667953491e-01,-2.464627288281918e-02,-9.431016631424427e-03,-1.607391797006130e-02
1609043947975035330,0,1609043947975035330,-3.178154945373535e+00,-6.783210277557373e+00,3.959432125091553e+00,9.997529387474060e-01,-1.227400451898575e-02,-9.645634330809116e-03,-1.582602225244045e-02
1609043948051682647,0,1609043948051682647,-3.175135374069214e+00,-6.771280765533447e+00,3.940563440322876e+00,9.998511672019958e-01,-2.321302657946944e-03,-8.950369432568550e-03,-1.457005087286234e-02
1609043948154298416,0,1609043948154298416,-3.170414447784424e+00,-6.752002716064453e+00,3.929442644119263e+00,9.998490810394287e-01,1.084356382489204e-02,-6.740506738424301e-03,-1.178519520908594e-02
1609043948257687379,0,1609043948257687379,-3.163608074188232e+00,-6.739874362945557e+00,3.913705825805664e+00,9.996654391288757e-01,2.319146506488323e-02,-5.523835308849812e-03,-1.003011502325535e-02
1609043948356230273,0,1609043948356230273,-3.157533884048462e+00,-6.725475311279297e+00,3.921846866607666e+00,9.993806481361389e-01,3.470043465495110e-02,-4.008753690868616e-03,-4.263510461896658e-03
1609043948463422547,0,1609043948463422547,-3.153006315231323e+00,-6.708675861358643e+00,3.921331644058228e+00,9.989314675331116e-01,4.601465538144112e-02,-3.396005369722843e-03,2.668033819645643e-03
1609043948566105575,0,1609043948566105575,-3.152804374694824e+00,-6.698015689849854e+00,3.898236036300659e+00,9.983794689178467e-01,5.625553056597710e-02,-3.896987065672874e-03,7.650953251868486e-03
1609043948673104628,0,1609043948673104628,-3.153805971145630e+00,-6.691908359527588e+00,3.883971214294434e+00,9.977307915687561e-01,6.607043743133545e-02,-4.339040722697973e-03,1.221572048962116e-02
1609043948770148949,0,1609043948770148949,-3.152956962585449e+00,-6.678488254547119e+00,3.871498584747314e+00,9.970623850822449e-01,7.493936270475388e-02,-4.637536592781544e-03,1.513983402401209e-02
1609043948877135841,0,1609043948877135841,-3.148563385009766e+00,-6.659236907958984e+00,3.906126260757446e+00,9.959272146224976e-01,8.452766388654709e-02,-1.027619000524282e-03,3.135238215327263e-02
1609043948979231188,0,1609043948979231188,-3.149533510208130e+00,-6.623130321502686e+00,3.904683589935303e+00,9.949272274971008e-01,9.365721046924591e-02,2.785979886539280e-04,3.671781718730927e-02
1609043949081573974,0,1609043949081573974,-3.160631895065308e+00,-6.591388702392578e+00,3.861484766006470e+00,9.936941266059875e-01,1.018687933683395e-01,3.186293179169297e-03,4.673961177468300e-02
1609043949158014489,0,1609043949158014489,-3.168756723403931e+00,-6.563490867614746e+00,3.831687927246094e+00,9.927261471748352e-01,1.085953637957573e-01,4.675489384680986e-03,5.176835879683495e-02
1609043949250655697,0,1609043949250655697,-3.180095434188843e+00,-6.511971473693848e+00,3.809293508529663e+00,9.918102025985718e-01,1.161050274968147e-01,5.195807199925184e-03,5.296219140291214e-02
1609043949353582694,0,1609043949353582694,-3.199456691741943e+00,-6.446861743927002e+00,3.795562028884888e+00,9.913247227668762e-01,1.229230687022209e-01,4.092247691005468e-03,4.635293409228325e-02
1609043949460606549,0,1609043949460606549,-3.225299835205078e+00,-6.374829292297363e+00,3.776916980743408e+00,9.914141297340393e-01,1.274968981742859e-01,7.973578758537769e-04,2.901461720466614e-02
1609043949567534063,0,1609043949567534063,-3.255386829376221e+00,-6.286087512969971e+00,3.762723922729492e+00,9.914602041244507e-01,1.303088515996933e-01,-4.273801576346159e-03,2.846293849870563e-03
1609043949664344905,0,1609043949664344905,-3.277191400527954e+00,-6.179157257080078e+00,3.857786893844604e+00,9.910458326339722e-01,1.325511038303375e-01,-7.192265707999468e-03,-1.437901705503464e-02
1609043949766750889,0,1609043949766750889,-3.301418781280518e+00,-6.078514099121094e+00,3.912600994110107e+00,9.904664754867554e-01,1.337902992963791e-01,-1.021582074463367e-02,-3.117677383124828e-02
1609043949873694433,0,1609043949873694433,-3.324931859970093e+00,-5.981785774230957e+00,3.931159496307373e+00,9.898797869682312e-01,1.346255242824554e-01,-1.275626383721828e-02,-4.302579909563065e-02
1609043949975737901,0,1609043949975737901,-3.345899343490601e+00,-5.899024963378906e+00,3.983191967010498e+00,9.898133277893066e-01,1.354567408561707e-01,-1.445583719760180e-02,-4.137635976076126e-02
1609043950077533456,0,1609043950077533456,-3.365397214889526e+00,-5.824100017547607e+00,3.973701953887939e+00,9.898207783699036e-01,1.364289373159409e-01,-1.439246442168951e-02,-3.787844255566597e-02
1609043950179385292,0,1609043950179385292,-3.383043050765991e+00,-5.765913963317871e+00,3.949949264526367e+00,9.900451898574829e-01,1.368959844112396e-01,-1.374452095478773e-02,-2.968442253768444e-02
1609043950252981162,0,1609043950252981162,-3.394733667373657e+00,-5.722589492797852e+00,3.945524930953979e+00,9.902684688568115e-01,1.370774507522583e-01,-1.267405878752470e-02,-2.043373137712479e-02
1609043950344764584,0,1609043950344764584,-3.408794879913330e+00,-5.684848785400391e+00,3.933082103729248e+00,9.903936982154846e-01,1.376214772462845e-01,-1.137451268732548e-02,-7.162264082580805e-03
1609043950456814983,0,1609043950456814983,-3.421652078628540e+00,-5.645971298217773e+00,3.924720525741577e+00,9.904103279113770e-01,1.377490758895874e-01,-8.744674734771252e-03,6.014863960444927e-03
1609043950558627523,0,1609043950558627523,-3.432019710540771e+00,-5.612575531005859e+00,3.903995990753174e+00,9.903360009193420e-01,1.377395540475845e-01,-7.189975120127201e-03,1.451617758721113e-02
1609043950655398706,0,1609043950655398706,-3.441167593002319e+00,-5.575348377227783e+00,3.894992351531982e+00,9.902680516242981e-01,1.376523226499557e-01,-6.102654617279768e-03,1.959192380309105e-02
1609043950763286139,0,1609043950763286139,-3.447834014892578e+00,-5.521435737609863e+00,3.925039529800415e+00,9.901711940765381e-01,1.374793648719788e-01,-5.044943653047085e-03,2.520204335451126e-02
1609043950875485457,0,1609043950875485457,-3.457212209701538e+00,-5.467643260955811e+00,3.915956497192383e+00,9.902050495147705e-01,1.374726295471191e-01,-5.010507069528103e-03,2.388088777661324e-02
1609043950967391142,0,1609043950967391142,-3.471254587173462e+00,-5.419503688812256e+00,3.899460554122925e+00,9.903730154037476e-01,1.369685381650925e-01,-4.897447302937508e-03,1.941632106900215e-02
1609043951069028650,0,1609043951069028650,-3.481374025344849e+00,-5.343266963958740e+00,3.941291093826294e+00,9.904145598411560e-01,1.369524747133255e-01,-5.366201512515545e-03,1.715758442878723e-02
1609043951170673542,0,1609043951170673542,-3.501028060913086e+00,-5.264097213745117e+00,3.925032854080200e+00,9.905136823654175e-01,1.368963718414307e-01,-7.799981627613306e-03,9.019508957862854e-03
1609043951282745889,0,1609043951282745889,-3.517044544219971e+00,-5.182064533233643e+00,3.948861122131348e+00,9.904748201370239e-01,1.370557248592377e-01,-1.204091869294643e-02,5.529212299734354e-03
1609043951343836950,0,1609043951343836950,-3.531937360763550e+00,-5.127717971801758e+00,3.952998399734497e+00,9.905181527137756e-01,1.365820765495300e-01,-1.460792124271393e-02,2.422006102278829e-03
1609043951451647412,0,1609043951451647412,-3.548676729202271e+00,-5.031316757202148e+00,3.965046882629395e+00,9.904288053512573e-01,1.369027197360992e-01,-1.748036034405231e-02,1.690337667241693e-03
1609043951553733402,0,1609043951553733402,-3.565505027770996e+00,-4.948676109313965e+00,3.956206321716309e+00,9.904167056083679e-01,1.368150413036346e-01,-1.885807700455189e-02,9.468448115512729e-04
1609043951656326824,0,1609043951656326824,-3.576268672943115e+00,-4.870812892913818e+00,3.983888387680054e+00,9.904351234436035e-01,1.368443071842194e-01,-1.734714210033417e-02,3.299735486507416e-03
1609043951765098726,0,1609043951765098726,-3.585723400115967e+00,-4.781722068786621e+00,3.981402873992920e+00,9.904528856277466e-01,1.370142847299576e-01,-1.411310583353043e-02,5.571243818849325e-03
1609043951867560860,0,1609043951867560860,-3.591936349868774e+00,-4.692745685577393e+00,3.976368427276611e+00,9.903880953788757e-01,1.376510411500931e-01,-1.105573307722807e-02,7.845078594982624e-03
1609043951975316089,0,1609043951975316089,-3.597147703170776e+00,-4.615314006805420e+00,3.963026523590088e+00,9.901666045188904e-01,1.394619047641754e-01,-7.660802453756332e-03,7.867479696869850e-03
1609043952072039621,0,1609043952072039621,-3.603834390640259e+00,-4.539897441864014e+00,3.977171182632446e+00,9.899580478668213e-01,1.409858465194702e-01,-5.836773198097944e-03,8.485123515129089e-03
1609043952168940911,0,1609043952168940911,-3.610512971878052e+00,-4.457417964935303e+00,3.988761186599731e+00,9.896047115325928e-01,1.435466855764389e-01,-4.497030749917030e-03,7.532947231084108e-03
1609043952271320130,0,1609043952271320130,-3.617015838623047e+00,-4.361765861511230e+00,3.999359607696533e+00,9.891267418861389e-01,1.468781083822250e-01,-4.004934336990118e-03,6.251159589737654e-03
1609043952378237075,0,1609043952378237075,-3.624044895172119e+00,-4.265618801116943e+00,4.007240295410156e+00,9.885674715042114e-01,1.506272405385971e-01,-3.840282326564193e-03,5.566987674683332e-03
1609043952449492366,0,1609043952449492366,-3.632184028625488e+00,-4.194163322448730e+00,4.006933212280273e+00,9.881255626678467e-01,1.535313278436661e-01,-3.856134600937366e-03,4.610929638147354e-03
1609043952551492282,0,1609043952551492282,-3.641905546188354e+00,-4.089017868041992e+00,4.016193389892578e+00,9.873425364494324e-01,1.585207730531693e-01,-4.266529344022274e-03,2.762139542028308e-03
1609043952648118116,0,1609043952648118116,-3.656624794006348e+00,-3.990612983703613e+00,4.000855922698975e+00,9.866086840629578e-01,1.630109548568726e-01,-5.180597770959139e-03,-1.988381613045931e-03
1609043952765169975,0,1609043952765169975,-3.676541328430176e+00,-3.883335828781128e+00,3.994246482849121e+00,9.858556985855103e-01,1.670088320970535e-01,-6.407883483916521e-03,-1.246836967766285e-02
1609043952856720979,0,1609043952856720979,-3.692169189453125e+00,-3.802894592285156e+00,4.006927967071533e+00,9.850562810897827e-01,1.708688288927078e-01,-7.065004669129848e-03,-2.044886536896229e-02
1609043952966275102,0,1609043952966275102,-3.704817533493042e+00,-3.701683759689331e+00,4.037328720092773e+00,9.841839671134949e-01,1.746634244918823e-01,-7.438132073730230e-03,-2.862579375505447e-02
1609043953062999341,0,1609043953062999341,-3.715511083602905e+00,-3.614133119583130e+00,4.064484119415283e+00,9.830878376960754e-01,1.795275360345840e-01,-7.546897977590561e-03,-3.537380322813988e-02
1609043953171494541,0,1609043953171494541,-3.729256629943848e+00,-3.526424884796143e+00,4.093087196350098e+00,9.819140434265137e-01,1.851506978273392e-01,-6.832278799265623e-03,-3.895299136638641e-02
1609043953278326728,0,1609043953278326728,-3.743707180023193e+00,-3.451058387756348e+00,4.077848911285400e+00,9.805579781532288e-01,1.917663365602493e-01,-5.468668416142464e-03,-4.125495254993439e-02
1609043953375089366,0,1609043953375089366,-3.754788637161255e+00,-3.387817621231079e+00,4.070306777954102e+00,9.791783690452576e-01,1.985901445150375e-01,-3.837337950244546e-03,-4.191699624061584e-02
1609043953482311817,0,1609043953482311817,-3.765864372253418e+00,-3.331006288528442e+00,4.065689563751221e+00,9.774956107139587e-01,2.070229798555374e-01,-2.868652110919356e-03,-4.044394567608833e-02
1609043953550015155,0,1609043953550015155,-3.773253917694092e+00,-3.293888568878174e+00,4.065743446350098e+00,9.761928319931030e-01,2.134221643209457e-01,-1.989731099456549e-03,-3.866130113601685e-02
1609043953646798790,0,1609043953646798790,-3.781861066818237e+00,-3.249645471572876e+00,4.052624225616455e+00,9.742053747177124e-01,2.228797674179077e-01,-5.301153869368136e-04,-3.533210977911949e-02
1609043953761941916,0,1609043953761941916,-3.793430805206299e+00,-3.209247827529907e+00,4.031296253204346e+00,9.717233777046204e-01,2.339032143354416e-01,1.127790194004774e-03,-3.227655962109566e-02
1609043953858701551,0,1609043953858701551,-3.805305480957031e+00,-3.182111978530884e+00,4.017421245574951e+00,9.693452119827271e-01,2.438347041606903e-01,1.699952757917345e-03,-3.019220195710659e-02
1609043953960845802,0,1609043953960845802,-3.814623832702637e+00,-3.160421848297119e+00,4.022993087768555e+00,9.666356444358826e-01,2.546597123146057e-01,2.641308587044477e-03,-2.751616947352886e-02
1609043954057850723,0,1609043954057850723,-3.824795007705688e+00,-3.147469043731689e+00,4.029848098754883e+00,9.637235999107361e-01,2.657008171081543e-01,3.570689586922526e-03,-2.504737488925457e-02
1609043954169920759,0,1609043954169920759,-3.840677738189697e+00,-3.134775876998901e+00,4.036683559417725e+00,9.599854350090027e-01,2.788815200328827e-01,-1.193215255625546e-03,-2.552920952439308e-02
1609043954277357326,0,1609043954277357326,-3.851225376129150e+00,-3.123420715332031e+00,4.031572341918945e+00,9.560311436653137e-01,2.920386493206024e-01,-5.172262899577618e-03,-2.629139833152294e-02
1609043954374114293,0,1609043954374114293,-3.871427536010742e+00,-3.116340398788452e+00,4.031318664550781e+00,9.522716403007507e-01,3.038968741893768e-01,-8.778482675552368e-03,-2.735692635178566e-02
1609043954471000078,0,1609043954471000078,-3.892844915390015e+00,-3.110824823379517e+00,4.018314361572266e+00,9.481574296951294e-01,3.162826299667358e-01,-1.251469645649195e-02,-2.839518152177334e-02
1609043954572921804,0,1609043954572921804,-3.912272214889526e+00,-3.110630989074707e+00,4.029462337493896e+00,9.437912106513977e-01,3.290598392486572e-01,-1.439892034977674e-02,-2.775716967880726e-02
1609043954649417658,0,1609043954649417658,-3.924056291580200e+00,-3.116091012954712e+00,4.024432182312012e+00,9.401529431343079e-01,3.391543626785278e-01,-1.596992649137974e-02,-2.883993461728096e-02
1609043954756364937,0,1609043954756364937,-3.936406373977661e+00,-3.122113704681396e+00,4.031887531280518e+00,9.350455403327942e-01,3.528967499732971e-01,-1.698124222457409e-02,-2.941831946372986e-02
1609043954854030194,0,1609043954854030194,-3.943837404251099e+00,-3.137345075607300e+00,4.025585174560547e+00,9.303860664367676e-01,3.647957146167755e-01,-1.815983094274998e-02,-3.124123252928257e-02
1609043954950969050,0,1609043954950969050,-3.949008703231812e+00,-3.147301435470581e+00,4.047617435455322e+00,9.258052110671997e-01,3.764883577823639e-01,-1.766526699066162e-02,-2.879669517278671e-02
1609043955068831198,0,1609043955068831198,-3.950967550277710e+00,-3.165738105773926e+00,4.057910919189453e+00,9.207682609558105e-01,3.891387283802032e-01,-1.351115107536316e-02,-2.396557666361332e-02
1609043955165562250,0,1609043955165562250,-3.947769165039062e+00,-3.185712575912476e+00,4.055080413818359e+00,9.166083335876465e-01,3.991974890232086e-01,-9.816075675189495e-03,-1.934245787560940e-02
1609043955263711419,0,1609043955263711419,-3.943720817565918e+00,-3.210261106491089e+00,4.014639854431152e+00,9.125372767448425e-01,4.085920155048370e-01,-6.047528702765703e-03,-1.707674190402031e-02
1609043955372008681,0,1609043955372008681,-3.936834812164307e+00,-3.234879255294800e+00,4.004439830780029e+00,9.084230065345764e-01,4.178080260753632e-01,-1.842465717345476e-03,-1.416694000363350e-02
1609043955468864520,0,1609043955468864520,-3.933315753936768e+00,-3.260298967361450e+00,3.980418920516968e+00,9.047720432281494e-01,4.256377220153809e-01,-1.068630139343441e-03,-1.479910314083099e-02
1609043955571028250,0,1609043955571028250,-3.930173158645630e+00,-3.297019004821777e+00,3.998130321502686e+00,9.017109870910645e-01,4.321892261505127e-01,-1.150535070337355e-03,-1.133994758129120e-02
1609043955678336738,0,1609043955678336738,-3.927544116973877e+00,-3.324320793151855e+00,4.022280216217041e+00,8.987541198730469e-01,4.383562803268433e-01,6.440106517402455e-05,-9.210720658302307e-03
1609043955749818617,0,1609043955749818617,-3.925520896911621e+00,-3.343118190765381e+00,4.015727043151855e+00,8.967177271842957e-01,4.425410628318787e-01,5.149173666723073e-04,-7.379884365946054e-03
1609043955846439611,0,1609043955846439611,-3.923567533493042e+00,-3.365596771240234e+00,4.013647556304932e+00,8.937988281250000e-01,4.484397470951080e-01,2.384792314842343e-03,-4.452582914382219e-03
1609043955948313818,0,1609043955948313818,-3.924834251403809e+00,-3.392333745956421e+00,4.013819694519043e+00,8.907088041305542e-01,4.545571804046631e-01,3.895601024851203e-03,-7.404359639622271e-04
1609043956060401351,0,1609043956060401351,-3.936318397521973e+00,-3.423704624176025e+00,4.001585483551025e+00,8.876336812973022e-01,4.605116248130798e-01,5.306371953338385e-03,2.740331459790468e-03
1609043956162142030,0,1609043956162142030,-3.952497959136963e+00,-3.452528238296509e+00,4.008852958679199e+00,8.846862912178040e-01,4.660668373107910e-01,8.048403076827526e-03,6.861021276563406e-03
1609043956258834841,0,1609043956258834841,-3.962207555770874e+00,-3.478667259216309e+00,3.985367298126221e+00,8.815762996673584e-01,4.718664288520813e-01,9.593497030436993e-03,8.567572571337223e-03
1609043956360605917,0,1609043956360605917,-3.984090328216553e+00,-3.506234645843506e+00,3.994125604629517e+00,8.783104419708252e-01,4.778109192848206e-01,1.019556913524866e-02,1.279124990105629e-02
1609043956470567542,0,1609043956470567542,-4.006819248199463e+00,-3.533124685287476e+00,3.960566759109497e+00,8.750070929527283e-01,4.839404821395874e-01,8.356278762221336e-03,9.714589454233646e-03
1609043956572300198,0,1609043956572300198,-4.038960456848145e+00,-3.558019638061523e+00,3.993868350982666e+00,8.718056082725525e-01,4.896193146705627e-01,7.150934543460608e-03,1.330315414816141e-02
1609043956679174161,0,1609043956679174161,-4.086424827575684e+00,-3.572603940963745e+00,4.033671855926514e+00,8.686314821243286e-01,4.951635897159576e-01,7.447166368365288e-03,1.539591979235411e-02
1609043956780991000,0,1609043956780991000,-4.121822357177734e+00,-3.594685554504395e+00,3.984473466873169e+00,8.656169176101685e-01,5.005443692207336e-01,3.438211511820555e-03,1.228816714137793e-02
1609043956852349443,0,1609043956852349443,-4.158570766448975e+00,-3.603729486465454e+00,3.995267868041992e+00,8.632751107215881e-01,5.046340823173523e-01,-2.527979668229818e-04,1.002694293856621e-02
1609043956949475099,0,1609043956949475099,-4.209997653961182e+00,-3.613382339477539e+00,3.980948209762573e+00,8.598012328147888e-01,5.105454325675964e-01,-7.768744602799416e-03,4.992413334548473e-03
1609043957061483281,0,1609043957061483281,-4.265204906463623e+00,-3.617937564849854e+00,4.016624927520752e+00,8.559470772743225e-01,5.168275833129883e-01,-1.560560613870621e-02,6.179804331623018e-04
1609043957158341421,0,1609043957158341421,-4.315392017364502e+00,-3.623863935470581e+00,4.012569427490234e+00,8.524318337440491e-01,5.220283269882202e-01,-2.877570129930973e-02,-4.298037849366665e-03
1609043957265239802,0,1609043957265239802,-4.373844623565674e+00,-3.611469745635986e+00,4.003388404846191e+00,8.483952879905701e-01,5.284840464591980e-01,-2.958700433373451e-02,-7.392066065222025e-03
1609043957361888195,0,1609043957361888195,-4.420161724090576e+00,-3.606995105743408e+00,4.009117603302002e+00,8.449377417564392e-01,5.339579582214355e-01,-2.832736074924469e-02,-1.290584076195955e-02
1609043957466180397,0,1609043957466180397,-4.468147754669189e+00,-3.612243652343750e+00,3.998562574386597e+00,8.415803909301758e-01,5.390165448188782e-01,-2.880986221134663e-02,-1.932768896222115e-02
1609043957567949950,0,1609043957567949950,-4.500379085540771e+00,-3.602071762084961e+00,4.022638320922852e+00,8.381808996200562e-01,5.442236661911011e-01,-2.736376784741879e-02,-2.290380932390690e-02
1609043957669745859,0,1609043957669745859,-4.532277107238770e+00,-3.592543840408325e+00,4.035365104675293e+00,8.349277973175049e-01,5.491786003112793e-01,-2.539321035146713e-02,-2.556781284511089e-02
1609043957771551084,0,1609043957771551084,-4.556931495666504e+00,-3.584794521331787e+00,4.035416126251221e+00,8.318573832511902e-01,5.538871884346008e-01,-2.267998456954956e-02,-2.660558372735977e-02
1609043957879868806,0,1609043957879868806,-4.574852943420410e+00,-3.581572055816650e+00,4.022733688354492e+00,8.286656737327576e-01,5.586446523666382e-01,-2.156324870884418e-02,-2.764831483364105e-02
1609043957951348589,0,1609043957951348589,-4.588273525238037e+00,-3.578552007675171e+00,4.013664245605469e+00,8.262058496475220e-01,5.622310638427734e-01,-2.191029675304890e-02,-2.828739210963249e-02
1609043958053763070,0,1609043958053763070,-4.603231430053711e+00,-3.575011253356934e+00,4.010911464691162e+00,8.225403428077698e-01,5.676198601722717e-01,-2.138254791498184e-02,-2.788769267499447e-02
1609043958155570864,0,1609043958155570864,-4.610178947448730e+00,-3.575993776321411e+00,4.008649826049805e+00,8.192410469055176e-01,5.723757147789001e-01,-2.155335992574692e-02,-2.766735851764679e-02
1609043958258392197,0,1609043958258392197,-4.612772464752197e+00,-3.581926822662354e+00,3.999151468276978e+00,8.164849877357483e-01,5.762671232223511e-01,-2.242153137922287e-02,-2.767362818121910e-02
1609043958355220426,0,1609043958355220426,-4.613658905029297e+00,-3.588446855545044e+00,3.999072790145874e+00,8.138989806175232e-01,5.799006819725037e-01,-2.319424971938133e-02,-2.730793692171574e-02
1609043958462994295,0,1609043958462994295,-4.605300426483154e+00,-3.591529369354248e+00,4.004782676696777e+00,8.114842772483826e-01,5.832855105400085e-01,-2.352669090032578e-02,-2.679432369768620e-02
1609043958565575239,0,1609043958565575239,-4.597314357757568e+00,-3.599214315414429e+00,3.999616384506226e+00,8.090525865554810e-01,5.866060853004456e-01,-2.378947660326958e-02,-2.759435214102268e-02
1609043958672437135,0,1609043958672437135,-4.585794925689697e+00,-3.604372739791870e+00,4.005885124206543e+00,8.061033487319946e-01,5.906931757926941e-01,-2.362724766135216e-02,-2.684360928833485e-02
1609043958769097695,0,1609043958769097695,-4.569812297821045e+00,-3.611596345901489e+00,4.010015487670898e+00,8.030447959899902e-01,5.949268937110901e-01,-2.238174900412560e-02,-2.608099207282066e-02
1609043958881163377,0,1609043958881163377,-4.551053524017334e+00,-3.621929645538330e+00,4.008547782897949e+00,7.994796633720398e-01,5.998971462249756e-01,-1.778950169682503e-02,-2.528462000191212e-02
1609043958974394048,0,1609043958974394048,-4.530548572540283e+00,-3.632243156433105e+00,4.006965160369873e+00,7.964093089103699e-01,6.041800975799561e-01,-1.306018326431513e-02,-2.298095077276230e-02
1609043959050827722,0,1609043959050827722,-4.509655952453613e+00,-3.641097545623779e+00,4.004057407379150e+00,7.932112216949463e-01,6.085669398307800e-01,-8.518739603459835e-03,-1.974174752831459e-02
1609043959147517917,0,1609043959147517917,-4.484950065612793e+00,-3.660467863082886e+00,3.986390829086304e+00,7.892041206359863e-01,6.138839721679688e-01,-6.682971492409706e-03,-1.608444377779961e-02
1609043959256424200,0,1609043959256424200,-4.450894832611084e+00,-3.673689365386963e+00,3.985598564147949e+00,7.844759225845337e-01,6.200428605079651e-01,-3.867595689371228e-03,-1.137944497168064e-02
1609043959358211122,0,1609043959358211122,-4.418562889099121e+00,-3.687951803207397e+00,3.975276947021484e+00,7.801150083541870e-01,6.255741119384766e-01,-2.106510568410158e-03,-8.557980880141258e-03
1609043959457092428,0,1609043959457092428,-4.397366523742676e+00,-3.704038858413696e+00,3.964014291763306e+00,7.759573459625244e-01,6.307454705238342e-01,-2.257985994219780e-03,-6.721084471791983e-03
1609043959560383526,0,1609043959560383526,-4.372585773468018e+00,-3.722372055053711e+00,3.948267698287964e+00,7.717882990837097e-01,6.358372569084167e-01,-3.312343498691916e-03,-6.548285484313965e-03
1609043959662860684,0,1609043959662860684,-4.358994007110596e+00,-3.739420652389526e+00,3.928002595901489e+00,7.678992748260498e-01,6.404841542243958e-01,-5.427331198006868e-03,-9.018796496093273e-03
1609043959774847413,0,1609043959774847413,-4.342136383056641e+00,-3.758762836456299e+00,3.936015367507935e+00,7.635092735290527e-01,6.456544399261475e-01,-7.239745464175940e-03,-1.147118303924799e-02
1609043959866460820,0,1609043959866460820,-4.333684921264648e+00,-3.771091461181641e+00,3.949823617935181e+00,7.588683366775513e-01,6.510041356086731e-01,-1.070990227162838e-02,-1.406542677432299e-02
1609043959978616935,0,1609043959978616935,-4.320401191711426e+00,-3.785851240158081e+00,3.970860958099365e+00,7.525672316551208e-01,6.581858396530151e-01,-1.228162925690413e-02,-1.682443358004093e-02
1609043960080576403,0,1609043960080576403,-4.309579849243164e+00,-3.800451755523682e+00,3.962487220764160e+00,7.462994456291199e-01,6.651554107666016e-01,-1.435836590826511e-02,-1.998252607882023e-02
1609043960152225190,0,1609043960152225190,-4.299902439117432e+00,-3.817585229873657e+00,3.954965353012085e+00,7.410932183265686e-01,6.708338260650635e-01,-1.607087999582291e-02,-2.246737293899059e-02
1609043960254029003,0,1609043960254029003,-4.286235809326172e+00,-3.834481954574585e+00,3.969099044799805e+00,7.327178120613098e-01,6.799561381340027e-01,-1.669647358357906e-02,-2.248552255332470e-02
1609043960350712386,0,1609043960350712386,-4.265287399291992e+00,-3.859316349029541e+00,3.946984291076660e+00,7.247420549392700e-01,6.883217096328735e-01,-1.801823265850544e-02,-2.525068819522858e-02
1609043960452557045,0,1609043960452557045,-4.244697570800781e+00,-3.874414682388306e+00,3.944377899169922e+00,7.149993777275085e-01,6.983871459960938e-01,-1.831537671387196e-02,-2.637911960482597e-02
1609043960554427270,0,1609043960554427270,-4.220797538757324e+00,-3.893736600875854e+00,3.944557428359985e+00,7.043342590332031e-01,7.091014981269836e-01,-1.848717220127583e-02,-2.732123062014580e-02
1609043960671601342,0,1609043960671601342,-4.188455104827881e+00,-3.921660900115967e+00,3.948588848114014e+00,6.925748586654663e-01,7.206730842590332e-01,-1.737029477953911e-02,-2.586007677018642e-02
1609043960763256481,0,1609043960763256481,-4.157461166381836e+00,-3.941991329193115e+00,3.959966897964478e+00,6.826416850090027e-01,7.302619218826294e-01,-1.401154138147831e-02,-2.283523045480251e-02
1609043960865123416,0,1609043960865123416,-4.129496097564697e+00,-3.962456941604614e+00,3.953869819641113e+00,6.713128685951233e-01,7.409095168113708e-01,-8.499653078615665e-03,-1.788923703134060e-02
1609043960969533420,0,1609043960969533420,-4.093956470489502e+00,-3.986676931381226e+00,3.942891836166382e+00,6.596918702125549e-01,7.514062523841858e-01,-2.520161680877209e-03,-1.375009585171938e-02
1609043961107616375,0,1609043961107616375,-4.051383018493652e+00,-4.016750335693359e+00,3.924489974975586e+00,6.456307768821716e-01,7.635507583618164e-01,7.130079320631921e-04,-1.227278728038073e-02
1609043961178745815,0,1609043961178745815,-4.033712863922119e+00,-4.040202617645264e+00,3.898962974548340e+00,6.371237039566040e-01,7.706414461135864e-01,1.011748798191547e-03,-1.357129309326410e-02
1609043961250364395,0,1609043961250364395,-4.001991271972656e+00,-4.063118934631348e+00,3.906543970108032e+00,6.281889677047729e-01,7.778155803680420e-01,-4.219660069793463e-03,-1.907203905284405e-02
1609043961352174381,0,1609043961352174381,-3.970597982406616e+00,-4.091396808624268e+00,3.952175378799438e+00,6.154375672340393e-01,7.879211306571960e-01,-9.342408739030361e-03,-1.815553940832615e-02
1609043961448823698,0,1609043961448823698,-3.942210435867310e+00,-4.118021965026855e+00,3.955835819244385e+00,6.030567884445190e-01,7.975325584411621e-01,-1.590565964579582e-02,-3.378411522135139e-03
1609043961564957372,0,1609043961564957372,-3.925601243972778e+00,-4.159279823303223e+00,3.894042730331421e+00,5.899254679679871e-01,8.067964315414429e-01,-3.026992268860340e-02,1.229034923017025e-02
1609043961657044553,0,1609043961657044553,-3.898099660873413e+00,-4.160605907440186e+00,3.959421396255493e+00,5.783439278602600e-01,8.147011995315552e-01,-3.205464407801628e-02,2.743861638009548e-02
1609043961759675246,0,1609043961759675246,-3.856503486633301e+00,-4.165387153625488e+00,4.026783943176270e+00,5.664925575256348e-01,8.229141831398010e-01,-2.723344974219799e-02,3.401347622275352e-02
1609043961868097603,0,1609043961868097603,-3.830092668533325e+00,-4.190380096435547e+00,3.994836568832397e+00,5.553575754165649e-01,8.307255506515503e-01,-2.145881205797195e-02,3.182150423526764e-02
1609043961965366808,0,1609043961965366808,-3.822727680206299e+00,-4.202732086181641e+00,3.966273546218872e+00,5.448305606842041e-01,8.379463553428650e-01,-1.660524681210518e-02,2.701647952198982e-02
1609043962072658077,0,1609043962072658077,-3.823541641235352e+00,-4.194288253784180e+00,3.965432882308960e+00,5.340072512626648e-01,8.452196121215820e-01,-1.020350400358438e-02,1.832887716591358e-02
1609043962180824690,0,1609043962180824690,-3.834980487823486e+00,-4.169477462768555e+00,3.968589544296265e+00,5.222460627555847e-01,8.527325987815857e-01,-4.671807400882244e-03,9.184476919472218e-03
1609043962277801068,0,1609043962277801068,-3.848265409469604e+00,-4.147419929504395e+00,3.974110364913940e+00,5.115331411361694e-01,8.592625260353088e-01,-1.082818489521742e-03,7.651742198504508e-04
1609043962356193264,0,1609043962356193264,-3.861352443695068e+00,-4.130216121673584e+00,3.980021238327026e+00,5.023466944694519e-01,8.646558523178101e-01,1.951203594217077e-04,-4.241267219185829e-03
1609043962453224437,0,1609043962453224437,-3.879693984985352e+00,-4.109448432922363e+00,3.986452102661133e+00,4.908973276615143e-01,8.711551427841187e-01,2.448608865961432e-03,-1.013245247304440e-02
1609043962550185472,0,1609043962550185472,-3.901401996612549e+00,-4.086410522460938e+00,3.991612672805786e+00,4.795500934123993e-01,8.774020671844482e-01,7.841474376618862e-03,-1.165745966136456e-02
1609043962657230338,0,1609043962657230338,-3.924069643020630e+00,-4.069596767425537e+00,3.978084325790405e+00,4.673609733581543e-01,8.838970661163330e-01,1.216824445873499e-02,-1.231120154261589e-02
1609043962759215494,0,1609043962759215494,-3.943820238113403e+00,-4.060700893402100e+00,3.937199115753174e+00,4.558365345001221e-01,8.898575901985168e-01,1.283349841833115e-02,-1.420647278428078e-02
1609043962871134254,0,1609043962871134254,-3.965745925903320e+00,-4.050557613372803e+00,3.950968980789185e+00,4.426955580711365e-01,8.964644074440002e-01,1.366363745182753e-02,-1.362129300832748e-02
1609043962967619217,0,1609043962967619217,-3.985453605651855e+00,-4.055122852325439e+00,3.958982944488525e+00,4.311448037624359e-01,9.020681977272034e-01,1.393840461969376e-02,-1.388679258525372e-02
1609043963075266980,0,1609043963075266980,-4.006241321563721e+00,-4.066278934478760e+00,3.946088790893555e+00,4.191685318946838e-01,9.077007174491882e-01,1.128151081502438e-02,-1.580770872533321e-02
1609043963171879180,0,1609043963171879180,-4.027680873870850e+00,-4.089190006256104e+00,3.932085037231445e+00,4.090977013111115e-01,9.122756123542786e-01,5.775800906121731e-03,-1.894880644977093e-02
1609043963278603749,0,1609043963278603749,-4.050802707672119e+00,-4.095671653747559e+00,3.959940433502197e+00,3.975296616554260e-01,9.172917604446411e-01,-1.964463444892317e-04,-2.336751855909824e-02
1609043963380418657,0,1609043963380418657,-4.072988986968994e+00,-4.103324413299561e+00,4.000150680541992e+00,3.870029747486115e-01,9.216854572296143e-01,-5.578051786869764e-03,-2.633314207196236e-02
1609043963451692087,0,1609043963451692087,-4.091812133789062e+00,-4.113935947418213e+00,4.021974563598633e+00,3.786014318466187e-01,9.250355958938599e-01,-8.744429796934128e-03,-2.989265136420727e-02
1609043963558599194,0,1609043963558599194,-4.118078231811523e+00,-4.134792327880859e+00,4.002884387969971e+00,3.663479983806610e-01,9.298528432846069e-01,-1.390528399497271e-02,-3.113913163542747e-02
1609043963656263893,0,1609043963656263893,-4.140138626098633e+00,-4.146583557128906e+00,4.021561622619629e+00,3.543338775634766e-01,9.344570636749268e-01,-1.481477823108435e-02,-3.190528973937035e-02
1609043963753556093,0,1609043963753556093,-4.153174400329590e+00,-4.167454242706299e+00,4.008970260620117e+00,3.426461815834045e-01,9.387842416763306e-01,-1.483007986098528e-02,-3.252538666129112e-02
1609043963865660032,0,1609043963865660032,-4.166013240814209e+00,-4.187393188476562e+00,3.983779191970825e+00,3.284347951412201e-01,9.437560439109802e-01,-1.811968348920345e-02,-3.356955200433731e-02
1609043963962308884,0,1609043963962308884,-4.167424201965332e+00,-4.186967372894287e+00,4.005619525909424e+00,3.141419589519501e-01,9.487000703811646e-01,-1.557090412825346e-02,-3.225756809115410e-02
1609043964074974274,0,1609043964074974274,-4.170639038085938e+00,-4.198353290557861e+00,4.005043029785156e+00,2.965441942214966e-01,9.543402791023254e-01,-1.526507362723351e-02,-3.260682523250580e-02
1609043964172793980,0,1609043964172793980,-4.161130428314209e+00,-4.215240478515625e+00,4.003429889678955e+00,2.811319530010223e-01,9.590045213699341e-01,-1.417994406074286e-02,-3.277381509542465e-02
1609043964274575073,0,1609043964274575073,-4.145256519317627e+00,-4.236152172088623e+00,4.003411293029785e+00,2.650266587734222e-01,9.636273980140686e-01,-1.192110124975443e-02,-3.226372227072716e-02
1609043964371199641,0,1609043964371199641,-4.125201702117920e+00,-4.240872859954834e+00,4.035614490509033e+00,2.500128149986267e-01,9.677612185478210e-01,-4.340704996138811e-03,-3.021495603024960e-02
1609043964479000461,0,1609043964479000461,-4.109789848327637e+00,-4.257283687591553e+00,4.017170429229736e+00,2.349782437086105e-01,9.715628027915955e-01,4.228254314512014e-03,-2.886344678699970e-02
1609043964555330050,0,1609043964555330050,-4.093074321746826e+00,-4.267567157745361e+00,3.999024629592896e+00,2.247790843248367e-01,9.739608168601990e-01,1.310483179986477e-02,-2.651647292077541e-02
1609043964652056844,0,1609043964652056844,-4.071870326995850e+00,-4.278245925903320e+00,3.931180477142334e+00,2.122221440076828e-01,9.768028855323792e-01,1.114288065582514e-02,-2.633784152567387e-02
1609043964753889023,0,1609043964753889023,-4.045443058013916e+00,-4.288944721221924e+00,3.926486968994141e+00,2.012676894664764e-01,9.791336059570312e-01,1.266204193234444e-02,-2.506730705499649e-02
1609043964855699874,0,1609043964855699874,-4.015985012054443e+00,-4.307517528533936e+00,3.926993846893311e+00,1.929909735918045e-01,9.808578491210938e-01,4.415743984282017e-03,-2.555081434547901e-02
1609043964967679863,0,1609043964967679863,-3.985433816909790e+00,-4.336361885070801e+00,3.952131271362305e+00,1.879047751426697e-01,9.818544983863831e-01,-3.010640619322658e-03,-2.538481913506985e-02
1609043965065015963,0,1609043965065015963,-3.957366228103638e+00,-4.353052616119385e+00,3.973006725311279e+00,1.842018067836761e-01,9.825711846351624e-01,-5.517280660569668e-03,-2.435601688921452e-02
1609043965162353436,0,1609043965162353436,-3.939095258712769e+00,-4.384046554565430e+00,3.936171531677246e+00,1.815267056226730e-01,9.830282926559448e-01,-1.380183175206184e-02,-2.264904789626598e-02
1609043965274286497,0,1609043965274286497,-3.915390253067017e+00,-4.403823852539062e+00,3.947594881057739e+00,1.799763441085815e-01,9.834051728248596e-01,-1.702025346457958e-02,-1.527294423431158e-02
1609043965376935855,0,1609043965376935855,-3.891306161880493e+00,-4.424344062805176e+00,3.963181972503662e+00,1.790323406457901e-01,9.835812449455261e-01,-1.892974972724915e-02,-1.253467705100775e-02
1609043965483833436,0,1609043965483833436,-3.863509178161621e+00,-4.449409008026123e+00,3.973978519439697e+00,1.789404153823853e-01,9.835502505302429e-01,-2.078853733837605e-02,-1.330806501209736e-02
1609043965581053452,0,1609043965581053452,-3.832151412963867e+00,-4.454447746276855e+00,4.011904716491699e+00,1.790394932031631e-01,9.836381673812866e-01,-1.639074273407459e-02,-1.150030177086592e-02
1609043965652313185,0,1609043965652313185,-3.810884237289429e+00,-4.460628032684326e+00,4.018223285675049e+00,1.786309927701950e-01,9.838220477104187e-01,-8.172505535185337e-03,-1.088599115610123e-02
1609043965758770296,0,1609043965758770296,-3.779457330703735e+00,-4.471922397613525e+00,4.038375854492188e+00,1.787019968032837e-01,9.838290810585022e-01,2.130246721208096e-03,-1.189708802849054e-02
1609043965856348994,0,1609043965856348994,-3.752766132354736e+00,-4.471527099609375e+00,4.018921375274658e+00,1.786504238843918e-01,9.837331771850586e-01,1.250406540930271e-02,-1.402201130986214e-02
1609043965958484782,0,1609043965958484782,-3.729826211929321e+00,-4.476492404937744e+00,3.969475746154785e+00,1.779132336378098e-01,9.837753772735596e-01,1.701417565345764e-02,-1.560570951551199e-02
1609043966060595665,0,1609043966060595665,-3.703252553939819e+00,-4.477664947509766e+00,3.958244323730469e+00,1.758478134870529e-01,9.840080142021179e-01,2.298453450202942e-02,-1.665680855512619e-02
1609043966157342661,0,1609043966157342661,-3.684696197509766e+00,-4.489985466003418e+00,3.937940120697021e+00,1.725488305091858e-01,9.845528006553650e-01,2.371121756732464e-02,-1.789882779121399e-02
1609043966274358931,0,1609043966274358931,-3.663682460784912e+00,-4.513824462890625e+00,3.921402692794800e+00,1.662812232971191e-01,9.856858849525452e-01,2.029160596430302e-02,-1.902934908866882e-02
1609043966367157937,0,1609043966367157937,-3.652768373489380e+00,-4.534993171691895e+00,3.911298990249634e+00,1.573856621980667e-01,9.872313141822815e-01,1.459497399628162e-02,-1.977779902517796e-02
1609043966470344959,0,1609043966470344959,-3.637633800506592e+00,-4.579375267028809e+00,3.919625520706177e+00,1.457032114267349e-01,9.890673756599426e-01,3.706112038344145e-03,-2.241816557943821e-02
1609043966572128978,0,1609043966572128978,-3.602568149566650e+00,-4.635985851287842e+00,3.956094741821289e+00,1.344994455575943e-01,9.906161427497864e-01,-3.923951648175716e-03,-2.396236546337605e-02
1609043966679120296,0,1609043966679132342,-3.573752403259277e+00,-4.694496154785156e+00,3.975748062133789e+00,1.210798546671867e-01,9.922917485237122e-01,-1.101237069815397e-02,-2.399016544222832e-02
1609043966750794575,0,1609043966750794575,-3.552937030792236e+00,-4.730577945709229e+00,3.981344461441040e+00,1.107226461172104e-01,9.935976266860962e-01,-1.309416722506285e-02,-1.824625395238400e-02
1609043966852564494,0,1609043966852564494,-3.532021045684814e+00,-4.783615112304688e+00,3.983273029327393e+00,9.678771346807480e-02,9.951102733612061e-01,-1.553563307970762e-02,-1.209461875259876e-02
1609043966954341762,0,1609043966954341762,-3.509643554687500e+00,-4.832447528839111e+00,3.959066867828369e+00,8.325142413377762e-02,9.963632225990295e-01,-1.801190152764320e-02,2.285618800669909e-03
1609043967051151667,0,1609043967051151667,-3.493365049362183e+00,-4.874859333038330e+00,3.956300735473633e+00,7.094009965658188e-02,9.972005486488342e-01,-1.974385604262352e-02,1.299290917813778e-02
1609043967168175952,0,1609043967168175952,-3.471082448959351e+00,-4.921104907989502e+00,4.031644344329834e+00,5.870110169053078e-02,9.980177283287048e-01,-1.825110055506229e-02,1.347970869392157e-02
1609043967264932411,0,1609043967264932411,-3.454207181930542e+00,-4.938786029815674e+00,4.002051830291748e+00,4.693597927689552e-02,9.985347390174866e-01,-1.835214719176292e-02,1.971819624304771e-02
1609043967361494963,0,1609043967361494963,-3.448291778564453e+00,-4.961610794067383e+00,4.022227287292480e+00,3.669122606515884e-02,9.990704655647278e-01,-1.648990996181965e-02,1.549010351300240e-02
1609043967468343973,0,1609043967468343973,-3.442586898803711e+00,-4.981835365295410e+00,4.012372016906738e+00,2.579626068472862e-02,9.994603395462036e-01,-1.609613560140133e-02,1.243205461651087e-02
1609043967575225257,0,1609043967575225257,-3.447488546371460e+00,-4.993382453918457e+00,4.050223350524902e+00,1.620336621999741e-02,9.997640848159790e-01,-9.867208078503609e-03,1.057581044733524e-02
1609043967682152891,0,1609043967682152891,-3.458571195602417e+00,-5.021337985992432e+00,3.995622158050537e+00,9.945423342287540e-03,9.998775124549866e-01,-1.208748668432236e-02,2.152795350411907e-04
1609043967778856159,0,1609043967778856159,-3.478992223739624e+00,-5.028318881988525e+00,4.012989044189453e+00,3.745645517483354e-03,9.999016523361206e-01,-1.020969264209270e-02,-8.856435306370258e-03
1609043967850111028,0,1609043967850111028,-3.500832080841064e+00,-5.030325412750244e+00,4.026370048522949e+00,-1.050311257131398e-03,9.998307824134827e-01,-1.005675923079252e-02,-1.536673679947853e-02
1609043967957003836,0,1609043967957003836,-3.529792308807373e+00,-5.033537387847900e+00,4.029531955718994e+00,-6.895072758197784e-03,9.996588230133057e-01,-9.707815013825893e-03,-2.324659004807472e-02
1609043968053875992,0,1609043968053875992,-3.559527873992920e+00,-5.038529396057129e+00,4.032533168792725e+00,-1.265467330813408e-02,9.994169473648071e-01,-9.857794269919395e-03,-3.013981319963932e-02
1609043968166064390,0,1609043968166064390,-3.580042839050293e+00,-5.043795108795166e+00,4.028893470764160e+00,-1.859885640442371e-02,9.991882443428040e-01,-1.030572224408388e-02,-3.421751037240028e-02
1609043968262777317,0,1609043968262777317,-3.594496250152588e+00,-5.048012256622314e+00,4.037221908569336e+00,-2.433321252465248e-02,9.989936351776123e-01,-9.731506928801537e-03,-3.639845922589302e-02
1609043968359567189,0,1609043968359567189,-3.609852552413940e+00,-5.051213264465332e+00,4.032851219177246e+00,-3.237146511673927e-02,9.987226724624634e-01,-9.460553526878357e-03,-3.762418404221535e-02
1609043968474568794,0,1609043968474568794,-3.606324672698975e+00,-5.059103965759277e+00,4.012885570526123e+00,-4.143618792295456e-02,9.985288977622986e-01,-1.149303372949362e-02,-3.303274512290955e-02
1609043968572315383,0,1609043968572315383,-3.602371454238892e+00,-5.067401409149170e+00,4.042666912078857e+00,-4.957347363233566e-02,9.982180595397949e-01,-1.008150726556778e-02,-3.164658322930336e-02
1609043968676009044,0,1609043968676009044,-3.595663547515869e+00,-5.075968265533447e+00,4.025536537170410e+00,-5.915262550115585e-02,9.977437257766724e-01,-1.143821049481630e-02,-2.962459251284599e-02
1609043968778103083,0,1609043968778103083,-3.582539796829224e+00,-5.082197666168213e+00,4.029778003692627e+00,-6.918527930974960e-02,9.971449971199036e-01,-1.069505792111158e-02,-2.830124087631702e-02
1609043968880569117,0,1609043968880569117,-3.562987804412842e+00,-5.085136413574219e+00,4.026365280151367e+00,-7.850091904401779e-02,9.964798092842102e-01,-1.089101377874613e-02,-2.733298018574715e-02
1609043968952095955,0,1609043968952095955,-3.546728849411011e+00,-5.087144374847412e+00,4.015530586242676e+00,-8.594086766242981e-02,9.958908557891846e-01,-1.134908851236105e-02,-2.620873786509037e-02
1609043969054622877,0,1609043969054622877,-3.525611877441406e+00,-5.084189414978027e+00,4.004780292510986e+00,-9.657604247331619e-02,9.949234127998352e-01,-1.134796719998121e-02,-2.591909654438496e-02
1609043969156660162,0,1609043969156660162,-3.504629373550415e+00,-5.077923774719238e+00,4.001002788543701e+00,-1.064155101776123e-01,9.939221739768982e-01,-1.089967880398035e-02,-2.599326334893703e-02
1609043969254442899,0,1609043969254442899,-3.481971263885498e+00,-5.071091175079346e+00,3.991280555725098e+00,-1.163182929158211e-01,9.927995800971985e-01,-1.119804196059704e-02,-2.633656002581120e-02
1609043969362631492,0,1609043969362631492,-3.455056428909302e+00,-5.064610004425049e+00,3.980243682861328e+00,-1.265179812908173e-01,9.915419816970825e-01,-1.100283488631248e-02,-2.677080594003201e-02
1609043969464445166,0,1609043969464445166,-3.425432443618774e+00,-5.052956104278564e+00,3.970948457717896e+00,-1.359003782272339e-01,9.902929663658142e-01,-1.115540228784084e-02,-2.695675566792488e-02
1609043969571398912,0,1609043969571398912,-3.397356510162354e+00,-5.041400909423828e+00,3.971578836441040e+00,-1.463668793439865e-01,9.887964129447937e-01,-1.071118563413620e-02,-2.726992964744568e-02
1609043969668115246,0,1609043969668115246,-3.362470626831055e+00,-5.025897502899170e+00,3.945827722549438e+00,-1.556218862533569e-01,9.874548912048340e-01,-1.240375079214573e-02,-2.368030697107315e-02
1609043969775745863,0,1609043969775745863,-3.326448202133179e+00,-5.009403228759766e+00,3.958850622177124e+00,-1.659121364355087e-01,9.858776330947876e-01,-1.208943966776133e-02,-1.929342001676559e-02
1609043969883044827,0,1609043969883044827,-3.291449546813965e+00,-4.996042728424072e+00,3.958689212799072e+00,-1.752588599920273e-01,9.842939376831055e-01,-1.264829467982054e-02,-1.702613756060600e-02
1609043969979889179,0,1609043969979889179,-3.260244131088257e+00,-4.980089664459229e+00,3.958991050720215e+00,-1.837422251701355e-01,9.827711582183838e-01,-1.320513710379601e-02,-1.501022465527058e-02
1609043970061423819,0,1609043970061423819,-3.225828170776367e+00,-4.963292121887207e+00,3.951198577880859e+00,-1.909328550100327e-01,9.814668297767639e-01,-1.285274606198072e-02,-1.012249011546373e-02
1609043970153294024,0,1609043970153294024,-3.199683666229248e+00,-4.942279338836670e+00,3.961703062057495e+00,-2.004315555095673e-01,9.795960783958435e-01,-1.283174753189087e-02,-7.359635084867477e-03
1609043970260676325,0,1609043970260676325,-3.165777683258057e+00,-4.916860580444336e+00,3.964771509170532e+00,-2.097777128219604e-01,9.776305556297302e-01,-1.269515883177519e-02,-8.405669592320919e-03
1609043970352286222,0,1609043970352286222,-3.135871887207031e+00,-4.892911911010742e+00,3.952292442321777e+00,-2.177580744028091e-01,9.758550524711609e-01,-1.305259764194489e-02,-1.086676772683859e-02
1609043970454704615,0,1609043970454704615,-3.106134653091431e+00,-4.867182254791260e+00,3.943987131118774e+00,-2.268081009387970e-01,9.737570881843567e-01,-1.351058669388294e-02,-1.314563862979412e-02
1609043970561735190,0,1609043970561735190,-3.075018882751465e+00,-4.837545394897461e+00,3.950138092041016e+00,-2.351153790950775e-01,9.717585444450378e-01,-1.328594330698252e-02,-1.515339501202106e-02
1609043970663591688,0,1609043970663591688,-3.050266981124878e+00,-4.807900428771973e+00,3.954385042190552e+00,-2.432656884193420e-01,9.697245359420776e-01,-1.238098740577698e-02,-1.740334741771221e-02
1609043970765719982,0,1609043970765719982,-3.026329517364502e+00,-4.774552345275879e+00,3.955542325973511e+00,-2.514685988426208e-01,9.676106572151184e-01,-1.175517030060291e-02,-1.884609833359718e-02
1609043970867606976,0,1609043970867606976,-3.001718997955322e+00,-4.744538784027100e+00,3.960767507553101e+00,-2.591483891010284e-01,9.655717611312866e-01,-1.208737026900053e-02,-1.916355825960636e-02
1609043970980016351,0,1609043970980016351,-2.974828958511353e+00,-4.710808277130127e+00,3.974701404571533e+00,-2.672272622585297e-01,9.633757472038269e-01,-1.196081191301346e-02,-1.881159096956253e-02
1609043971082014929,0,1609043971082014929,-2.949127674102783e+00,-4.677654743194580e+00,3.982935190200806e+00,-2.745872139930725e-01,9.613318443298340e-01,-1.122955698519945e-02,-1.780430600047112e-02
1609043971143249435,0,1609043971143249435,-2.930133342742920e+00,-4.651576042175293e+00,3.978525161743164e+00,-2.791661620140076e-01,9.600295424461365e-01,-1.130124833434820e-02,-1.679192110896111e-02
1609043971250461465,0,1609043971250461465,-2.901415109634399e+00,-4.606858730316162e+00,3.975546836853027e+00,-2.868591845035553e-01,9.577812552452087e-01,-1.179306022822857e-02,-1.509263366460800e-02
1609043971352529808,0,1609043971352529808,-2.876620531082153e+00,-4.561254024505615e+00,3.975511789321899e+00,-2.945222556591034e-01,9.554645419120789e-01,-1.192104164510965e-02,-1.421631313860416e-02
1609043971460127059,0,1609043971460127059,-2.850165128707886e+00,-4.514199733734131e+00,3.979174375534058e+00,-3.026060461997986e-01,9.529287815093994e-01,-1.257301028817892e-02,-1.408305484801531e-02
1609043971562342992,0,1609043971562342992,-2.825559854507446e+00,-4.469339370727539e+00,3.980456590652466e+00,-3.099134266376495e-01,9.505764842033386e-01,-1.220757141709328e-02,-1.445636525750160e-02
1609043971660109958,0,1609043971660109958,-2.802027225494385e+00,-4.424524307250977e+00,3.987329721450806e+00,-3.180170059204102e-01,9.479270577430725e-01,-9.786312468349934e-03,-1.427635271102190e-02
1609043971770177323,0,1609043971770177323,-2.774385690689087e+00,-4.375565528869629e+00,4.001872062683105e+00,-3.258542716503143e-01,9.452790021896362e-01,-4.045906476676464e-03,-1.582396589219570e-02
1609043971877518564,0,1609043971877518564,-2.748467922210693e+00,-4.327529430389404e+00,3.984221220016479e+00,-3.348565995693207e-01,9.421008825302124e-01,-1.136893406510353e-03,-1.776785403490067e-02
1609043971970118970,0,1609043971970118970,-2.726010322570801e+00,-4.280694007873535e+00,3.953222036361694e+00,-3.422606289386749e-01,9.394122958183289e-01,1.462467247620225e-03,-1.897363737225533e-02
1609043972072891065,0,1609043972072891065,-2.700478553771973e+00,-4.232677936553955e+00,3.939076423645020e+00,-3.507434725761414e-01,9.362879395484924e-01,2.289387164637446e-03,-1.840025745332241e-02
1609043972180042490,0,1609043972180042490,-2.674718856811523e+00,-4.184951782226562e+00,3.922303676605225e+00,-3.593471348285675e-01,9.330397248268127e-01,-5.051381886005402e-04,-1.750011928379536e-02
1609043972251558492,0,1609043972251558492,-2.652121305465698e+00,-4.148648262023926e+00,3.925979137420654e+00,-3.656654655933380e-01,9.305860400199890e-01,-4.002949222922325e-03,-1.680679805576801e-02
1609043972350382053,0,1609043972350382053,-2.621819496154785e+00,-4.100028038024902e+00,3.936878204345703e+00,-3.742073476314545e-01,9.271723628044128e-01,-7.669365499168634e-03,-1.617162860929966e-02
1609043972447081095,0,1609043972447081095,-2.592909812927246e+00,-4.054267406463623e+00,3.947067022323608e+00,-3.828236162662506e-01,9.236106872558594e-01,-1.169875171035528e-02,-1.589783839881420e-02
1609043972559667332,0,1609043972559667332,-2.562557458877563e+00,-4.001862525939941e+00,3.963030338287354e+00,-3.917616903781891e-01,9.198088049888611e-01,-1.466118637472391e-02,-1.611317507922649e-02
1609043972656300036,0,1609043972656300036,-2.530644416809082e+00,-3.956198215484619e+00,3.972462654113770e+00,-3.993549048900604e-01,9.165378808975220e-01,-1.478867232799530e-02,-1.597801968455315e-02
1609043972758040132,0,1609043972758040132,-2.502153873443604e+00,-3.905425786972046e+00,3.979464292526245e+00,-4.069665670394897e-01,9.132069945335388e-01,-1.197926886379719e-02,-1.695974916219711e-02
1609043972864096418,0,1609043972864096418,-2.473809480667114e+00,-3.849471092224121e+00,3.963895082473755e+00,-4.140256345272064e-01,9.100258350372314e-01,-9.604058228433132e-03,-1.853324845433235e-02
1609043972971475798,0,1609043972971475798,-2.448441505432129e+00,-3.789419889450073e+00,3.937535524368286e+00,-4.213289618492126e-01,9.066672921180725e-01,-9.849081747233868e-03,-1.842023618519306e-02
1609043973074610667,0,1609043973074610667,-2.422816038131714e+00,-3.730901956558228e+00,3.943704366683960e+00,-4.286222755908966e-01,9.033471345901489e-01,-6.998747121542692e-03,-1.407106500118971e-02
1609043973183627812,0,1609043973183627812,-2.400628328323364e+00,-3.672362804412842e+00,3.963671684265137e+00,-4.359355568885803e-01,8.998426795005798e-01,-2.553728874772787e-03,-1.539438590407372e-02
1609043973280468332,0,1609043973280468332,-2.372347116470337e+00,-3.614413022994995e+00,3.947051525115967e+00,-4.420341849327087e-01,8.968810439109802e-01,-1.663662726059556e-03,-1.439949218183756e-02
1609043973356859190,0,1609043973356859190,-2.341172456741333e+00,-3.563788652420044e+00,3.883492708206177e+00,-4.446322321891785e-01,8.956980705261230e-01,-4.702791105955839e-03,-2.243663650006056e-03
1609043973453620684,0,1609043973453620684,-2.319971561431885e+00,-3.496990919113159e+00,3.947816371917725e+00,-4.499683976173401e-01,8.930165171623230e-01,-8.937175152823329e-04,7.017304655164480e-03
1609043973555411530,0,1609043973555411530,-2.299631118774414e+00,-3.426301240921021e+00,3.931620836257935e+00,-4.531559646129608e-01,8.912591934204102e-01,-1.181246596388519e-03,1.746983267366886e-02
1609043973657225540,0,1609043973657225540,-2.285062074661255e+00,-3.361267805099487e+00,3.934548377990723e+00,-4.551314413547516e-01,8.901274800300598e-01,-6.978473393246531e-04,2.297724969685078e-02
1609043973759067741,0,1609043973759067741,-2.269596099853516e+00,-3.291522741317749e+00,3.929526805877686e+00,-4.564683437347412e-01,8.894257545471191e-01,-1.256568590179086e-03,2.359562553465366e-02
1609043973856656650,0,1609043973856656650,-2.264452934265137e+00,-3.238696813583374e+00,3.923990964889526e+00,-4.574361145496368e-01,8.887687325477600e-01,-1.814750488847494e-03,2.896965108811855e-02
1609043973968695315,0,1609043973968695315,-2.269630193710327e+00,-3.187319517135620e+00,3.936300992965698e+00,-4.577108323574066e-01,8.885760307312012e-01,-7.053808658383787e-04,3.054527193307877e-02
1609043974070660046,0,1609043974070660046,-2.285888433456421e+00,-3.151390552520752e+00,3.939443111419678e+00,-4.582757651805878e-01,8.883761763572693e-01,-3.778731683269143e-03,2.751272544264793e-02
1609043974177735004,0,1609043974177735004,-2.305429697036743e+00,-3.114562511444092e+00,3.934114933013916e+00,-4.589486718177795e-01,8.882159590721130e-01,-8.314587175846100e-03,1.921646669507027e-02
1609043974279517766,0,1609043974279517766,-2.331834793090820e+00,-3.081389665603638e+00,3.943224668502808e+00,-4.610544741153717e-01,8.871909379959106e-01,-9.435706771910191e-03,1.523683872073889e-02
1609043974381232510,0,1609043974381232510,-2.367018461227417e+00,-3.049873113632202e+00,3.969889163970947e+00,-4.638606309890747e-01,8.857550621032715e-01,-1.151608396321535e-02,1.177902147173882e-02
1609043974451184953,0,1609043974451184953,-2.393526315689087e+00,-3.026124954223633e+00,3.965490102767944e+00,-4.662760198116302e-01,8.844956755638123e-01,-1.317274942994118e-02,8.976900950074196e-03
1609043974558570337,0,1609043974558570337,-2.441613912582397e+00,-2.993695735931396e+00,3.964575767517090e+00,-4.711049199104309e-01,8.819254636764526e-01,-1.530672330409288e-02,5.772436968982220e-03
1609043974650535129,0,1609043974650535129,-2.493365049362183e+00,-2.960240125656128e+00,3.979232311248779e+00,-4.759221076965332e-01,8.794065713882446e-01,-1.173015031963587e-02,2.150050830096006e-03
1609043974757797266,0,1609043974757797266,-2.547830104827881e+00,-2.925473928451538e+00,3.995645284652710e+00,-4.818759560585022e-01,8.762273788452148e-01,-3.233475144952536e-03,-3.267235588282347e-03
1609043974865700729,0,1609043974865700729,-2.599220275878906e+00,-2.889311790466309e+00,3.976482152938843e+00,-4.874030053615570e-01,8.730711340904236e-01,9.080159477889538e-03,-1.013193372637033e-02
1609043974956991117,0,1609043974956991117,-2.634334325790405e+00,-2.858807325363159e+00,3.925937891006470e+00,-4.911672472953796e-01,8.708067536354065e-01,1.585834100842476e-02,-1.409787870943546e-02
1609043975064019590,0,1609043975064019590,-2.683113336563110e+00,-2.816654920578003e+00,3.873766660690308e+00,-4.953343868255615e-01,8.683873414993286e-01,1.730610243976116e-02,-1.573734171688557e-02
1609043975176083991,0,1609043975176083991,-2.735832214355469e+00,-2.783948659896851e+00,3.882264137268066e+00,-4.994372129440308e-01,8.659955859184265e-01,1.660668477416039e-02,-1.839701831340790e-02
1609043975268191725,0,1609043975268191725,-2.771121978759766e+00,-2.757497310638428e+00,3.878803730010986e+00,-5.028879046440125e-01,8.640907406806946e-01,1.176107302308083e-02,-1.768180169165134e-02
1609043975369920206,0,1609043975369920206,-2.799473285675049e+00,-2.730227231979370e+00,3.897671222686768e+00,-5.070015192031860e-01,8.618656396865845e-01,6.139082368463278e-03,-9.973727166652679e-03
1609043975472894687,0,1609043975472894687,-2.836899042129517e+00,-2.702433824539185e+00,3.918603658676147e+00,-5.104620456695557e-01,8.598785400390625e-01,7.804915658198297e-04,-6.080033257603645e-03
1609043975554906081,0,1609043975554906081,-2.863074064254761e+00,-2.684159994125366e+00,3.919001102447510e+00,-5.143214464187622e-01,8.575870990753174e-01,-3.815826959908009e-03,-1.833933871239424e-03
1609043975646495743,0,1609043975646495743,-2.897254705429077e+00,-2.659997224807739e+00,3.927768707275391e+00,-5.186513662338257e-01,8.549401164054871e-01,-8.592328056693077e-03,2.072196686640382e-03
1609043975748979022,0,1609043975748979022,-2.937327623367310e+00,-2.630212545394897e+00,3.950677156448364e+00,-5.238585472106934e-01,8.517638444900513e-01,-8.089387789368629e-03,2.266550203785300e-03
1609043975855862691,0,1609043975855862691,-2.968814134597778e+00,-2.605004310607910e+00,3.919762372970581e+00,-5.294591784477234e-01,8.483006954193115e-01,-6.710454821586609e-03,3.714579390361905e-03
1609043975967885102,0,1609043975967885102,-3.012061595916748e+00,-2.580055952072144e+00,3.897655963897705e+00,-5.351209044456482e-01,8.447531461715698e-01,-5.574987735599279e-03,2.585662296041846e-03
1609043976064800577,0,1609043976064800577,-3.055106639862061e+00,-2.553283929824829e+00,3.895442724227905e+00,-5.403434038162231e-01,8.414326310157776e-01,-3.834646893665195e-03,2.360500162467360e-03
1609043976163862463,0,1609043976163862463,-3.101415395736694e+00,-2.529095649719238e+00,3.880156278610229e+00,-5.467037558555603e-01,8.373124599456787e-01,-3.049068618565798e-03,3.693670965731144e-03
1609043976265642311,0,1609043976265642311,-3.159567356109619e+00,-2.502400398254395e+00,3.905515193939209e+00,-5.537890791893005e-01,8.326552510261536e-01,-1.148355193436146e-03,1.199307851493359e-03
1609043976367439936,0,1609043976367439936,-3.206562519073486e+00,-2.478037834167480e+00,3.887755632400513e+00,-5.615472197532654e-01,8.274402022361755e-01,-9.913851972669363e-04,2.511372556909919e-03
1609043976469234008,0,1609043976469234008,-3.256011962890625e+00,-2.454116582870483e+00,3.895813941955566e+00,-5.696814060211182e-01,8.218600749969482e-01,-1.424981281161308e-03,2.670590300112963e-03
1609043976581214534,0,1609043976581214534,-3.318917512893677e+00,-2.428461790084839e+00,3.932393550872803e+00,-5.778945684432983e-01,8.161081671714783e-01,2.010036492720246e-03,1.158248400315642e-03
1609043976647804110,0,1609043976647804110,-3.358889341354370e+00,-2.414323329925537e+00,3.937700271606445e+00,-5.844897627830505e-01,8.113949298858643e-01,3.162106499075890e-03,-1.015305952023482e-05
1609043976760386687,0,1609043976760386687,-3.426972150802612e+00,-2.389771461486816e+00,3.996270418167114e+00,-5.940582752227783e-01,8.043217062950134e-01,7.045892067253590e-03,-1.057227980345488e-02
1609043976851722477,0,1609043976851722477,-3.476494789123535e+00,-2.372547149658203e+00,3.984339714050293e+00,-6.029462218284607e-01,7.974732518196106e-01,7.151813246309757e-03,-2.100379206240177e-02
1609043976958887482,0,1609043976958887482,-3.534571647644043e+00,-2.359035491943359e+00,3.976550340652466e+00,-6.121088862419128e-01,7.902688384056091e-01,7.471000310033560e-03,-2.724023349583149e-02
1609043977060826668,0,1609043977060826668,-3.595332622528076e+00,-2.351881742477417e+00,3.938849925994873e+00,-6.192520856857300e-01,7.847759723663330e-01,8.209496736526489e-03,-2.421178296208382e-02
1609043977162733043,0,1609043977162733043,-3.642463922500610e+00,-2.329244136810303e+00,3.926598072052002e+00,-6.261788010597229e-01,7.794423103332520e-01,5.705408751964569e-03,-1.836512051522732e-02
1609043977264476211,0,1609043977264476211,-3.690469503402710e+00,-2.294729948043823e+00,3.970540285110474e+00,-6.329198479652405e-01,7.740364670753479e-01,7.199875544756651e-03,-1.510363165289164e-02
1609043977371366623,0,1609043977371366623,-3.732508182525635e+00,-2.270211458206177e+00,4.005680084228516e+00,-6.396397948265076e-01,7.684784531593323e-01,1.107210852205753e-02,-1.339422166347504e-02
1609043977468072709,0,1609043977473148071,-3.768492460250854e+00,-2.240712881088257e+00,4.017661094665527e+00,-6.461737751960754e-01,7.628781199455261e-01,1.617295853793621e-02,-1.465916540473700e-02
1609043977574937180,0,1609043977574937180,-3.799702644348145e+00,-2.215094089508057e+00,4.045207023620605e+00,-6.519937515258789e-01,7.576544284820557e-01,2.324599027633667e-02,-1.798636652529240e-02
1609043977681770439,0,1609043977681770439,-3.819643974304199e+00,-2.194507837295532e+00,4.020224094390869e+00,-6.578488349914551e-01,7.524538040161133e-01,2.553550712764263e-02,-1.990149170160294e-02
1609043977747893458,0,1609043977747893458,-3.836494684219360e+00,-2.181390762329102e+00,3.998211622238159e+00,-6.627131104469299e-01,7.482027411460876e-01,2.527262084186077e-02,-1.911470480263233e-02
1609043977849855829,0,1609043977849855829,-3.862193584442139e+00,-2.161650180816650e+00,3.982687473297119e+00,-6.699165105819702e-01,7.420675754547119e-01,1.916854269802570e-02,-1.341841183602810e-02
1609043977954311560,0,1609043977954311560,-3.884766340255737e+00,-2.138895273208618e+00,4.017478942871094e+00,-6.783274412155151e-01,7.346119880676270e-01,1.249908469617367e-02,-7.808163296431303e-03
1609043978051173137,0,1609043978051173137,-3.904381036758423e+00,-2.121955871582031e+00,4.048857212066650e+00,-6.861341595649719e-01,7.274372577667236e-01,7.096095010638237e-03,-2.157393144443631e-03
1609043978163255731,0,1609043978163255731,-3.917866945266724e+00,-2.108322858810425e+00,4.067788600921631e+00,-6.942211389541626e-01,7.197518348693848e-01,2.386855660006404e-03,2.922802465036511e-03
1609043978270872233,0,1609043978270872233,-3.928961515426636e+00,-2.099563837051392e+00,4.078827381134033e+00,-7.029070258140564e-01,7.112511992454529e-01,-4.318746505305171e-04,6.569328252226114e-03
1609043978368612135,0,1609043978368612135,-3.939830780029297e+00,-2.091716051101685e+00,4.074201107025146e+00,-7.111531496047974e-01,7.029716372489929e-01,-2.828981727361679e-03,9.164949879050255e-03
1609043978471289641,0,1609043978471289641,-3.954462766647339e+00,-2.084277629852295e+00,4.071043491363525e+00,-7.201237082481384e-01,6.937520503997803e-01,-4.141996614634991e-03,1.062486506998539e-02
1609043978568016822,0,1609043978568016822,-3.973816394805908e+00,-2.076441049575806e+00,4.069730758666992e+00,-7.290526628494263e-01,6.843695640563965e-01,-3.499259706586599e-03,1.041533611714840e-02
1609043978670862087,0,1609043978670862087,-3.999717473983765e+00,-2.070707798004150e+00,4.057056427001953e+00,-7.385780811309814e-01,6.740730404853821e-01,-3.872236469760537e-03,1.063393522053957e-02
1609043978783191530,0,1609043978783191530,-4.037026882171631e+00,-2.058692693710327e+00,4.065486907958984e+00,-7.472332715988159e-01,6.645095348358154e-01,-1.095803454518318e-03,8.263618685305119e-03
1609043978849452002,0,1609043978849452002,-4.058137416839600e+00,-2.056668519973755e+00,4.062781333923340e+00,-7.532654404640198e-01,6.576849222183228e-01,4.795442800968885e-04,6.447440013289452e-03
1609043978951513986,0,1609043978951513986,-4.097734928131104e+00,-2.055922508239746e+00,4.032689571380615e+00,-7.618684172630310e-01,6.477181315422058e-01,2.546723699197173e-03,3.366169286891818e-03
1609043979048450032,0,1609043979048450032,-4.138791084289551e+00,-2.054001808166504e+00,4.028970718383789e+00,-7.695226669311523e-01,6.385927796363831e-01,5.773607175797224e-03,-9.114807471632957e-04
1609043979150201038,0,1609043979150201038,-4.180896759033203e+00,-2.050572633743286e+00,4.038450717926025e+00,-7.771669626235962e-01,6.291111707687378e-01,1.191344857215881e-02,-9.419402107596397e-03
1609043979262768821,0,1609043979262768821,-4.213363647460938e+00,-2.059668064117432e+00,3.953700304031372e+00,-7.843762636184692e-01,6.200619339942932e-01,1.224341429769993e-02,-1.128225587308407e-02
1609043979365320241,0,1609043979365320241,-4.259459972381592e+00,-2.062612771987915e+00,3.947004079818726e+00,-7.903744578361511e-01,6.123067140579224e-01,1.452933065593243e-02,-1.332714222371578e-02
1609043979462209425,0,1609043979462209425,-4.297423362731934e+00,-2.065149784088135e+00,3.947500944137573e+00,-7.965788245201111e-01,6.043601632118225e-01,1.141628343611956e-02,-8.974994532763958e-03
1609043979564347284,0,1609043979564347284,-4.330163478851318e+00,-2.061376810073853e+00,3.943086862564087e+00,-8.026393651962280e-01,5.964422821998596e-01,5.167493131011724e-03,-1.378551096422598e-04
1609043979666430440,0,1609043979666430440,-4.354906082153320e+00,-2.053301334381104e+00,4.015331745147705e+00,-8.089228868484497e-01,5.879024863243103e-01,2.710036002099514e-03,2.673904644325376e-03
1609043979770648576,0,1609043979770648576,-4.384339809417725e+00,-2.047319889068604e+00,4.052112102508545e+00,-8.149679303169250e-01,5.794908404350281e-01,3.503060899674892e-03,2.323583234101534e-03
1609043979880834674,0,1609043979880834674,-4.414473056793213e+00,-2.045166730880737e+00,4.026788711547852e+00,-8.204794526100159e-01,5.716621875762939e-01,2.432697685435414e-03,3.179378341883421e-03
1609043979949236630,0,1609043979949236630,-4.435998439788818e+00,-2.046309709548950e+00,4.002635955810547e+00,-8.244151473045349e-01,5.659722685813904e-01,2.663797931745648e-03,2.827303251251578e-03
1609043980051523898,0,1609043980051523898,-4.468983650207520e+00,-2.046572446823120e+00,4.005182743072510e+00,-8.304091691970825e-01,5.571337342262268e-01,4.756142385303974e-03,-1.878703478723764e-04
1609043980148162352,0,1609043980148162352,-4.500905036926270e+00,-2.051824092864990e+00,3.987603425979614e+00,-8.360673189163208e-01,5.485970973968506e-01,5.417144857347012e-03,-1.842463156208396e-03
1609043980249914971,0,1609043980249914971,-4.537509918212891e+00,-2.056066036224365e+00,3.967576265335083e+00,-8.420387506484985e-01,5.393739342689514e-01,6.213853601366282e-03,-2.810668200254440e-03
1609043980361870920,0,1609043980361870920,-4.570964336395264e+00,-2.062347888946533e+00,3.950251579284668e+00,-8.489638566970825e-01,5.284294486045837e-01,4.648108500987291e-03,-1.102654612623155e-03
1609043980458518977,0,1609043980458518977,-4.613136768341064e+00,-2.061612606048584e+00,3.914402484893799e+00,-8.545994758605957e-01,5.192669630050659e-01,3.102955408394337e-03,3.472714684903622e-03
1609043980560792248,0,1609043980560792248,-4.648268699645996e+00,-2.058420181274414e+00,3.955841064453125e+00,-8.611069917678833e-01,5.083649754524231e-01,2.014186698943377e-03,7.468832191079855e-03
1609043980672703454,0,1609043980672703454,-4.681588649749756e+00,-2.056433677673340e+00,3.996550798416138e+00,-8.681465387344360e-01,4.962027072906494e-01,5.090050399303436e-04,1.021876279264688e-02
1609043980774507555,0,1609043980774507555,-4.716158390045166e+00,-2.061784505844116e+00,3.993330001831055e+00,-8.746186494827271e-01,4.846143722534180e-01,-7.833719719201326e-04,1.380210742354393e-02
1609043980872025385,0,1609043980872025385,-4.753711700439453e+00,-2.063950061798096e+00,3.991313457489014e+00,-8.805618286132812e-01,4.736601412296295e-01,-1.555828377604485e-03,1.595527864992619e-02
1609043980978841871,0,1609043980978841871,-4.795477390289307e+00,-2.065447568893433e+00,4.005294322967529e+00,-8.870979547500610e-01,4.613454341888428e-01,1.610968683962710e-05,1.475605927407742e-02
1609043981050333859,0,1609043981050333859,-4.834168434143066e+00,-2.072405099868774e+00,4.018571376800537e+00,-8.915792703628540e-01,4.527813792228699e-01,5.069713573902845e-03,7.061819080263376e-03
1609043981157164696,0,1609043981157164696,-4.886588573455811e+00,-2.088810682296753e+00,4.007135868072510e+00,-8.976604938507080e-01,4.406196475028992e-01,7.579061202704906e-03,1.583279808983207e-03
1609043981249778956,0,1609043981249778956,-4.938029766082764e+00,-2.105201721191406e+00,3.991291999816895e+00,-9.026537537574768e-01,4.302099049091339e-01,1.039952598512173e-02,-5.263612139970064e-03
1609043981357136903,0,1609043981357136903,-4.998943805694580e+00,-2.134688854217529e+00,3.942481756210327e+00,-9.075726270675659e-01,4.196153283119202e-01,1.288685575127602e-02,-8.296091109514236e-03
1609043981453815894,0,1609043981453815894,-5.047432899475098e+00,-2.152657985687256e+00,3.950234413146973e+00,-9.120026230812073e-01,4.097328782081604e-01,1.476140506565571e-02,-1.234356779605150e-02
1609043981570788809,0,1609043981570788809,-5.102804660797119e+00,-2.170514345169067e+00,3.910356283187866e+00,-9.162949323654175e-01,4.001436531543732e-01,1.371977198868990e-02,-1.002277247607708e-02
1609043981667500609,0,1609043981667500609,-5.145676136016846e+00,-2.178457975387573e+00,3.865502595901489e+00,-9.197462797164917e-01,3.922136127948761e-01,1.477227080613375e-02,-4.133685491979122e-03
1609043981770067944,0,1609043981770067944,-5.184440135955811e+00,-2.184406518936157e+00,3.917623519897461e+00,-9.232418537139893e-01,3.838298618793488e-01,1.726869679987431e-02,1.017674338072538e-03
1609043981868587499,0,1609043981868587499,-5.218851089477539e+00,-2.187813043594360e+00,4.009242534637451e+00,-9.263768792152405e-01,3.760875165462494e-01,1.957464776933193e-02,9.557250305078924e-04
1609043981975464246,0,1609043981975464246,-5.255594253540039e+00,-2.203304290771484e+00,4.104357719421387e+00,-9.297505021095276e-01,3.674591779708862e-01,2.185750007629395e-02,-7.751130498945713e-03
1609043982077493726,0,1609043982077493726,-5.288958072662354e+00,-2.207626104354858e+00,4.050037384033203e+00,-9.325094819068909e-01,3.602471351623535e-01,2.276738546788692e-02,-1.138214208185673e-02
1609043982149429580,0,1609043982149429580,-5.314022541046143e+00,-2.213384866714478e+00,4.010518550872803e+00,-9.347290992736816e-01,3.539885878562927e-01,2.377651259303093e-02,-2.020617760717869e-02
1609043982251223674,0,1609043982251223674,-5.350909233093262e+00,-2.236463785171509e+00,3.952525377273560e+00,-9.372631311416626e-01,3.467571437358856e-01,2.393596991896629e-02,-2.691450715065002e-02
1609043982353013888,0,1609043982353013888,-5.376039505004883e+00,-2.253058910369873e+00,3.903881311416626e+00,-9.401460886001587e-01,3.390935957431793e-01,2.184400334954262e-02,-2.576222643256187e-02
1609043982454643026,0,1609043982454643026,-5.400746345520020e+00,-2.262496709823608e+00,3.872690916061401e+00,-9.430071711540222e-01,3.319208323955536e-01,1.858689263463020e-02,-1.485040877014399e-02
1609043982566513554,0,1609043982566513554,-5.414386749267578e+00,-2.249962091445923e+00,3.959224462509155e+00,-9.458982944488525e-01,3.240436017513275e-01,1.473801955580711e-02,-7.410069461911917e-03
1609043982663705900,0,1609043982663705900,-5.420289993286133e+00,-2.240341901779175e+00,4.070080757141113e+00,-9.484862685203552e-01,3.164319097995758e-01,1.426459290087223e-02,-6.428393535315990e-03
1609043982766167742,0,1609043982766167742,-5.423286437988281e+00,-2.223963499069214e+00,4.118190288543701e+00,-9.512805938720703e-01,3.079985976219177e-01,1.328909303992987e-02,-5.059092305600643e-03
1609043982870087949,0,1609043982870087949,-5.430576801300049e+00,-2.216224670410156e+00,4.070473194122314e+00,-9.539738297462463e-01,2.996916770935059e-01,1.055021863430738e-02,2.778747817501426e-03
1609043982977422405,0,1609043982977422405,-5.441188335418701e+00,-2.214988946914673e+00,3.994569301605225e+00,-9.567288756370544e-01,2.907451093196869e-01,1.002362649887800e-02,6.058113649487495e-03
1609043983078426629,0,1609043983078426629,-5.447451591491699e+00,-2.202408075332642e+00,4.061667919158936e+00,-9.595311284065247e-01,2.813515365123749e-01,1.099790632724762e-02,4.522364120930433e-03
1609043983180479864,0,1609043983180479864,-5.454218864440918e+00,-2.191874742507935e+00,4.103419303894043e+00,-9.624273777008057e-01,2.712251543998718e-01,1.297631673514843e-02,-1.450301147997379e-03
1609043983241991438,0,1609043983241991438,-5.459280014038086e+00,-2.185533761978149e+00,4.097474098205566e+00,-9.643833041191101e-01,2.640606164932251e-01,1.413504406809807e-02,-6.098136771470308e-03
1609043983343943280,0,1609043983343943280,-5.476028442382812e+00,-2.198454141616821e+00,4.081315994262695e+00,-9.674006104469299e-01,2.528716921806335e-01,1.344629842787981e-02,-3.361349226906896e-03
1609043983455932999,0,1609043983455932999,-5.488658905029297e+00,-2.194794178009033e+00,4.036981105804443e+00,-9.703165888786316e-01,2.414989024400711e-01,1.274956297129393e-02,1.252713962458074e-03
1609043983557735866,0,1609043983557735866,-5.495153903961182e+00,-2.185362815856934e+00,4.009997844696045e+00,-9.730278849601746e-01,2.303287535905838e-01,1.256178226321936e-02,2.775448141619563e-03
1609043983654545088,0,1609043983654545088,-5.499583244323730e+00,-2.178541898727417e+00,4.042479038238525e+00,-9.755643010139465e-01,2.193724811077118e-01,1.207691337913275e-02,2.018061000853777e-03
1609043983761412342,0,1609043983761412342,-5.502433300018311e+00,-2.170383691787720e+00,4.047793388366699e+00,-9.782103896141052e-01,2.072576880455017e-01,1.208885479718447e-02,1.574017223902047e-03
1609043983873493565,0,1609043983873493565,-5.507381439208984e+00,-2.159203767776489e+00,4.012763023376465e+00,-9.806933403015137e-01,1.952005177736282e-01,1.141801849007607e-02,2.631728770211339e-03
1609043983970882327,0,1609043983970882327,-5.521931171417236e+00,-2.152323246002197e+00,3.948336839675903e+00,-9.824868440628052e-01,1.859090477228165e-01,1.061297953128815e-02,6.696721538901329e-03
1609043984067769075,0,1609043984067769075,-5.523002147674561e+00,-2.147046804428101e+00,3.915584325790405e+00,-9.843459725379944e-01,1.757179349660873e-01,1.046106405556202e-02,8.771673776209354e-03
1609043984174673349,0,1609043984174673349,-5.523386955261230e+00,-2.143496751785278e+00,3.980893373489380e+00,-9.860997200012207e-01,1.654714792966843e-01,1.078461017459631e-02,1.050912681967020e-02
1609043984281543381,0,1609043984281543381,-5.525423049926758e+00,-2.134569883346558e+00,4.027712345123291e+00,-9.875858426094055e-01,1.562101095914841e-01,1.075760088860989e-02,1.253098342567682e-02
1609043984348785949,0,1609043984348785949,-5.529153823852539e+00,-2.133175611495972e+00,4.031803131103516e+00,-9.885376691818237e-01,1.500214636325836e-01,1.203804183751345e-02,1.192141976207495e-02
1609043984445498307,0,1609043984445498307,-5.534048080444336e+00,-2.134681940078735e+00,4.034402847290039e+00,-9.898465275764465e-01,1.410303711891174e-01,1.164925750344992e-02,1.336035784333944e-02
1609043984547342365,0,1609043984547342365,-5.539053916931152e+00,-2.136972188949585e+00,4.053425788879395e+00,-9.909967184066772e-01,1.326738893985748e-01,1.233862992376089e-02,1.308014709502459e-02
1609043984659882126,0,1609043984659882126,-5.542687892913818e+00,-2.143638372421265e+00,4.056181430816650e+00,-9.920386672019958e-01,1.245971545577049e-01,1.276058703660965e-02,1.311847567558289e-02
1609043984761758938,0,1609043984761758938,-5.544559478759766e+00,-2.150635480880737e+00,4.077821731567383e+00,-9.930226802825928e-01,1.167810782790184e-01,1.266082003712654e-02,1.039342023432255e-02
1609043984863980708,0,1609043984863980708,-5.547782897949219e+00,-2.158045053482056e+00,4.055107116699219e+00,-9.939284920692444e-01,1.085395589470863e-01,1.327112596482038e-02,1.221869420260191e-02
1609043984965818444,0,1609043984965818444,-5.556670665740967e+00,-2.166497707366943e+00,4.052140712738037e+00,-9.947320222854614e-01,1.009878888726234e-01,1.339309290051460e-02,1.141437795013189e-02
1609043985062686377,0,1609043985062686377,-5.558872222900391e+00,-2.180489301681519e+00,4.060212612152100e+00,-9.955480098724365e-01,9.264620393514633e-02,1.371170766651630e-02,1.062217541038990e-02
1609043985166787043,0,1609043985166787043,-5.560012817382812e+00,-2.195623397827148e+00,4.088479042053223e+00,-9.964311122894287e-01,8.283559232950211e-02,1.378514245152473e-02,8.567078970372677e-03
1609043985278715731,0,1609043985278715731,-5.556553363800049e+00,-2.206292867660522e+00,4.140122413635254e+00,-9.973735809326172e-01,7.119095325469971e-02,1.331514306366444e-02,-7.065835525281727e-04
1609043985380661291,0,1609043985380661291,-5.567711830139160e+00,-2.227299213409424e+00,4.143057823181152e+00,-9.980452060699463e-01,6.112697347998619e-02,9.550033137202263e-03,-8.830815553665161e-03
1609043985441738669,0,1609043985441738669,-5.574913978576660e+00,-2.236248493194580e+00,4.125141143798828e+00,-9.983417987823486e-01,5.488235503435135e-02,1.020446419715881e-02,-1.405277848243713e-02
1609043985548622876,0,1609043985548622876,-5.586139678955078e+00,-2.258447408676147e+00,4.042045116424561e+00,-9.988844394683838e-01,4.452610388398170e-02,9.792902506887913e-03,-1.230488158762455e-02
1609043985660953707,0,1609043985660953707,-5.591822624206543e+00,-2.279539823532104e+00,3.995835542678833e+00,-9.992888569831848e-01,3.554509580135345e-02,9.633637964725494e-03,-8.097181096673012e-03
1609043985757615440,0,1609043985757615440,-5.585803985595703e+00,-2.276863098144531e+00,4.077586650848389e+00,-9.995393753051758e-01,2.718583494424820e-02,1.050680875778198e-02,-8.458196185529232e-03
1609043985859521809,0,1609043985859521809,-5.581298828125000e+00,-2.263268232345581e+00,4.130539417266846e+00,-9.997079372406006e-01,1.846269145607948e-02,1.179033145308495e-02,-1.020997203886509e-02
1609043985956206524,0,1609043985956206524,-5.592086791992188e+00,-2.269086599349976e+00,4.123850345611572e+00,-9.998517632484436e-01,1.098082866519690e-02,1.252113841474056e-02,4.380135331302881e-03
1609043986065154692,0,1609043986065154692,-5.596265316009521e+00,-2.253156900405884e+00,4.112205028533936e+00,-9.998956918716431e-01,3.213327378034592e-03,1.274364255368710e-02,5.997207947075367e-03
1609043986176989728,0,1609043986176989728,-5.593484878540039e+00,-2.243016481399536e+00,4.131712436676025e+00,-9.998701810836792e-01,-4.883773624897003e-03,1.375377085059881e-02,6.829805206507444e-03
1609043986274014292,0,1609043986274014292,-5.595722198486328e+00,-2.235495090484619e+00,4.123466491699219e+00,-9.997983574867249e-01,-1.193775422871113e-02,1.412010565400124e-02,7.837867364287376e-03
1609043986376137267,0,1609043986376137267,-5.592380046844482e+00,-2.218992948532104e+00,4.128127574920654e+00,-9.997065067291260e-01,-1.941857673227787e-02,1.424702443182468e-02,2.628896618261933e-03
1609043986478770209,0,1609043986478770209,-5.596721172332764e+00,-2.215280771255493e+00,4.061878204345703e+00,-9.995646476745605e-01,-2.595436573028564e-02,1.402986515313387e-02,-3.231830778531730e-04
1609043986550090095,0,1609043986550090095,-5.599585533142090e+00,-2.213065624237061e+00,4.047867774963379e+00,-9.994668364524841e-01,-2.934033982455730e-02,1.392928697168827e-02,-3.364163683727384e-03
1609043986656831634,0,1609043986656831634,-5.599946975708008e+00,-2.223343849182129e+00,4.014728069305420e+00,-9.992850422859192e-01,-3.517470881342888e-02,1.352466922253370e-02,3.056363202631474e-03
1609043986753863516,0,1609043986753863516,-5.593660354614258e+00,-2.210808277130127e+00,3.999177455902100e+00,-9.990657567977905e-01,-4.007626324892044e-02,1.383362989872694e-02,8.377051912248135e-03
1609043986855725560,0,1609043986855725560,-5.583398342132568e+00,-2.193339109420776e+00,4.047133445739746e+00,-9.987414479255676e-01,-4.710061103105545e-02,1.418837811797857e-02,9.785421192646027e-03
1609043986962743311,0,1609043986962743311,-5.597175598144531e+00,-2.184256076812744e+00,4.062238216400146e+00,-9.982536435127258e-01,-5.478829145431519e-02,1.535982638597488e-02,1.587645150721073e-02
1609043987064813974,0,1609043987064813974,-5.591469764709473e+00,-2.169816970825195e+00,4.062393665313721e+00,-9.977177977561951e-01,-6.287717819213867e-02,1.532062329351902e-02,1.925811730325222e-02
1609043987171896381,0,1609043987171896381,-5.585260391235352e+00,-2.158781528472900e+00,4.070541381835938e+00,-9.970322847366333e-01,-7.227391004562378e-02,1.582258008420467e-02,2.127797529101372e-02
1609043987269850263,0,1609043987269850263,-5.581479549407959e+00,-2.152510404586792e+00,4.054218769073486e+00,-9.963055849075317e-01,-8.116628229618073e-02,1.600183919072151e-02,2.304809540510178e-02
1609043987367366093,0,1609043987367366093,-5.576320171356201e+00,-2.146690845489502e+00,4.052298545837402e+00,-9.954392313957214e-01,-9.096002578735352e-02,1.673381216824055e-02,2.338616177439690e-02
1609043987469244412,0,1609043987469244412,-5.567101478576660e+00,-2.149012088775635e+00,4.045238494873047e+00,-9.944044947624207e-01,-1.018640547990799e-01,1.644256711006165e-02,2.265249192714691e-02
1609043987581715213,0,1609043987581715213,-5.561088085174561e+00,-2.160294055938721e+00,4.024712562561035e+00,-9.932783246040344e-01,-1.120864599943161e-01,1.700995117425919e-02,2.335426770150661e-02
1609043987642618792,0,1609043987642618792,-5.556253910064697e+00,-2.166414499282837e+00,4.020899295806885e+00,-9.925346374511719e-01,-1.186342239379883e-01,1.717914082109928e-02,2.249420993030071e-02
1609043987744834470,0,1609043987744834470,-5.541934967041016e+00,-2.179615259170532e+00,4.005393028259277e+00,-9.911764860153198e-01,-1.296072453260422e-01,1.713129878044128e-02,2.185349352657795e-02
1609043987851458832,0,1609043987851458832,-5.528018951416016e+00,-2.198447465896606e+00,3.984642982482910e+00,-9.897040724754333e-01,-1.402567625045776e-01,1.767379418015480e-02,2.239629253745079e-02
1609043987955029635,0,1609043987955029635,-5.510946273803711e+00,-2.207337379455566e+00,4.007309913635254e+00,-9.882152080535889e-01,-1.510954052209854e-01,1.711646839976311e-02,1.755255088210106e-02
1609043988071671173,0,1609043988071671173,-5.495229244232178e+00,-2.225789070129395e+00,4.031410217285156e+00,-9.864906668663025e-01,-1.629899144172668e-01,1.469059754163027e-02,7.398017682135105e-03
1609043988163689673,0,1609043988163689673,-5.486487388610840e+00,-2.249557733535767e+00,4.006604194641113e+00,-9.849889278411865e-01,-1.721142977476120e-01,1.298076659440994e-02,2.271534642204642e-03
1609043988260590296,0,1609043988260590296,-5.476327896118164e+00,-2.277438402175903e+00,3.955948829650879e+00,-9.832388162612915e-01,-1.818857491016388e-01,1.250657252967358e-02,1.615042565390468e-03
1609043988367622358,0,1609043988367622358,-5.461411952972412e+00,-2.297127962112427e+00,3.958987236022949e+00,-9.812873005867004e-01,-1.921754777431488e-01,1.180869620293379e-02,-2.106748521327972e-03
1609043988479966539,0,1609043988479966539,-5.444772720336914e+00,-2.315826654434204e+00,3.982502937316895e+00,-9.792570471763611e-01,-2.022500038146973e-01,1.143257413059473e-02,-4.456919152289629e-03
1609043988576836125,0,1609043988576836125,-5.430260658264160e+00,-2.323268175125122e+00,4.009758472442627e+00,-9.772740602493286e-01,-2.115714401006699e-01,1.083770301192999e-02,-7.442836649715900e-03
1609043988673877444,0,1609043988673877444,-5.417873859405518e+00,-2.326745033264160e+00,4.034082889556885e+00,-9.752192497253418e-01,-2.207104563713074e-01,1.006129104644060e-02,-1.154308486729860e-02
1609043988750056448,0,1609043988750056448,-5.408567428588867e+00,-2.329797267913818e+00,4.045172691345215e+00,-9.735421538352966e-01,-2.277614772319794e-01,8.753483183681965e-03,-1.623915694653988e-02
1609043988851688236,0,1609043988851688236,-5.401680946350098e+00,-2.344642877578735e+00,3.965105533599854e+00,-9.713284373283386e-01,-2.372944504022598e-01,9.754686616361141e-03,-1.083566714078188e-02
1609043988959089965,0,1609043988959089965,-5.397690773010254e+00,-2.348782062530518e+00,3.936301946640015e+00,-9.692470431327820e-01,-2.458003908395767e-01,1.109454501420259e-02,-4.373499192297459e-03
1609043989056854355,0,1609043989056854355,-5.389951705932617e+00,-2.328722000122070e+00,3.973705768585205e+00,-9.669766426086426e-01,-2.545929849147797e-01,1.175978500396013e-02,-6.133861024864018e-04
1609043989158994835,0,1609043989158994835,-5.390994548797607e+00,-2.321793079376221e+00,3.958291292190552e+00,-9.644952416419983e-01,-2.635820806026459e-01,1.406613457947969e-02,8.697096258401871e-03
1609043989255888750,0,1609043989255888750,-5.386674404144287e+00,-2.301211357116699e+00,3.993394136428833e+00,-9.618663191795349e-01,-2.727454602718353e-01,1.573825627565384e-02,1.324294321238995e-02
1609043989373099357,0,1609043989373099357,-5.382859706878662e+00,-2.286780595779419e+00,3.991693496704102e+00,-9.588763713836670e-01,-2.827222049236298e-01,1.731081306934357e-02,1.802095584571362e-02
1609043989464978063,0,1609043989464978063,-5.378297328948975e+00,-2.273134231567383e+00,3.992378950119019e+00,-9.561833143234253e-01,-2.913906276226044e-01,1.848689839243889e-02,2.152450382709503e-02
1609043989587295228,0,1609043989587295228,-5.369704246520996e+00,-2.260692119598389e+00,3.975670814514160e+00,-9.526031017303467e-01,-3.027335107326508e-01,1.856724359095097e-02,2.356236986815929e-02
1609043989671396778,0,1609043989671396778,-5.361612319946289e+00,-2.257977962493896e+00,3.966603517532349e+00,-9.498701691627502e-01,-3.110597729682922e-01,1.952783949673176e-02,2.464050054550171e-02
1609043989774196359,0,1609043989774196359,-5.351540565490723e+00,-2.254650831222534e+00,3.952518463134766e+00,-9.464514851570129e-01,-3.211993873119354e-01,1.979902572929859e-02,2.585616335272789e-02
1609043989850882825,0,1609043989850882825,-5.339347839355469e+00,-2.255063056945801e+00,3.939414978027344e+00,-9.435145258903503e-01,-3.296287655830383e-01,2.069226838648319e-02,2.640095353126526e-02
1609043989953286189,0,1609043989953286189,-5.321895122528076e+00,-2.256985425949097e+00,3.945895671844482e+00,-9.392238855361938e-01,-3.416539728641510e-01,2.087132446467876e-02,2.637344039976597e-02
1609043990056578854,0,1609043990056578854,-5.303801059722900e+00,-2.269039869308472e+00,3.939801454544067e+00,-9.350767135620117e-01,-3.527992665767670e-01,2.132345922291279e-02,2.663859538733959e-02
1609043990153589539,0,1609043990153589539,-5.283041000366211e+00,-2.278844594955444e+00,3.939856529235840e+00,-9.305063486099243e-01,-3.646602928638458e-01,2.143978513777256e-02,2.685780823230743e-02
1609043990255667338,0,1609043990255667338,-5.259794235229492e+00,-2.289292573928833e+00,3.938776493072510e+00,-9.255831837654114e-01,-3.769282996654510e-01,2.186594530940056e-02,2.725306898355484e-02
1609043990357505224,0,1609043990357505224,-5.234345912933350e+00,-2.303257465362549e+00,3.958496570587158e+00,-9.200448393821716e-01,-3.902163207530975e-01,2.193833701312542e-02,2.770410478115082e-02
1609043990459373946,0,1609043990459373946,-5.208285808563232e+00,-2.322150945663452e+00,3.975376129150391e+00,-9.141921401023865e-01,-4.036658704280853e-01,2.206688746809959e-02,2.863087691366673e-02
1609043990571368755,0,1609043990571368755,-5.177313804626465e+00,-2.337621450424194e+00,3.990735292434692e+00,-9.075347185134888e-01,-4.184492230415344e-01,2.127599902451038e-02,2.877996303141117e-02
1609043990668670142,0,1609043990668670142,-5.144312858581543e+00,-2.359483957290649e+00,4.004259109497070e+00,-9.013825058937073e-01,-4.315277040004730e-01,2.124412544071674e-02,2.901874668896198e-02
1609043990770447038,0,1609043990770447038,-5.109669208526611e+00,-2.383188247680664e+00,4.017025470733643e+00,-8.950085043907166e-01,-4.447769820690155e-01,1.988191902637482e-02,2.716565318405628e-02
1609043990873047467,0,1609043990873047467,-5.075537204742432e+00,-2.406743764877319e+00,4.036520957946777e+00,-8.892049193382263e-01,-4.566741585731506e-01,1.716909930109978e-02,2.165033295750618e-02
1609043990954577595,0,1609043990954577595,-5.039912700653076e+00,-2.431093215942383e+00,4.056386947631836e+00,-8.848766088485718e-01,-4.656260013580322e-01,1.060177199542522e-02,8.568848483264446e-03
1609043991051452067,0,1609043991051452067,-4.996232032775879e+00,-2.454504013061523e+00,3.978353261947632e+00,-8.790689706802368e-01,-4.765516221523285e-01,8.109680376946926e-03,8.402265608310699e-03
1609043991153467242,0,1609043991153467242,-4.951632976531982e+00,-2.482854127883911e+00,3.943584680557251e+00,-8.738502264022827e-01,-4.860648214817047e-01,6.868164986371994e-03,8.924071677029133e-03
1609043991250199768,0,1609043991250199768,-4.903653144836426e+00,-2.515870809555054e+00,3.933200597763062e+00,-8.688735961914062e-01,-4.947361052036285e-01,9.461453184485435e-03,1.432650256901979e-02
1609043991363309955,0,1609043991363309955,-4.869765281677246e+00,-2.548683643341064e+00,3.981708288192749e+00,-8.634477257728577e-01,-5.039713978767395e-01,1.233439240604639e-02,1.785532571375370e-02
1609043991464919037,0,1609043991464919037,-4.838007926940918e+00,-2.565362453460693e+00,4.018835067749023e+00,-8.579142689704895e-01,-5.132023096084595e-01,1.457463204860687e-02,1.985386386513710e-02
1609043991562432113,0,1609043991562432113,-4.803604602813721e+00,-2.587869644165039e+00,4.021460056304932e+00,-8.522294163703918e-01,-5.222674012184143e-01,1.796421594917774e-02,2.488166093826294e-02
1609043991664343373,0,1609043991664343373,-4.770302772521973e+00,-2.616931676864624e+00,4.031203746795654e+00,-8.460944890975952e-01,-5.320013165473938e-01,2.130757458508015e-02,2.539212070405483e-02
1609043991776392749,0,1609043991776392749,-4.728906631469727e+00,-2.649940490722656e+00,4.031101226806641e+00,-8.399472832679749e-01,-5.414257645606995e-01,2.414608374238014e-02,2.763473056256771e-02
1609043991873859380,0,1609043991873859380,-4.689541816711426e+00,-2.674816846847534e+00,4.047430992126465e+00,-8.341622948646545e-01,-5.505174398422241e-01,2.331257052719593e-02,2.366928011178970e-02
1609043991980806008,0,1609043991980806008,-4.643078804016113e+00,-2.709324598312378e+00,4.044430732727051e+00,-8.289154171943665e-01,-5.586420297622681e-01,1.942560449242592e-02,2.100053057074547e-02
1609043992047222072,0,1609043992047222072,-4.609458446502686e+00,-2.734200716018677e+00,4.027647495269775e+00,-8.256870508193970e-01,-5.636692047119141e-01,1.632699929177761e-02,1.585305109620094e-02
1609043992144542459,0,1609043992144542459,-4.551630020141602e+00,-2.772868871688843e+00,3.971296548843384e+00,-8.210913538932800e-01,-5.703490376472473e-01,1.476721558719873e-02,1.711656898260117e-02
1609043992251556678,0,1609043992251556678,-4.495904445648193e+00,-2.807645082473755e+00,3.999352931976318e+00,-8.168648481369019e-01,-5.765998363494873e-01,1.120601966977119e-02,1.178588159382343e-02
1609043992362329585,0,1609043992362329585,-4.436373233795166e+00,-2.840752363204956e+00,3.981223344802856e+00,-8.128513693809509e-01,-5.823292732238770e-01,9.260425344109535e-03,8.926347829401493e-03
1609043992454034360,0,1609043992454034360,-4.392384529113770e+00,-2.865963220596313e+00,3.999551534652710e+00,-8.095920681953430e-01,-5.869691967964172e-01,4.942814353853464e-03,1.855684444308281e-03
1609043992555838106,0,1609043992555838106,-4.342871665954590e+00,-2.900909185409546e+00,3.966099262237549e+00,-8.067655563354492e-01,-5.908665060997009e-01,2.147239865735173e-03,-1.196415978483856e-03
1609043992660231010,0,1609043992660231010,-4.296498298645020e+00,-2.931590318679810e+00,3.957669258117676e+00,-8.050286769866943e-01,-5.932022929191589e-01,-1.514703384600580e-03,-6.135847885161638e-03
1609043992767167552,0,1609043992767167552,-4.252983570098877e+00,-2.958841800689697e+00,3.936181068420410e+00,-8.038994669914246e-01,-5.946845412254333e-01,-3.525821026414633e-03,-9.138105437159538e-03
1609043992874279508,0,1609043992874279508,-4.217429161071777e+00,-2.981496810913086e+00,3.948068857192993e+00,-8.028166294097900e-01,-5.960049629211426e-01,-7.237109821289778e-03,-1.453249156475067e-02
1609043992971110338,0,1609043992971110338,-4.190818786621094e+00,-3.002866029739380e+00,3.961873054504395e+00,-8.022353053092957e-01,-5.965350866317749e-01,-1.147169340401888e-02,-2.080629020929337e-02
1609043993078235706,0,1609043993078235706,-4.170207500457764e+00,-3.024138927459717e+00,3.965893030166626e+00,-8.017967939376831e-01,-5.966419577598572e-01,-1.764868386089802e-02,-2.879000455141068e-02
1609043993149807196,0,1609043993149807196,-4.161388397216797e+00,-3.037002325057983e+00,3.961810827255249e+00,-8.015469312667847e-01,-5.966922640800476e-01,-2.046927995979786e-02,-3.258809447288513e-02
1609043993251714188,0,1609043993251714188,-4.138011455535889e+00,-3.064357280731201e+00,3.944669961929321e+00,-8.018370270729065e-01,-5.968469977378845e-01,-1.324050687253475e-02,-2.561005763709545e-02
1609043993354896677,0,1609043993354896677,-4.150187492370605e+00,-3.082103729248047e+00,3.956207752227783e+00,-8.018591403961182e-01,-5.968047380447388e-01,-6.484959740191698e-03,-2.835623361170292e-02
1609043993456666354,0,1609043993456666354,-4.169223308563232e+00,-3.098159074783325e+00,3.875630378723145e+00,-8.021672368049622e-01,-5.965816974639893e-01,9.338575415313244e-03,-2.303870953619480e-02
1609043993553495031,0,1609043993553495031,-4.201561927795410e+00,-3.097048521041870e+00,3.889295101165771e+00,-8.019843101501465e-01,-5.963574051856995e-01,2.579798921942711e-02,-2.265996485948563e-02
1609043993665582637,0,1609043993665582637,-4.235430717468262e+00,-3.090454339981079e+00,3.896331071853638e+00,-8.013634085655212e-01,-5.962193012237549e-01,4.465404152870178e-02,-1.858160458505154e-02
1609043993764643886,0,1609043993764643886,-4.269122123718262e+00,-3.071371793746948e+00,3.912152290344238e+00,-8.010634779930115e-01,-5.962025523185730e-01,5.106820911169052e-02,-1.522612757980824e-02
1609043993871680606,0,1609043993871680606,-4.297033786773682e+00,-3.050196170806885e+00,3.906904697418213e+00,-8.005519509315491e-01,-5.962632894515991e-01,5.872110649943352e-02,-1.176986657083035e-02
1609043993969170771,0,1609043993969170771,-4.322272300720215e+00,-3.022975683212280e+00,3.905419349670410e+00,-8.002876639366150e-01,-5.962145328521729e-01,6.324530392885208e-02,-8.239464834332466e-03
1609043994077224861,0,1609043994077224861,-4.340885162353516e+00,-2.981585979461670e+00,3.911978483200073e+00,-8.004747629165649e-01,-5.961611866950989e-01,6.154586002230644e-02,-6.645422894507647e-03
1609043994179190302,0,1609043994179190302,-4.343720912933350e+00,-2.929039716720581e+00,3.906100511550903e+00,-8.005841970443726e-01,-5.963834524154663e-01,5.817935615777969e-02,-2.636716002598405e-03
1609043994250475955,0,1609043994250475955,-4.342525005340576e+00,-2.883509874343872e+00,3.898602008819580e+00,-8.007118105888367e-01,-5.963786840438843e-01,5.649341270327568e-02,-1.243329723365605e-03
1609043994343805150,0,1609043994343805150,-4.334397792816162e+00,-2.815268993377686e+00,3.897428750991821e+00,-8.007816672325134e-01,-5.962861180305481e-01,5.648422613739967e-02,-1.115620951168239e-03
1609043994461096078,0,1609043994461096078,-4.314457416534424e+00,-2.722147703170776e+00,3.890906572341919e+00,-8.007780909538269e-01,-5.966879725456238e-01,5.213360115885735e-02,3.021441225428134e-04
1609043994557914941,0,1609043994557914941,-4.294034004211426e+00,-2.646014690399170e+00,3.881623983383179e+00,-8.008494973182678e-01,-5.967825651168823e-01,4.989241808652878e-02,1.147328643128276e-03
1609043994659771201,0,1609043994659771201,-4.267143249511719e+00,-2.562211990356445e+00,3.853849411010742e+00,-8.008777499198914e-01,-5.966328382492065e-01,5.122492089867592e-02,4.455703310668468e-04
1609043994757964867,0,1609043994757964867,-4.236615180969238e+00,-2.472407102584839e+00,3.850023269653320e+00,-8.009234666824341e-01,-5.965552330017090e-01,5.138548836112022e-02,1.757870661094785e-03
1609043994859839067,0,1609043994859839067,-4.200968742370605e+00,-2.375309705734253e+00,3.842288970947266e+00,-8.008964657783508e-01,-5.965736508369446e-01,5.160240456461906e-02,1.411654870025814e-03
1609043994977009238,0,1609043994977009238,-4.158288955688477e+00,-2.268187046051025e+00,3.831847429275513e+00,-8.008877038955688e-01,-5.964853763580322e-01,5.273382365703583e-02,1.792354625649750e-03
1609043995075016712,0,1609043995075016712,-4.111578941345215e+00,-2.160497665405273e+00,3.836872577667236e+00,-8.013415932655334e-01,-5.962301492691040e-01,4.820233583450317e-02,6.148244719952345e-03
1609043995171849482,0,1609043995171849482,-4.066902160644531e+00,-2.051044225692749e+00,3.832193374633789e+00,-8.015121817588806e-01,-5.962387919425964e-01,4.490889236330986e-02,7.797615602612495e-03
1609043995273926201,0,1609043995273926201,-4.014873981475830e+00,-1.936358690261841e+00,3.830380439758301e+00,-8.016943335533142e-01,-5.961417555809021e-01,4.225187748670578e-02,1.077631115913391e-02
1609043995344292695,0,1609043995344292695,-3.968254327774048e+00,-1.842044234275818e+00,3.833821296691895e+00,-8.017312884330750e-01,-5.962789654731750e-01,3.900442644953728e-02,1.253379508852959e-02
1609043995451346352,0,1609043995451346352,-3.896750450134277e+00,-1.704345464706421e+00,3.830344200134277e+00,-8.019663095474243e-01,-5.960281491279602e-01,3.670504689216614e-02,1.591450907289982e-02
1609043995553299039,0,1609043995553318520,-3.825420856475830e+00,-1.569729447364807e+00,3.830806732177734e+00,-8.021078705787659e-01,-5.959512591362000e-01,3.424265980720520e-02,1.710647344589233e-02
1609043995650683084,0,1609043995650683084,-3.757064342498779e+00,-1.451111912727356e+00,3.826092004776001e+00,-8.022009134292603e-01,-5.957952141761780e-01,3.372541442513466e-02,1.909076236188412e-02
1609043995753918560,0,1609043995753918560,-3.685695409774780e+00,-1.326299428939819e+00,3.832057237625122e+00,-8.022403717041016e-01,-5.957470536231995e-01,3.359197452664375e-02,1.917211338877678e-02
1609043995866036664,0,1609043995866036664,-3.605189561843872e+00,-1.198539018630981e+00,3.835211753845215e+00,-8.021796941757202e-01,-5.958773493766785e-01,3.314780071377754e-02,1.841519586741924e-02
1609043995973789869,0,1609043995973789869,-3.527794837951660e+00,-1.075073242187500e+00,3.835795402526855e+00,-8.020625710487366e-01,-5.963994860649109e-01,2.885911427438259e-02,1.305425353348255e-02
1609043996071116265,0,1609043996071116265,-3.447645425796509e+00,-9.659192562103271e-01,3.817155599594116e+00,-8.019677400588989e-01,-5.966225266456604e-01,2.774095721542835e-02,1.094518322497606e-02
1609043996193849903,0,1609043996193849903,-3.355163097381592e+00,-8.366603255271912e-01,3.809471368789673e+00,-8.018313050270081e-01,-5.971518754959106e-01,2.144654653966427e-02,4.040854051709175e-03
1609043996270517216,0,1609043996270517216,-3.289515733718872e+00,-7.439619898796082e-01,3.794341087341309e+00,-8.017718791961670e-01,-5.973433256149292e-01,1.849124208092690e-02,9.606013190932572e-04
1609043996377254966,0,1609043996377254966,-3.194003820419312e+00,-6.139789223670959e-01,3.757982254028320e+00,-8.017143011093140e-01,-5.976099967956543e-01,1.076644659042358e-02,8.671954274177551e-04
1609043996449460389,0,1609043996449460389,-3.124207258224487e+00,-5.152566432952881e-01,3.732740640640259e+00,-8.019337058067322e-01,-5.973621010780334e-01,4.345513414591551e-03,6.472372449934483e-03
1609043996546075691,0,1609043996546075691,-3.035802364349365e+00,-3.919955193996429e-01,3.697451829910278e+00,-8.019254207611084e-01,-5.972832441329956e-01,4.581287968903780e-03,1.214661449193954e-02
1609043996649451951,0,1609043996649451951,-2.954457044601440e+00,-2.557430267333984e-01,3.714807033538818e+00,-8.020094037055969e-01,-5.970546007156372e-01,1.405316754244268e-03,1.745802536606789e-02
1609043996751230056,0,1609043996751230056,-2.877637147903442e+00,-1.366572082042694e-01,3.689023494720459e+00,-8.020457029342651e-01,-5.968869328498840e-01,3.941212315112352e-03,2.081328816711903e-02
1609043996858108889,0,1609043996858108889,-2.806681156158447e+00,-1.234914083033800e-02,3.669127941131592e+00,-8.020061850547791e-01,-5.968104600906372e-01,7.306027226150036e-03,2.345103584229946e-02
1609043996965238972,0,1609043996965238972,-2.731366872787476e+00,1.064551472663879e-01,3.652927637100220e+00,-8.018510341644287e-01,-5.969555377960205e-01,1.143908966332674e-02,2.340978011488914e-02
1609043997061975609,0,1609043997061975609,-2.663733005523682e+00,2.097709923982620e-01,3.640757560729980e+00,-8.018921613693237e-01,-5.969853401184082e-01,1.096286997199059e-02,2.138377912342548e-02
1609043997169012469,0,1609043997169012469,-2.594010591506958e+00,3.245197832584381e-01,3.604475975036621e+00,-8.017581105232239e-01,-5.974234938621521e-01,1.377294305711985e-03,1.634419336915016e-02
1609043997270767405,0,1609043997270767405,-2.525915145874023e+00,4.119145274162292e-01,3.579377889633179e+00,-8.017304539680481e-01,-5.975601673126221e-01,-5.715082399547100e-03,1.083435304462910e-02
1609043997374094209,0,1609043997374094209,-2.457774162292480e+00,5.048336982727051e-01,3.568680524826050e+00,-8.014112710952759e-01,-5.978953838348389e-01,-1.582332514226437e-02,3.260320983827114e-03
1609043997481033712,0,1609043997481033712,-2.383140087127686e+00,5.939770340919495e-01,3.518701553344727e+00,-8.011711835861206e-01,-5.980621576309204e-01,-2.113045565783978e-02,7.439113687723875e-05
1609043997547236251,0,1609043997547236251,-2.337074756622314e+00,6.602047681808472e-01,3.511421203613281e+00,-8.011460900306702e-01,-5.978829860687256e-01,-2.579942345619202e-02,-5.948670208454132e-03
1609043997649027197,0,1609043997649027197,-2.273698568344116e+00,7.561606168746948e-01,3.490272521972656e+00,-8.011453151702881e-01,-5.976935029029846e-01,-2.829223126173019e-02,-1.132208667695522e-02
1609043997760926660,0,1609043997760926660,-2.225164651870728e+00,8.451334834098816e-01,3.472387790679932e+00,-8.013280630111694e-01,-5.975620150566101e-01,-2.359043434262276e-02,-1.538077462464571e-02
1609043997857688276,0,1609043997857688276,-2.181982755661011e+00,9.192530512809753e-01,3.461426734924316e+00,-8.016638159751892e-01,-5.976411700248718e-01,-8.244258351624012e-03,-9.604609571397305e-03
1609043997960163787,0,1609043997960163787,-2.163296461105347e+00,1.009388804435730e+00,3.490271091461182e+00,-8.018358945846558e-01,-5.974621176719666e-01,1.743131288094446e-04,-9.902829304337502e-03
1609043998056994088,0,1609043998056994088,-2.149922609329224e+00,1.088657140731812e+00,3.457919836044312e+00,-8.019394278526306e-01,-5.972800254821777e-01,1.125592272728682e-02,-4.798294976353645e-03
1609043998159164858,0,1609043998159164858,-2.138651847839355e+00,1.171195149421692e+00,3.431867837905884e+00,-8.019760847091675e-01,-5.969602465629578e-01,2.164959907531738e-02,2.013413235545158e-03
1609043998276238235,0,1609043998276238235,-2.136104583740234e+00,1.267037510871887e+00,3.410081863403320e+00,-8.018724322319031e-01,-5.968177318572998e-01,2.763895690441132e-02,6.728929933160543e-03
1609043998367852219,0,1609043998367852219,-2.130920648574829e+00,1.343059539794922e+00,3.381031751632690e+00,-8.016131520271301e-01,-5.969815254211426e-01,3.055151179432869e-02,9.800894185900688e-03
1609043998477117308,0,1609043998477117308,-2.117927551269531e+00,1.434870719909668e+00,3.319715023040771e+00,-8.014967441558838e-01,-5.970252752304077e-01,3.170411661267281e-02,1.259213313460350e-02
1609043998578994889,0,1609043998578994889,-2.098398208618164e+00,1.524274468421936e+00,3.274916172027588e+00,-8.014110922813416e-01,-5.970269441604614e-01,3.304846584796906e-02,1.438424549996853e-02
1609043998650279716,0,1609043998650279716,-2.081170558929443e+00,1.600401401519775e+00,3.247318983078003e+00,-8.014217019081116e-01,-5.970268845558167e-01,3.297472372651100e-02,1.395773794502020e-02
1609043998747211859,0,1609043998747211859,-2.049943685531616e+00,1.701310873031616e+00,3.200398683547974e+00,-8.013994097709656e-01,-5.970659852027893e-01,3.268335759639740e-02,1.424760371446609e-02
1609043998854277151,0,1609043998854277151,-2.010804891586304e+00,1.808619737625122e+00,3.156813144683838e+00,-8.014313578605652e-01,-5.970594882965088e-01,3.214904665946960e-02,1.393450610339642e-02
1609043998951142230,0,1609043998951142230,-1.970612764358521e+00,1.905246257781982e+00,3.109824180603027e+00,-8.015493750572205e-01,-5.968390703201294e-01,3.297218680381775e-02,1.464437413960695e-02
1609043999052764970,0,1609043999052764970,-1.928780436515808e+00,2.001961708068848e+00,3.083193302154541e+00,-8.013229966163635e-01,-5.971847176551819e-01,3.244907781481743e-02,1.410538703203201e-02
1609043999164920160,0,1609043999164920160,-1.874135494232178e+00,2.103377580642700e+00,3.060880899429321e+00,-8.013130426406860e-01,-5.972773432731628e-01,3.175330534577370e-02,1.220057439059019e-02
1609043999263212710,0,1609043999263212710,-1.828602552413940e+00,2.200457572937012e+00,3.048020839691162e+00,-8.013414740562439e-01,-5.974502563476562e-01,2.906167879700661e-02,7.779145147651434e-03
1609043999365067857,0,1609043999365067857,-1.777323007583618e+00,2.298388719558716e+00,3.020310163497925e+00,-8.011348843574524e-01,-5.979126691818237e-01,2.581915631890297e-02,4.092072136700153e-03
1609043999466963143,0,1609043999466963143,-1.718283534049988e+00,2.399137020111084e+00,2.994909048080444e+00,-8.012071251869202e-01,-5.979943275451660e-01,2.165073528885841e-02,-1.034846645779908e-03
1609043999568608433,0,1609043999568608433,-1.663011908531189e+00,2.503532648086548e+00,2.950741529464722e+00,-8.012090325355530e-01,-5.980517268180847e-01,1.984548196196556e-02,-2.077981363981962e-03
1609043999680498797,0,1609043999680498797,-1.601675271987915e+00,2.613734006881714e+00,2.928743362426758e+00,-8.012070059776306e-01,-5.981103181838989e-01,1.819031126797199e-02,7.008008542470634e-04
1609043999741823191,0,1609043999741823191,-1.565967798233032e+00,2.682917594909668e+00,2.909223318099976e+00,-8.012274503707886e-01,-5.979124307632446e-01,2.272508293390274e-02,4.340582061558962e-03
1609043999843993500,0,1609043999843993500,-1.504174709320068e+00,2.808898448944092e+00,2.938390493392944e+00,-8.011369109153748e-01,-5.979277491569519e-01,2.412226423621178e-02,8.960890583693981e-03
1609043999956275012,0,1609043999956275012,-1.449738740921021e+00,2.927330970764160e+00,2.939734458923340e+00,-8.009839653968811e-01,-5.978618860244751e-01,2.894261665642262e-02,1.217937190085649e-02
1609044000060432133,0,1609044000060432133,-1.398565888404846e+00,3.046879053115845e+00,2.952610492706299e+00,-8.006888628005981e-01,-5.982843041419983e-01,2.878154255449772e-02,1.117722503840923e-02
1609044000162315472,0,1609044000162315472,-1.343491077423096e+00,3.159392595291138e+00,2.960134983062744e+00,-8.004825711250305e-01,-5.988373756408691e-01,2.445196546614170e-02,4.841699730604887e-03
1609044000265048345,0,1609044000265048345,-1.289574384689331e+00,3.272891998291016e+00,2.956124544143677e+00,-8.004074096679688e-01,-5.991788506507874e-01,1.796981692314148e-02,-3.145777853205800e-03
1609044000363507052,0,1609044000363507052,-1.235182642936707e+00,3.380193710327148e+00,2.914490222930908e+00,-8.000925183296204e-01,-5.996474027633667e-01,1.527118589729071e-02,-6.462378893047571e-03
1609044000470459294,0,1609044000470459294,-1.171341896057129e+00,3.499074697494507e+00,2.893419504165649e+00,-7.998786568641663e-01,-5.999441146850586e-01,1.260129641741514e-02,-1.012258045375347e-02
1609044000567083242,0,1609044000567083242,-1.118335127830505e+00,3.609482765197754e+00,2.906040191650391e+00,-7.997779250144958e-01,-6.000418663024902e-01,1.029420737177134e-02,-1.411478780210018e-02
1609044000669143302,0,1609044000669143302,-1.059413075447083e+00,3.725398302078247e+00,2.891185998916626e+00,-7.999011278152466e-01,-5.998038649559021e-01,1.949766092002392e-02,-3.656072542071342e-03
1609044000781246012,0,1609044000781246012,-1.010923385620117e+00,3.857072114944458e+00,2.928369522094727e+00,-8.000150918960571e-01,-5.995654463768005e-01,2.222173660993576e-02,-1.812385860830545e-03
1609044000842424692,0,1609044000842424692,-9.818025231361389e-01,3.943251132965088e+00,2.944105148315430e+00,-8.000655174255371e-01,-5.993695855140686e-01,2.545947954058647e-02,1.715893740765750e-03
1609044000944356015,0,1609044000944356015,-9.280387163162231e-01,4.087215900421143e+00,2.947924852371216e+00,-8.000375628471375e-01,-5.992431640625000e-01,2.763557806611061e-02,9.159883484244347e-03
1609044001056585982,0,1609044001056585982,-8.810720443725586e-01,4.225237369537354e+00,2.944678783416748e+00,-7.998186945915222e-01,-5.992079973220825e-01,3.318141773343086e-02,1.178118400275707e-02
1609044001153475929,0,1609044001153475929,-8.334184288978577e-01,4.355926036834717e+00,2.958074569702148e+00,-7.997225522994995e-01,-5.995091199874878e-01,3.080379776656628e-02,9.158684872090816e-03
1609044001265564987,0,1609044001265564987,-7.776365876197815e-01,4.495738983154297e+00,2.979599237442017e+00,-7.995201945304871e-01,-6.001760959625244e-01,2.356616221368313e-02,-9.310459136031568e-04
1609044001357307142,0,1609044001357307142,-7.251562476158142e-01,4.620439052581787e+00,2.921597480773926e+00,-7.993798255920410e-01,-6.004999279975891e-01,1.942094415426254e-02,-3.835050854831934e-03
1609044001462620580,0,1609044001462620580,-6.647253036499023e-01,4.756807804107666e+00,2.885680437088013e+00,-7.992708086967468e-01,-6.006686091423035e-01,1.738566160202026e-02,-7.823832333087921e-03
1609044001564716299,0,1609044001564716299,-6.053683161735535e-01,4.888728141784668e+00,2.879697084426880e+00,-7.992855310440063e-01,-6.006597876548767e-01,1.625186018645763e-02,-9.296708740293980e-03
1609044001666591544,0,1609044001666591544,-5.475925803184509e-01,5.020914554595947e+00,2.872359037399292e+00,-7.994742393493652e-01,-6.003564000129700e-01,1.914479024708271e-02,-6.835851818323135e-03
1609044001768498111,0,1609044001768498111,-4.986522495746613e-01,5.159692764282227e+00,2.881924390792847e+00,-7.995862364768982e-01,-6.001506447792053e-01,2.131144329905510e-02,-5.193897988647223e-03
1609044001880564034,0,1609044001880564034,-4.501642584800720e-01,5.305564403533936e+00,2.920539617538452e+00,-7.993993163108826e-01,-6.003635525703430e-01,2.199676819145679e-02,-6.371059454977512e-03
1609044001951884972,0,1609044001951884972,-4.121225178241730e-01,5.415701866149902e+00,2.908114910125732e+00,-7.994785308837891e-01,-6.001754403114319e-01,2.480361610651016e-02,-2.912288764491677e-03
1609044002065215281,0,1609044002065215281,-3.605927526950836e-01,5.587646484375000e+00,2.897832632064819e+00,-7.994285225868225e-01,-6.000716686248779e-01,2.864905074238777e-02,2.697762334719300e-03
1609044002146431960,0,1609044002146431960,-3.147451281547546e-01,5.726119995117188e+00,2.916512012481689e+00,-7.993516921997070e-01,-6.001294255256653e-01,2.952702529728413e-02,3.112256992608309e-03
1609044002258502298,0,1609044002258502298,-2.587014138698578e-01,5.896773815155029e+00,2.919758558273315e+00,-7.992274761199951e-01,-6.001231074333191e-01,3.243984282016754e-02,5.946579389274120e-03
1609044002355219042,0,1609044002355219042,-2.099837809801102e-01,6.044940948486328e+00,2.931739330291748e+00,-7.991302609443665e-01,-6.001394987106323e-01,3.421557322144508e-02,7.260000333189964e-03
1609044002458670916,0,1609044002458670916,-1.522267907857895e-01,6.213818073272705e+00,2.941626310348511e+00,-7.990963459014893e-01,-6.001676917076111e-01,3.348652273416519e-02,1.106976065784693e-02
1609044002570831886,0,1609044002570831886,-8.551400899887085e-02,6.384087562561035e+00,2.979265213012695e+00,-7.994163036346436e-01,-6.001251339912415e-01,2.340163476765156e-02,1.535686850547791e-02
1609044002667641489,0,1609044002667641489,-3.048314526677132e-02,6.533143520355225e+00,2.996715068817139e+00,-7.995979189872742e-01,-6.001439094543457e-01,9.555853903293610e-03,1.947627402842045e-02
1609044002774724289,0,1609044002774724289,3.086539730429649e-02,6.690015792846680e+00,2.971839904785156e+00,-7.997121810913086e-01,-5.997402071952820e-01,-7.575879804790020e-03,2.673346921801567e-02
1609044002876575937,0,1609044002876575937,8.623050153255463e-02,6.833843708038330e+00,2.956563234329224e+00,-7.999129891395569e-01,-5.993557572364807e-01,-1.248683407902718e-02,2.749654278159142e-02
1609044002979580681,0,1609044002979580681,1.453128606081009e-01,6.981682300567627e+00,2.968805789947510e+00,-7.997357249259949e-01,-5.994953513145447e-01,-2.200033329427242e-02,2.332989871501923e-02
1609044003051360823,0,1609044003051360823,1.907804757356644e-01,7.090248584747314e+00,2.952120780944824e+00,-7.999923825263977e-01,-5.992875099182129e-01,-2.225783281028271e-02,1.926791481673717e-02
1609044003153710258,0,1609044003153710258,2.469346672296524e-01,7.234464645385742e+00,2.937513589859009e+00,-7.999405264854431e-01,-5.995779037475586e-01,-2.136918716132641e-02,1.203713379800320e-02
1609044003251450687,0,1609044003251450687,2.974102795124054e-01,7.356825351715088e+00,2.915084838867188e+00,-8.000037074089050e-01,-5.997132658958435e-01,-1.711200736463070e-02,6.740098819136620e-03
1609044003354307392,0,1609044003354307392,3.435724675655365e-01,7.476040840148926e+00,2.898392677307129e+00,-8.000864982604980e-01,-5.997759103775024e-01,-1.103371847420931e-02,2.945099491626024e-03
1609044003466232521,0,1609044003466232521,3.857205510139465e-01,7.602568149566650e+00,2.847200870513916e+00,-8.000391125679016e-01,-5.996408462524414e-01,-1.829960569739342e-02,5.772675853222609e-03
1609044003563473275,0,1609044003563473275,4.175237119197845e-01,7.707492351531982e+00,2.846238613128662e+00,-7.999427914619446e-01,-5.990889072418213e-01,-3.132143244147301e-02,1.424489635974169e-02
1609044003660166227,0,1609044003660166227,4.340082705020905e-01,7.790833950042725e+00,2.841288566589355e+00,-7.997888922691345e-01,-5.985980033874512e-01,-3.803110867738724e-02,2.391215972602367e-02
1609044003762003084,0,1609044003762003084,4.459360539913177e-01,7.885935783386230e+00,2.856055259704590e+00,-7.994827032089233e-01,-5.980372428894043e-01,-4.679667577147484e-02,3.144795075058937e-02
1609044003874255042,0,1609044003874255042,4.508698880672455e-01,7.978123664855957e+00,2.853898286819458e+00,-7.997366786003113e-01,-5.976268053054810e-01,-4.367394000291824e-02,3.682520613074303e-02
1609044003976710825,0,1609044003976710825,4.495415091514587e-01,8.052149772644043e+00,2.808897495269775e+00,-8.006004095077515e-01,-5.980109572410583e-01,-2.006531879305840e-02,3.192484378814697e-02
1609044004078693424,0,1609044004078693424,4.506236314773560e-01,8.124631881713867e+00,2.834357500076294e+00,-8.004694581031799e-01,-5.981925725936890e-01,-1.671925745904446e-02,3.368754312396049e-02
1609044004149925917,0,1609044004149925917,4.523084461688995e-01,8.174507141113281e+00,2.832414150238037e+00,-8.003764152526855e-01,-5.984650254249573e-01,-1.283714361488819e-02,3.274819999933243e-02
1609044004246616089,0,1609044004246616089,4.544743299484253e-01,8.227630615234375e+00,2.841660261154175e+00,-8.000827431678772e-01,-5.989843010902405e-01,-5.387947894632816e-03,3.250197693705559e-02
1609044004358938594,0,1609044004358938594,4.481306970119476e-01,8.266096115112305e+00,2.859624385833740e+00,-8.000919222831726e-01,-5.989511609077454e-01,-2.531273523345590e-03,3.322454169392586e-02
1609044004455621542,0,1609044004455621542,4.399129152297974e-01,8.283007621765137e+00,2.850661039352417e+00,-7.998497486114502e-01,-5.991006493568420e-01,-4.747129045426846e-03,3.600372746586800e-02
1609044004557586823,0,1609044004557586823,4.319812655448914e-01,8.304714202880859e+00,2.854474306106567e+00,-8.000356554985046e-01,-5.986714363098145e-01,-1.237258035689592e-02,3.718110918998718e-02
1609044004666810387,0,1609044004666810387,4.274270534515381e-01,8.319627761840820e+00,2.835006713867188e+00,-8.000285625457764e-01,-5.987256765365601e-01,-1.327175088226795e-02,3.613716736435890e-02
1609044004768662881,0,1609044004768662881,4.299528896808624e-01,8.335374832153320e+00,2.760222196578979e+00,-8.002514243125916e-01,-5.988610982894897e-01,-3.942877228837460e-04,3.103231824934483e-02
1609044004870764112,0,1609044004870764112,4.366177916526794e-01,8.352181434631348e+00,2.787182807922363e+00,-8.004488348960876e-01,-5.986987352371216e-01,4.307505208998919e-03,2.868842519819736e-02
1609044004967442925,0,1609044004967442925,4.454737901687622e-01,8.364644050598145e+00,2.805763006210327e+00,-8.005703091621399e-01,-5.986204147338867e-01,7.792004849761724e-03,2.607831731438637e-02
1609044005069316009,0,1609044005069316009,4.485073089599609e-01,8.362500190734863e+00,2.800245285034180e+00,-8.002753257751465e-01,-5.989704728126526e-01,1.611566543579102e-02,2.311037294566631e-02
1609044005177507287,0,1609044005177507287,4.510180056095123e-01,8.351848602294922e+00,2.794806718826294e+00,-8.001884222030640e-01,-5.989812016487122e-01,2.190665714442730e-02,2.097588777542114e-02
1609044005248811033,0,1609044005248811033,4.576703310012817e-01,8.348003387451172e+00,2.784864902496338e+00,-8.003003001213074e-01,-5.987871289253235e-01,2.337030321359634e-02,2.067040652036667e-02
1609044005345439742,0,1609044005345439742,4.730066657066345e-01,8.345890998840332e+00,2.780245542526245e+00,-8.001186251640320e-01,-5.990973114967346e-01,2.165059000253677e-02,2.058867923915386e-02
1609044005452333713,0,1609044005452333713,4.895420670509338e-01,8.339634895324707e+00,2.779881477355957e+00,-8.001480102539062e-01,-5.992971658706665e-01,1.363701093941927e-02,2.049727551639080e-02
1609044005564263321,0,1609044005564263321,5.106548666954041e-01,8.351305007934570e+00,2.774446010589600e+00,-8.002656102180481e-01,-5.992960929870605e-01,-6.566201336681843e-03,1.939129084348679e-02
1609044005661017667,0,1609044005661017667,5.237764716148376e-01,8.348752021789551e+00,2.750378847122192e+00,-8.001879453659058e-01,-5.990464091300964e-01,-2.288913168013096e-02,1.785408891737461e-02
1609044005762733339,0,1609044005762733339,5.309481620788574e-01,8.344835281372070e+00,2.698689937591553e+00,-8.001785874366760e-01,-5.984330773353577e-01,-3.540163859724998e-02,1.840602047741413e-02
1609044005859420571,0,1609044005859420571,5.373904705047607e-01,8.336470603942871e+00,2.679182767868042e+00,-8.002707362174988e-01,-5.979649424552917e-01,-4.151681810617447e-02,1.676063053309917e-02
1609044005971446989,0,1609044005971446989,5.362248420715332e-01,8.319997787475586e+00,2.662299871444702e+00,-8.004854321479797e-01,-5.976275801658630e-01,-4.232427850365639e-02,1.652663387358189e-02
1609044006068153610,0,1609044006068153610,5.323617458343506e-01,8.299726486206055e+00,2.653250455856323e+00,-8.007860779762268e-01,-5.974337458610535e-01,-3.866816684603691e-02,1.787181757390499e-02
1609044006170646463,0,1609044006170646463,5.116323828697205e-01,8.269195556640625e+00,2.644669055938721e+00,-8.009854555130005e-01,-5.974974632263184e-01,-3.200628235936165e-02,1.986411958932877e-02
1609044006272553887,0,1609044006272553887,4.882507622241974e-01,8.226413726806641e+00,2.643738985061646e+00,-8.008603453636169e-01,-5.978369712829590e-01,-2.664595097303391e-02,2.244434505701065e-02
1609044006348856697,0,1609044006348856697,4.609923362731934e-01,8.185825347900391e+00,2.641580104827881e+00,-8.007614016532898e-01,-5.979968905448914e-01,-2.333480864763260e-02,2.522698603570461e-02
1609044006455898458,0,1609044006455898458,4.198838770389557e-01,8.126530647277832e+00,2.630607843399048e+00,-8.007531762123108e-01,-5.980048179626465e-01,-1.881694607436657e-02,2.881773933768272e-02
1609044006548340684,0,1609044006548340684,3.819870650768280e-01,8.064812660217285e+00,2.626426458358765e+00,-8.007097244262695e-01,-5.981263518333435e-01,-1.474697701632977e-02,2.985587343573570e-02
1609044006660804690,0,1609044006660804690,3.398277461528778e-01,7.994382381439209e+00,2.616645574569702e+00,-8.006584048271179e-01,-5.981596112251282e-01,-1.140853483229876e-02,3.195329383015633e-02
1609044006752500006,0,1609044006752500006,3.045594394207001e-01,7.930756568908691e+00,2.610444068908691e+00,-8.005621433258057e-01,-5.982515215873718e-01,-1.112595759332180e-02,3.273351863026619e-02
1609044006864447522,0,1609044006864447522,2.607828378677368e-01,7.849617004394531e+00,2.584863662719727e+00,-8.005884289741516e-01,-5.983200669288635e-01,-4.629286937415600e-03,3.240258991718292e-02
1609044006968007561,0,1609044006968007561,2.215891480445862e-01,7.771230697631836e+00,2.573348522186279e+00,-8.007304668426514e-01,-5.982561707496643e-01,4.761460237205029e-03,2.996056713163853e-02
1609044007070478318,0,1609044007070478318,1.892458945512772e-01,7.693451881408691e+00,2.587900161743164e+00,-8.006900548934937e-01,-5.983747839927673e-01,8.167652413249016e-03,2.786265127360821e-02
1609044007172265982,0,1609044007172265982,1.536079049110413e-01,7.609568595886230e+00,2.568375110626221e+00,-8.007161617279053e-01,-5.982674956321716e-01,1.404265407472849e-02,2.706574648618698e-02
1609044007268926635,0,1609044007268926635,1.253417134284973e-01,7.524441242218018e+00,2.556715726852417e+00,-8.006151318550110e-01,-5.983901023864746e-01,1.745559275150299e-02,2.529796026647091e-02
1609044007380768874,0,1609044007380768874,9.659826755523682e-02,7.436186790466309e+00,2.562940835952759e+00,-8.006934523582458e-01,-5.983673334121704e-01,1.471674628555775e-02,2.509723231196404e-02
1609044007441809870,0,1609044007441809870,7.862661033868790e-02,7.377069950103760e+00,2.551620483398438e+00,-8.003765344619751e-01,-5.989006757736206e-01,9.112904779613018e-03,2.514538168907166e-02
1609044007543534646,0,1609044007543534646,5.503991991281509e-02,7.279364109039307e+00,2.531373977661133e+00,-8.005004525184631e-01,-5.988156795501709e-01,-9.446828626096249e-04,2.485913038253784e-02
1609044007646431884,0,1609044007646431884,3.055170923471451e-02,7.184952735900879e+00,2.500331401824951e+00,-8.006330132484436e-01,-5.985617637634277e-01,-6.145938765257597e-03,2.593710087239742e-02
1609044007758342161,0,1609044007758342161,6.036948412656784e-03,7.087172985076904e+00,2.481932878494263e+00,-8.005686402320862e-01,-5.986146330833435e-01,-8.274660445749760e-03,2.611398696899414e-02
1609044007860118061,0,1609044007860118061,-1.977892592549324e-02,6.999023914337158e+00,2.463557481765747e+00,-8.006009459495544e-01,-5.985960960388184e-01,-5.036539863795042e-03,2.637191861867905e-02
1609044007956867263,0,1609044007956867263,-3.780248761177063e-02,6.907521247863770e+00,2.463549613952637e+00,-8.005882501602173e-01,-5.986486077308655e-01,2.500787668395787e-04,2.604137919843197e-02
1609044008064061070,0,1609044008064061070,-6.004817783832550e-02,6.809575557708740e+00,2.474775791168213e+00,-8.004816174507141e-01,-5.988104939460754e-01,2.281399676576257e-03,2.549831569194794e-02
1609044008171023416,0,1609044008171023416,-8.487860858440399e-02,6.707925796508789e+00,2.490051269531250e+00,-8.003708720207214e-01,-5.989745259284973e-01,-4.367766377981752e-04,2.521610073745251e-02
1609044008273649361,0,1609044008273649361,-1.105185821652412e-01,6.597137451171875e+00,2.491757631301880e+00,-8.001781105995178e-01,-5.992184281349182e-01,-8.507994003593922e-03,2.407882921397686e-02
1609044008375449626,0,1609044008375449626,-1.364220380783081e-01,6.493151187896729e+00,2.484997034072876e+00,-8.003160953521729e-01,-5.989130735397339e-01,-1.925140433013439e-02,2.065675146877766e-02
1609044008473362919,0,1609044008473362919,-1.664565950632095e-01,6.388317584991455e+00,2.457228899002075e+00,-8.002238273620605e-01,-5.988216400146484e-01,-2.657559514045715e-02,1.866063475608826e-02
1609044008550964887,0,1609044008550964887,-1.932192295789719e-01,6.293230056762695e+00,2.449297666549683e+00,-8.000099062919617e-01,-5.989360809326172e-01,-3.196743875741959e-02,1.542445365339518e-02
1609044008652898716,0,1609044008652898716,-2.279869019985199e-01,6.164010524749756e+00,2.438812255859375e+00,-8.002691268920898e-01,-5.986784100532532e-01,-3.246236592531204e-02,9.986768476665020e-03
1609044008754808860,0,1609044008754808860,-2.711834907531738e-01,6.036765098571777e+00,2.430402994155884e+00,-8.004154562950134e-01,-5.988774299621582e-01,-2.491650357842445e-02,7.744164206087589e-03
1609044008851952068,0,1609044008851952068,-3.185164034366608e-01,5.913753509521484e+00,2.429933786392212e+00,-8.005836606025696e-01,-5.989958643913269e-01,-1.337799429893494e-02,9.530904702842236e-03
1609044008964141535,0,1609044008964141535,-3.813231289386749e-01,5.775926589965820e+00,2.454905033111572e+00,-8.005144596099854e-01,-5.992076396942139e-01,-1.969112548977137e-03,1.108542736619711e-02
1609044009056149874,0,1609044009056149874,-4.354774951934814e-01,5.651745319366455e+00,2.477737665176392e+00,-8.001879453659058e-01,-5.995945334434509e-01,5.623511038720608e-03,1.241209171712399e-02
1609044009168545359,0,1609044009168545359,-5.040227770805359e-01,5.510837078094482e+00,2.482543468475342e+00,-7.999541163444519e-01,-5.997089147567749e-01,1.293504703789949e-02,1.597660593688488e-02
1609044009270347341,0,1609044009270347341,-5.677565336227417e-01,5.380237102508545e+00,2.494421243667603e+00,-7.996916770935059e-01,-5.998785495758057e-01,1.713033951818943e-02,1.858871057629585e-02
1609044009373790713,0,1609044009373790713,-6.293606162071228e-01,5.250913619995117e+00,2.500726461410522e+00,-7.995274662971497e-01,-5.999341607093811e-01,1.975753530859947e-02,2.108155749738216e-02
1609044009470513777,0,1609044009470513777,-6.864339709281921e-01,5.131711006164551e+00,2.501860380172729e+00,-7.994835376739502e-01,-5.998928546905518e-01,2.126258239150047e-02,2.241883799433708e-02
1609044009572392199,0,1609044009572392199,-7.397987842559814e-01,5.007562160491943e+00,2.501264572143555e+00,-7.994440793991089e-01,-5.999133586883545e-01,2.123354934155941e-02,2.328737825155258e-02
1609044009650389504,0,1609044009650389504,-7.823267579078674e-01,4.907307624816895e+00,2.492278337478638e+00,-7.992142438888550e-01,-6.001845002174377e-01,2.141829766333103e-02,2.400850877165794e-02
1609044009752148701,0,1609044009752148701,-8.298718929290771e-01,4.777588367462158e+00,2.485215187072754e+00,-7.990694046020508e-01,-6.003777384757996e-01,2.136836014688015e-02,2.404244057834148e-02
1609044009853927201,0,1609044009853927201,-8.716403245925903e-01,4.658019065856934e+00,2.470832109451294e+00,-7.989726066589355e-01,-6.004757285118103e-01,2.176325209438801e-02,2.445392124354839e-02
1609044009956070175,0,1609044009956070175,-9.060671925544739e-01,4.533538341522217e+00,2.467874050140381e+00,-7.988452315330505e-01,-6.007040739059448e-01,2.139691449701786e-02,2.330613881349564e-02
1609044010058549398,0,1609044010058549398,-9.390160441398621e-01,4.415742397308350e+00,2.470162630081177e+00,-7.987473011016846e-01,-6.010019779205322e-01,1.958887651562691e-02,2.038395963609219e-02
1609044010155370999,0,1609044010155370999,-9.678326845169067e-01,4.301826953887939e+00,2.475452899932861e+00,-7.986963987350464e-01,-6.013134717941284e-01,1.611605845391750e-02,1.570098474621773e-02
1609044010273579112,0,1609044010273579112,-9.971653223037720e-01,4.173446178436279e+00,2.471769094467163e+00,-7.985719442367554e-01,-6.017145514488220e-01,1.190064195543528e-02,8.987796492874622e-03
1609044010375287067,0,1609044010375287067,-1.018870472908020e+00,4.070289611816406e+00,2.444556713104248e+00,-7.985793948173523e-01,-6.017692685127258e-01,1.000019721686840e-02,6.683539133518934e-03
1609044010466850191,0,1609044010466850191,-1.036999344825745e+00,3.968491315841675e+00,2.417707920074463e+00,-7.983620762825012e-01,-6.020233631134033e-01,1.260976586490870e-02,5.191863980144262e-03
1609044010573679152,0,1609044010573679152,-1.065687775611877e+00,3.861903905868530e+00,2.419907808303833e+00,-7.982743978500366e-01,-6.021419763565063e-01,1.259100716561079e-02,4.944365937262774e-03
1609044010676280470,0,1609044010676280470,-1.091963529586792e+00,3.754333734512329e+00,2.435374259948730e+00,-7.981850504875183e-01,-6.022763252258301e-01,1.204618997871876e-02,4.322607070207596e-03
1609044010742437306,0,1609044010742437306,-1.110439658164978e+00,3.673253536224365e+00,2.430794000625610e+00,-7.982038259506226e-01,-6.022097468376160e-01,1.342461816966534e-02,5.822070408612490e-03
1609044010854897772,0,1609044010854897772,-1.145835876464844e+00,3.546645879745483e+00,2.428617000579834e+00,-7.981826066970825e-01,-6.021948456764221e-01,1.468854583799839e-02,7.079415488988161e-03
1609044010946605283,0,1609044010946605283,-1.175783395767212e+00,3.446027994155884e+00,2.422104358673096e+00,-7.982208132743835e-01,-6.021091938018799e-01,1.554665528237820e-02,8.147543296217918e-03
1609044011053375498,0,1609044011053375498,-1.209600448608398e+00,3.340157032012939e+00,2.406398773193359e+00,-7.981328964233398e-01,-6.021696925163269e-01,1.671509072184563e-02,9.808236733078957e-03
1609044011160491488,0,1609044011160491488,-1.239518404006958e+00,3.238609075546265e+00,2.396636009216309e+00,-7.981327176094055e-01,-6.021375060081482e-01,1.754930242896080e-02,1.033066771924496e-02
1609044011267421263,0,1609044011267421263,-1.267110228538513e+00,3.146152973175049e+00,2.373356580734253e+00,-7.980192303657532e-01,-6.022157669067383e-01,1.907226443290710e-02,1.173718739300966e-02
1609044011369272420,0,1609044011369272420,-1.292419075965881e+00,3.057143688201904e+00,2.356069326400757e+00,-7.979993224143982e-01,-6.021993756294250e-01,2.096411958336830e-02,1.065255142748356e-02
1609044011471114983,0,1609044011471114983,-1.315858721733093e+00,2.974915981292725e+00,2.330531358718872e+00,-7.976968884468079e-01,-6.025709509849548e-01,2.173016965389252e-02,1.075697690248489e-02
1609044011568251897,0,1609044011568251897,-1.337458491325378e+00,2.894884109497070e+00,2.309744358062744e+00,-7.977131605148315e-01,-6.025779247283936e-01,2.090574987232685e-02,1.079373154789209e-02
1609044011670178603,0,1609044011670178603,-1.360889673233032e+00,2.811195135116577e+00,2.280048131942749e+00,-7.976076602935791e-01,-6.027269959449768e-01,2.100256457924843e-02,1.005322113633156e-02
1609044011772033710,0,1609044011772033710,-1.381085157394409e+00,2.735143899917603e+00,2.242620706558228e+00,-7.975350022315979e-01,-6.027805805206299e-01,2.156152762472630e-02,1.133735198527575e-02
1609044011843336803,0,1609044011843336803,-1.394337415695190e+00,2.677239179611206e+00,2.226248264312744e+00,-7.974994182586670e-01,-6.029007434844971e-01,2.047876827418804e-02,9.277923032641411e-03
1609044011946489291,0,1609044011946489291,-1.410161375999451e+00,2.597585201263428e+00,2.196399688720703e+00,-7.974236011505127e-01,-6.029980778694153e-01,2.013838104903698e-02,1.016934122890234e-02
1609044012054666359,0,1609044012054666359,-1.428817272186279e+00,2.516129255294800e+00,2.177213430404663e+00,-7.974411249160767e-01,-6.030150055885315e-01,1.922246254980564e-02,9.537131525576115e-03
1609044012151763068,0,1609044012151763068,-1.440378546714783e+00,2.443209648132324e+00,2.162702798843384e+00,-7.973659038543701e-01,-6.031930446624756e-01,1.745221018791199e-02,7.819790393114090e-03
1609044012254456537,0,1609044012254456537,-1.454715132713318e+00,2.370198965072632e+00,2.140712976455688e+00,-7.972583770751953e-01,-6.033866405487061e-01,1.494217477738857e-02,8.960594423115253e-03
1609044012356348341,0,1609044012356348341,-1.468622446060181e+00,2.297588825225830e+00,2.112078428268433e+00,-7.974626421928406e-01,-6.031401157379150e-01,1.306214369833469e-02,1.024058926850557e-02
1609044012468596575,0,1609044012468596575,-1.483008503913879e+00,2.226928472518921e+00,2.101011276245117e+00,-7.972052097320557e-01,-6.035065054893494e-01,1.152033638209105e-02,1.053949724882841e-02
1609044012562424041,0,1609044012562424041,-1.494056940078735e+00,2.165491342544556e+00,2.087077379226685e+00,-7.971217036247253e-01,-6.036167740821838e-01,1.059721782803535e-02,1.147337909787893e-02
1609044012674641057,0,1609044012674641057,-1.507312059402466e+00,2.098919868469238e+00,2.060096979141235e+00,-7.970551848411560e-01,-6.035480499267578e-01,1.637223735451698e-02,1.283040735870600e-02
1609044012778860810,0,1609044012778860810,-1.515361070632935e+00,2.038776159286499e+00,2.047780990600586e+00,-7.969823479652405e-01,-6.035203933715820e-01,1.864548027515411e-02,1.532066613435745e-02
1609044012875716409,0,1609044012875716409,-1.529209852218628e+00,1.980752587318420e+00,2.046014547348022e+00,-7.969911694526672e-01,-6.033790111541748e-01,2.202348224818707e-02,1.593110710382462e-02
1609044012948656420,0,1609044012948656420,-1.538603663444519e+00,1.931414842605591e+00,2.036623239517212e+00,-7.969558238983154e-01,-6.033180356025696e-01,2.438499033451080e-02,1.656120270490646e-02
1609044013045542534,0,1609044013045542534,-1.550102829933167e+00,1.861884355545044e+00,2.019386291503906e+00,-7.968387007713318e-01,-6.033060550689697e-01,2.764059789478779e-02,1.749153248965740e-02
1609044013147795155,0,1609044013147795155,-1.558193087577820e+00,1.793623328208923e+00,1.998346328735352e+00,-7.968742847442627e-01,-6.031306982040405e-01,2.955027855932713e-02,1.875108666718006e-02
1609044013259951285,0,1609044013259951285,-1.562336564064026e+00,1.730195760726929e+00,1.984671115875244e+00,-7.967221736907959e-01,-6.033407449722290e-01,2.905314229428768e-02,1.922461763024330e-02
1609044013353321628,0,1609044013353321628,-1.560067176818848e+00,1.676876306533813e+00,1.980393648147583e+00,-7.967146039009094e-01,-6.034898757934570e-01,2.611751109361649e-02,1.906935311853886e-02
1609044013455438946,0,1609044013455438946,-1.553186058998108e+00,1.621332883834839e+00,1.959879755973816e+00,-7.968224287033081e-01,-6.034563183784485e-01,2.318559959530830e-02,1.941534131765366e-02
1609044013568492272,0,1609044013568492272,-1.542052388191223e+00,1.561128497123718e+00,1.925894498825073e+00,-7.967311143875122e-01,-6.033499240875244e-01,2.776220999658108e-02,2.043943665921688e-02
1609044013665435000,0,1609044013665435000,-1.529193401336670e+00,1.518267512321472e+00,1.931750893592834e+00,-7.965907454490662e-01,-6.035858988761902e-01,2.646479755640030e-02,2.066369913518429e-02
1609044013767408844,0,1609044013767408844,-1.511564850807190e+00,1.469097733497620e+00,1.917915105819702e+00,-7.966216802597046e-01,-6.035518050193787e-01,2.549666538834572e-02,2.165800146758556e-02
1609044013869296127,0,1609044013869296127,-1.489270925521851e+00,1.420538306236267e+00,1.907622575759888e+00,-7.965169548988342e-01,-6.036670207977295e-01,2.378162182867527e-02,2.411374077200890e-02
1609044013976912074,0,1609044013976912074,-1.457180619239807e+00,1.372783660888672e+00,1.907008409500122e+00,-7.967669963836670e-01,-6.033286452293396e-01,1.685465499758720e-02,2.954474091529846e-02
1609044014048131437,0,1609044014048131437,-1.438346743583679e+00,1.332402586936951e+00,1.904832720756531e+00,-7.965881824493408e-01,-6.037009358406067e-01,9.662196040153503e-03,2.998426370322704e-02
1609044014150145783,0,1609044014150145783,-1.412864327430725e+00,1.267556071281433e+00,1.901864647865295e+00,-7.966749072074890e-01,-6.038120388984680e-01,3.298993455246091e-03,2.662981860339642e-02
1609044014252026148,0,1609044014252026148,-1.388982415199280e+00,1.205792784690857e+00,1.879671216011047e+00,-7.966064214706421e-01,-6.041714549064636e-01,1.153634162619710e-03,1.984415762126446e-02
1609044014359115330,0,1609044014359115330,-1.362701535224915e+00,1.141907572746277e+00,1.831344723701477e+00,-7.966350317001343e-01,-6.041386723518372e-01,9.197188541293144e-03,1.745512709021568e-02
1609044014466526861,0,1609044014466526861,-1.332789540290833e+00,1.085046768188477e+00,1.854445695877075e+00,-7.964143157005310e-01,-6.045803427696228e-01,1.109525561332703e-02,9.152754209935665e-03
1609044014562932016,0,1609044014562932016,-1.304926276206970e+00,1.027868747711182e+00,1.843879938125610e+00,-7.962843775749207e-01,-6.047582030296326e-01,1.371269486844540e-02,3.253766102716327e-03
1609044014659536026,0,1609044014659536026,-1.277874469757080e+00,9.641727209091187e-01,1.821341753005981e+00,-7.961825728416443e-01,-6.048423051834106e-01,1.608040370047092e-02,-5.861467216163874e-04
1609044014770352372,0,1609044014770352372,-1.254553914070129e+00,8.975808024406433e-01,1.805807113647461e+00,-7.960860729217529e-01,-6.049334406852722e-01,1.715276017785072e-02,-2.886486239731312e-03
1609044014867278592,0,1609044014867278592,-1.234602451324463e+00,8.509294986724854e-01,1.810258150100708e+00,-7.960799932479858e-01,-6.050210595130920e-01,1.314347051084042e-02,-5.772319156676531e-03
1609044014969437710,0,1609044014969437710,-1.216468930244446e+00,7.999422550201416e-01,1.788331747055054e+00,-7.960146069526672e-01,-6.051929593086243e-01,7.793915458023548e-03,-6.436709780246019e-03
1609044015071496527,0,1609044015071496527,-1.204740285873413e+00,7.541781067848206e-01,1.760014533996582e+00,-7.960458993911743e-01,-6.051759123802185e-01,4.433494061231613e-03,-7.307928986847401e-03
1609044015153422600,0,1609044015153422600,-1.192474842071533e+00,7.182199358940125e-01,1.731176376342773e+00,-7.961617708206177e-01,-6.050353646278381e-01,4.152551293373108e-03,-6.435518618673086e-03
1609044015246021602,0,1609044015246021602,-1.186231613159180e+00,6.804302334785461e-01,1.701847553253174e+00,-7.961429357528687e-01,-6.050502657890320e-01,6.682562176138163e-03,-5.101995542645454e-03
1609044015349709972,0,1609044015349709972,-1.175969600677490e+00,6.431125998497009e-01,1.689222931861877e+00,-7.964248061180115e-01,-6.046239733695984e-01,1.164723746478558e-02,-1.321304589509964e-03
1609044015456737865,0,1609044015456737865,-1.173355937004089e+00,6.077389717102051e-01,1.694520950317383e+00,-7.961964607238770e-01,-6.047862768173218e-01,1.739746332168579e-02,1.496735843829811e-03
1609044015552329927,0,1609044015552329927,-1.171615958213806e+00,5.778208971023560e-01,1.681551933288574e+00,-7.962029576301575e-01,-6.045995950698853e-01,2.225212007761002e-02,5.002710502594709e-03
1609044015659301930,0,1609044015659301930,-1.171045303344727e+00,5.498546361923218e-01,1.668147802352905e+00,-7.962820529937744e-01,-6.043462157249451e-01,2.553637512028217e-02,6.952046882361174e-03
1609044015761181153,0,1609044015761181153,-1.172587394714355e+00,5.197659730911255e-01,1.642173409461975e+00,-7.961341738700867e-01,-6.042975783348083e-01,2.967168949544430e-02,1.069894246757030e-02
1609044015868287531,0,1609044015868287531,-1.169745564460754e+00,4.990744590759277e-01,1.628061771392822e+00,-7.961294651031494e-01,-6.041392087936401e-01,3.204067051410675e-02,1.292397081851959e-02
1609044015965060401,0,1609044015965060401,-1.163654804229736e+00,4.811523258686066e-01,1.618798851966858e+00,-7.959938049316406e-01,-6.042238473892212e-01,3.346672654151917e-02,1.368928793817759e-02
1609044016077440888,0,1609044016077440888,-1.153035998344421e+00,4.620550274848938e-01,1.601204991340637e+00,-7.959970831871033e-01,-6.041288375854492e-01,3.437506034970284e-02,1.534491311758757e-02
1609044016174921417,0,1609044016174921417,-1.138382792472839e+00,4.491217434406281e-01,1.593360424041748e+00,-7.958751916885376e-01,-6.042489409446716e-01,3.489128127694130e-02,1.576487906277180e-02
1609044016246269208,0,1609044016246269208,-1.123875617980957e+00,4.378190934658051e-01,1.580991387367249e+00,-7.958933115005493e-01,-6.042243838310242e-01,3.451796993613243e-02,1.658906415104866e-02
1609044016344309048,0,1609044016344309048,-1.096819400787354e+00,4.284669458866119e-01,1.567189335823059e+00,-7.959289550781250e-01,-6.042706370353699e-01,3.218491375446320e-02,1.783855259418488e-02
1609044016446211648,0,1609044016446211648,-1.068572521209717e+00,4.134380817413330e-01,1.547752022743225e+00,-7.959423065185547e-01,-6.041959524154663e-01,3.283970057964325e-02,1.856522820889950e-02
1609044016563384670,0,1609044016563384670,-1.030931949615479e+00,4.083786606788635e-01,1.538510680198669e+00,-7.957656383514404e-01,-6.044252514839172e-01,3.329919278621674e-02,1.783988811075687e-02
1609044016654736409,0,1609044016654736409,-9.931569099426270e-01,4.040488898754120e-01,1.521169662475586e+00,-7.958404421806335e-01,-6.042586565017700e-01,3.407247737050056e-02,1.866926625370979e-02
1609044016764019031,0,1609044016764019031,-9.517515301704407e-01,4.057600796222687e-01,1.511810064315796e+00,-7.958074808120728e-01,-6.043445467948914e-01,3.342950344085693e-02,1.845580711960793e-02
1609044016860666641,0,1609044016860666641,-9.026490449905396e-01,4.134423434734344e-01,1.519881367683411e+00,-7.958565950393677e-01,-6.047251224517822e-01,2.556984312832355e-02,1.631424948573112e-02
1609044016963614157,0,1609044016963614157,-8.566784262657166e-01,4.149806797504425e-01,1.519905686378479e+00,-7.960459589958191e-01,-6.049526929855347e-01,1.241078600287437e-02,1.375143602490425e-02
1609044017066571284,0,1609044017066571284,-8.171266317367554e-01,4.089551270008087e-01,1.487142324447632e+00,-7.962035536766052e-01,-6.049055457115173e-01,4.476486064959317e-04,1.220841612666845e-02
1609044017173603326,0,1609044017173603326,-7.762342691421509e-01,4.041943848133087e-01,1.458973884582520e+00,-7.962889075279236e-01,-6.048053503036499e-01,-5.670673679560423e-03,1.012044027447701e-02
1609044017275116583,0,1609044017275116583,-7.335457205772400e-01,4.034893810749054e-01,1.442807197570801e+00,-7.965450882911682e-01,-6.044467091560364e-01,-8.657704107463360e-03,9.222277440130711e-03
1609044017341585376,0,1609044017341585376,-7.024446725845337e-01,4.053933620452881e-01,1.442293047904968e+00,-7.963475584983826e-01,-6.047206521034241e-01,-8.936895057559013e-03,7.978861220180988e-03
1609044017444018607,0,1609044017444018607,-6.628658175468445e-01,4.001757502555847e-01,1.416583657264709e+00,-7.966760396957397e-01,-6.043379902839661e-01,-7.076417095959187e-04,9.080163203179836e-03
1609044017546248028,0,1609044017546248028,-6.308968067169189e-01,3.935452401638031e-01,1.421018719673157e+00,-7.966080307960510e-01,-6.043447256088257e-01,9.527876973152161e-03,9.607865475118160e-03
1609044017659175479,0,1609044017659175479,-6.028128266334534e-01,3.816082477569580e-01,1.421143174171448e+00,-7.967050075531006e-01,-6.039161682128906e-01,2.003834582865238e-02,1.203597616404295e-02
1609044017761904550,0,1609044017761904550,-5.803509354591370e-01,3.703488111495972e-01,1.431525826454163e+00,-7.964863777160645e-01,-6.040176153182983e-01,2.526567503809929e-02,1.157041732221842e-02
1609044017859676650,0,1609044017859676650,-5.571733117103577e-01,3.589530289173126e-01,1.427228808403015e+00,-7.962786555290222e-01,-6.039755344390869e-01,3.119360655546188e-02,1.344222296029329e-02
1609044017967075567,0,1609044017967075567,-5.301691293716431e-01,3.529540300369263e-01,1.427194595336914e+00,-7.963491082191467e-01,-6.037235260009766e-01,3.407821804285049e-02,1.359056401997805e-02
1609044018070453654,0,1609044018070453654,-4.997451007366180e-01,3.497007489204407e-01,1.420302987098694e+00,-7.962283492088318e-01,-6.037800312042236e-01,3.567487746477127e-02,1.405428815633059e-02
1609044018173729710,0,1609044018173729710,-4.662974476814270e-01,3.508547544479370e-01,1.409823417663574e+00,-7.962434887886047e-01,-6.036653518676758e-01,3.699846565723419e-02,1.468679681420326e-02
1609044018270163580,0,1609044018270163580,-4.300689101219177e-01,3.568104505538940e-01,1.403931379318237e+00,-7.962676882743835e-01,-6.036351323127747e-01,3.710032999515533e-02,1.435560360550880e-02
1609044018372112965,0,1609044018372112965,-3.843699693679810e-01,3.676988780498505e-01,1.391834616661072e+00,-7.963536977767944e-01,-6.036034822463989e-01,3.565616533160210e-02,1.456674095243216e-02
1609044018448520999,0,1609044018448520999,-3.446490466594696e-01,3.749021291732788e-01,1.380508542060852e+00,-7.963736057281494e-01,-6.036155223846436e-01,3.450969979166985e-02,1.570120453834534e-02
1609044018551289769,0,1609044018551289769,-2.864325940608978e-01,3.894301652908325e-01,1.369614720344543e+00,-7.963570952415466e-01,-6.036984920501709e-01,3.228536993265152e-02,1.792460493743420e-02
1609044018648024882,0,1609044018648024882,-2.292264401912689e-01,4.000200331211090e-01,1.359825611114502e+00,-7.965651154518127e-01,-6.034653186798096e-01,3.078425489366055e-02,1.913246698677540e-02
1609044018749978250,0,1609044018749978250,-1.705631315708160e-01,4.180986285209656e-01,1.342399120330811e+00,-7.965554594993591e-01,-6.034781932830811e-01,2.964266017079353e-02,2.084989473223686e-02
1609044018851884639,0,1609044018851884639,-1.055872663855553e-01,4.410219490528107e-01,1.336885333061218e+00,-7.966130375862122e-01,-6.034455299377441e-01,2.671186998486519e-02,2.339964546263218e-02
1609044018970714824,0,1609044018970714824,-3.352469205856323e-02,4.581665396690369e-01,1.322538256645203e+00,-7.967562675476074e-01,-6.032625436782837e-01,2.186767756938934e-02,2.784858085215092e-02
1609044019057898041,0,1609044019057898041,2.001106925308704e-02,4.699749350547791e-01,1.312134265899658e+00,-7.968319058418274e-01,-6.030892729759216e-01,2.266799844801426e-02,2.878081798553467e-02
1609044019170442386,0,1609044019170442386,1.019167006015778e-01,4.963007569313049e-01,1.314557075500488e+00,-7.969844341278076e-01,-6.028144359588623e-01,1.602721773087978e-02,3.425810486078262e-02
1609044019277296623,0,1609044019277296623,1.820305436849594e-01,5.082306861877441e-01,1.318520188331604e+00,-7.969583272933960e-01,-6.029151678085327e-01,8.152839727699757e-03,3.583740442991257e-02
1609044019368615382,0,1609044019368615382,2.451251000165939e-01,5.043313503265381e-01,1.314503908157349e+00,-7.970564365386963e-01,-6.029028296470642e-01,5.620932672172785e-03,3.431781008839607e-02
1609044019476490587,0,1609044019476490587,3.160775899887085e-01,5.015140175819397e-01,1.304504394531250e+00,-7.970156669616699e-01,-6.032326817512512e-01,5.510124843567610e-03,2.908642403781414e-02
1609044019550028166,0,1609044019550028166,3.735991120338440e-01,5.015845298767090e-01,1.293550848960876e+00,-7.969377040863037e-01,-6.034484505653381e-01,8.998698554933071e-03,2.567598968744278e-02
1609044019647112499,0,1609044019647112499,4.554191529750824e-01,4.979585707187653e-01,1.277119994163513e+00,-7.970284223556519e-01,-6.033785343170166e-01,1.496406365185976e-02,2.135659940540791e-02
1609044019754927233,0,1609044019754927233,5.459706187248230e-01,4.937858581542969e-01,1.290575742721558e+00,-7.968350648880005e-01,-6.036553382873535e-01,1.927958242595196e-02,1.680976524949074e-02
1609044019862086687,0,1609044019862086687,6.311901211738586e-01,4.790406525135040e-01,1.284956216812134e+00,-7.968061566352844e-01,-6.035529971122742e-01,2.470012754201889e-02,1.461387332528830e-02
1609044019955513917,0,1609044019955513917,7.077088952064514e-01,4.684794545173645e-01,1.287194967269897e+00,-7.967067360877991e-01,-6.035724878311157e-01,2.802108600735664e-02,1.317426376044750e-02
1609044020057696283,0,1609044020057696283,7.923907041549683e-01,4.574030041694641e-01,1.299386501312256e+00,-7.965027093887329e-01,-6.039958000183105e-01,2.661656029522419e-02,8.003194816410542e-03
1609044020166685072,0,1609044020166685072,8.777341246604919e-01,4.539968669414520e-01,1.284478664398193e+00,-7.967624068260193e-01,-6.038740277290344e-01,2.094558067619801e-02,8.196987211704254e-03
1609044020265023349,0,1609044020265023349,9.581730365753174e-01,4.527647793292999e-01,1.281745791435242e+00,-7.967256307601929e-01,-6.041513085365295e-01,1.457197032868862e-02,4.149471409618855e-03
1609044020368350560,0,1609044020368350560,1.039187669754028e+00,4.559469819068909e-01,1.273905992507935e+00,-7.966654896736145e-01,-6.043808460235596e-01,6.371743511408567e-03,2.714922418817878e-03
1609044020475629488,0,1609044020475629488,1.122028112411499e+00,4.607701897621155e-01,1.256559133529663e+00,-7.970189452171326e-01,-6.038882732391357e-01,-5.881666205823421e-03,6.730050314217806e-03
1609044020572738044,0,1609044020572738044,1.189950942993164e+00,4.577705562114716e-01,1.251460671424866e+00,-7.970311045646667e-01,-6.037349104881287e-01,-1.420131046324968e-02,6.629654671996832e-03
1609044020649346707,0,1609044020649346707,1.245919466018677e+00,4.580119252204895e-01,1.246875286102295e+00,-7.970502376556396e-01,-6.034801006317139e-01,-2.005269564688206e-02,1.097832806408405e-02
1609044020746032844,0,1609044020746032844,1.313061118125916e+00,4.540232419967651e-01,1.241697549819946e+00,-7.972428202629089e-01,-6.032106876373291e-01,-2.036943472921848e-02,1.121942512691021e-02
1609044020859730390,0,1609044020859730390,1.373021364212036e+00,4.409771263599396e-01,1.213962793350220e+00,-7.977014780044556e-01,-6.028742790222168e-01,-4.513678606599569e-03,1.395000610500574e-02
1609044020952632508,0,1609044020952632508,1.439047813415527e+00,4.499931931495667e-01,1.241193175315857e+00,-7.974142432212830e-01,-6.033141016960144e-01,2.178631955757737e-03,1.174065377563238e-02
1609044021055054551,0,1609044021055054551,1.498758912086487e+00,4.361984133720398e-01,1.263404965400696e+00,-7.971642017364502e-01,-6.036969423294067e-01,5.451934877783060e-03,7.039173971861601e-03
1609044021158928256,0,1609044021158928256,1.549746870994568e+00,4.172162413597107e-01,1.263213515281677e+00,-7.970161437988281e-01,-6.039440631866455e-01,2.351850038394332e-03,3.361456329002976e-03
1609044021266961651,0,1609044021266961651,1.589761614799500e+00,3.914135694503784e-01,1.256386756896973e+00,-7.969813942909241e-01,-6.039831638336182e-01,-4.841844085603952e-03,-1.259631710126996e-03
1609044021369489612,0,1609044021369489612,1.619669437408447e+00,3.682521283626556e-01,1.238616466522217e+00,-7.970163822174072e-01,-6.038646101951599e-01,-1.027200464159250e-02,-2.641204511746764e-03
1609044021466262079,0,1609044021466262079,1.648288607597351e+00,3.457024097442627e-01,1.221559047698975e+00,-7.971499562263489e-01,-6.036759018898010e-01,-1.116913557052612e-02,-1.604618155397475e-03
1609044021567981689,0,1609044021567981689,1.681780338287354e+00,3.302772045135498e-01,1.227123379707336e+00,-7.973885536193848e-01,-6.033880710601807e-01,-9.709518402814865e-03,4.006976378150284e-04
1609044021671281827,0,1609044021671281827,1.711740612983704e+00,3.183167874813080e-01,1.237798571586609e+00,-7.975667119026184e-01,-6.032055020332336e-01,-3.710800781846046e-03,4.105538595467806e-03
1609044021742378877,0,1609044021742378877,1.724499344825745e+00,3.027647137641907e-01,1.240483760833740e+00,-7.977103590965271e-01,-6.029552221298218e-01,6.625771522521973e-03,7.698560133576393e-03
1609044021850491158,0,1609044021850491158,1.747504949569702e+00,2.841052711009979e-01,1.271755695343018e+00,-7.975338697433472e-01,-6.029872894287109e-01,1.576990075409412e-02,9.873657487332821e-03
1609044021953611585,0,1609044021953611585,1.770144820213318e+00,2.709735333919525e-01,1.269252419471741e+00,-7.973850965499878e-01,-6.028859615325928e-01,2.330042794346809e-02,1.275656651705503e-02
1609044022050366732,0,1609044022050366732,1.787520885467529e+00,2.540001869201660e-01,1.268804788589478e+00,-7.972986698150635e-01,-6.027577519416809e-01,2.826855890452862e-02,1.410128641873598e-02
1609044022152559329,0,1609044022152559329,1.807551503181458e+00,2.453753054141998e-01,1.274546861648560e+00,-7.971526384353638e-01,-6.029130220413208e-01,2.814906090497971e-02,1.584797911345959e-02
1609044022269555717,0,1609044022269555717,1.838704586029053e+00,2.358965873718262e-01,1.288908123970032e+00,-7.973732948303223e-01,-6.029631495475769e-01,1.462909486144781e-02,2.042727172374725e-02
1609044022366150773,0,1609044022366150773,1.860262513160706e+00,2.229973822832108e-01,1.268988490104675e+00,-7.974098920822144e-01,-6.029788255691528e-01,4.331818316131830e-03,2.313243411481380e-02
1609044022464264439,0,1609044022464264439,1.885618090629578e+00,1.992334872484207e-01,1.276238799095154e+00,-7.974096536636353e-01,-6.029064059257507e-01,-9.361036121845245e-03,2.353695407509804e-02
1609044022566114954,0,1609044022566114954,1.903294086456299e+00,1.827548295259476e-01,1.252975344657898e+00,-7.974824309349060e-01,-6.024282574653625e-01,-1.949380710721016e-02,2.686981484293938e-02
1609044022673413361,0,1609044022673413361,1.917691349983215e+00,1.529070734977722e-01,1.239374518394470e+00,-7.979252338409424e-01,-6.021525263786316e-01,-1.051651220768690e-02,2.484133653342724e-02
1609044022775224553,0,1609044022775224553,1.943954825401306e+00,1.262680143117905e-01,1.239745497703552e+00,-7.980560064315796e-01,-6.021322607994080e-01,-4.828040022403002e-03,2.280510403215885e-02
1609044022846568053,0,1609044022846568053,1.963433384895325e+00,1.064684689044952e-01,1.247645258903503e+00,-7.979691624641418e-01,-6.023886203765869e-01,8.810934377834201e-04,1.930220052599907e-02
1609044022943377963,0,1609044022943377963,1.993727087974548e+00,6.911307573318481e-02,1.261117815971375e+00,-7.976612448692322e-01,-6.029864549636841e-01,6.958123762160540e-03,9.774213656783104e-03
1609044023050268495,0,1609044023050268495,2.011231660842896e+00,2.015831507742405e-02,1.242281198501587e+00,-7.977979183197021e-01,-6.028280854225159e-01,9.910966269671917e-03,4.314909223467112e-03
1609044023157057580,0,1609044023157057580,2.021933078765869e+00,-3.095284849405289e-02,1.234139561653137e+00,-7.978610992431641e-01,-6.027767062187195e-01,8.776881732046604e-03,9.700788068585098e-04
1609044023258663001,0,1609044023258663001,2.019718647003174e+00,-8.510088175535202e-02,1.216760277748108e+00,-7.980179190635681e-01,-6.025144457817078e-01,1.188989169895649e-02,1.552375033497810e-03
1609044023360466307,0,1609044023360466307,2.034452199935913e+00,-1.216569542884827e-01,1.221450805664062e+00,-7.978847026824951e-01,-6.026756763458252e-01,1.265127398073673e-02,1.423359150066972e-03
1609044023462547635,0,1609044023462547635,2.044037580490112e+00,-1.513661444187164e-01,1.224793314933777e+00,-7.978726625442505e-01,-6.026718020439148e-01,1.337169948965311e-02,2.653033705428243e-03
1609044023564429215,0,1609044023564429215,2.054671764373779e+00,-1.787755638360977e-01,1.230584383010864e+00,-7.977803945541382e-01,-6.028313040733337e-01,1.186449825763702e-02,4.857138264924288e-04
1609044023671352715,0,1609044023671352715,2.059714555740356e+00,-2.066169530153275e-01,1.217637658119202e+00,-7.977316379547119e-01,-6.028901338577271e-01,1.215366087853909e-02,1.803738123271614e-04
1609044023768289722,0,1609044023768289722,2.063359737396240e+00,-2.258610129356384e-01,1.214743733406067e+00,-7.970457077026367e-01,-6.038542389869690e-01,8.726953528821468e-03,-1.440345309674740e-03
1609044023870099922,0,1609044023870099922,2.063117742538452e+00,-2.501096129417419e-01,1.210106849670410e+00,-7.961361408233643e-01,-6.050937175750732e-01,3.169327974319458e-03,-4.344272892922163e-03
1609044023941485398,0,1609044023941485398,2.063255786895752e+00,-2.667902410030365e-01,1.192712426185608e+00,-7.951981425285339e-01,-6.063196659088135e-01,-1.080602407455444e-03,-5.929009988903999e-03
1609044024048900292,0,1609044024048900292,2.059309005737305e+00,-2.920605242252350e-01,1.168815255165100e+00,-7.938362956047058e-01,-6.080513596534729e-01,-4.749737214297056e-03,-8.652062155306339e-03
1609044024151517307,0,1609044024151517307,2.046290159225464e+00,-3.174264132976532e-01,1.129073143005371e+00,-7.931460738182068e-01,-6.090116500854492e-01,3.453181125223637e-04,-4.906156565994024e-03
1609044024253496330,0,1609044024253496330,2.041957139968872e+00,-3.325225114822388e-01,1.111807107925415e+00,-7.922258377075195e-01,-6.101913452148438e-01,6.648506969213486e-03,-7.298872224055231e-04
1609044024360692134,0,1609044024360692134,2.030741214752197e+00,-3.462524414062500e-01,1.105589389801025e+00,-7.915914654731750e-01,-6.108700633049011e-01,1.415570173412561e-02,4.511229228228331e-03
1609044024458347502,0,1609044024458347502,2.015107393264771e+00,-3.582962751388550e-01,1.103267192840576e+00,-7.910823822021484e-01,-6.113443374633789e-01,1.976333372294903e-02,7.497235666960478e-03
1609044024570615356,0,1609044024570615356,1.995820283889771e+00,-3.710120618343353e-01,1.089117169380188e+00,-7.908659577369690e-01,-6.114479899406433e-01,2.379312179982662e-02,9.814131073653698e-03
1609044024664154323,0,1609044024664154323,1.976353049278259e+00,-3.816687762737274e-01,1.066191434860229e+00,-7.906534075737000e-01,-6.115566492080688e-01,2.685048989951611e-02,1.203670911490917e-02
1609044024766306944,0,1609044024766306944,1.958930373191833e+00,-3.914914727210999e-01,1.041626453399658e+00,-7.905990481376648e-01,-6.115044355392456e-01,2.911240048706532e-02,1.296218205243349e-02
1609044024868422650,0,1609044024868422650,1.943957090377808e+00,-4.019659459590912e-01,1.012050032615662e+00,-7.905949950218201e-01,-6.114552021026611e-01,3.002964146435261e-02,1.343264058232307e-02
1609044024970540569,0,1609044024970540569,1.937835097312927e+00,-4.090723991394043e-01,9.815765619277954e-01,-7.905676364898682e-01,-6.114413738250732e-01,3.078862838447094e-02,1.393841765820980e-02
1609044025053240941,0,1609044025053240941,1.935088992118835e+00,-4.150542914867401e-01,9.568879008293152e-01,-7.906439304351807e-01,-6.113117933273315e-01,3.135664761066437e-02,1.403032243251801e-02
1609044025145439267,0,1609044025145439267,1.937124609947205e+00,-4.139353036880493e-01,9.329679012298584e-01,-7.906111478805542e-01,-6.113708019256592e-01,3.099413961172104e-02,1.411178708076477e-02
1609044025247706110,0,1609044025247706110,1.942972779273987e+00,-4.176623225212097e-01,9.064590334892273e-01,-7.907245755195618e-01,-6.112189888954163e-01,3.121697530150414e-02,1.383720710873604e-02
1609044025349760689,0,1609044025349760689,1.958186984062195e+00,-4.151957333087921e-01,8.932065963745117e-01,-7.906878590583801e-01,-6.114286780357361e-01,2.892765961587429e-02,1.143487170338631e-02
1609044025455300551,0,1609044025455300551,1.969587683677673e+00,-4.083755016326904e-01,8.716747760772705e-01,-7.907346487045288e-01,-6.115804314613342e-01,2.480545081198215e-02,9.634030982851982e-03
1609044025562620002,0,1609044025562620002,1.985511302947998e+00,-3.984173834323883e-01,8.429939150810242e-01,-7.908591628074646e-01,-6.116397976875305e-01,1.921745203435421e-02,8.316882885992527e-03
1609044025659633579,0,1609044025659633579,1.997936367988586e+00,-3.889346122741699e-01,8.248838186264038e-01,-7.909918427467346e-01,-6.116146445274353e-01,1.423358917236328e-02,7.544455584138632e-03
1609044025764156859,0,1609044025764156859,2.013172626495361e+00,-3.757900595664978e-01,8.105993866920471e-01,-7.911700606346130e-01,-6.114981174468994e-01,8.714783005416393e-03,6.636156700551510e-03
1609044025867432699,0,1609044025867432699,2.026498079299927e+00,-3.627603948116302e-01,7.929354906082153e-01,-7.912080287933350e-01,-6.114683151245117e-01,5.815148353576660e-03,7.915392518043518e-03
1609044025973205960,0,1609044025973205960,2.035439968109131e+00,-3.534422814846039e-01,7.768954634666443e-01,-7.913098931312561e-01,-6.113164424896240e-01,6.880131550133228e-03,8.573295548558235e-03
1609044026080115489,0,1609044026080115489,2.047643899917603e+00,-3.405105173587799e-01,7.657806873321533e-01,-7.913658618927002e-01,-6.112088561058044e-01,9.922934696078300e-03,8.083833381533623e-03
1609044026141442052,0,1609044026141442052,2.051807403564453e+00,-3.343529999256134e-01,7.575883269309998e-01,-7.913922071456909e-01,-6.111139655113220e-01,1.302263606339693e-02,8.279034867882729e-03
1609044026243376232,0,1609044026243376232,2.064552783966064e+00,-3.213216364383698e-01,7.437049150466919e-01,-7.913276553153992e-01,-6.110687851905823e-01,1.789796538650990e-02,8.676091209053993e-03
1609044026345250228,0,1609044026350350203,2.080284118652344e+00,-3.024388551712036e-01,7.302693724632263e-01,-7.912501692771912e-01,-6.112225651741028e-01,1.592672429978848e-02,8.752008900046349e-03
1609044026453950579,0,1609044026453950579,2.089464426040649e+00,-2.873636484146118e-01,7.173460721969604e-01,-7.912443876266479e-01,-6.113951206207275e-01,6.757073570042849e-03,9.089937433600426e-03
1609044026560779408,0,1609044026560779408,2.085569858551025e+00,-2.855658531188965e-01,6.867526769638062e-01,-7.914675474166870e-01,-6.110799312591553e-01,1.900133065646514e-04,1.266551017761230e-02
1609044026663023766,0,1609044026663023766,2.070195198059082e+00,-3.047311007976532e-01,6.587848067283630e-01,-7.915693521499634e-01,-6.109390854835510e-01,3.169119358062744e-03,1.270042639225721e-02
1609044026765023650,0,1609044026765023650,2.074333906173706e+00,-2.852004766464233e-01,6.326956152915955e-01,-7.915883660316467e-01,-6.108823418617249e-01,6.351068615913391e-03,1.305008307099342e-02
1609044026872500419,0,1609044026872500419,2.086328744888306e+00,-2.609319984912872e-01,6.111773848533630e-01,-7.913959622383118e-01,-6.110875010490417e-01,9.927309118211269e-03,1.288571953773499e-02
1609044026967885591,0,1609044026967885591,2.096174716949463e+00,-2.436117976903915e-01,5.936064720153809e-01,-7.913249135017395e-01,-6.111446022987366e-01,1.165958214551210e-02,1.308456156402826e-02
1609044027071279048,0,1609044027071279048,2.097348213195801e+00,-2.376083880662918e-01,5.670633912086487e-01,-7.913020849227905e-01,-6.111437082290649e-01,1.347435824573040e-02,1.276658568531275e-02
1609044027173495790,0,1609044027173495790,2.100243330001831e+00,-2.242748886346817e-01,5.445197224617004e-01,-7.913342714309692e-01,-6.111199259757996e-01,1.228984817862511e-02,1.309403870254755e-02
1609044027244755757,0,1609044027244755757,2.100191831588745e+00,-2.185825407505035e-01,5.233104825019836e-01,-7.914631962776184e-01,-6.109564900398254e-01,1.081918086856604e-02,1.418421324342489e-02
1609044027347066345,0,1609044027347066345,2.102234840393066e+00,-2.113814055919647e-01,4.965243339538574e-01,-7.914730310440063e-01,-6.109477877616882e-01,9.725691750645638e-03,1.478789839893579e-02
1609044027454253483,0,1609044027454253483,2.109016895294189e+00,-2.033022195100784e-01,4.728617072105408e-01,-7.915028929710388e-01,-6.109213829040527e-01,8.424637839198112e-03,1.507593132555485e-02
1609044027550968652,0,1609044027550968652,2.114456176757812e+00,-1.924602538347244e-01,4.483927786350250e-01,-7.916305661201477e-01,-6.107454299926758e-01,7.796175312250853e-03,1.582422479987144e-02
1609044027652908556,0,1609044027652908556,2.119491815567017e+00,-1.855513155460358e-01,4.256716370582581e-01,-7.916275262832642e-01,-6.107534170150757e-01,5.827869288623333e-03,1.650233194231987e-02
1609044027754774480,0,1609044027754774480,2.121545076370239e+00,-1.803452372550964e-01,4.011634886264801e-01,-7.916480898857117e-01,-6.107137799263000e-01,3.434168407693505e-03,1.761458441615105e-02
1609044027866621851,0,1609044027866621851,2.123881340026855e+00,-1.774963140487671e-01,3.785043060779572e-01,-7.916907668113708e-01,-6.106837391853333e-01,1.457527978345752e-03,1.699833571910858e-02
1609044027961564363,0,1609044027961564363,2.127232551574707e+00,-1.727643311023712e-01,3.562162220478058e-01,-7.917745709419250e-01,-6.105778813362122e-01,-9.439000277779996e-04,1.693528890609741e-02
1609044028068437266,0,1609044028068437266,2.131714105606079e+00,-1.692859083414078e-01,3.301950395107269e-01,-7.917880415916443e-01,-6.105683445930481e-01,-3.081679577007890e-03,1.639357581734657e-02
1609044028168333205,0,1609044028168333205,2.132005453109741e+00,-1.678961664438248e-01,3.048180639743805e-01,-7.917206287384033e-01,-6.106660962104797e-01,-3.448196221143007e-03,1.592740789055824e-02
1609044028275331496,0,1609044028275331496,2.127411603927612e+00,-1.705120056867599e-01,2.768239974975586e-01,-7.918438911437988e-01,-6.105183362960815e-01,-2.679445082321763e-03,1.560814026743174e-02
1609044028341459748,0,1609044028341459748,2.122174263000488e+00,-1.748476475477219e-01,2.547972798347473e-01,-7.920156121253967e-01,-6.102687716484070e-01,-1.647453987970948e-03,1.674810238182545e-02
1609044028444716011,0,1609044028444716011,2.113513231277466e+00,-1.869436055421829e-01,2.254025042057037e-01,-7.918649911880493e-01,-6.104583740234375e-01,5.327087128534913e-04,1.703491248190403e-02
1609044028546701294,0,1609044028546701294,2.103586196899414e+00,-1.997840702533722e-01,1.978944092988968e-01,-7.918796539306641e-01,-6.104370951652527e-01,1.702955341897905e-03,1.703587360680103e-02
1609044028648696840,0,1609044028648696840,2.098434209823608e+00,-2.118671387434006e-01,1.710988432168961e-01,-7.918519973754883e-01,-6.104866862297058e-01,2.928758040070534e-03,1.636888086795807e-02
1609044028761849442,0,1609044028761849442,2.083161830902100e+00,-2.263567745685577e-01,1.375558674335480e-01,-7.918316125869751e-01,-6.105333566665649e-01,3.159432206302881e-03,1.554884575307369e-02
1609044028858534008,0,1609044028858534008,2.071127176284790e+00,-2.410167902708054e-01,1.084230020642281e-01,-7.918233275413513e-01,-6.105483770370483e-01,4.773261025547981e-03,1.495595462620258e-02
1609044028960316246,0,1609044028960316246,2.059209346771240e+00,-2.589455544948578e-01,8.119456470012665e-02,-7.917703390121460e-01,-6.106240749359131e-01,6.995620671659708e-03,1.375198736786842e-02
1609044029062088457,0,1609044029062088457,2.046341419219971e+00,-2.767183780670166e-01,5.190456658601761e-02,-7.916657328605652e-01,-6.107232570648193e-01,9.368507191538811e-03,1.395492535084486e-02
1609044029163991372,0,1609044029163991372,2.033083438873291e+00,-2.978616058826447e-01,2.268883027136326e-02,-7.914704680442810e-01,-6.109048724174500e-01,1.407177560031414e-02,1.310450769960880e-02
1609044029271352165,0,1609044029271352165,2.018714427947998e+00,-3.166025876998901e-01,-3.490042407065630e-03,-7.912682294845581e-01,-6.112024784088135e-01,1.451842300593853e-02,1.074612233787775e-02
1609044029378650613,0,1609044029378650613,2.018885612487793e+00,-2.935910820960999e-01,-2.959476783871651e-02,-7.911979556083679e-01,-6.113049983978271e-01,1.171316765248775e-02,1.322536543011665e-02
1609044029449816081,0,1609044029449816081,2.002505302429199e+00,-3.093915879726410e-01,-4.904185980558395e-02,-7.919016480445862e-01,-6.105306148529053e-01,8.653929457068443e-03,8.320652879774570e-03
1609044029541529600,0,1609044029541529600,1.984679460525513e+00,-3.219420015811920e-01,-5.408536642789841e-02,-7.910066246986389e-01,-6.115686297416687e-01,9.348391555249691e-03,1.431896071881056e-02
1609044029649421433,0,1609044029649421433,1.995763182640076e+00,-3.627018630504608e-01,-4.235113039612770e-02,-7.902445197105408e-01,-6.126866936683655e-01,6.936171092092991e-03,8.971493691205978e-03
1609044029758183195,0,1609044029758183195,1.974267721176147e+00,-3.673122525215149e-01,-5.612176284193993e-02,-7.907881140708923e-01,-6.119298934936523e-01,8.059789426624775e-03,1.144743151962757e-02
1609044029855841831,0,1609044029855841831,1.974557042121887e+00,-3.689540028572083e-01,-5.524829775094986e-02,-7.907496690750122e-01,-6.120237112045288e-01,7.718398701399565e-03,9.079254232347012e-03
1609044029955287879,0,1609044029955287879,1.968145132064819e+00,-3.611060678958893e-01,-5.727170407772064e-02,-7.908781170845032e-01,-6.118309497833252e-01,8.611073717474937e-03,1.003373414278030e-02
1609044030067656539,0,1609044030067656539,1.971213936805725e+00,-3.630109131336212e-01,-5.534073710441589e-02,-7.908634543418884e-01,-6.118569970130920e-01,8.725937455892563e-03,9.485950693488121e-03
1609044030169790081,0,1609044030169790081,1.970504641532898e+00,-3.642856776714325e-01,-5.492427200078964e-02,-7.909209132194519e-01,-6.117866635322571e-01,8.571036159992218e-03,9.374309331178665e-03
1609044030268361528,0,1609044030268361528,1.970700263977051e+00,-3.609818220138550e-01,-5.391691252589226e-02,-7.908954024314880e-01,-6.118196249008179e-01,8.813534863293171e-03,9.146424941718578e-03
1609044030370118235,0,1609044030370118235,1.973037362098694e+00,-3.590758144855499e-01,-5.267873778939247e-02,-7.909168004989624e-01,-6.117937564849854e-01,9.016689844429493e-03,8.822297677397728e-03
1609044030471750315,0,1609044030471750315,1.972992658615112e+00,-3.547576367855072e-01,-5.277122184634209e-02,-7.909363508224487e-01,-6.117613315582275e-01,9.564989246428013e-03,8.739511482417583e-03
1609044030543117786,0,1609044030543117786,1.975180149078369e+00,-3.534673154354095e-01,-5.267014726996422e-02,-7.909045815467834e-01,-6.118084192276001e-01,9.885962121188641e-03,7.913218811154366e-03
1609044030650078953,0,1609044030650078953,1.972844243049622e+00,-3.556687235832214e-01,-5.479161441326141e-02,-7.909383177757263e-01,-6.117603778839111e-01,1.053262595087290e-02,7.416624110192060e-03
1609044030746856859,0,1609044030746856859,1.975145339965820e+00,-3.551318347454071e-01,-5.471031740307808e-02,-7.908862233161926e-01,-6.118226647377014e-01,1.107414998114109e-02,7.026361767202616e-03
1609044030848720740,0,1609044030848720740,1.975120306015015e+00,-3.572151064872742e-01,-5.485396832227707e-02,-7.908434271812439e-01,-6.118709444999695e-01,1.159173995256424e-02,6.816986482590437e-03
1609044030951365302,0,1609044030951365302,1.974681258201599e+00,-3.590369820594788e-01,-5.395425483584404e-02,-7.907749414443970e-01,-6.119541525840759e-01,1.208018511533737e-02,6.425491068512201e-03
1609044031063431708,0,1609044031063431708,1.977693915367126e+00,-3.566191792488098e-01,-5.334060639142990e-02,-7.907248735427856e-01,-6.120269298553467e-01,1.157279405742884e-02,6.575320381671190e-03
1609044031161797507,0,1609044031161797507,1.976966500282288e+00,-3.571382761001587e-01,-5.486398562788963e-02,-7.908361554145813e-01,-6.118931770324707e-01,1.051536947488785e-02,7.373501081019640e-03
1609044031263666160,0,1609044031263666160,1.975272178649902e+00,-3.570336103439331e-01,-5.276044085621834e-02,-7.909545302391052e-01,-6.117511391639709e-01,8.665988221764565e-03,8.741142228245735e-03
1609044031365504382,0,1609044031365504382,1.974373459815979e+00,-3.557766675949097e-01,-5.103296414017677e-02,-7.908857464790344e-01,-6.118426322937012e-01,6.866534240543842e-03,1.005917415022850e-02
1609044031467345396,0,1609044031467345396,1.975566148757935e+00,-3.570470511913300e-01,-5.068228393793106e-02,-7.908228635787964e-01,-6.119244694709778e-01,6.189806852489710e-03,1.045859232544899e-02
1609044031570064162,0,1609044031570064162,1.974468588829041e+00,-3.564340174198151e-01,-5.266858264803886e-02,-7.908471226692200e-01,-6.118931174278259e-01,6.253913044929504e-03,1.041346881538630e-02
1609044031643033953,0,1609044031643033953,1.975338101387024e+00,-3.528848588466644e-01,-5.333506688475609e-02,-7.909163832664490e-01,-6.118027567863464e-01,6.645847577601671e-03,1.022471580654383e-02
1609044031745427413,0,1609044031745427413,1.975503563880920e+00,-3.515828847885132e-01,-5.277808755636215e-02,-7.909476161003113e-01,-6.117649078369141e-01,6.836933549493551e-03,9.944682940840721e-03
1609044031847310604,0,1609044031847310604,1.973913788795471e+00,-3.516273200511932e-01,-5.294254422187805e-02,-7.909765839576721e-01,-6.117202043533325e-01,6.776126567274332e-03,1.041901111602783e-02
1609044031954404991,0,1609044031954404991,1.974285602569580e+00,-3.527299463748932e-01,-5.329801887273788e-02,-7.910156846046448e-01,-6.116678714752197e-01,6.324457935988903e-03,1.080030761659145e-02
1609044032051244667,0,1609044032051244667,1.973497629165649e+00,-3.561845123767853e-01,-5.293927341699600e-02,-7.910087108612061e-01,-6.116752028465271e-01,6.137544754892588e-03,1.100809872150421e-02
1609044032158591202,0,1609044032158591202,1.975165247917175e+00,-3.541352748870850e-01,-5.417068302631378e-02,-7.910129427909851e-01,-6.116747856140137e-01,6.249991711229086e-03,1.065616216510534e-02
1609044032260781740,0,1609044032260781740,1.974109411239624e+00,-3.551424145698547e-01,-5.395150929689407e-02,-7.908994555473328e-01,-6.118249893188477e-01,6.287031341344118e-03,1.043433137238026e-02
1609044032373951279,0,1609044032373951279,1.975377202033997e+00,-3.563072979450226e-01,-5.341776460409164e-02,-7.908923029899597e-01,-6.118317246437073e-01,6.009452510625124e-03,1.073773857206106e-02
1609044032465775701,0,1609044032465775701,1.974784970283508e+00,-3.584255874156952e-01,-5.164229124784470e-02,-7.907725572586060e-01,-6.119856834411621e-01,5.632796790450811e-03,1.098084542900324e-02
1609044032567558242,0,1609044032567558242,1.975365519523621e+00,-3.605668544769287e-01,-5.140575766563416e-02,-7.907392978668213e-01,-6.120269298553467e-01,5.274334456771612e-03,1.124534662812948e-02
1609044032674516196,0,1609044032674516196,1.975333690643311e+00,-3.606559336185455e-01,-5.191496014595032e-02,-7.906737923622131e-01,-6.121093630790710e-01,5.223732907325029e-03,1.139442343264818e-02
1609044032740651659,0,1609044032740651659,1.973709106445312e+00,-3.619991540908813e-01,-5.194172635674477e-02,-7.906823158264160e-01,-6.120989322662354e-01,5.141632631421089e-03,1.139246672391891e-02
1609044032842745743,0,1609044032842745743,1.974540114402771e+00,-3.611244857311249e-01,-5.262288451194763e-02,-7.907304167747498e-01,-6.120356321334839e-01,5.178464576601982e-03,1.144344266504049e-02
1609044032951633504,0,1609044032951633504,1.974374651908875e+00,-3.602843284606934e-01,-5.259592831134796e-02,-7.907188534736633e-01,-6.120499372482300e-01,5.153215955942869e-03,1.149400696158409e-02
1609044033049065042,0,1609044033049065042,1.974005818367004e+00,-3.594740033149719e-01,-5.449805036187172e-02,-7.906560301780701e-01,-6.121294498443604e-01,4.936831071972847e-03,1.166786719113588e-02
1609044033156774891,0,1609044033156774891,1.973344206809998e+00,-3.598343431949615e-01,-5.518035218119621e-02,-7.906498908996582e-01,-6.121357083320618e-01,4.832694306969643e-03,1.180388871580362e-02
1609044033259342272,0,1609044033259342272,1.973863124847412e+00,-3.592220842838287e-01,-5.405839160084724e-02,-7.905928492546082e-01,-6.122108101844788e-01,4.920007660984993e-03,1.169271394610405e-02
1609044033367249594,0,1609044033367249594,1.975557565689087e+00,-3.583908677101135e-01,-5.320291966199875e-02,-7.906044125556946e-01,-6.121965646743774e-01,5.038968753069639e-03,1.160638686269522e-02
1609044033464553762,0,1609044033464553762,1.975873947143555e+00,-3.574020564556122e-01,-5.309152603149414e-02,-7.906231284141541e-01,-6.121757626533508e-01,4.933695774525404e-03,1.146840862929821e-02
1609044033564619801,0,1609044033564619801,1.975566983222961e+00,-3.563372492790222e-01,-5.262101069092751e-02,-7.906087636947632e-01,-6.121941804885864e-01,4.913643468171358e-03,1.148934382945299e-02
1609044033667813322,0,1609044033667813322,1.973847746849060e+00,-3.565877676010132e-01,-5.337147414684296e-02,-7.905814051628113e-01,-6.122261881828308e-01,4.901333712041378e-03,1.166421175003052e-02
1609044033769788300,0,1609044033769788300,1.973988175392151e+00,-3.555996119976044e-01,-5.377545207738876e-02,-7.905853390693665e-01,-6.122226119041443e-01,4.777016118168831e-03,1.163399592041969e-02
1609044033840959055,0,1609044033840959055,1.973863601684570e+00,-3.562310636043549e-01,-5.370227247476578e-02,-7.905989289283752e-01,-6.122070550918579e-01,4.839710425585508e-03,1.151222176849842e-02
1609044033942864007,0,1609044033942864007,1.974022269248962e+00,-3.576171398162842e-01,-5.324042588472366e-02,-7.906190156936646e-01,-6.121807098388672e-01,4.883613903075457e-03,1.151539199054241e-02
1609044034045021872,0,1609044034045021872,1.973784208297729e+00,-3.596591651439667e-01,-5.299519002437592e-02,-7.906309366226196e-01,-6.121644377708435e-01,4.852838348597288e-03,1.156910415738821e-02
1609044034152240714,0,1609044034152240714,1.973865747451782e+00,-3.603347539901733e-01,-5.322233960032463e-02,-7.906088232994080e-01,-6.121916174888611e-01,4.854937084019184e-03,1.165027264505625e-02
1609044034259555662,0,1609044034259555662,1.973742961883545e+00,-3.614996075630188e-01,-5.345725268125534e-02,-7.905844449996948e-01,-6.122205257415771e-01,4.870838019996881e-03,1.177608408033848e-02
1609044034357875262,0,1609044034357875262,1.973819494247437e+00,-3.616975545883179e-01,-5.292564630508423e-02,-7.905920743942261e-01,-6.122111082077026e-01,4.904240835458040e-03,1.173907797783613e-02
1609044034459770856,0,1609044034459770856,1.974269270896912e+00,-3.597761094570160e-01,-5.282150954008102e-02,-7.905786633491516e-01,-6.122276782989502e-01,4.987502936273813e-03,1.174070779234171e-02
1609044034561485113,0,1609044034561485113,1.974737167358398e+00,-3.586647212505341e-01,-5.317670479416847e-02,-7.905895113945007e-01,-6.122141480445862e-01,4.977868869900703e-03,1.171943172812462e-02
1609044034663447394,0,1609044034663447394,1.975307941436768e+00,-3.570535182952881e-01,-5.449906736612320e-02,-7.905805706977844e-01,-6.122258305549622e-01,4.864354617893696e-03,1.175937242805958e-02
1609044034775449878,0,1609044034775449878,1.974460482597351e+00,-3.570440709590912e-01,-5.377976596355438e-02,-7.905423045158386e-01,-6.122753024101257e-01,4.762291442602873e-03,1.180003769695759e-02
1609044034872188216,0,1609044034872188216,1.974397182464600e+00,-3.572388887405396e-01,-5.440346896648407e-02,-7.905579805374146e-01,-6.122562885284424e-01,4.713038448244333e-03,1.175148598849773e-02
1609044034943515463,0,1609044034943515463,1.974883794784546e+00,-3.577362596988678e-01,-5.399634316563606e-02,-7.905989289283752e-01,-6.122057437896729e-01,4.752729553729296e-03,1.161910593509674e-02
1609044035045247027,0,1609044035045247027,1.975297212600708e+00,-3.572880923748016e-01,-5.412948504090309e-02,-7.906087040901184e-01,-6.121934652328491e-01,4.713319242000580e-03,1.161139085888863e-02
1609044035147167976,0,1609044035147167976,1.975303411483765e+00,-3.581668138504028e-01,-5.403023213148117e-02,-7.906108498573303e-01,-6.121889352798462e-01,4.701551981270313e-03,1.170806027948856e-02
1609044035248983640,0,1609044035248983640,1.975643873214722e+00,-3.585233390331268e-01,-5.407490208745003e-02,-7.905849218368530e-01,-6.122214198112488e-01,4.692500457167625e-03,1.176550239324570e-02
1609044035350760465,0,1609044035350760465,1.974886655807495e+00,-3.597808182239532e-01,-5.443432182073593e-02,-7.905839681625366e-01,-6.122210621833801e-01,4.702941514551640e-03,1.184741407632828e-02
1609044035458314099,0,1609044035458314099,1.975234389305115e+00,-3.580450117588043e-01,-5.457455292344093e-02,-7.905842661857605e-01,-6.122186183929443e-01,4.720508586615324e-03,1.194444298744202e-02
1609044035560132058,0,1609044035560132058,1.974289059638977e+00,-3.578243851661682e-01,-5.546588823199272e-02,-7.905733585357666e-01,-6.122323274612427e-01,4.802552517503500e-03,1.193149015307426e-02
1609044035662012715,0,1609044035662012715,1.975380301475525e+00,-3.566467463970184e-01,-5.613182857632637e-02,-7.905557155609131e-01,-6.122571825981140e-01,4.712539725005627e-03,1.186140067875385e-02
1609044035763931844,0,1609044035763931844,1.974203586578369e+00,-3.562558591365814e-01,-5.573895201086998e-02,-7.905769348144531e-01,-6.122292876243591e-01,4.674244206398726e-03,1.190038118511438e-02
1609044035870875411,0,1609044035870875411,1.973323345184326e+00,-3.574663698673248e-01,-5.479089170694351e-02,-7.905660271644592e-01,-6.122432947158813e-01,4.713832400739193e-03,1.188911404460669e-02
1609044035972651437,0,1609044035972651437,1.973602294921875e+00,-3.571881651878357e-01,-5.468320846557617e-02,-7.905635237693787e-01,-6.122480034828186e-01,4.689975641667843e-03,1.182421762496233e-02
1609044036043884663,0,1609044036043884663,1.974511265754700e+00,-3.568528294563293e-01,-5.514653027057648e-02,-7.906081080436707e-01,-6.121923327445984e-01,4.688821267336607e-03,1.172421220690012e-02
1609044036150899993,0,1609044036150899993,1.974427461624146e+00,-3.589511513710022e-01,-5.523312091827393e-02,-7.906157374382019e-01,-6.121813058853149e-01,4.819341935217381e-03,1.173147372901440e-02
1609044036247594048,0,1609044036247594048,1.974218487739563e+00,-3.606383204460144e-01,-5.541209504008293e-02,-7.906066179275513e-01,-6.121916174888611e-01,4.863152746111155e-03,1.178896147757769e-02
1609044036349302084,0,1609044036349302084,1.976021766662598e+00,-3.601380884647369e-01,-5.551275983452797e-02,-7.905952334403992e-01,-6.122081279754639e-01,4.736100789159536e-03,1.174941472709179e-02
1609044036451122914,0,1609044036451122914,1.976343274116516e+00,-3.589305877685547e-01,-5.557364597916603e-02,-7.905828952789307e-01,-6.122232675552368e-01,4.695778246968985e-03,1.180323213338852e-02
1609044036563208901,0,1609044036563208901,1.974109888076782e+00,-3.585968315601349e-01,-5.611085146665573e-02,-7.905813455581665e-01,-6.122230291366577e-01,4.722313955426216e-03,1.190771069377661e-02
1609044036665935985,0,1609044036665935985,1.974131703376770e+00,-3.588561713695526e-01,-5.521638691425323e-02,-7.905724644660950e-01,-6.122353672981262e-01,4.755293950438499e-03,1.185489259660244e-02
1609044036763282656,0,1609044036763282656,1.974893093109131e+00,-3.568052351474762e-01,-5.529966205358505e-02,-7.905612587928772e-01,-6.122501492500305e-01,4.649408627301455e-03,1.187760755419731e-02
1609044036865255966,0,1609044036865255966,1.974642992019653e+00,-3.569501042366028e-01,-5.480645969510078e-02,-7.905365824699402e-01,-6.122821569442749e-01,4.690397996455431e-03,1.185405906289816e-02
1609044036968730331,0,1609044036968730331,1.973794698715210e+00,-3.565418422222137e-01,-5.509089305996895e-02,-7.905515432357788e-01,-6.122623085975647e-01,4.723376128822565e-03,1.186673808842897e-02
1609044037070539397,0,1609044037070539397,1.973650097846985e+00,-3.559715151786804e-01,-5.499374121427536e-02,-7.905694246292114e-01,-6.122394204139709e-01,4.722813609987497e-03,1.185957249253988e-02
1609044037147138193,0,1609044037147138193,1.973643898963928e+00,-3.561374545097351e-01,-5.491463467478752e-02,-7.905942797660828e-01,-6.122080683708191e-01,4.763329401612282e-03,1.180360559374094e-02
1609044037243775532,0,1609044037243775532,1.973644495010376e+00,-3.570190370082855e-01,-5.447475239634514e-02,-7.905955314636230e-01,-6.122052073478699e-01,4.782246425747871e-03,1.186007913202047e-02
1609044037345556701,0,1609044037345556701,1.974447369575500e+00,-3.579597473144531e-01,-5.417504161596298e-02,-7.905794382095337e-01,-6.122253537178040e-01,4.774169996380806e-03,1.189439557492733e-02
1609044037447584865,0,1609044037447584865,1.974404096603394e+00,-3.605247437953949e-01,-5.446387082338333e-02,-7.905740141868591e-01,-6.122316718101501e-01,4.836159758269787e-03,1.190828718245029e-02
1609044037559497429,0,1609044037559497429,1.974151730537415e+00,-3.615230917930603e-01,-5.436584353446960e-02,-7.905708551406860e-01,-6.122345924377441e-01,4.874978680163622e-03,1.194830425083637e-02
1609044037656406650,0,1609044037656406650,1.975384116172791e+00,-3.597047328948975e-01,-5.473455786705017e-02,-7.905711531639099e-01,-6.122393608093262e-01,4.679679404944181e-03,1.176038291305304e-02
1609044037759109328,0,1609044037759109328,1.974856495857239e+00,-3.581750392913818e-01,-5.454841256141663e-02,-7.905704379081726e-01,-6.122400164604187e-01,4.683345556259155e-03,1.177889946848154e-02
1609044037860992920,0,1609044037860992920,1.974412679672241e+00,-3.579447567462921e-01,-5.413135886192322e-02,-7.905664443969727e-01,-6.122452616691589e-01,4.744038917124271e-03,1.174957118928432e-02
1609044037963348933,0,1609044037963348933,1.973740339279175e+00,-3.582885563373566e-01,-5.395967885851860e-02,-7.905697226524353e-01,-6.122393608093262e-01,4.754871129989624e-03,1.182761415839195e-02
1609044038075269845,0,1609044038075269845,1.973308205604553e+00,-3.592783212661743e-01,-5.393775179982185e-02,-7.905529141426086e-01,-6.122601628303528e-01,4.826570861041546e-03,1.184319052845240e-02
1609044038169643835,0,1609044038169643835,1.973472833633423e+00,-3.584715425968170e-01,-5.341777205467224e-02,-7.905941009521484e-01,-6.122081875801086e-01,4.894419107586145e-03,1.175395119935274e-02
1609044038241354801,0,1609044038241354801,1.974204421043396e+00,-3.576140701770782e-01,-5.340664833784103e-02,-7.906197309494019e-01,-6.121769547462463e-01,4.819053225219250e-03,1.168811880052090e-02
