1609043643458202535,0,1609043643458202535,0.000000000000000e+00,0.000000000000000e+00,0.000000000000000e+00,-3.022663219951477e-01,-9.531167994876630e-01,-1.831321642231633e-03,1.414508334942258e-02
1609043643662977394,0,1609043643662977394,-9.946689009666443e-03,-1.166099915280938e-03,1.290053129196167e-03,-3.022398436534939e-01,-9.531248009765867e-01,-1.887766479445750e-03,1.416428640534981e-02
1609043643869485053,0,1609043643869485053,-3.769899252802134e-03,6.810310296714306e-04,2.888090210035443e-03,-3.021501884279219e-01,-9.531528949669533e-01,-1.886618241399095e-03,1.418672339543517e-02
1609043644058479144,0,1609043644058479144,-7.357423659414053e-03,-2.464150544255972e-03,1.308439765125513e-03,-3.022778490416898e-01,-9.531131482676759e-01,-1.835243518872029e-03,1.414427301896048e-02
1609043644263193889,0,1609043644263193889,-6.276883184909821e-03,8.655507117509842e-04,1.767673180438578e-03,-3.022449512033355e-01,-9.531234689206417e-01,-1.889144463539365e-03,1.414473746563602e-02
1609043644469338518,0,1609043644469338518,-6.680090446025133e-03,-1.117084757424891e-03,2.891008742153645e-03,-3.021780487638173e-01,-9.531442450537752e-01,-1.887502355728194e-03,1.417435363669270e-02
1609043644658436045,0,1609043644658436045,-4.543068818747997e-03,7.302291924133897e-04,-3.035306581296027e-04,-3.021640769457486e-01,-9.531492758148390e-01,-1.871970251224243e-03,1.413592390153623e-02
1609043644862985533,0,1609043644862985533,-8.158626966178417e-03,-2.852369099855423e-03,1.274858019314706e-03,-3.023326979763634e-01,-9.530953657928484e-01,-1.908042155517900e-03,1.416060781401399e-02
1609043645069318713,0,1609043645069318713,-4.958750214427710e-03,-1.303567318245769e-03,1.929047051817179e-03,-3.021930352632917e-01,-9.531391981190208e-01,-1.920631390390263e-03,1.418977175472474e-02
1609043645258130627,0,1609043645258130627,-7.374960463494062e-03,-2.767082187347114e-04,6.456721457652748e-04,-3.022048127036044e-01,-9.531359637531241e-01,-1.855039335281248e-03,1.416490763285037e-02
1609043645462871080,0,1609043645462871080,-3.307260805740952e-03,9.567976230755448e-04,2.086890861392021e-03,-3.021410137816151e-01,-9.531564738367879e-01,-1.886904472351700e-03,1.414156163763256e-02
1609043645669221436,0,1609043645669221436,-5.696222651749849e-03,2.372878661844879e-04,2.295331563800573e-03,-3.021583255439126e-01,-9.531500728865334e-01,-1.914242750675917e-03,1.419931461677639e-02
1609043645857906587,0,1609043645857906587,-8.396960794925690e-03,-1.402680645696819e-03,3.309253952465951e-04,-3.021951133360830e-01,-9.531392761865144e-01,-1.838505702517825e-03,1.415109759775649e-02
1609043646062447983,0,1609043646062447983,-1.124256942421198e-02,-2.783621894195676e-03,1.023197895847261e-03,-3.023048233976647e-01,-9.531039194714908e-01,-1.867820997830802e-03,1.418533338730380e-02
1609043646268861683,0,1609043646268861683,-5.878036841750145e-03,-1.147932838648558e-03,2.842100802809000e-03,-3.022144189063418e-01,-9.531324283673239e-01,-1.887043314487656e-03,1.419359247124696e-02
1609043646457710567,0,1609043646457710567,-4.547427874058485e-03,-6.188244442455471e-04,2.811995218507946e-04,-3.022647403620193e-01,-9.531173653220294e-01,-1.872592895784191e-03,1.413534758402387e-02
1609043646662518857,0,1609043646662518857,-5.727369803935289e-03,-1.013844739645720e-03,1.990924356505275e-03,-3.022542677062002e-01,-9.531204997688824e-01,-1.890064947322183e-03,1.414560808871625e-02
1609043646868740421,0,1609043646868740421,-6.243250332772732e-03,1.581797259859741e-04,4.178910981863737e-03,-3.020916305383338e-01,-9.531719171462154e-01,-1.857105373270706e-03,1.415960035212658e-02
1609043647057955858,0,1609043647057955858,-1.156928669661283e-02,-4.020418506115675e-03,1.214051269926131e-03,-3.023036840561525e-01,-9.531050012958094e-01,-1.845229087251497e-03,1.413981048700856e-02
1609043647262681398,0,1609043647262681398,-4.753418732434511e-03,2.291204873472452e-03,1.866020611487329e-03,-3.021994031728733e-01,-9.531381740387606e-01,-1.857402731435145e-03,1.413124081989416e-02
1609043647468885364,0,1609043647468885364,-5.900861229747534e-03,-1.330756116658449e-03,3.056148299947381e-03,-3.021959375296007e-01,-9.531385707301697e-01,-1.891784345962809e-03,1.417397188664147e-02
1609043647657835598,0,1609043647657835598,-4.207625985145569e-03,2.988800988532603e-04,7.368070655502379e-04,-3.021998803875697e-01,-9.531380654092827e-01,-1.839126575515490e-03,1.413075281178422e-02
1609043647862541142,0,1609043647862541142,-5.573478061705828e-03,-7.183511042967439e-04,1.937781926244497e-03,-3.021643128373196e-01,-9.531492424560931e-01,-1.861523593193108e-03,1.413451035014362e-02
1609043648068687433,0,1609043648068687433,-6.193714216351509e-03,-1.371869351714849e-03,3.055103123188019e-03,-3.022119036149264e-01,-9.531334798306043e-01,-1.889369462474299e-03,1.417622031712266e-02
1609043648257947082,0,1609043648257947082,-2.778699621558189e-03,8.899823296815157e-04,-1.139988889917731e-04,-3.021817862491761e-01,-9.531435225814480e-01,-1.861043593960816e-03,1.414672884547648e-02
1609043648462505043,0,1609043648462505043,-9.280277416110039e-03,-1.143835601396859e-03,1.660728943534195e-03,-3.022624130693072e-01,-9.531177591988987e-01,-1.878539714940226e-03,1.415774818709049e-02
1609043648668736168,0,1609043648668736168,-8.729290217161179e-03,-1.958612585440278e-03,2.696213079616427e-03,-3.022644570516332e-01,-9.531164258305285e-01,-1.907464138034534e-03,1.419994351687347e-02
1609043648857476059,0,1609043648857476059,-6.821183953434229e-03,-1.400711335008964e-04,-1.397973937855568e-05,-3.021228896648090e-01,-9.531621698324352e-01,-1.867244615426718e-03,1.414747109753988e-02
1609043649062355790,0,1609043649062355790,-1.809522742405534e-03,3.100338624790311e-03,1.790556474588811e-03,-3.021625759261876e-01,-9.531496513467049e-01,-1.902073424903961e-03,1.413866910257554e-02
1609043649268595068,0,1609043649268595068,-9.085761383175850e-03,-2.999163698405027e-03,4.061509855091572e-03,-3.022409643773694e-01,-9.531242386315018e-01,-1.871624725317256e-03,1.418034577312419e-02
1609043649457795478,0,1609043649457795478,-6.823875941336155e-03,1.150539843365550e-03,-4.653547657653689e-04,-3.021232024181676e-01,-9.531616294676037e-01,-1.898241028918166e-03,1.417305020980863e-02
1609043649662141584,0,1609043649662141584,-7.951363921165466e-03,-1.564901758683845e-04,2.299743937328458e-03,-3.022272601418658e-01,-9.531289433035556e-01,-1.854942523689951e-03,1.415838452728539e-02
1609043649868411617,0,1609043649868411617,-5.895445588976145e-03,6.474921246990561e-04,2.732403809204698e-03,-3.021532894905492e-01,-9.531520048871370e-01,-1.901675070139186e-03,1.417846471233992e-02
1609043650057522997,0,1609043650057522997,-5.763773806393147e-03,-1.797758624888957e-03,-1.399978355038911e-04,-3.022550072892245e-01,-9.531201297046823e-01,-1.866820664909492e-03,1.415782119273085e-02
1609043650262203580,0,1609043650262203580,-6.451730150729418e-03,5.030205938965082e-04,1.502495375461876e-03,-3.022162211967132e-01,-9.531325379452248e-01,-1.883442811118992e-03,1.414826487068157e-02
1609043650468751105,0,1609043650468751105,-6.450200453400612e-03,-3.147593699395657e-03,2.197555731981993e-03,-3.023110704347334e-01,-9.531016933044377e-01,-1.898834118153848e-03,1.419765268664882e-02
1609043650657418487,0,1609043650657418487,-8.495562709867954e-03,-3.581230412237346e-04,-3.691798483487219e-04,-3.022433065085087e-01,-9.531235141157991e-01,-1.884845438228510e-03,1.417737168969849e-02
1609043650862178733,0,1609043650862178733,-3.358066780492663e-03,3.156176535412669e-04,1.281742122955620e-03,-3.022135894573724e-01,-9.531334535767551e-01,-1.886297179349228e-03,1.414241503738278e-02
1609043651068470549,0,1609043651068470549,-4.701311700046062e-03,-6.904691690579057e-04,2.556267660111189e-03,-3.022294954471166e-01,-9.531277590071994e-01,-1.913538332096120e-03,1.418257602647884e-02
1609043651257454779,0,1609043651257454779,-5.130467005074024e-03,1.863045850768685e-03,2.666854124981910e-04,-3.021448807224115e-01,-9.531552167795682e-01,-1.880165846837956e-03,1.414456628965216e-02
1609043651462187243,0,1609043651462187243,-9.436864405870438e-03,-1.792889554053545e-03,1.518502947874367e-03,-3.022686075482189e-01,-9.531159053811638e-01,-1.877082526361959e-03,1.415048979698080e-02
1609043651668114883,0,1609043651668114883,-9.963692165911198e-03,-3.952542319893837e-03,2.786323428153992e-03,-3.023130009410234e-01,-9.531014161089311e-01,-1.897884945794407e-03,1.417526387462927e-02
1609043651857353042,0,1609043651857353042,-8.381808176636696e-03,-1.664030132815242e-03,4.924154927721247e-05,-3.022414138217440e-01,-9.531242514696310e-01,-1.871450176317040e-03,1.416992257305257e-02
1609043652062166913,0,1609043652062166913,-7.718386128544807e-03,-6.725740968249738e-05,1.111198333092034e-03,-3.022114141524969e-01,-9.531336730140509e-01,-1.902137563405476e-03,1.417195806450161e-02
1609043652269840076,0,1609043652269840076,-9.733090177178383e-03,-2.601133193820715e-03,3.359515918418765e-03,-3.022253281346507e-01,-9.531290590558055e-01,-1.882370267860848e-03,1.418818168308026e-02
1609043652457461522,0,1609043652457461522,-6.086446810513735e-03,-2.207771176472306e-04,6.452297384385020e-05,-3.022471072558700e-01,-9.531227499995282e-01,-1.882101678613591e-03,1.414804870175116e-02
1609043652663848151,0,1609043652663848151,-5.644346121698618e-03,2.574534155428410e-03,1.574857626110315e-03,-3.021386435797921e-01,-9.531569344709990e-01,-1.895345781786462e-03,1.416001377041531e-02
1609043652871131535,0,1609043652871131535,-6.871792487800121e-03,-1.703312620520592e-03,3.836789168417454e-03,-3.021880943909873e-01,-9.531406143977970e-01,-1.871931336309581e-03,1.420636008294142e-02
1609043653058115115,0,1609043653058115115,-8.497569710016251e-03,-1.292047090828419e-03,-2.331710711587220e-04,-3.022657169468740e-01,-9.531165569470519e-01,-1.852592020296917e-03,1.417156077487499e-02
1609043653263297424,0,1609043653263297424,-6.763317622244358e-03,3.020277363248169e-04,1.561274519190192e-03,-3.021875655297253e-01,-9.531415258084397e-01,-1.895455622781671e-03,1.415324227022707e-02
1609043653470639214,0,1609043653470639214,-8.770292624831200e-03,-1.398319611325860e-03,1.920356997288764e-03,-3.021927519745769e-01,-9.531384793906775e-01,-1.925607844616247e-03,1.424330696458875e-02
1609043653657113337,0,1609043653657113337,-8.856916800141335e-03,-9.726032149046659e-04,-2.097544725984335e-03,-3.022680333035502e-01,-9.531150958981836e-01,-1.913673281437936e-03,1.421224360796364e-02
1609043653866878433,0,1609043653866878433,-7.277735974639654e-03,-1.378073706291616e-03,1.451013726182282e-03,-3.021968989573062e-01,-9.531376533094845e-01,-1.938244842814007e-03,1.420884623063611e-02
1609043654057466373,0,1609043654057466373,-4.191110841929913e-03,1.195162418298423e-03,-1.189176109619439e-03,-3.021759486885547e-01,-9.531446227791678e-01,-1.907874157698384e-03,1.419098719358416e-02
1609043654261045195,0,1609043654261045195,-5.710382945835590e-03,3.915719280485064e-04,9.559805621393025e-04,-3.022100036502879e-01,-9.531338051956499e-01,-1.889489677347336e-03,1.419482003101830e-02
1609043654466949822,0,1609043654466949822,-6.835935637354851e-03,-2.239130437374115e-03,9.903204627335072e-04,-3.023024180826702e-01,-9.531040056529871e-01,-1.938575733471262e-03,1.422126413954776e-02
1609043654657459413,0,1609043654657459413,-6.990614347159863e-03,-3.212767187505960e-04,-1.112479949370027e-03,-3.021890681438196e-01,-9.531403130878909e-01,-1.902866059150771e-03,1.420175206966233e-02
1609043654861835223,0,1609043654861835223,-9.383685886859894e-03,-7.599146920256317e-04,6.487760110758245e-04,-3.022650012262874e-01,-9.531166060895189e-01,-1.894981337022910e-03,1.417791507245211e-02
1609043655068126621,0,1609043655068126621,-6.725482642650604e-03,-1.514653704361990e-04,1.933916937559843e-03,-3.021338506329889e-01,-9.531575169016001e-01,-1.910101783582357e-03,1.422096293627697e-02
1609043655257473026,0,1609043655257473026,-9.704590775072575e-03,-2.106894738972187e-03,2.024114655796438e-04,-3.022742015067776e-01,-9.531140721521280e-01,-1.856057751167274e-03,1.415724615356767e-02
1609043655463260792,0,1609043655463260792,-5.253574345260859e-03,-2.690621186047792e-04,1.778212725184858e-03,-3.021765228672981e-01,-9.531450083047552e-01,-1.903464261081439e-03,1.415340931945840e-02
1609043655669824916,0,1609043655669824916,-3.977577667683363e-03,8.517267997376621e-05,2.939476864412427e-03,-3.022052715882311e-01,-9.531352593248632e-01,-1.886285687032356e-03,1.419835139430659e-02
1609043655857172153,0,1609043655857172153,-8.795090019702911e-03,-1.546256942674518e-03,-3.713842015713453e-04,-3.022353463071479e-01,-9.531260982208436e-01,-1.872102513435576e-03,1.417503316003928e-02
1609043656063204661,0,1609043656063204661,-4.823212511837482e-03,-3.834347589872777e-04,6.801720010116696e-04,-3.022331192806553e-01,-9.531264781940749e-01,-1.911129065529079e-03,1.419174974905353e-02
1609043656257388012,0,1609043656257388012,-5.228636320680380e-03,1.322269439697266e-03,-2.825480769388378e-04,-3.021633807337722e-01,-9.531489649687371e-01,-1.882616631964673e-03,1.417030970655838e-02
1609043656457219858,0,1609043656457219858,-8.293864317238331e-03,-2.423743251711130e-03,-7.547728018835187e-04,-3.022970421603496e-01,-9.531064195252483e-01,-1.888047232856802e-03,1.418050205428897e-02
1609043656663914831,0,1609043656663914831,-6.486025173217058e-03,-3.094453131780028e-05,2.938068355433643e-04,-3.021588772727780e-01,-9.531493065861365e-01,-1.936618091387783e-03,1.423593165162058e-02
1609043656870593964,0,1609043656870593964,-6.752269342541695e-03,-1.252103829756379e-03,1.776363467797637e-03,-3.021818579555140e-01,-9.531416568677338e-01,-1.897970272538032e-03,1.426549595455289e-02
1609043657075711670,0,1609043657075711670,-9.017027914524078e-03,-3.367737168446183e-03,3.394810482859612e-03,-3.021733002646735e-01,-9.531443300025813e-01,-1.862291967732227e-03,1.427286445366568e-02
1609043657283605897,0,1609043657283605897,-7.998269982635975e-03,-3.926314413547516e-03,4.220029804855585e-03,-3.020791724637347e-01,-9.531731202393668e-01,-1.775031891904768e-03,1.435359462146796e-02
1609043657456836379,0,1609043657456836379,-8.356573060154915e-03,-2.956047421321273e-03,-1.569616375491023e-03,-3.022814624072444e-01,-9.531113479943006e-01,-1.896234477691959e-03,1.418027165573928e-02
1609043657660401097,0,1609043657660401097,-7.902817800641060e-03,-3.921183757483959e-03,1.631520339287817e-03,-3.023488143371067e-01,-9.530904577595497e-01,-1.860423941053123e-03,1.415318407276460e-02
1609043657871285927,0,1609043657871285927,-6.786220241338015e-03,-2.212314633652568e-03,2.950712107121944e-03,-3.021657028459155e-01,-9.531473466775708e-01,-1.899953880951460e-03,1.422721759131602e-02
1609043658077710693,0,1609043658077710693,-6.247419863939285e-03,-2.573046367615461e-03,3.342407057061791e-03,-3.021320660705004e-01,-9.531571407943287e-01,-1.859408359647351e-03,1.429063348151426e-02
1609043658283475188,0,1609043658283475188,-7.420084439218044e-03,-3.159729531034827e-03,3.940151073038578e-03,-3.021324352613366e-01,-9.531563370685427e-01,-1.785746059878527e-03,1.434572340952047e-02
1609043658456804185,0,1609043658456804185,-3.880437929183245e-03,3.314801433589309e-04,-8.642511093057692e-04,-3.021937640509589e-01,-9.531391654998286e-01,-1.869447282275828e-03,1.418327627393636e-02
1609043658668093485,0,1609043658668093485,-6.281079724431038e-03,-1.152202836237848e-03,1.371880178339779e-03,-3.021700802511077e-01,-9.531455752059882e-01,-1.943081857267286e-03,1.424708739289944e-02
1609043658874103284,0,1609043658874103284,-6.652012933045626e-03,-2.718562493100762e-03,4.081663209944963e-03,-3.022208656598361e-01,-9.531301103891798e-01,-1.847247623786736e-03,1.421719752784358e-02
1609043659081444970,0,1609043659081444970,-9.182481095194817e-03,-8.491614134982228e-04,4.383354447782040e-03,-3.020761701160249e-01,-9.531747466164420e-01,-1.786430179437479e-03,1.430728932851507e-02
1609043659286269152,0,1609043659286269152,-5.022123921662569e-03,-1.957101048901677e-03,4.136188887059689e-03,-3.020311997347586e-01,-9.531881411809709e-01,-1.738866664217676e-03,1.437004667605482e-02
1609043659458543253,0,1609043659458543253,-3.143289592117071e-03,2.801569877192378e-03,-1.574031921336427e-04,-3.021408982771229e-01,-9.531560439622826e-01,-1.894900474528638e-03,1.417190173040586e-02
1609043659664602420,0,1609043659664602420,-1.026366557925940e-02,-1.532098161987960e-03,1.287508872337639e-03,-3.021941194218244e-01,-9.531387514127037e-01,-1.913519663151978e-03,1.419764715715214e-02
1609043659870728416,0,1609043659870728416,-7.822168990969658e-03,-4.407970234751701e-03,3.133939579129219e-03,-3.023017882462711e-01,-9.531042586315841e-01,-1.869598205044222e-03,1.422693234666921e-02
1609043660082999716,0,1609043660082999716,-9.083633311092854e-03,-3.424537135288119e-03,3.998806700110435e-03,-3.021802662172215e-01,-9.531412528461626e-01,-1.772963140471890e-03,1.434208609091909e-02
1609043660257445750,0,1609043660257445750,-6.140395533293486e-03,2.144047524780035e-03,-1.214636955410242e-03,-3.021288723497522e-01,-9.531596681486411e-01,-1.906478322351011e-03,1.418297739708205e-02
1609043660461256752,0,1609043660461256752,-7.555122021585703e-03,9.587121312506497e-04,8.439351804554462e-04,-3.021973580283127e-01,-9.531380510318229e-01,-1.908814128394531e-03,1.417635018574786e-02
1609043660667532110,0,1609043660667532110,-7.218534592539072e-03,-1.695601153187454e-03,1.696351682767272e-03,-3.021814746799143e-01,-9.531424332863940e-01,-1.911253165855478e-03,1.421989242225418e-02
1609043660873684790,0,1609043660873684790,-9.762343950569630e-03,-5.040851887315512e-03,3.143571782857180e-03,-3.022649580560474e-01,-9.531153446488254e-01,-1.856683064417098e-03,1.426841456941630e-02
1609043661080221028,0,1609043661080221028,-3.201014595106244e-03,6.566749652847648e-04,5.104017909616232e-03,-3.020581853179345e-01,-9.531810158707678e-01,-1.787193758004017e-03,1.426918373554399e-02
1609043661286161067,0,1609043661286161067,-6.461270619183779e-03,-3.145989030599594e-03,4.370463546365499e-03,-3.020583677765395e-01,-9.531795935194146e-01,-1.701537886558780e-03,1.437044617112153e-02
1609043661458095528,0,1609043661458095528,-3.430883167311549e-03,1.875863061286509e-03,-1.940323418239132e-04,-3.021341348681842e-01,-9.531582681128404e-01,-1.903351177456844e-03,1.416537079923520e-02
1609043661664525518,0,1609043661664525518,-4.560038447380066e-03,-1.362237730063498e-03,1.189410686492920e-03,-3.022794543082309e-01,-9.531116792458931e-01,-1.924634933076539e-03,1.419697744473060e-02
1609043661870469390,0,1609043661870469390,-1.008091866970062e-02,-3.812520299106836e-03,2.552435267716646e-03,-3.022472331514303e-01,-9.531212793359040e-01,-1.891676277898477e-03,1.424283996450278e-02
1609043662076670519,0,1609043662076670519,-8.074650540947914e-03,-3.200014587491751e-03,3.707124851644039e-03,-3.022095796661031e-01,-9.531325373288436e-01,-1.855170613178351e-03,1.429316567852490e-02
1609043662285902247,0,1609043662285902247,-9.032987058162689e-03,-1.295789377763867e-03,3.808301640674472e-03,-3.020809100232313e-01,-9.531724467215890e-01,-1.740600504623193e-03,1.436596394954423e-02
1609043662457743682,0,1609043662457743682,-1.028894260525703e-02,-2.780897310003638e-03,-2.018567029153928e-04,-3.023025088546414e-01,-9.531048239070971e-01,-1.872699743884545e-03,1.417324172095390e-02
1609043662665227824,0,1609043662665227824,-8.042021654546261e-03,-1.788105815649033e-03,7.462819921784103e-04,-3.022679043735448e-01,-9.531149346928335e-01,-1.941048245534040e-03,1.422208081857034e-02
1609043662870408490,0,1609043662870408490,-2.957091433927417e-03,2.797691384330392e-03,4.108786117285490e-03,-3.021095134839711e-01,-9.531658341929931e-01,-1.866109870203169e-03,1.418633228168676e-02
1609043663076516310,0,1609043663076516310,-1.241349428892136e-02,-5.902330856770277e-03,3.566103521734476e-03,-3.022552422327249e-01,-9.531179193152295e-01,-1.844980222795292e-03,1.430372227855300e-02
1609043663283624110,0,1609043663283624110,-3.008811268955469e-03,-2.451631007716060e-04,3.627471625804901e-03,-3.019809349530188e-01,-9.532041872744270e-01,-1.772136949374965e-03,1.435798795208652e-02
1609043663456806844,0,1609043663456806844,-8.795474655926228e-03,-1.140959677286446e-03,-2.023119595833123e-04,-3.022373366864703e-01,-9.531254864220424e-01,-1.866815641221074e-03,1.417442925750017e-02
1609043663661369588,0,1609043663661369588,-1.055015530437231e-02,-1.480745850130916e-03,3.059054724872112e-04,-3.022414514415737e-01,-9.531236280003652e-01,-1.908068619824721e-03,1.420612727150571e-02
1609043663867734682,0,1609043663867734682,-5.800718441605568e-03,-2.546061994507909e-03,9.327823645435274e-04,-3.022595387787712e-01,-9.531173232067034e-01,-1.941157901535772e-03,1.423977972211008e-02
1609043664074723594,0,1609043664074723594,-8.059380576014519e-03,-1.855490729212761e-03,3.574851434677839e-03,-3.021708822187162e-01,-9.531453708274258e-01,-1.853431786417174e-03,1.425569360026909e-02
1609043664279771132,0,1609043664279771132,-8.149808272719383e-03,-4.464987665414810e-03,4.066779278218746e-03,-3.021975681369534e-01,-9.531361691361558e-01,-1.797178066669402e-03,1.431233899687241e-02
1609043664486382573,0,1609043664486382573,-7.847205735743046e-03,-3.955534659326077e-03,5.879976321011782e-03,-3.021392164155766e-01,-9.531543493217320e-01,-1.659599424230495e-03,1.435012204122088e-02
1609043664658283239,0,1609043664658283239,-9.452281519770622e-03,-1.491778646595776e-03,-4.100923251826316e-04,-3.023269957771838e-01,-9.530969179798674e-01,-1.911652207373092e-03,1.417738154451472e-02
1609043664864668620,0,1609043664864668620,-6.811141036450863e-03,-1.377863576635718e-03,6.450149230659008e-04,-3.021883005920069e-01,-9.531404973312396e-01,-1.925762896881206e-03,1.420263249320307e-02
1609043665072690171,0,1609043665072690171,-5.962242837995291e-03,-7.132659084163606e-04,2.609207527711987e-03,-3.021450756477097e-01,-9.531536453854822e-01,-1.881867659197517e-03,1.424570546934966e-02
1609043665277085901,0,1609043665277085901,-5.482726264744997e-03,-8.935456862673163e-04,3.218016820028424e-03,-3.021100724274799e-01,-9.531638620940016e-01,-1.876638309926992e-03,1.430504682143060e-02
1609043665483161271,0,1609043665483161271,-1.013326644897461e-02,-3.333476372063160e-03,4.485554993152618e-03,-3.021470992780003e-01,-9.531518225877498e-01,-1.770260263847401e-03,1.433874730020411e-02
1609043665661927553,0,1609043665661927553,-4.706965293735266e-03,3.712189500220120e-04,-5.778804188594222e-04,-3.022271153943047e-01,-9.531284795821948e-01,-1.942127039360873e-03,1.418098277040367e-02
1609043665867801761,0,1609043665867801761,-6.697614677250385e-03,-1.024473691359162e-03,1.172272139228880e-03,-3.021901108947606e-01,-9.531391120422353e-01,-1.925896928374892e-03,1.425695948556055e-02
1609043666074698091,0,1609043666074698091,-5.263125523924828e-03,-1.087692799046636e-03,3.088701516389847e-03,-3.021814852736605e-01,-9.531418266274456e-01,-1.875196694076316e-03,1.426505970753583e-02
1609043666258632348,0,1609043666258632348,-8.807482197880745e-03,-7.606162689626217e-04,-1.041270559653640e-03,-3.022015214583323e-01,-9.531361559986082e-01,-1.919782502688634e-03,1.421347922249539e-02
1609043666464158610,0,1609043666464158610,-5.581448785960674e-03,-1.135588972829282e-03,1.458934159018099e-03,-3.022447633206906e-01,-9.531227096013143e-01,-1.910941555005403e-03,1.419689366874584e-02
1609043666669156809,0,1609043666669156809,-3.140128916129470e-03,1.265428029000759e-03,1.604299177415669e-03,-3.021292404899033e-01,-9.531585939406121e-01,-1.943512967833846e-03,1.424217664171167e-02
1609043666876152214,0,1609043666876152214,-8.297421038150787e-03,-1.393582206219435e-03,3.837257158011198e-03,-3.021828404813597e-01,-9.531412162061890e-01,-1.875773127850899e-03,1.427705721698060e-02
1609043667082442796,0,1609043667082442796,-3.065811935812235e-03,-8.898007217794657e-05,3.392119659110904e-03,-3.020845839179074e-01,-9.531711938380587e-01,-1.801042951010446e-03,1.436438793555883e-02
1609043667256566000,0,1609043667256566000,-8.554651401937008e-03,-2.063164720311761e-03,-1.720790052786469e-03,-3.022880373217577e-01,-9.531087078224768e-01,-1.899395950696618e-03,1.421709745871815e-02
1609043667460701636,0,1609043667460701636,-7.740617264062166e-03,-1.920411246828735e-03,1.051955550792627e-04,-3.022988507837642e-01,-9.531056388141622e-01,-1.907541438265824e-03,1.419180612621868e-02
1609043667665854796,0,1609043667665854796,-6.994057912379503e-03,-1.652699313126504e-03,1.284096972085536e-03,-3.022385693019949e-01,-9.531245466362064e-01,-1.922077758886307e-03,1.420392350366543e-02
1609043667874624132,0,1609043667874624132,-9.834198281168938e-03,-2.691287314519286e-03,2.431572880595922e-03,-3.021547960058610e-01,-9.531500515151317e-01,-1.888720159165893e-03,1.427905051180862e-02
1609043668084876767,0,1609043668084876767,-4.729890730232000e-03,-5.081056151539087e-04,4.918833263218403e-03,-3.020766024822337e-01,-9.531744362824649e-01,-1.715219827971542e-03,1.432753542440466e-02
1609043668257738795,0,1609043668257738795,-6.836497224867344e-03,-1.712896628305316e-04,-2.049748087301850e-03,-3.022032660131493e-01,-9.531355429948217e-01,-1.926184570573580e-03,1.421662772784625e-02
1609043668472449998,0,1609043668472449998,-9.288111701607704e-03,-2.846178831532598e-03,2.140484517440200e-03,-3.021789210581047e-01,-9.531428103329892e-01,-1.895801095486074e-03,1.425091986145116e-02
1609043668679510473,0,1609043668679510473,-6.233040243387222e-03,-7.949653081595898e-06,4.438219591975212e-03,-3.021108104779650e-01,-9.531642335886555e-01,-1.821352602015630e-03,1.427181398411420e-02
1609043668861402020,0,1609043668861402020,-5.829808302223682e-03,-1.281747245229781e-03,8.305342053063214e-04,-3.022371567510394e-01,-9.531254308262870e-01,-1.903069193925191e-03,1.417718303809569e-02
1609043669075342715,0,1609043669075342715,-1.034615933895111e-02,-3.082850482314825e-03,3.486586967483163e-03,-3.021968185861400e-01,-9.531367597585639e-01,-1.860039521216998e-03,1.428076630790013e-02
1609043669283041702,0,1609043669283041702,-8.389366790652275e-03,-2.552353776991367e-03,3.999982029199600e-03,-3.020943976584823e-01,-9.531683511985105e-01,-1.772075825879594e-03,1.435022383584803e-02
1609043669458377663,0,1609043669458377663,-4.346587695181370e-03,1.576653914526105e-03,-7.024337537586689e-04,-3.021506269548063e-01,-9.531528084118486e-01,-1.900065385814488e-03,1.418140327869678e-02
1609043669664672523,0,1609043669664672523,-1.075358781963587e-02,-1.020514057017863e-03,1.184103428386152e-03,-3.022895974474136e-01,-9.531081553364632e-01,-1.908991333139343e-03,1.421967855806794e-02
1609043669870740918,0,1609043669870740918,-8.133233524858952e-03,-2.463311422616243e-03,2.255926607176661e-03,-3.021649465866598e-01,-9.531472638818600e-01,-1.903155115116042e-03,1.424838269462441e-02
1609043670077357111,0,1609043670077357111,-8.419775404036045e-03,-2.198382280766964e-03,3.397807246074080e-03,-3.021217384372213e-01,-9.531602951481229e-01,-1.831769762228065e-03,1.430215145886519e-02
1609043670282839455,0,1609043670282839455,-6.604805588722229e-03,-2.669974695891142e-03,4.396919626742601e-03,-3.020710846681274e-01,-9.531762722720390e-01,-1.766931056263913e-03,1.431543710975272e-02
1609043670456449171,0,1609043670456449171,-8.920915424823761e-03,-1.417254330590367e-03,-7.896231836639345e-04,-3.021947300905425e-01,-9.531382202201506e-01,-1.865236154839525e-03,1.422670570280845e-02
1609043670661405807,0,1609043670661405807,-8.005583658814430e-03,-2.646240871399641e-03,-6.073101540096104e-04,-3.022991494438178e-01,-9.531054121122491e-01,-1.946561170435130e-03,1.419537063601775e-02
1609043670867654337,0,1609043670867654337,-1.014081761240959e-02,-1.819327240809798e-03,1.364243449643254e-03,-3.020950893702342e-01,-9.531693595131409e-01,-1.906436832491083e-03,1.425112494867141e-02
1609043671074268673,0,1609043671074268673,-5.240946076810360e-03,3.021169395651668e-04,3.150118514895439e-03,-3.021296832011440e-01,-9.531581917212197e-01,-1.887091949816819e-03,1.426726909693018e-02
1609043671280499373,0,1609043671280499373,-6.527017802000046e-03,-9.924502810463309e-04,4.210690502077341e-03,-3.020134373172402e-01,-9.531944398227016e-01,-1.786250233986184e-03,1.431966762929146e-02
1609043671489806220,0,1609043671489806220,-6.272460334002972e-03,-3.340054536238313e-03,4.557775799185038e-03,-3.021710056858680e-01,-9.531436333864678e-01,-1.658805601574739e-03,1.439256132903451e-02
1609043671658515637,0,1609043671658515637,-6.181614007800817e-03,4.385796273709275e-06,-5.943216383457184e-04,-3.021613674279391e-01,-9.531495627630411e-01,-1.878495922534047e-03,1.417357723973500e-02
1609043671872451652,0,1609043671872451652,-5.061114206910133e-03,-1.858490053564310e-03,2.539314096793532e-03,-3.020748176596647e-01,-9.531760393446508e-01,-1.888582643229355e-03,1.423642548972728e-02
1609043672077321551,0,1609043672077321551,-6.352673284709454e-03,-1.807979657314718e-03,2.450372325256467e-03,-3.021624169465470e-01,-9.531474537718452e-01,-1.881967844799278e-03,1.429207298822258e-02
1609043672283194600,0,1609043672283194600,-9.719436988234520e-03,-4.072860814630985e-03,3.409783588722348e-03,-3.021639436415123e-01,-9.531459354262521e-01,-1.803013576759189e-03,1.437101546397398e-02
1609043672457178382,0,1609043672457178382,-1.131299696862698e-02,-2.446928061544895e-03,-1.486964873038232e-03,-3.022428113189561e-01,-9.531232439956800e-01,-1.896450675571355e-03,1.420451463444867e-02
1609043672661930158,0,1609043672661930158,-5.613527260720730e-03,-1.641063950955868e-03,2.788813144434243e-04,-3.022132702495195e-01,-9.531329138827779e-01,-1.932028973092723e-03,1.417938723863904e-02
1609043672869439637,0,1609043672869439637,-6.711521185934544e-03,-1.444297726266086e-03,2.098712604492903e-03,-3.022597133966919e-01,-9.531179485050726e-01,-1.908578127424718e-03,1.419856416553921e-02
1609043673073864742,0,1609043673073864742,-6.792266387492418e-03,-6.171568529680371e-04,2.924534725025296e-03,-3.021295227150442e-01,-9.531586232488146e-01,-1.871300848894889e-03,1.424389916899959e-02
1609043673280866893,0,1609043673280866893,-8.790650404989719e-03,-4.248382989317179e-03,4.776453599333763e-03,-3.022676823745256e-01,-9.531138857545831e-01,-1.749090907096290e-03,1.432164986065284e-02
1609043673486265581,0,1609043673486265581,-6.207686848938465e-03,-2.348419511690736e-03,4.974883049726486e-03,-3.020960204840845e-01,-9.531680520868006e-01,-1.701032279593424e-03,1.434452431828185e-02
1609043673658455342,0,1609043673658455342,-2.141522709280252e-03,1.390044111758471e-03,-9.610338020138443e-04,-3.022217037063848e-01,-9.531301288001746e-01,-1.922677301798258e-03,1.418811806287153e-02
1609043673866989809,0,1609043673866989809,-1.004272606223822e-02,-3.424359019845724e-03,1.665464485995471e-03,-3.022595180897759e-01,-9.531179952303064e-01,-1.920635892095355e-03,1.419795936281434e-02
1609043674070949170,0,1609043674070949170,-5.569183733314276e-03,-3.899127477779984e-03,2.659323159605265e-03,-3.022918633061358e-01,-9.531075437054033e-01,-1.902643752697354e-03,1.421335489979229e-02
1609043674278709861,0,1609043674278709861,-5.999355111271143e-03,-4.693024791777134e-03,3.896441776305437e-03,-3.021877355469919e-01,-9.531393643415431e-01,-1.805548728086434e-03,1.430610433944719e-02
1609043674486509588,0,1609043674486509588,-5.446831695735455e-03,-8.367020054720342e-04,3.937866538763046e-03,-3.020634253113638e-01,-9.531777276458433e-01,-1.729591204476472e-03,1.438454459961576e-02
1609043674658894508,0,1609043674658894508,-8.107027038931847e-03,-1.797417062334716e-04,-4.875017912127078e-04,-3.021921454886685e-01,-9.531396539761432e-01,-1.895002841446468e-03,1.418154390129420e-02
1609043674864768258,0,1609043674864768258,-7.521801628172398e-03,-9.591837297193706e-04,7.217415259219706e-04,-3.021250622902429e-01,-9.531603507062028e-01,-1.913066747515765e-03,1.421733988357777e-02
1609043675070831135,0,1609043675070831135,-9.100326336920261e-03,-4.144823178648949e-03,2.678793156519532e-03,-3.022337426499481e-01,-9.531256700735272e-01,-1.887615604975179e-03,1.423582656618695e-02
1609043675276805233,0,1609043675276805233,-7.436216808855534e-03,-1.971244812011719e-03,3.490035887807608e-03,-3.021398081649028e-01,-9.531544485740873e-01,-1.865079339922916e-03,1.430576682877271e-02
1609043675484305970,0,1609043675484305970,-8.787091821432114e-03,-4.980630706995726e-03,4.377860110253096e-03,-3.021465085478063e-01,-9.531517781580288e-01,-1.728730146490340e-03,1.435920118387418e-02
1609043675656328951,0,1609043675656328951,-7.436021696776152e-03,-1.462113694287837e-03,-2.408844884485006e-03,-3.022241999373527e-01,-9.531287858422386e-01,-1.917665056558015e-03,1.422579108022007e-02
1609043675861519623,0,1609043675861519623,-6.017623003572226e-03,2.187453908845782e-03,1.146439462900162e-04,-3.020774971347145e-01,-9.531756227542217e-01,-1.904990436328905e-03,1.420524281263032e-02
1609043676067419700,0,1609043676067419700,-7.872736081480980e-03,-1.374142942950130e-03,1.634095795452595e-03,-3.021716219564216e-01,-9.531451846851976e-01,-1.907777934524449e-03,1.424528620275861e-02
1609043676273576895,0,1609043676273576895,-6.566579453647137e-03,-3.185359528288245e-03,2.788603072986007e-03,-3.022004254612767e-01,-9.531359999896412e-01,-1.880491132065371e-03,1.425244287384812e-02
1609043676479820582,0,1609043676479820582,-8.287420496344566e-03,-1.548974541947246e-03,4.685431718826294e-03,-3.020899346316354e-01,-9.531703469114194e-01,-1.781143056465016e-03,1.431043998033973e-02
1609043676686212582,0,1609043676686212582,-4.958400502800941e-03,-4.834039427805692e-04,4.411050584167242e-03,-3.020390416972628e-01,-9.531858865452124e-01,-1.708665452581788e-03,1.435839280656103e-02
1609043676857973795,0,1609043676857973795,-6.681644357740879e-03,-1.027324819006026e-03,-4.181161057204008e-04,-3.022887292718610e-01,-9.531090662971381e-01,-1.885915138887709e-03,1.418009948800518e-02
1609043677064424972,0,1609043677064424972,-1.141617074608803e-02,-3.811640199273825e-03,1.591024803929031e-03,-3.022829477419037e-01,-9.531106080825706e-01,-1.867800726440545e-03,1.420209792193567e-02
1609043677270481175,0,1609043677270481175,-9.499255567789078e-03,-2.904971595853567e-03,2.219893271103501e-03,-3.022273106776604e-01,-9.531275550102919e-01,-1.908182830370057e-03,1.424343353752533e-02
1609043677477940698,0,1609043677477940698,-6.258068606257439e-03,-1.217949087731540e-03,4.656566772609949e-03,-3.020436306988088e-01,-9.531854732279361e-01,-1.812367171051381e-03,1.427634780868153e-02
1609043677656095926,0,1609043677656095926,-7.187042851001024e-03,-7.254316005855799e-04,-1.300159376114607e-03,-3.023035805560749e-01,-9.531041836496487e-01,-1.910648892913640e-03,1.418836542105664e-02
1609043677859470499,0,1609043677859470499,-8.779947645962238e-03,-3.241431433707476e-03,1.720369618851691e-04,-3.023511591265678e-01,-9.530893457622495e-01,-1.895240972459118e-03,1.417334226511936e-02
1609043678065738295,0,1609043678065738295,-6.264916155487299e-03,-2.705198479816318e-03,1.543546910397708e-03,-3.022495444852049e-01,-9.531212231925721e-01,-1.892535144138613e-03,1.419736134320522e-02
1609043678271995990,0,1609043678271995990,-1.072511076927185e-02,-3.746278584003448e-03,1.865603495389223e-03,-3.022354676569150e-01,-9.531245272231608e-01,-1.904449163569962e-03,1.427342878272316e-02
1609043678478072603,0,1609043678478072603,-6.673401221632957e-03,-2.302872948348522e-03,4.029290750622749e-03,-3.021305690821219e-01,-9.531577789439605e-01,-1.822547867581618e-03,1.428446652835742e-02
1609043678684293127,0,1609043678684293127,-5.860230419784784e-03,-1.585671794600785e-03,4.047878086566925e-03,-3.020245475318812e-01,-9.531903888608679e-01,-1.743758302050823e-03,1.436017334204593e-02
1609043678856541857,0,1609043678856541857,-6.972588598728180e-03,9.099310846067965e-04,-1.332406420260668e-03,-3.023171018868925e-01,-9.531001720571816e-01,-1.913212704364191e-03,1.416938772245028e-02
1609043679062998090,0,1609043679062998090,-6.445688195526600e-03,1.122545581893064e-04,5.687095690518618e-04,-3.023476950511902e-01,-9.530898901563705e-01,-1.938896384712720e-03,1.420469147005836e-02
1609043679268833713,0,1609043679268833713,-2.944553736597300e-03,-4.216271336190403e-04,2.739254152402282e-03,-3.021543431715646e-01,-9.531511557600052e-01,-1.914851079375831e-03,1.421128147882891e-02
1609043679476570772,0,1609043679476570772,-3.343008924275637e-03,-5.776518955826759e-04,2.969849156215787e-03,-3.021094430672281e-01,-9.531642451440145e-01,-1.853093332995155e-03,1.429588170590496e-02
1609043679655912055,0,1609043679655912055,-7.679604459553957e-03,-2.046928508207202e-03,-1.616454916074872e-03,-3.022826160486996e-01,-9.531106733573467e-01,-1.897047416681365e-03,1.420090061082589e-02
1609043679859115762,0,1609043679859115762,-6.562084425240755e-03,-1.420574335497804e-05,-6.067403010092676e-04,-3.022222091961307e-01,-9.531300752712911e-01,-1.911990817650917e-03,1.418238954006755e-02
1609043680072023764,0,1609043680072023764,-7.269046735018492e-03,-3.474923782050610e-03,2.116264542564750e-03,-3.022185252332060e-01,-9.531298639676455e-01,-1.905157380905930e-03,1.427570643567089e-02
1609043680277891107,0,1609043680277891107,-1.090676058083773e-02,-3.527666907757521e-03,4.903415683656931e-03,-3.021501038901130e-01,-9.531519680264455e-01,-1.801012688893663e-03,1.426172920099599e-02
1609043680484498122,0,1609043680484498122,-6.598345935344696e-03,-1.522529870271683e-03,4.546134267002344e-03,-3.020787459283960e-01,-9.531738217693847e-01,-1.719234592866048e-03,1.432274360195302e-02
1609043680656379306,0,1609043680656379306,-8.486029691994190e-03,-1.217996818013489e-03,-1.560383010655642e-03,-3.021817182971291e-01,-9.531426712395670e-01,-1.912738268002063e-03,1.419854998284741e-02
1609043680862536372,0,1609043680862536372,-6.230641622096300e-03,3.749777679331601e-04,-6.803317228332162e-05,-3.020837489482936e-01,-9.531735911471600e-01,-1.934281948860352e-03,1.420465819064266e-02
1609043681068582077,0,1609043681068582077,-6.478582508862019e-03,-1.975194318220019e-03,1.772699179127812e-03,-3.022160667266911e-01,-9.531312030025803e-01,-1.921318856307183e-03,1.423613040663751e-02
1609043681282641344,0,1609043681282641344,-9.389653801918030e-03,-3.909468650817871e-03,4.697148222476244e-03,-3.021939776157073e-01,-9.531371406287251e-01,-1.730848174408951e-03,1.433161580186503e-02
1609043681456133249,0,1609043681456133249,-1.036274433135986e-02,-3.700992092490196e-03,-3.611252177506685e-04,-3.022899203048994e-01,-9.531086546189541e-01,-1.856866293088424e-03,1.418621232303591e-02
1609043681660948642,0,1609043681660948642,-1.072099339216948e-02,-2.802515868097544e-03,-1.447367831133306e-04,-3.022458248286022e-01,-9.531219759628636e-01,-1.926972953447106e-03,1.422136018672828e-02
1609043681867137873,0,1609043681867137873,-6.033036857843399e-03,-2.382801612839103e-03,2.690696623176336e-03,-3.022751170144893e-01,-9.531129667883825e-01,-1.875275109102996e-03,1.420948686581750e-02
1609043682073825353,0,1609043682073825353,-5.592764355242252e-03,-2.703065285459161e-03,3.060450311750174e-03,-3.022136681505665e-01,-9.531317703600256e-01,-1.887196268130268e-03,1.425361721066518e-02
1609043682279344173,0,1609043682279344173,-4.386787302792072e-03,1.360215246677399e-04,4.129973240196705e-03,-3.020473964758220e-01,-9.531841985883163e-01,-1.809391366118198e-03,1.428215483080625e-02
1609043682485806983,0,1609043682485806983,-8.102169260382652e-03,-3.110331483185291e-03,6.142793688923120e-03,-3.020508988144995e-01,-9.531826166495748e-01,-1.666885334031676e-03,1.433092236060170e-02
1609043682657984857,0,1609043682657984857,-7.356205955147743e-03,-5.460800603032112e-04,-1.165509922429919e-03,-3.022823797714290e-01,-9.531107638882927e-01,-1.921786775182449e-03,1.419652688468334e-02
1609043682863887117,0,1609043682863887117,-6.344481837004423e-03,-1.070733414962888e-03,5.313295405358076e-04,-3.021609623147921e-01,-9.531490943425778e-01,-1.932657436099767e-03,1.420639441088112e-02
1609043683070385231,0,1609043683070385231,-4.433291498571634e-03,-6.455518887378275e-04,3.066635923460126e-03,-3.021782891348156e-01,-9.531436561248661e-01,-1.890429784795867e-03,1.420840032191482e-02
1609043683276802198,0,1609043683276802198,-6.666307803243399e-03,-1.256893883692101e-04,3.846399020403624e-03,-3.021490997159567e-01,-9.531519504326875e-01,-1.838599233393311e-03,1.427937253731631e-02
1609043683482967508,0,1609043683482967508,-5.584233906120062e-03,-2.000007778406143e-03,4.245780874043703e-03,-3.020300840004196e-01,-9.531895011427631e-01,-1.772218611309395e-03,1.429903881747327e-02
1609043683661968676,0,1609043683661968676,-7.156948093324900e-03,-1.109439879655838e-03,1.789626403478906e-04,-3.022740663399393e-01,-9.531135840788805e-01,-1.918870025581883e-03,1.418459024623581e-02
1609043683862241749,0,1609043683862241749,-9.477582760155201e-03,-1.425804337486625e-03,-7.943281088955700e-04,-3.021996745100470e-01,-9.531360255514600e-01,-1.956626871393186e-03,1.425640674484228e-02
1609043684069937327,0,1609043684069937327,-5.937519017606974e-03,-1.757110352627933e-03,2.121085068210959e-03,-3.021665041580245e-01,-9.531465817536348e-01,-1.902213212171406e-03,1.426110238289994e-02
1609043684276425916,0,1609043684276425916,-6.649611052125692e-03,-5.088937468826771e-04,2.439081203192472e-03,-3.021477242343588e-01,-9.531517887170029e-01,-1.879295109387588e-03,1.431393221541199e-02
1609043684482576146,0,1609043684482576146,-8.127036504447460e-03,-1.692399615421891e-03,3.722365945577621e-03,-3.020741256134446e-01,-9.531747784007134e-01,-1.794333056348604e-03,1.434729328154623e-02
1609043684657174094,0,1609043684657174094,-9.752899408340454e-03,-1.391103141941130e-03,-1.350622856989503e-03,-3.022451664920729e-01,-9.531225747472124e-01,-1.907373421818061e-03,1.419784371140938e-02
1609043684861402681,0,1609043684861402681,-5.472219083458185e-03,-1.815160736441612e-03,-2.769810380414128e-04,-3.022579324139188e-01,-9.531185551388649e-01,-1.952882207814626e-03,1.418972846631847e-02
1609043685067307194,0,1609043685067307194,-5.182134453207254e-03,-8.609938668087125e-04,2.184308134019375e-03,-3.021366528311469e-01,-9.531569968998279e-01,-1.878157254183543e-03,1.420052119539474e-02
1609043685273666379,0,1609043685273666379,-4.421438090503216e-03,-4.245226737111807e-04,2.533865394070745e-03,-3.021945761661073e-01,-9.531376608082658e-01,-1.878106673277081e-03,1.426570713486845e-02
1609043685479966204,0,1609043685479966204,-6.758475676178932e-03,-1.150497118942440e-03,4.524855874478817e-03,-3.021080270685007e-01,-9.531649223250718e-01,-1.792554763976933e-03,1.428837209888257e-02
1609043685687625680,0,1609043685687625680,-5.528989713639021e-03,3.352715284563601e-04,5.054654553532600e-03,-3.019335256380141e-01,-9.532192210085462e-01,-1.715974916616678e-03,1.436378173550044e-02
1609043685858514064,0,1609043685858514064,-8.747084066271782e-03,-1.000729855149984e-03,-4.622171109076589e-04,-3.022201390641111e-01,-9.531304072175523e-01,-1.901561886530927e-03,1.420557791024697e-02
1609043686064442501,0,1609043686064442501,-8.130501955747604e-03,-8.289334946312010e-04,7.364839548245072e-04,-3.021562123894044e-01,-9.531504546402131e-01,-1.933516085866221e-03,1.421603493206940e-02
1609043686270401668,0,1609043686270401668,-5.299968179315329e-03,-1.822384947445244e-04,2.917015925049782e-03,-3.021121504178803e-01,-9.531642439420810e-01,-1.900748490280618e-03,1.423235031124350e-02
1609043686482588807,0,1609043686482588807,-6.719072349369526e-03,-2.280678600072861e-03,4.510681144893169e-03,-3.021114784307297e-01,-9.531631100346754e-01,-1.765585393626403e-03,1.433955988312169e-02
1609043686657035316,0,1609043686657035316,-1.063395757228136e-02,-2.942943014204502e-03,-1.318221096880734e-03,-3.023176303373007e-01,-9.530993825374277e-01,-1.909267109816687e-03,1.421168860891942e-02
1609043686859991855,0,1609043686859991855,-6.551736500114202e-03,-2.090588677674532e-04,3.764059511013329e-04,-3.021402503389127e-01,-9.531563363941027e-01,-1.875114801680512e-03,1.416867888661232e-02
1609043687065836482,0,1609043687065836482,-7.952349260449409e-03,-3.588025283534080e-04,1.425079535692930e-03,-3.021777589893890e-01,-9.531436798687594e-01,-1.936292256235009e-03,1.421190594850251e-02
1609043687272177778,0,1609043687272177778,-5.596109200268984e-03,-2.867650182452053e-04,2.361857797950506e-03,-3.021616481730056e-01,-9.531480879752872e-01,-1.888779965768456e-03,1.426510682286901e-02
1609043687484659624,0,1609043687484659624,-9.531375952064991e-03,-2.808385528624058e-03,3.402297617867589e-03,-3.021755630545206e-01,-9.531421740269446e-01,-1.774813713020059e-03,1.437968080859501e-02
1609043687657184023,0,1609043687657184023,-7.460669614374638e-03,-4.055380995851010e-04,-3.041231830138713e-04,-3.021745541518764e-01,-9.531453144866449e-01,-1.891716184182274e-03,1.417637842146082e-02
1609043687861298868,0,1609043687861298868,-5.567940417677164e-03,-1.306304940953851e-03,1.081858135876246e-04,-3.022475393640708e-01,-9.531220518494664e-01,-1.928851799566034e-03,1.417951893974225e-02
1609043688070502850,0,1609043688070502850,-8.561089634895325e-03,-1.230640802532434e-03,2.626692643389106e-03,-3.022615766663637e-01,-9.531164223308337e-01,-1.919637362849254e-03,1.425972464077745e-02
1609043688277903223,0,1609043688277903223,-5.520822945982218e-03,-2.936860779300332e-03,4.849072080105543e-03,-3.021241644514444e-01,-9.531600759654567e-01,-1.786847270796100e-03,1.427116031975217e-02
1609043688483491382,0,1609043688483491382,-6.222483236342669e-03,-1.615813700482249e-03,3.840248100459576e-03,-3.020704647431058e-01,-9.531757836571504e-01,-1.774683915184765e-03,1.436002355368632e-02
1609043688660043954,0,1609043688660043954,-8.733088150620461e-03,-3.783342195674777e-03,-1.557087089167908e-04,-3.022567523833686e-01,-9.531188955274558e-01,-1.890019985973284e-03,1.420050885125067e-02
1609043688866578504,0,1609043688866578504,-6.871375255286694e-03,-2.369673689827323e-03,1.745322486385703e-03,-3.022786712552008e-01,-9.531117909404504e-01,-1.906791660133429e-03,1.420855446701796e-02
1609043689072414023,0,1609043689072414023,-3.640830283984542e-03,6.939701852388680e-04,3.269436070695519e-03,-3.021018983429796e-01,-9.531675505755371e-01,-1.886713466580937e-03,1.423038508593977e-02
1609043689278796332,0,1609043689278796332,-7.813222706317902e-03,-3.804172389209270e-03,3.762885928153992e-03,-3.021785225406214e-01,-9.531419960812476e-01,-1.829429330665344e-03,1.432232557046905e-02
1609043689484505160,0,1609043689484505160,-5.143877584487200e-03,-2.450993924867362e-04,4.548093769699335e-03,-3.020209341595136e-01,-9.531920683830167e-01,-1.742006000037712e-03,1.432485658625967e-02
1609043689658034034,0,1609043689658034034,-8.548501878976822e-03,-1.117160194553435e-03,-9.230030118487775e-04,-3.022656901681900e-01,-9.531157399877445e-01,-1.904865912369326e-03,1.422006401596130e-02
1609043689863589255,0,1609043689863589255,-5.579904653131962e-03,-7.268200861290097e-04,6.212104344740510e-04,-3.022647377762206e-01,-9.531161990758368e-01,-1.936653993777022e-03,1.420523592238974e-02
1609043690074188928,0,1609043690074188928,-7.720461115241051e-03,-1.416735583916306e-03,2.421756507828832e-03,-3.021484987347928e-01,-9.531520507337695e-01,-1.902242272596152e-03,1.427705742291795e-02
1609043690280220444,0,1609043690280220444,-7.171710487455130e-03,-1.691475627012551e-03,3.502161242067814e-03,-3.021076458200850e-01,-9.531645332040602e-01,-1.817697400010765e-03,1.431918136953556e-02
1609043690487579701,0,1609043690487579701,-7.622882258147001e-03,-4.512040875852108e-03,4.712251946330070e-03,-3.021800887595335e-01,-9.531411923762488e-01,-1.668978802733861e-03,1.436230700893810e-02
1609043690658447892,0,1609043690658447892,-9.169583208858967e-03,-6.102469051256776e-04,-1.055086264386773e-03,-3.022148915839007e-01,-9.531321744836649e-01,-1.911723436891019e-03,1.419727376901891e-02
1609043690865191301,0,1609043690865191301,-7.291938643902540e-03,6.345866131596267e-04,1.596907852217555e-03,-3.021285043035819e-01,-9.531594107979627e-01,-1.924901573152937e-03,1.420560623467970e-02
1609043691070962877,0,1609043691070962877,-1.020952127873898e-02,-4.251007456332445e-03,2.908915281295776e-03,-3.023067623451181e-01,-9.531024417483956e-01,-1.863389007801653e-03,1.424376197021223e-02
1609043691277530791,0,1609043691277530791,-6.615195889025927e-03,-4.179581068456173e-03,3.815012983977795e-03,-3.023031943669828e-01,-9.531030449453326e-01,-1.827623233233129e-03,1.428370346831936e-02
1609043691482626506,0,1609043691482626506,-8.365578949451447e-03,-3.430190263316035e-03,4.531182348728180e-03,-3.020450215490489e-01,-9.531841224928552e-01,-1.768466076361125e-03,1.434245839097512e-02
1609043691655967842,0,1609043691655967842,-7.485648617148399e-03,-6.680865189991891e-04,-1.690222765319049e-03,-3.022059459096978e-01,-9.531345743711688e-01,-1.911624546056744e-03,1.422656271594591e-02
1609043691861140868,0,1609043691861140868,-6.652338895946741e-03,-3.196023317286745e-05,6.875368126202375e-05,-3.022440331847191e-01,-9.531226518256923e-01,-1.923071211931199e-03,1.421466771009716e-02
1609043692067159675,0,1609043692067159675,-8.245487697422504e-03,-2.681199228391051e-03,5.594268441200256e-04,-3.022627922511691e-01,-9.531158683673662e-01,-1.934949442215755e-03,1.426891227474454e-02
1609043692274092517,0,1609043692274092517,-8.147788234055042e-03,-2.330345567315817e-03,2.593814861029387e-03,-3.021352157637954e-01,-9.531562818163901e-01,-1.866827105144432e-03,1.428036364658102e-02
1609043692479638303,0,1609043692479638303,-9.643022902309895e-03,-6.624460685998201e-03,3.841815516352654e-03,-3.022667391530915e-01,-9.531142057746927e-01,-1.789196794216499e-03,1.431530394595775e-02
1609043692685494452,0,1609043692685494452,-6.278653629124165e-03,-2.385453553870320e-03,4.482903517782688e-03,-3.021279803474702e-01,-9.531577903454163e-01,-1.702503207117546e-03,1.435310690519162e-02
1609043692857565734,0,1609043692857565734,-9.104100055992603e-03,-1.227382454089820e-03,-1.082927803508937e-03,-3.022486486822610e-01,-9.531212658702966e-01,-1.898052090583463e-03,1.421282216211368e-02
1609043693063850065,0,1609043693063850065,-7.899103686213493e-03,-3.823363687843084e-03,9.791941847652197e-04,-3.022392780222500e-01,-9.531244411901763e-01,-1.908861591317324e-03,1.419769959987588e-02
1609043693270621676,0,1609043693270621676,-7.143400609493256e-03,-2.525505376979709e-03,2.284638350829482e-03,-3.022141426121348e-01,-9.531317784750767e-01,-1.897530893944359e-03,1.424163763955295e-02
1609043693476695711,0,1609043693476695711,-4.907804541289806e-03,-1.650303485803306e-03,3.663983196020126e-03,-3.021535768728634e-01,-9.531504193432581e-01,-1.830849688530730e-03,1.428782972055553e-02
1609043693682850678,0,1609043693682850678,-1.026758924126625e-02,-4.610606469213963e-03,4.907708615064621e-03,-3.021372432795950e-01,-9.531551330043894e-01,-1.735642423122823e-03,1.433060348243900e-02
1609043693856247030,0,1609043693856247030,-5.456431768834591e-03,-1.576476963236928e-03,-1.618939568288624e-03,-3.022370880971473e-01,-9.531253419332815e-01,-1.921397614347249e-03,1.418214984866592e-02
1609043694060986938,0,1609043694060986938,-2.982378471642733e-03,4.156018141657114e-03,1.725209731375799e-04,-3.021530013899198e-01,-9.531516018780148e-01,-1.924118207467800e-03,1.420863672422657e-02
1609043694267180069,0,1609043694267180069,-1.041948422789574e-02,-3.593854140490294e-03,1.656453474424779e-03,-3.022762698969150e-01,-9.531122610133542e-01,-1.904069078528878e-03,1.422846035815090e-02
1609043694473509076,0,1609043694473509076,-7.009417749941349e-03,-2.610222669318318e-03,2.243120223283768e-03,-3.022174814887879e-01,-9.531303280843082e-01,-1.904953569283839e-03,1.426683988737055e-02
1609043694679633603,0,1609043694679633603,-4.933419637382030e-03,-5.756526370532811e-04,2.554143546149135e-03,-3.020261829704081e-01,-9.531900032698735e-01,-1.853640210858722e-03,1.433758991855982e-02
1609043694885919751,0,1609043694885919751,-5.962992552667856e-03,-2.423040103167295e-03,3.936366643756628e-03,-3.020906038214294e-01,-9.531690629945866e-01,-1.734532167046147e-03,1.438734968600966e-02
1609043695057897922,0,1609043695057897922,-6.734807509928942e-03,-6.922132888576016e-05,-1.944676158018410e-03,-3.022472242986696e-01,-9.531215357857592e-01,-1.938306743013811e-03,1.421957777557208e-02
1609043695263960054,0,1609043695263960054,-5.975668784230947e-03,7.108738063834608e-04,5.075684166513383e-04,-3.021701153345699e-01,-9.531460260882045e-01,-1.955482216038764e-03,1.421444477491329e-02
1609043695469996283,0,1609043695469996283,-6.966689135879278e-03,-2.015678212046623e-03,2.048997208476067e-03,-3.022049762193650e-01,-9.531342012599305e-01,-1.909273089006536e-03,1.427240039792261e-02
1609043695676197971,0,1609043695676197971,-1.022789441049099e-02,-2.639851067215204e-03,3.031523199751973e-03,-3.021276935239835e-01,-9.531583092271638e-01,-1.858357573607724e-03,1.430527400019753e-02
1609043695882603132,0,1609043695882603132,-6.302114576101303e-03,-9.901692392304540e-04,4.509889520704746e-03,-3.021364773397077e-01,-9.531554541990894e-01,-1.759916518246642e-03,1.432242595123158e-02
1609043696056037382,0,1609043696056037382,-6.291732657700777e-03,2.831452991813421e-03,-9.466742048971355e-04,-3.021710631507709e-01,-9.531461062438960e-01,-1.911415522916415e-03,1.419490180069981e-02
1609043696261047683,0,1609043696261047683,-4.661595914512873e-03,1.159304054453969e-03,-1.684858580119908e-04,-3.022187530201824e-01,-9.531310373921138e-01,-1.924384115621524e-03,1.418970149561313e-02
1609043696466839137,0,1609043696466839137,-4.281736910343170e-03,-1.312321866862476e-03,1.568388077430427e-03,-3.022652651615167e-01,-9.531161671193550e-01,-1.917357956521412e-03,1.419877427859424e-02
1609043696673295813,0,1609043696673295813,-5.808377638459206e-03,-7.358746952377260e-04,3.488024231046438e-03,-3.021448328180784e-01,-9.531535290093394e-01,-1.856273761436448e-03,1.426199095850924e-02
1609043696879289718,0,1609043696879289718,-5.305493250489235e-03,-1.300310250371695e-03,4.412346053868532e-03,-3.021309086683855e-01,-9.531574763762009e-01,-1.780594582157864e-03,1.430275282251613e-02
1609043697085457070,0,1609043697085457070,-7.667438127100468e-03,-2.497295790817589e-04,4.380431957542896e-03,-3.020357541202101e-01,-9.531865489003868e-01,-1.739186001704713e-03,1.437989779025505e-02
1609043697258060227,0,1609043697258060227,-7.158771157264709e-03,-3.075573476962745e-04,-9.516980499029160e-04,-3.022809766213248e-01,-9.531109317987198e-01,-1.916393219562724e-03,1.421584663895545e-02
1609043697463918873,0,1609043697463918873,-5.589267238974571e-03,6.240568473003805e-04,6.557675078511238e-04,-3.022147953508265e-01,-9.531316102672291e-01,-1.919417090095724e-03,1.423610966840913e-02
1609043697670118345,0,1609043697670118345,-6.646630354225636e-03,-3.106113872490823e-04,2.624021377414465e-03,-3.021819326345002e-01,-9.531420693083114e-01,-1.923512727210906e-03,1.423289860628753e-02
1609043697875919062,0,1609043697875919062,-6.798652000725269e-03,-1.721425680443645e-03,2.323455410078168e-03,-3.021528972265847e-01,-9.531499126586862e-01,-1.879478938278303e-03,1.432962857998574e-02
1609043698082578787,0,1609043698082578787,-4.829072393476963e-03,2.050984185189009e-03,3.964365459978580e-03,-3.019617167725465e-01,-9.532103216783963e-01,-1.776927278350468e-03,1.435432962531371e-02
1609043698255813740,0,1609043698255813740,-5.287426989525557e-03,2.721284283325076e-03,-1.986406510695815e-03,-3.021320937395079e-01,-9.531582906968878e-01,-1.920398820604213e-03,1.420502998018898e-02
1609043698460698812,0,1609043698460698812,-6.966642104089260e-03,6.185610545799136e-04,-1.401090179570019e-03,-3.021761852637313e-01,-9.531440931022058e-01,-1.968445658125806e-03,1.421323557547048e-02
1609043698666585923,0,1609043698666585923,-5.213229451328516e-03,3.460735781118274e-03,3.381641872692853e-04,-3.020476917351248e-01,-9.531844748296628e-01,-1.960499600361872e-03,1.423746123786704e-02
1609043698873111594,0,1609043698873111594,-3.862906014546752e-03,3.238705918192863e-03,2.404322847723961e-03,-3.020222171102286e-01,-9.531919265357887e-01,-1.905117678176018e-03,1.428643011552982e-02
1609043699079424484,0,1609043699079424484,-5.046122707426548e-03,2.308023162186146e-03,3.292922861874104e-03,-3.020628647745583e-01,-9.531786011304939e-01,-1.840454019691564e-03,1.432455235263200e-02
1609043699285703522,0,1609043699285703522,-8.800538256764412e-03,-4.562005400657654e-03,3.217260818928480e-03,-3.021749024471144e-01,-9.531419850030000e-01,-1.719778705965765e-03,1.441274147484451e-02
1609043699458085342,0,1609043699458085342,-1.071461290121078e-02,-3.391542471945286e-03,-7.964163669385016e-04,-3.023347735755145e-01,-9.530939258445550e-01,-1.909546509063104e-03,1.421291093992905e-02
1609043699664144338,0,1609043699664144338,-4.453112836927176e-03,1.657172804698348e-03,2.357699850108474e-04,-3.021416934080364e-01,-9.531550852201168e-01,-1.933686070487993e-03,1.421412965104718e-02
1609043699870264931,0,1609043699870264931,-4.381764680147171e-03,-3.600310301408172e-04,1.750990515574813e-03,-3.022148651581363e-01,-9.531313161682190e-01,-1.922196910878212e-03,1.425393194608576e-02
1609043700076503501,0,1609043700076503501,-7.705696858465672e-03,-2.371136099100113e-03,3.504539374262094e-03,-3.022401255277323e-01,-9.531227809429557e-01,-1.840611068690528e-03,1.429975941898249e-02
1609043700282615296,0,1609043700282615296,-7.675032131373882e-03,-2.342725638300180e-03,3.331145504489541e-03,-3.020978707298879e-01,-9.531668836554597e-01,-1.779917753999075e-03,1.437359717664386e-02
1609043700456123903,0,1609043700456123903,-1.133475545793772e-02,-1.990611664950848e-03,-2.128001768141985e-03,-3.022584127613952e-01,-9.531181080752906e-01,-1.901010317995250e-03,1.421654436603573e-02
1609043700660995345,0,1609043700660995345,-5.382262170314789e-03,-8.313052821904421e-04,1.209144247695804e-04,-3.022242264739999e-01,-9.531291711084253e-01,-1.915627706411833e-03,1.419966495551114e-02
1609043700867074453,0,1609043700867074453,-7.401762064546347e-03,-1.831935485824943e-03,9.442266309633851e-04,-3.022925355377652e-01,-9.531069787758013e-01,-1.921218897043621e-03,1.423442604964976e-02
1609043701073395587,0,1609043701073395587,-5.549520254135132e-03,-2.363827079534531e-03,2.733414061367512e-03,-3.022327119162967e-01,-9.531254528854322e-01,-1.881878336200371e-03,1.427296197670136e-02
1609043701279612615,0,1609043701279612615,-4.714186303317547e-03,-3.190065268427134e-03,3.808961948379874e-03,-3.021076687305529e-01,-9.531647785505846e-01,-1.814250921065062e-03,1.430279407672782e-02
1609043701486094590,0,1609043701486094590,-7.332304026931524e-03,6.996328011155128e-06,5.149137694388628e-03,-3.022578956563482e-01,-9.531159226458867e-01,-1.657933001075630e-03,1.440325555006377e-02
1609043701658043622,0,1609043701658043622,-5.102702416479588e-03,1.948348246514797e-03,-1.076501575880684e-04,-3.023366300476348e-01,-9.530930974095991e-01,-1.829246274326372e-03,1.423951051418734e-02
1609043701864170311,0,1609043701864170311,-4.888416733592749e-03,-1.160378335043788e-03,1.650195335969329e-04,-3.021120127140399e-01,-9.531662505520567e-01,-1.878556025273993e-03,1.410324819555235e-02
1609043702070340069,0,1609043702070340069,-8.635937236249447e-03,-5.072131170891225e-05,1.049719867296517e-03,-3.025018102403982e-01,-9.530373028463252e-01,-2.074763648334610e-03,1.443085376848292e-02
1609043702276595053,0,1609043702276595053,-6.980959326028824e-03,-1.395969185978174e-03,2.562001813203096e-03,-3.014350345582605e-01,-9.533798218201391e-01,-2.046824105371094e-03,1.412960714746643e-02
1609043702482905572,0,1609043702482905572,1.887249411083758e-03,-2.907001879066229e-03,2.061357349157333e-02,-3.018697003914273e-01,-9.532340306627944e-01,-9.627243982618132e-04,1.478647806902477e-02
1609043702657055077,0,1609043702657055077,-6.952335126698017e-03,5.665397737175226e-03,-1.841173693537712e-02,-3.026573554342974e-01,-9.529976011802366e-01,-1.498951439231185e-03,1.385101046186656e-02
1609043702861176656,0,1609043702861176656,-3.112481441348791e-03,-2.209393074735999e-03,-4.078662488609552e-03,-3.020307626105052e-01,-9.531910486961991e-01,-2.583759167687829e-03,1.405586393360746e-02
1609043703067390989,0,1609043703067390989,-4.034204874187708e-03,-6.981179118156433e-03,-9.992955019697547e-04,-3.021214632089063e-01,-9.531549024271275e-01,-1.635216961132539e-03,1.468603122468932e-02
1609043703274079993,0,1609043703274079993,-6.956855300813913e-03,2.788361394777894e-03,8.102335035800934e-03,-3.024328412495119e-01,-9.530616483324460e-01,-2.556729876552572e-03,1.418922633293580e-02
1609043703479429582,0,1609043703479429582,-2.582920948043466e-03,-1.641570852370933e-04,4.503078293055296e-03,-3.020126972200823e-01,-9.531864566768588e-01,-1.654881795383219e-03,1.487181535351132e-02
1609043703685643309,0,1609043703685643309,-5.630115047097206e-03,-3.512727795168757e-03,7.436734624207020e-03,-3.021390756581505e-01,-9.531574453290648e-01,-1.263132272817559e-03,1.418689081759506e-02
1609043703857548527,0,1609043703857548527,-3.380380105227232e-03,-5.717492895200849e-04,4.195964895188808e-03,-3.019618617007960e-01,-9.532099286221221e-01,-1.560895121538911e-03,1.440241857528925e-02
1609043704063810289,0,1609043704063810289,-2.771242056041956e-03,5.106369499117136e-03,-6.620464846491814e-04,-3.020365432717452e-01,-9.531882450470670e-01,-1.664674987639098e-03,1.425920368510902e-02
1609043704270315608,0,1609043704270315608,-5.878547206521034e-03,-2.856052946299314e-03,-2.376695629209280e-03,-3.022037892038634e-01,-9.531379378649575e-01,-1.717924059382187e-03,1.407088946334814e-02
1609043704476389039,0,1609043704476389039,-6.008474156260490e-03,-5.891107721254230e-04,3.329476574435830e-03,-3.020864218889588e-01,-9.531652945550656e-01,-2.012433385379728e-03,1.468553975686230e-02
1609043704682174035,0,1609043704682174035,2.694722730666399e-03,7.941252551972866e-03,1.946516218595207e-03,-3.018523867028779e-01,-9.532498148966527e-01,-1.686677571209269e-03,1.403859537291248e-02
1609043704856261801,0,1609043704856261801,-2.685274928808212e-03,9.729467332363129e-03,-3.305788850411773e-03,-3.020235691603298e-01,-9.532084711634364e-01,-1.194136500287328e-03,1.318894279077037e-02
1609043705060935413,0,1609043705060935413,-3.729476593434811e-04,1.467578019946814e-02,4.735922848340124e-04,-3.024310480138311e-01,-9.530569999228612e-01,-1.983166576876826e-03,1.462474429244475e-02
1609043705267329790,0,1609043705267329790,5.711591802537441e-03,1.521925721317530e-02,7.871001027524471e-03,-3.002655252988388e-01,-9.537763703088622e-01,-2.224918767503753e-03,1.209543277201989e-02
1609043705473496305,0,1609043705473496305,8.202235214412212e-03,2.498532645404339e-02,7.755990326404572e-02,-2.995173135505184e-01,-9.539904750523271e-01,1.906682578257267e-04,1.383893198665180e-02
1609043705680129074,0,1609043705680129074,7.251347415149212e-03,3.615842759609222e-02,1.531368196010590e-01,-2.996081802709253e-01,-9.539872313153991e-01,1.490501695077123e-03,1.187767681917578e-02
1609043705885973914,0,1609043705885973914,6.257495842874050e-04,3.654465824365616e-02,2.603021264076233e-01,-2.997734127031064e-01,-9.539608062060509e-01,4.176645674910174e-03,8.788452078762757e-03
1609043706058026456,0,1609043706058026456,-3.404763294383883e-03,3.531859815120697e-02,3.530129194259644e-01,-2.998394060198788e-01,-9.539413055901743e-01,7.657495782379721e-03,5.803347732374214e-03
1609043706263851834,0,1609043706263851834,-1.068293489515781e-02,3.875606879591942e-02,4.607820808887482e-01,-3.000685168477716e-01,-9.538767624309138e-01,7.389446096825619e-03,4.837703740265459e-03
1609043706470066871,0,1609043706470066871,-9.495308622717857e-03,4.465581476688385e-02,5.383164882659912e-01,-2.999847673340542e-01,-9.539006094245174e-01,7.553872917892310e-03,5.070079980424365e-03
1609043706676628550,0,1609043706676628550,-4.946425929665565e-02,7.685124874114990e-02,6.657233834266663e-01,-2.995438430143663e-01,-9.538882401598225e-01,6.982359256665223e-03,1.794318968835094e-02
1609043706882784640,0,1609043706882784640,-6.108539178967476e-02,8.115162700414658e-02,7.758248448371887e-01,-2.996483766151190e-01,-9.538725709987143e-01,8.821055489445158e-03,1.612940384138599e-02
1609043707056392939,0,1609043707056392939,-7.801451534032822e-02,9.515026211738586e-02,8.359233736991882e-01,-2.994453264501450e-01,-9.539515445652264e-01,1.022768393445190e-02,1.429480920201800e-02
1609043707261142071,0,1609043707261142071,-9.027931094169617e-02,1.151134297251701e-01,9.469614624977112e-01,-2.992244541617785e-01,-9.540306210882961e-01,1.226639419997977e-02,1.182521165970030e-02
1609043707467031162,0,1609043707467031162,-1.142307519912720e-01,1.289219558238983e-01,1.010910272598267e+00,-2.988005239371968e-01,-9.541784733662277e-01,1.309626381248558e-02,9.496090432669430e-03
1609043707673257219,0,1609043707673257219,-1.400074064731598e-01,1.464012116193771e-01,1.104163408279419e+00,-2.987708917167450e-01,-9.541714575921811e-01,1.482385376200863e-02,8.546176854951798e-03
1609043707879353424,0,1609043707879353424,-1.561624556779861e-01,1.789487451314926e-01,1.192185640335083e+00,-2.988206076688938e-01,-9.541570323968310e-01,1.504955058462956e-02,8.007058590167716e-03
1609043708085746993,0,1609043708085746993,-1.882095932960510e-01,2.035030126571655e-01,1.290596485137939e+00,-2.986973157305692e-01,-9.542125893579558e-01,1.442922250939479e-02,7.074279038340877e-03
1609043708257785553,0,1609043708257785553,-2.351591140031815e-01,2.331648617982864e-01,1.392317295074463e+00,-2.991099107762170e-01,-9.540725232416670e-01,1.582536328538949e-02,5.332874235119021e-03
1609043708463296716,0,1609043708463296716,-2.697108983993530e-01,2.709076404571533e-01,1.517767906188965e+00,-2.982161720745463e-01,-9.542604075900200e-01,2.077283753569709e-02,4.762188577643058e-03
1609043708669695272,0,1609043708669695272,-3.043725192546844e-01,3.279308080673218e-01,1.539338588714600e+00,-2.978414366116777e-01,-9.541068713892125e-01,1.006154297975738e-02,2.948426627622403e-02
1609043708875958153,0,1609043708875958153,-3.265745043754578e-01,3.611766397953033e-01,1.614930272102356e+00,-2.973073244504059e-01,-9.520792409137077e-01,-9.236135206195067e-03,7.119106443769738e-02
1609043709082453980,0,1609043709082453980,-3.089336454868317e-01,3.676309883594513e-01,1.642792463302612e+00,-2.968978509039155e-01,-9.511269540227465e-01,-1.084430878844942e-02,8.421154568673862e-02
1609043709255560391,0,1609043709255560391,-2.642286419868469e-01,3.621279895305634e-01,1.532316207885742e+00,-2.970588353079595e-01,-9.536860147868601e-01,-1.205738048255143e-02,4.575645464122609e-02
1609043709460360021,0,1609043709460360021,-1.818566620349884e-01,3.171274662017822e-01,1.498847603797913e+00,-2.970055460089600e-01,-9.546504199624709e-01,-4.704963735222938e-03,2.020258947876954e-02
1609043709666454814,0,1609043709666454814,-1.250768154859543e-01,2.972216904163361e-01,1.503985881805420e+00,-2.969162328307421e-01,-9.548681680377576e-01,7.344075987914819e-03,3.687397144434445e-03
1609043709872870865,0,1609043709872870865,-8.118309080600739e-02,2.475997805595398e-01,1.404380321502686e+00,-2.971205824874515e-01,-9.548018462363924e-01,4.589790257971871e-03,7.192197945120111e-03
1609043710079162799,0,1609043710079162799,-1.893832720816135e-02,2.265075147151947e-01,1.303567886352539e+00,2.966251501820428e-01,9.547388611350722e-01,1.967652949210190e-02,-1.000307478390088e-02
1609043710285521553,0,1609043710285521553,5.734594538807869e-03,1.514822691679001e-01,1.327584505081177e+00,-2.966767114271301e-01,-9.549003934925635e-01,6.030667987436643e-04,1.215745511885220e-02
1609043710457256732,0,1609043710457256732,5.427279695868492e-02,1.119061186909676e-01,1.236760258674622e+00,-2.967922046415467e-01,-9.548143040088169e-01,1.339787886746226e-02,-8.032992345428248e-03
1609043710663428018,0,1609043710663428018,6.410944461822510e-02,7.916417717933655e-02,1.174886703491211e+00,-2.965928785553105e-01,-9.548177664379529e-01,1.752850507876995e-02,-6.960516821112898e-03
1609043710869495526,0,1609043710869495526,6.663697212934494e-02,4.459840059280396e-02,1.159289360046387e+00,-2.968545272891210e-01,-9.547868947894692e-01,1.453347876256811e-02,6.939247891059892e-03
1609043711075836119,0,1609043711075836119,6.758467108011246e-02,1.735886558890343e-02,1.196341156959534e+00,-2.966921559334760e-01,-9.545801262436466e-01,1.344157718150032e-02,2.387197501430209e-02
1609043711281955778,0,1609043711281955778,8.476110547780991e-02,7.457107305526733e-03,1.191489100456238e+00,-2.967383748878799e-01,-9.545639969302054e-01,1.282966941640429e-02,2.427575366897431e-02
1609043711455479606,0,1609043711455479606,1.083057969808578e-01,4.467540420591831e-03,1.190719008445740e+00,-2.966922601731754e-01,-9.548417026778243e-01,1.219296325073879e-02,1.011717489284616e-02
1609043711660320651,0,1609043711660320651,1.266090571880341e-01,2.413812093436718e-03,1.227978587150574e+00,-2.965858947431673e-01,-9.548955187727476e-01,1.182099909796875e-02,8.462815574383243e-03
1609043711866026170,0,1609043711866026170,1.421250402927399e-01,-1.110453042201698e-03,1.269411921501160e+00,-2.965068852943981e-01,-9.549158439353675e-01,1.212266614491739e-02,8.511106846844901e-03
1609043712073310262,0,1609043712073310262,1.545742005109787e-01,3.388544078916311e-03,1.352743625640869e+00,-2.964259402957194e-01,-9.549626736735891e-01,1.019572730109165e-02,8.602380762941248e-03
1609043712278847811,0,1609043712278847811,1.659363359212875e-01,2.437723986804485e-02,1.435766220092773e+00,-2.961383730230373e-01,-9.550817374879959e-01,6.584933833352570e-03,8.807802597114008e-03
1609043712485044094,0,1609043712485044094,1.682555675506592e-01,4.045310616493225e-02,1.459975719451904e+00,-2.961377039770796e-01,-9.550834125752710e-01,6.266728354662977e-03,8.880508008405709e-03
1609043712657380487,0,1609043712657380487,1.717804521322250e-01,7.057321071624756e-02,1.483572959899902e+00,-2.978387574215247e-01,-9.545601837783753e-01,6.307736272218345e-03,8.194057951752459e-03
1609043712863556315,0,1609043712863556315,1.861532181501389e-01,7.138033956289291e-02,1.513800621032715e+00,-2.728957325493391e-01,-9.619965371227946e-01,5.980791465699985e-03,7.403502789541562e-03
1609043713069531428,0,1609043713069531428,1.775825470685959e-01,9.042189270257950e-02,1.507225155830383e+00,-2.554497393240800e-01,-9.667755317962307e-01,6.614119007991495e-03,6.837779546249161e-03
1609043713275579274,0,1609043713275579274,1.684390157461166e-01,1.153609305620193e-01,1.512806892395020e+00,-2.424544305938365e-01,-9.701204704193725e-01,8.381218239346030e-03,3.446322610898866e-03
1609043713481598663,0,1609043713481598663,1.551293432712555e-01,1.523703634738922e-01,1.503786802291870e+00,-2.310848210616092e-01,-9.728933353689182e-01,6.487886791305439e-03,6.022523943425390e-03
1609043713655039881,0,1609043713655039881,1.443394273519516e-01,1.846006214618683e-01,1.494305729866028e+00,-2.127688190059781e-01,-9.770531104431456e-01,6.198216028993179e-03,7.630933772082498e-03
1609043713859800851,0,1609043713859800851,1.229382306337357e-01,2.369166910648346e-01,1.497504472732544e+00,-1.987690492038003e-01,-9.800026880563490e-01,7.763828207966389e-03,5.031843847403713e-03
1609043714066114508,0,1609043714066114508,8.271370083093643e-02,2.662878334522247e-01,1.494573593139648e+00,-1.860013758431963e-01,-9.825028650342874e-01,9.421201946657505e-03,1.687998144276121e-03
1609043714272371674,0,1609043714272371674,6.311593949794769e-02,3.283156454563141e-01,1.515643000602722e+00,-1.778692966733767e-01,-9.840113858854199e-01,9.056688319887133e-03,1.442964119354996e-03
1609043714478590709,0,1609043714478590709,2.654885314404964e-02,4.020818173885345e-01,1.538902282714844e+00,-1.741604320697502e-01,-9.846753492732413e-01,9.064565910899519e-03,6.588472851641177e-04
1609043714684985785,0,1609043714684985785,-1.515267603099346e-02,4.854141175746918e-01,1.605333447456360e+00,-1.739379591315595e-01,-9.847098205453724e-01,9.140561414406136e-03,2.933569784081755e-03
1609043714857246545,0,1609043714857246545,-8.119408041238785e-02,5.631429553031921e-01,1.641090393066406e+00,-1.737987249183897e-01,-9.847224409404306e-01,1.074778405503503e-02,-4.501810396503282e-04
1609043715063117253,0,1609043715063117253,-1.537932157516479e-01,6.502324342727661e-01,1.709738254547119e+00,-1.736752471710393e-01,-9.847199524265834e-01,1.264478103579743e-02,-1.906128438053823e-03
1609043715269561649,0,1609043715269561649,-2.413146942853928e-01,7.491086721420288e-01,1.729917526245117e+00,-1.739362772600749e-01,-9.846792026708349e-01,1.223939701593170e-02,-1.799011151106273e-03
1609043715475843207,0,1609043715475843207,-3.405047357082367e-01,8.434719443321228e-01,1.749334335327148e+00,-1.735115390092904e-01,-9.847649181456303e-01,1.146097382271700e-02,6.692527868468710e-04
1609043715681841760,0,1609043715681841760,-4.343725740909576e-01,9.491901397705078e-01,1.766748309135437e+00,-1.734616187996874e-01,-9.847587302312523e-01,1.258625850498211e-02,-1.701803034871263e-03
1609043715855280479,0,1609043715855280479,-5.417391657829285e-01,1.071974992752075e+00,1.809458374977112e+00,-1.732529314817160e-01,-9.847990325596708e-01,1.233532122330082e-02,1.458441924170837e-03
1609043716060253675,0,1609043716060253675,-6.487986445426941e-01,1.184273362159729e+00,1.826706647872925e+00,-1.733622813443412e-01,-9.847749755193124e-01,1.271493286640663e-02,1.448268009008929e-03
1609043716266055135,0,1609043716266055135,-7.687883377075195e-01,1.312075853347778e+00,1.826593399047852e+00,-1.731722806983806e-01,-9.848097694266368e-01,1.266894643975371e-02,7.596286476597930e-04
1609043716472401228,0,1609043716472401228,-9.008016586303711e-01,1.447641253471375e+00,1.841373682022095e+00,-1.730973502432940e-01,-9.848108479847355e-01,1.353069839846627e-02,-1.349529987350684e-03
1609043716678839197,0,1609043716678839197,-1.034491777420044e+00,1.585822463035583e+00,1.855912804603577e+00,-1.732017320057376e-01,-9.847892123643424e-01,1.374161101099328e-02,-1.592283848263242e-03
1609043716885059248,0,1609043716885059248,-1.175238728523254e+00,1.734842777252197e+00,1.867988705635071e+00,-1.725993571607872e-01,-9.848992991828390e-01,1.352138085488190e-02,-6.809267879359128e-05
1609043717056982957,0,1609043717056982957,-1.329783201217651e+00,1.892410635948181e+00,1.868822097778320e+00,-1.723260009522742e-01,-9.849353825976326e-01,1.410649022356866e-02,-2.654889192512903e-03
1609043717263208890,0,1609043717263208890,-1.487952589988708e+00,2.054451465606689e+00,1.952296733856201e+00,-1.721564727440835e-01,-9.848965563495944e-01,1.839010990813129e-02,-1.651072558294405e-03
1609043717469573312,0,1609043717469573312,-1.668361663818359e+00,2.203680038452148e+00,1.819848656654358e+00,1.724260621979820e-01,9.848682252433418e-01,1.722100848055471e-02,2.696080087882488e-03
1609043717675539859,0,1609043717675539859,-1.853956222534180e+00,2.356062412261963e+00,1.901002764701843e+00,1.712748265597990e-01,9.843701506604650e-01,4.042321432030324e-02,6.804705696719519e-03
1609043717882691461,0,1609043717882691461,-2.056402683258057e+00,2.477080106735229e+00,1.968504190444946e+00,1.710128561568337e-01,9.849911781143236e-01,2.191999538218807e-02,8.154499891710187e-03
1609043718055907580,0,1609043718055907580,-2.274868249893188e+00,2.564700603485107e+00,1.978867650032043e+00,1.709433572530241e-01,9.852158374061788e-01,7.021603952796158e-03,-8.878029794763504e-03
1609043718260145265,0,1609043718260145265,-2.479547262191772e+00,2.656119346618652e+00,2.013418674468994e+00,-1.703145754922980e-01,-9.848539280481815e-01,-1.855951013618949e-03,3.243826796826469e-02
1609043718466393737,0,1609043718466393737,-2.674486398696899e+00,2.730608701705933e+00,2.013334751129150e+00,-1.697757743292859e-01,-9.843189320225937e-01,-6.614320527324709e-03,4.742022012553418e-02
1609043718672706007,0,1609043718672706007,-2.831375598907471e+00,2.809670686721802e+00,2.090507268905640e+00,-1.690251331046576e-01,-9.849588577454687e-01,2.184250507479469e-03,3.580198286987822e-02
1609043718878707488,0,1609043718878707488,-3.001129627227783e+00,2.861085414886475e+00,2.014763116836548e+00,1.693083101917827e-01,9.855227318048921e-01,3.936245373848430e-03,-8.009192729756408e-03
1609043719084904133,0,1609043719084904133,-3.157601356506348e+00,2.906417131423950e+00,1.984561443328857e+00,1.689995075241767e-01,9.851918520148657e-01,2.891027746000067e-02,-6.140336231305801e-04
1609043719257096829,0,1609043719257096829,-3.326755285263062e+00,2.925125360488892e+00,2.007278919219971e+00,1.687383083015848e-01,9.850350027039436e-01,3.387706663910929e-02,-9.261269647845809e-03
1609043719463123678,0,1609043719463123678,-3.496727228164673e+00,2.910129547119141e+00,2.004327058792114e+00,1.681552268679219e-01,9.845335453409563e-01,3.723267820648248e-02,-3.211301058663849e-02
1609043719669192800,0,1609043719669192800,-3.646343946456909e+00,2.857027769088745e+00,2.016833305358887e+00,1.669249578072403e-01,9.834201236868397e-01,4.458085753906325e-02,-5.507690922604238e-02
1609043719875126757,0,1609043719875126757,-3.770090341567993e+00,2.769823551177979e+00,2.027704715728760e+00,1.667219784925812e-01,9.840656606576176e-01,2.528511420277131e-02,-5.638457592071395e-02
1609043720081834096,0,1609043720081834096,-3.874419689178467e+00,2.669173240661621e+00,2.006012201309204e+00,-1.667034217176924e-01,-9.855428567505612e-01,3.739115513713316e-04,3.025073363916473e-02
1609043720255427450,0,1609043720255427450,-3.969923257827759e+00,2.558630466461182e+00,1.965149760246277e+00,-1.666384789509051e-01,-9.857496050769269e-01,5.696679622686978e-03,2.229083365170414e-02
1609043720460236779,0,1609043720460236779,-4.048900127410889e+00,2.456138849258423e+00,1.954862713813782e+00,-1.660686679337371e-01,-9.859163971426975e-01,4.849963517472476e-03,1.914505758038112e-02
1609043720666489283,0,1609043720666489283,-4.116004467010498e+00,2.351342439651489e+00,1.965982913970947e+00,-1.653119018890377e-01,-9.855047645010168e-01,-5.475200966829482e-04,3.810556995202192e-02
1609043720872542752,0,1609043720872542752,-4.172745227813721e+00,2.239043235778809e+00,1.992994189262390e+00,-1.651765067133720e-01,-9.857463216139802e-01,2.067852237820353e-03,3.188471485833839e-02
1609043721078597304,0,1609043721078597304,-4.206980228424072e+00,2.143625497817993e+00,2.065741777420044e+00,-1.656159303851108e-01,-9.861019778555392e-01,7.258102198484737e-03,1.102600673608221e-02
1609043721284793105,0,1609043721284793105,-4.251750946044922e+00,2.042392730712891e+00,2.074177980422974e+00,1.655450560971541e-01,9.861906489684034e-01,4.517792799623188e-03,-1.558151882613090e-03
1609043721456711081,0,1609043721456711081,-4.311659336090088e+00,1.934060931205750e+00,2.068348646163940e+00,1.651872532402629e-01,9.861108612366983e-01,1.719310609567487e-02,-1.714007216159449e-03
1609043721663033757,0,1609043721663033757,-4.377401351928711e+00,1.809003233909607e+00,2.089014768600464e+00,1.650763410555088e-01,9.861951570856523e-01,1.206606056774731e-02,-4.829487230172105e-03
1609043721869071203,0,1609043721869071203,-4.446773529052734e+00,1.682438850402832e+00,2.070124387741089e+00,1.648419586656998e-01,9.862155625819308e-01,1.293608492416308e-02,-6.216951929734537e-03
1609043722075220919,0,1609043722075220919,-4.527885913848877e+00,1.546913623809814e+00,2.101061582565308e+00,1.643896431019674e-01,9.862571948803198e-01,1.550573199335765e-02,-5.688854274851582e-03
1609043722281754519,0,1609043722281754519,-4.612531185150146e+00,1.400676846504211e+00,2.117182493209839e+00,1.646154734887769e-01,9.862900205250010e-01,9.892824609885265e-03,-5.989434205060886e-03
1609043722455051047,0,1609043722455051047,-4.711858272552490e+00,1.246148228645325e+00,2.125745296478271e+00,1.643592861116535e-01,9.863275101293684e-01,1.016967859589448e-02,-6.375379841605972e-03
1609043722660007067,0,1609043722660007067,-4.798601150512695e+00,1.087142467498779e+00,2.154719114303589e+00,1.639670852087119e-01,9.862310554506740e-01,9.078075459265192e-03,-1.951124749380422e-02
1609043722865897147,0,1609043722865897147,-4.894019603729248e+00,9.184045195579529e-01,2.163640022277832e+00,1.638003076030418e-01,9.861791462932472e-01,8.723402477934064e-03,-2.332494147214298e-02
1609043723072072639,0,1609043723072072639,-4.977070331573486e+00,7.471528649330139e-01,2.166847467422485e+00,1.635588015346267e-01,9.862744417966797e-01,9.372072732339165e-03,-2.057688392115178e-02
1609043723278555753,0,1609043723278555753,-5.058145046234131e+00,5.625211000442505e-01,2.165191650390625e+00,1.632123852080544e-01,9.862450939602090e-01,1.631755337023502e-02,-2.039777944105177e-02
1609043723484908225,0,1609043723484908225,-5.153900146484375e+00,3.793426752090454e-01,2.176406145095825e+00,1.650801687050290e-01,9.859557966731368e-01,1.300965663408196e-02,-2.168994562516213e-02
1609043723657324777,0,1609043723657324777,-5.202841281890869e+00,1.560630053281784e-01,2.191296339035034e+00,1.587251149503507e-01,9.870312598850304e-01,8.643557006655048e-03,-2.238121569621097e-02
1609043723863312620,0,1609043723863312620,-5.272232055664062e+00,-5.202524363994598e-02,2.167237758636475e+00,-1.481275619630742e-01,-9.889268446717149e-01,1.729114451681303e-03,8.884336651344178e-03
1609043724069200967,0,1609043724069200967,-5.357234001159668e+00,-2.468295544385910e-01,2.145835638046265e+00,-1.487994600741348e-01,-9.888573736774969e-01,3.227035017065777e-03,3.066178450053152e-03
1609043724275623773,0,1609043724275623773,-5.416713714599609e+00,-4.575482606887817e-01,2.149332761764526e+00,-1.425038371386506e-01,-9.897010563776474e-01,8.176827878941344e-04,1.355753667108549e-02
1609043724481585890,0,1609043724481585890,-5.492138862609863e+00,-6.612693071365356e-01,2.152420043945312e+00,-1.343119368885238e-01,-9.902796715838228e-01,-2.807245209438450e-03,3.603602407901160e-02
1609043724655124039,0,1609043724655124039,-5.552969455718994e+00,-8.507940173149109e-01,2.173721790313721e+00,-1.292095536987962e-01,-9.910644417645729e-01,5.414986929423945e-03,3.266253847127530e-02
1609043724860033234,0,1609043724860033234,-5.595864772796631e+00,-1.053800940513611e+00,2.110497951507568e+00,-1.178053168535775e-01,-9.923895776286652e-01,2.566149497369613e-02,2.502641026481147e-02
1609043725066486140,0,1609043725066486140,-5.628909587860107e+00,-1.233816742897034e+00,2.067978620529175e+00,-1.018724052819370e-01,-9.944473295385128e-01,2.009741432725543e-02,1.710601511609891e-02
1609043725272501201,0,1609043725272501201,-5.653734683990479e+00,-1.398244261741638e+00,2.059781551361084e+00,-7.853704526942802e-02,-9.966344511360229e-01,2.005676832326077e-02,1.222413079009043e-02
1609043725478683194,0,1609043725478683194,-5.675528526306152e+00,-1.551101922988892e+00,2.046611547470093e+00,-5.329960431658692e-02,-9.983087037037085e-01,6.168856161866713e-03,2.237922033428550e-02
1609043725684833128,0,1609043725684833128,-5.671895027160645e+00,-1.691032052040100e+00,2.113819599151611e+00,-2.912130449841262e-02,-9.978280465461262e-01,2.119552199933744e-03,5.904783356503672e-02
1609043725856365497,0,1609043725856365497,-5.653873920440674e+00,-1.841252684593201e+00,2.040935039520264e+00,-5.283116280108290e-03,-9.978920008258096e-01,2.272435812132981e-03,6.464115875905105e-02
1609043726063084000,0,1609043726063084000,-5.595233917236328e+00,-1.979783535003662e+00,2.082837581634521e+00,-1.982638649063316e-02,9.989346818833121e-01,-1.646969869281897e-02,-3.827747058489821e-02
1609043726269630927,0,1609043726269630927,-5.524393558502197e+00,-2.096805810928345e+00,2.065015554428101e+00,-4.342737924278145e-02,9.984908690622820e-01,-2.798350235966601e-02,-1.862715026618939e-02
1609043726475817320,0,1609043726475817320,-5.441948890686035e+00,-2.195248126983643e+00,2.042785644531250e+00,-6.679850285098125e-02,9.975626331080170e-01,-1.761261918085227e-02,-9.825919247472009e-03
1609043726682615631,0,1609043726682615631,-5.374547004699707e+00,-2.280125141143799e+00,2.025809049606323e+00,-8.971316121050028e-02,9.959035165993048e-01,-6.213111833843292e-03,-9.440951863950456e-03
1609043726855795299,0,1609043726855795299,-5.294738292694092e+00,-2.362022161483765e+00,2.063252449035645e+00,-1.130636472829213e-01,9.931153454416510e-01,-1.523748865802451e-02,-2.657708130683149e-02
1609043727060322327,0,1609043727060322327,-5.218636512756348e+00,-2.425439834594727e+00,2.063741207122803e+00,-1.340204111680446e-01,9.904740596883491e-01,-1.662838269928633e-02,-2.689169692739663e-02
1609043727266240893,0,1609043727266240893,-5.117316722869873e+00,-2.480165719985962e+00,2.048524141311646e+00,-1.552026208308089e-01,9.875242302995698e-01,-1.271011994869647e-02,-2.337720918716001e-02
1609043727472285198,0,1609043727472285198,-5.035897731781006e+00,-2.502938747406006e+00,2.050867080688477e+00,-1.650099459942445e-01,9.861002817799445e-01,-3.234133476480349e-03,-1.917009069219504e-02
1609043727678393286,0,1609043727678393286,-4.936719417572021e+00,-2.526651620864868e+00,2.021404504776001e+00,1.648439966010454e-01,-9.860461192112054e-01,-9.120661624418339e-03,2.136167373237767e-02
1609043727884861236,0,1609043727884861236,-4.842957019805908e+00,-2.556022167205811e+00,2.038087129592896e+00,1.643477145981471e-01,-9.863362926908803e-01,-3.756616842816568e-03,1.079047066038469e-02
1609043728057409309,0,1609043728057409309,-4.756576538085938e+00,-2.588581800460815e+00,2.044196128845215e+00,-1.646014120395253e-01,9.862239543083442e-01,-4.685637190426917e-03,1.570770215936250e-02
1609043728263341780,0,1609043728263341780,-4.698641300201416e+00,-2.623740434646606e+00,2.014780521392822e+00,-1.645611716657727e-01,9.856382241931743e-01,-3.631834867708563e-03,3.773223508894906e-02
1609043728469639181,0,1609043728469639181,-4.682127952575684e+00,-2.660081386566162e+00,2.026043891906738e+00,-1.641556343114934e-01,9.852957815795143e-01,-7.352040631808367e-03,4.680916602497350e-02
1609043728675672193,0,1609043728675672193,-4.690715312957764e+00,-2.703151226043701e+00,2.012732028961182e+00,1.644471484098352e-01,-9.863331366787225e-01,-8.183471386977796e-03,-6.091770304667468e-03
1609043728881748242,0,1609043728881748242,-4.715020179748535e+00,-2.755429029464722e+00,2.041895627975464e+00,1.644014579211046e-01,-9.858514014358133e-01,-2.807104523922799e-02,1.676876082587561e-02
1609043729055086488,0,1609043729055086488,-4.740250110626221e+00,-2.833036899566650e+00,2.050427198410034e+00,1.644143949988501e-01,-9.854902121231964e-01,-3.562650234888379e-02,2.253221819804379e-02
1609043729259862667,0,1609043729259862667,-4.744111537933350e+00,-2.931827783584595e+00,2.058187723159790e+00,1.645185673823432e-01,-9.854578181869296e-01,-3.679784115005186e-02,2.127083560684673e-02
1609043729465899051,0,1609043729465899051,-4.740804672241211e+00,-3.054269075393677e+00,2.106858730316162e+00,1.662814884996892e-01,-9.859624981987789e-01,-7.274611453748378e-03,1.324759435323011e-02
1609043729672438803,0,1609043729672438803,-4.729111194610596e+00,-3.184428691864014e+00,2.113968372344971e+00,-1.770588692615996e-01,9.841242435002960e-01,-7.461769264141604e-03,-9.692892768554496e-03
1609043729878611150,0,1609043729878611150,-4.727794647216797e+00,-3.306853055953979e+00,2.125508069992065e+00,-1.888437000339459e-01,9.819419066799758e-01,-5.270267346663473e-03,-1.001863989159544e-02
1609043730084602900,0,1609043730084602900,-4.724188804626465e+00,-3.429316997528076e+00,2.140843868255615e+00,2.016420497167682e-01,-9.793889646251516e-01,-4.588429297537680e-04,1.172728526385268e-02
1609043730256642860,0,1609043730256642860,-4.720790386199951e+00,-3.541075706481934e+00,2.155806541442871e+00,2.111300402328919e-01,-9.773659399300333e-01,-3.818174861420461e-03,1.285873697793104e-02
1609043730463146054,0,1609043730463146054,-4.718885898590088e+00,-3.656401634216309e+00,2.177241325378418e+00,2.238773071682633e-01,-9.745587093252081e-01,6.801948279565010e-04,1.066821205579484e-02
1609043730669182145,0,1609043730669182145,-4.714880943298340e+00,-3.770788669586182e+00,2.208033800125122e+00,-2.421820547789613e-01,9.700192107496326e-01,-1.901525721471837e-02,-7.000222336343573e-03
1609043730875270467,0,1609043730875270467,-4.717384338378906e+00,-3.874411821365356e+00,2.183278560638428e+00,-2.629214349843248e-01,9.646293285928506e-01,-1.729259793509366e-02,-7.971417749980055e-03
1609043731080549851,0,1609043731080549851,-4.735613346099854e+00,-3.965129613876343e+00,2.187592029571533e+00,-2.788288291764379e-01,9.602487648880250e-01,-1.257518847576281e-02,-4.319512231518400e-03
1609043731254048954,0,1609043731254048954,-4.762513160705566e+00,-4.031598567962646e+00,2.152691841125488e+00,-2.800323185932049e-01,9.597335153377750e-01,-1.303204503748292e-02,-1.799016072334386e-02
1609043731459367281,0,1609043731459367281,-4.763604640960693e+00,-4.080235958099365e+00,2.136265993118286e+00,-2.796599945495643e-01,9.592795536549181e-01,-1.824260350453520e-02,-3.521693918464576e-02
1609043731665730533,0,1609043731665730533,-4.768170356750488e+00,-4.116409301757812e+00,2.131489753723145e+00,-2.795182391487769e-01,9.587545342495374e-01,-2.157776280603094e-02,-4.683692124175623e-02
1609043731871827606,0,1609043731871827606,-4.742019653320312e+00,-4.118968486785889e+00,2.122696876525879e+00,-2.793703005373410e-01,9.585481084490736e-01,-2.487248924699507e-02,-5.019081833400418e-02
1609043732077922955,0,1609043732077922955,-4.698256969451904e+00,-4.103978157043457e+00,2.039391040802002e+00,2.790951554534111e-01,-9.584599469482012e-01,1.395697440392013e-02,5.714566618717179e-02
1609043732284664153,0,1609043732284664153,-4.615037441253662e+00,-4.072145462036133e+00,2.008956193923950e+00,2.787905973956983e-01,-9.576255685115612e-01,-1.241720728965591e-03,7.230166987207243e-02
1609043732456782139,0,1609043732456782139,-4.488709926605225e+00,-4.027776241302490e+00,1.997360229492188e+00,2.784539832532880e-01,-9.572548456786996e-01,-1.283746707308551e-02,7.721229872354717e-02
1609043732662675501,0,1609043732662675501,-4.328430652618408e+00,-3.985110044479370e+00,1.974179148674011e+00,2.784124151073734e-01,-9.597855559656308e-01,-2.829554777506066e-03,3.591945564155514e-02
1609043732869044211,0,1609043732869044211,-4.140498638153076e+00,-3.930912256240845e+00,1.931241750717163e+00,2.785608814336143e-01,-9.602246795717936e-01,-4.682353806219929e-03,1.872099460519010e-02
1609043733075220466,0,1609043733075220466,-3.977110624313354e+00,-3.894598007202148e+00,1.960820794105530e+00,-2.784186962480845e-01,9.603304534810145e-01,-1.066739918086880e-02,1.160414973972890e-02
1609043733281212719,0,1609043733281212719,-3.804373741149902e+00,-3.844558238983154e+00,1.871642827987671e+00,-2.786619774832557e-01,9.603187104481655e-01,-4.502691694108072e-03,-1.073323976260758e-02
1609043733454508518,0,1609043733454508518,-3.641792774200439e+00,-3.794217824935913e+00,1.875988006591797e+00,2.789371514735587e-01,-9.597039112913354e-01,4.330546449385151e-03,3.381884899548712e-02
1609043733659400250,0,1609043733659400250,-3.470161914825439e+00,-3.744687318801880e+00,1.874398827552795e+00,2.788982346907523e-01,-9.598962865191588e-01,4.875701103811428e-03,2.812687952577480e-02
1609043733865316971,0,1609043733865316971,-3.300762414932251e+00,-3.695677042007446e+00,1.865372419357300e+00,2.789614869330887e-01,-9.602198277429831e-01,2.735180350994914e-03,1.228372931009149e-02
1609043734072284427,0,1609043734072284427,-3.125939846038818e+00,-3.635602474212646e+00,1.847582101821899e+00,2.792824122199054e-01,-9.601117733978668e-01,2.335478033026432e-03,1.346337066977226e-02
1609043734278080325,0,1609043734278080325,-2.949753999710083e+00,-3.583270072937012e+00,1.893341422080994e+00,2.794127582124367e-01,-9.598880316753322e-01,6.420324544004874e-03,2.241108268970258e-02
1609043734484134451,0,1609043734484134451,-2.768841981887817e+00,-3.520742177963257e+00,1.879032850265503e+00,2.794989080141017e-01,-9.598265597648833e-01,4.222990038599878e-03,2.440290851450883e-02
1609043734656186990,0,1609043734656186990,-2.600848674774170e+00,-3.464636325836182e+00,1.873406767845154e+00,-2.793908767106422e-01,9.600895439330837e-01,-4.337463259760668e-03,-1.224712430297240e-02
1609043734862612878,0,1609043734862612878,-2.426101207733154e+00,-3.404646396636963e+00,1.872002840042114e+00,-2.792341191834480e-01,9.601770509895637e-01,-4.083148832099859e-03,-8.465537929955701e-03
1609043735068831322,0,1609043735068831322,-2.251910686492920e+00,-3.334409952163696e+00,1.922722697257996e+00,-2.792256804325869e-01,9.601814895366393e-01,-7.819577188858205e-03,-4.835364592952444e-03
1609043735275330182,0,1609043735275330182,-2.090883016586304e+00,-3.276052713394165e+00,1.828289747238159e+00,2.790484933027973e-01,-9.599967724348378e-01,-1.103338103199652e-02,2.040587668137597e-02
1609043735481332216,0,1609043735481332216,-1.926966547966003e+00,-3.226366043090820e+00,1.919472455978394e+00,2.789483115632957e-01,-9.601535997666266e-01,-9.366891811037496e-03,1.432360530646777e-02
1609043735654488133,0,1609043735654488133,-1.760944604873657e+00,-3.180249452590942e+00,1.918703079223633e+00,-2.791381170573096e-01,9.602147893985763e-01,-4.789770070780818e-03,-6.821138366627151e-03
1609043735859269579,0,1609043735859269579,-1.605390191078186e+00,-3.138767242431641e+00,1.915201783180237e+00,-2.791702847436368e-01,9.602151790274209e-01,-3.693447216030920e-03,-6.092661910639909e-03
1609043736065281675,0,1609043736065281675,-1.457441449165344e+00,-3.097995758056641e+00,1.964168429374695e+00,-2.790732722241367e-01,9.602516576771785e-01,-3.459410037052671e-03,-4.784886679899784e-03
1609043736272345483,0,1609043736272345483,-1.308069467544556e+00,-3.049949407577515e+00,1.926749944686890e+00,2.790260146215922e-01,-9.601921110573064e-01,-7.592384524868878e-03,1.086042010839998e-02
1609043736478170496,0,1609043736478170496,-1.159002542495728e+00,-3.013312578201294e+00,1.961448073387146e+00,2.790675468453858e-01,-9.597639277157749e-01,-4.916240006756034e-03,3.082755159728599e-02
1609043736684308419,0,1609043736684308419,-1.021082878112793e+00,-2.985356330871582e+00,1.936950683593750e+00,-2.791409924859002e-01,9.602003137883589e-01,-3.835177456849338e-03,-8.997506798999064e-03
1609043736856320412,0,1609043736856320412,-8.766516447067261e-01,-2.950316905975342e+00,1.929895520210266e+00,-2.792631086267055e-01,9.601989752053864e-01,-5.246302677187084e-03,-1.587602876690012e-03
1609043737062440026,0,1609043737062440026,-7.438455820083618e-01,-2.909336805343628e+00,1.926943063735962e+00,-2.791691720370765e-01,9.601968083777490e-01,-6.031390996251301e-03,-7.091183819926843e-03
1609043737268527767,0,1609043737268527767,-6.269274353981018e-01,-2.884165287017822e+00,1.932163834571838e+00,-2.791433651725715e-01,9.601374800468289e-01,-7.149554077570098e-03,-1.280175636190879e-02
1609043737474785587,0,1609043737474785587,-5.057337880134583e-01,-2.839832782745361e+00,1.968629002571106e+00,-2.791655213903355e-01,9.602179127168506e-01,-6.937821529049806e-03,-1.959514935653021e-04
1609043737680952339,0,1609043737680952339,-3.882111310958862e-01,-2.804010152816772e+00,1.954567313194275e+00,2.792809054343888e-01,-9.601327888273193e-01,-2.489198991553363e-04,1.213019856829553e-02
1609043737854441803,0,1609043737854441803,-2.868875563144684e-01,-2.767078876495361e+00,1.916565537452698e+00,2.792889091898526e-01,-9.601403770248024e-01,-3.408735990889874e-03,1.079546799157462e-02
1609043738059425383,0,1609043738059425383,-1.720044165849686e-01,-2.736783742904663e+00,1.913691520690918e+00,2.794088649817484e-01,-9.598965416620389e-01,-9.506652919209229e-03,2.095087170363756e-02
1609043738265176905,0,1609043738265176905,-5.004954338073730e-02,-2.711066246032715e+00,1.919033408164978e+00,2.793869483104067e-01,-9.597411594683281e-01,-1.158337550273726e-02,2.656436237047525e-02
1609043738471499597,0,1609043738471499597,6.859456002712250e-02,-2.702505350112915e+00,1.892978429794312e+00,2.791885365199574e-01,-9.602203718995681e-01,4.207858316633895e-04,5.515560187608444e-03
1609043738677569778,0,1609043738677569778,1.811785995960236e-01,-2.685289382934570e+00,1.860486865043640e+00,-2.791801836906037e-01,9.601833003643759e-01,-7.887917095372723e-03,6.650977353143097e-03
1609043738883715315,0,1609043738883715315,2.829209864139557e-01,-2.674654006958008e+00,1.849661946296692e+00,-2.800042348388074e-01,9.599847600575437e-01,-3.657692164202438e-03,-3.675624793966109e-03
1609043739056328419,0,1609043739056328419,3.795008361339569e-01,-2.660293102264404e+00,1.831098079681396e+00,2.800359643750223e-01,-9.598864517311561e-01,7.746496949621157e-04,1.404486943237309e-02
1609043739262383015,0,1609043739262383015,4.678272306919098e-01,-2.648880004882812e+00,1.815981030464172e+00,2.798743179122977e-01,-9.598557135339494e-01,1.828565845156382e-03,1.854809198566681e-02
1609043739468519453,0,1609043739468519453,5.546546578407288e-01,-2.641365766525269e+00,1.821265816688538e+00,2.794020992478374e-01,-9.600763605813060e-01,3.537786255437099e-03,1.324133140082924e-02
1609043739674499652,0,1609043739674499652,6.488018035888672e-01,-2.624783754348755e+00,1.819219827651978e+00,2.793166599755373e-01,-9.601381814340365e-01,-1.296480698519002e-03,1.073290037453764e-02
1609043739881192421,0,1609043739881192421,7.392545938491821e-01,-2.615604639053345e+00,1.825653791427612e+00,2.789454861924149e-01,-9.602039227909933e-01,-5.705157982866130e-03,1.285665438813492e-02
1609043740053901349,0,1609043740053901349,8.306981325149536e-01,-2.611139774322510e+00,1.835576534271240e+00,2.788823975526337e-01,-9.601426447181540e-01,-8.068316713814657e-03,1.690007083799115e-02
1609043740258527037,0,1609043740258527037,9.243684411048889e-01,-2.609642267227173e+00,1.851474404335022e+00,2.784950961135902e-01,-9.602726858216596e-01,4.889071459451442e-04,1.779357399009720e-02
1609043740464930550,0,1609043740464930550,1.018931865692139e+00,-2.610677719116211e+00,1.849601149559021e+00,2.783871515655911e-01,-9.602664483039569e-01,-5.965161528442495e-04,1.971259174690141e-02
1609043740671102840,0,1609043740671102840,1.118323683738708e+00,-2.604990720748901e+00,1.857244610786438e+00,2.784942637543154e-01,-9.603130527460043e-01,3.861976209594070e-03,1.499569676101538e-02
1609043740877359970,0,1609043740877359970,1.212687373161316e+00,-2.598781585693359e+00,1.851667284965515e+00,-2.780221032782800e-01,9.604894192147803e-01,-7.403067779263185e-03,-1.043936073862541e-02
1609043741083429269,0,1609043741083429269,1.296636939048767e+00,-2.594098806381226e+00,1.823080182075500e+00,-2.782823257355068e-01,9.604324775770646e-01,-6.340584383242508e-03,-9.391495519739952e-03
1609043741255602550,0,1609043741255602550,1.385966300964355e+00,-2.583693742752075e+00,1.823064208030701e+00,-2.788710931850385e-01,9.601854771988304e-01,-5.983117182028398e-03,-1.545849510857661e-02
1609043741461891683,0,1609043741461891683,1.462638616561890e+00,-2.571971416473389e+00,1.815042734146118e+00,-2.789607997357590e-01,9.602197736002810e-01,-6.076086555287219e-03,-1.104263419586756e-02
1609043741668169638,0,1609043741668169638,1.540061116218567e+00,-2.551594018936157e+00,1.800920605659485e+00,-2.788080169797250e-01,9.603282032357568e-01,-3.840573608224685e-03,-4.591484746338217e-03
1609043741874536499,0,1609043741874536499,1.611330986022949e+00,-2.534993410110474e+00,1.818950653076172e+00,-2.790621688033768e-01,9.602650807981920e-01,-2.017787198596249e-03,-3.347996000404028e-03
1609043742080668354,0,1609043742080668354,1.669186234474182e+00,-2.520927667617798e+00,1.801770210266113e+00,-2.792907173078608e-01,9.601870827627644e-01,-3.998137995995488e-03,4.634243601451855e-03
1609043742254564996,0,1609043742254564996,1.714328885078430e+00,-2.506112813949585e+00,1.811929225921631e+00,-2.796925055135724e-01,9.599999884288332e-01,-6.790054728246050e-03,-1.122585110216385e-02
1609043742458755170,0,1609043742458755170,1.755263805389404e+00,-2.491768121719360e+00,1.827308535575867e+00,-2.794836169494334e-01,9.599018465979223e-01,-8.697274612023558e-03,-2.004270862643997e-02
1609043742665004883,0,1609043742665004883,1.803661108016968e+00,-2.460181713104248e+00,1.840386033058167e+00,-2.792832584554052e-01,9.598863014182015e-01,-9.857923573442295e-03,-2.284668989234834e-02
1609043742871182125,0,1609043742871182125,1.837219953536987e+00,-2.444495201110840e+00,1.800970554351807e+00,-2.793451564968026e-01,9.601564319393688e-01,-4.555003518058039e-03,-6.720244801138467e-03
1609043743077406200,0,1609043743077406200,1.888089776039124e+00,-2.400082588195801e+00,1.780253171920776e+00,-2.796876852966120e-01,9.600876289126751e-01,-1.423102563477294e-03,2.125624932723291e-03
1609043743283454053,0,1609043743283454053,1.909911155700684e+00,-2.368905544281006e+00,1.808267235755920e+00,-2.801754099213877e-01,9.598743001664964e-01,-1.109788393777186e-02,4.461449020744914e-03
1609043743456068498,0,1609043743456068498,1.918329954147339e+00,-2.339462995529175e+00,1.805823802947998e+00,-2.806256353214673e-01,9.596232490578751e-01,-1.890411214189251e-02,3.886799732049378e-03
1609043743661790510,0,1609043743661790510,1.915307760238647e+00,-2.289316415786743e+00,1.843070983886719e+00,-2.806166451695842e-01,9.595359733052519e-01,-2.317484931737879e-02,2.817932935234999e-03
1609043743867944086,0,1609043743867944086,1.889247179031372e+00,-2.237314462661743e+00,1.816573023796082e+00,-2.804974507780066e-01,9.596772235847647e-01,-1.797443145345072e-02,4.210279515958478e-03
1609043744074396036,0,1609043744074396036,1.844214916229248e+00,-2.173660993576050e+00,1.817675828933716e+00,-2.804253978098980e-01,9.594032210491743e-01,-2.924979371296027e-02,7.176717312169506e-03
1609043744280649334,0,1609043744280649334,1.785025477409363e+00,-2.094073295593262e+00,1.824273705482483e+00,-2.802058460612930e-01,9.594986709879888e-01,-2.830671204790923e-02,6.761232017521243e-03
1609043744453404388,0,1609043744453404388,1.700471043586731e+00,-2.008114814758301e+00,1.798109531402588e+00,-2.804211869945133e-01,9.596631950742561e-01,-1.940379554544820e-02,5.831176801363911e-03
1609043744658250019,0,1609043744658250019,1.614494562149048e+00,-1.903326153755188e+00,1.808485507965088e+00,-2.807549957817636e-01,9.597332662009413e-01,-7.285548642702916e-03,-5.967484547918792e-03
1609043744864210839,0,1609043744864210839,1.513519763946533e+00,-1.809852242469788e+00,1.806686043739319e+00,-2.804759441885540e-01,9.597943376991973e-01,-3.867168269942042e-03,-1.063574452825371e-02
1609043745070379905,0,1609043745070379905,1.420394897460938e+00,-1.709659695625305e+00,1.814133048057556e+00,-2.805489956105560e-01,9.597458733140775e-01,-4.942080485016410e-03,-1.247780265057533e-02
1609043745276772318,0,1609043745276772318,1.328427195549011e+00,-1.612368345260620e+00,1.808290243148804e+00,-2.804705890818257e-01,9.597366610174871e-01,-5.090291136173881e-03,-1.469282461773337e-02
1609043745483152360,0,1609043745483152360,1.230708122253418e+00,-1.512210488319397e+00,1.843043684959412e+00,-2.801420465098954e-01,9.599181288909242e-01,-7.969359869876555e-03,-3.756182511402842e-03
1609043745655404583,0,1609043745655404583,1.129519343376160e+00,-1.427859902381897e+00,1.847268104553223e+00,-2.799774574061300e-01,9.600007744123271e-01,-2.930885318921587e-03,1.595739132242782e-03
1609043745861390962,0,1609043745861390962,1.023181080818176e+00,-1.325521349906921e+00,1.870491504669189e+00,-2.799766445259190e-01,9.599913427155843e-01,-1.612789124474340e-03,-5.205702870579154e-03
1609043746067048578,0,1609043746067048578,9.152290821075439e-01,-1.237392663955688e+00,1.916440010070801e+00,-2.796703373533214e-01,9.599650901125109e-01,-7.082869804938207e-03,-1.419017707023774e-02
1609043746273668880,0,1609043746273668880,8.033509254455566e-01,-1.144523262977600e+00,1.934001445770264e+00,-2.797644198519535e-01,9.600226185007508e-01,-8.630107746457309e-03,-3.736655208377673e-03
1609043746479860032,0,1609043746479860032,6.963587999343872e-01,-1.050362944602966e+00,1.929171681404114e+00,-2.800164379233326e-01,9.599662270231213e-01,-7.451532377220681e-03,-3.348625880349424e-04
1609043746653414967,0,1609043746653414967,5.697932839393616e-01,-9.532659053802490e-01,1.947436213493347e+00,-2.799585811417887e-01,9.599473090308522e-01,-9.023946964100889e-03,-6.551725779604394e-03
1609043746858250498,0,1609043746858250498,4.492734074592590e-01,-8.596193194389343e-01,1.957665681838989e+00,-2.801374586746748e-01,9.598690301661860e-01,-9.541363645773245e-03,-9.132992658457078e-03
1609043747064324040,0,1609043747064324040,3.295398056507111e-01,-7.540407180786133e-01,1.959566950798035e+00,-2.802058936515935e-01,9.598348732445925e-01,-9.435419554993347e-03,-1.061348784660686e-02
1609043747270730804,0,1609043747270730804,2.023022770881653e-01,-6.519582867622375e-01,1.964271664619446e+00,-2.801237014113652e-01,9.598038706825693e-01,-9.842996786389760e-03,-1.450369417138370e-02
1609043747476402009,0,1609043747476402009,8.021454513072968e-02,-5.461699366569519e-01,1.963155269622803e+00,-2.803424059841767e-01,9.597695931765644e-01,-9.944255102797544e-03,-1.231158848994599e-02
1609043747682729829,0,1609043747682729829,-4.072732850909233e-02,-4.338192045688629e-01,1.942615866661072e+00,-2.804581257605666e-01,9.598241895258544e-01,-6.940941263806327e-03,-5.708610188058721e-03
1609043747855591221,0,1609043747855591221,-1.685197949409485e-01,-3.247096240520477e-01,1.937692999839783e+00,-2.804766032977647e-01,9.598216257402925e-01,-6.117107867272457e-03,-6.156521351413619e-03
1609043748060909672,0,1609043748060909672,-2.913552522659302e-01,-2.090988457202911e-01,1.942039847373962e+00,-2.806204797270938e-01,9.597516938098584e-01,-7.253054087053158e-03,-8.730738414015046e-03
1609043748267367924,0,1609043748267367924,-4.196546673774719e-01,-9.146405011415482e-02,1.950016379356384e+00,-2.808060261855473e-01,9.596746765437214e-01,-7.781316577831954e-03,-1.058026327181055e-02
1609043748473453291,0,1609043748473453291,-5.353259444236755e-01,2.953032776713371e-02,1.971410155296326e+00,-2.809812794113238e-01,9.595500248060402e-01,-8.773360552395599e-03,-1.537200896828227e-02
1609043748679706847,0,1609043748679706847,-6.526330709457397e-01,1.484389752149582e-01,1.982488751411438e+00,-2.809681416418128e-01,9.595291727925140e-01,-8.944327482123931e-03,-1.675317726142252e-02
1609043748853147390,0,1609043748853147390,-7.655505537986755e-01,2.806990146636963e-01,1.987510681152344e+00,-2.811687412290256e-01,9.594698068270169e-01,-9.989201277015414e-03,-1.618779172276026e-02
1609043749058006535,0,1609043749058006535,-8.889996409416199e-01,4.006794691085815e-01,1.984153389930725e+00,-2.812697826793057e-01,9.595309553944354e-01,-9.426765232238926e-03,-9.939370635741613e-03
1609043749264399084,0,1609043749264399084,-9.991893172264099e-01,5.344414114952087e-01,1.979444622993469e+00,-2.811754457569188e-01,9.596195906405711e-01,-7.257245374636148e-03,-4.235841332372187e-03
1609043749470429045,0,1609043749470429045,-1.112199425697327e+00,6.706769466400146e-01,1.976637005805969e+00,-2.815259832095567e-01,9.595231425339503e-01,-6.683270162870169e-03,-3.713976251244614e-03
1609043749676285522,0,1609043749676285522,-1.222794651985168e+00,7.960366606712341e-01,1.974464297294617e+00,-2.829572010207357e-01,9.591157202376992e-01,-5.619849620536106e-03,-8.215069524694558e-04
1609043749882120730,0,1609043749882120730,-1.349703907966614e+00,9.367194771766663e-01,1.974490880966187e+00,-2.763785055215295e-01,9.610280674994857e-01,-6.217021317790202e-03,1.150569347843288e-03
1609043750053942214,0,1609043750053942214,-1.505819678306580e+00,1.075729489326477e+00,1.960357189178467e+00,-2.534685696538284e-01,9.673220195900153e-01,-6.164549298966386e-03,1.947548684083486e-03
1609043750260172030,0,1609043750260172030,-1.665188908576965e+00,1.222379207611084e+00,1.955153703689575e+00,-2.113605944072620e-01,9.773806781621288e-01,-6.811561591849139e-03,2.704018458946316e-03
1609043750466838725,0,1609043750466838725,-1.825322628021240e+00,1.379227280616760e+00,1.971156477928162e+00,-1.684592708459422e-01,9.856486235156444e-01,-7.483027296514135e-03,-7.891091828686733e-03
1609043750673788446,0,1609043750673788446,-1.976895928382874e+00,1.523312926292419e+00,2.010028839111328e+00,-1.277148270767017e-01,9.911536436532511e-01,-1.157282453810175e-02,-3.419718336153805e-02
1609043750880565976,0,1609043750880565976,-2.128068208694458e+00,1.658728003501892e+00,1.967437624931335e+00,8.982363961365043e-02,-9.957127527041230e-01,-2.223895027760848e-03,2.197457985583615e-02
1609043751053222280,0,1609043751053222280,-2.253921508789062e+00,1.802242040634155e+00,1.926968336105347e+00,5.073509942134345e-02,-9.983710416704707e-01,-2.416164096456562e-02,9.870559580123811e-03
1609043751257692855,0,1609043751257692855,-2.383028030395508e+00,1.924889445304871e+00,1.955412745475769e+00,1.016787460891109e-02,-9.996502292150345e-01,-2.205630630089344e-02,1.046675253493205e-02
1609043751464387374,0,1609043751464387374,-2.500204324722290e+00,2.014424324035645e+00,1.969462275505066e+00,2.734969095271338e-02,9.994062740358070e-01,9.631686981532482e-03,-1.860979388779750e-02
1609043751670071123,0,1609043751670071123,-2.618459939956665e+00,2.095620870590210e+00,2.002882480621338e+00,-6.463432888063340e-02,-9.973260688575696e-01,1.851538640425100e-03,3.405418787637643e-02
1609043751876130302,0,1609043751876130302,-2.720691919326782e+00,2.188775539398193e+00,1.991615056991577e+00,-1.091461984453435e-01,-9.936596892288050e-01,3.237373411774980e-03,2.677776652444092e-02
1609043752082571411,0,1609043752082571411,-2.806501865386963e+00,2.263930082321167e+00,1.991029381752014e+00,-1.534387602789982e-01,-9.878098821349677e-01,2.646499493431120e-03,2.609941840302687e-02
1609043752254876884,0,1609043752254876884,-2.930955171585083e+00,2.379138946533203e+00,2.010584115982056e+00,-2.012993388878430e-01,-9.789503404913537e-01,2.072542114388839e-03,3.362308112538612e-02
1609043752461955878,0,1609043752461955878,-2.934577226638794e+00,2.402369499206543e+00,2.036587476730347e+00,-2.214663200738694e-01,-9.744637397903176e-01,9.097803118162159e-04,3.704404414465007e-02
1609043752667946399,0,1609043752667946399,-2.970179796218872e+00,2.439950466156006e+00,2.061563253402710e+00,-2.209457625486508e-01,-9.746242576779905e-01,1.540689918064441e-03,3.589084328902847e-02
1609043752873780001,0,1609043752873780001,-2.989781141281128e+00,2.476512432098389e+00,2.092234373092651e+00,-2.200165566576421e-01,-9.747398426997887e-01,1.303818567480979e-03,3.838298981643728e-02
1609043753079554642,0,1609043753079554642,-2.994195938110352e+00,2.507035017013550e+00,2.098814964294434e+00,-2.196004691579717e-01,-9.747432273192789e-01,8.877601655247879e-04,4.062618149277605e-02
1609043753252724316,0,1609043753252724316,-2.981549263000488e+00,2.529968976974487e+00,2.100972652435303e+00,-2.192613817005089e-01,-9.748419514512241e-01,8.247948526341701e-04,4.008660498226123e-02
1609043753457663991,0,1609043753457663991,-2.953892707824707e+00,2.546922445297241e+00,2.105731010437012e+00,-2.192202782481556e-01,-9.749149221659812e-01,1.267573781401641e-03,3.849360206071648e-02
1609043753664133233,0,1609043753664133233,-2.901926040649414e+00,2.552846431732178e+00,2.123018980026245e+00,-2.187841643454647e-01,-9.749262894558514e-01,4.899083424129373e-04,4.064455128695615e-02
1609043753870250200,0,1609043753870250200,-2.839109659194946e+00,2.565072298049927e+00,2.086428880691528e+00,-2.190817392378109e-01,-9.755126759012033e-01,5.574984360700233e-03,1.863143145299082e-02
1609043754076579534,0,1609043754076579534,-2.771176576614380e+00,2.562207698822021e+00,2.081776380538940e+00,-2.188887066380149e-01,-9.757005652705714e-01,7.138075020674688e-03,6.722270600309698e-03
1609043754282560018,0,1609043754282560018,-2.713345527648926e+00,2.571927070617676e+00,2.062838792800903e+00,-2.187587333860234e-01,-9.757351759906139e-01,8.252826337932702e-03,4.168184178297038e-03
1609043754455018596,0,1609043754455018596,-2.645559549331665e+00,2.569555759429932e+00,2.047708988189697e+00,-2.168085011937662e-01,-9.760018674761817e-01,4.778391147690827e-03,1.978877134029412e-02
1609043754660305612,0,1609043754660305612,-2.596854209899902e+00,2.591799020767212e+00,2.052361726760864e+00,-2.278875434105920e-01,-9.732137437395094e-01,3.803321416365462e-03,3.012990708611512e-02
1609043754867123194,0,1609043754867123194,-2.524372339248657e+00,2.608577251434326e+00,2.042004108428955e+00,-2.419645208814823e-01,-9.697674617393752e-01,4.098805725138096e-03,3.142356723530465e-02
1609043755073340227,0,1609043755073340227,-2.458166599273682e+00,2.639521121978760e+00,2.023322582244873e+00,-2.634035232339753e-01,-9.641473091157626e-01,3.417344215709007e-03,3.204484406693112e-02
1609043755279949300,0,1609043755279949300,-2.346119642257690e+00,2.628634691238403e+00,2.013599634170532e+00,-2.717029535322614e-01,-9.620480944467981e-01,5.380376055693684e-03,2.473904942858161e-02
1609043755453310959,0,1609043755453310959,-2.243176698684692e+00,2.630518913269043e+00,2.003211021423340e+00,-2.714514454320189e-01,-9.622508671786563e-01,9.297253337391061e-03,1.734769342512910e-02
1609043755657807301,0,1609043755657807301,-2.142677783966064e+00,2.627233266830444e+00,2.011103153228760e+00,-2.708996308397166e-01,-9.621877548172001e-01,4.727559839683911e-03,2.803149422886987e-02
1609043755863795505,0,1609043755863795505,-2.031337022781372e+00,2.626312971115112e+00,1.995315074920654e+00,-2.709848188450168e-01,-9.623075542694796e-01,7.964797864581596e-03,2.163240500736969e-02
1609043756069800536,0,1609043756069800536,-1.918531894683838e+00,2.637935400009155e+00,1.982679486274719e+00,-2.708423880494550e-01,-9.624697428691419e-01,9.752567881563342e-03,1.418739993062922e-02
1609043756276247124,0,1609043756276247124,-1.804784893989563e+00,2.642175197601318e+00,1.985256195068359e+00,-2.706408642986721e-01,-9.625528746734983e-01,1.045581404420307e-02,1.166884664933658e-02
1609043756482464981,0,1609043756482464981,-1.697572350502014e+00,2.649626493453979e+00,1.984441995620728e+00,-2.703678747126848e-01,-9.626368294896018e-01,9.394717814515381e-03,1.197021765628660e-02
1609043756654594469,0,1609043756654594469,-1.594025492668152e+00,2.667303800582886e+00,1.972763061523438e+00,-2.702847525563128e-01,-9.626332560765343e-01,1.076033684110864e-02,1.294534596402429e-02
1609043756860678624,0,1609043756860678624,-1.499668478965759e+00,2.684292793273926e+00,1.953284263610840e+00,-2.702942924030101e-01,-9.627232657041348e-01,-3.603191992690496e-04,1.023617782165633e-02
1609043757066990390,0,1609043757066990390,-1.394844412803650e+00,2.709246635437012e+00,2.001596689224243e+00,2.701018223548795e-01,9.627882194619036e-01,4.961806148829475e-03,-7.696135763603352e-03
1609043757273197630,0,1609043757273197630,-1.317490100860596e+00,2.711819887161255e+00,1.909337997436523e+00,2.700359386665530e-01,9.627162472992151e-01,1.528736859881742e-02,-4.931062351434468e-03
1609043757479818379,0,1609043757479818379,-1.242575645446777e+00,2.702775716781616e+00,1.930727362632751e+00,2.697850299593511e-01,9.628436912010943e-01,1.127075786664715e-02,-4.586277487812986e-03
1609043757652514384,0,1609043757652514384,-1.176944851875305e+00,2.694915056228638e+00,1.992856264114380e+00,-2.691645722405425e-01,-9.629918404267790e-01,9.127121163200165e-03,1.066976950467723e-02
1609043757857458611,0,1609043757857458611,-1.113542199134827e+00,2.695880413055420e+00,2.053753852844238e+00,-2.688151164715435e-01,-9.630229369932461e-01,1.424887964019660e-02,1.105556015277179e-02
1609043758064036444,0,1609043758064036444,-1.055713295936584e+00,2.700499296188354e+00,2.141310691833496e+00,-2.687245949621043e-01,-9.630540521229557e-01,1.422527210461796e-02,1.056533887567606e-02
1609043758270130829,0,1609043758270130829,-9.937701225280762e-01,2.716731309890747e+00,2.236303806304932e+00,-2.684407878936064e-01,-9.632213365038866e-01,7.780707008599896e-03,9.146633105818066e-03
1609043758476263740,0,1609043758476263740,-9.486733078956604e-01,2.729561328887939e+00,2.306975126266479e+00,-2.684728060981416e-01,-9.632417134156299e-01,2.776176932874751e-03,8.946885689921882e-03
1609043758682263595,0,1609043758682263595,-9.024203419685364e-01,2.747785568237305e+00,2.387517452239990e+00,2.681491091381137e-01,9.633427149296431e-01,2.436994974064700e-03,-7.805761712778432e-03
1609043758855353612,0,1609043758855353612,-8.593185544013977e-01,2.763320684432983e+00,2.481153964996338e+00,2.679868172506407e-01,9.633913945184083e-01,5.513576242781459e-03,-5.448598421918601e-03
1609043759060545435,0,1609043759060545435,-8.344606757164001e-01,2.764152765274048e+00,2.534770250320435e+00,2.676859544700200e-01,9.634394021354967e-01,1.081995195739008e-02,-3.417137970702685e-03
1609043759266798838,0,1609043759266798838,-8.153797984123230e-01,2.760794639587402e+00,2.596174716949463e+00,2.673479727955242e-01,9.635712333506163e-01,6.516476014253675e-03,-3.615970360966059e-03
1609043759472847928,0,1609043759472847928,-7.978389859199524e-01,2.757443904876709e+00,2.658667325973511e+00,-2.675700353795211e-01,-9.635156954968307e-01,2.805269966734160e-03,5.992591982958850e-03
1609043759679329341,0,1609043759679329341,-8.004086613655090e-01,2.751530170440674e+00,2.717544317245483e+00,-2.676450331399822e-01,-9.634918400201866e-01,3.643975330830381e-03,6.027594362679971e-03
1609043759852239117,0,1609043759852239117,-7.990729212760925e-01,2.750576972961426e+00,2.815050601959229e+00,-2.673863325238639e-01,-9.635513618175766e-01,5.999322172113437e-03,6.109865170898555e-03
1609043760057517588,0,1609043760057517588,-8.082048892974854e-01,2.755678653717041e+00,2.942473411560059e+00,-2.672051344389385e-01,-9.635257467074494e-01,1.303840307416242e-02,7.039290205476965e-03
1609043760263510942,0,1609043760263510942,-8.247943520545959e-01,2.756770133972168e+00,2.974462270736694e+00,-2.670429743091701e-01,-9.636574992010649e-01,4.887900823344943e-03,5.327525804966086e-03
1609043760469691046,0,1609043760469691046,-8.454566001892090e-01,2.769271373748779e+00,3.072125434875488e+00,2.670413124729032e-01,9.636775391016956e-01,2.066706771033260e-03,-3.204182699528950e-03
1609043760675867453,0,1609043760675867453,-8.729506134986877e-01,2.776389837265015e+00,3.145743608474731e+00,2.667175767343337e-01,9.637639649894165e-01,3.918176863838802e-03,-2.324207156661092e-03
1609043760882076415,0,1609043760882076415,-9.111321568489075e-01,2.781365156173706e+00,3.187566518783569e+00,2.669750336409054e-01,9.636816168462401e-01,6.437915056186455e-03,-7.912109598229363e-04
1609043761055068641,0,1609043761055068641,-9.660195708274841e-01,2.788742065429688e+00,3.197187662124634e+00,2.665053509395667e-01,9.636085744328606e-01,2.020705965388343e-02,5.008786299410676e-03
1609043761260371651,0,1609043761260371651,-1.024395227432251e+00,2.764854431152344e+00,3.294806480407715e+00,2.664534469464206e-01,9.635557149713126e-01,1.574971067200742e-02,-1.774517878865870e-02
1609043761466600111,0,1609043761466600111,-1.092567682266235e+00,2.732138156890869e+00,3.331243991851807e+00,-2.662844324062945e-01,-9.634461045952014e-01,-7.530968732891796e-03,2.841635283307652e-02
1609043761672886305,0,1609043761672886305,-1.150530576705933e+00,2.697957515716553e+00,3.312983751296997e+00,-2.662017688212580e-01,-9.635249637421255e-01,-7.010727418213432e-03,2.659158181148381e-02
1609043761878791036,0,1609043761878791036,-1.196955323219299e+00,2.650763273239136e+00,3.321714162826538e+00,2.660148305403467e-01,9.637220293883836e-01,8.369084008387399e-03,-2.014741762575410e-02
1609043762052267763,0,1609043762052267763,-1.238630890846252e+00,2.600229501724243e+00,3.297190189361572e+00,2.658218702110234e-01,9.638717049224225e-01,8.760367760098014e-03,-1.460567438238835e-02
1609043762257238941,0,1609043762257238941,-1.292237639427185e+00,2.535281419754028e+00,3.259222269058228e+00,2.659763902168986e-01,9.638968204120653e-01,9.412654114354076e-03,-8.419108576465851e-03
1609043762463196164,0,1609043762463196164,-1.347204923629761e+00,2.467005968093872e+00,3.217641592025757e+00,2.658340185811388e-01,9.639985844109064e-01,6.241288409188832e-03,2.239146368440031e-04
1609043762669517958,0,1609043762669517958,-1.420708775520325e+00,2.391843318939209e+00,3.181686878204346e+00,2.657876592648544e-01,9.639715187382162e-01,8.577027222816554e-03,-6.501218967679927e-03
1609043762875399243,0,1609043762875399243,-1.485681533813477e+00,2.311917304992676e+00,3.235750198364258e+00,-2.650942661601324e-01,-9.637165686961657e-01,-5.074505888414196e-03,3.081646734293081e-02
1609043763081460395,0,1609043763081460395,-1.549317479133606e+00,2.224596977233887e+00,3.188865423202515e+00,-2.646404721136513e-01,-9.633168400521851e-01,-2.417328377771385e-03,4.449991814431078e-02
1609043763253675786,0,1609043763253675786,-1.594264268875122e+00,2.132364273071289e+00,3.142817020416260e+00,-2.649722343892300e-01,-9.638254594586767e-01,3.496855692624622e-03,2.860018710279192e-02
1609043763459919768,0,1609043763459919768,-1.621248126029968e+00,2.043090105056763e+00,3.106096506118774e+00,-2.650157367782774e-01,-9.640165235731768e-01,5.655768762811981e-03,2.016962611093539e-02
1609043763666156835,0,1609043763666156835,-1.644037485122681e+00,1.953329086303711e+00,3.106923818588257e+00,-2.644628598140836e-01,-9.641022976568249e-01,4.761771297832566e-03,2.331267822225046e-02
1609043763872598294,0,1609043763872598294,-1.657860040664673e+00,1.861918330192566e+00,3.107607126235962e+00,-2.643446195875481e-01,-9.640206519424572e-01,2.539599838705558e-03,2.792230571091096e-02
1609043764078503989,0,1609043764078503989,-1.667420983314514e+00,1.771965503692627e+00,3.103026628494263e+00,-2.643925732093381e-01,-9.641411959234564e-01,3.386838312145108e-03,2.273435464839980e-02
1609043764251765344,0,1609043764251765344,-1.672061920166016e+00,1.686250567436218e+00,3.096725702285767e+00,-2.643559117412601e-01,-9.642836046511932e-01,5.335221253570085e-03,1.564024112741762e-02
1609043764457061851,0,1609043764457061851,-1.675490260124207e+00,1.596640229225159e+00,3.103366374969482e+00,2.641143794048522e-01,9.643566832771415e-01,4.936816500847742e-03,-1.534307182861129e-02
1609043764663038998,0,1609043764663038998,-1.685861468315125e+00,1.502429604530334e+00,3.115796804428101e+00,2.644383681105332e-01,9.642780581826210e-01,5.609629890183286e-03,-1.444673080967401e-02
1609043764869275926,0,1609043764869275926,-1.687727808952332e+00,1.407988786697388e+00,3.124182462692261e+00,2.644277277235134e-01,9.643307345965727e-01,3.315639728410734e-03,-1.154199534765405e-02
1609043765074796852,0,1609043765074796852,-1.700965166091919e+00,1.308014154434204e+00,3.126842975616455e+00,-2.643342587878182e-01,-9.643818991834622e-01,-1.477460453390252e-03,9.631680486918117e-03
1609043765281108975,0,1609043765281108975,-1.715681791305542e+00,1.208516955375671e+00,3.129266023635864e+00,-2.642980873783869e-01,-9.644007528668972e-01,-5.760750685569532e-05,8.815075681089690e-03
1609043765453220088,0,1609043765453220088,-1.746767878532410e+00,1.118711471557617e+00,3.138278961181641e+00,-2.641460855157931e-01,-9.644039713332053e-01,6.015191328879979e-04,1.230706131284358e-02
1609043765659731688,0,1609043765659731688,-1.790002107620239e+00,1.024499058723450e+00,3.143391847610474e+00,-2.649239201658244e-01,-9.641860572125912e-01,5.470897915954469e-04,1.265955345063302e-02
1609043765866468369,0,1609043765866468369,-1.806295990943909e+00,8.988034725189209e-01,3.144973039627075e+00,-2.390669178053399e-01,-9.709276415186567e-01,9.997257197282569e-04,1.206334508165342e-02
1609043766073050736,0,1609043766073050736,-1.834804892539978e+00,7.859302163124084e-01,3.160778045654297e+00,-2.081222135262762e-01,-9.780401861846374e-01,3.270686577319154e-03,1.057549309279952e-02
1609043766277989669,0,1609043766277989669,-1.875428795814514e+00,6.896548271179199e-01,3.195679664611816e+00,-1.799945509812308e-01,-9.835778800259968e-01,6.439282261080146e-03,1.162115246406357e-02
1609043766451317242,0,1609043766451317242,-1.925476551055908e+00,5.938561558723450e-01,3.173838376998901e+00,-1.555741933846128e-01,-9.877500475840592e-01,9.893218479569192e-03,6.974100553588203e-03
1609043766656340998,0,1609043766656340998,-1.964524984359741e+00,4.976912438869476e-01,3.175086975097656e+00,-1.264609015896792e-01,-9.919091965759961e-01,9.201313188168494e-03,6.254754407716091e-03
1609043766863300598,0,1609043766863300598,-2.022928237915039e+00,4.184906780719757e-01,3.177200078964233e+00,-9.832956456885789e-02,-9.950929096609115e-01,9.504499678502580e-03,5.573361655316756e-03
1609043767069104853,0,1609043767069104853,-2.080482006072998e+00,3.424830734729767e-01,3.164284706115723e+00,-7.339080498849025e-02,-9.972279935641281e-01,9.163282414705407e-03,8.133440268003561e-03
1609043767274998397,0,1609043767274998397,-2.134966135025024e+00,2.822894454002380e-01,3.184344291687012e+00,-5.118513111568060e-02,-9.983412861432779e-01,8.361174687913201e-03,2.499698966465174e-02
1609043767481173935,0,1609043767481173935,-2.199917316436768e+00,2.262803912162781e-01,3.165962219238281e+00,-3.169457300007038e-02,-9.989727758685260e-01,9.321994483856811e-03,3.101527905272117e-02
1609043767653207891,0,1609043767653207891,-2.222532033920288e+00,1.664762645959854e-01,3.141154289245605e+00,-6.672132358904012e-03,-9.996278181032923e-01,9.995039176969294e-03,2.449095987680401e-02
1609043767859391339,0,1609043767859391339,-2.243282079696655e+00,1.208158284425735e-01,3.133501052856445e+00,-1.775188876058677e-02,9.995620848265800e-01,-9.542772661230816e-03,-2.166666823738241e-02
1609043768065757213,0,1609043768065757213,-2.264091253280640e+00,8.447901904582977e-02,3.127411127090454e+00,-3.908911706096571e-02,9.989963947849139e-01,-6.158470516184554e-03,-2.098374073038769e-02
1609043768271994435,0,1609043768271994435,-2.282957553863525e+00,4.558103159070015e-02,3.091346979141235e+00,5.820894213414213e-02,-9.980395915248472e-01,-3.319059977659855e-03,2.275250855190898e-02
1609043768478265395,0,1609043768478265395,-2.292338132858276e+00,8.409978821873665e-03,3.061435937881470e+00,7.579233129852934e-02,-9.967865046550002e-01,-9.377968057364888e-03,2.417106470796128e-02
1609043768651746564,0,1609043768651746564,-2.281114101409912e+00,-2.560865320265293e-02,3.138169765472412e+00,-9.371040687483224e-02,9.954482763268518e-01,-5.350134916488608e-03,-1.650650955315775e-02
1609043768856626657,0,1609043768856626657,-2.278190612792969e+00,-6.475407630205154e-02,3.093647956848145e+00,1.115618384016333e-01,-9.934623368543442e-01,2.650979950951065e-03,2.407309223288995e-02
1609043769062645206,0,1609043769062645206,-2.265265226364136e+00,-1.028450056910515e-01,3.103089332580566e+00,1.295805261505115e-01,-9.913396252208402e-01,2.253578292883997e-03,2.120273789957997e-02
1609043769269242753,0,1609043769269242753,-2.246025800704956e+00,-1.351894438266754e-01,3.095159530639648e+00,1.480090232483086e-01,-9.887290414537379e-01,-1.149626534443834e-03,2.251421732784864e-02
1609043769475451293,0,1609043769475451293,-2.217312097549438e+00,-1.659033745527267e-01,3.092739582061768e+00,1.670756417567179e-01,-9.856882899566130e-01,-3.096919222563198e-03,2.224261822084026e-02
1609043769681413723,0,1609043769681413723,-2.183226823806763e+00,-2.043111175298691e-01,3.082316398620605e+00,1.872833116331976e-01,-9.820577232741682e-01,-3.653402270151589e-03,2.177709790381675e-02
1609043769854403704,0,1609043769854403704,-2.148674249649048e+00,-2.405492514371872e-01,3.101057767868042e+00,2.076134436769052e-01,-9.780369409334442e-01,-2.447941203994137e-03,1.828681924307692e-02
1609043770059872906,0,1609043770059872906,-2.100592851638794e+00,-2.727006971836090e-01,3.147904634475708e+00,2.277270177019121e-01,-9.736389921817806e-01,4.060181743510247e-04,1.293651657447506e-02
1609043770266048852,0,1609043770266048852,-2.058652639389038e+00,-3.050135672092438e-01,3.141198873519897e+00,-2.481736699506415e-01,9.686659552537304e-01,-5.775699640850718e-03,-7.920730349303488e-03
1609043770472921670,0,1609043770472921670,-2.012645244598389e+00,-3.342957794666290e-01,3.193606615066528e+00,-2.689654268720632e-01,9.630725255953020e-01,-6.539505345284902e-03,-1.030264339157895e-02
1609043770678453326,0,1609043770678453326,-1.997862815856934e+00,-3.642131984233856e-01,3.143288850784302e+00,-2.863892927218490e-01,9.580466493541170e-01,-8.438281587052135e-04,1.127291575713019e-02
1609043770851762231,0,1609043770851762231,-1.978226542472839e+00,-3.900806903839111e-01,3.184141635894775e+00,-3.011998162889348e-01,9.535573085571891e-01,-2.361717402380362e-03,-1.245895498286066e-03
1609043771056685822,0,1609043771056685822,-1.974026679992676e+00,-4.185135960578918e-01,3.217996597290039e+00,-3.152659726284252e-01,9.489839847021139e-01,-4.363357729831904e-03,-4.210034545307662e-03
1609043771262910521,0,1609043771262910521,-1.974507093429565e+00,-4.390179514884949e-01,3.194742918014526e+00,-3.300992170414085e-01,9.439361536795866e-01,-1.621687686606257e-03,4.051519996729107e-03
1609043771469252615,0,1609043771469252615,-1.987784981727600e+00,-4.671022295951843e-01,3.219482421875000e+00,-3.439904410916391e-01,9.389230588481391e-01,-6.012135768722292e-03,-7.610533774439426e-03
1609043771675366034,0,1609043771675366034,-2.015300750732422e+00,-5.033827424049377e-01,3.206741571426392e+00,-3.587649173621852e-01,9.334202751322260e-01,-3.784705998334239e-03,6.533765010936299e-06
1609043771881583911,0,1609043771881583911,-2.036099433898926e+00,-5.176799893379211e-01,3.227222681045532e+00,-3.740470867941992e-01,9.273863406649954e-01,-5.701786449245854e-03,-3.292664581943115e-03
1609043772053708241,0,1609043772053708241,-2.070062160491943e+00,-5.463002920150757e-01,3.224414110183716e+00,3.878580554375898e-01,-9.217073149701152e-01,9.779796193469573e-04,4.560473507909914e-03
1609043772259893962,0,1609043772259893962,-2.096730709075928e+00,-5.611023306846619e-01,3.198924541473389e+00,4.005404421959392e-01,-9.160698886309510e-01,-6.139256130543201e-03,1.859093443918579e-02
1609043772466098760,0,1609043772466098760,-2.123110532760620e+00,-5.818277001380920e-01,3.254713535308838e+00,4.110711997188244e-01,-9.111351647874956e-01,7.310712905759416e-04,2.920009904362777e-02
1609043772672023010,0,1609043772672023010,-2.141709089279175e+00,-5.998222231864929e-01,3.182763814926147e+00,4.205968381225560e-01,-9.071933034019812e-01,1.156105195906143e-03,9.862730082768540e-03
1609043772878845168,0,1609043772878845168,-2.155386209487915e+00,-6.104956269264221e-01,3.197227001190186e+00,4.333144913056675e-01,-9.011861092395993e-01,-7.353520159224286e-03,6.933532964623691e-03
1609043773052047907,0,1609043773052047907,-2.168931484222412e+00,-6.339709758758545e-01,3.146783590316772e+00,4.476377101340004e-01,-8.941924776556744e-01,-3.764343310565158e-03,5.111075174069036e-03
1609043773256781930,0,1609043773256781930,-2.186045408248901e+00,-6.574316620826721e-01,3.163065195083618e+00,-4.622490593668966e-01,8.867378757816913e-01,-3.187507800959963e-03,-3.403904025103894e-03
1609043773463256600,0,1609043773463256600,-2.214387178421021e+00,-6.748801469802856e-01,3.140950441360474e+00,-4.762060606154980e-01,8.793247140046055e-01,-3.510522942106666e-03,1.873873651092311e-03
1609043773669268239,0,1609043773669268239,-2.245151519775391e+00,-6.932937502861023e-01,3.068410396575928e+00,-4.890516291907260e-01,8.722517214767509e-01,-2.014713719802066e-03,-1.174434063119667e-03
1609043773875203664,0,1609043773875203664,-2.281230449676514e+00,-7.209671735763550e-01,3.033895969390869e+00,4.998234138188752e-01,-8.654231729983335e-01,-2.777821192513585e-02,2.115791998718221e-02
1609043774081591209,0,1609043774081591209,-2.294758081436157e+00,-7.544161081314087e-01,3.033805847167969e+00,5.000836575598466e-01,-8.639697724144260e-01,-3.971149424656518e-02,4.353808700937760e-02
1609043774253533374,0,1609043774253533374,-2.273458242416382e+00,-7.977841496467590e-01,3.053503990173340e+00,4.999948692439401e-01,-8.644404486257155e-01,-3.407325778688865e-02,3.983534377026639e-02
1609043774459864234,0,1609043774459864234,-2.231846332550049e+00,-8.433147668838501e-01,3.073938608169556e+00,5.003165262782331e-01,-8.658222210969463e-01,2.298568527430942e-03,5.474629700465064e-03
1609043774666056941,0,1609043774666056941,-2.196184396743774e+00,-8.892528414726257e-01,3.043351650238037e+00,-4.993970868601412e-01,8.661873685263703e-01,-1.698897056868818e-02,5.776427960497453e-03
1609043774872204288,0,1609043774872204288,-2.186132192611694e+00,-9.234040975570679e-01,3.016840457916260e+00,-5.009436282469799e-01,8.653157180018615e-01,-1.663033033195662e-02,2.760726484974088e-03
1609043775078736276,0,1609043775078736276,-2.182761669158936e+00,-9.540552496910095e-01,3.002779006958008e+00,-5.010700621931820e-01,8.653342934064787e-01,-9.900605828761302e-03,-5.227947269674321e-03
1609043775251559329,0,1609043775251559329,-2.187687158584595e+00,-9.794301390647888e-01,3.000439643859863e+00,5.007226532616739e-01,-8.655475804700784e-01,4.045630178918243e-03,9.372477230604191e-03
1609043775456815389,0,1609043775456815389,-2.195983886718750e+00,-9.975847601890564e-01,3.011475324630737e+00,5.001546767428737e-01,-8.658503273065494e-01,2.155037465905264e-03,1.199440906812192e-02
1609043775662713492,0,1609043775662713492,-2.201897144317627e+00,-1.004555106163025e+00,3.010724782943726e+00,5.014050598031983e-01,-8.650819612440014e-01,-4.416169932994346e-04,1.503234208014022e-02
1609043775869523993,0,1609043775869523993,-2.205025911331177e+00,-1.017891168594360e+00,3.021766185760498e+00,5.139251133192316e-01,-8.577298578860790e-01,-3.313938917966170e-03,1.301870190877125e-02
1609043776075290424,0,1609043776075290424,-2.207651138305664e+00,-1.021422147750854e+00,2.988970994949341e+00,5.278738396063255e-01,-8.491937150743306e-01,-3.048459662068863e-03,1.448967326136033e-02
1609043776281303281,0,1609043776281303281,-2.207976102828979e+00,-1.034362316131592e+00,3.031960725784302e+00,5.375927440944064e-01,-8.431800272317017e-01,-1.536629028485032e-03,6.254753857786111e-03
1609043776453311697,0,1609043776453311697,-2.201598167419434e+00,-1.043882369995117e+00,3.009829521179199e+00,-5.451669327934989e-01,8.383260658864129e-01,7.561003445344912e-04,1.360498514197911e-03
1609043776659519788,0,1609043776659519788,-2.216621637344360e+00,-1.051475048065186e+00,2.997880220413208e+00,-5.535296651695101e-01,8.328264055359128e-01,6.887798922159430e-04,2.147929636072359e-03
1609043776865851501,0,1609043776865851501,-2.233570098876953e+00,-1.059463381767273e+00,2.992846965789795e+00,-5.660178394807287e-01,8.243914719364700e-01,4.121453518888194e-04,1.528569330224484e-03
1609043777072141667,0,1609043777072141667,-2.259298086166382e+00,-1.076802730560303e+00,2.993930101394653e+00,-5.754048759310373e-01,8.178669976422220e-01,8.209358651829819e-04,1.459104790830546e-03
1609043777278633681,0,1609043777278633681,-2.293795824050903e+00,-1.086980462074280e+00,2.997818946838379e+00,-5.865207305211426e-01,8.099313277884813e-01,7.705641641173129e-04,2.020684686365947e-03
1609043777451707824,0,1609043777451707824,-2.335574388504028e+00,-1.116118788719177e+00,3.002541065216064e+00,-5.967102777162646e-01,8.024487864324603e-01,1.645676684710225e-03,3.175117178903375e-03
1609043777657206654,0,1609043777657206654,-2.379930019378662e+00,-1.139370679855347e+00,3.003400802612305e+00,6.067642480857743e-01,-7.948727015519703e-01,-2.493954307681988e-03,-2.883706692500657e-03
1609043777863533475,0,1609043777863533475,-2.437577009201050e+00,-1.170231938362122e+00,3.010393142700195e+00,6.133586722277200e-01,-7.897962400075406e-01,-2.700111497795833e-03,-2.397471772357765e-03
1609043778069118747,0,1609043778069118747,-2.501135587692261e+00,-1.192472934722900e+00,3.020773887634277e+00,6.238488394367088e-01,-7.815382401027162e-01,-2.753526467817561e-03,-1.738643900281409e-03
1609043778275222533,0,1609043778275222533,-2.566540241241455e+00,-1.232333421707153e+00,3.025570392608643e+00,6.341526250114929e-01,-7.731955986534572e-01,-3.034937759833163e-03,-3.131064794729187e-03
1609043778481423002,0,1609043778481423002,-2.641639709472656e+00,-1.261420965194702e+00,3.018087148666382e+00,6.448371525329226e-01,-7.642984777581127e-01,-4.203423017938527e-03,-3.900621078275993e-03
1609043778653453952,0,1609043778653453952,-2.714899778366089e+00,-1.314740657806396e+00,3.012103080749512e+00,-6.543695002900927e-01,7.561307975046676e-01,5.041065858408155e-03,6.431314800335640e-03
1609043778859627612,0,1609043778859627612,-2.805933237075806e+00,-1.365615129470825e+00,2.969591856002808e+00,-6.638310764405354e-01,7.477795997390020e-01,7.713256410745169e-03,9.719971271580020e-03
1609043779065528931,0,1609043779065528931,-2.896935224533081e+00,-1.410683035850525e+00,2.976450681686401e+00,-6.647909840186349e-01,7.455070621976729e-01,-3.318260906951928e-02,-3.422107882971447e-02
1609043779272072125,0,1609043779272072125,-2.990897655487061e+00,-1.415016770362854e+00,3.010267019271851e+00,-6.641809660174248e-01,7.452677329673904e-01,-4.115439765969083e-02,-4.178475955506775e-02
1609043779478353946,0,1609043779478353946,-3.093621015548706e+00,-1.383291244506836e+00,3.059712171554565e+00,-6.645573270530228e-01,7.464513915225309e-01,-2.764790332612106e-02,-2.023542922421049e-02
1609043779651904105,0,1609043779651904105,-3.193202972412109e+00,-1.334194421768188e+00,2.984887361526489e+00,6.651450755004783e-01,-7.464163085417895e-01,-8.727257245267357e-03,1.919786085182497e-02
1609043779856779362,0,1609043779856779362,-3.280034542083740e+00,-1.273516774177551e+00,2.864456653594971e+00,6.646047763578916e-01,-7.456489420084055e-01,-3.455899111453907e-02,3.337398173978161e-02
1609043780063051409,0,1609043780063051409,-3.350672245025635e+00,-1.234978795051575e+00,3.057136535644531e+00,6.645034944846230e-01,-7.470038691384692e-01,-1.993128512278620e-02,4.803038958374348e-03
1609043780268987589,0,1609043780268987589,-3.400298833847046e+00,-1.192628741264343e+00,2.978863239288330e+00,6.645222480967801e-01,-7.470805345941774e-01,-1.523582756301841e-02,6.980413551470860e-03
1609043780475222687,0,1609043780475222687,-3.450694561004639e+00,-1.163322687149048e+00,3.003391504287720e+00,6.653118084809473e-01,-7.460486957314677e-01,-2.196676381577947e-02,1.700007001894765e-02
1609043780681461700,0,1609043780681461700,-3.481459617614746e+00,-1.142481565475464e+00,2.932700634002686e+00,6.643985251589475e-01,-7.472238510889808e-01,-1.227641003718017e-02,8.966932974398094e-03
1609043780853481625,0,1609043780853481625,-3.512713193893433e+00,-1.115470528602600e+00,3.011678218841553e+00,6.664042185578264e-01,-7.455467385928648e-01,-7.533618832371809e-03,2.953413138021215e-03
1609043781059708260,0,1609043781059708260,-3.543197154998779e+00,-1.091688394546509e+00,2.980366945266724e+00,6.692384509564581e-01,-7.430407378502495e-01,-3.172147790220714e-03,-5.432630617965462e-04
1609043781266113074,0,1609043781266113074,-3.572208404541016e+00,-1.085077285766602e+00,2.923893213272095e+00,6.704083368512351e-01,-7.419672384826519e-01,-5.752838027618799e-03,2.045422552087270e-03
1609043781473050569,0,1609043781473050569,-3.602813959121704e+00,-1.079805970191956e+00,3.064155340194702e+00,-6.694708819873586e-01,7.428275772471572e-01,2.399198793493137e-03,3.189435269155982e-03
1609043781678869537,0,1609043781678869537,-3.661302566528320e+00,-1.057930588722229e+00,3.104801416397095e+00,-6.731536827401498e-01,7.373851399495687e-01,-3.698830923306433e-02,4.194210026939172e-02
1609043781851941640,0,1609043781851941640,-3.752557039260864e+00,-1.059983491897583e+00,2.997623205184937e+00,-6.756027890066610e-01,7.355970329562432e-01,-3.368097569051396e-02,3.637950616662713e-02
1609043782056623454,0,1609043782056623454,-3.890680074691772e+00,-1.059267401695251e+00,3.016855239868164e+00,-6.787909890757157e-01,7.339259771762339e-01,-1.568283153254064e-02,1.869497180110816e-02
1609043782262912764,0,1609043782262912764,-4.045414447784424e+00,-1.044718503952026e+00,3.036783456802368e+00,-6.842253164937159e-01,7.290212353662546e-01,-1.168069254545083e-02,1.507700486810982e-02
1609043782469054634,0,1609043782469054634,-4.215696334838867e+00,-1.060459613800049e+00,3.128748178482056e+00,-6.882997509051033e-01,7.250670852953894e-01,-1.388182371519773e-02,1.812373293671557e-02
1609043782675472373,0,1609043782675472373,-4.399260997772217e+00,-1.056277871131897e+00,3.044484376907349e+00,-6.927433497976664e-01,7.211408355698162e-01,-9.094021651414935e-04,7.856180527295116e-03
1609043782881762002,0,1609043782881762002,-4.587832450866699e+00,-1.062148690223694e+00,3.085718870162964e+00,-7.053606441999437e-01,7.087866668368822e-01,5.410055134977779e-03,7.652047539009407e-03
1609043783053815371,0,1609043783053815371,-4.774922370910645e+00,-1.078700065612793e+00,3.094470977783203e+00,-7.171059385616422e-01,6.968655900074687e-01,7.675814069578418e-03,8.860260805312678e-03
1609043783259648627,0,1609043783259648627,-4.963781356811523e+00,-1.108497977256775e+00,3.153696060180664e+00,-7.267712579025881e-01,6.867531198373945e-01,6.309174924338171e-03,1.157088553521605e-02
1609043783465925672,0,1609043783465925672,-5.162824630737305e+00,-1.142708301544189e+00,3.131240129470825e+00,-7.331086578546145e-01,6.799965982283716e-01,5.663603971106324e-03,1.114655850506431e-02
1609043783672127910,0,1609043783672127910,-5.361637115478516e+00,-1.184626579284668e+00,3.220364809036255e+00,-7.401938537064801e-01,6.722339120335438e-01,4.384103348549373e-03,1.397877265917240e-02
1609043783878036155,0,1609043783878036155,-5.562476158142090e+00,-1.244864344596863e+00,3.232067823410034e+00,-7.435063435437078e-01,6.686080171239986e-01,7.557348786829414e-03,1.022365038011178e-02
1609043784051394284,0,1609043784051394284,-5.757339954376221e+00,-1.309571146965027e+00,3.181456089019775e+00,7.435668446906909e-01,-6.674049489037549e-01,-3.429470211777313e-02,2.242443002975508e-02
1609043784256382394,0,1609043784256382394,-5.930689334869385e+00,-1.380647778511047e+00,3.166610002517700e+00,7.430577572042538e-01,-6.678908577262270e-01,-3.185213593423625e-02,2.779232017547165e-02
1609043784462613432,0,1609043784462613432,-6.070792198181152e+00,-1.453346490859985e+00,3.338536739349365e+00,7.432048922553246e-01,-6.685081758103920e-01,-2.246120137498368e-02,1.545320145489934e-02
1609043784668759939,0,1609043784668759939,-6.189097404479980e+00,-1.516684055328369e+00,3.268194198608398e+00,7.431267178117524e-01,-6.688361936738063e-01,-1.971981240085510e-02,5.652990813864593e-03
1609043784874894252,0,1609043784874894252,-6.301141738891602e+00,-1.593886971473694e+00,3.222369432449341e+00,7.428180110346924e-01,-6.692608966601943e-01,-1.753583622568568e-02,1.936267523492049e-03
1609043785081002929,0,1609043785081002929,-6.398325443267822e+00,-1.678114891052246e+00,3.299504995346069e+00,7.427445889185530e-01,-6.694638864101740e-01,-1.206696693752426e-02,-1.723001370861585e-03
1609043785252884326,0,1609043785252884326,-6.499890804290771e+00,-1.772191047668457e+00,3.262305974960327e+00,-7.423219305461792e-01,6.697995487640753e-01,1.204149352978198e-02,1.348029447775559e-02
1609043785459396606,0,1609043785459396606,-6.603827476501465e+00,-1.877777934074402e+00,3.295820713043213e+00,-7.417502760210825e-01,6.702928867074536e-01,1.160389269297887e-02,1.947623491351912e-02
1609043785665481283,0,1609043785665481283,-6.703627586364746e+00,-1.990452766418457e+00,3.209200620651245e+00,7.421159201962791e-01,-6.698834050929067e-01,-2.228704582536925e-02,4.844807606110099e-03
1609043785872243707,0,1609043785872243707,-6.790628910064697e+00,-2.115634679794312e+00,3.232374906539917e+00,7.420319453461632e-01,-6.700747728237353e-01,-1.947089362415460e-02,3.045523351552885e-03
1609043786078077768,0,1609043786078077768,-6.877624988555908e+00,-2.244015455245972e+00,3.247369050979614e+00,7.420460889520238e-01,-6.702630952689709e-01,-8.509063998424913e-03,-6.525398174376394e-03
1609043786251423177,0,1609043786251423177,-6.963635921478271e+00,-2.378337860107422e+00,3.154026746749878e+00,7.417788761975754e-01,-6.705155907306912e-01,-1.179039572411866e-02,-5.824773197560919e-03
1609043786456013397,0,1609043786456013397,-7.048034191131592e+00,-2.531353235244751e+00,3.226329803466797e+00,7.420350577074059e-01,-6.702840654326544e-01,-8.256416936963423e-03,5.922528142854473e-03
1609043786662234013,0,1609043786662234013,-7.135243415832520e+00,-2.666002511978149e+00,3.186020135879517e+00,7.418855187238581e-01,-6.697940390375693e-01,2.076019827344030e-02,2.346990722645822e-02
1609043786868310373,0,1609043786868310373,-7.217704772949219e+00,-2.776469230651855e+00,3.233039379119873e+00,-7.418865098554830e-01,6.701935674179202e-01,-1.672828048329718e-02,-1.285119909440323e-02
1609043787074752967,0,1609043787074752967,-7.304579734802246e+00,-2.878703355789185e+00,3.269837141036987e+00,-7.415833440342786e-01,6.708380488907426e-01,-4.121984766179510e-03,-3.669503097897854e-03
1609043787281135271,0,1609043787281135271,-7.399538993835449e+00,-2.975191116333008e+00,3.126698970794678e+00,7.412185119215898e-01,-6.706650653383804e-01,-1.677716414701514e-02,2.284763625835061e-02
1609043787453473169,0,1609043787453473169,-7.462993621826172e+00,-3.077858924865723e+00,3.259466886520386e+00,7.404371187853090e-01,-6.711799152999613e-01,-1.447981653883513e-02,3.256883995245478e-02
1609043787659672607,0,1609043787659672607,-7.518886566162109e+00,-3.128012180328369e+00,3.242054224014282e+00,7.445473810931227e-01,-6.671867372032964e-01,-8.720131050672309e-03,2.085699695188920e-02
1609043787865837715,0,1609043787865837715,-7.556701183319092e+00,-3.184389352798462e+00,3.184040069580078e+00,7.570115145168343e-01,-6.532845721469911e-01,-8.350025310711454e-03,9.116565195388750e-03
1609043788071850995,0,1609043788071850995,-7.598689556121826e+00,-3.253381490707397e+00,3.297427415847778e+00,7.622540911287570e-01,-6.469204668130726e-01,5.532311020481245e-03,2.078469895384439e-02
1609043788277497318,0,1609043788277497318,-7.622350692749023e+00,-3.311463356018066e+00,3.272934436798096e+00,7.626456665121163e-01,-6.466265004958391e-01,-1.395332463524352e-03,1.561439253094500e-02
1609043788450979453,0,1609043788450979453,-7.654994010925293e+00,-3.355787992477417e+00,3.213608026504517e+00,7.620928954254660e-01,-6.469964975081909e-01,-1.415953479688101e-02,2.023508162818424e-02
1609043788655954854,0,1609043788655954854,-7.669991493225098e+00,-3.394110679626465e+00,3.220679998397827e+00,7.617526017699356e-01,-6.465321394346664e-01,-2.332961208580428e-02,3.442231216366724e-02
1609043788862716929,0,1609043788862716929,-7.659455299377441e+00,-3.421728610992432e+00,3.239699363708496e+00,7.615561511481497e-01,-6.465802444592306e-01,-2.013878236498128e-02,3.950500687652118e-02
1609043789068675391,0,1609043789068675391,-7.631770133972168e+00,-3.432486295700073e+00,3.270681142807007e+00,7.618717754825114e-01,-6.467378021821981e-01,3.386807062935118e-03,3.563905848341278e-02
1609043789274547434,0,1609043789274547434,-7.572762012481689e+00,-3.407686710357666e+00,3.289070367813110e+00,7.610245507018996e-01,-6.454661103813549e-01,3.682075828321311e-03,6.481956414332672e-02
1609043789480506319,0,1609043789480506319,-7.497663021087646e+00,-3.358817577362061e+00,3.213083267211914e+00,7.601246589377448e-01,-6.456859062560171e-01,-1.890813008592863e-02,7.030430963871788e-02
1609043789652764277,0,1609043789652764277,-7.387411594390869e+00,-3.277284622192383e+00,3.305600881576538e+00,7.607299523540426e-01,-6.471644991568255e-01,-2.396020616549472e-02,4.351964088797462e-02
1609043789858910868,0,1609043789858910868,-7.255659580230713e+00,-3.186218738555908e+00,3.308758497238159e+00,7.605232044562636e-01,-6.479852250717768e-01,-2.882317938280488e-02,2.981321690998035e-02
1609043790065297455,0,1609043790065297455,-7.102274894714355e+00,-3.101056575775146e+00,3.220715999603271e+00,7.597823799253587e-01,-6.484786385903963e-01,-3.164092792607055e-02,3.471371669645133e-02
1609043790271492983,0,1609043790271492983,-6.909154891967773e+00,-3.001549243927002e+00,3.255670309066772e+00,7.597970326383851e-01,-6.485755960206295e-01,-2.888350088267529e-02,3.498440820066039e-02
1609043790478342062,0,1609043790478342062,-6.702817916870117e+00,-2.911229848861694e+00,3.170784235000610e+00,7.596788408263436e-01,-6.489486914712690e-01,-2.825552634632037e-02,3.090760212897265e-02
1609043790651108622,0,1609043790651108622,-6.475668907165527e+00,-2.808789253234863e+00,3.200159072875977e+00,7.604838851088110e-01,-6.489658480015686e-01,-8.326301624639567e-03,2.093469175003836e-02
1609043790855823972,0,1609043790855823972,-6.243515491485596e+00,-2.698490619659424e+00,3.159056425094604e+00,7.610438375414277e-01,-6.483127683693637e-01,5.394107886804732e-03,2.176546139125986e-02
1609043791062258304,0,1609043791062258304,-6.020006656646729e+00,-2.590366125106812e+00,3.131715297698975e+00,7.604022853367998e-01,-6.494000030227056e-01,-7.056093447904491e-03,4.267560654114691e-03
1609043791268207274,0,1609043791268207274,-5.796163082122803e+00,-2.482137680053711e+00,3.112085342407227e+00,7.603997273248210e-01,-6.492193457192412e-01,-1.685896502990008e-02,4.719229422161216e-03
1609043791474288688,0,1609043791474288688,-5.576204299926758e+00,-2.385236501693726e+00,3.079678058624268e+00,7.603150542893407e-01,-6.492914611242431e-01,-1.724288954678032e-02,6.655786371291185e-03
1609043791680395359,0,1609043791680395359,-5.346704006195068e+00,-2.295545101165771e+00,3.061913251876831e+00,7.602841914338405e-01,-6.493306446149866e-01,-1.604518872411571e-02,8.956234615324743e-03
1609043791852623014,0,1609043791852623014,-5.109882354736328e+00,-2.211787939071655e+00,3.039656162261963e+00,7.598799398731167e-01,-6.498286341589581e-01,-1.590603955208883e-02,7.226417597875933e-03
1609043792058614408,0,1609043792058614408,-4.875767707824707e+00,-2.138747692108154e+00,3.036085128784180e+00,7.596066153711653e-01,-6.501745551404787e-01,-1.570073860768166e-02,4.931991425022013e-03
1609043792264936899,0,1609043792264936899,-4.638978958129883e+00,-2.073679924011230e+00,3.031615972518921e+00,7.595395958728388e-01,-6.502498555940496e-01,-1.615680968516136e-02,3.699338054256132e-03
1609043792471275998,0,1609043792471275998,-4.398248672485352e+00,-2.016880750656128e+00,3.000242233276367e+00,7.593730923689113e-01,-6.503926504820353e-01,-1.822525893183519e-02,3.121974038546082e-03
1609043792677642091,0,1609043792677642091,-4.159353733062744e+00,-1.970105409622192e+00,3.052476167678833e+00,7.595119341153507e-01,-6.503678607894305e-01,-1.276678703866495e-02,5.260582177827227e-04
1609043792850853023,0,1609043792850853023,-3.916281223297119e+00,-1.932591080665588e+00,2.992088317871094e+00,7.594009784741697e-01,-6.504839134014638e-01,-1.303912350802577e-02,3.288397259003170e-03
1609043793055452122,0,1609043793055452122,-3.677724361419678e+00,-1.900596737861633e+00,2.990444421768188e+00,7.589247838354857e-01,-6.506804968194985e-01,-2.416453917817571e-02,-8.008656897278355e-03
1609043793261606905,0,1609043793261606905,-3.442899465560913e+00,-1.896438002586365e+00,2.967908382415771e+00,7.584768397563112e-01,-6.510950598247431e-01,-2.625642031567678e-02,-9.935140527432065e-03
1609043793468478050,0,1609043793468478050,-3.201624393463135e+00,-1.911576032638550e+00,2.983792304992676e+00,7.589843252427720e-01,-6.509382119446974e-01,-1.476092798310259e-02,-2.086449398325864e-03
1609043793674360562,0,1609043793674360562,-2.969851970672607e+00,-1.937481045722961e+00,2.982733488082886e+00,7.589729234407608e-01,-6.510163005705383e-01,-1.173642770275880e-02,3.662512983416376e-04
1609043793880814907,0,1609043793880814907,-2.739762306213379e+00,-1.968268394470215e+00,2.977229356765747e+00,7.588810925000464e-01,-6.511102849877836e-01,-1.239574586997947e-02,-1.108924429318769e-03
1609043794053179005,0,1609043794053179005,-2.509459733963013e+00,-2.011881351470947e+00,2.976156711578369e+00,7.589912901796783e-01,-6.510561872664787e-01,-2.444381519718119e-03,7.217163737188280e-03
1609043794258527163,0,1609043794258527163,-2.289622068405151e+00,-2.038378477096558e+00,2.975369930267334e+00,7.591566616573869e-01,-6.505187315712746e-01,1.163085728346638e-02,1.926826652720132e-02
1609043794464980084,0,1609043794464980084,-2.077177286148071e+00,-2.056098461151123e+00,2.945827722549438e+00,7.593590060624591e-01,-6.505532720223153e-01,1.021034753998342e-04,1.242295245801099e-02
1609043794671116043,0,1609043794671116043,-1.874732375144958e+00,-2.070537090301514e+00,3.026810884475708e+00,-7.585213534797626e-01,6.513999576618272e-01,-6.565870464151894e-03,1.674338133253234e-02
1609043794877412151,0,1609043794877412151,-1.692657470703125e+00,-2.098850727081299e+00,2.938475847244263e+00,-7.585479321506734e-01,6.515054550437461e-01,-1.011012513540218e-02,6.592575211956258e-03
1609043795050829135,0,1609043795050829135,-1.519548654556274e+00,-2.117903470993042e+00,2.952070236206055e+00,7.586341104974315e-01,-6.507459820467529e-01,2.213381301367822e-02,2.267261699172832e-02
1609043795255701153,0,1609043795255701153,-1.367052555084229e+00,-2.112931966781616e+00,2.945754766464233e+00,7.583067345971574e-01,-6.502154450682008e-01,3.024007922635638e-02,3.572546525577269e-02
1609043795461671896,0,1609043795461671896,-1.223484396934509e+00,-2.081279277801514e+00,2.928607940673828e+00,7.581371456747894e-01,-6.503078762565909e-01,3.084766275897337e-02,3.709657840063064e-02
1609043795667976653,0,1609043795667976653,-1.084486484527588e+00,-1.996991991996765e+00,2.982664108276367e+00,-7.587165528300681e-01,6.506009159889642e-01,-2.569752232017690e-02,-2.018112788183534e-02
1609043795874448878,0,1609043795874448878,-9.625536203384399e-01,-1.924826860427856e+00,3.063564777374268e+00,-7.576370456211777e-01,6.518462394811924e-01,-2.705307011748303e-02,1.872748178105737e-02
1609043796080816168,0,1609043796080816168,-8.725617527961731e-01,-1.829812884330750e+00,2.944696903228760e+00,-7.588223168878284e-01,6.507640606150275e-01,-1.940049667952540e-02,1.784515433995162e-02
1609043796253807688,0,1609043796253807688,-8.088256120681763e-01,-1.759162425994873e+00,2.917466640472412e+00,-7.644934668252439e-01,6.445857396478427e-01,-7.671839915566662e-03,-3.260313992652281e-04
1609043796459084999,0,1609043796459084999,-7.453547120094299e-01,-1.672582030296326e+00,2.937688589096069e+00,7.708870861018355e-01,-6.369563350039669e-01,-3.111396675003001e-03,3.169698797401924e-03
1609043796665295764,0,1609043796665295764,-6.910271048545837e-01,-1.599109172821045e+00,2.937700271606445e+00,7.787411783177720e-01,-6.272991582649668e-01,-7.555379008183994e-03,-9.270816332985045e-04
1609043796871471398,0,1609043796871471398,-6.269070506095886e-01,-1.545448303222656e+00,2.957312345504761e+00,7.861551091425734e-01,-6.179588358296996e-01,-8.712416709277204e-03,-3.333974222270858e-03
1609043797077728812,0,1609043797077728812,-5.814468860626221e-01,-1.460839271545410e+00,2.960452318191528e+00,-8.005842069856763e-01,5.990693969058585e-01,-8.742643141463812e-04,1.341718591493505e-02
1609043797251004340,0,1609043797251004340,-5.416315793991089e-01,-1.419229269027710e+00,2.941252231597900e+00,-8.132865657759319e-01,5.816190839648452e-01,-5.969475931552159e-03,1.576605383054008e-02
1609043797455689628,0,1609043797455689628,-5.193100571632385e-01,-1.377142786979675e+00,2.923959732055664e+00,-8.240484086268587e-01,5.662798769311788e-01,-7.904676237507454e-03,1.445120465327962e-02
1609043797661819347,0,1609043797661819347,-5.069813728332520e-01,-1.348750114440918e+00,2.920203924179077e+00,-8.333805186300089e-01,5.525223693988586e-01,-8.126056347273354e-03,1.139779321138585e-02
1609043797868070297,0,1609043797868070297,-5.156756043434143e-01,-1.323368310928345e+00,2.906767368316650e+00,-8.416245524947095e-01,5.399547773278945e-01,-6.646319773555918e-03,8.530973703596838e-03
1609043798074762517,0,1609043798074762517,-5.390188097953796e-01,-1.282324552536011e+00,2.901320219039917e+00,-8.506365434712158e-01,5.257050830693226e-01,-4.227442775986047e-03,5.810789446789636e-03
1609043798280646775,0,1609043798280646775,-5.659719705581665e-01,-1.280566215515137e+00,2.896685838699341e+00,-8.564552844948958e-01,5.161914189538075e-01,-2.616674615565002e-03,4.890569821401184e-03
1609043798452599884,0,1609043798452599884,-6.052972674369812e-01,-1.277568101882935e+00,2.892165422439575e+00,-8.608072310439348e-01,5.088840443473572e-01,-2.998465599277737e-03,6.240961079903087e-03
1609043798658952053,0,1609043798658952053,-6.491881012916565e-01,-1.269034147262573e+00,2.896930456161499e+00,-8.664962213242560e-01,4.991024163249435e-01,-2.728900109870636e-03,8.580766491363244e-03
1609043798865325358,0,1609043798865325358,-7.075657844543457e-01,-1.247663378715515e+00,2.904570817947388e+00,-8.752212179841160e-01,4.836449803266543e-01,-1.222439190212102e-03,8.594081548185473e-03
1609043799071181937,0,1609043799071181937,-7.724737524986267e-01,-1.246227860450745e+00,2.909817457199097e+00,-8.825463553410793e-01,4.701572529561573e-01,-4.912150001227999e-04,7.990423938744376e-03
1609043799277304577,0,1609043799277304577,-8.440937399864197e-01,-1.257086873054504e+00,2.913856267929077e+00,-8.867045525905205e-01,4.622531888035070e-01,-1.183596287649422e-03,8.696261039208791e-03
1609043799450867225,0,1609043799450867225,-9.226840734481812e-01,-1.284669995307922e+00,2.910193204879761e+00,8.884564268560426e-01,-4.589316085380135e-01,-4.955169199181604e-03,-1.550019713560804e-03
1609043799655670570,0,1609043799655670570,-1.003980040550232e+00,-1.302628874778748e+00,2.943040609359741e+00,8.889201171403489e-01,-4.579895157194301e-01,-7.223883908577897e-03,3.800570423712925e-03
1609043799861949666,0,1609043799861949666,-1.072335243225098e+00,-1.310147166252136e+00,2.920151948928833e+00,8.897466360356306e-01,-4.562102711564072e-01,-1.012698351995660e-02,1.097981600315520e-02
1609043800068411901,0,1609043800068411901,-1.137561798095703e+00,-1.317152142524719e+00,2.952418327331543e+00,8.903980716702763e-01,-4.550005552412161e-01,-8.923178130231838e-03,9.281464760191213e-03
1609043800274588114,0,1609043800274588114,-1.192774295806885e+00,-1.334446549415588e+00,2.948390722274780e+00,8.909306146757637e-01,-4.539866240722426e-01,-1.040774269232824e-02,5.519410204396138e-03
1609043800480805766,0,1609043800480805766,-1.239066600799561e+00,-1.336600422859192e+00,2.892610311508179e+00,8.920211177421081e-01,-4.516196094479026e-01,-1.593250721202744e-02,9.176550451153159e-03
1609043800652914977,0,1609043800652914977,-1.282136082649231e+00,-1.342527389526367e+00,2.884073734283447e+00,8.935827269107629e-01,-4.484608682118439e-01,-1.749651653569505e-02,9.307618305465511e-03
1609043800859307596,0,1609043800859307596,-1.313025712966919e+00,-1.347252130508423e+00,2.879962205886841e+00,8.962761411675791e-01,-4.431997956431395e-01,-1.494057796576472e-02,6.308648483001098e-03
1609043801065475762,0,1609043801065475762,-1.323289871215820e+00,-1.334011435508728e+00,2.927679538726807e+00,9.039897045544164e-01,-4.273654242619991e-01,-1.259309324812458e-02,1.679942684841464e-03
1609043801271588114,0,1609043801271588114,-1.340564846992493e+00,-1.332165241241455e+00,2.887285709381104e+00,9.103970876799751e-01,-4.134764474628389e-01,-1.324251255801570e-02,6.245478242740752e-03
1609043801478188460,0,1609043801478188460,-1.341791629791260e+00,-1.331446766853333e+00,2.886613368988037e+00,9.162091023875639e-01,-4.004471552993339e-01,-1.342026040262176e-02,4.780494281081659e-03
1609043801651221443,0,1609043801651221443,-1.338868498802185e+00,-1.339200973510742e+00,2.865922451019287e+00,9.217031660939897e-01,-3.876168937789228e-01,-1.380336152916014e-02,5.087679234149367e-03
1609043801855897078,0,1609043801855897078,-1.329027771949768e+00,-1.346676945686340e+00,2.874350309371948e+00,9.268407269914706e-01,-3.752009591911453e-01,-1.360195111115038e-02,2.343915087307261e-03
1609043802062447258,0,1609043802062447258,-1.312030434608459e+00,-1.333135008811951e+00,2.890766382217407e+00,9.332014926524775e-01,-3.591574104249700e-01,-1.177263713330191e-02,-1.527633118649954e-03
1609043802268678347,0,1609043802268678347,-1.298397183418274e+00,-1.335248708724976e+00,2.886759757995605e+00,9.395970425583680e-01,-3.421000915483637e-01,-1.065204857019027e-02,-3.385090756214076e-03
1609043802474910300,0,1609043802474910300,-1.272643089294434e+00,-1.341612577438354e+00,2.931918859481812e+00,-9.446403917441394e-01,3.277182703827043e-01,9.590999036953683e-03,1.277803898573429e-02
1609043802680904382,0,1609043802680904382,-1.254798769950867e+00,-1.355955243110657e+00,2.938296079635620e+00,-9.492199221213770e-01,3.140188791017960e-01,1.050192891052182e-02,1.622937166673065e-02
1609043802852956455,0,1609043802852956455,-1.246304392814636e+00,-1.396868586540222e+00,2.864393711090088e+00,9.534645948263430e-01,-3.012426652115212e-01,-1.223739698400264e-02,2.892954191257238e-03
1609043803059287513,0,1609043803059287513,-1.214924216270447e+00,-1.430353403091431e+00,2.888959646224976e+00,9.566612296138841e-01,-2.907840154220515e-01,-4.536064388955283e-03,1.494564312897099e-02
1609043803265784927,0,1609043803265784927,-1.203798055648804e+00,-1.437779903411865e+00,2.902858972549438e+00,-9.612129552671610e-01,2.758048360979917e-01,-1.152377613338636e-03,-1.379759645913630e-04
1609043803471472537,0,1609043803471472537,-1.193345427513123e+00,-1.451486587524414e+00,2.925025463104248e+00,-9.659830571739360e-01,2.581052036645754e-01,2.406189690029225e-03,1.589488425060161e-02
1609043803677346056,0,1609043803677346056,-1.198188900947571e+00,-1.472404718399048e+00,2.867501735687256e+00,-9.705390167626707e-01,2.408350707666126e-01,6.327177767796240e-03,3.528803151734586e-03
1609043803850792189,0,1609043803850792189,-1.184001922607422e+00,-1.498696088790894e+00,2.929729461669922e+00,-9.739779587296904e-01,2.264621742370460e-01,6.859434744202158e-03,5.896414466889581e-03
1609043804056001992,0,1609043804056001992,-1.198270082473755e+00,-1.523881316184998e+00,2.910554409027100e+00,9.773137282116620e-01,-2.116399047016858e-01,-7.084312952739109e-03,4.029875540347058e-03
1609043804262452272,0,1609043804262452272,-1.195185542106628e+00,-1.538387537002563e+00,2.915476322174072e+00,9.804917438179248e-01,-1.961824442895864e-01,-1.074200848244803e-02,5.744398246233648e-03
1609043804468301876,0,1609043804468301876,-1.184148073196411e+00,-1.565883994102478e+00,2.915193319320679e+00,9.829456078686258e-01,-1.835074004344516e-01,-9.830909694416655e-03,6.805818991690278e-03
1609043804674468832,0,1609043804674468832,-1.194886565208435e+00,-1.571554660797119e+00,2.911410093307495e+00,9.861141258163360e-01,-1.656354133842478e-01,-3.160922699529388e-03,1.156932436232014e-02
1609043804880799621,0,1609043804880799621,-1.197414517402649e+00,-1.566147327423096e+00,2.950254201889038e+00,9.888893130040950e-01,-1.480095043992610e-01,7.644661088615168e-03,1.151835016893184e-02
1609043805052856273,0,1609043805052856273,-1.209151506423950e+00,-1.557580351829529e+00,2.943616151809692e+00,9.906002958094559e-01,-1.361243958008947e-01,1.100815373590469e-02,7.747474516668006e-03
1609043805259147624,0,1609043805259147624,-1.237243294715881e+00,-1.549075245857239e+00,2.881277084350586e+00,-9.920537592604620e-01,1.257257459144545e-01,8.331845835007016e-04,4.656324182114431e-03
1609043805465379573,0,1609043805465379573,-1.276748061180115e+00,-1.528603076934814e+00,2.904704332351685e+00,-9.938403676858615e-01,1.102862472086317e-01,9.153287706620090e-03,5.872355475255442e-03
1609043805671424980,0,1609043805671424980,-1.305728435516357e+00,-1.523947834968567e+00,2.847552299499512e+00,-9.950272069747701e-01,9.928072173097958e-02,6.774376137785774e-03,4.278259051034302e-03
1609043805877415346,0,1609043805877415346,-1.341504573822021e+00,-1.498962044715881e+00,2.916266202926636e+00,9.952981837504324e-01,-8.883751184870162e-02,3.446608027089929e-02,1.736407850655923e-02
1609043806050932504,0,1609043806050932504,-1.416185617446899e+00,-1.466329574584961e+00,2.932246923446655e+00,9.955224621058074e-01,-7.978840418784279e-02,4.813038270346871e-02,1.588408828879627e-02
1609043806255954275,0,1609043806255954275,-1.538351655006409e+00,-1.415178775787354e+00,2.853194952011108e+00,-9.974670973837585e-01,7.057786754907545e-02,-8.137704634862410e-03,3.454274499853776e-03
1609043806462105189,0,1609043806462105189,-1.656559705734253e+00,-1.366877198219299e+00,2.848910331726074e+00,-9.973781276343788e-01,6.201116140242804e-02,2.989344937591364e-02,2.231295727760891e-02
1609043806668401631,0,1609043806668401631,-1.757798910140991e+00,-1.338301539421082e+00,2.802852392196655e+00,-9.983285093961648e-01,5.109283046163876e-02,2.684042934184020e-02,3.049812288587252e-03
1609043806874466850,0,1609043806874466850,-1.840346813201904e+00,-1.300622940063477e+00,2.809912919998169e+00,9.989333430152280e-01,-4.366085209366009e-02,-1.486668753176962e-02,2.210838915211459e-03
1609043807080403135,0,1609043807080403135,-1.917578220367432e+00,-1.256010890007019e+00,2.802460670471191e+00,9.993336927586671e-01,-3.634192066618248e-02,-2.642720492520993e-03,2.109821797445579e-03
1609043807253485715,0,1609043807253485715,-2.006501197814941e+00,-1.202905297279358e+00,2.821975946426392e+00,-9.996824996379012e-01,2.267539942194347e-02,7.536100818716912e-03,7.995834116793343e-03
1609043807459035126,0,1609043807459035126,-2.096786975860596e+00,-1.161349177360535e+00,2.814324855804443e+00,-9.997383239102443e-01,6.454864115534129e-03,1.550834529570697e-02,1.552770622385247e-02
1609043807665188588,0,1609043807665188588,-2.169259548187256e+00,-1.123175859451294e+00,2.803972959518433e+00,-9.996951321059907e-01,-8.163524779059706e-03,1.520252085576178e-02,1.766021139165289e-02
1609043807871641183,0,1609043807871641183,-2.237813711166382e+00,-1.104466557502747e+00,2.775843620300293e+00,-9.996837462797439e-01,-1.556204959834039e-02,1.249627844295874e-02,1.529944644331374e-02
1609043808077812376,0,1609043808077812376,-2.299439907073975e+00,-1.078116774559021e+00,2.749804019927979e+00,-9.995069082163632e-01,-2.668258558817592e-02,9.823586872642643e-03,1.332205671252346e-02
1609043808251092594,0,1609043808251092594,-2.367672920227051e+00,-1.065285682678223e+00,2.725796461105347e+00,-9.991777319130830e-01,-3.752264013153488e-02,8.119649787991866e-03,1.303774573716520e-02
1609043808455926180,0,1609043808455926180,-2.443577051162720e+00,-1.055692076683044e+00,2.726268768310547e+00,-9.986615542609880e-01,-4.879684774205044e-02,6.861165407570401e-03,1.571280053704988e-02
1609043808661953114,0,1609043808661953114,-2.504223585128784e+00,-1.055366754531860e+00,2.674078702926636e+00,-9.983641454863439e-01,-5.612155554825871e-02,9.817072555815966e-03,4.798864094743170e-03
1609043808868020009,0,1609043808868020009,-2.563769340515137e+00,-1.050023198127747e+00,2.683156490325928e+00,9.980888315716634e-01,6.145218754795578e-02,-6.250113964104785e-03,1.802501849745830e-03
1609043809073830607,0,1609043809073830607,-2.626793622970581e+00,-1.037829160690308e+00,2.672637224197388e+00,-9.978075549580779e-01,-6.495114655114800e-02,8.267495421938793e-03,9.647815800559885e-03
1609043809280399754,0,1609043809280399754,-2.698064327239990e+00,-1.030300974845886e+00,2.671569585800171e+00,-9.973056668180147e-01,-7.148781669505391e-02,1.175326406056092e-02,1.152214306334527e-02
1609043809452479814,0,1609043809452479814,-2.752784729003906e+00,-1.025811314582825e+00,2.691820144653320e+00,-9.965609289343871e-01,-8.038909658376799e-02,1.473561326249856e-02,1.366637382977953e-02
1609043809658698128,0,1609043809658698128,-2.803109169006348e+00,-1.029009938240051e+00,2.681379556655884e+00,-9.962810388187663e-01,-8.459035463830257e-02,1.378178411091380e-02,8.867131389935197e-03
1609043809865196966,0,1609043809865196966,-2.856303691864014e+00,-1.023123383522034e+00,2.708405971527100e+00,-9.951419612223590e-01,-9.673924072174554e-02,1.376366768935679e-02,1.202321798997067e-02
1609043810071222535,0,1609043810071222535,-2.907827138900757e+00,-1.023971676826477e+00,2.721301317214966e+00,-9.930555961371508e-01,-1.159615682439803e-01,1.512209971484830e-02,1.283821526923403e-02
1609043810277059353,0,1609043810277059353,-2.947761058807373e+00,-1.026081562042236e+00,2.731095552444458e+00,-9.910744807318798e-01,-1.318284465784823e-01,1.428192448638563e-02,1.373539033680661e-02
1609043810450794463,0,1609043810450794463,-2.984821557998657e+00,-1.030556917190552e+00,2.744819641113281e+00,-9.894039843298443e-01,-1.438599295229894e-01,1.504518364374384e-02,1.255861931088088e-02
1609043810655092741,0,1609043810655092741,-3.019209861755371e+00,-1.038923382759094e+00,2.751748800277710e+00,-9.876127793805467e-01,-1.556548925545505e-01,1.569624678472456e-02,1.209050308862375e-02
1609043810861840937,0,1609043810861840937,-3.047152280807495e+00,-1.055302381515503e+00,2.760958671569824e+00,-9.857207873406518e-01,-1.672158351536190e-01,1.585529635457454e-02,1.191652029377788e-02
1609043811068113971,0,1609043811068113971,-3.065702676773071e+00,-1.071314573287964e+00,2.755853414535522e+00,-9.838306076806284e-01,-1.779126476833322e-01,1.631883786364059e-02,1.257460599192957e-02
1609043811274676528,0,1609043811274676528,-3.093170404434204e+00,-1.087324261665344e+00,2.749427556991577e+00,-9.801949896552251e-01,-1.968511528019841e-01,1.725503103394230e-02,1.302573603834352e-02
1609043811480587506,0,1609043811480587506,-3.100788354873657e+00,-1.101476669311523e+00,2.755181312561035e+00,-9.760827281105742e-01,-2.161907184428909e-01,1.826887309497603e-02,1.379599286768882e-02
1609043811652388087,0,1609043811652388087,-3.104927539825439e+00,-1.122074723243713e+00,2.752719879150391e+00,-9.733113157877530e-01,-2.282604641100028e-01,1.908829548903205e-02,1.406698472035172e-02
1609043811858486860,0,1609043811858486860,-3.095540523529053e+00,-1.147691369056702e+00,2.753549098968506e+00,-9.709356333562814e-01,-2.379977213605649e-01,2.006025148764592e-02,1.544884514996430e-02
1609043812064721343,0,1609043812064721343,-3.081303119659424e+00,-1.169846892356873e+00,2.778723239898682e+00,-9.685903764416606e-01,-2.472114533572429e-01,2.108660420485316e-02,1.656910126439929e-02
1609043812271376163,0,1609043812271376163,-3.059311866760254e+00,-1.199643731117249e+00,2.780052185058594e+00,-9.663910715735529e-01,-2.557153853709871e-01,2.149292627004213e-02,1.536205024852731e-02
1609043812477892028,0,1609043812477892028,-3.024045705795288e+00,-1.224462151527405e+00,2.794731140136719e+00,-9.632612483211878e-01,-2.672214376583190e-01,2.242105413702451e-02,1.475693294397536e-02
1609043812650984169,0,1609043812650984169,-2.993382692337036e+00,-1.260463833808899e+00,2.824990034103394e+00,-9.577797613699500e-01,-2.857100574835230e-01,2.701672388924239e-02,1.725654638611575e-02
1609043812855676694,0,1609043812855676694,-2.940296888351440e+00,-1.280817270278931e+00,2.813804149627686e+00,-9.528025453207343e-01,-3.031181650068717e-01,1.571559797526849e-02,6.301400913840808e-03
1609043813062174752,0,1609043813062174752,-2.883788824081421e+00,-1.304410934448242e+00,2.842872858047485e+00,-9.501562169365955e-01,-3.115046504212898e-01,1.226723631715614e-02,4.187015140477250e-03
1609043813267910306,0,1609043813267910306,-2.833086013793945e+00,-1.327950358390808e+00,2.826816082000732e+00,-9.477836342729646e-01,-3.185423444677450e-01,1.503872057019786e-02,3.285463275589142e-03
1609043813474116041,0,1609043813474116041,-2.763591527938843e+00,-1.334923982620239e+00,2.837455034255981e+00,-9.467191430077997e-01,-3.215074108464052e-01,1.737947650384700e-02,7.335041231660230e-03
1609043813680480196,0,1609043813680480196,-2.705265998840332e+00,-1.353582859039307e+00,2.826099872589111e+00,-9.449402851558074e-01,-3.268380034127533e-01,1.626975393001601e-02,2.685551773541897e-04
1609043813852456434,0,1609043813852456434,-2.646901369094849e+00,-1.353122115135193e+00,2.830256223678589e+00,-9.408417587206764e-01,-3.385505644359773e-01,1.414181561859667e-02,5.562539667028424e-04
1609043814058526700,0,1609043814058526700,-2.584842205047607e+00,-1.340556502342224e+00,2.821124076843262e+00,-9.371880204316028e-01,-3.487328065160111e-01,4.949769632192636e-03,6.288386084550711e-03
1609043814264677034,0,1609043814264677034,-2.534313201904297e+00,-1.332789421081543e+00,2.820206642150879e+00,-9.350833528177294e-01,-3.544208447562744e-01,-1.538854792511468e-03,1.618644905459298e-03
1609043814471095558,0,1609043814471095558,-2.491078615188599e+00,-1.321695685386658e+00,2.777302742004395e+00,9.333281861782619e-01,3.588683304979677e-01,9.563825291453710e-03,4.533375849371572e-03
1609043814676912372,0,1609043814676912372,-2.473533391952515e+00,-1.303541779518127e+00,2.830850601196289e+00,9.300238674918104e-01,3.673574426618924e-01,9.780809630090944e-03,2.907056839810625e-03
1609043814850589737,0,1609043814850589737,-2.463732719421387e+00,-1.280940771102905e+00,2.789098501205444e+00,9.277388953423994e-01,3.731369050405253e-01,4.006428431676425e-03,7.303471562515116e-03
1609043815055409710,0,1609043815055409710,-2.478255033493042e+00,-1.257753491401672e+00,2.787911653518677e+00,9.235392730131980e-01,3.832496839583559e-01,3.733442938642231e-03,1.345185310274339e-02
1609043815261172403,0,1609043815261172403,-2.508744239807129e+00,-1.221780538558960e+00,2.791473150253296e+00,9.201714918022378e-01,3.914896055379855e-01,1.942188196233032e-04,4.502966711732942e-03
1609043815467566372,0,1609043815467566372,-2.542744398117065e+00,-1.182029724121094e+00,2.824987411499023e+00,-9.172410771637465e-01,-3.982042107329989e-01,5.680954874708632e-03,8.362994063775534e-03
1609043815673728692,0,1609043815673728692,-2.576899528503418e+00,-1.141903996467590e+00,2.824144363403320e+00,-9.164587920591385e-01,-3.992399794067841e-01,5.719494168659222e-03,2.603859994757286e-02
1609043815880105878,0,1609043815880105878,-2.613385677337646e+00,-1.113297700881958e+00,2.764569520950317e+00,-9.134770567444300e-01,-4.061362616183088e-01,-1.015494698339968e-02,2.258054144616770e-02
1609043816052030304,0,1609043816052030304,-2.660490751266479e+00,-1.100607633590698e+00,2.771702766418457e+00,-9.117148402292242e-01,-4.104250322438946e-01,-8.240115580210493e-03,1.610725018813079e-02
1609043816258255306,0,1609043816258255306,-2.718923807144165e+00,-1.110524058341980e+00,2.739841222763062e+00,-9.086304863363364e-01,-4.174822547786612e-01,7.619188085232994e-04,9.931048527085937e-03
1609043816464266107,0,1609043816464266107,-2.781165122985840e+00,-1.114076137542725e+00,2.751169443130493e+00,-9.029325464521848e-01,-4.296773098540616e-01,7.322755619003636e-04,9.470466010255568e-03
1609043816670955303,0,1609043816670955303,-2.846553325653076e+00,-1.121949434280396e+00,2.751685619354248e+00,-8.977800515932263e-01,-4.403718774245866e-01,2.689752348613227e-03,7.506914620008409e-03
1609043816876924194,0,1609043816876924194,-2.914382696151733e+00,-1.131163597106934e+00,2.800317764282227e+00,-8.940966477858754e-01,-4.476854337044086e-01,4.685326101786200e-03,1.212371998505636e-02
1609043817049949596,0,1609043817049949596,-2.979020833969116e+00,-1.139864206314087e+00,2.747879028320312e+00,-8.907773220435551e-01,-4.538989400390819e-01,1.539225517823023e-02,1.595597834163162e-02
1609043817254867278,0,1609043817254867278,-3.041354417800903e+00,-1.149457097053528e+00,2.780376672744751e+00,-8.880568586924773e-01,-4.596114412098191e-01,8.022380349185057e-03,6.926777881212716e-03
1609043817461321142,0,1609043817461321142,-3.100026369094849e+00,-1.159681916236877e+00,2.784034252166748e+00,-8.838511625728093e-01,-4.675817912184931e-01,1.221089481255612e-02,5.028417989359266e-03
1609043817667581879,0,1609043817667581879,-3.157965183258057e+00,-1.170798659324646e+00,2.818807125091553e+00,-8.796764394031337e-01,-4.751981695678129e-01,1.787408534916764e-02,6.048030369941186e-03
1609043817873587777,0,1609043817873587777,-3.208812713623047e+00,-1.164120435714722e+00,2.798738956451416e+00,-8.782574450817858e-01,-4.779680477695417e-01,1.450304380203127e-02,2.592108475438859e-04
1609043818079823388,0,1609043818079823388,-3.256673097610474e+00,-1.151667952537537e+00,2.771963119506836e+00,8.783667393281154e-01,4.778500681990123e-01,-9.957862783014788e-03,5.659022273215060e-03
1609043818251766233,0,1609043818251766233,-3.302035331726074e+00,-1.128138899803162e+00,2.862694978713989e+00,-8.783622230256319e-01,-4.773759601486633e-01,2.208642041274399e-02,1.020724580693966e-02
1609043818458000691,0,1609043818458000691,-3.344070196151733e+00,-1.127235054969788e+00,2.792599916458130e+00,-8.771944439061263e-01,-4.797789489459425e-01,1.762539995536554e-02,5.604730587812808e-03
1609043818663446240,0,1609043818663446240,-3.371180772781372e+00,-1.051393389701843e+00,2.839507579803467e+00,-8.811557636413969e-01,-4.721195225807868e-01,2.226837322751756e-02,1.310710316723758e-02
1609043818870006602,0,1609043818870006602,-3.378829717636108e+00,-1.038437962532043e+00,2.846428394317627e+00,-8.957700854702308e-01,-4.437523749430972e-01,2.233026127901388e-02,1.345894276037022e-02
1609043819076846742,0,1609043819076846742,-3.376601219177246e+00,-1.018030762672424e+00,2.846137762069702e+00,-9.054487384959778e-01,-4.237236211458609e-01,2.150310098378913e-02,1.258934021950286e-02
1609043819250792983,0,1609043819250792983,-3.378038167953491e+00,-9.841815829277039e-01,2.864886045455933e+00,-9.062755573798307e-01,-4.219651383994223e-01,2.148391400532301e-02,1.218513481441706e-02
1609043819455277669,0,1609043819455277669,-3.366657018661499e+00,-9.395989179611206e-01,2.874418258666992e+00,-9.056836897402667e-01,-4.231456790043194e-01,2.439505292230216e-02,9.469417687893535e-03
1609043819661299007,0,1609043819661299007,-3.349806308746338e+00,-8.971626758575439e-01,2.929889678955078e+00,-9.058609370309159e-01,-4.231422533685181e-01,9.401309801321865e-03,1.667967474813305e-02
1609043819867316869,0,1609043819867316869,-3.321484327316284e+00,-8.592241406440735e-01,2.994747161865234e+00,-9.056826758222797e-01,-4.232231079994493e-01,2.119471798855693e-02,1.311012967393238e-02
1609043820073423974,0,1609043820073423974,-3.286943435668945e+00,-8.190081119537354e-01,3.112553596496582e+00,-9.055763840735560e-01,-4.228241375463405e-01,3.209134505127367e-02,1.101394067792443e-02
1609043820279755090,0,1609043820279755090,-3.236528635025024e+00,-7.696210741996765e-01,3.127444028854370e+00,-9.058045390457895e-01,-4.231891607796456e-01,6.471021223531005e-03,1.967732519903666e-02
1609043820452041717,0,1609043820452041717,-3.191054105758667e+00,-7.311267256736755e-01,3.162374734878540e+00,-9.058007510292133e-01,-4.228309771822073e-01,-8.781579263792831e-03,2.572640736065477e-02
1609043820658210229,0,1609043820658210229,-3.158223628997803e+00,-7.224093675613403e-01,3.216255903244019e+00,-9.059812124208619e-01,-4.227893332160096e-01,6.597182395082961e-04,2.113734209950227e-02
1609043820864470499,0,1609043820864470499,-3.120813369750977e+00,-7.089461684226990e-01,3.196725606918335e+00,-9.059924080266172e-01,-4.227005667566785e-01,-2.216931657470391e-03,2.229512672627193e-02
1609043821070601118,0,1609043821070601118,-3.094156026840210e+00,-7.130098342895508e-01,3.201182365417480e+00,-9.058788982453232e-01,-4.224065618333708e-01,-1.556994503439801e-02,2.671507150610059e-02
1609043821276831032,0,1609043821276831032,-3.073832988739014e+00,-7.385351061820984e-01,3.212152242660522e+00,-9.059646380641767e-01,-4.222460863325796e-01,-1.522023532805151e-02,2.654546271256391e-02
1609043821450373035,0,1609043821450373035,-3.069743633270264e+00,-7.931619882583618e-01,3.272625207901001e+00,-9.062712458277724e-01,-4.223158441214129e-01,4.359743227520193e-03,1.739969622683108e-02
1609043821655277850,0,1609043821655277850,-3.059410810470581e+00,-8.412747383117676e-01,3.223697900772095e+00,-9.061094738994270e-01,-4.224109100123823e-01,2.136369067755834e-02,8.845175682183123e-03
1609043821861623628,0,1609043821861623628,-3.039956092834473e+00,-8.782359957695007e-01,3.203962087631226e+00,-9.060494988973762e-01,-4.223680232655666e-01,2.497227417589414e-02,7.479571714688259e-03
1609043822067582918,0,1609043822067582918,-3.016170978546143e+00,-9.044854044914246e-01,3.160395383834839e+00,-9.063078408825177e-01,-4.222371770761987e-01,4.028228083847063e-03,1.748248346478128e-02
1609043822273912991,0,1609043822273912991,-2.991871833801270e+00,-9.435020685195923e-01,3.182649612426758e+00,-9.058599837113633e-01,-4.214732320345222e-01,-2.758295134545268e-02,3.189334388076385e-02
1609043822480259569,0,1609043822480259569,-3.000225305557251e+00,-1.023392677307129e+00,3.166201591491699e+00,-9.060618994151735e-01,-4.212842203664253e-01,-2.587593294880358e-02,3.003125359438651e-02
1609043822652978069,0,1609043822652978069,-3.017466306686401e+00,-1.117708086967468e+00,3.150421619415283e+00,-9.063022112516657e-01,-4.219176960483823e-01,-1.084745812790363e-02,2.200209748477177e-02
1609043822858394259,0,1609043822858394259,-3.044370412826538e+00,-1.223339557647705e+00,3.132286787033081e+00,-9.063670733471691e-01,-4.221186141689013e-01,-1.739339492521532e-03,1.765158979648197e-02
1609043823064473948,0,1609043823064473948,-3.074332237243652e+00,-1.331757307052612e+00,3.086016654968262e+00,-9.064464455371628e-01,-4.221374022311458e-01,6.325582108059131e-03,1.071643698145800e-02
1609043823270537760,0,1609043823270537760,-3.108911991119385e+00,-1.429751396179199e+00,3.047519445419312e+00,9.061683561979496e-01,4.226966452357176e-01,1.365193550933812e-02,-2.845853558159171e-04
1609043823476488541,0,1609043823476488541,-3.159039974212646e+00,-1.533862233161926e+00,3.035114049911499e+00,9.061998381327846e-01,4.227401034280919e-01,9.411060146671535e-03,-2.022441256680471e-03
1609043823650550753,0,1609043823650550753,-3.229769706726074e+00,-1.640182256698608e+00,3.023521423339844e+00,-9.062087507149561e-01,-4.226863948488897e-01,1.742102691610915e-03,1.090306450036354e-02
1609043823855002167,0,1609043823855002167,-3.304676294326782e+00,-1.745133996009827e+00,3.043728590011597e+00,-9.054309302795680e-01,-4.241810512929024e-01,5.592603255367614e-03,1.529669918485702e-02
1609043824061042031,0,1609043824061042031,-3.356768131256104e+00,-1.837033510208130e+00,3.015893459320068e+00,-9.126535480426297e-01,-4.085638618797380e-01,2.977316401166366e-04,1.178912070445863e-02
1609043824267653024,0,1609043824267653024,-3.435355901718140e+00,-1.956913590431213e+00,3.040376663208008e+00,-9.145955243236977e-01,-4.041094865624869e-01,9.776930094419815e-03,1.072200518526267e-02
1609043824474032596,0,1609043824474032596,-3.505157470703125e+00,-2.056346416473389e+00,3.122675895690918e+00,-9.143230207730033e-01,-4.045539440787803e-01,1.445186523785600e-02,1.186016888497340e-02
1609043824679917131,0,1609043824679917131,-3.573761701583862e+00,-2.144531488418579e+00,3.010160923004150e+00,9.140672067999392e-01,4.053995708726216e-01,-2.090605715586509e-03,1.131188565152678e-02
1609043824851888452,0,1609043824851888452,-3.650694131851196e+00,-2.221486568450928e+00,3.090566396713257e+00,9.137371520070297e-01,4.053824298598004e-01,2.978682934495896e-03,2.721451912164097e-02
1609043825057620734,0,1609043825057620734,-3.754720926284790e+00,-2.272382736206055e+00,3.152060508728027e+00,9.142016919457846e-01,4.050769388911853e-01,-6.304699280273393e-03,1.040148013491553e-02
1609043825264289993,0,1609043825264289993,-3.857168197631836e+00,-2.313858509063721e+00,3.134867906570435e+00,9.142928698652302e-01,4.048946472746048e-01,-7.234920203325417e-03,8.748065593382525e-03
1609043825470509837,0,1609043825470509837,-3.969280719757080e+00,-2.339552164077759e+00,3.185987949371338e+00,9.142419379092971e-01,4.048668042156970e-01,-6.059092856445780e-03,1.441656012294440e-02
1609043825677286185,0,1609043825677286185,-4.087321758270264e+00,-2.347481489181519e+00,3.183390855789185e+00,9.141140240729626e-01,4.050137441096426e-01,-5.030565809954457e-03,1.827871666872722e-02
1609043825849971170,0,1609043825849971170,-4.208397865295410e+00,-2.329864263534546e+00,3.184326887130737e+00,9.140215937790561e-01,4.051331885083432e-01,-5.166062502435871e-03,2.012305823870638e-02
1609043826054717701,0,1609043826054717701,-4.345512866973877e+00,-2.294645071029663e+00,3.205898284912109e+00,9.140323540645703e-01,4.051007401530310e-01,-7.266470978684773e-03,1.963273924246307e-02
1609043826260737207,0,1609043826260737207,-4.484683990478516e+00,-2.237309455871582e+00,3.198815822601318e+00,9.139929761175789e-01,4.050853223125738e-01,-6.841728297178886e-03,2.181540759547511e-02
1609043826467132215,0,1609043826467132215,-4.631470680236816e+00,-2.159837961196899e+00,3.166015863418579e+00,9.142432602096257e-01,4.046639018936868e-01,-7.564042861385380e-03,1.868616924473128e-02
1609043826673673531,0,1609043826673673531,-4.782210826873779e+00,-2.057786941528320e+00,3.143997430801392e+00,9.127456602446681e-01,4.053859238755342e-01,4.791253340944247e-03,5.034537038822116e-02
1609043826879716258,0,1609043826879716258,-4.973369598388672e+00,-1.917774081230164e+00,3.199933052062988e+00,9.139299502248982e-01,4.052740308332509e-01,-4.549016107400452e-03,2.154791095533264e-02
1609043827052438561,0,1609043827052438561,-5.151533603668213e+00,-1.768977046012878e+00,3.233600616455078e+00,-9.143724955334057e-01,-4.041709283232917e-01,2.010454765653127e-02,1.282993662599237e-02
1609043827257891913,0,1609043827257891913,-5.319228172302246e+00,-1.618535518646240e+00,3.226104497909546e+00,-9.141007985857802e-01,-4.036051622935642e-01,2.719817548494183e-02,2.797967557200930e-02
1609043827463792391,0,1609043827463792391,-5.462501049041748e+00,-1.481839776039124e+00,3.245451450347900e+00,-9.139368925180054e-01,-4.035064437203807e-01,2.909592802991272e-02,3.248589451964064e-02
1609043827669902898,0,1609043827669902898,-5.572711944580078e+00,-1.356097221374512e+00,3.270744085311890e+00,-9.128006303658416e-01,-4.024005494437889e-01,3.964213724341006e-02,5.742219053496322e-02
1609043827876284249,0,1609043827876284249,-5.640409469604492e+00,-1.257172942161560e+00,3.259980201721191e+00,-9.125262305167755e-01,-4.015497273508427e-01,4.223382019915807e-02,6.534523329741501e-02
1609043828049946645,0,1609043828049946645,-5.679517269134521e+00,-1.186168074607849e+00,3.208498954772949e+00,-9.143495541563187e-01,-4.035381670525383e-01,2.181107752514198e-02,2.541884031995041e-02
1609043828254667622,0,1609043828254667622,-5.694163322448730e+00,-1.121058344841003e+00,3.233236312866211e+00,-9.144857569143980e-01,-4.045460161042513e-01,7.636530862845929e-03,-6.820014654737626e-05
1609043828461630971,0,1609043828461630971,-5.722751140594482e+00,-1.050728201866150e+00,3.337515115737915e+00,-9.145228802221115e-01,-4.044819831778478e-01,6.495748128120311e-03,-1.791396793660227e-04
1609043828667018025,0,1609043828667018025,-5.757555961608887e+00,-9.752062559127808e-01,3.342845916748047e+00,-9.140715797521740e-01,-4.039088655832131e-01,-3.048543557206533e-02,2.003530909739542e-02
1609043828873219812,0,1609043828873219812,-5.816714286804199e+00,-9.229825735092163e-01,3.358511447906494e+00,-9.108575972249897e-01,-4.027367864267291e-01,-7.963415955882203e-02,4.242545306239536e-02
1609043829079384427,0,1609043829079384427,-5.938808441162109e+00,-9.479997158050537e-01,3.631351709365845e+00,-9.138828577733915e-01,-4.035856608084943e-01,-1.038494994909590e-02,4.276551732722150e-02
1609043829251678985,0,1609043829251678985,-6.035820484161377e+00,-9.714602828025818e-01,3.442618370056152e+00,-9.142244070986624e-01,-4.032475002410782e-01,2.974806423750884e-02,2.646204241062198e-02
1609043829457952707,0,1609043829457952707,-6.109355449676514e+00,-1.000412702560425e+00,3.563814401626587e+00,-9.129887471493028e-01,-4.027650944168822e-01,4.600616280312705e-02,4.599194801525991e-02
1609043829664230390,0,1609043829664230390,-6.143364429473877e+00,-1.041413784027100e+00,3.642117261886597e+00,-9.129066605492828e-01,-4.026001905207019e-01,4.176589528594748e-02,5.263198370206514e-02
1609043829870229989,0,1609043829870229989,-6.149808883666992e+00,-1.098254561424255e+00,3.598886966705322e+00,-9.143311057161462e-01,-4.039313760875785e-01,2.018192728526808e-02,2.075481493382179e-02
1609043830076600871,0,1609043830076600871,-6.143923759460449e+00,-1.157184600830078e+00,3.689819097518921e+00,-9.146357308609685e-01,-4.039971257544282e-01,1.371753452560787e-02,6.295352342941480e-03
1609043830249800707,0,1609043830249800707,-6.136776447296143e+00,-1.213821172714233e+00,3.748563766479492e+00,-9.148041892873627e-01,-4.032629466933970e-01,1.863067292881503e-02,1.285259167129047e-02
1609043830454293574,0,1609043830454293574,-6.124873638153076e+00,-1.261722922325134e+00,3.795581817626953e+00,9.145824292395379e-01,4.040638886680261e-01,-1.339241800092254e-02,9.591514002873766e-03
1609043830660722850,0,1609043830660722850,-6.113382816314697e+00,-1.285869121551514e+00,3.877470016479492e+00,9.146886840516827e-01,4.038601516106913e-01,-1.153143041147479e-02,1.042186746488581e-02
1609043830867146420,0,1609043830867146420,-6.110674858093262e+00,-1.293571114540100e+00,3.977362155914307e+00,-9.148305613726522e-01,-4.036629562350011e-01,1.165335878962057e-02,-2.336872084231234e-03
1609043831073291162,0,1609043831073291162,-6.108204364776611e+00,-1.297284841537476e+00,4.065549850463867e+00,-9.148459454577917e-01,-4.035287891455041e-01,1.177033563891631e-02,9.103384488744570e-03
1609043831279264146,0,1609043831279264146,-6.107072353363037e+00,-1.295118570327759e+00,4.154373168945312e+00,-9.146742322974593e-01,-4.036108383814275e-01,1.329956421222957e-02,1.710150589449384e-02
1609043831452277542,0,1609043831452277542,-6.092670917510986e+00,-1.294409513473511e+00,4.226869106292725e+00,-9.145241314967022e-01,-4.038095722094088e-01,1.378417241111085e-02,1.983529412934285e-02
1609043831657603962,0,1609043831657603962,-6.073201179504395e+00,-1.295481443405151e+00,4.313565731048584e+00,-9.145575179899678e-01,-4.036432044259253e-01,1.170787997362826e-02,2.279551173638040e-02
1609043831863628598,0,1609043831863628598,-6.053239345550537e+00,-1.311300873756409e+00,4.399487495422363e+00,-9.144993228719537e-01,-4.039289389769988e-01,1.741464764488531e-02,1.513706613115033e-02
1609043832070044939,0,1609043832070044939,-6.028677463531494e+00,-1.324396133422852e+00,4.522822380065918e+00,-9.144021213328655e-01,-4.040143306333860e-01,2.264271446708113e-02,1.133528236855143e-02
1609043832276549046,0,1609043832276549046,-5.987448215484619e+00,-1.331123113632202e+00,4.608097076416016e+00,-9.143627761694197e-01,-4.041151247495703e-01,2.199259169470997e-02,1.216574761125118e-02
1609043832449703506,0,1609043832449703506,-5.947254180908203e+00,-1.337336540222168e+00,4.701598644256592e+00,-9.144576607624925e-01,-4.038752743707299e-01,2.272934011380477e-02,1.163299285432716e-02
1609043832654882325,0,1609043832654882325,-5.890758037567139e+00,-1.332941651344299e+00,4.790201187133789e+00,-9.146819218088913e-01,-4.036352994770883e-01,1.180078374167085e-02,1.721245000332132e-02
1609043832861450807,0,1609043832861450807,-5.840174198150635e+00,-1.335513234138489e+00,4.909001827239990e+00,-9.146727793444182e-01,-4.034030425732701e-01,-3.409478068756704e-03,2.506127347690371e-02
1609043833067117690,0,1609043833067117690,-5.793158531188965e+00,-1.357843756675720e+00,5.002574443817139e+00,-9.147342740394571e-01,-4.032731697236068e-01,-3.468919563506045e-03,2.489829463325810e-02
1609043833273427532,0,1609043833273427532,-5.748865127563477e+00,-1.386137843132019e+00,5.135467052459717e+00,-9.147453532737683e-01,-4.033036664323422e-01,1.848611397472386e-02,1.566380848940231e-02
1609043833479239712,0,1609043833479239712,-5.689967155456543e+00,-1.406877040863037e+00,5.188502311706543e+00,-9.147497738682613e-01,-4.031847084506869e-01,2.175651880171916e-02,1.419844953259689e-02
1609043833651321275,0,1609043833651321275,-5.631022930145264e+00,-1.426703929901123e+00,5.286570549011230e+00,-9.147134653660504e-01,-4.033338687240276e-01,2.238410710198391e-02,1.095528947071272e-02
1609043833857596105,0,1609043833857596105,-5.563331604003906e+00,-1.443819403648376e+00,5.378437042236328e+00,-9.148249543451136e-01,-4.032718104208955e-01,2.049786140054631e-02,6.854743271505873e-03
1609043834063982543,0,1609043834063982543,-5.489483356475830e+00,-1.450259923934937e+00,5.506063461303711e+00,-9.149259991099609e-01,-4.030629395436738e-01,2.000775039522387e-02,7.097382839827684e-03
1609043834270220985,0,1609043834270220985,-5.415638923645020e+00,-1.455348968505859e+00,5.531098842620850e+00,9.148185743478106e-01,4.036047172999251e-01,-1.009239758960176e-02,1.040921286074912e-02
1609043834477711212,0,1609043834477711212,-5.343604564666748e+00,-1.434245824813843e+00,5.653930664062500e+00,-9.149260647553483e-01,-4.032584544698991e-01,1.491957466134723e-02,8.385774965086110e-03
1609043834650082990,0,1609043834650082990,-5.273612499237061e+00,-1.419740438461304e+00,5.720157623291016e+00,-9.151673740064499e-01,-4.024044999935115e-01,6.242170136580442e-03,2.236808554831357e-02
1609043834854450505,0,1609043834854450505,-5.204622745513916e+00,-1.412640094757080e+00,5.776420593261719e+00,-9.151475643657579e-01,-4.021545090972228e-01,-3.284016096214579e-03,2.767492522975621e-02
1609043835061555734,0,1609043835061555734,-5.136911392211914e+00,-1.412351012229919e+00,5.755212783813477e+00,-9.149911184148455e-01,-4.022202071689100e-01,-1.102488130419594e-02,2.980956489414218e-02
1609043835267143238,0,1609043835267143238,-5.085026264190674e+00,-1.447262406349182e+00,5.787512302398682e+00,-9.150940318971328e-01,-4.024782376857140e-01,2.809131067479892e-03,2.462295185993857e-02
1609043835473576132,0,1609043835473576132,-5.020647048950195e+00,-1.476244568824768e+00,5.793244838714600e+00,-9.149546836247756e-01,-4.027153582339807e-01,-5.639911768468030e-03,2.542554917414897e-02
1609043835679607574,0,1609043835679607574,-4.973803520202637e+00,-1.531385660171509e+00,5.786917686462402e+00,-9.150001064481459e-01,-4.028427202838388e-01,1.287971875811109e-02,1.807375884841399e-02
1609043835852160207,0,1609043835852160207,-4.909003734588623e+00,-1.574892759323120e+00,5.755252838134766e+00,-9.149307980923665e-01,-4.028195561391651e-01,2.291672558140070e-02,1.062372733733041e-02
1609043836058108176,0,1609043836058108176,-4.839824676513672e+00,-1.617000699043274e+00,5.739629745483398e+00,-9.148950434144142e-01,-4.026852214808467e-01,2.446824618600901e-02,1.459372691396491e-02
1609043836264179179,0,1609043836264179179,-4.759770870208740e+00,-1.654458880424500e+00,5.741177558898926e+00,-9.147911957486137e-01,-4.026585217282544e-01,2.529486543458781e-02,1.957939843520805e-02
1609043836470611566,0,1609043836470611566,-4.666987895965576e+00,-1.701067924499512e+00,5.691224575042725e+00,-9.147738339805978e-01,-4.026754674060071e-01,2.663261184730464e-02,1.822099338625768e-02
1609043836676643929,0,1609043836676643929,-4.554106712341309e+00,-1.734520316123962e+00,5.726638793945312e+00,-9.150487918086035e-01,-4.027500808327356e-01,6.602925516821652e-03,2.084424077434683e-02
1609043836849791249,0,1609043836849791249,-4.452921867370605e+00,-1.777088999748230e+00,5.721473217010498e+00,-9.151276548388924e-01,-4.024123297900419e-01,-1.483029494816729e-02,1.964063475985385e-02
1609043837054911371,0,1609043837054911371,-4.362468719482422e+00,-1.833812117576599e+00,5.689402103424072e+00,-9.149030339019756e-01,-4.022146275274858e-01,-2.451927080970392e-02,2.397159399887594e-02
1609043837261284736,0,1609043837261284736,-4.295344352722168e+00,-1.916173338890076e+00,5.717706203460693e+00,-9.152249794671075e-01,-4.024455207026820e-01,4.256508436668015e-03,1.956328095459434e-02
1609043837467326425,0,1609043837467326425,-4.227777481079102e+00,-1.994183659553528e+00,5.698221206665039e+00,-9.150627232929597e-01,-4.022540943148150e-01,2.551655163170057e-02,1.416903805722083e-02
1609043837673427178,0,1609043837673427178,-4.144012451171875e+00,-2.064202070236206e+00,5.672957420349121e+00,-9.150684412467235e-01,-4.021887406774041e-01,2.661125571270599e-02,1.363105924016076e-02
1609043837879577532,0,1609043837879577532,-4.049049854278564e+00,-2.130677223205566e+00,5.670258045196533e+00,-9.151562229773212e-01,-4.022215432133610e-01,2.171461811703384e-02,1.534252524772868e-02
1609043838051902573,0,1609043838051902573,-3.946065187454224e+00,-2.194703340530396e+00,5.646584033966064e+00,-9.153677977003360e-01,-4.019890168145732e-01,4.703536254793582e-03,2.201140705154827e-02
1609043838258217390,0,1609043838258217390,-3.846786022186279e+00,-2.268270254135132e+00,5.671262264251709e+00,-9.154727122713315e-01,-4.018026203399918e-01,-4.821011916904211e-03,2.100298118328083e-02
1609043838464335181,0,1609043838464335181,-3.755763292312622e+00,-2.351941585540771e+00,5.641438484191895e+00,-9.155353756874471e-01,-4.018469042109297e-01,-2.981222021278659e-03,1.746865066903838e-02
1609043838670516458,0,1609043838670516458,-3.668568611145020e+00,-2.438218116760254e+00,5.705661773681641e+00,-9.156253589919858e-01,-4.017591671102008e-01,3.730458693229810e-03,1.434772775226037e-02
1609043838876494009,0,1609043838876494009,-3.591233730316162e+00,-2.531317234039307e+00,5.707383632659912e+00,-9.153410537843105e-01,-4.017579583317008e-01,2.238978044564410e-02,1.549180124347023e-02
1609043839050119041,0,1609043839050119041,-3.498305082321167e+00,-2.616079092025757e+00,5.713524341583252e+00,-9.153384472595406e-01,-4.017141596109077e-01,2.318562642844348e-02,1.561049850953074e-02
1609043839255114472,0,1609043839255114472,-3.393783569335938e+00,-2.696367979049683e+00,5.731353282928467e+00,-9.156116042723782e-01,-4.012818119686269e-01,1.761212120758772e-02,1.783565786582593e-02
1609043839461193031,0,1609043839461193031,-3.282580375671387e+00,-2.775053739547729e+00,5.725323677062988e+00,-9.156401510880892e-01,-4.013887875352448e-01,7.613008903881330e-03,2.078934947988112e-02
1609043839667411305,0,1609043839667411305,-3.180853366851807e+00,-2.862425804138184e+00,5.754353523254395e+00,-9.157116951196578e-01,-4.012037939102920e-01,1.312675977895354e-03,2.249186641539284e-02
1609043839873098719,0,1609043839873098719,-3.086438417434692e+00,-2.962789773941040e+00,5.757066249847412e+00,-9.155276771521312e-01,-4.014745185941729e-01,1.996570430023984e-02,1.512130747639257e-02
1609043840079428060,0,1609043840079428060,-2.972118377685547e+00,-3.051732301712036e+00,5.777078151702881e+00,-9.153708414963642e-01,-4.013373367117204e-01,3.001509293028776e-02,1.112020214598566e-02
1609043840251480237,0,1609043840251480237,-2.850060939788818e+00,-3.134129285812378e+00,5.779415130615234e+00,-9.157753756824094e-01,-4.011013332665178e-01,1.445920026059772e-02,1.625156218298794e-02
1609043840457722105,0,1609043840457722105,-2.727202892303467e+00,-3.219998598098755e+00,5.774752616882324e+00,-9.157898969227822e-01,-4.010852543563993e-01,1.311878263915096e-02,1.695231471182741e-02
1609043840664181590,0,1609043840664181590,-2.600903987884521e+00,-3.310965061187744e+00,5.777954578399658e+00,-9.157687281525571e-01,-4.011682173052625e-01,8.227195995299710e-03,1.907907775602987e-02
1609043840870113913,0,1609043840870113913,-2.479969978332520e+00,-3.402616024017334e+00,5.765980720520020e+00,-9.156721144955337e-01,-4.014395312507591e-01,4.158631299764843e-03,1.932840578428263e-02
1609043841076122454,0,1609043841076122454,-2.359508991241455e+00,-3.492885351181030e+00,5.751302242279053e+00,-9.154133873103684e-01,-4.015927445678297e-01,-1.255059817541851e-02,2.416775390628675e-02
1609043841249580237,0,1609043841249580237,-2.256336212158203e+00,-3.622458934783936e+00,5.799004077911377e+00,-9.155283255176476e-01,-4.015114607336516e-01,-9.611083034585875e-03,2.245126181941096e-02
1609043841454559074,0,1609043841454559074,-2.162324190139771e+00,-3.749893426895142e+00,5.804230690002441e+00,-9.156161407952179e-01,-4.014901197914041e-01,-4.345750516899142e-03,2.082980743070775e-02
1609043841660646279,0,1609043841660646279,-2.070535421371460e+00,-3.885152816772461e+00,5.824162960052490e+00,-9.154949951270483e-01,-4.017106682546981e-01,-6.031506491583105e-03,2.147262995376841e-02
1609043841866858256,0,1609043841866858256,-1.986990571022034e+00,-4.025147438049316e+00,5.805917263031006e+00,-9.155203009207581e-01,-4.017685995583647e-01,1.210854047123643e-03,2.007747103974384e-02
1609043842072899067,0,1609043842072899067,-1.915641903877258e+00,-4.181972980499268e+00,5.853238105773926e+00,-9.155836724954166e-01,-4.016100379922840e-01,7.322531849669772e-03,1.903408970643134e-02
1609043842279031308,0,1609043842279031308,-1.836821556091309e+00,-4.333837032318115e+00,5.849257469177246e+00,-9.153728112404230e-01,-4.017233032099215e-01,1.917940698273683e-02,1.852442840427566e-02
1609043842451283889,0,1609043842451283889,-1.748690485954285e+00,-4.478995800018311e+00,5.780038356781006e+00,-9.154280298799593e-01,-4.022427106696876e-01,1.297720760659976e-02,4.890389139267795e-03
1609043842657604611,0,1609043842657604611,-1.666643500328064e+00,-4.625552654266357e+00,5.823575973510742e+00,-9.153753094221239e-01,-4.017985164470050e-01,2.379790856450355e-02,8.924944217890363e-03
1609043842863771271,0,1609043842863771271,-1.575001597404480e+00,-4.761024951934814e+00,5.811872482299805e+00,-9.153508485149835e-01,-4.018517394302736e-01,2.289011710331974e-02,1.113760202016250e-02
1609043843069864805,0,1609043843069864805,-1.478937387466431e+00,-4.894806861877441e+00,5.786357879638672e+00,-9.152857600148905e-01,-4.016098516177383e-01,2.961446368509753e-02,9.191742935191757e-03
1609043843276005746,0,1609043843276005746,-1.365819811820984e+00,-5.014824390411377e+00,5.804979324340820e+00,-9.152619931876287e-01,-4.017897304368956e-01,2.815703992430815e-02,8.226630194498250e-03
1609043843449460859,0,1609043843449460859,-1.240277647972107e+00,-5.113645553588867e+00,5.777413845062256e+00,-9.145228448962672e-01,-4.018822525536355e-01,4.522755116657567e-02,-9.648308697835159e-03
1609043843654891596,0,1609043843654891596,-1.100024700164795e+00,-5.190052032470703e+00,5.760300636291504e+00,-9.130277156472458e-01,-4.051868082283342e-01,4.671741297451190e-02,-4.639420510812148e-03
1609043843860069389,0,1609043843860069389,-9.403163790702820e-01,-5.243816375732422e+00,5.733870029449463e+00,-9.134358271858860e-01,-4.067346555056417e-01,1.406282151674338e-02,2.036338609174496e-03
1609043844066631681,0,1609043844066631681,-7.829948663711548e-01,-5.301114082336426e+00,5.804991245269775e+00,-9.133991904397215e-01,-4.059295604418967e-01,2.533062647134767e-02,1.677707441954571e-02
1609043844272894094,0,1609043844272894094,-6.126973628997803e-01,-5.349388599395752e+00,5.803180217742920e+00,-9.132939574338327e-01,-4.067160566857322e-01,1.253904036661609e-02,1.785970368010599e-02
1609043844478766378,0,1609043844478766378,-4.491125643253326e-01,-5.410244941711426e+00,5.813147544860840e+00,-9.132970956510076e-01,-4.067577527329904e-01,-2.601183377025307e-03,2.073112423581853e-02
1609043844650968514,0,1609043844650968514,-2.880219519138336e-01,-5.457983016967773e+00,5.817028999328613e+00,-9.129071428231337e-01,-4.055427263171547e-01,-2.885064753777033e-02,3.610105054431755e-02
1609043844857126279,0,1609043844857126279,-1.582765430212021e-01,-5.566508293151855e+00,5.806229591369629e+00,-9.133067326481408e-01,-4.053385654674567e-01,-3.206897159391030e-02,2.330322950303024e-02
1609043845063501788,0,1609043845063501788,-5.461541190743446e-02,-5.669650077819824e+00,5.798797607421875e+00,9.125234009406714e-01,4.048833339068344e-01,5.726431263093042e-02,-9.556524423902002e-03
1609043845270012771,0,1609043845270012771,-4.466411191970110e-03,-5.798887252807617e+00,5.772310256958008e+00,9.123509815528107e-01,4.054474424601119e-01,5.597620125251693e-02,9.732561611147710e-03
1609043845476038735,0,1609043845476038735,-4.946474451571703e-03,-5.922431945800781e+00,5.783333778381348e+00,9.129248875779145e-01,4.062614834036178e-01,3.568636975015786e-02,1.569202847306106e-02
1609043845649385893,0,1609043845649385893,-4.339174553751945e-02,-6.031126022338867e+00,5.741529941558838e+00,9.121521317556588e-01,4.067549342525721e-01,3.896647371237228e-02,3.178877036338918e-02
1609043845854597833,0,1609043845854597833,-1.315679550170898e-01,-6.123429298400879e+00,5.751454830169678e+00,9.121188019147689e-01,4.068169124107068e-01,3.014166521592783e-02,4.038280560086097e-02
1609043846060623655,0,1609043846060623655,-2.546531856060028e-01,-6.193732738494873e+00,5.694946289062500e+00,9.125649833253076e-01,4.068237361321952e-01,1.187634695833028e-02,3.973098678422791e-02
1609043846266480437,0,1609043846266480437,-4.042870104312897e-01,-6.228170394897461e+00,5.714174270629883e+00,9.132548857275075e-01,4.065876604769713e-01,1.111933838952176e-03,2.550983429656857e-02
1609043846472793439,0,1609043846472793439,-5.598579049110413e-01,-6.249305725097656e+00,5.716424465179443e+00,-9.132727899914380e-01,-4.069957858818422e-01,1.683823849981611e-02,1.927449065348977e-03
1609043846678826390,0,1609043846678826390,-7.086564898490906e-01,-6.257272243499756e+00,5.737298965454102e+00,-9.137242918425172e-01,-4.057781191108321e-01,1.778886314933610e-02,1.164443625170236e-02
1609043846850924411,0,1609043846850924411,-8.364576697349548e-01,-6.269906997680664e+00,5.707623958587646e+00,-9.135337310039099e-01,-4.051562723855547e-01,2.678402385912466e-02,2.423083429500521e-02
1609043847057165109,0,1609043847057165109,-9.527698159217834e-01,-6.284376621246338e+00,5.694318771362305e+00,-9.133578905275275e-01,-4.056757612791940e-01,2.504415754144589e-02,2.402770681298877e-02
1609043847263091176,0,1609043847263091176,-1.047657251358032e+00,-6.304160594940186e+00,5.677150249481201e+00,-9.135609087779273e-01,-4.058308548072864e-01,2.322314438764092e-02,1.297955330453953e-02
1609043847470039206,0,1609043847470039206,-1.127684116363525e+00,-6.318777084350586e+00,5.694192409515381e+00,-9.137294548502871e-01,-4.059246033176526e-01,1.622122085388372e-02,7.782785774564415e-03
1609043847675959376,0,1609043847675959376,-1.202178239822388e+00,-6.327609062194824e+00,5.693211555480957e+00,-9.136184869970954e-01,-4.064162378328011e-01,6.733817013683236e-03,9.041988243552656e-03
1609043847849214240,0,1609043847849214240,-1.271503925323486e+00,-6.340972900390625e+00,5.671103000640869e+00,-9.137762770478494e-01,-4.059574550051419e-01,1.366177998596083e-02,4.981565811625961e-03
1609043848054169130,0,1609043848054169130,-1.334549427032471e+00,-6.344050884246826e+00,5.692385673522949e+00,-9.135983121704786e-01,-4.053935197968948e-01,3.152845458276782e-02,4.179205183038950e-04
1609043848260119485,0,1609043848260119485,-1.381501674652100e+00,-6.330956459045410e+00,5.665184497833252e+00,-9.129897345691342e-01,-4.053636830944556e-01,4.573667425502904e-02,-6.179452044392032e-03
1609043848466262446,0,1609043848466262446,-1.402692914009094e+00,-6.288785934448242e+00,5.659466743469238e+00,-9.127364453144474e-01,-4.060762394975555e-01,4.351668577795793e-02,-1.098030824580830e-02
1609043848672628886,0,1609043848672628886,-1.410341382026672e+00,-6.224784851074219e+00,5.674952983856201e+00,-9.119522672147059e-01,-4.061994870195737e-01,5.646325695641070e-02,-1.252755685946939e-02
1609043848878610899,0,1609043848878610899,-1.386204600334167e+00,-6.124185562133789e+00,5.656497955322266e+00,-9.122976398469814e-01,-4.058082762093579e-01,5.462039715096204e-02,-7.019366402176295e-03
1609043849050600516,0,1609043849050600516,-1.348565578460693e+00,-6.010956287384033e+00,5.646673679351807e+00,-9.129025823541143e-01,-4.063076347767691e-01,3.899916497579511e-02,-1.430449051167874e-03
1609043849257012190,0,1609043849257012190,-1.286805391311646e+00,-5.881553649902344e+00,5.658379554748535e+00,-9.139045509863577e-01,-4.057366139104945e-01,-1.395838724833933e-03,1.242269910786691e-02
1609043849463318358,0,1609043849463318358,-1.227406144142151e+00,-5.765758037567139e+00,5.683924198150635e+00,-9.126920975221886e-01,-4.051117576958398e-01,2.734648274149973e-02,4.614941796820173e-02
1609043849669138147,0,1609043849669138147,-1.139131069183350e+00,-5.674774169921875e+00,5.721540451049805e+00,-9.106357194639684e-01,-4.039003243569221e-01,5.928133532637903e-02,6.397528978156457e-02
1609043849875730225,0,1609043849875730225,-1.004002928733826e+00,-5.599652767181396e+00,5.697959899902344e+00,-9.086608450619068e-01,-3.984790979863007e-01,6.391180675379569e-02,1.070754784106565e-01
1609043850049291189,0,1609043850049291189,-8.335087299346924e-01,-5.583544731140137e+00,5.576955795288086e+00,-9.129048440702331e-01,-4.021866405790911e-01,3.724361940220750e-02,5.885205711470280e-02
1609043850254446446,0,1609043850254446446,-6.079045534133911e-01,-5.579736232757568e+00,5.594170570373535e+00,-9.131163843007966e-01,-4.036226914743552e-01,4.800212804266262e-02,3.166997555751296e-02
1609043850460381285,0,1609043850460381285,-3.677021563053131e-01,-5.580869674682617e+00,5.598418235778809e+00,-9.137025284736148e-01,-4.059219156641106e-01,1.931768163355738e-02,1.383842767983614e-03
1609043850666649696,0,1609043850666649696,-1.349510699510574e-01,-5.574838161468506e+00,5.480722904205322e+00,9.131365219198510e-01,4.064837222258633e-01,-7.172108925992123e-03,3.002060550818978e-02
1609043850872593071,0,1609043850872593071,8.207806944847107e-02,-5.540113449096680e+00,5.527915000915527e+00,9.142779636868826e-01,4.048228440302662e-01,1.370728829530194e-02,-5.136177119564760e-03
1609043851078596064,0,1609043851078596064,2.817977368831635e-01,-5.523783206939697e+00,5.585778713226318e+00,-9.141326939025258e-01,-4.037722961764841e-01,-2.639812513673113e-02,2.514934925889603e-02
1609043851250861569,0,1609043851250861569,4.569974541664124e-01,-5.533834457397461e+00,5.606766223907471e+00,-9.139395284240818e-01,-4.049460444891049e-01,1.458205510184962e-02,2.281672863496036e-02
1609043851457279235,0,1609043851457279235,6.369575262069702e-01,-5.543321132659912e+00,5.562958717346191e+00,9.135155587960031e-01,4.063186283436197e-01,-1.169169030700686e-02,1.605616630303706e-02
1609043851663394310,0,1609043851663394310,8.011925220489502e-01,-5.528311729431152e+00,5.565564632415771e+00,9.119156459086468e-01,4.068848784706259e-01,4.329997487460768e-03,5.325224446648203e-02
1609043851869685298,0,1609043851869685298,9.310026168823242e-01,-5.465826511383057e+00,5.661795139312744e+00,9.109629933053459e-01,4.079950813333217e-01,4.783051990644091e-03,6.052735620886867e-02
1609043852075764635,0,1609043852075764635,1.040168166160583e+00,-5.364575862884521e+00,5.781008720397949e+00,-9.132558620491806e-01,-4.057913627292354e-01,3.597003576637693e-02,1.804686710629022e-03
1609043852249223729,0,1609043852249223729,1.161655902862549e+00,-5.260972499847412e+00,5.733455657958984e+00,-9.129125066914723e-01,-4.048303787598848e-01,4.669490527544364e-02,2.286275094423361e-02
1609043852454081220,0,1609043852454081220,1.301845073699951e+00,-5.163950920104980e+00,5.776484489440918e+00,-9.131023893258640e-01,-4.051276788799160e-01,3.547285673204700e-02,2.927911965954349e-02
1609043852659627298,0,1609043852659627298,1.472037196159363e+00,-5.074610233306885e+00,5.743037700653076e+00,-9.130922737843410e-01,-4.066797279381852e-01,2.368807114382405e-02,1.769106342057794e-02
1609043852866413818,0,1609043852866413818,1.641296029090881e+00,-4.979963302612305e+00,5.795662879943848e+00,-9.133583561615193e-01,-4.067550771760874e-01,5.107338783988436e-03,1.734172747877394e-02
1609043853072840394,0,1609043853072840394,1.798224091529846e+00,-4.905762195587158e+00,5.841532707214355e+00,-9.124442413579010e-01,-4.046659154827764e-01,-4.794594999739343e-02,3.731205084337508e-02
1609043853278829484,0,1609043853278829484,1.925272345542908e+00,-4.865004062652588e+00,5.842927455902100e+00,-9.115249319490354e-01,-4.022588674710474e-01,-7.155598454655999e-02,4.679575890814396e-02
1609043853450826078,0,1609043853450826078,1.997530937194824e+00,-4.899853706359863e+00,5.894721984863281e+00,-9.134514479271101e-01,-4.033767067664709e-01,-3.241574695038327e-02,4.292905854722733e-02
1609043853658302797,0,1609043853658302797,2.058351516723633e+00,-4.941858291625977e+00,5.792721748352051e+00,-9.141341200111616e-01,-4.054009054080363e-01,-1.309782196287437e-03,2.683467227721053e-03
1609043853862882826,0,1609043853862882826,2.108786344528198e+00,-4.970082759857178e+00,5.789805889129639e+00,9.133565240906790e-01,4.065513660422837e-01,-1.261077067331606e-02,1.835252389103348e-02
1609043854069029975,0,1609043854069029975,2.160446643829346e+00,-4.983681201934814e+00,5.767747879028320e+00,-9.125397843769646e-01,-4.059433866658813e-01,4.977033838599307e-02,2.005534447874931e-03
1609043854275295611,0,1609043854275295611,2.234954833984375e+00,-4.977508544921875e+00,5.711946487426758e+00,-9.106124680145177e-01,-4.058199064690742e-01,7.727522373606678e-02,1.112098945605920e-02
1609043854448703413,0,1609043854448703413,2.351770401000977e+00,-4.947718620300293e+00,5.706798076629639e+00,-9.126381807198553e-01,-4.054234909564370e-01,4.860226465121719e-02,1.900431382138638e-02
1609043854653720827,0,1609043854653720827,2.492085456848145e+00,-4.921171665191650e+00,5.690449237823486e+00,-9.133440667815967e-01,-4.059592779127435e-01,2.988212482062901e-02,1.033145525193124e-02
1609043854859664575,0,1609043854859664575,2.639824390411377e+00,-4.886195182800293e+00,5.660993576049805e+00,9.133400555113305e-01,4.067245964938377e-01,-7.329758989612371e-03,1.820220422473383e-02
1609043855066029430,0,1609043855066029430,2.768865823745728e+00,-4.823206424713135e+00,5.695782184600830e+00,9.124421298738733e-01,4.072835909712327e-01,2.390966397790091e-02,3.158740453521220e-02
1609043855272131346,0,1609043855272131346,2.867788553237915e+00,-4.743195533752441e+00,5.729179859161377e+00,9.130034034152119e-01,4.065128714480647e-01,3.401450125165417e-02,-3.883864556100064e-03
1609043855478340327,0,1609043855478340327,2.928760528564453e+00,-4.685787200927734e+00,5.691733360290527e+00,-9.134141862016676e-01,-4.051847122138695e-01,-2.342482547765974e-02,3.084073580591534e-02
1609043855650362084,0,1609043855650362084,2.980132341384888e+00,-4.647733211517334e+00,5.712928771972656e+00,-9.135406110679077e-01,-4.045361407020380e-01,4.485794841268315e-03,4.211817232759184e-02
1609043855856664777,0,1609043855856664777,3.021257162094116e+00,-4.628221988677979e+00,5.569556713104248e+00,9.134504987104609e-01,4.062676161264709e-01,2.343234096758979e-02,2.394971670689109e-03
1609043856063151013,0,1609043856063151013,3.035987138748169e+00,-4.607802391052246e+00,5.615917682647705e+00,9.130497538563130e-01,4.061015889935673e-01,3.352181382653343e-02,1.726077627470139e-02
1609043856269336367,0,1609043856269336367,3.008686304092407e+00,-4.583447933197021e+00,5.632073402404785e+00,9.132896281649752e-01,4.063540565915083e-01,1.971778439938437e-02,1.973942137667905e-02
1609043856475460740,0,1609043856475460740,2.958558559417725e+00,-4.546831130981445e+00,5.614282608032227e+00,9.134948438084738e-01,4.062763091206234e-01,4.321080287762294e-03,2.116741004002934e-02
1609043856648798027,0,1609043856648798027,2.883614063262939e+00,-4.483738899230957e+00,5.609387397766113e+00,9.130411320676234e-01,4.065249541798306e-01,7.674756391166613e-03,3.216288071823350e-02
1609043856854374183,0,1609043856854374183,2.800184011459351e+00,-4.400496006011963e+00,5.647200107574463e+00,-9.140120004286199e-01,-4.047798052037953e-01,2.575989612260330e-02,8.473495347436046e-03
1609043857059650457,0,1609043857059650457,2.725287914276123e+00,-4.319217681884766e+00,5.615081310272217e+00,-9.133155966580422e-01,-4.055647647647481e-01,3.220872277416081e-02,1.828771882264267e-02
1609043857266005006,0,1609043857266005006,2.675017595291138e+00,-4.235088348388672e+00,5.617508411407471e+00,-9.130916347889878e-01,-4.060290778413368e-01,2.835496516266987e-02,2.449592570838843e-02
1609043857472159721,0,1609043857472159721,2.627307653427124e+00,-4.155544757843018e+00,5.609821796417236e+00,9.131958467865543e-01,4.074231455989648e-01,-6.082848666294707e-03,6.536420590514663e-03
1609043857678249140,0,1609043857678249140,2.582205533981323e+00,-4.064768791198730e+00,5.607815265655518e+00,9.127963129308405e-01,4.070966917286865e-01,6.536144654839188e-03,3.213181439746210e-02
1609043857850432731,0,1609043857850432731,2.510778188705444e+00,-3.951239585876465e+00,5.615812301635742e+00,9.129368110939592e-01,4.064531626134883e-01,3.876052166019479e-03,3.643050604496438e-02
1609043858056846920,0,1609043858056846920,2.418614387512207e+00,-3.811343669891357e+00,5.658574581146240e+00,9.138717136474095e-01,4.056444194067493e-01,-8.869177111953931e-03,1.457510537406935e-02
1609043858262879927,0,1609043858262879927,2.318573474884033e+00,-3.657191753387451e+00,5.688500404357910e+00,-9.139709349560494e-01,-4.054781228508811e-01,1.541378025079665e-02,-2.652795369184236e-03
1609043858469110467,0,1609043858469110467,2.222890377044678e+00,-3.503061532974243e+00,5.681897640228271e+00,-9.140704656662260e-01,-4.049301208344445e-01,2.144404372594640e-02,6.850841292205499e-03
1609043858675337952,0,1609043858675337952,2.136927127838135e+00,-3.346426486968994e+00,5.689401149749756e+00,-9.137183830832201e-01,-4.050453317182559e-01,2.962366511355723e-02,1.339530269437246e-02
1609043858848358842,0,1609043858848358842,2.050957202911377e+00,-3.180422782897949e+00,5.652137756347656e+00,9.141125019883793e-01,4.052544878746641e-01,1.086277313482280e-02,7.009559601736748e-03
1609043859053777288,0,1609043859053777288,1.949851274490356e+00,-3.015880584716797e+00,5.694900035858154e+00,9.134677552453142e-01,4.052801882800742e-01,3.557020462911544e-02,-7.706468542540900e-03
1609043859260048980,0,1609043859260048980,1.814191818237305e+00,-2.885782480239868e+00,5.687949657440186e+00,-9.142482490933685e-01,-4.047610365325492e-01,-1.262566944498022e-02,1.261882743650833e-02
1609043859466110281,0,1609043859466110281,1.677126407623291e+00,-2.754621267318726e+00,5.644332408905029e+00,9.142466606001522e-01,4.051131866044717e-01,5.361448674202933e-03,2.757623751471009e-03
1609043859672381882,0,1609043859672381882,1.526571393013000e+00,-2.625806093215942e+00,5.648311138153076e+00,-9.139311183890511e-01,-4.054610269360966e-01,1.784902121457910e-02,-3.560746796089659e-03
1609043859877843746,0,1609043859877843746,1.385630011558533e+00,-2.482806205749512e+00,5.658083915710449e+00,9.135683973819990e-01,4.062227452848567e-01,-1.508641462043786e-02,1.217639569088126e-02
1609043860050391000,0,1609043860050391000,1.244598984718323e+00,-2.318768262863159e+00,5.705169677734375e+00,-9.138652671252105e-01,-4.050723375870586e-01,2.496485170871288e-02,1.197626999885265e-02
1609043860256549714,0,1609043860256549714,1.119996070861816e+00,-2.172594547271729e+00,5.694944381713867e+00,-9.137944485031744e-01,-4.048788227483298e-01,2.771706845216520e-02,1.687035539411944e-02
1609043860462095618,0,1609043860462095618,1.004906177520752e+00,-2.024382591247559e+00,5.755484104156494e+00,-9.136834112592708e-01,-4.047547819113961e-01,2.608385827263202e-02,2.599659299011587e-02
1609043860669512502,0,1609043860669512502,9.056301712989807e-01,-1.881759285926819e+00,5.711144924163818e+00,-9.141779038780685e-01,-4.050861388822166e-01,6.245686608661361e-03,1.204041300723440e-02
1609043860875614395,0,1609043860875614395,8.113151192665100e-01,-1.744051337242126e+00,5.695326805114746e+00,9.140407830828511e-01,4.054129298697024e-01,1.224051584602199e-02,-4.469108140939334e-03
1609043861048554645,0,1609043861048554645,6.957587599754333e-01,-1.627534866333008e+00,5.796018600463867e+00,-9.141972454176143e-01,-4.050135263224697e-01,9.240513767641921e-03,1.104775416064959e-02
1609043861253237954,0,1609043861253237954,5.907819271087646e-01,-1.506484985351562e+00,5.734752178192139e+00,-9.139701702088179e-01,-4.050142651195507e-01,2.130874259747421e-02,1.295802867142385e-02
1609043861459540069,0,1609043861459540069,5.098508000373840e-01,-1.379856109619141e+00,5.824281692504883e+00,-9.129876460852294e-01,-4.038011627188577e-01,3.998208010883238e-02,4.242183815938961e-02
1609043861665431896,0,1609043861665431896,4.521657526493073e-01,-1.295461416244507e+00,5.831452846527100e+00,-9.117807465724889e-01,-4.024140216596406e-01,6.024619473386228e-02,5.558076440207282e-02
1609043861871593761,0,1609043861871593761,4.395142793655396e-01,-1.197404980659485e+00,5.751296997070312e+00,-9.139529099272518e-01,-4.035219794204544e-01,2.176831214328883e-03,4.307379674432642e-02
1609043862077792540,0,1609043862077792540,4.362032711505890e-01,-1.126011013984680e+00,5.680518150329590e+00,-9.109555047051049e-01,-4.015508757715356e-01,-7.588312527265785e-02,5.620243689942903e-02
1609043862249943124,0,1609043862249943124,3.700622320175171e-01,-1.177207231521606e+00,5.873143672943115e+00,-9.122762344880144e-01,-4.011048693482304e-01,-6.537108005103603e-02,5.092718003649505e-02
1609043862455997159,0,1609043862455997159,2.893809676170349e-01,-1.232733130455017e+00,5.808760643005371e+00,-9.140553497721301e-01,-4.043041347077845e-01,2.289322014953856e-02,2.273509802757044e-02
1609043862662460591,0,1609043862662460591,2.432635575532913e-01,-1.270405173301697e+00,5.769650936126709e+00,-9.133519865170461e-01,-4.048469786046484e-01,4.108992340170638e-02,1.409577365365945e-02
1609043862869279290,0,1609043862869279290,2.076914906501770e-01,-1.316219329833984e+00,5.770576953887939e+00,-9.135813198329930e-01,-4.046163021757861e-01,3.663549217722983e-02,1.768221645415517e-02
1609043863075140845,0,1609043863075140845,2.105620205402374e-01,-1.341888546943665e+00,5.742118358612061e+00,-9.159329385013579e-01,-3.997063495043492e-01,3.048070437443509e-02,1.930318613630091e-02
1609043863248609691,0,1609043863248609691,1.984483152627945e-01,-1.392271637916565e+00,5.721880435943604e+00,-9.082056285120322e-01,-4.170837728968401e-01,2.729179263130433e-02,2.142010224465578e-02
1609043863453288290,0,1609043863453288290,2.128474265336990e-01,-1.429556965827942e+00,5.756590843200684e+00,-8.985801128435192e-01,-4.370714406408007e-01,3.014053331980882e-02,2.477669932619866e-02
1609043863659323582,0,1609043863659323582,2.411343753337860e-01,-1.466542005538940e+00,5.687990665435791e+00,-8.891179122145495e-01,-4.573551920655800e-01,1.687513947596487e-02,3.285747641565203e-03
1609043863864992057,0,1609043863864992057,2.753993868827820e-01,-1.486503839492798e+00,5.692396163940430e+00,-8.805873540992126e-01,-4.736969206073358e-01,1.316429851418759e-02,-1.959707198720352e-03
1609043864071368266,0,1609043864071368266,3.082776963710785e-01,-1.507751941680908e+00,5.736439228057861e+00,-8.717099991402163e-01,-4.892857088127351e-01,2.310057129113161e-02,1.369438412659420e-02
1609043864277573502,0,1609043864277573502,3.470910191535950e-01,-1.525934934616089e+00,5.724300861358643e+00,-8.618896539868486e-01,-5.065699461343656e-01,2.050659256329180e-02,1.061101716611544e-02
1609043864449781445,0,1609043864449781445,3.867401778697968e-01,-1.532457351684570e+00,5.698592185974121e+00,-8.523112624557535e-01,-5.228725415215695e-01,1.302704145861031e-02,-3.367561284417309e-04
1609043864656306971,0,1609043864656306971,4.231955409049988e-01,-1.541001081466675e+00,5.663452148437500e+00,8.433311792425853e-01,5.372885777246128e-01,-7.534945519865751e-03,7.531995750516316e-03
1609043864861860160,0,1609043864861860160,4.510718882083893e-01,-1.522844076156616e+00,5.666141510009766e+00,-8.374406372397031e-01,-5.464562206456646e-01,3.255188569951092e-03,8.257224993345713e-03
1609043865068410906,0,1609043865068410906,4.680984616279602e-01,-1.515684366226196e+00,5.668665885925293e+00,-8.342271196664699e-01,-5.510471826968906e-01,-1.677642108170567e-02,1.143096454785181e-02
1609043865274308379,0,1609043865274308379,4.660311639308929e-01,-1.528115868568420e+00,5.619281291961670e+00,8.283185842644784e-01,5.599747978499473e-01,1.641981777038304e-02,6.851154602571168e-03
1609043865447690474,0,1609043865447690474,4.474367201328278e-01,-1.522255420684814e+00,5.635009288787842e+00,-8.213341718940272e-01,-5.703758916914443e-01,8.983964706311387e-03,-8.992410679004737e-04
1609043865652654195,0,1609043865652654195,4.244247376918793e-01,-1.508555531501770e+00,5.626088619232178e+00,-8.136215797742435e-01,-5.812311261082406e-01,1.360537483564761e-02,2.279636855372112e-03
1609043865858859524,0,1609043865858859524,3.972554802894592e-01,-1.502444267272949e+00,5.625952720642090e+00,-8.045967947463831e-01,-5.935506533647871e-01,1.520689160556627e-02,9.506325356175137e-03
1609043866065060237,0,1609043866065060237,3.704036474227905e-01,-1.479521393775940e+00,5.689683914184570e+00,-7.957499613126408e-01,-6.053348453753424e-01,1.546994608436026e-02,1.060211363304362e-02
1609043866271039806,0,1609043866271039806,3.430847525596619e-01,-1.449942708015442e+00,5.625913619995117e+00,7.902878907053048e-01,6.127023550506734e-01,-9.668952084059567e-04,6.319733663267281e-03
1609043866477191043,0,1609043866477191043,3.078676462173462e-01,-1.417009234428406e+00,5.670248985290527e+00,7.860616782198084e-01,6.181120225773205e-01,-2.423352736396855e-03,6.220365033292027e-03
1609043866649152168,0,1609043866649152168,2.573976516723633e-01,-1.371378660202026e+00,5.625424861907959e+00,7.819532985084714e-01,6.233055046493211e-01,2.888934930069245e-03,5.562452745550056e-03
1609043866855543747,0,1609043866855543747,1.979943662881851e-01,-1.330539703369141e+00,5.661555767059326e+00,-7.791491241430734e-01,-6.263673235450484e-01,1.163003541206778e-02,2.133918035933992e-02
1609043867061856896,0,1609043867061856896,1.473237872123718e-01,-1.289628148078918e+00,5.694790363311768e+00,-7.774213371103644e-01,-6.277586098811135e-01,8.920586867183406e-03,3.815252882326899e-02
1609043867268890947,0,1609043867268890947,1.058405041694641e-01,-1.264581799507141e+00,5.647964954376221e+00,-7.747461402795502e-01,-6.311548210184698e-01,1.422782357408451e-02,3.477900319772496e-02
1609043867474390451,0,1609043867474390451,8.057241886854172e-02,-1.254587650299072e+00,5.661893844604492e+00,-7.738704140035195e-01,-6.324190924800511e-01,1.682659444433850e-02,2.979160143623591e-02
1609043867647956690,0,1609043867647956690,6.823275238275528e-02,-1.243935942649841e+00,5.670936107635498e+00,-7.668243655311724e-01,-6.408897087324891e-01,2.604553908915736e-02,2.371504927373290e-02
1609043867852912987,0,1609043867852912987,6.484351307153702e-02,-1.223008632659912e+00,5.666638374328613e+00,-7.589873311331563e-01,-6.503931299563418e-01,2.243043824543040e-02,2.058842211242445e-02
1609043868058976674,0,1609043868058976674,6.822356581687927e-02,-1.224496006965637e+00,5.708840370178223e+00,-7.472170030693920e-01,-6.642361077437976e-01,7.982993786097672e-03,1.983469948291664e-02
1609043868265607758,0,1609043868265607758,7.620439678430557e-02,-1.214577436447144e+00,5.691514968872070e+00,-7.366062110420896e-01,-6.762220951576047e-01,8.996240403279244e-03,7.350886577986997e-03
1609043868471038106,0,1609043868471038106,7.964120805263519e-02,-1.192226886749268e+00,5.714543342590332e+00,-7.273336870068747e-01,-6.862339948665753e-01,8.168984347074108e-03,1.371032160011880e-03
1609043868677303362,0,1609043868677303362,6.967753171920776e-02,-1.179217100143433e+00,5.669458389282227e+00,7.169531602513476e-01,6.970876090110961e-01,1.647711223486847e-03,6.657057647533011e-03
1609043868849404475,0,1609043868849404475,4.663141816854477e-02,-1.149479985237122e+00,5.714190006256104e+00,7.068190672782434e-01,7.073657030628421e-01,-5.249672871794095e-04,6.347650878257494e-03
1609043869055713415,0,1609043869055713415,3.168224124237895e-03,-1.127367615699768e+00,5.634418487548828e+00,6.959795256103741e-01,7.178979407522744e-01,7.583457983928035e-03,1.332432961948709e-02
1609043869261862479,0,1609043869261862479,-6.187883764505386e-02,-1.083885073661804e+00,5.656931877136230e+00,6.920005195702448e-01,7.216335227670743e-01,1.433597023871955e-02,1.322193974454267e-02
1609043869467630721,0,1609043869467630721,-1.461322456598282e-01,-1.027794480323792e+00,5.639622211456299e+00,-6.940869309980079e-01,-7.197692800775246e-01,1.207672091421083e-02,5.446878593164594e-03
1609043869674313420,0,1609043869674313420,-2.213673442602158e-01,-9.894144535064697e-01,5.667918205261230e+00,-6.893868141041893e-01,-7.233698211438867e-01,3.336668171471849e-02,1.919861841086703e-02
1609043869847858348,0,1609043869847858348,-2.843257784843445e-01,-9.486851692199707e-01,5.631569385528564e+00,-6.788303866841532e-01,-7.332281793179569e-01,2.551658607308442e-02,3.024313150934801e-02
1609043870052109065,0,1609043870052109065,-3.330056071281433e-01,-8.911068439483643e-01,5.640144348144531e+00,-6.632641096678885e-01,-7.469563548272841e-01,9.794548603325334e-03,4.517733532709255e-02
1609043870259021103,0,1609043870259021103,-3.550260066986084e-01,-8.520898818969727e-01,5.709556102752686e+00,-6.515729530146320e-01,-7.574914059022781e-01,2.758442575715608e-02,2.997592933722339e-02
1609043870464737732,0,1609043870464737732,-3.705301880836487e-01,-8.144170045852661e-01,5.583826541900635e+00,-6.402548745353097e-01,-7.680509424866767e-01,1.239907911729384e-02,4.208113133649594e-03
1609043870671320037,0,1609043870671320037,-3.818750381469727e-01,-7.713668346405029e-01,5.687560081481934e+00,-6.276916057956580e-01,-7.778949503484746e-01,7.058806411209234e-03,2.885944365474798e-02
1609043870877455420,0,1609043870877455420,-3.672122955322266e-01,-7.398747801780701e-01,5.740864276885986e+00,-6.182432978396606e-01,-7.844021283597944e-01,8.356062765575711e-03,4.918030008065245e-02
1609043871049492703,0,1609043871049492703,-3.562232851982117e-01,-7.097083926200867e-01,5.687495708465576e+00,-6.107827246789609e-01,-7.903405813394025e-01,-6.953669261337548e-03,4.751710434826386e-02
1609043871255647621,0,1609043871255647621,-3.262209892272949e-01,-7.133013606071472e-01,5.666482448577881e+00,6.107349665651522e-01,7.912782088693723e-01,2.454429248945084e-02,-1.670851547363599e-02
1609043871462258636,0,1609043871462258636,-3.033404946327209e-01,-7.401840090751648e-01,5.698781967163086e+00,6.104498978434472e-01,7.915705610288910e-01,2.667086715582690e-02,7.458818974061575e-03
1609043871668146572,0,1609043871668146572,-3.230707943439484e-01,-7.711049914360046e-01,5.687470912933350e+00,6.102596434825669e-01,7.917466073608217e-01,2.112972232669398e-02,1.655331095449725e-02
1609043871874286038,0,1609043871874286038,-3.708329796791077e-01,-8.057430982589722e-01,5.650089263916016e+00,6.104606398105236e-01,7.915774724579502e-01,2.039613303692698e-02,1.808065530752499e-02
1609043872047621999,0,1609043872047621999,-4.518344998359680e-01,-8.362531065940857e-01,5.687953948974609e+00,6.108241002711240e-01,7.913001829503411e-01,2.032078586891831e-02,1.802788541116505e-02
1609043872252663127,0,1609043872252663127,-5.612959265708923e-01,-8.737110495567322e-01,5.694624900817871e+00,6.105735051616789e-01,7.916314430454273e-01,1.534296068584528e-02,1.685961843543031e-02
1609043872458730464,0,1609043872458730464,-6.946131587028503e-01,-9.078630805015564e-01,5.661003112792969e+00,6.106922871465033e-01,7.916555428815594e-01,1.138880066972673e-02,1.437800625892143e-02
1609043872665153282,0,1609043872665153282,-8.625587821006775e-01,-9.383249282836914e-01,5.549761772155762e+00,6.101585334961831e-01,7.919227189075455e-01,1.598506707858427e-02,1.759116000612890e-02
1609043872871405856,0,1609043872871405856,-1.044755220413208e+00,-9.612672924995422e-01,5.764184951782227e+00,-6.105591455010201e-01,-7.919050221518469e-01,1.004933038844217e-02,1.725309969620211e-03
1609043873077439756,0,1609043873077439756,-1.230253100395203e+00,-9.809591174125671e-01,5.689443588256836e+00,-6.107341008867105e-01,-7.911833618155933e-01,2.768483119094835e-02,1.631858211382985e-02
1609043873249518517,0,1609043873249518517,-1.400912880897522e+00,-9.809960722923279e-01,5.726029396057129e+00,-6.103141480246205e-01,-7.912138856865147e-01,3.303830836688860e-02,2.014194623373629e-02
1609043873456043459,0,1609043873456043459,-1.558535814285278e+00,-9.742008447647095e-01,5.658070564270020e+00,-6.101846689963503e-01,-7.919230748141683e-01,2.027841186366276e-02,1.101359664121624e-02
1609043873662535078,0,1609043873662535078,-1.712470650672913e+00,-9.532319307327271e-01,5.624524593353271e+00,-6.108020759299458e-01,-7.915655600360380e-01,1.697557865711440e-02,7.524488936700711e-03
1609043873868188099,0,1609043873868188099,-1.851919651031494e+00,-9.295637011528015e-01,5.621305465698242e+00,-6.105891572339046e-01,-7.917727539923181e-01,1.502386867822425e-02,7.146360874584269e-03
1609043874074148127,0,1609043874074148127,-1.996917843818665e+00,-8.913680315017700e-01,5.650612831115723e+00,-6.108484659477026e-01,-7.912930847975560e-01,2.350790071323208e-02,1.291449592369360e-02
1609043874247604403,0,1609043874247604403,-2.127419471740723e+00,-8.512685894966125e-01,5.615554809570312e+00,-6.105974239974540e-01,-7.918381155443781e-01,8.464661824806964e-03,9.567344406541689e-03
1609043874452451270,0,1609043874452451270,-2.263417005538940e+00,-8.099917173385620e-01,5.642880439758301e+00,-6.106923655124729e-01,-7.916214438658473e-01,1.737943317746622e-02,9.395723440022222e-03
1609043874658769270,0,1609043874658769270,-2.387236356735229e+00,-7.526057362556458e-01,5.706633090972900e+00,-6.109977654781745e-01,-7.911215542577815e-01,2.667426684726152e-02,9.843803004465072e-03
1609043874865085326,0,1609043874865085326,-2.507274389266968e+00,-6.892154216766357e-01,5.665639877319336e+00,-6.108802264940458e-01,-7.912261128363567e-01,1.900145745902010e-02,2.062842356762514e-02
1609043875070980425,0,1609043875070980425,-2.612737655639648e+00,-6.295253038406372e-01,5.658959865570068e+00,-6.115428592222212e-01,-7.903196742119627e-01,8.230184804907493e-03,3.663888570746672e-02
1609043875277230643,0,1609043875277230643,-2.693662643432617e+00,-5.808962583541870e-01,5.744131565093994e+00,-6.113990395865612e-01,-7.901841390256684e-01,3.667022840641736e-03,4.227048341786425e-02
1609043875449253926,0,1609043875449253926,-2.766880750656128e+00,-5.426239371299744e-01,5.731024265289307e+00,-6.119191120930849e-01,-7.899806734766240e-01,5.760822830104217e-03,3.810969311015699e-02
1609043875655700728,0,1609043875655700728,-2.823720216751099e+00,-5.246025323867798e-01,5.738745212554932e+00,-6.113075488741838e-01,-7.911491844046601e-01,3.486188036448465e-03,1.933636983130984e-02
1609043875861699791,0,1609043875861699791,-2.876271486282349e+00,-5.210692882537842e-01,5.796265125274658e+00,-6.111979577143622e-01,-7.911739989058535e-01,7.457476574981060e-04,2.191355291924456e-02
1609043876068337457,0,1609043876068337457,-2.940500736236572e+00,-5.147947072982788e-01,5.695178031921387e+00,6.111565360998246e-01,7.880747353810934e-01,6.272128097543002e-02,-3.862564885260335e-02
1609043876274226761,0,1609043876274226761,-3.020780563354492e+00,-5.823387503623962e-01,5.700530529022217e+00,6.096682193915032e-01,7.854214138685034e-01,9.516935768305493e-02,-4.858660575704077e-02
1609043876447046136,0,1609043876447046136,-3.124105930328369e+00,-7.327519059181213e-01,5.769672870635986e+00,6.103133723994825e-01,7.885851785929933e-01,6.851044273219978e-02,-3.094063364679869e-02
1609043876652155337,0,1609043876652155337,-3.247460603713989e+00,-9.232316017150879e-01,5.868813514709473e+00,6.117269723833388e-01,7.906760963116000e-01,2.339013647203813e-02,-8.621107584447498e-03
1609043876858492513,0,1609043876858492513,-3.375695943832397e+00,-1.105413079261780e+00,5.829959392547607e+00,-6.114355144928530e-01,-7.909517211263303e-01,1.940139218244757e-02,1.286749569803427e-02
1609043877064817418,0,1609043877064817418,-3.515551090240479e+00,-1.288476347923279e+00,5.634583950042725e+00,-6.108392944288170e-01,-7.896605732032944e-01,5.661643120598664e-02,1.030122456057125e-02
1609043877270925952,0,1609043877270925952,-3.611577510833740e+00,-1.425816774368286e+00,5.729403972625732e+00,-6.100632750195791e-01,-7.904988831304156e-01,5.295767555765205e-02,1.139301722464692e-02
1609043877476878566,0,1609043877476878566,-3.702527761459351e+00,-1.530301928520203e+00,5.617784023284912e+00,-6.108038035815421e-01,-7.909501621297756e-01,3.451561573466082e-02,1.119047933109378e-02
1609043877648864731,0,1609043877648864731,-3.778704166412354e+00,-1.617311835289001e+00,5.588093757629395e+00,-6.114596803490207e-01,-7.912391668031359e-01,7.502041791686530e-03,-1.166015912651198e-03
1609043877854552065,0,1609043877854552065,-3.861167907714844e+00,-1.694742083549500e+00,5.544289112091064e+00,6.114749241735939e-01,7.910340832455588e-01,1.425081294321988e-02,1.266532988963935e-02
1609043878061125843,0,1609043878061125843,-3.975184202194214e+00,-1.783901810646057e+00,5.589493751525879e+00,6.114646178872652e-01,7.910816713692176e-01,1.320058108829995e-02,1.124966464376977e-02
1609043878267485593,0,1609043878267485593,-4.110661506652832e+00,-1.861566901206970e+00,5.584719181060791e+00,6.121903931717593e-01,7.906955730075396e-01,3.033189477318627e-03,3.772677574329843e-03
1609043878473712179,0,1609043878473712179,-4.248622894287109e+00,-1.937860846519470e+00,5.636367797851562e+00,-6.118540066163444e-01,-7.909022890418026e-01,8.806932847916000e-03,5.539107308550408e-03
1609043878647047950,0,1609043878647047950,-4.390094757080078e+00,-2.003587007522583e+00,5.658850193023682e+00,-6.122906061656680e-01,-7.896416559815997e-01,3.099628389803847e-02,2.460689180753386e-02
1609043878851981187,0,1609043878851981187,-4.511451721191406e+00,-2.057046175003052e+00,5.668391227722168e+00,-6.127233314113929e-01,-7.890606024725655e-01,3.436715499347284e-02,2.779178704960793e-02
1609043879058185656,0,1609043879058185656,-4.610977649688721e+00,-2.099412918090820e+00,5.684430599212646e+00,-6.122565517345688e-01,-7.899107900879974e-01,2.946673026371351e-02,1.773613171512610e-02
1609043879264846134,0,1609043879264846134,-4.694783687591553e+00,-2.133334159851074e+00,5.661147117614746e+00,-6.120259314183277e-01,-7.903250511056822e-01,2.650214784006551e-02,1.040235676144092e-02
1609043879470202254,0,1609043879470202254,-4.765228271484375e+00,-2.151312828063965e+00,5.718492031097412e+00,-6.118949724852270e-01,-7.904309684868902e-01,2.586641605588889e-02,1.159117011365675e-02
1609043879676403082,0,1609043879676403082,-4.840260505676270e+00,-2.150528430938721e+00,5.679335117340088e+00,-6.123025809637542e-01,-7.902633753386263e-01,2.167207754457888e-02,9.983386120366467e-03
1609043879848654152,0,1609043879848654152,-4.901079654693604e+00,-2.143087625503540e+00,5.752428054809570e+00,-6.126818383875905e-01,-7.896892894271396e-01,1.174269092006683e-02,2.956180447837772e-02
1609043880054823500,0,1609043880054823500,-4.946511745452881e+00,-2.149633884429932e+00,5.782462120056152e+00,-6.124591858402945e-01,-7.896676473835015e-01,1.043742683377599e-02,3.478235870005417e-02
1609043880261215142,0,1609043880261215142,-4.975996017456055e+00,-2.152903318405151e+00,5.844600677490234e+00,-6.127495903427679e-01,-7.896272056647420e-01,1.889200247098111e-02,2.588257814626604e-02
1609043880468230596,0,1609043880468230596,-5.002681732177734e+00,-2.165236473083496e+00,5.817296504974365e+00,-6.122100184172238e-01,-7.899241128921336e-01,1.716623906666238e-02,3.039916869693056e-02
1609043880674486600,0,1609043880674486600,-5.008762836456299e+00,-2.172803640365601e+00,5.822990417480469e+00,-6.126096225327732e-01,-7.895201111769373e-01,1.317762096573099e-02,3.455133475125117e-02
1609043880847110731,0,1609043880847110731,-4.997750282287598e+00,-2.179649353027344e+00,5.835553646087646e+00,-6.126675869574706e-01,-7.894940477233905e-01,1.657943933625203e-02,3.259905968494182e-02
1609043881051810233,0,1609043881051810233,-4.975614070892334e+00,-2.194455385208130e+00,5.844077110290527e+00,-6.124972748198073e-01,-7.897983021180052e-01,2.839881680924069e-02,1.610085443884229e-02
1609043881257988862,0,1609043881257988862,-4.942873954772949e+00,-2.191374778747559e+00,5.885294437408447e+00,-6.121064753090977e-01,-7.899418202826526e-01,3.342718338833791e-02,1.414944747772065e-02
1609043881464343262,0,1609043881464343262,-4.906846046447754e+00,-2.174778699874878e+00,5.826322555541992e+00,-6.125007799816513e-01,-7.900643378828162e-01,2.341294382570330e-02,9.642125754761316e-03
1609043881670228322,0,1609043881670228322,-4.859953403472900e+00,-2.141028404235840e+00,5.871887683868408e+00,-6.129399781680027e-01,-7.900669635447252e-01,9.897559786566444e-03,9.025457870447942e-04
1609043881876430188,0,1609043881876430188,-4.826309680938721e+00,-2.106438398361206e+00,6.039511680603027e+00,6.123471666434056e-01,7.905769572615566e-01,2.336880196853439e-03,3.682545559463920e-03
1609043882048668655,0,1609043882048668655,-4.806271553039551e+00,-2.066253900527954e+00,6.116907596588135e+00,-6.123027835841339e-01,-7.905802658689107e-01,8.029274235010053e-03,-1.917078251592607e-03
1609043882254985618,0,1609043882254985618,-4.804202079772949e+00,-2.020613193511963e+00,6.165433406829834e+00,-6.131767381187334e-01,-7.897798317236622e-01,1.616714605368907e-02,8.535930485706463e-04
1609043882461329230,0,1609043882461329230,-4.805310249328613e+00,-1.959844470024109e+00,6.201590538024902e+00,-6.124257540897874e-01,-7.903794199027554e-01,1.178999711635356e-02,-9.801239193870779e-03
1609043882667112250,0,1609043882667112250,-4.808609008789062e+00,-1.895411610603333e+00,6.318692684173584e+00,-6.136399834402823e-01,-7.889309578346614e-01,4.869349575238675e-03,3.178370538826306e-02
1609043882873426839,0,1609043882873426839,-4.807018756866455e+00,-1.844450831413269e+00,6.343828201293945e+00,-6.138387724164841e-01,-7.872584141241086e-01,-2.661580293196318e-03,5.847278734043958e-02
1609043883046701054,0,1609043883046701054,-4.783108711242676e+00,-1.819441914558411e+00,6.417511463165283e+00,-6.136461345923543e-01,-7.869212095312648e-01,-3.404616048474217e-03,6.466714837748494e-02
1609043883251770471,0,1609043883251770471,-4.744707107543945e+00,-1.820083379745483e+00,6.386970996856689e+00,-6.145245928369510e-01,-7.876971722099499e-01,-2.112017652752343e-03,4.345375786353355e-02
1609043883457946523,0,1609043883457946523,-4.701437473297119e+00,-1.841211676597595e+00,6.372872352600098e+00,6.141915682085837e-01,7.885129812446707e-01,2.336634814617845e-02,-2.167970766485962e-02
1609043883664501860,0,1609043883664501860,-4.669480800628662e+00,-1.883477568626404e+00,6.352087020874023e+00,6.139526188390078e-01,7.885887800534025e-01,3.246077482793971e-02,1.167115642000548e-02
1609043883870714617,0,1609043883870714617,-4.667088508605957e+00,-1.940641760826111e+00,6.418388366699219e+00,6.138181993170515e-01,7.890489773130057e-01,2.274492990795950e-02,1.056398371611864e-02
1609043884076666518,0,1609043884076666518,-4.697500705718994e+00,-1.996294140815735e+00,6.376841545104980e+00,6.144557958477898e-01,7.886115588001502e-01,2.149630932986884e-02,8.590282943605372e-03
1609043884248779346,0,1609043884248779346,-4.757302284240723e+00,-2.058055162429810e+00,6.400607585906982e+00,6.148050663223434e-01,7.884816402877810e-01,1.687325063646995e-02,5.169793654311744e-03
1609043884455040300,0,1609043884455040300,-4.844002246856689e+00,-2.122169971466064e+00,6.355047225952148e+00,6.140166409944815e-01,7.886431343685141e-01,2.136281109590520e-02,2.385794411386039e-02
1609043884661034791,0,1609043884661034791,-4.956484794616699e+00,-2.181071996688843e+00,6.449122428894043e+00,6.147594563205911e-01,7.886531562068653e-01,8.652931941716610e-04,9.811286207673700e-03
1609043884868266750,0,1609043884868266750,-5.083418369293213e+00,-2.228215456008911e+00,6.443984508514404e+00,-6.152434357288643e-01,-7.877189876870947e-01,2.865350349932512e-02,1.238095177986798e-02
1609043885073651955,0,1609043885073651955,-5.194259166717529e+00,-2.268300771713257e+00,6.455717563629150e+00,-6.151825818033642e-01,-7.874982142226187e-01,3.279393044915110e-02,1.793074922110124e-02
1609043885246790838,0,1609043885246790838,-5.295568466186523e+00,-2.285522699356079e+00,6.503081798553467e+00,-6.151036407450182e-01,-7.878086936981005e-01,2.908425391672359e-02,1.261267021781827e-02
1609043885451656092,0,1609043885451656092,-5.383908271789551e+00,-2.289451122283936e+00,6.548920631408691e+00,-6.154727433752989e-01,-7.876436778693022e-01,2.262127838894800e-02,1.729209757814671e-02
1609043885658118730,0,1609043885658118730,-5.463385581970215e+00,-2.290234327316284e+00,6.575310707092285e+00,-6.156276038955247e-01,-7.873874231252794e-01,1.355079689966843e-02,2.898404956818370e-02
1609043885864177736,0,1609043885864177736,-5.526417255401611e+00,-2.293138027191162e+00,6.638244628906250e+00,-6.154662934062395e-01,-7.874694306262866e-01,1.492878505012629e-02,2.950032011392134e-02
1609043886070438363,0,1609043886070438363,-5.573440551757812e+00,-2.303948163986206e+00,6.758181095123291e+00,-6.156407293826631e-01,-7.870661624000184e-01,8.648924423197002e-03,3.792814833883072e-02
1609043886276554804,0,1609043886276554804,-5.612410068511963e+00,-2.318760156631470e+00,6.746572971343994e+00,-6.156953013678348e-01,-7.873814642746985e-01,2.768524956608310e-02,1.353708043363263e-02
1609043886448777134,0,1609043886448777134,-5.640038013458252e+00,-2.314313888549805e+00,6.798498153686523e+00,-6.158001800382572e-01,-7.872982938730254e-01,2.729265600245730e-02,1.437517505301026e-02
1609043886654727696,0,1609043886654727696,-5.651047229766846e+00,-2.305541038513184e+00,6.891450881958008e+00,-6.154730497938516e-01,-7.873805623208446e-01,3.439346033077982e-02,6.470312453085821e-03
1609043886860704379,0,1609043886860704379,-5.666512012481689e+00,-2.278655767440796e+00,6.781920433044434e+00,-6.163004151072297e-01,-7.863354564814461e-01,7.319818050998756e-03,4.238830596370266e-02
1609043887068119091,0,1609043887068119091,-5.656650543212891e+00,-2.265370845794678e+00,6.925013542175293e+00,-6.163295941711902e-01,-7.860952670731568e-01,1.636018072879032e-03,4.679087388395014e-02
1609043887273161619,0,1609043887273161619,-5.633183956146240e+00,-2.265655279159546e+00,6.943889617919922e+00,-6.157991461455058e-01,-7.872728095194130e-01,2.661558547276160e-02,1.686847971270498e-02
1609043887446347522,0,1609043887446347522,-5.592546939849854e+00,-2.275479555130005e+00,6.931086540222168e+00,-6.136510593519897e-01,-7.889102048282651e-01,3.147957479574827e-02,7.880510433001593e-03
1609043887650830201,0,1609043887650830201,-5.561941146850586e+00,-2.219358682632446e+00,6.945343971252441e+00,-6.215368940192045e-01,-7.826478931817359e-01,3.270627048827168e-02,9.190459286582287e-03
1609043887856824325,0,1609043887856824325,-5.511816501617432e+00,-2.144567728042603e+00,6.970395565032959e+00,-6.416654240475076e-01,-7.662242540831309e-01,3.260342093628780e-02,1.014361769456000e-02
1609043888063524773,0,1609043888063524773,-5.439663410186768e+00,-2.078672885894775e+00,7.031972885131836e+00,-6.627479651854812e-01,-7.479711131277744e-01,3.577285998361927e-02,4.964983131330244e-03
1609043888270249680,0,1609043888270249680,-5.380838871002197e+00,-2.007159233093262e+00,6.897648334503174e+00,-6.708054361360432e-01,-7.409402401393326e-01,1.432798167027399e-02,2.867640726900077e-02
1609043888476708002,0,1609043888476708002,-5.305471897125244e+00,-1.940383911132812e+00,6.995675086975098e+00,-6.721175778177498e-01,-7.388648783840377e-01,-3.106824641642011e-03,4.823899583934153e-02
1609043888648646327,0,1609043888648646327,-5.223408222198486e+00,-1.892760038375854e+00,7.008409500122070e+00,-6.718761537043327e-01,-7.389418495212937e-01,-3.905909061930762e-03,5.032018465706913e-02
1609043888854807014,0,1609043888854807014,-5.135308265686035e+00,-1.865422487258911e+00,6.920791149139404e+00,-6.719972865603208e-01,-7.392708744615913e-01,7.344515269464148e-03,4.294507100724081e-02
1609043889060480084,0,1609043889060480084,-5.019882678985596e+00,-1.864815473556519e+00,6.973585605621338e+00,-6.714386001501357e-01,-7.351508774437144e-01,-4.183832323186289e-02,8.350418151990488e-02
1609043889267180345,0,1609043889267180345,-4.901001453399658e+00,-1.946835517883301e+00,7.031401157379150e+00,-6.710583568920854e-01,-7.341150258742519e-01,-5.123126783928782e-02,9.017298723298445e-02
1609043889473412798,0,1609043889473412798,-4.778661727905273e+00,-2.083313941955566e+00,7.058193206787109e+00,-6.723484206375175e-01,-7.380044227152199e-01,-1.834461395909403e-02,5.441092222800890e-02
1609043889646725536,0,1609043889646725536,-4.643556118011475e+00,-2.235874414443970e+00,6.966996192932129e+00,-6.711767298149397e-01,-7.405803450382845e-01,3.248119668480880e-02,-2.742582691834307e-03
1609043889851501433,0,1609043889851501433,-4.501375675201416e+00,-2.366172313690186e+00,6.958007812500000e+00,-6.697837130404174e-01,-7.404384553244777e-01,5.091792491231847e-02,-2.341018037343554e-02
1609043890057686809,0,1609043890057686809,-4.369322299957275e+00,-2.447252511978149e+00,6.899094104766846e+00,-6.689413903760788e-01,-7.393456878246232e-01,6.702323381656658e-02,-3.732634814207887e-02
1609043890263907651,0,1609043890263907651,-4.240173339843750e+00,-2.466518402099609e+00,6.985599517822266e+00,-6.713268477709005e-01,-7.401367934039692e-01,3.435726490503556e-02,-1.836760354324238e-02
1609043890470103951,0,1609043890470103951,-4.123934268951416e+00,-2.464273929595947e+00,6.832024097442627e+00,-6.731361825708722e-01,-7.389104081552182e-01,1.362731253027034e-03,2.995382108069840e-02
1609043890676039295,0,1609043890676039295,-3.999442100524902e+00,-2.490506649017334e+00,6.932155132293701e+00,-6.728389620700894e-01,-7.385024194091595e-01,-1.415044698990133e-02,4.125133327843479e-02
1609043890848729748,0,1609043890848729748,-3.886803388595581e+00,-2.520111560821533e+00,6.849423885345459e+00,6.728686515271545e-01,7.390598014482551e-01,2.691139239659293e-02,-1.772468997108461e-02
1609043891055089984,0,1609043891055089984,-3.791470766067505e+00,-2.578433752059937e+00,6.691893577575684e+00,6.711166433994146e-01,7.398619952329830e-01,4.183722450192251e-02,2.136177914285740e-02
1609043891261100228,0,1609043891261100228,-3.738596916198730e+00,-2.663140296936035e+00,6.749188423156738e+00,6.710712204842540e-01,7.408790163127819e-01,2.081396823944187e-02,1.812398828364130e-02
1609043891468599947,0,1609043891468599947,-3.708113193511963e+00,-2.728464365005493e+00,6.876228809356689e+00,-6.717466877795183e-01,-7.404214085921876e-01,2.237165750459891e-02,5.659867145428727e-03
1609043891673446460,0,1609043891673446460,-3.676244974136353e+00,-2.766123533248901e+00,6.837503433227539e+00,-6.812741688896558e-01,-7.307838135731810e-01,3.937468494976988e-02,1.643650839605585e-02
1609043891847037065,0,1609043891847037065,-3.624708414077759e+00,-2.794802904129028e+00,6.810539245605469e+00,-6.953702044701607e-01,-7.176573874954993e-01,3.468018569183594e-02,1.501458053497426e-02
1609043892051633864,0,1609043892051633864,-3.560508012771606e+00,-2.813000202178955e+00,6.821423530578613e+00,-7.071509843847240e-01,-7.064995130135692e-01,2.648932551626748e-02,9.707678867711225e-03
1609043892257982517,0,1609043892257982517,-3.491235733032227e+00,-2.815406322479248e+00,6.791143417358398e+00,-7.191463626080672e-01,-6.945735208158937e-01,1.956269071344801e-02,3.665305041800890e-03
1609043892464246115,0,1609043892464246115,-3.420339584350586e+00,-2.806866645812988e+00,6.873298645019531e+00,-7.293796153209825e-01,-6.836428643829556e-01,2.471697003434713e-02,5.184797469951222e-03
1609043892670371557,0,1609043892670371557,-3.349656343460083e+00,-2.783657789230347e+00,6.852945804595947e+00,-7.390843005315494e-01,-6.726974310669919e-01,3.351197447825362e-02,1.046472695433815e-02
1609043892876437832,0,1609043892876437832,-3.265202045440674e+00,-2.754730701446533e+00,6.867871761322021e+00,-7.471493962510837e-01,-6.636320461697612e-01,3.461498070359104e-02,1.273146060226576e-02
1609043893048622486,0,1609043893048622486,-3.174448013305664e+00,-2.702761650085449e+00,6.806890010833740e+00,-7.563448187315098e-01,-6.533581950298616e-01,3.064591000259912e-02,1.124332537256825e-02
1609043893254969416,0,1609043893254969416,-3.068656921386719e+00,-2.633330106735229e+00,6.809529781341553e+00,-7.655235976510802e-01,-6.432148509506138e-01,1.574384019466927e-02,6.391023794190074e-04
1609043893461043745,0,1609043893461043745,-2.990377902984619e+00,-2.587323904037476e+00,6.890654087066650e+00,-7.661515886410197e-01,-6.405817536110534e-01,-3.932386973837740e-02,3.347227856344119e-02
1609043893667868666,0,1609043893667868666,-2.926985740661621e+00,-2.561526536941528e+00,6.786321640014648e+00,7.647855265867470e-01,6.401846482591244e-01,6.467848321277161e-02,-3.291516772049893e-02
1609043893873982468,0,1609043893873982468,-2.906714439392090e+00,-2.605901956558228e+00,6.814805984497070e+00,7.649860879390883e-01,6.413999890935432e-01,5.726594096638670e-02,-1.108833872527361e-02
1609043894047082633,0,1609043894047082633,-2.901445627212524e+00,-2.665177583694458e+00,6.888343334197998e+00,-7.655528980059079e-01,-6.433669865838949e-01,2.676621317656277e-03,7.187677205912118e-04
1609043894251405376,0,1609043894251405376,-2.910174608230591e+00,-2.701219558715820e+00,6.832681655883789e+00,-7.680363828994281e-01,-6.393841676068183e-01,3.580014686200209e-02,-5.133248596961763e-03
1609043894457636171,0,1609043894457636171,-2.905131816864014e+00,-2.721004724502563e+00,6.800452709197998e+00,-7.805862436766696e-01,-6.235742578190417e-01,4.184418432634249e-02,-9.451211892724565e-03
1609043894664082180,0,1609043894664082180,-2.892332553863525e+00,-2.710349082946777e+00,6.795203685760498e+00,-7.947214515173432e-01,-6.065674638136618e-01,2.166184501739519e-02,4.948819179518477e-03
1609043894870801509,0,1609043894870801509,-2.877146482467651e+00,-2.695105552673340e+00,6.797589778900146e+00,-8.080202446007438e-01,-5.888869193078768e-01,1.584484600482866e-02,8.026296687488003e-03
1609043895076705864,0,1609043895076705864,-2.856759548187256e+00,-2.669382095336914e+00,6.819161891937256e+00,-8.202773106110202e-01,-5.716889838031609e-01,1.625850560741042e-02,7.245722205196044e-03
1609043895248658617,0,1609043895248658617,-2.839210033416748e+00,-2.644359588623047e+00,6.801900863647461e+00,-8.308501438831913e-01,-5.561862408282477e-01,1.742942885272377e-02,6.412404579439801e-03
1609043895454866875,0,1609043895454866875,-2.817625761032104e+00,-2.609312772750854e+00,6.803875446319580e+00,-8.402669265027805e-01,-5.418155384072333e-01,1.881081903204278e-02,5.793759866823401e-03
1609043895660883524,0,1609043895660883524,-2.797006130218506e+00,-2.568940877914429e+00,6.780380725860596e+00,-8.491232247824345e-01,-5.276357731519670e-01,2.417801763465895e-02,2.379808535003655e-03
1609043895867720208,0,1609043895867720208,-2.771663904190063e+00,-2.510429382324219e+00,6.843629360198975e+00,-8.573646922204948e-01,-5.141723634686872e-01,-1.172092354055587e-02,2.037609211887276e-02
1609043896073777113,0,1609043896073777113,-2.756446123123169e+00,-2.485576391220093e+00,6.818314552307129e+00,-8.639717502079771e-01,-5.031198930825975e-01,-8.568854483081308e-03,1.870194535251148e-02
1609043896247211694,0,1609043896247211694,-2.746578931808472e+00,-2.464453220367432e+00,6.793117523193359e+00,-8.702784857165435e-01,-4.923326496691667e-01,1.327542267340637e-02,6.905253181455942e-03
1609043896451895640,0,1609043896451895640,-2.729690313339233e+00,-2.431079387664795e+00,6.749583721160889e+00,-8.784823665152144e-01,-4.772450003634501e-01,2.227613966246324e-02,3.116881720157762e-03
1609043896658215907,0,1609043896658215907,-2.713515520095825e+00,-2.377242565155029e+00,6.777147769927979e+00,-8.862103724176350e-01,-4.628286064336436e-01,2.018831153937947e-02,3.645403033558081e-03
1609043896864658675,0,1609043896864658675,-2.692261457443237e+00,-2.341654777526855e+00,6.758923530578613e+00,-8.906951314924483e-01,-4.541392640903808e-01,1.996999503524235e-02,4.572837783030333e-03
1609043897071004370,0,1609043897071004370,-2.674712181091309e+00,-2.284388303756714e+00,6.781120300292969e+00,-8.905127009272310e-01,-4.547745031511116e-01,7.265467192831537e-03,1.070017557880682e-02
1609043897276939048,0,1609043897276939048,-2.652921915054321e+00,-2.232862710952759e+00,6.785341739654541e+00,-8.901720552035421e-01,-4.548351272206551e-01,1.759743332480997e-02,2.022497271323815e-02
1609043897448669850,0,1609043897448669850,-2.620387077331543e+00,-2.186735391616821e+00,6.789575099945068e+00,-8.900968509799212e-01,-4.542309356567056e-01,2.297070951937055e-02,2.956686443027910e-02
1609043897655008878,0,1609043897655008878,-2.578768730163574e+00,-2.145915269851685e+00,6.753983974456787e+00,-8.900690067806748e-01,-4.540459261985223e-01,2.216497729180797e-02,3.358829934133065e-02
1609043897861272585,0,1609043897861272585,-2.521992683410645e+00,-2.110396623611450e+00,6.765196800231934e+00,-8.902276657778784e-01,-4.540621608390961e-01,-1.877858871783349e-02,3.113875051390406e-02
1609043898067879287,0,1609043898067879287,-2.487891435623169e+00,-2.122153520584106e+00,6.815679073333740e+00,-8.894971379938743e-01,-4.534949512204917e-01,-4.334411761714721e-02,3.547475420945502e-02
1609043898274086108,0,1609043898274086108,-2.467868566513062e+00,-2.165703058242798e+00,6.770452022552490e+00,-8.908146809649089e-01,-4.542170480428066e-01,2.241027790863952e-03,1.144793601950893e-02
1609043898447230340,0,1609043898447230340,-2.448383331298828e+00,-2.192529916763306e+00,6.760580062866211e+00,-8.906394337605790e-01,-4.538504680960917e-01,2.714702201843934e-02,-6.647618755924781e-03
1609043898651982331,0,1609043898651982331,-2.433163404464722e+00,-2.206155776977539e+00,6.743318557739258e+00,-8.905447949288758e-01,-4.539759993974122e-01,2.749565874549910e-02,-8.930226556941468e-03
1609043898857718791,0,1609043898857718791,-2.414444684982300e+00,-2.200701475143433e+00,6.714708328247070e+00,-8.908388788301768e-01,-4.539052902772803e-01,1.912359965508762e-02,-3.219838369145471e-03
1609043899064389887,0,1609043899064389887,-2.390543937683105e+00,-2.183349609375000e+00,6.706579685211182e+00,-8.909580537322764e-01,-4.539029254861592e-01,1.235179575091493e-02,3.648817127225848e-03
1609043899270833594,0,1609043899270833594,-2.367185831069946e+00,-2.158909797668457e+00,6.641355514526367e+00,-8.909874399507295e-01,-4.538845366199383e-01,7.584548826358754e-03,8.525484528732662e-03
1609043899476413803,0,1609043899476413803,-2.349106788635254e+00,-2.138659477233887e+00,6.610576629638672e+00,-8.910790572881985e-01,-4.536814533011930e-01,5.935214341702861e-03,1.077152837860989e-02
1609043899648795839,0,1609043899648795839,-2.330370187759399e+00,-2.115285396575928e+00,6.572222709655762e+00,-8.911114384340055e-01,-4.535890394219179e-01,7.430644633221912e-03,1.105319540738891e-02
1609043899855112562,0,1609043899855112562,-2.316270589828491e+00,-2.097860574722290e+00,6.523080348968506e+00,-8.911683353762886e-01,-4.534426627486226e-01,9.497253813410432e-03,1.088814915848633e-02
1609043900061000659,0,1609043900061000659,-2.299021482467651e+00,-2.079601526260376e+00,6.482280731201172e+00,-8.911036398435627e-01,-4.536245694539397e-01,8.714170570104946e-03,9.116812850826902e-03
1609043900267191525,0,1609043900267191525,-2.285580635070801e+00,-2.055658340454102e+00,6.441037654876709e+00,-8.911023662152063e-01,-4.535973447295524e-01,9.078040676431774e-03,1.017894677444380e-02
1609043900473423841,0,1609043900473423841,-2.276013374328613e+00,-2.040304899215698e+00,6.424960613250732e+00,-8.908624693585301e-01,-4.531602824086187e-01,-1.951019621970041e-02,2.508328884400156e-02
1609043900646831923,0,1609043900646831923,-2.281296253204346e+00,-2.047329187393188e+00,6.356462001800537e+00,-8.909403849290011e-01,-4.531236329487726e-01,-1.817924067860497e-02,2.395243148865576e-02
1609043900851653292,0,1609043900851653292,-2.297355651855469e+00,-2.071170091629028e+00,6.303495407104492e+00,-8.909326386998017e-01,-4.534399666001839e-01,-6.906707693714825e-03,2.415631134644418e-02
1609043901057881639,0,1609043901057881639,-2.313685178756714e+00,-2.101849317550659e+00,6.300958633422852e+00,-8.909175956476189e-01,-4.531201293035593e-01,1.203077729652259e-02,2.834160515979035e-02
1609043901263953630,0,1609043901263953630,-2.324881553649902e+00,-2.156839609146118e+00,6.242214202880859e+00,-8.903879354369090e-01,-4.524496991333428e-01,1.754141681618820e-02,4.680697467928330e-02
1609043901470597156,0,1609043901470597156,-2.319554805755615e+00,-2.222696304321289e+00,6.112719535827637e+00,-8.907794905061964e-01,-4.524895981174071e-01,1.548501921360336e-02,3.905479572373441e-02
1609043901676518413,0,1609043901676518413,-2.303941488265991e+00,-2.303369522094727e+00,6.033344268798828e+00,-8.912424705032066e-01,-4.531514694937246e-01,1.792431789792268e-02,4.395826988522168e-03
1609043901848500317,0,1609043901848500317,-2.278701543807983e+00,-2.372442722320557e+00,5.949400424957275e+00,-8.912218784677464e-01,-4.531667598758402e-01,1.764636647687064e-02,-7.215042218751238e-03
1609043902054869256,0,1609043902054869256,-2.256902217864990e+00,-2.422540187835693e+00,5.876288890838623e+00,-8.912555134771414e-01,-4.531470986923382e-01,1.690303808310772e-02,-5.966904295714325e-03
1609043902260800191,0,1609043902260800191,-2.237982511520386e+00,-2.463247537612915e+00,5.800017356872559e+00,-8.913310232444579e-01,-4.530755628621689e-01,1.575500159401261e-02,-1.822433507418235e-03
1609043902466946058,0,1609043902466946058,-2.220412969589233e+00,-2.488529205322266e+00,5.716873168945312e+00,-8.914755453069537e-01,-4.527774364119453e-01,1.594670153661207e-02,3.106107853610498e-03
1609043902673002469,0,1609043902673002469,-2.201637506484985e+00,-2.511504888534546e+00,5.628498077392578e+00,-8.914307292194463e-01,-4.528858744077578e-01,1.431310645503924e-02,6.385510849858726e-03
1609043902846980112,0,1609043902846980112,-2.175496816635132e+00,-2.525980949401855e+00,5.543193817138672e+00,-8.914354687341854e-01,-4.528059690944284e-01,1.566162309712775e-02,8.017044161178676e-03
1609043903051206399,0,1609043903051206399,-2.148092746734619e+00,-2.538563728332520e+00,5.513928413391113e+00,-8.914200872927243e-01,-4.526298983457667e-01,1.894333424805669e-02,1.172830687265164e-02
1609043903257964179,0,1609043903257964179,-2.118341207504272e+00,-2.548574209213257e+00,5.397064208984375e+00,-8.914294638369740e-01,-4.529278408396358e-01,1.421751812011900e-02,2.782835635562910e-03
1609043903463719274,0,1609043903463719274,-2.089848279953003e+00,-2.543782711029053e+00,5.316790580749512e+00,8.913761586951323e-01,4.531640590929069e-01,8.597422801452002e-03,-4.118686383269522e-03
1609043903669589293,0,1609043903669589293,-2.078470706939697e+00,-2.550069093704224e+00,5.321036815643311e+00,-8.913015332332083e-01,-4.530374638361498e-01,-1.194705802614953e-02,1.399646460937007e-02
1609043903876256494,0,1609043903876256494,-2.073678493499756e+00,-2.570766687393188e+00,5.254154682159424e+00,-8.913487073575319e-01,-4.529922259091390e-01,2.578608663035411e-03,1.699635064663237e-02
1609043904048387008,0,1609043904048387008,-2.076313257217407e+00,-2.591407060623169e+00,5.181375026702881e+00,-8.913517477491938e-01,-4.528580135062680e-01,1.564196477759293e-02,1.292324748315950e-02
1609043904254684444,0,1609043904254684444,-2.070983409881592e+00,-2.607472658157349e+00,5.101715564727783e+00,-8.914579479978947e-01,-4.527521335952317e-01,1.023744230908660e-02,1.460914957540569e-02
1609043904460891102,0,1609043904460891102,-2.065412282943726e+00,-2.628468275070190e+00,5.037777423858643e+00,-8.912616557207677e-01,-4.528837834741978e-01,-6.257364652026347e-03,2.257842101616835e-02
1609043904667068677,0,1609043904667068677,-2.066446304321289e+00,-2.669627666473389e+00,4.977399826049805e+00,-8.912704366101485e-01,-4.531546599342721e-01,2.306345578496514e-03,1.680903848178260e-02
1609043904873275332,0,1609043904873275332,-2.073805332183838e+00,-2.712613344192505e+00,4.886154174804688e+00,-8.911217900167194e-01,-4.531517300250135e-01,2.236698674262924e-02,7.428515113397234e-03
1609043905046314708,0,1609043905046314708,-2.063962697982788e+00,-2.742334365844727e+00,4.789546966552734e+00,-8.911006617430277e-01,-4.532622546585807e-01,2.035818879611378e-02,8.859079630524010e-03
1609043905251214576,0,1609043905251214576,-2.048683166503906e+00,-2.766121625900269e+00,4.720265388488770e+00,-8.910448717375155e-01,-4.533785619446559e-01,2.031696080779287e-02,8.610297486427653e-03
1609043905457546118,0,1609043905457546118,-2.032948493957520e+00,-2.787741184234619e+00,4.648344516754150e+00,-8.910050782494187e-01,-4.535015826906996e-01,1.947061799936154e-02,8.195124495750810e-03
1609043905663916746,0,1609043905663916746,-2.000694513320923e+00,-2.764407157897949e+00,4.562430858612061e+00,-8.942268490222589e-01,-4.472232440042816e-01,1.677200951883681e-02,8.271167191470818e-03
1609043905870960391,0,1609043905870960391,-2.000849723815918e+00,-2.817096948623657e+00,4.492774486541748e+00,-8.792425794429155e-01,-4.760968846259960e-01,1.426557085485329e-02,7.793358209059327e-03
1609043906076654789,0,1609043906076654789,-1.986042022705078e+00,-2.805140495300293e+00,4.427710056304932e+00,-8.542800758705565e-01,-5.194652654377887e-01,1.678506047396815e-02,8.924781181018235e-03
1609043906248086737,0,1609043906248086737,-1.967285990715027e+00,-2.789002895355225e+00,4.370354652404785e+00,-8.342443992538323e-01,-5.508869245303643e-01,2.105054084484847e-02,1.080524989199831e-02
1609043906454228007,0,1609043906454228007,-1.943591237068176e+00,-2.790000438690186e+00,4.354816436767578e+00,-8.096021035649686e-01,-5.863214886848256e-01,2.358415776528505e-02,1.467423974486572e-02
1609043906660327950,0,1609043906660327950,-1.918987512588501e+00,-2.781396627426147e+00,4.240955829620361e+00,-7.835944931188418e-01,-6.211742884997251e-01,8.160906950081339e-03,7.454747375842392e-03
1609043906866934645,0,1609043906866934645,-1.893085837364197e+00,-2.755521059036255e+00,4.227216243743896e+00,7.612135189538660e-01,6.484362388231788e-01,7.626286779749854e-03,-5.124694398200744e-03
1609043907073089205,0,1609043907073089205,-1.879837632179260e+00,-2.750526428222656e+00,4.218089580535889e+00,7.406499242799192e-01,6.717476772496727e-01,1.182617277317203e-02,-7.272510664057509e-03
1609043907245820699,0,1609043907245820699,-1.886968612670898e+00,-2.768814802169800e+00,4.157122135162354e+00,7.185117853998877e-01,6.953164575232561e-01,1.531030356329529e-02,-6.436827135736912e-03
1609043907450670344,0,1609043907450670344,-1.903260946273804e+00,-2.766777038574219e+00,4.207596302032471e+00,7.059747032594965e-01,7.081410819460331e-01,8.693507114044631e-03,-7.768484538548481e-03
1609043907657120472,0,1609043907657120472,-1.934595227241516e+00,-2.786664009094238e+00,4.114602565765381e+00,6.935093334165159e-01,7.201359628918218e-01,1.991944853847403e-02,-7.225993632142376e-03
1609043907863492307,0,1609043907863492307,-1.979379415512085e+00,-2.825911760330200e+00,4.089962482452393e+00,6.790590419074868e-01,7.339287259998398e-01,1.396120863768168e-02,-5.703280574652996e-03
1609043908069842384,0,1609043908069842384,-2.041787385940552e+00,-2.868897199630737e+00,4.054427146911621e+00,-6.652530626214932e-01,-7.462094348391077e-01,2.066460814748601e-02,1.352094670997008e-02
1609043908275633473,0,1609043908275633473,-2.076932430267334e+00,-2.929962158203125e+00,3.984815120697021e+00,-6.528532980620730e-01,-7.569819898278047e-01,2.389500604002999e-02,1.377922248018141e-02
1609043908447165637,0,1609043908447165637,-2.113574266433716e+00,-2.921294450759888e+00,3.949279785156250e+00,-6.526361920052915e-01,-7.572646026610126e-01,2.135859918937701e-02,1.265435427663672e-02
1609043908652844322,0,1609043908652844322,-2.123442173004150e+00,-2.899045228958130e+00,3.946019172668457e+00,-6.919722767095822e-01,-7.215553708785611e-01,2.020488080833219e-02,1.113453246350470e-02
1609043908859718523,0,1609043908859718523,-2.119024753570557e+00,-2.917517423629761e+00,3.926949501037598e+00,-7.259422656933083e-01,-6.873911942790987e-01,1.921283148551715e-02,1.149086654389941e-02
1609043909067174365,0,1609043909067174365,-2.114600419998169e+00,-2.904262304306030e+00,3.922194957733154e+00,-7.554396075150914e-01,-6.548514498571169e-01,1.940598217075638e-02,1.019734639330843e-02
1609043909273430204,0,1609043909273430204,-2.104016065597534e+00,-2.883409976959229e+00,3.940849781036377e+00,-7.864470603680013e-01,-6.172872056663630e-01,1.905299489782784e-02,9.721643100116240e-03
1609043909446278484,0,1609043909446278484,-2.088611364364624e+00,-2.876582384109497e+00,3.944123983383179e+00,-8.129263677749813e-01,-5.820306650274362e-01,1.780969320964848e-02,8.593042050092318e-03
1609043909651084507,0,1609043909651084507,-2.070647001266479e+00,-2.858098745346069e+00,3.959752321243286e+00,-8.353117317455012e-01,-5.495055321521436e-01,1.605345623012977e-02,6.345666678017394e-03
1609043909857194772,0,1609043909857194772,-2.053824186325073e+00,-2.826229095458984e+00,3.987725973129272e+00,-8.569792878854344e-01,-5.150339254125906e-01,1.687006252085594e-02,6.477406889646064e-03
1609043910062896627,0,1609043910062896627,-2.038235902786255e+00,-2.810240507125854e+00,4.004888534545898e+00,-8.765689910809081e-01,-4.809580360808849e-01,1.662265948531726e-02,5.464301991295321e-03
1609043910269076989,0,1609043910269076989,-2.014002084732056e+00,-2.766050338745117e+00,4.001095771789551e+00,-8.958385983606250e-01,-4.440901640782829e-01,1.547623626572910e-02,4.197376233096762e-03
1609043910475357066,0,1609043910475357066,-1.990423202514648e+00,-2.726629972457886e+00,3.989758968353271e+00,-9.151969268212002e-01,-4.027382472829923e-01,1.429383186859346e-02,3.489367129805001e-03
1609043910647274312,0,1609043910647274312,-1.971246004104614e+00,-2.692147493362427e+00,3.987615108489990e+00,-9.322598683393795e-01,-3.614171257339219e-01,1.599265999527703e-02,3.665233464420113e-03
1609043910854096053,0,1609043910854096053,-1.939735412597656e+00,-2.643459558486938e+00,3.966080427169800e+00,-9.473339825862731e-01,-3.198851732747852e-01,1.410106093292150e-02,5.741205165957915e-03
1609043911060352136,0,1609043911060352136,-1.923217058181763e+00,-2.591576576232910e+00,3.947182178497314e+00,-9.587171511570074e-01,-2.839919366222541e-01,-7.276859233688265e-03,1.253201223374136e-02
1609043911267115072,0,1609043911267115072,-1.926191806793213e+00,-2.560022354125977e+00,3.965302228927612e+00,-9.676559206120501e-01,-2.520946567901093e-01,-1.390906299480160e-03,9.400462860361381e-03
1609043911472676641,0,1609043911472676641,-1.930163145065308e+00,-2.528221607208252e+00,3.960703849792480e+00,-9.752678533177452e-01,-2.201382157927314e-01,1.951931856228927e-02,3.282748155698709e-03
1609043911645847005,0,1609043911645847005,-1.907538175582886e+00,-2.484323024749756e+00,3.911204814910889e+00,-9.825071817912427e-01,-1.846559568344155e-01,2.398466359056947e-02,-2.559540318801056e-03
1609043911850571628,0,1609043911850571628,-1.899279236793518e+00,-2.429537773132324e+00,3.991403102874756e+00,-9.877549425245747e-01,-1.532053572129679e-01,2.531733843551117e-02,1.507728138833089e-02
1609043912057030469,0,1609043912057030469,-1.874266743659973e+00,-2.392888307571411e+00,3.987381696701050e+00,-9.918019612385560e-01,-1.259464058062547e-01,4.620246933882857e-03,2.109563618642559e-02
1609043912263192124,0,1609043912263192124,-1.846722483634949e+00,-2.370136737823486e+00,3.981668949127197e+00,-9.957613387893002e-01,-9.099828756730506e-02,8.787733212099181e-03,1.007192024151973e-02
1609043912469622696,0,1609043912469622696,-1.835945367813110e+00,-2.338108301162720e+00,4.003456115722656e+00,-9.974263565611886e-01,-6.860365709491982e-02,1.724836614259536e-02,1.169167805263047e-02
1609043912675696444,0,1609043912675696444,-1.800597786903381e+00,-2.308350324630737e+00,3.957833528518677e+00,-9.986850491003243e-01,-5.068798833835441e-02,6.355037096482309e-03,4.302795044627509e-03
1609043912847684865,0,1609043912847684865,-1.787817835807800e+00,-2.282589435577393e+00,4.006935596466064e+00,-9.992698529370756e-01,-3.515807081319934e-02,1.803065835914543e-03,1.484654914115017e-02
1609043913053789677,0,1609043913053789677,-1.773839354515076e+00,-2.266778945922852e+00,3.966235399246216e+00,-9.996729132866763e-01,-1.855084641721463e-02,8.518855974594499e-03,1.540654507080027e-02
1609043913259996571,0,1609043913259996571,-1.750171542167664e+00,-2.269588470458984e+00,3.954988718032837e+00,-9.999375688936556e-01,4.316072604786956e-03,9.199970383420629e-03,4.646544658144446e-03
1609043913466765607,0,1609043913466765607,-1.740026831626892e+00,-2.253254890441895e+00,3.992820262908936e+00,-9.993652739000318e-01,2.117135021682702e-02,1.547280142101872e-02,2.411256247056179e-02
1609043913673218149,0,1609043913673218149,-1.716659188270569e+00,-2.276518583297729e+00,3.939390420913696e+00,-9.986877581991486e-01,4.321437376716289e-02,1.218280037249175e-02,2.463450624946366e-02
1609043913845621495,0,1609043913845621495,-1.700237751007080e+00,-2.303683757781982e+00,3.953043937683105e+00,-9.975670507984191e-01,6.624696311637596e-02,-2.169527757305569e-02,-7.962224750434352e-04
1609043914050648276,0,1609043914050648276,-1.735768318176270e+00,-2.307240486145020e+00,3.978065490722656e+00,9.960776343003438e-01,-8.148248636745788e-02,3.406114179897454e-02,5.457974107460205e-03
1609043914256820663,0,1609043914256820663,-1.742564439773560e+00,-2.340656518936157e+00,3.996350049972534e+00,9.939065214503747e-01,-1.084672080124015e-01,1.897984990217801e-02,4.945371785934537e-03
1609043914463133540,0,1609043914463133540,-1.817080497741699e+00,-2.335935831069946e+00,3.933798074722290e+00,9.921364522488715e-01,-1.237843777928779e-01,-1.810623860824252e-02,3.853836648584616e-03
1609043914669285024,0,1609043914669285024,-1.853262782096863e+00,-2.330605506896973e+00,3.974958419799805e+00,9.901491269494038e-01,-1.365477846719752e-01,-3.095326588473814e-02,1.142030462697201e-03
1609043914875236845,0,1609043914875236845,-1.885379314422607e+00,-2.322300910949707e+00,3.969353437423706e+00,-9.891487780761603e-01,1.448862566016611e-01,2.394550364262475e-02,4.390937678611692e-03
1609043915047199633,0,1609043915047199633,-1.905630350112915e+00,-2.316548347473145e+00,3.949407100677490e+00,9.879032520245962e-01,-1.538267019061546e-01,-1.954730823145139e-02,-1.553435163504481e-03
1609043915253478627,0,1609043915253478627,-1.903055787086487e+00,-2.319841384887695e+00,3.965998888015747e+00,9.861843130486528e-01,-1.648366940359636e-01,-1.640917667733257e-02,-3.223613236502747e-04
1609043915459624735,0,1609043915459624735,-1.904862403869629e+00,-2.314517259597778e+00,3.964287519454956e+00,9.838858265256089e-01,-1.781670068317452e-01,-1.500644187858374e-02,6.885333084480881e-05
1609043915665541114,0,1609043915665541114,-1.899040222167969e+00,-2.326248168945312e+00,3.994844913482666e+00,9.808977535941173e-01,-1.941588782643499e-01,-1.188350588790061e-02,-8.421834454870457e-04
1609043915872253932,0,1609043915872253932,-1.903793811798096e+00,-2.311908006668091e+00,4.009957313537598e+00,9.778517773848920e-01,-2.090525629883092e-01,-1.013591869006062e-02,4.364923079708577e-04
1609043916045679698,0,1609043916045679698,-1.895953416824341e+00,-2.317680358886719e+00,4.040910720825195e+00,9.739193876975494e-01,-2.267101118287754e-01,-8.900604356313051e-03,2.081034239783326e-03
1609043916250636743,0,1609043916250636743,-1.880037069320679e+00,-2.314927577972412e+00,4.026195049285889e+00,9.702126212908460e-01,-2.418908815327619e-01,-1.321407759092048e-02,-1.288049948645862e-03
1609043916456829104,0,1609043916456829104,-1.878846049308777e+00,-2.312453746795654e+00,4.028504848480225e+00,9.661084602589162e-01,-2.577449199427974e-01,-1.420959660746615e-02,-2.943196906388485e-04
1609043916662932327,0,1609043916662932327,-1.852380633354187e+00,-2.319967031478882e+00,4.073585033416748e+00,-9.604359598548053e-01,2.779953999220725e-01,1.444467989065437e-02,8.525013947323863e-03
1609043916868989630,0,1609043916868989630,-1.836541533470154e+00,-2.330770492553711e+00,4.062753677368164e+00,9.551755026566425e-01,-2.959403499617091e-01,-7.427783130730744e-03,-1.973936912491081e-03
1609043917075617598,0,1609043917075617598,-1.823108673095703e+00,-2.339199304580688e+00,4.072846412658691e+00,9.503269962214282e-01,-3.110458472900213e-01,9.042268791994022e-03,6.878845214390228e-03
1609043917247646956,0,1609043917247646956,-1.811172127723694e+00,-2.341358184814453e+00,4.076291561126709e+00,9.453110705332590e-01,-3.258038388407743e-01,1.253189035660734e-02,9.043796103881778e-03
1609043917453786429,0,1609043917453786429,-1.823423504829407e+00,-2.330573320388794e+00,4.060280799865723e+00,9.401885130747247e-01,-3.399702261299551e-01,1.709141059566635e-02,1.317910889764456e-02
1609043917660060111,0,1609043917660060111,-1.856801033020020e+00,-2.286299943923950e+00,4.068167209625244e+00,-9.369482206507499e-01,3.493598171566605e-01,-8.545179927855666e-03,1.652233536542511e-03
1609043917866041138,0,1609043917866041138,-1.870092391967773e+00,-2.270945787429810e+00,4.029653549194336e+00,-9.333874336764748e-01,3.588094265758548e-01,-3.435808465547999e-03,5.647058999037652e-03
1609043918072371756,0,1609043918072371756,-1.929067611694336e+00,-2.235804796218872e+00,4.033721923828125e+00,-9.293959801917148e-01,3.688396262459376e-01,-4.152969974259106e-03,1.277477806584882e-02
1609043918245811453,0,1609043918245811453,-1.977968454360962e+00,-2.213133096694946e+00,4.103271484375000e+00,-9.288761728963753e-01,3.692179158878258e-01,-1.460794580794799e-03,2.941176791738746e-02
1609043918451806029,0,1609043918451806029,-2.049750566482544e+00,-2.211638927459717e+00,3.964008092880249e+00,-9.296010918484992e-01,3.683119045704233e-01,5.498494739845855e-03,1.256652463418658e-02
1609043918656735558,0,1609043918656735558,-2.111049652099609e+00,-2.215814113616943e+00,4.071404933929443e+00,-9.290876845589731e-01,3.685305406992470e-01,2.210106424370417e-04,3.132516763024138e-02
1609043918862816320,0,1609043918862816320,-2.196173906326294e+00,-2.242314100265503e+00,4.041740417480469e+00,-9.287165600619859e-01,3.686402348728833e-01,-5.335183059499298e-03,3.951536563437980e-02
1609043919068795127,0,1609043919068795127,-2.298187494277954e+00,-2.294977664947510e+00,4.050219535827637e+00,-9.285567150668773e-01,3.685281734431421e-01,-7.219954749162536e-03,4.378680778831910e-02
1609043919275386525,0,1609043919275386525,-2.416087150573730e+00,-2.374474048614502e+00,4.092681884765625e+00,-9.281880890798208e-01,3.685830886227806e-01,-7.612618616450784e-03,5.055122263054164e-02
1609043919447327691,0,1609043919447327691,-2.559729814529419e+00,-2.484876632690430e+00,3.994580507278442e+00,-9.284098071406088e-01,3.686482339221688e-01,-6.171644349201793e-03,4.599587413269404e-02
1609043919653824128,0,1609043919653824128,-2.712438106536865e+00,-2.615312576293945e+00,3.981899499893188e+00,-9.293826525234095e-01,3.685573820841507e-01,2.097185209651478e-03,2.022234195204795e-02
1609043919859691068,0,1609043919859691068,-2.882654905319214e+00,-2.763240337371826e+00,3.900033950805664e+00,9.295400538960678e-01,-3.685021050536016e-01,-1.200586455145963e-02,-4.164851777890602e-03
1609043920065762998,0,1609043920065762998,-3.040118932723999e+00,-2.911509990692139e+00,3.853809595108032e+00,9.292789462735045e-01,-3.678973796168743e-01,-2.584211104417851e-02,2.059959661311864e-02
1609043920272042772,0,1609043920272042772,-3.162656545639038e+00,-3.035117626190186e+00,3.945315361022949e+00,9.293852696382350e-01,-3.682094747944131e-01,-2.313151602654067e-02,1.139018074490365e-02
1609043920445534397,0,1609043920445534397,-3.286095380783081e+00,-3.155111312866211e+00,3.924355745315552e+00,9.298867197612232e-01,-3.672806214835029e-01,-1.911952378844556e-02,7.076531954811358e-03
1609043920650425489,0,1609043920650425489,-3.382756710052490e+00,-3.291383266448975e+00,3.924006462097168e+00,9.283410529258593e-01,-3.712500496447425e-01,-1.761586074481967e-02,6.780231670246683e-03
1609043920856559952,0,1609043920856559952,-3.491298913955688e+00,-3.395847797393799e+00,3.937486886978149e+00,9.295639012199338e-01,-3.682685011071693e-01,-1.607940749791030e-02,5.542318609764682e-03
1609043921062454495,0,1609043921062454495,-3.552063703536987e+00,-3.546584129333496e+00,3.927561998367310e+00,9.227342319057575e-01,-3.851317851763996e-01,-1.371306566597484e-02,6.855446460446168e-03
1609043921268588484,0,1609043921268588484,-3.615532875061035e+00,-3.698508739471436e+00,3.989450693130493e+00,9.103650618197263e-01,-4.135966859940660e-01,-1.250820804597574e-02,-4.096374515412865e-03
1609043921475495620,0,1609043921475495620,-3.714703321456909e+00,-3.793116331100464e+00,3.976055622100830e+00,-9.020953276297582e-01,4.311887829323006e-01,1.420399292865716e-02,9.924712933031673e-03
1609043921647501078,0,1609043921647501078,-3.781511783599854e+00,-3.923821926116943e+00,3.989985466003418e+00,-9.015650392522331e-01,4.321839192397358e-01,1.534210582762872e-02,1.273419559590960e-02
1609043921853631019,0,1609043921853631019,-3.846078634262085e+00,-4.061801433563232e+00,3.980491638183594e+00,9.015730348310647e-01,-4.324127834860690e-01,-1.333771798382293e-02,-2.711608806210080e-03
1609043922059711812,0,1609043922059711812,-3.902360200881958e+00,-4.201220035552979e+00,4.008986473083496e+00,9.016218144525734e-01,-4.323940541253805e-01,-1.065207748328638e-02,-1.374974797521532e-04
1609043922266225401,0,1609043922266225401,-3.947199106216431e+00,-4.335941314697266e+00,3.960484266281128e+00,9.015187690258957e-01,-4.324140969418176e-01,-1.677212363451982e-02,-8.085349802808336e-04
1609043922471819826,0,1609043922471819826,-4.004230976104736e+00,-4.484903335571289e+00,4.042124271392822e+00,9.016613935549973e-01,-4.322441832018919e-01,3.112155921428760e-03,1.272839134024245e-02
1609043922645016210,0,1609043922645016210,-4.049326896667480e+00,-4.611468791961670e+00,3.999000072479248e+00,9.016559496685955e-01,-4.323874909243586e-01,-5.812661625406767e-04,7.567578807576988e-03
1609043922850102178,0,1609043922850102178,-4.103971958160400e+00,-4.733937740325928e+00,3.987284898757935e+00,9.017428070463578e-01,-4.321517740119340e-01,1.122262817597842e-03,1.017323373670817e-02
1609043923056291800,0,1609043923056291800,-4.159408092498779e+00,-4.845456600189209e+00,4.087831497192383e+00,-9.017227730127104e-01,4.322261915561024e-01,-7.702175422970231e-03,4.151681217190995e-03
1609043923262461263,0,1609043923262461263,-4.234264850616455e+00,-4.959527015686035e+00,4.027102947235107e+00,-9.017837748828375e-01,4.319694610274060e-01,-1.283894581470272e-02,-4.854849958474220e-03
1609043923468644434,0,1609043923468644434,-4.305396080017090e+00,-5.056930065155029e+00,4.044012069702148e+00,9.019171109293836e-01,-4.317186666141462e-01,8.040745501782864e-03,9.993213771012997e-03
1609043923674793013,0,1609043923674793013,-4.386009693145752e+00,-5.145551681518555e+00,3.955018520355225e+00,9.017748093306359e-01,-4.316400525145770e-01,-2.160056080312752e-02,4.740685066387493e-03
1609043923846918677,0,1609043923846918677,-4.453933238983154e+00,-5.244540214538574e+00,4.040344238281250e+00,9.015581291959018e-01,-4.321133057951866e-01,-2.144286245635996e-02,-3.351758526286095e-03
1609043924053110493,0,1609043924053110493,-4.508753776550293e+00,-5.343578815460205e+00,4.030926704406738e+00,9.017774359711457e-01,-4.316584707940469e-01,-2.164164061808532e-02,-2.448599786045377e-04
1609043924258993185,0,1609043924258993185,-4.563937187194824e+00,-5.421792030334473e+00,4.047171592712402e+00,9.006536822346769e-01,-4.340577650772934e-01,-2.027745203953879e-02,2.371959529001354e-03
1609043924465519206,0,1609043924465519206,-4.598492145538330e+00,-5.574376583099365e+00,3.941041946411133e+00,8.870389278580967e-01,-4.610639349624929e-01,-2.055122968387626e-02,1.263468637288737e-02
1609043924671703382,0,1609043924671703382,-4.619015693664551e+00,-5.718118667602539e+00,4.018709659576416e+00,8.673457078933922e-01,-4.974632012873250e-01,-1.514780650070815e-02,-3.511455836794987e-03
1609043924845669770,0,1609043924845669770,-4.647149085998535e+00,-5.807968139648438e+00,4.038591861724854e+00,-8.632749057875638e-01,5.044459268828447e-01,1.406776190133585e-02,9.635453485328346e-03
1609043925050530247,0,1609043925050530247,-4.667221069335938e+00,-5.925830364227295e+00,3.965483188629150e+00,-8.635553291054094e-01,5.040124833281562e-01,1.118021989185456e-02,1.089095524749065e-02
1609043925256302800,0,1609043925256302800,-4.686491012573242e+00,-6.060386180877686e+00,4.001317977905273e+00,8.639765265189121e-01,-5.032921937706311e-01,1.097354277677877e-02,1.100502943146598e-02
1609043925462492207,0,1609043925462492207,-4.713322639465332e+00,-6.165884017944336e+00,3.984793901443481e+00,8.636864054808912e-01,-5.026426675904276e-01,2.943877853054466e-02,2.301086751311568e-02
1609043925668310936,0,1609043925668310936,-4.752832412719727e+00,-6.252268791198730e+00,3.930995225906372e+00,8.641502090792832e-01,-5.029441030794598e-01,1.122548384038177e-02,1.286988105532676e-02
1609043925874579821,0,1609043925874579821,-4.807679176330566e+00,-6.336189746856689e+00,3.897716760635376e+00,8.641020646420970e-01,-5.032732374011145e-01,-6.605289604916373e-03,2.013611229337428e-04
1609043926046681116,0,1609043926046681116,-4.850429058074951e+00,-6.411065101623535e+00,3.897387742996216e+00,8.641977805690210e-01,-5.029983569855843e-01,-1.104535820915127e-02,-5.731403965231210e-03
1609043926253078232,0,1609043926253078232,-4.902093887329102e+00,-6.505885601043701e+00,3.862904310226440e+00,-8.641142049793906e-01,5.030488016748146e-01,1.111289572455622e-02,1.118246104326489e-02
1609043926459117270,0,1609043926459117270,-4.949271202087402e+00,-6.606771945953369e+00,3.844237565994263e+00,-8.640107274822997e-01,5.028781786112234e-01,1.633168898331839e-02,1.822844499999337e-02
1609043926666588224,0,1609043926666588224,-4.997405529022217e+00,-6.718149185180664e+00,3.883756875991821e+00,8.645469481072173e-01,-5.023891280224098e-01,8.171644999589429e-03,9.846968131361529e-03
1609043926871677977,0,1609043926871677977,-5.058607578277588e+00,-6.807319641113281e+00,3.915397882461548e+00,8.635788529576114e-01,-5.008855021633586e-01,4.542597386777230e-02,3.580166679277658e-02
1609043927044957336,0,1609043927044957336,-5.137042522430420e+00,-6.855515956878662e+00,3.902786016464233e+00,8.640134573531746e-01,-5.014786508946967e-01,3.601821059463862e-02,2.650654098536812e-02
1609043927249819710,0,1609043927249819710,-5.226444244384766e+00,-6.886647701263428e+00,3.862994432449341e+00,8.646025799186485e-01,-5.023105298639661e-01,-1.099422845554292e-02,-5.063331557979561e-03
1609043927455706255,0,1609043927455706255,-5.312368392944336e+00,-6.927395343780518e+00,3.895564079284668e+00,8.645208959447293e-01,-5.022713709665806e-01,-1.618056763323523e-02,-8.079580022536973e-03
1609043927662133037,0,1609043927662133037,-5.402274131774902e+00,-6.965073585510254e+00,3.934842109680176e+00,8.648724794459782e-01,-5.019581663994689e-01,4.922647685643229e-03,3.059578665840713e-03
1609043927868442679,0,1609043927868442679,-5.506532669067383e+00,-7.003266811370850e+00,3.916873693466187e+00,8.657314183790745e-01,-5.003967394955574e-01,6.628226076816080e-03,8.263228947924854e-03
1609043928074429867,0,1609043928074429867,-5.587541580200195e+00,-7.042896747589111e+00,3.952907562255859e+00,8.643013167208516e-01,-5.026186422827695e-01,6.213138495860491e-03,1.786424514102928e-02
1609043928246662413,0,1609043928246662413,-5.690371990203857e+00,-7.083608150482178e+00,3.950711727142334e+00,8.539676646922973e-01,-5.201305833867075e-01,-2.284444055433392e-03,1.407782657745485e-02
1609043928452805178,0,1609043928452805178,-5.780273437500000e+00,-7.081694602966309e+00,3.957077026367188e+00,8.491501931751162e-01,-5.280041840036450e-01,-6.502577106134297e-03,1.064178538999433e-02
1609043928659592990,0,1609043928659592990,-5.871028900146484e+00,-7.086594104766846e+00,3.972332715988159e+00,8.495926934646754e-01,-5.273422080035295e-01,-4.574675803514701e-03,9.029020472513506e-03
1609043928866195772,0,1609043928866195772,-5.955923557281494e+00,-7.094171524047852e+00,3.981613636016846e+00,8.500057579817625e-01,-5.267232486678787e-01,2.480757163768764e-03,6.832024187602917e-03
1609043929071689799,0,1609043929071689799,-6.040380954742432e+00,-7.094122409820557e+00,3.983503818511963e+00,-8.497527262140685e-01,5.271488310240851e-01,-4.391232759208113e-03,3.889899298597753e-03
1609043929245018282,0,1609043929245018282,-6.134575843811035e+00,-7.098432064056396e+00,3.935682296752930e+00,-8.497016707373376e-01,5.271847949588337e-01,-4.207757579814092e-03,8.096757779446970e-03
1609043929449803696,0,1609043929449803696,-6.238629817962646e+00,-7.102382183074951e+00,3.930288791656494e+00,-8.497015532344402e-01,5.272241471110335e-01,-6.249093478139034e-03,1.708205117814037e-03
1609043929656484374,0,1609043929656484374,-6.348841190338135e+00,-7.107393741607666e+00,3.925779581069946e+00,-8.495888703695632e-01,5.273867312757297e-01,-7.868036983392267e-03,2.846269470407506e-04
1609043929862448662,0,1609043929862448662,-6.469468116760254e+00,-7.112959384918213e+00,3.903609514236450e+00,-8.494718351834329e-01,5.276010280223309e-01,-3.654536832679326e-03,4.626102075041178e-03
1609043930068491043,0,1609043930068491043,-6.596306800842285e+00,-7.119505882263184e+00,3.903648614883423e+00,-8.492248105354911e-01,5.279158892752459e-01,1.198530814992525e-03,1.098173691049249e-02
1609043930274686071,0,1609043930274686071,-6.730175495147705e+00,-7.136865615844727e+00,3.914768934249878e+00,-8.492723477660244e-01,5.278080130157290e-01,3.245100608612713e-03,1.202705443626617e-02
1609043930446571535,0,1609043930446571535,-6.861879348754883e+00,-7.160914897918701e+00,3.863666772842407e+00,-8.493239433821944e-01,5.277056639413169e-01,8.519876275534136e-03,1.014806140218187e-02
1609043930652718752,0,1609043930652718752,-7.003758430480957e+00,-7.200001239776611e+00,3.851179361343384e+00,-8.493987208299179e-01,5.275683138766775e-01,1.143311003594155e-02,7.922830348095237e-03
1609043930858794579,0,1609043930858794579,-7.142603397369385e+00,-7.232528209686279e+00,3.848917722702026e+00,-8.507500230301096e-01,5.254460843824514e-01,8.882561492326298e-03,7.204916568070961e-03
1609043931065182392,0,1609043931065182392,-7.286892414093018e+00,-7.312722682952881e+00,3.834353923797607e+00,-8.384483955113193e-01,5.449397224937552e-01,5.115640626197886e-03,4.337872048259863e-03
1609043931270792073,0,1609043931270792073,-7.428219795227051e+00,-7.423144340515137e+00,3.798946857452393e+00,-8.153068412335986e-01,5.789919272574311e-01,4.992119200217721e-03,4.263983385081727e-03
1609043931445011044,0,1609043931445011044,-7.583362579345703e+00,-7.446394443511963e+00,3.803658485412598e+00,8.046192030981492e-01,-5.937435930985383e-01,6.212758175056310e-04,7.489838215562624e-03
1609043931650279667,0,1609043931650279667,-7.720896244049072e+00,-7.499826431274414e+00,3.801476001739502e+00,8.043423798666158e-01,-5.940944354333054e-01,3.445894611493179e-03,8.559412831343826e-03
1609043931856341197,0,1609043931856341197,-7.850315093994141e+00,-7.548473834991455e+00,3.791190385818481e+00,8.047806644421125e-01,-5.935650746939963e-01,-2.183628819043216e-03,1.953460724762280e-03
1609043932062427739,0,1609043932062427739,-7.997071743011475e+00,-7.596766471862793e+00,3.827593088150024e+00,8.043522575128089e-01,-5.939102159833134e-01,5.983500225324115e-03,1.588391984856474e-02
1609043932268277919,0,1609043932268277919,-8.136878967285156e+00,-7.637930393218994e+00,3.815688371658325e+00,8.035984021971104e-01,-5.939348341449667e-01,1.632897562941032e-02,3.470425521944454e-02
1609043932474118870,0,1609043932474118870,-8.262234687805176e+00,-7.633105754852295e+00,3.889299154281616e+00,8.058266671854504e-01,-5.913493747200468e-01,1.368510698606744e-02,2.760466116037713e-02
1609043932646221413,0,1609043932646221413,-8.393289566040039e+00,-7.629410266876221e+00,3.870104789733887e+00,8.069675295970031e-01,-5.904438229915575e-01,-3.771307440559573e-04,1.339237990896222e-02
1609043932852577254,0,1609043932852577254,-8.514177322387695e+00,-7.612806797027588e+00,3.911609888076782e+00,8.071316093715623e-01,-5.902233169587467e-01,-1.316887084006014e-02,1.257820450004520e-03
1609043933058763219,0,1609043933058763219,-8.630604743957520e+00,-7.605804443359375e+00,3.887720823287964e+00,8.068388754569612e-01,-5.899193028004313e-01,-3.125239723815931e-02,-5.434418245566532e-03
1609043933266002536,0,1609043933266002536,-8.735046386718750e+00,-7.613196372985840e+00,3.933518648147583e+00,8.069856576848710e-01,-5.895438527718129e-01,-3.476323939300935e-02,-1.926431101155802e-03
1609043933471040873,0,1609043933471040873,-8.821319580078125e+00,-7.642051696777344e+00,3.949220418930054e+00,8.070269968741477e-01,-5.902120049625799e-01,-1.881246132767302e-02,-1.818464500855378e-03
1609043933644449233,0,1609043933644449233,-8.896151542663574e+00,-7.675894260406494e+00,3.972907066345215e+00,8.068693961420697e-01,-5.906205539204467e-01,-1.055846315634543e-02,4.202108020144508e-03
1609043933849566360,0,1609043933849566360,-8.962675094604492e+00,-7.709112644195557e+00,3.965027332305908e+00,8.069690795009968e-01,-5.904384290669313e-01,-1.353158254251849e-02,-5.123321023260581e-04
1609043934055537156,0,1609043934055537156,-9.032888412475586e+00,-7.749558925628662e+00,3.982271432876587e+00,8.073440101551111e-01,-5.899855943579003e-01,-2.631847230118715e-03,1.028207649146567e-02
1609043934261917368,0,1609043934261917368,-9.093114852905273e+00,-7.777108192443848e+00,3.992061614990234e+00,8.072190293990693e-01,-5.896082208741447e-01,1.224228536211685e-02,2.469232477436878e-02
1609043934467759592,0,1609043934467759592,-9.155800819396973e+00,-7.787527084350586e+00,4.033890247344971e+00,8.064068695020876e-01,-5.900438387616979e-01,2.383124492064330e-02,3.143725377215661e-02
1609043934674019071,0,1609043934674019071,-9.219620704650879e+00,-7.763485908508301e+00,4.007082939147949e+00,8.064766470555916e-01,-5.900098173271237e-01,2.331743304411916e-02,3.066154803362175e-02
1609043934845724610,0,1609043934845724610,-9.293233871459961e+00,-7.710955142974854e+00,4.057284355163574e+00,8.066644681457311e-01,-5.899650397968068e-01,2.098107658802331e-02,2.816881385370144e-02
1609043935052057592,0,1609043935052057592,-9.352390289306641e+00,-7.640017032623291e+00,3.974339246749878e+00,8.071665665491681e-01,-5.901008751201035e-01,2.392905952988437e-04,1.621831581041667e-02
1609043935258416259,0,1609043935258416259,-9.417517662048340e+00,-7.565367698669434e+00,3.950305461883545e+00,8.072117394995720e-01,-5.893377230269827e-01,-2.396417140362312e-02,2.271506813514287e-02
1609043935464400121,0,1609043935464400121,-9.448301315307617e+00,-7.481989383697510e+00,4.000238418579102e+00,8.067585411542210e-01,-5.890054557147328e-01,-3.526786332583184e-02,3.113530519239274e-02
1609043935671223561,0,1609043935671223561,-9.454933166503906e+00,-7.402268409729004e+00,4.031257152557373e+00,8.066529714703646e-01,-5.889864458643362e-01,-3.780899287891019e-02,3.124788414614789e-02
1609043935844444274,0,1609043935844444274,-9.419452667236328e+00,-7.318430423736572e+00,4.053977966308594e+00,8.067970355140113e-01,-5.890192246366333e-01,-3.720098525505038e-02,2.740407251333382e-02
1609043936049261261,0,1609043936049261261,-9.356818199157715e+00,-7.243392467498779e+00,4.041587352752686e+00,8.069967537523384e-01,-5.888503344570256e-01,-3.687528172916587e-02,2.552913317039024e-02
1609043936255426682,0,1609043936255426682,-9.273856163024902e+00,-7.166107654571533e+00,4.128747463226318e+00,8.069359458963873e-01,-5.904402010730998e-01,-1.332849211510915e-02,-7.556419456166238e-03
1609043936461733110,0,1609043936461733110,-9.181528091430664e+00,-7.114091396331787e+00,4.074481487274170e+00,-8.054714410709033e-01,5.924925075004528e-01,6.495490126718916e-03,1.123364513423666e-02
1609043936667828843,0,1609043936667828843,-9.103970527648926e+00,-7.046167850494385e+00,4.064404487609863e+00,-8.116473299210127e-01,5.840210941429980e-01,7.946156534122123e-03,9.210430198498445e-03
1609043936874168502,0,1609043936874168502,-9.024326324462891e+00,-7.013009548187256e+00,4.044323921203613e+00,8.164705281701738e-01,-5.772152301150240e-01,-1.299381201342656e-02,-5.442021879526378e-03
1609043937045426846,0,1609043937045426846,-8.939999580383301e+00,-6.986114025115967e+00,4.030985832214355e+00,8.209912533857455e-01,-5.706391940308391e-01,-1.832770516695812e-02,-2.892632581238537e-03
1609043937252339566,0,1609043937252339566,-8.854806900024414e+00,-6.973542690277100e+00,4.042218685150146e+00,8.249396411998065e-01,-5.649014316569637e-01,-1.880225668598533e-02,-2.726908975680018e-03
1609043937458137951,0,1609043937458137951,-8.760017395019531e+00,-6.966275691986084e+00,4.070688724517822e+00,8.320039512576560e-01,-5.544179166563379e-01,-1.871240758599929e-02,-6.328079047329930e-03
1609043937664222230,0,1609043937664222230,-8.661014556884766e+00,-6.966908454895020e+00,4.076871871948242e+00,8.391880456061014e-01,-5.435654577257079e-01,-1.675186081412653e-02,-4.403684652425216e-03
1609043937870225118,0,1609043937870225118,-8.559644699096680e+00,-6.980717658996582e+00,4.059410095214844e+00,8.466326821749179e-01,-5.318893306056840e-01,-1.695950674976642e-02,-4.383673339402963e-03
1609043938043517884,0,1609043938043517884,-8.450742721557617e+00,-7.008494377136230e+00,4.030700206756592e+00,8.525578437794280e-01,-5.221799045726566e-01,-2.174839050571605e-02,-5.270494042811519e-04
1609043938248469094,0,1609043938248469094,-8.334889411926270e+00,-7.050282955169678e+00,4.033621788024902e+00,8.562162997431594e-01,-5.161076265542314e-01,-2.291910510763964e-02,-1.131586388610405e-03
1609043938454723235,0,1609043938454723235,-8.213946342468262e+00,-7.103036880493164e+00,4.021466255187988e+00,8.584295215829945e-01,-5.124811548784141e-01,-2.136709961324064e-02,-2.295522466884749e-03
1609043938661111892,0,1609043938661111892,-8.080244064331055e+00,-7.145160198211670e+00,4.003005027770996e+00,8.659031253087733e-01,-4.997252354760424e-01,-2.188371347511664e-02,-2.751307589416930e-03
1609043938867112590,0,1609043938867112590,-7.946005344390869e+00,-7.212113380432129e+00,4.043503284454346e+00,-8.698305744737049e-01,4.932768751084589e-01,-8.503214098170514e-03,-6.257347513685314e-04
1609043939073322428,0,1609043939073322428,-7.827455043792725e+00,-7.255596637725830e+00,3.998574733734131e+00,-8.736345030297605e-01,4.860468716546937e-01,-2.129886030983778e-02,-8.219015764127998e-03
1609043939245314266,0,1609043939245314266,-7.726551055908203e+00,-7.300184726715088e+00,4.042950153350830e+00,-8.769768789041998e-01,4.789593903848970e-01,-3.501735035454395e-02,-1.682977729274614e-02
1609043939451250058,0,1609043939451250058,-7.648803234100342e+00,-7.314471721649170e+00,3.968993902206421e+00,-8.798107075614872e-01,4.735462547941264e-01,-3.721868640930789e-02,-1.737333625349301e-02
1609043939657269686,0,1609043939657269686,-7.599484920501709e+00,-7.298969268798828e+00,3.929538726806641e+00,-8.833189858202325e-01,4.673619474807459e-01,-3.229040548438230e-02,-1.666460471102196e-02
1609043939863619061,0,1609043939863619061,-7.581831455230713e+00,-7.272821903228760e+00,3.903509616851807e+00,8.856010178398729e-01,-4.613695532805174e-01,4.225660305218391e-02,3.260907857035110e-02
1609043940070133146,0,1609043940070133146,-7.566573143005371e+00,-7.194449424743652e+00,3.792486190795898e+00,-8.902274052282318e-01,4.552210977489767e-01,-8.409562757843872e-03,1.407829531755578e-02
1609043940243393857,0,1609043940243393857,-7.576135635375977e+00,-7.143190383911133e+00,3.801784038543701e+00,-8.923145132993752e-01,4.511841301466145e-01,6.168969995221337e-03,1.302435673422319e-02
1609043940448315877,0,1609043940448315877,-7.598650455474854e+00,-7.098120689392090e+00,3.784349203109741e+00,8.945968703129533e-01,-4.467918553512937e-01,4.507072857009442e-03,7.291358740265934e-03
1609043940654587804,0,1609043940654587804,-7.616621971130371e+00,-7.046332359313965e+00,3.728886842727661e+00,8.965384946417669e-01,-4.427816194107051e-01,-1.640968982662781e-04,1.277255689814081e-02
1609043940860681005,0,1609043940860681005,-7.627544403076172e+00,-6.993071556091309e+00,3.747281789779663e+00,8.974520695239325e-01,-4.408474434801060e-01,-1.521316199258010e-02,1.369009296180576e-03
1609043941066581786,0,1609043941066581786,-7.640170574188232e+00,-6.946797847747803e+00,3.684699535369873e+00,8.973332797470448e-01,-4.397635627261076e-01,-3.035781667919315e-02,2.189513469529744e-02
1609043941272887518,0,1609043941272887518,-7.618785858154297e+00,-6.885859489440918e+00,3.727920293807983e+00,8.986266848017133e-01,-4.369641018232664e-01,-2.939741144663373e-02,2.585047930514800e-02
1609043941445042279,0,1609043941445042279,-7.564841270446777e+00,-6.824005603790283e+00,3.808640956878662e+00,9.002703113735382e-01,-4.349469788934524e-01,-1.246124330607102e-02,1.338691249384777e-02
1609043941650929248,0,1609043941650929248,-7.531780242919922e+00,-6.746577262878418e+00,3.735951900482178e+00,9.009341385052897e-01,-4.304236531630254e-01,-1.393024994291925e-02,5.347059949219703e-02
1609043941857501407,0,1609043941857501407,-7.447157859802246e+00,-6.634452819824219e+00,3.789839982986450e+00,9.008687920449768e-01,-4.290524271845199e-01,-1.396986569308585e-02,6.445368181115359e-02
1609043942063499617,0,1609043942063499617,-7.337626457214355e+00,-6.465275287628174e+00,3.842962026596069e+00,9.026453840945475e-01,-4.290751389829013e-01,-1.371909806910772e-02,3.062061442526223e-02
1609043942269775024,0,1609043942269775024,-7.229180335998535e+00,-6.316552162170410e+00,3.988356828689575e+00,-9.018331540368496e-01,4.303003245780997e-01,-3.374164586587396e-04,3.922345086887927e-02
1609043942443125073,0,1609043942443125073,-7.130628108978271e+00,-6.176349639892578e+00,3.832150220870972e+00,-9.026765446256017e-01,4.293149807565417e-01,4.866709905138685e-03,2.898306773779724e-02
1609043942648303571,0,1609043942648303571,-7.050581932067871e+00,-6.091041564941406e+00,3.892401456832886e+00,-9.018034177813498e-01,4.315343276081473e-01,-6.538305871621858e-03,2.204473474527953e-02
1609043942854532338,0,1609043942854532338,-6.994774341583252e+00,-5.985182285308838e+00,3.880071878433228e+00,-9.050332910457162e-01,4.250275976751545e-01,-8.045497357321426e-03,1.419694635195853e-02
1609043943061422990,0,1609043943061422990,-6.942554950714111e+00,-5.904997825622559e+00,3.897052288055420e+00,-9.081931627143648e-01,4.181378622925865e-01,4.950074414294250e-03,1.792774608136498e-02
1609043943267174160,0,1609043943267174160,-6.899253845214844e+00,-5.820075511932373e+00,3.879766702651978e+00,-9.159049863862704e-01,4.008341560921422e-01,9.454039252416231e-03,1.899095480695374e-02
1609043943473464313,0,1609043943473464313,-6.860610008239746e+00,-5.768187046051025e+00,3.924997568130493e+00,-9.208819490007711e-01,3.893508205659544e-01,5.456884134987853e-03,1.877756492989361e-02
1609043943645607558,0,1609043943645607558,-6.828018665313721e+00,-5.728600502014160e+00,3.925473451614380e+00,-9.252855202307551e-01,3.789382708939986e-01,4.490507654086066e-03,1.524231754609235e-02
1609043943851854203,0,1609043943851854203,-6.798319339752197e+00,-5.703284263610840e+00,3.923506498336792e+00,-9.283316335019853e-01,3.715527108421138e-01,5.504214330356133e-03,1.089334338105878e-02
1609043944057800140,0,1609043944057800140,-6.776899814605713e+00,-5.688024044036865e+00,3.895251512527466e+00,9.306183152202875e-01,-3.656824389923928e-01,-1.343522156224487e-02,6.737953005327806e-03
1609043944264720626,0,1609043944264720626,-6.753726482391357e+00,-5.674584865570068e+00,3.865875720977783e+00,9.324075263464493e-01,-3.602849371884996e-01,-1.628197856168294e-02,2.336377584405328e-02
1609043944470972286,0,1609043944470972286,-6.699132442474365e+00,-5.632789611816406e+00,3.920484781265259e+00,9.337869502184443e-01,-3.565634525982243e-01,-2.019434673576927e-02,2.228506748668221e-02
1609043944643750481,0,1609043944643750481,-6.636067867279053e+00,-5.581230640411377e+00,3.916948080062866e+00,9.346324883369168e-01,-3.549247540161554e-01,-2.097232744069886e-02,7.119846447416925e-03
1609043944848838692,0,1609043944848838692,-6.558187007904053e+00,-5.545079708099365e+00,3.950578689575195e+00,9.352612752991268e-01,-3.533903918623553e-01,-1.961886347700227e-02,-4.083878192654204e-03
1609043945054252593,0,1609043945054252593,-6.478979110717773e+00,-5.508048057556152e+00,3.954647302627563e+00,-9.367929855604907e-01,3.492337853597005e-01,1.930961753574005e-02,9.044558508867052e-03
1609043945260698645,0,1609043945260698645,-6.392046928405762e+00,-5.478785514831543e+00,3.974936008453369e+00,-9.390579808498106e-01,3.432336573559263e-01,1.644086177472333e-02,9.511210462166292e-03
1609043945466482604,0,1609043945466482604,-6.296895503997803e+00,-5.462160110473633e+00,3.996374368667603e+00,-9.410407682933614e-01,3.377838888573413e-01,1.582512098128504e-02,9.689292243462148e-03
1609043945674114153,0,1609043945674114153,-6.206148147583008e+00,-5.454301357269287e+00,3.957309007644653e+00,9.432548387590436e-01,-3.314576504680779e-01,-1.949925838170789e-02,-5.090582127364920e-03
1609043945845477618,0,1609043945845477618,-6.100598812103271e+00,-5.457252979278564e+00,4.026661872863770e+00,9.450298585483428e-01,-3.268118715881043e-01,-6.013778237536290e-03,8.740795872776642e-03
1609043946051773891,0,1609043946051773891,-6.003433704376221e+00,-5.456417083740234e+00,4.037381649017334e+00,9.456279066407618e-01,-3.242238682341286e-01,1.752756771855969e-02,1.896127156549793e-02
1609043946257676760,0,1609043946257676760,-5.923068523406982e+00,-5.419740200042725e+00,4.043330669403076e+00,9.470017421141853e-01,-3.208524431660220e-01,1.341016900135543e-02,7.847134155070450e-03
1609043946464495675,0,1609043946464495675,-5.849562644958496e+00,-5.386012554168701e+00,4.006301403045654e+00,9.487412807197898e-01,-3.160512263112846e-01,-1.221375567662594e-03,-3.359271181942237e-04
1609043946670155806,0,1609043946670155806,-5.784217834472656e+00,-5.355732917785645e+00,4.041221141815186e+00,9.504890449213287e-01,-3.104000083356293e-01,3.573498760230175e-03,1.447896461740945e-02
1609043946843250690,0,1609043946843250690,-5.723203182220459e+00,-5.311711788177490e+00,4.037573337554932e+00,9.525147084096585e-01,-3.038294177052858e-01,1.053893001056449e-02,1.709813306658507e-02
1609043947048475205,0,1609043947048475205,-5.664105892181396e+00,-5.251337528228760e+00,4.030673503875732e+00,9.543446925498299e-01,-2.986631472953247e-01,4.697519655658239e-03,2.113186860289031e-03
1609043947255057390,0,1609043947255057390,-5.618850231170654e+00,-5.189846515655518e+00,4.024991035461426e+00,-9.581423182232909e-01,2.860831689744674e-01,1.533787816575240e-03,1.083355685627633e-02
1609043947461534173,0,1609043947461534173,-5.581899642944336e+00,-5.119296073913574e+00,4.007752895355225e+00,-9.650815055010857e-01,2.615190814573342e-01,7.552227330352526e-04,1.499624660019297e-02
1609043947667341776,0,1609043947667341776,-5.551053047180176e+00,-5.067226886749268e+00,3.968340158462524e+00,-9.717047894979317e-01,2.356262009425854e-01,3.305009890221579e-03,1.609883243499879e-02
1609043947873287186,0,1609043947873287186,-5.527316093444824e+00,-5.034677028656006e+00,3.939471483230591e+00,-9.773781790041576e-01,2.110112230849549e-01,5.507172814798133e-03,1.326008998069900e-02
1609043948044925312,0,1609043948044925312,-5.499640464782715e+00,-5.002798080444336e+00,3.916148424148560e+00,-9.822430509291513e-01,1.867985516986347e-01,8.325364243985927e-03,1.534856002659285e-02
1609043948251074984,0,1609043948251074984,-5.479488849639893e+00,-4.982028961181641e+00,3.925841093063354e+00,-9.866110983905818e-01,1.628693048762135e-01,1.604675492580772e-03,8.339968718897174e-03
1609043948457314359,0,1609043948457314359,-5.464332103729248e+00,-4.967295169830322e+00,3.871068954467773e+00,9.899160828840804e-01,-1.413026092930624e-01,1.910100536725512e-03,9.801682016386291e-03
1609043948663748252,0,1609043948663748252,-5.456615447998047e+00,-4.940994739532471e+00,3.863156557083130e+00,9.922115270302055e-01,-1.223046524110653e-01,-6.146011308775063e-03,2.280535402024492e-02
1609043948870162272,0,1609043948870162272,-5.437473297119141e+00,-4.896936416625977e+00,3.877160549163818e+00,9.942540547125366e-01,-1.057968533234119e-01,-9.096429148843401e-03,1.353349516144252e-02
1609043949043549022,0,1609043949043549022,-5.426028251647949e+00,-4.832515239715576e+00,3.796668767929077e+00,9.939272841707179e-01,-8.682847754076868e-02,-5.772335930507312e-03,6.735019975381376e-02
1609043949248287248,0,1609043949248287248,-5.411170959472656e+00,-4.702039241790771e+00,3.796219348907471e+00,9.941543242354764e-01,-6.964172200902538e-02,-1.493129453619247e-03,8.249230705923739e-02
1609043949454245312,0,1609043949454245312,-5.397967338562012e+00,-4.521762371063232e+00,3.808283805847168e+00,9.968087470831427e-01,-5.750876931936850e-02,-5.132137002922371e-03,5.512462571020228e-02
1609043949660511552,0,1609043949660511552,-5.370610237121582e+00,-4.307346820831299e+00,3.918203353881836e+00,-9.977441319812113e-01,5.741678783125654e-02,4.874853199135422e-03,3.444118723979510e-02
1609043949866660854,0,1609043949866660854,-5.354889392852783e+00,-4.146338462829590e+00,3.975296020507812e+00,-9.951685909004127e-01,5.821832618100656e-02,1.012725963188570e-03,7.905110099228367e-02
1609043950073303192,0,1609043950073303192,-5.339150905609131e+00,-4.020953655242920e+00,3.866427183151245e+00,-9.972552588122806e-01,5.750435134080564e-02,5.352763556488718e-03,4.633083498527327e-02
1609043950244897047,0,1609043950244897047,-5.324546813964844e+00,-3.944746732711792e+00,3.892268180847168e+00,-9.982576588459428e-01,5.689331843244773e-02,9.521538368076598e-03,1.241519956612252e-02
1609043950451412320,0,1609043950451412320,-5.310549259185791e+00,-3.867384433746338e+00,3.878660202026367e+00,9.981524516781830e-01,-5.628908846812911e-02,-1.024040950611498e-02,2.045374639049504e-02
1609043950657472020,0,1609043950657472020,-5.291195392608643e+00,-3.768101215362549e+00,3.929005146026611e+00,9.978427100867064e-01,-5.609163770923675e-02,-8.336363995216338e-03,3.307807644425886e-02
1609043950863371271,0,1609043950863371271,-5.277208328247070e+00,-3.652805328369141e+00,3.877492666244507e+00,9.975328880940681e-01,-5.614875165489842e-02,-7.834373142557879e-03,4.140141852360903e-02
1609043951069180789,0,1609043951069180789,-5.244937419891357e+00,-3.497829437255859e+00,3.903874397277832e+00,9.982044035654950e-01,-5.689819005069940e-02,-5.298549257973561e-03,1.795800788421394e-02
1609043951242951824,0,1609043951242951824,-5.220684528350830e+00,-3.335108280181885e+00,3.942817687988281e+00,-9.983060583622927e-01,5.691394025290858e-02,1.132503858064760e-02,4.190554041866602e-03
1609043951447826311,0,1609043951447826311,-5.192175865173340e+00,-3.178694486618042e+00,3.919651985168457e+00,-9.981265469535182e-01,5.748769051911753e-02,2.023260252894453e-02,5.404026307296870e-03
1609043951653953223,0,1609043951653953223,-5.144907951354980e+00,-3.030762195587158e+00,3.894716739654541e+00,-9.980409268646920e-01,5.744777055961245e-02,2.449037350347465e-02,3.779360588329724e-03
1609043951859731743,0,1609043951859731743,-5.087575435638428e+00,-2.881504297256470e+00,3.918565034866333e+00,9.981125542481243e-01,-5.831076778744117e-02,-8.677974344493758e-03,1.720105152602100e-02
1609043952066594093,0,1609043952066594093,-5.038707256317139e+00,-2.709334373474121e+00,3.971039772033691e+00,9.984750731675285e-01,-5.338563421710910e-02,-1.740835000723473e-03,1.394531519314207e-02
1609043952272879720,0,1609043952272879720,-4.985636711120605e+00,-2.533474922180176e+00,3.995616436004639e+00,9.988653973943422e-01,-4.643293512512846e-02,-2.526963594871675e-03,1.027204355999712e-02
1609043952444649402,0,1609043952444649402,-4.933637619018555e+00,-2.354575634002686e+00,3.994043111801147e+00,9.992048763824117e-01,-3.875338762755515e-02,-3.575679582138178e-03,8.660512486210846e-03
1609043952650686740,0,1609043952650686740,-4.899685859680176e+00,-2.167969942092896e+00,3.984124183654785e+00,9.995991630529453e-01,-2.690541120667701e-02,-3.418270237086925e-03,8.119575126639536e-03
1609043952856717509,0,1609043952856717509,-4.848325729370117e+00,-1.978525400161743e+00,4.041655540466309e+00,-9.995487593575457e-01,1.926180422480309e-02,3.359082281807165e-03,2.280300706092529e-02
1609043953063471761,0,1609043953063471761,-4.807040214538574e+00,-1.817674875259399e+00,4.045696735382080e+00,-9.988957328592510e-01,1.432848206612933e-02,-1.228174609566174e-03,4.472696126933825e-02
1609043953269756380,0,1609043953269756380,-4.774199008941650e+00,-1.678927302360535e+00,4.018957138061523e+00,-9.989630072094814e-01,1.070151746227119e-03,-4.698695893776220e-03,4.527347191377706e-02
1609043953443070337,0,1609043953443070337,-4.756585597991943e+00,-1.581344723701477e+00,4.021013736724854e+00,-9.990767254483868e-01,-1.622993051906568e-02,-7.722176615914313e-03,3.902119950728525e-02
1609043953647908535,0,1609043953647908535,-4.743195056915283e+00,-1.503474593162537e+00,3.986527204513550e+00,-9.989596270914640e-01,-3.434546472692961e-02,-7.896438942101468e-03,2.894302586130649e-02
1609043953854169486,0,1609043953854169486,-4.744987010955811e+00,-1.447706699371338e+00,3.998059511184692e+00,-9.981812356702159e-01,-5.572879812621002e-02,-8.865006847425749e-03,2.121163522418986e-02
1609043954060393440,0,1609043954060393440,-4.754896163940430e+00,-1.408562302589417e+00,3.947104454040527e+00,-9.966855858624672e-01,-7.870637398607032e-02,-1.127680922845069e-02,1.720416233300135e-02
1609043954266503767,0,1609043954266503767,-4.792285919189453e+00,-1.377871036529541e+00,3.987156152725220e+00,-9.941549220613305e-01,-1.060507509525491e-01,9.175549745093093e-05,2.022920523794462e-02
1609043954472731782,0,1609043954472731782,-4.826844692230225e+00,-1.360814094543457e+00,3.994745731353760e+00,-9.903698126604561e-01,-1.346684310749138e-01,1.215477607459380e-02,2.973733783126377e-02
1609043954644394043,0,1609043954644394043,-4.846941947937012e+00,-1.359755277633667e+00,3.991393804550171e+00,-9.865455475230911e-01,-1.602643105440292e-01,1.341382855577544e-02,2.938201204287924e-02
1609043954850889336,0,1609043954850889336,-4.868854045867920e+00,-1.380240321159363e+00,4.014200687408447e+00,-9.818904144547209e-01,-1.862026904217129e-01,1.238631704420820e-02,3.265503378856673e-02
1609043955056916816,0,1609043955056916816,-4.878930568695068e+00,-1.413482546806335e+00,3.997008800506592e+00,-9.771891474785661e-01,-2.103759240418550e-01,1.099409405764803e-02,2.687881190641380e-02
1609043955263354786,0,1609043955263354786,-4.887565612792969e+00,-1.464025139808655e+00,3.974332571029663e+00,-9.727534042075365e-01,-2.317583455916394e-01,6.018805558053765e-05,6.235401243952251e-03
1609043955469226402,0,1609043955469226402,-4.904268741607666e+00,-1.523643732070923e+00,3.993862390518188e+00,9.682190086233444e-01,2.498803843518645e-01,1.051131488719781e-02,-1.121211815260234e-03
1609043955642272347,0,1609043955642272347,-4.923756122589111e+00,-1.564834117889404e+00,3.967339992523193e+00,-9.650190915914635e-01,-2.620456603101115e-01,1.965487581828348e-04,8.377717183692795e-03
1609043955847226237,0,1609043955847226237,-4.945047378540039e+00,-1.617000460624695e+00,3.961004972457886e+00,9.628770185863453e-01,2.699300039705350e-01,2.373622483112652e-03,-7.714301977227030e-05
1609043956053450634,0,1609043956053450634,-4.990468502044678e+00,-1.664429545402527e+00,3.983371257781982e+00,9.588898233958765e-01,2.835732571485460e-01,5.051161266356044e-03,9.539401860214115e-03
1609043956259804765,0,1609043956259804765,-5.037790298461914e+00,-1.696123838424683e+00,3.971106052398682e+00,9.552590341966558e-01,2.951846033028304e-01,9.808484039539878e-03,1.581205867270930e-02
1609043956466070326,0,1609043956466070326,-5.111551284790039e+00,-1.716550827026367e+00,3.983513116836548e+00,9.505431489662076e-01,3.093131335435698e-01,9.350025067068580e-03,2.656472100566789e-02
1609043956672287408,0,1609043956672287408,-5.185724258422852e+00,-1.723529934883118e+00,3.909092664718628e+00,9.465477844470880e-01,3.217172529441048e-01,6.207947534628764e-03,2.251138165051740e-02
1609043956844269875,0,1609043956844269875,-5.283676624298096e+00,-1.699400305747986e+00,3.932017803192139e+00,9.428477016204260e-01,3.325327207418026e-01,1.995631180280255e-04,2.145137197702465e-02
1609043957050478297,0,1609043957050478297,-5.389009475708008e+00,-1.667117476463318e+00,3.937506675720215e+00,-9.385702727406343e-01,-3.449022613922978e-01,1.132454385797840e-02,-1.670941622798133e-04
1609043957256450107,0,1609043957256450107,-5.487996578216553e+00,-1.633970260620117e+00,4.025427818298340e+00,-9.325546413493957e-01,-3.574252449600073e-01,4.867615257979806e-02,1.482117852962641e-02
1609043957462675153,0,1609043957462675153,-5.541242122650146e+00,-1.583249449729919e+00,3.963894128799438e+00,-9.285062359862004e-01,-3.695179619297633e-01,2.616878966336893e-02,2.545270110551866e-02
1609043957669056069,0,1609043957669056069,-5.585988521575928e+00,-1.552620768547058e+00,3.970016956329346e+00,-9.244162254525778e-01,-3.800747045262007e-01,1.336179358819182e-02,2.862382873475318e-02
1609043957842238766,0,1609043957842238766,-5.618212699890137e+00,-1.533227324485779e+00,3.955506801605225e+00,-9.201752150209782e-01,-3.902162449977304e-01,1.337020729167649e-02,2.881134078701291e-02
1609043958047266233,0,1609043958047266233,-5.642701148986816e+00,-1.530787110328674e+00,3.956742525100708e+00,-9.157013364218657e-01,-4.006780488018299e-01,1.465672130833399e-02,2.708032872874880e-02
1609043958253495168,0,1609043958253495168,-5.650897979736328e+00,-1.534536957740784e+00,3.941720724105835e+00,-9.107941053713591e-01,-4.115792862620190e-01,1.726802632083443e-02,2.753913593081441e-02
1609043958459737622,0,1609043958459737622,-5.643902778625488e+00,-1.551844239234924e+00,3.938580751419067e+00,-9.079364719401447e-01,-4.178064437263246e-01,1.909694965441288e-02,2.691551625997842e-02
1609043958666086066,0,1609043958666086066,-5.623065471649170e+00,-1.577712178230286e+00,3.960554599761963e+00,-9.054173632167524e-01,-4.231516894847009e-01,1.937484692006323e-02,2.804748435583701e-02
1609043958872490774,0,1609043958872490774,-5.590416431427002e+00,-1.617552042007446e+00,3.967855691909790e+00,-8.996501279790048e-01,-4.353263529346963e-01,2.074729735984586e-02,2.627095963603837e-02
1609043959044483550,0,1609043959044483550,-5.542493343353271e+00,-1.646992444992065e+00,3.881708383560181e+00,-8.944544538826227e-01,-4.467028857272575e-01,-3.311651234613446e-03,1.991970829555931e-02
1609043959250670429,0,1609043959250670429,-5.513594627380371e+00,-1.704940915107727e+00,3.926054000854492e+00,-8.884520716114748e-01,-4.589542796781910e-01,-1.768888100359651e-03,3.279733105007730e-03
1609043959456615620,0,1609043959456615620,-5.488977909088135e+00,-1.754577279090881e+00,3.907557487487793e+00,8.812457216737529e-01,4.726118868869660e-01,8.430962623556804e-04,6.578114740585018e-03
1609043959662698304,0,1609043959662698304,-5.470417022705078e+00,-1.791814923286438e+00,3.928681612014771e+00,-8.754911096384769e-01,-4.832232018702019e-01,3.224830110424266e-03,-5.045681894045243e-04
1609043959869247929,0,1609043959869247929,-5.460601329803467e+00,-1.827811717987061e+00,3.935472011566162e+00,-8.703915118700396e-01,-4.920241326948087e-01,1.022737104885581e-02,1.504226684835006e-02
1609043960042717396,0,1609043960042717396,-5.448104858398438e+00,-1.875634789466858e+00,3.877825260162354e+00,-8.596440793265383e-01,-5.103528680792708e-01,1.089884870264922e-02,2.081398614027293e-02
1609043960247569579,0,1609043960247569579,-5.425580024719238e+00,-1.920150518417358e+00,3.864495277404785e+00,-8.477257018196900e-01,-5.297251140224346e-01,1.285947315104817e-02,2.422956868189036e-02
1609043960453937195,0,1609043960453937195,-5.399588108062744e+00,-1.966637134552002e+00,3.899456739425659e+00,-8.349248450282108e-01,-5.495589860598573e-01,1.441551995232164e-02,2.603107335443142e-02
1609043960660080144,0,1609043960660080144,-5.360877037048340e+00,-2.034619092941284e+00,3.952523708343506e+00,-8.156068698148446e-01,-5.776831215056568e-01,1.598123375709275e-02,2.849991589308152e-02
1609043960866219696,0,1609043960866219696,-5.316524982452393e+00,-2.101116418838501e+00,3.900096178054810e+00,-7.973228139318412e-01,-6.033139160341803e-01,6.592846838118604e-03,1.565833560381702e-02
1609043961072280201,0,1609043961072280201,-5.269406318664551e+00,-2.166569471359253e+00,3.860119819641113e+00,7.784499010772313e-01,6.276165602503583e-01,1.032271341148188e-02,2.578061322230565e-03
1609043961244495099,0,1609043961244495099,-5.241993904113770e+00,-2.239074945449829e+00,3.986920356750488e+00,7.578361224916074e-01,6.524142105525232e-01,5.611944819555976e-03,-2.935198690980295e-03
1609043961450419833,0,1609043961450419833,-5.227122306823730e+00,-2.313000917434692e+00,3.903474330902100e+00,-7.400186914340633e-01,-6.716556923214961e-01,1.477987416475442e-02,3.213289000419961e-02
1609043961656300681,0,1609043961656300681,-5.175903797149658e+00,-2.380036592483521e+00,3.990529775619507e+00,-7.182210121381268e-01,-6.920055426947946e-01,6.260749801388769e-02,-3.697577308736427e-02
1609043961863409708,0,1609043961863409708,-5.162495613098145e+00,-2.397222995758057e+00,3.833640098571777e+00,6.975818179943472e-01,7.130274176962057e-01,-3.817939190816521e-02,5.927767582070913e-02
1609043962069702795,0,1609043962069702795,-5.154030799865723e+00,-2.336929082870483e+00,3.941608428955078e+00,6.824898731325160e-01,7.305528249864166e-01,-5.312402653281546e-03,2.172375091869497e-02
1609043962243048832,0,1609043962243048832,-5.162356853485107e+00,-2.295477867126465e+00,3.961445808410645e+00,-6.639516209840839e-01,-7.477405485104422e-01,-4.678494803444482e-03,5.516229897726898e-03
1609043962447877998,0,1609043962447877998,-5.179967880249023e+00,-2.255526542663574e+00,4.022333621978760e+00,-6.428592295420921e-01,-7.657938691461451e-01,-4.361610266213013e-03,1.651476087051242e-02
1609043962653809811,0,1609043962653809811,-5.203283786773682e+00,-2.219101428985596e+00,3.889515876770020e+00,6.254250103424475e-01,7.800489066390909e-01,1.725937432590352e-02,-8.329086815901162e-03
1609043962859738672,0,1609043962859738672,-5.237254619598389e+00,-2.208433151245117e+00,3.967096328735352e+00,6.044219164090160e-01,7.964604659723684e-01,1.727589873604751e-02,-5.139691663101496e-03
1609043963066192149,0,1609043963066192149,-5.286994457244873e+00,-2.217220306396484e+00,3.921150922775269e+00,5.792882075482985e-01,8.149092907026566e-01,1.786394803104457e-02,-5.375861113953504e-03
1609043963271946329,0,1609043963271946329,-5.347988605499268e+00,-2.211273431777954e+00,4.021266937255859e+00,-5.617005298614609e-01,-8.271754515150478e-01,1.134527247264290e-03,1.649242287100708e-02
1609043963444007675,0,1609043963444007675,-5.411691665649414e+00,-2.225635051727295e+00,3.967861175537109e+00,-5.439108283751747e-01,-8.383475864550589e-01,1.202188673763096e-02,3.449361245906817e-02
1609043963650487080,0,1609043963650487080,-5.440826892852783e+00,-2.243025302886963e+00,3.974169492721558e+00,-5.242132635956936e-01,-8.506709347452779e-01,1.612105782586658e-02,3.604894651057351e-02
1609043963856721870,0,1609043963856721870,-5.459259986877441e+00,-2.254326581954956e+00,4.010046482086182e+00,-5.016466851807505e-01,-8.644570417812603e-01,1.074419875657887e-02,3.080890058143333e-02
1609043964063844826,0,1609043964063844826,-5.459487438201904e+00,-2.286612510681152e+00,3.958165884017944e+00,-4.732759847255566e-01,-8.802911688029553e-01,1.332203612397003e-02,3.032859645768501e-02
1609043964269472114,0,1609043964269472114,-5.431202888488770e+00,-2.321113348007202e+00,4.040150165557861e+00,-4.359549381604526e-01,-8.992931789273876e-01,1.201508542946284e-02,3.272167401451657e-02
1609043964442307567,0,1609043964442307567,-5.415730476379395e+00,-2.345700263977051e+00,3.928776264190674e+00,-4.078343863077131e-01,-9.126826877244593e-01,-3.624089323932122e-03,2.585132200953243e-02
1609043964646920547,0,1609043964646920547,-5.385295867919922e+00,-2.384733676910400e+00,3.944392442703247e+00,3.859116490196063e-01,9.218386713377658e-01,3.300260450074205e-02,-1.401753449642736e-02
1609043964852915896,0,1609043964852915896,-5.347131252288818e+00,-2.462440490722656e+00,3.981852531433105e+00,3.688206605251002e-01,9.292922525869558e-01,1.191094842949901e-02,-1.566393817658622e-02
1609043965059136617,0,1609043965059136617,-5.338080883026123e+00,-2.522433996200562e+00,3.929282665252686e+00,-3.638459298695250e-01,-9.309319306124687e-01,1.754446832988667e-02,2.596288725361367e-02
1609043965265508990,0,1609043965265508990,-5.295409679412842e+00,-2.582585334777832e+00,3.959709882736206e+00,-3.648319636414971e-01,-9.304519477707112e-01,2.521963359458831e-02,2.282063269354838e-02
1609043965472106528,0,1609043965472106528,-5.238333225250244e+00,-2.629593610763550e+00,3.979722023010254e+00,-3.643793017213199e-01,-9.308132511843260e-01,2.815168469552709e-02,4.679588181837720e-03
1609043965643990267,0,1609043965643990267,-5.202822685241699e+00,-2.658223152160645e+00,3.951250791549683e+00,-3.655493156144280e-01,-9.304798619637380e-01,2.138796013123545e-02,1.111213279217277e-02
1609043965850762672,0,1609043965850762672,-5.167610168457031e+00,-2.677242755889893e+00,3.883044481277466e+00,3.667791526170056e-01,9.301577868146783e-01,1.434213691482511e-02,-8.593482547081760e-03
1609043966056861641,0,1609043966056861641,-5.139369964599609e+00,-2.712203502655029e+00,3.932656764984131e+00,3.657432053556895e-01,9.301715179335145e-01,3.049346443722521e-02,-9.110630495374840e-03
1609043966263180442,0,1609043966263180442,-5.138297080993652e+00,-2.777919769287109e+00,3.912334442138672e+00,3.581451213037934e-01,9.330637648832152e-01,3.200833285607323e-02,-9.977443361209780e-03
1609043966469644378,0,1609043966469644378,-5.094813823699951e+00,-2.910570859909058e+00,3.996696949005127e+00,-3.349886482124416e-01,-9.420775638287482e-01,-5.223543175882827e-03,1.565834908225095e-02
1609043966642637504,0,1609043966642637504,-5.105619430541992e+00,-3.008390665054321e+00,4.011867523193359e+00,-3.033716840193776e-01,-9.520526279199361e-01,2.101150643372246e-02,3.346537917574140e-02
1609043966847281458,0,1609043966847281458,-5.096815586090088e+00,-3.107048034667969e+00,3.962260007858276e+00,-2.789465818414296e-01,-9.596498619687407e-01,2.362559093464020e-02,2.650996709444736e-02
1609043967053518038,0,1609043967053518038,-5.078376293182373e+00,-3.184311389923096e+00,3.848021745681763e+00,-2.538467956319774e-01,-9.663467372782987e-01,2.866708961536492e-02,-3.023219594982195e-02
1609043967259864967,0,1609043967259864967,-5.076690673828125e+00,-3.232259988784790e+00,3.955677270889282e+00,-2.324273978056285e-01,-9.718591330008950e-01,2.617528246801012e-02,-2.796756942912048e-02
1609043967466144710,0,1609043967466144710,-5.088616371154785e+00,-3.260618448257446e+00,4.076442241668701e+00,-2.110354994015508e-01,-9.771260809518383e-01,2.400855073666219e-02,-1.059383818853289e-02
1609043967672059668,0,1609043967672059668,-5.145020484924316e+00,-3.281808853149414e+00,3.973463058471680e+00,-1.933150839243614e-01,-9.810708600038458e-01,8.676784601711477e-03,-7.345705385248477e-03
1609043967844118698,0,1609043967844118698,-5.201039314270020e+00,-3.270795583724976e+00,4.045670509338379e+00,-1.877291271255718e-01,-9.819497378233759e-01,8.571055282459463e-03,2.142485072572059e-02
1609043968050700037,0,1609043968050700037,-5.242202758789062e+00,-3.273447036743164e+00,4.046978950500488e+00,-1.790889000334297e-01,-9.830038401241121e-01,5.773820588923651e-03,3.996597530240378e-02
1609043968256906652,0,1609043968256906652,-5.277473926544189e+00,-3.272156000137329e+00,4.050226211547852e+00,-1.689267080726772e-01,-9.846703619620546e-01,5.374999595736962e-03,4.311791915887003e-02
1609043968463612131,0,1609043968463612131,-5.255447864532471e+00,-3.288421392440796e+00,4.062154769897461e+00,-1.516754587809651e-01,-9.875756238839877e-01,3.862603449894333e-03,4.091482137716385e-02
1609043968669466320,0,1609043968669466320,-5.240705966949463e+00,-3.308568954467773e+00,4.026447296142578e+00,-1.312990475970123e-01,-9.909618979357131e-01,9.946444820771175e-03,2.561533086248119e-02
1609043968842659742,0,1609043968842659742,-5.209173679351807e+00,-3.325627803802490e+00,4.004741668701172e+00,-1.094326117221069e-01,-9.936058912943436e-01,9.599387844603475e-03,2.607082718021280e-02
1609043969047500084,0,1609043969047500084,-5.171446800231934e+00,-3.322708368301392e+00,3.996659278869629e+00,-9.136460583701453e-02,-9.954199128943205e-01,9.758192311830836e-03,2.639097376974834e-02
1609043969253812375,0,1609043969253812375,-5.123792648315430e+00,-3.331058025360107e+00,3.978163719177246e+00,-7.300695870858255e-02,-9.969150167155235e-01,9.271702665822567e-03,2.728495843660914e-02
1609043969459966453,0,1609043969459966453,-5.065227031707764e+00,-3.331677675247192e+00,3.967057943344116e+00,-5.308866843528912e-02,-9.981443623568448e-01,8.692223337317328e-03,2.852841447522099e-02
1609043969666251930,0,1609043969666251930,-4.988091468811035e+00,-3.333166837692261e+00,3.995351791381836e+00,-3.328703418507592e-02,-9.989109649756235e-01,8.170139242807944e-03,3.165606152671895e-02
1609043969872250210,0,1609043969872250210,-4.913114547729492e+00,-3.327268838882446e+00,3.925405025482178e+00,-1.303674401699999e-02,-9.997178304221872e-01,1.437735565792531e-02,1.369651363216139e-02
1609043970044028746,0,1609043970044028746,-4.846136093139648e+00,-3.308967828750610e+00,3.922418117523193e+00,-4.550049881469405e-03,9.998034961614417e-01,-1.675465943393171e-02,-9.568045604338314e-03
1609043970250380209,0,1609043970250380209,-4.763685226440430e+00,-3.298262119293213e+00,3.879948377609253e+00,-2.196873246579724e-02,9.996522311328382e-01,-1.434676019978476e-02,-2.638570968290082e-03
1609043970456294310,0,1609043970456294310,-4.689114570617676e+00,-3.262326240539551e+00,3.925616502761841e+00,-3.936916261371620e-02,9.990235336656100e-01,-1.258750951731606e-02,-1.560778080073449e-02
1609043970662915961,0,1609043970662915961,-4.628102779388428e+00,-3.226735115051270e+00,3.927565574645996e+00,-5.541101968363705e-02,9.981077026879395e-01,-1.200891352967037e-02,-2.379955311471682e-02
1609043970869295776,0,1609043970869295776,-4.550806999206543e+00,-3.185266494750977e+00,3.933817148208618e+00,-7.171291079751006e-02,9.971000630847837e-01,-1.038579035162888e-02,-2.325635354136564e-02
1609043971042641190,0,1609043971042641190,-4.473493576049805e+00,-3.142448902130127e+00,3.930381059646606e+00,-8.767492218009118e-02,9.958778462782145e-01,-1.024486408372636e-02,-2.086782386560835e-02
1609043971247527515,0,1609043971247527515,-4.401702404022217e+00,-3.078797101974487e+00,3.947128295898438e+00,-1.010222620943484e-01,9.946935496440472e-01,-1.262671202900766e-02,-1.482602445710412e-02
1609043971453705747,0,1609043971453705747,-4.316942214965820e+00,-3.024318456649780e+00,3.947869062423706e+00,-1.155168748203950e-01,9.931187698747921e-01,-1.251754781088322e-02,-1.463801731489750e-02
1609043971660452927,0,1609043971660452927,-4.230047702789307e+00,-2.954313516616821e+00,3.974740982055664e+00,-1.321873123846551e-01,9.909679655801286e-01,-1.554441887938719e-02,-1.635165680305603e-02
1609043971866102143,0,1609043971866102143,-4.165896415710449e+00,-2.887783527374268e+00,3.900700807571411e+00,1.485960852556549e-01,-9.887118687661151e-01,-4.065077426911593e-03,1.874884405033110e-02
1609043972072394125,0,1609043972072394125,-4.079344272613525e+00,-2.818506956100464e+00,3.902816534042358e+00,1.672715821355362e-01,-9.856325874902948e-01,-1.188085704054321e-02,2.018577526485946e-02
1609043972244356890,0,1609043972244356890,-3.983871459960938e+00,-2.758159399032593e+00,3.926110267639160e+00,1.859949655604835e-01,-9.824027924043448e-01,1.091432614082323e-03,1.701279039867128e-02
1609043972450082876,0,1609043972450082876,-3.894905090332031e+00,-2.691447734832764e+00,3.925607681274414e+00,-2.021304576488620e-01,9.790650488843287e-01,-1.698230611065068e-02,-1.692658922975922e-02
1609043972656053433,0,1609043972656053433,-3.802559137344360e+00,-2.619407415390015e+00,3.927763223648071e+00,-2.197277730992568e-01,9.750937708976543e-01,-2.211248098355964e-02,-2.056409176661767e-02
1609043972862302893,0,1609043972862302893,-3.719811201095581e+00,-2.537009000778198e+00,3.869599103927612e+00,-2.347034549568195e-01,9.717826566569401e-01,-7.411196175021243e-03,-2.231211830748568e-02
1609043973068752339,0,1609043973068752339,-3.624533891677856e+00,-2.440648555755615e+00,3.929111242294312e+00,-2.485852772891397e-01,9.683699265268015e-01,-9.007068176673176e-03,-1.959382648742567e-02
1609043973242190870,0,1609043973242190870,-3.517196178436279e+00,-2.348009824752808e+00,3.744026184082031e+00,2.656895157573823e-01,-9.638676162650474e-01,-6.697099207318189e-03,1.798467109374501e-02
1609043973446891397,0,1609043973446891397,-3.437306165695190e+00,-2.245576858520508e+00,3.865333318710327e+00,-2.752907082402047e-01,9.613183031385930e-01,-8.363792908510290e-03,3.491844144058922e-03
1609043973653172512,0,1609043973653172512,-3.367844343185425e+00,-2.152672529220581e+00,3.838058948516846e+00,-2.787354308520409e-01,9.594102582368974e-01,-1.187467281557831e-02,4.120082672786995e-02
1609043973859755571,0,1609043973859755571,-3.329598665237427e+00,-2.055110931396484e+00,3.897476673126221e+00,-2.784704934864779e-01,9.598508550969524e-01,-1.158767907698844e-02,3.172137955158170e-02
1609043974066072191,0,1609043974066072191,-3.340600252151489e+00,-1.978641867637634e+00,3.838701486587524e+00,-2.775250637519791e-01,9.599826639504698e-01,-1.056040209291465e-02,3.607771904728614e-02
1609043974272262143,0,1609043974272262143,-3.366595983505249e+00,-1.880661010742188e+00,3.931620597839355e+00,-2.772674940407212e-01,9.606069705766817e-01,-1.760637246414662e-02,6.855689354315695e-03
1609043974444480309,0,1609043974444480309,-3.420085430145264e+00,-1.797247529029846e+00,3.910545110702515e+00,-2.860802360523353e-01,9.579540323969654e-01,-2.100826101019421e-02,-6.389313262114902e-03
1609043974650449823,0,1609043974650449823,-3.477049350738525e+00,-1.689761400222778e+00,3.946747779846191e+00,-2.977195774242942e-01,9.542302502329767e-01,-2.840119328442562e-02,-1.027121526806146e-03
1609043974856215248,0,1609043974856215248,-3.536435127258301e+00,-1.590579152107239e+00,3.834812164306641e+00,3.122250755394894e-01,-9.499118240612281e-01,-7.598723156302999e-03,1.119321756353611e-02
1609043975063396020,0,1609043975063396020,-3.601774215698242e+00,-1.494831919670105e+00,3.889976739883423e+00,3.217099281856519e-01,-9.460397054803407e-01,-3.514209021811535e-02,1.663223546475256e-02
1609043975268458931,0,1609043975268458931,-3.635674238204956e+00,-1.413459658622742e+00,3.823694705963135e+00,3.286077811790907e-01,-9.440443566787281e-01,-1.910046069175607e-02,2.079305588324728e-02
1609043975442131791,0,1609043975442131791,-3.672084808349609e+00,-1.355703115463257e+00,3.866602897644043e+00,-3.378401920105512e-01,9.411087078802741e-01,-1.203267006616606e-02,-5.798229494713043e-03
1609043975647213905,0,1609043975647213905,-3.722846508026123e+00,-1.281059861183167e+00,3.870369672775269e+00,-3.457335689884824e-01,9.379962358170530e-01,-2.446537792375166e-02,5.727665368524201e-03
1609043975853249371,0,1609043975853249371,-3.780491828918457e+00,-1.202359437942505e+00,3.820072174072266e+00,-3.568678544536723e-01,9.340377080641298e-01,-1.476281120714691e-02,9.766151760323329e-04
1609043976059199957,0,1609043976059199957,-3.846845388412476e+00,-1.115528821945190e+00,3.809921264648438e+00,-3.698670151529430e-01,9.290730641687669e-01,-3.912365168434239e-03,-2.515141487019318e-03
1609043976265609602,0,1609043976265609602,-3.922843456268311e+00,-1.032300591468811e+00,3.810042619705200e+00,-3.836364429899417e-01,9.234657276053573e-01,-5.480455984024538e-03,2.023400736569338e-03
1609043976471910165,0,1609043976471910165,-4.007368087768555e+00,-9.469674825668335e-01,3.913772106170654e+00,-4.037402442549469e-01,9.148575524801499e-01,-5.374914277683975e-03,7.642875721795683e-04
1609043976643666434,0,1609043976643666434,-4.102671146392822e+00,-8.671814799308777e-01,3.979260683059692e+00,-4.225294571156685e-01,9.063023088610991e-01,-6.751868218399249e-03,6.276551452911934e-03
1609043976849392342,0,1609043976849392342,-4.192138195037842e+00,-7.932215929031372e-01,3.838033437728882e+00,4.411859100484797e-01,-8.970705134194579e-01,-1.121990197463668e-02,2.221712239972897e-02
1609043977055715206,0,1609043977055715206,-4.254239082336426e+00,-7.187600731849670e-01,3.894530773162842e+00,4.637764105840312e-01,-8.842758177589416e-01,-1.564646657747901e-02,5.218148326932651e-02
1609043977261993799,0,1609043977261993799,-4.312981128692627e+00,-6.414149403572083e-01,3.992915868759155e+00,4.763048702956003e-01,-8.792434311863851e-01,1.968905110268645e-03,7.796323553478881e-03
1609043977468668396,0,1609043977468668396,-4.361870288848877e+00,-5.638282299041748e-01,3.992961168289185e+00,4.891490921500683e-01,-8.721466686624243e-01,-9.268342712844336e-03,2.729800937202616e-03
1609043977642234824,0,1609043977642234824,-4.396461486816406e+00,-5.100228786468506e-01,3.859512805938721e+00,5.025973024322116e-01,-8.631906266849679e-01,-4.190228893751451e-02,2.328286436143723e-02
1609043977847217926,0,1609043977847217926,-4.419674396514893e+00,-4.673983752727509e-01,4.032510280609131e+00,5.177302845578406e-01,-8.548600331110836e-01,-2.882077011440093e-02,1.841302395011568e-02
1609043978053354618,0,1609043978053354618,-4.429764747619629e+00,-4.208151996135712e-01,4.015263080596924e+00,-5.370090408527264e-01,8.435558835328599e-01,-5.539215527457474e-03,2.019527388127652e-03
1609043978259271870,0,1609043978259271870,-4.447055339813232e+00,-4.030333161354065e-01,4.002234935760498e+00,-5.544909309775831e-01,8.320481752096089e-01,-1.305852241886238e-02,8.069484878812932e-03
1609043978465451586,0,1609043978465451586,-4.479335784912109e+00,-3.705033361911774e-01,4.011857986450195e+00,-5.760540700860185e-01,8.172713854721307e-01,-1.227073593466717e-02,8.866784389978864e-03
1609043978671704233,0,1609043978671704233,-4.530178546905518e+00,-3.189356923103333e-01,4.030589580535889e+00,-6.011925823517505e-01,7.990033457620985e-01,-9.898562816602783e-03,7.946750302591284e-03
1609043978843628660,0,1609043978843628660,-4.592699527740479e+00,-3.028483986854553e-01,3.981478452682495e+00,-6.202558164423497e-01,7.843724669798717e-01,-5.280696983891349e-03,3.830072154442746e-03
1609043979049836656,0,1609043979049836656,-4.670053482055664e+00,-2.704037725925446e-01,4.033833503723145e+00,-6.374092266413532e-01,7.705174827929401e-01,-2.353533804909810e-03,2.597572238171332e-03
1609043979256177640,0,1609043979256177640,-4.732541084289551e+00,-2.291914075613022e-01,3.922937154769897e+00,6.548784311842074e-01,-7.547766218450414e-01,-2.730340605554305e-02,2.647669737079678e-02
1609043979462471521,0,1609043979462471521,-4.789538383483887e+00,-2.120750248432159e-01,3.884026765823364e+00,6.690379079881601e-01,-7.428321256334938e-01,-1.665830156985376e-02,1.764119583416178e-02
1609043979668606351,0,1609043979668606351,-4.836510658264160e+00,-1.856598258018494e-01,4.026728153228760e+00,-6.836942233158514e-01,7.295835156193519e-01,-1.176034695031720e-02,1.148028661010686e-02
1609043979841896464,0,1609043979841896464,-4.893784999847412e+00,-1.626089364290237e-01,3.895683765411377e+00,-6.987708984631823e-01,7.153241585645719e-01,-4.429429136355760e-03,3.310557712866039e-03
1609043980046270190,0,1609043980046270190,-4.967617988586426e+00,-1.425281465053558e-01,3.906627655029297e+00,7.103615882181830e-01,-7.038328981701921e-01,8.240896474924486e-05,2.378790922117489e-03
1609043980252787241,0,1609043980252787241,-5.023978233337402e+00,-1.324026733636856e-01,3.892485141754150e+00,7.239558658364060e-01,-6.897684311271304e-01,-6.147540639633117e-03,8.344068885199790e-03
1609043980459054989,0,1609043980459054989,-5.095379352569580e+00,-9.779098629951477e-02,3.988928556442261e+00,7.426577183263103e-01,-6.696706448260280e-01,-8.545656992862110e-04,-1.028888544984040e-04
1609043980665181668,0,1609043980665181668,-5.159620761871338e+00,-8.394259214401245e-02,3.924948930740356e+00,-7.584720490186224e-01,6.515308746907215e-01,-8.674109654640348e-03,1.234625465213334e-02
1609043980871311625,0,1609043980871311625,-5.245090961456299e+00,-5.833075195550919e-02,3.976360797882080e+00,-7.769870495461525e-01,6.291713420604210e-01,-1.128878274597260e-02,1.752456993959814e-02
1609043981043137414,0,1609043981043137414,-5.347775459289551e+00,-4.871838167309761e-02,3.914167881011963e+00,-7.933516540295003e-01,6.084698911369099e-01,-9.967415106309744e-03,1.606845557581002e-02
1609043981249416133,0,1609043981249416133,-5.453691005706787e+00,-3.514682874083519e-02,3.835219860076904e+00,8.073162368244853e-01,-5.897406222719808e-01,-1.488351784680710e-02,1.499910325027191e-02
1609043981455817538,0,1609043981455817538,-5.557173252105713e+00,-2.028942108154297e-02,3.851700305938721e+00,8.194105307281878e-01,-5.725571942144252e-01,-1.818551455020555e-02,2.034523397749271e-02
1609043981662315341,0,1609043981662315341,-5.636662960052490e+00,-1.162867899984121e-02,3.977225542068481e+00,8.305063627157662e-01,-5.566568609526116e-01,-1.187320619731814e-02,1.585394643642976e-02
1609043981868525898,0,1609043981868525898,-5.706354141235352e+00,5.400614347308874e-03,4.088973999023438e+00,-8.387149660360168e-01,5.439193869895278e-01,1.239463262240288e-02,2.356436475475340e-02
1609043982041623722,0,1609043982041623722,-5.784040927886963e+00,7.918167859315872e-03,3.891577005386353e+00,8.476709543392763e-01,-5.298895594768345e-01,-2.365975848234392e-02,1.054626737494098e-02
1609043982246346325,0,1609043982246346325,-5.843967914581299e+00,-1.388686802238226e-02,3.842605113983154e+00,8.542046078007567e-01,-5.171142472121298e-01,-3.146122732181912e-02,4.401743424590546e-02
1609043982452255216,0,1609043982452255216,-5.862528800964355e+00,2.363713458180428e-02,4.030639171600342e+00,8.632892529591779e-01,-5.033524031440235e-01,-2.565683031194223e-02,2.664115299053385e-02
1609043982659583061,0,1609043982659583061,-5.875215053558350e+00,3.666520118713379e-02,4.059834480285645e+00,-8.706009725598324e-01,4.917509221591164e-01,-6.947568552687312e-04,1.531321150002215e-02
1609043982865597848,0,1609043982865597848,-5.891016006469727e+00,5.467341840267181e-02,3.871622085571289e+00,8.794727456912542e-01,-4.756404769698593e-01,-1.195613189671736e-02,1.228320659435345e-02
1609043983071085110,0,1609043983071085110,-5.899765968322754e+00,7.656483352184296e-02,4.069238662719727e+00,-8.881398847037216e-01,4.592614042295850e-01,6.396840690900537e-04,1.691444908418423e-02
1609043983243175947,0,1609043983243175947,-5.923365116119385e+00,8.233288675546646e-02,3.793745994567871e+00,8.982221160300352e-01,-4.392461933573327e-01,-1.233859151394174e-02,1.037164669042173e-02
1609043983449460450,0,1609043983449460450,-5.924303531646729e+00,1.021750792860985e-01,3.970674753189087e+00,9.076689793552243e-01,-4.190522201397768e-01,-1.637118363727757e-02,1.625561621361151e-02
1609043983655820118,0,1609043983655820118,-5.931338787078857e+00,1.227645948529243e-01,3.994651794433594e+00,-9.167657386451017e-01,3.993221770661470e-01,5.266545869187777e-03,7.392079833286502e-03
1609043983861847495,0,1609043983861847495,-5.946268081665039e+00,1.442945152521133e-01,3.894740819931030e+00,9.269650537814750e-01,-3.750130269171045e-01,-8.839252943218988e-03,4.783964651219009e-03
1609043984068208405,0,1609043984068208405,-5.935323238372803e+00,1.555366069078445e-01,4.044557571411133e+00,-9.341283783198771e-01,3.568128771243289e-01,5.710436554421782e-03,7.492292712734437e-03
1609043984241582457,0,1609043984241582457,-5.942566871643066e+00,1.680254787206650e-01,3.978445291519165e+00,-9.408325470391252e-01,3.386511979809742e-01,4.498751483771882e-03,1.136863109659748e-02
1609043984446484822,0,1609043984446484822,-5.955698013305664e+00,1.666673272848129e-01,4.014521121978760e+00,-9.461404668230825e-01,3.234660105704385e-01,6.443547189501951e-03,1.210114643581084e-02
1609043984652860296,0,1609043984652860296,-5.965026378631592e+00,1.556456834077835e-01,4.057338237762451e+00,-9.504456190522600e-01,3.105343676363440e-01,7.810194401458191e-03,1.267014618990331e-02
1609043984859440318,0,1609043984859440318,-5.994944572448730e+00,1.440275013446808e-01,4.034618377685547e+00,-9.552574782758764e-01,2.955728728839351e-01,9.572641312224427e-03,5.309571683139074e-03
1609043985065135205,0,1609043985065135205,-5.997747898101807e+00,1.154141500592232e-01,4.086314678192139e+00,-9.595962228329183e-01,2.809809084038961e-01,9.216564773986153e-03,1.182679885194301e-02
1609043985271253779,0,1609043985271253779,-6.013574600219727e+00,9.753063321113586e-02,4.069772720336914e+00,-9.649628711491054e-01,2.617987888071955e-01,1.371113450552449e-02,1.095701936348947e-02
1609043985443133660,0,1609043985443133660,-6.040344715118408e+00,5.985685810446739e-02,3.949164152145386e+00,9.711523426881484e-01,-2.357180684315293e-01,-7.966831065392907e-03,3.516602208106009e-02
1609043985649175219,0,1609043985649175219,-6.025387763977051e+00,6.792353838682175e-02,4.121934413909912e+00,9.747800654343862e-01,-2.222463509119056e-01,-9.789553457464222e-03,1.773550622844725e-02
1609043985855557161,0,1609043985855557161,-6.056699752807617e+00,6.981164216995239e-02,3.897575139999390e+00,9.780941843753749e-01,-2.074417511500780e-01,-1.112023788144951e-02,1.326750467569186e-02
1609043986061973022,0,1609043986061973022,-6.034747123718262e+00,9.983459115028381e-02,4.072966575622559e+00,-9.813277639945579e-01,1.918651879367689e-01,1.161196515153206e-02,6.980797715818390e-03
1609043986268708157,0,1609043986268708157,-6.027554512023926e+00,1.089656352996826e-01,4.081375598907471e+00,-9.836697085151449e-01,1.786541730289126e-01,8.940102680672187e-03,1.991646487567905e-02
1609043986442301791,0,1609043986442301791,-6.038440227508545e+00,1.185291036963463e-01,4.005348205566406e+00,9.867130786514484e-01,-1.620643960245649e-01,-1.128489077269640e-02,2.254595223525412e-03
1609043986646490020,0,1609043986646490020,-6.021076202392578e+00,1.186201423406601e-01,3.973766803741455e+00,9.877593402975144e-01,-1.541543869907760e-01,-1.434481035032230e-02,1.902989864739833e-02
1609043986852750988,0,1609043986852750988,-6.012420654296875e+00,1.440465748310089e-01,4.024794101715088e+00,-9.888525694553277e-01,1.480987222791844e-01,9.481346011864532e-03,1.214365754920443e-02
1609043987059257122,0,1609043987059257122,-6.002265453338623e+00,1.656229943037033e-01,4.019309520721436e+00,-9.913134254387925e-01,1.289070924542870e-01,8.863800910010926e-03,2.453746305584677e-02
1609043987265520406,0,1609043987265520406,-5.988288879394531e+00,1.623780131340027e-01,4.007044315338135e+00,-9.936906387103543e-01,1.091842407779657e-01,9.235673304480387e-03,2.392526789317295e-02
1609043987471764439,0,1609043987471764439,-5.987021446228027e+00,1.492867916822433e-01,3.979553222656250e+00,-9.958498528241180e-01,8.795072402822672e-02,9.978477585275978e-03,2.117004388690346e-02
1609043987643181992,0,1609043987643181992,-5.969104766845703e+00,1.219120770692825e-01,3.957223415374756e+00,-9.974816880081568e-01,6.727492288072204e-02,1.075331380196044e-02,1.971631512397052e-02
1609043987849176703,0,1609043987849176703,-5.955572128295898e+00,8.575455099344254e-02,3.999322414398193e+00,-9.984703622001194e-01,4.880239268393177e-02,1.180944114080349e-02,2.314734058650413e-02
1609043988055938205,0,1609043988055938205,-5.949308872222900e+00,3.068406321108341e-02,3.923485517501831e+00,-9.994597269711264e-01,2.784138726047005e-02,1.332162850417623e-02,1.129803222737533e-02
1609043988262238257,0,1609043988262238257,-5.937503337860107e+00,-1.370845828205347e-02,3.942193031311035e+00,9.997876900803967e-01,-5.153883711148459e-03,-1.026256747564499e-02,1.710824231779749e-02
1609043988468484928,0,1609043988468484928,-5.915716648101807e+00,-4.627498984336853e-02,3.968157052993774e+00,9.998049770754422e-01,1.297069773690214e-02,-1.096709522508255e-02,1.007430581809390e-02
1609043988641343951,0,1609043988641343951,-5.910459995269775e+00,-6.523910909891129e-02,3.968664407730103e+00,9.993528628762510e-01,3.340355390034774e-02,-1.015942412946891e-02,8.651251309791063e-03
1609043988846419506,0,1609043988846419506,-5.897690296173096e+00,-7.740567624568939e-02,3.878962516784668e+00,9.981303702924990e-01,5.183128411242679e-02,-8.714470193923287e-03,3.119839573207563e-02
1609043989052349995,0,1609043989052349995,-5.878201961517334e+00,-5.671473219990730e-02,3.890771389007568e+00,9.977143956955431e-01,6.644450506894092e-02,-1.064953302526344e-02,6.140017456363211e-03
1609043989259024196,0,1609043989259024196,-5.873344421386719e+00,-3.152398765087128e-02,3.932500362396240e+00,-9.959410107734884e-01,-8.663513023786176e-02,1.168613688724188e-02,2.143108659876225e-02
1609043989465032156,0,1609043989465032156,-5.851412773132324e+00,-2.154936268925667e-02,3.920933961868286e+00,-9.940517241778912e-01,-1.050469742934035e-01,1.363015657076014e-02,2.530852983915642e-02
1609043989671613490,0,1609043989671613490,-5.833010673522949e+00,-2.795736491680145e-02,3.916186332702637e+00,-9.915014416531591e-01,-1.268473915383274e-01,1.361383971696347e-02,2.548124462796198e-02
1609043989843637192,0,1609043989843637192,-5.802439689636230e+00,-4.200867936015129e-02,3.922936201095581e+00,-9.886511308488285e-01,-1.473360230351777e-01,1.457164429020232e-02,2.546968728095844e-02
1609043990049942300,0,1609043990049942300,-5.774247646331787e+00,-7.135538011789322e-02,3.909263610839844e+00,-9.849106332426378e-01,-1.705634585656252e-01,1.582642990927938e-02,2.467134459337729e-02
1609043990255740318,0,1609043990255740318,-5.738888263702393e+00,-1.163406521081924e-01,3.917713403701782e+00,-9.803755149464084e-01,-1.948121063133510e-01,1.642504999261473e-02,2.534384856449114e-02
1609043990462212188,0,1609043990462212188,-5.702753067016602e+00,-1.650717258453369e-01,3.933409929275513e+00,-9.737988951409025e-01,-2.252357415681008e-01,1.539169826108845e-02,2.734352148617195e-02
1609043990667950456,0,1609043990667950456,-5.661389350891113e+00,-2.312633842229843e-01,3.952118396759033e+00,-9.659620640925022e-01,-2.567329195678278e-01,1.409840753078619e-02,2.840305704370326e-02
1609043990841088992,0,1609043990841088992,-5.610558032989502e+00,-3.092671334743500e-01,4.002124786376953e+00,-9.574661525865589e-01,-2.864867368517783e-01,1.536316961355404e-02,3.078781055121341e-02
1609043991045899509,0,1609043991045899509,-5.540524959564209e+00,-3.939401209354401e-01,3.883159875869751e+00,9.518956870274822e-01,3.062422995846040e-01,-1.369597386754128e-04,1.049934310523190e-02
1609043991252311380,0,1609043991252311380,-5.498220443725586e+00,-4.621395766735077e-01,3.981455326080322e+00,-9.462248433769260e-01,-3.234524488644728e-01,5.146549145238892e-03,3.251481475152111e-03
1609043991458689460,0,1609043991458689460,-5.451588153839111e+00,-5.283076167106628e-01,3.946741580963135e+00,-9.396177536613002e-01,-3.409849149713460e-01,1.191390204675755e-02,2.656734281964020e-02
1609043991665380894,0,1609043991665380894,-5.414012908935547e+00,-6.175494194030762e-01,3.946986436843872e+00,-9.309366911693342e-01,-3.634524047936514e-01,1.564511497367812e-02,3.185053942814835e-02
1609043991871418067,0,1609043991871418067,-5.356414794921875e+00,-7.126872539520264e-01,3.968956708908081e+00,-9.219087209704508e-01,-3.852404021902981e-01,2.656942603388762e-02,3.111604600707617e-02
1609043992043177258,0,1609043992043177258,-5.279959201812744e+00,-8.080802559852600e-01,3.841870546340942e+00,-9.148479374533894e-01,-4.035754614118146e-01,9.293356285869464e-03,9.681519119649547e-03
1609043992249586229,0,1609043992249586229,-5.198131561279297e+00,-9.043633341789246e-01,3.913610219955444e+00,-9.111727844098850e-01,-4.119157962367944e-01,6.159693650825447e-03,7.182752638983830e-03
1609043992455546249,0,1609043992455546249,-5.143727779388428e+00,-1.004308462142944e+00,3.874829769134521e+00,-9.056781828672377e-01,-4.239444163357255e-01,4.105670291330851e-03,1.142106614221772e-03
1609043992661778153,0,1609043992661778153,-5.081587314605713e+00,-1.085674762725830e+00,3.878803014755249e+00,9.018047948574468e-01,4.318344234515886e-01,2.521578252263538e-03,1.614881845429412e-02
1609043992868127348,0,1609043992868127348,-5.044162750244141e+00,-1.154242157936096e+00,3.937202692031860e+00,9.021667964366580e-01,4.310405890737350e-01,1.461467356762851e-03,1.723212382006743e-02
1609043993041624904,0,1609043993041624904,-5.019841194152832e+00,-1.202294468879700e+00,3.871864080429077e+00,9.021507986832894e-01,4.301311118892943e-01,1.003101676569433e-02,3.178901890006929e-02
1609043993246913933,0,1609043993246913933,-5.038166999816895e+00,-1.226906776428223e+00,3.881745815277100e+00,9.006711633967796e-01,4.303666134938197e-01,2.688612261002827e-02,5.341507115366605e-02
1609043993453120922,0,1609043993453120922,-5.095471858978271e+00,-1.229026556015015e+00,3.882721424102783e+00,9.021914462047449e-01,4.304438264355586e-01,-7.951351771880895e-03,2.656092399569574e-02
1609043993659311835,0,1609043993659311835,-5.156072139739990e+00,-1.196535229682922e+00,3.955766439437866e+00,-9.003625400579238e-01,-4.297773078401321e-01,6.739687258649948e-02,-9.819556593400773e-03
1609043993865148831,0,1609043993865148831,-5.171169281005859e+00,-1.124452114105225e+00,3.817145586013794e+00,-8.999002171167185e-01,-4.291175119490400e-01,7.753886386085443e-02,5.048243567420608e-03
1609043994071298592,0,1609043994071298592,-5.144734859466553e+00,-1.030133724212646e+00,3.818166494369507e+00,-9.003908806853141e-01,-4.298083241511017e-01,6.729083638494433e-02,5.745416239091500e-03
1609043994243559970,0,1609043994243559970,-5.075020790100098e+00,-9.089902043342590e-01,3.804333925247192e+00,-9.016569716701466e-01,-4.298453483603943e-01,4.634511893844942e-02,9.990589678932980e-03
1609043994450007115,0,1609043994450007115,-4.986299037933350e+00,-7.832749485969543e-01,3.806147575378418e+00,-9.013731282210345e-01,-4.299866216607011e-01,5.083381523803404e-02,7.342488827967498e-03
1609043994656095195,0,1609043994656095195,-4.873274803161621e+00,-6.468240618705750e-01,3.791671514511108e+00,-9.014795044692503e-01,-4.303577625624531e-01,4.567042267362085e-02,6.411841929346213e-03
1609043994862145362,0,1609043994862145362,-4.728643417358398e+00,-4.854056239128113e-01,3.772352457046509e+00,-9.012306530468978e-01,-4.301628581669272e-01,5.178380506553998e-02,7.852578892093211e-03
1609043995068382421,0,1609043995068382421,-4.562060356140137e+00,-3.165163993835449e-01,3.758446693420410e+00,-9.009675499159614e-01,-4.300205383989103e-01,5.721845539402466e-02,8.115350630937677e-03
1609043995241705114,0,1609043995241705114,-4.360969543457031e+00,-1.321407556533813e-01,3.744986534118652e+00,-9.023432218050734e-01,-4.293740577185176e-01,3.348916178313467e-02,1.712029975901279e-02
1609043995446728666,0,1609043995446728666,-4.153851509094238e+00,3.494822606444359e-02,3.768024444580078e+00,-9.024961440287367e-01,-4.293054222556265e-01,2.651652306426586e-02,2.223597175215014e-02
1609043995653167233,0,1609043995653167233,-3.930014371871948e+00,2.054456323385239e-01,3.762650489807129e+00,-9.025181272707540e-01,-4.292177412208789e-01,2.656244777572341e-02,2.296947838109935e-02
1609043995859429605,0,1609043995859429605,-3.695069074630737e+00,3.725467622280121e-01,3.819775104522705e+00,-9.025546919409312e-01,-4.286027535034447e-01,3.254088990404277e-02,2.521503973681512e-02
1609043996065409461,0,1609043996065409461,-3.446193695068359e+00,5.251829028129578e-01,3.765816211700439e+00,-9.025780582200013e-01,-4.295745368988065e-01,2.559656068148605e-02,1.278210269348835e-02
1609043996271187229,0,1609043996271187229,-3.201101303100586e+00,6.776188015937805e-01,3.688991785049438e+00,-9.021371307347947e-01,-4.310006976942884e-01,1.841567973526309e-02,-6.917996568122757e-03
1609043996443512236,0,1609043996443512236,-2.946312665939331e+00,8.611102104187012e-01,3.531699895858765e+00,9.016637600723626e-01,4.321197355485768e-01,3.310588241236787e-03,1.624924389299185e-02
1609043996650023536,0,1609043996650023536,-2.725468397140503e+00,1.029325723648071e+00,3.580326795578003e+00,-9.020279695398941e-01,-4.311501841522188e-01,-1.218767003118360e-02,1.750775749360813e-02
1609043996855877652,0,1609043996855877652,-2.519506692886353e+00,1.174282193183899e+00,3.573423385620117e+00,-9.024215829969731e-01,-4.299488867896421e-01,-3.542269120398516e-03,2.768923290854489e-02
1609043997062112430,0,1609043997062112430,-2.311094760894775e+00,1.301607370376587e+00,3.613335132598877e+00,-9.021553886520794e-01,-4.297162845837691e-01,2.540899597139939e-02,2.852985126603986e-02
1609043997268404296,0,1609043997268404296,-2.089759349822998e+00,1.436661839485168e+00,3.478556871414185e+00,-9.025005134143878e-01,-4.305121783804721e-01,-5.224931623207107e-03,1.117083892999735e-02
1609043997441704135,0,1609043997441704135,-1.897921323776245e+00,1.550981640815735e+00,3.451891422271729e+00,9.012695355693802e-01,4.313712236947828e-01,3.573062885881755e-02,1.885242117004492e-02
1609043997646523422,0,1609043997646523422,-1.748064875602722e+00,1.672242164611816e+00,3.380083084106445e+00,9.008533585957368e-01,4.313904609671808e-01,3.833316871986678e-02,2.993433929783728e-02
1609043997852824142,0,1609043997852824142,-1.656669259071350e+00,1.793113470077515e+00,3.495923519134521e+00,9.015499256551829e-01,4.313529155542419e-01,1.240495445446164e-02,3.144059317143919e-02
1609043998059211801,0,1609043998059211801,-1.572443246841431e+00,1.936210274696350e+00,3.347288370132446e+00,-9.020437332214167e-01,-4.308786093419948e-01,2.506800691283735e-02,-5.685278963800880e-03
1609043998265337829,0,1609043998265337829,-1.486471414566040e+00,2.096990585327148e+00,3.281761407852173e+00,-9.020474233824950e-01,-4.295818068287396e-01,3.791048587116477e-02,1.824040218222718e-02
1609043998471474170,0,1609043998471474170,-1.376701593399048e+00,2.252383470535278e+00,3.175990581512451e+00,-9.016874880900364e-01,-4.306078929916487e-01,3.281179386883044e-02,2.144533744856406e-02
1609043998643671917,0,1609043998643671917,-1.245895028114319e+00,2.404342412948608e+00,3.109969377517700e+00,-9.018779922881103e-01,-4.306369081774144e-01,2.881205055479219e-02,1.837950175039326e-02
1609043998849585410,0,1609043998849585410,-1.102200031280518e+00,2.550624608993530e+00,3.005816936492920e+00,-9.020417488977988e-01,-4.304814243896141e-01,2.808862274530745e-02,1.474638169725948e-02
1609043999055629083,0,1609043999055629083,-9.513092637062073e-01,2.695693492889404e+00,2.986898660659790e+00,-9.020152075079966e-01,-4.304834975575333e-01,2.839219528654903e-02,1.569735652107782e-02
1609043999262543776,0,1609043999262543776,-7.809004783630371e-01,2.840981721878052e+00,2.913811922073364e+00,-9.019607981625830e-01,-4.306938792705968e-01,2.828618186349122e-02,1.301510093492734e-02
1609043999468129535,0,1609043999468129535,-6.012364625930786e-01,2.986656904220581e+00,2.852197408676147e+00,-9.018390176368737e-01,-4.316076115604242e-01,1.962423021449197e-02,-4.018146258372757e-03
1609043999641617970,0,1609043999641617970,-4.234460592269897e-01,3.142399549484253e+00,2.784484863281250e+00,9.016876825080339e-01,4.319546171033262e-01,-1.184163864936995e-02,1.530710849597404e-02
1609043999846675552,0,1609043999846675552,-2.444518357515335e-01,3.319394350051880e+00,2.834387063980103e+00,-9.015171506214560e-01,-4.320095321281443e-01,2.158087460067383e-02,1.299450411762261e-02
1609044000052993094,0,1609044000052993094,-6.852903217077255e-02,3.479404926300049e+00,2.905412912368774e+00,-9.010398502470487e-01,-4.316432412326144e-01,3.328261540052560e-02,2.652485772025840e-02
1609044000259214565,0,1609044000259214565,1.399853974580765e-01,3.637200117111206e+00,2.751327276229858e+00,-9.013589795299142e-01,-4.326720453518196e-01,1.807692840012833e-02,-4.485069841314054e-03
1609044000464830762,0,1609044000464830762,3.289133906364441e-01,3.806004762649536e+00,2.847494840621948e+00,9.003975293520617e-01,4.342861335036872e-01,-8.118372348932479e-03,2.477772010344389e-02
1609044000671466918,0,1609044000671466918,4.988899528980255e-01,3.990544795989990e+00,2.896565198898315e+00,9.001777437828610e-01,4.347518868162469e-01,-1.170741202514155e-02,2.310331169734793e-02
1609044000843668930,0,1609044000843668930,6.743245720863342e-01,4.192150592803955e+00,2.876279115676880e+00,-9.005805273380754e-01,-4.331351745956871e-01,3.487137173802499e-02,1.151615129051846e-02
1609044001049865041,0,1609044001049865041,8.634827733039856e-01,4.398612022399902e+00,2.900089740753174e+00,-9.005018577737423e-01,-4.327171783457882e-01,3.396042101372416e-02,2.643742640781646e-02
1609044001255654908,0,1609044001255654908,1.078949928283691e+00,4.592311382293701e+00,2.741667270660400e+00,-9.005986519586140e-01,-4.337326460373809e-01,2.717904910927559e-02,7.704488383735867e-03
1609044001462369841,0,1609044001462369841,1.282049894332886e+00,4.791264533996582e+00,2.789052963256836e+00,9.001960939075987e-01,4.347731905299466e-01,-9.378016145661715e-03,2.305033889304789e-02
1609044001668160522,0,1609044001668160522,1.486161708831787e+00,5.011637687683105e+00,2.830129384994507e+00,9.001987906686485e-01,4.348413802642848e-01,-1.680184154015734e-02,1.651694310137592e-02
1609044001841738427,0,1609044001841738427,1.688219189643860e+00,5.247589111328125e+00,2.769230365753174e+00,-9.004369320308847e-01,-4.342198971145795e-01,2.581487715048366e-02,6.709930789970675e-05
1609044002046324483,0,1609044002046324483,1.883692979812622e+00,5.485118865966797e+00,2.847220659255981e+00,-9.002430907561841e-01,-4.345683623093906e-01,2.667857520000164e-02,9.847084772271128e-04
1609044002252919127,0,1609044002252919127,2.084935188293457e+00,5.726459026336670e+00,2.843725681304932e+00,-9.000248867264452e-01,-4.343933895358665e-01,3.279361269676190e-02,1.349686507620784e-02
1609044002459205373,0,1609044002459205373,2.305381774902344e+00,5.965266704559326e+00,2.902179241180420e+00,-8.995917104587332e-01,-4.342402432455940e-01,4.529135339013810e-02,1.090224417390825e-02
1609044002665053069,0,1609044002665053069,2.554210424423218e+00,6.226317882537842e+00,2.803477764129639e+00,-9.006507810198894e-01,-4.338215524391128e-01,1.411318784414111e-02,2.068451634574504e-02
1609044002871657715,0,1609044002871657715,2.778392791748047e+00,6.459710121154785e+00,2.878399848937988e+00,-8.996635372257825e-01,-4.317459264773068e-01,-5.627790844474825e-02,3.215232149829158e-02
1609044003043949189,0,1609044003043949189,2.968096017837524e+00,6.652629375457764e+00,2.840035438537598e+00,9.006287741345786e-01,4.322130873505745e-01,4.197627182362616e-02,-1.725256292612609e-02
1609044003250437469,0,1609044003250437469,3.124980449676514e+00,6.813672065734863e+00,2.798947334289551e+00,9.004628325708561e-01,4.343476138957789e-01,2.011327564604478e-02,1.021242401684097e-02
1609044003455453902,0,1609044003455453902,3.255043745040894e+00,6.975927352905273e+00,2.822740316390991e+00,9.006432670798125e-01,4.341884297198701e-01,-1.322244529740961e-02,1.213589310895565e-02
1609044003661968513,0,1609044003661968513,3.377192497253418e+00,7.180970191955566e+00,2.759134531021118e+00,9.002985429254476e-01,4.327569570207075e-01,4.458827834423727e-02,-1.399411271893993e-02
1609044003868183368,0,1609044003868183368,3.455265998840332e+00,7.343402862548828e+00,2.640774488449097e+00,8.956964705140769e-01,4.299443545854644e-01,1.066890149756372e-01,-3.864115360910004e-02
1609044004041683756,0,1609044004041683756,3.478873491287231e+00,7.419884681701660e+00,2.796445608139038e+00,-9.006826165097974e-01,-4.331018311535599e-01,-1.301600270542777e-02,3.200330986118104e-02
1609044004246339854,0,1609044004246339854,3.496381759643555e+00,7.486769199371338e+00,2.751180410385132e+00,-9.005652058584951e-01,-4.334784664001562e-01,1.997260313859240e-02,2.607344028476636e-02
1609044004452506672,0,1609044004452506672,3.535062074661255e+00,7.562666893005371e+00,2.732589483261108e+00,-9.005007686904167e-01,-4.334570101753280e-01,1.519615300672831e-03,3.480052711055464e-02
1609044004658682851,0,1609044004658682851,3.553946018218994e+00,7.601212501525879e+00,2.576178312301636e+00,-8.997075217524182e-01,-4.317735882725449e-01,-5.499530452753411e-02,3.276370327506387e-02
1609044004864900427,0,1609044004864900427,3.549671888351440e+00,7.590395927429199e+00,2.756949901580811e+00,-9.010887113043063e-01,-4.328601212112658e-01,-5.155151636918459e-04,2.590336018798816e-02
1609044005070969724,0,1609044005070969724,3.560804843902588e+00,7.587921619415283e+00,2.699951171875000e+00,-9.010190895655331e-01,-4.325724366242497e-01,2.645315560971323e-02,1.859886743179724e-02
1609044005242788427,0,1609044005242788427,3.573215723037720e+00,7.578661441802979e+00,2.702119827270508e+00,-9.006584217597493e-01,-4.329873851678470e-01,3.277487384868020e-02,1.619071471403541e-02
1609044005449217451,0,1609044005449217451,3.610059499740601e+00,7.578871250152588e+00,2.680543184280396e+00,-9.005068145587399e-01,-4.335690866105447e-01,2.444282388828565e-02,2.253602514498714e-02
1609044005655541387,0,1609044005655541387,3.648336172103882e+00,7.573270320892334e+00,2.504442214965820e+00,9.009314959806121e-01,4.324891661050584e-01,3.432750703261425e-02,-9.858144491399398e-03
1609044005862446119,0,1609044005862446119,3.645761966705322e+00,7.542851448059082e+00,2.539590597152710e+00,8.993683698582905e-01,4.311421338774005e-01,7.247701408576451e-02,2.795054465417127e-04
1609044006067878756,0,1609044006067878756,3.577899694442749e+00,7.484802246093750e+00,2.573704719543457e+00,9.006659474297201e-01,4.319059983948618e-01,4.746228068466884e-02,-2.321982616626347e-03
1609044006241164008,0,1609044006241164008,3.488181352615356e+00,7.422978401184082e+00,2.555423021316528e+00,-9.014835776286735e-01,-4.321357842385957e-01,-1.926423079993118e-02,1.465989965818928e-02
1609044006445820217,0,1609044006445820217,3.381265163421631e+00,7.356627464294434e+00,2.502958536148071e+00,-9.010081798138594e-01,-4.325880133070047e-01,-1.961564544513684e-02,2.582822303963762e-02
1609044006652319135,0,1609044006652319135,3.259624958038330e+00,7.257928848266602e+00,2.512913227081299e+00,-9.010192350897762e-01,-4.326469804411563e-01,-1.321619370996731e-02,2.839472727823292e-02
1609044006858449522,0,1609044006858449522,3.137229919433594e+00,7.145243167877197e+00,2.432200908660889e+00,-9.007430925830312e-01,-4.327372861157952e-01,-2.195198324710618e-02,3.030565624782951e-02
1609044007064670550,0,1609044007064670550,2.999074935913086e+00,7.009264469146729e+00,2.449382781982422e+00,-9.008987954401622e-01,-4.330088027924989e-01,1.239444974773555e-02,2.703913264367539e-02
1609044007270752024,0,1609044007270752024,2.883759498596191e+00,6.878354549407959e+00,2.485467672348022e+00,-9.010352865076985e-01,-4.323536662564721e-01,2.484250583459954e-02,2.426045437403770e-02
1609044007442815309,0,1609044007442815309,2.779613494873047e+00,6.735974788665771e+00,2.402093648910522e+00,-9.013268794637985e-01,-4.322667373770952e-01,1.481729610129415e-02,2.314674598424498e-02
1609044007648731820,0,1609044007648731820,2.682552814483643e+00,6.605861663818359e+00,2.350906372070312e+00,-9.009399514849084e-01,-4.328145089142864e-01,-2.622080303464824e-02,1.706675657159919e-02
1609044007855144474,0,1609044007855144474,2.564290523529053e+00,6.441879749298096e+00,2.374616384506226e+00,-9.009775533672831e-01,-4.327584866000836e-01,-2.460944266099129e-02,1.881265360934308e-02
1609044008061357209,0,1609044008061357209,2.424176692962646e+00,6.258208751678467e+00,2.418190717697144e+00,-9.006045809827731e-01,-4.336735989742810e-01,1.397491396176597e-02,2.536336029195787e-02
1609044008267766047,0,1609044008267766047,2.310211896896362e+00,6.088541984558105e+00,2.370931386947632e+00,-9.007726187025236e-01,-4.336149043167687e-01,-2.948698075306549e-04,2.422224601382117e-02
1609044008441235390,0,1609044008441235390,2.188569068908691e+00,5.922317504882812e+00,2.335271358489990e+00,9.003902510154816e-01,4.324157540742086e-01,4.788437272497070e-02,-4.593294400286631e-03
1609044008646031844,0,1609044008646031844,2.025236368179321e+00,5.726725101470947e+00,2.311725616455078e+00,8.997579352862560e-01,4.322680340856886e-01,5.956753591285045e-02,5.631452954502233e-03
1609044008853004364,0,1609044008853004364,1.809786200523376e+00,5.511973381042480e+00,2.403824806213379e+00,9.010879949283249e-01,4.334724454081970e-01,1.018307737868414e-02,6.194304076197983e-03
1609044009058246791,0,1609044009058246791,1.588047266006470e+00,5.322631359100342e+00,2.395903110504150e+00,-9.006251621581450e-01,-4.340357130792311e-01,1.756156321420542e-02,1.337567033430500e-02
1609044009264795534,0,1609044009264795534,1.384302616119385e+00,5.138188838958740e+00,2.402364730834961e+00,-9.001905219585560e-01,-4.343008307583600e-01,2.199295006929844e-02,2.358225446878260e-02
1609044009470978497,0,1609044009470978497,1.198488116264343e+00,4.953764915466309e+00,2.412264823913574e+00,-9.000919028733142e-01,-4.345762167539387e-01,1.776398531175031e-02,2.573944520718820e-02
1609044009642993597,0,1609044009642993597,1.024467945098877e+00,4.765449523925781e+00,2.409137964248657e+00,-9.005427683042320e-01,-4.337427583676186e-01,1.604326438627020e-02,2.515065976136644e-02
1609044009849263301,0,1609044009849263301,8.661720156669617e-01,4.571223258972168e+00,2.399516105651855e+00,-9.000543929251702e-01,-4.348065806106967e-01,1.694298645939513e-02,2.362757803021605e-02
1609044010055419247,0,1609044010055419247,7.151773571968079e-01,4.378583431243896e+00,2.397168397903442e+00,-8.997142270182461e-01,-4.352599976188541e-01,2.012854505743665e-02,2.564928551959291e-02
1609044010261802836,0,1609044010261802836,5.913508534431458e-01,4.180431842803955e+00,2.322487831115723e+00,-9.000962138484906e-01,-4.356043654390632e-01,7.408474406642352e-03,4.555999671785676e-03
1609044010468360548,0,1609044010468360548,4.545150995254517e-01,3.992424011230469e+00,2.407099246978760e+00,8.996330329548743e-01,4.365665782385527e-01,-4.118903293394381e-03,7.284464095272341e-03
1609044010641593913,0,1609044010641593913,3.305001556873322e-01,3.827495574951172e+00,2.324811697006226e+00,-8.993253380637144e-01,-4.370656212293159e-01,1.368421049712635e-02,-5.669559845992338e-04
1609044010846482736,0,1609044010846482736,1.961877644062042e-01,3.660827875137329e+00,2.348762750625610e+00,-8.993581855547443e-01,-4.369937613117111e-01,1.272177365328279e-02,5.427994605401242e-03
1609044011052743098,0,1609044011052743098,7.331335544586182e-02,3.512853860855103e+00,2.320542335510254e+00,-8.995725506507097e-01,-4.364363093474759e-01,1.450922451197113e-02,9.058498937013781e-03
1609044011259255755,0,1609044011259255755,-4.907047748565674e-02,3.357239007949829e+00,2.270386457443237e+00,-8.995348367644339e-01,-4.364234014961658e-01,1.525117116277071e-02,1.179380565650970e-02
1609044011465090214,0,1609044011465090214,-1.601075828075409e-01,3.217015504837036e+00,2.232448816299438e+00,-8.991380825750254e-01,-4.369273135352513e-01,2.278515818920530e-02,1.122798808638837e-02
1609044011671049840,0,1609044011671049840,-2.571016550064087e-01,3.082793235778809e+00,2.134452581405640e+00,-8.990289563118938e-01,-4.374674738601800e-01,1.735190329456510e-02,8.249635094688644e-03
1609044011842783834,0,1609044011842783834,-3.437692523002625e-01,2.951398372650146e+00,2.102205276489258e+00,-8.990819109423900e-01,-4.373247654827598e-01,1.769319243647810e-02,9.258393653058385e-03
1609044012049043139,0,1609044012049043139,-4.314378499984741e-01,2.821922540664673e+00,2.087897777557373e+00,-8.990388928570126e-01,-4.374920187053510e-01,1.607223926226634e-02,8.454929015110437e-03
1609044012255793356,0,1609044012255793356,-5.026691555976868e-01,2.706531763076782e+00,2.011191844940186e+00,-8.988354769382902e-01,-4.380359053902934e-01,1.416070337139451e-02,4.336526957099273e-03
1609044012461964092,0,1609044012461964092,-5.785726904869080e-01,2.594675779342651e+00,2.004913091659546e+00,-8.989596203941775e-01,-4.379059763247231e-01,6.181504850125914e-03,8.470289111664909e-03
1609044012668362275,0,1609044012668362275,-6.530634164810181e-01,2.482976913452148e+00,1.976549625396729e+00,-8.986224051652220e-01,-4.386629544540868e-01,3.401872679829166e-03,6.404107037971900e-03
1609044012841630983,0,1609044012841630983,-7.245480418205261e-01,2.381445169448853e+00,1.957477211952209e+00,-8.984208024416306e-01,-4.381468189810245e-01,2.292340000613901e-02,1.849174110527484e-02
1609044013046559803,0,1609044013046559803,-7.776615023612976e-01,2.270931482315063e+00,1.906976222991943e+00,-8.984499997123481e-01,-4.376295222889780e-01,2.788952318462919e-02,2.213986753656244e-02
1609044013252409052,0,1609044013252409052,-8.203257918357849e-01,2.166864395141602e+00,1.909531474113464e+00,-8.983938475341331e-01,-4.374998971220552e-01,3.125146564790536e-02,2.248734368185338e-02
1609044013458595787,0,1609044013458595787,-8.425174355506897e-01,2.062053680419922e+00,1.777331352233887e+00,-8.985378270256579e-01,-4.384857185105315e-01,8.759966817703272e-03,1.683184623458094e-02
1609044013664688387,0,1609044013664688387,-8.592105507850647e-01,1.949256300926208e+00,1.839456439018250e+00,-8.984144782833956e-01,-4.380584043939211e-01,2.383590032874616e-02,1.970049253557369e-02
1609044013870728695,0,1609044013870728695,-8.611591458320618e-01,1.842815160751343e+00,1.841695904731750e+00,-8.980945882524344e-01,-4.384157536911444e-01,2.780790888465849e-02,2.108216475077214e-02
1609044014042575011,0,1609044014042575011,-8.437927365303040e-01,1.739948391914368e+00,1.802779436111450e+00,-8.984369436381352e-01,-4.373553164936539e-01,3.649359506095004e-03,3.896238719711106e-02
1609044014249694811,0,1609044014249694811,-8.250480294227600e-01,1.608119249343872e+00,1.670167326927185e+00,8.982243370619386e-01,4.382628619329009e-01,3.131676029338459e-02,-1.174583691146017e-02
1609044014455523695,0,1609044014455523695,-8.423653244972229e-01,1.457008719444275e+00,1.781298041343689e+00,-8.984260875297102e-01,-4.387977540377124e-01,1.658212028868966e-02,3.482755266768681e-03
1609044014662048199,0,1609044014662048199,-8.352040648460388e-01,1.336386322975159e+00,1.713695049285889e+00,-8.978769498109758e-01,-4.395760439357806e-01,2.329279665526816e-02,-6.879696205768079e-03
1609044014867945575,0,1609044014867945575,-8.437159657478333e-01,1.226823806762695e+00,1.688627481460571e+00,-8.978888995856953e-01,-4.394876434012450e-01,2.342499789826019e-02,-9.869385587550315e-03
1609044015041244953,0,1609044015041244953,-8.399533629417419e-01,1.141133785247803e+00,1.607532262802124e+00,8.979072881333332e-01,4.399437465867443e-01,5.506351814830593e-03,1.347894083202583e-02
1609044015245600622,0,1609044015245600622,-8.547174930572510e-01,1.065934896469116e+00,1.632348656654358e+00,8.977411973568731e-01,4.402442596947850e-01,4.580696673399710e-03,1.499171744747405e-02
1609044015451918524,0,1609044015451918524,-8.847430944442749e-01,1.005029797554016e+00,1.607456803321838e+00,-8.979095566256585e-01,-4.396772917072813e-01,2.083663846347634e-02,2.853379541160936e-03
1609044015657932131,0,1609044015657932131,-9.046999812126160e-01,9.544764161109924e-01,1.544905543327332e+00,-8.979972060232908e-01,-4.388774286501910e-01,2.858223535529579e-02,1.306431849942058e-02
1609044015864851922,0,1609044015864851922,-9.086232185363770e-01,9.076811671257019e-01,1.549896121025085e+00,-8.979053148838084e-01,-4.385658617947109e-01,3.264732845357787e-02,1.897846981491409e-02
1609044016070490238,0,1609044016070490238,-8.932207822799683e-01,8.732984066009521e-01,1.517376780509949e+00,-8.978023369324027e-01,-4.387158540728524e-01,3.273623465236186e-02,2.019163501625384e-02
1609044016242558082,0,1609044016242558082,-8.581784367561340e-01,8.338357210159302e-01,1.488855123519897e+00,-8.974244402161267e-01,-4.394433923976027e-01,3.387594005019931e-02,1.926913767072190e-02
1609044016449053711,0,1609044016449053711,-8.096773624420166e-01,7.988066673278809e-01,1.467219471931458e+00,-8.977083104674947e-01,-4.393575994842479e-01,2.426468313332441e-02,2.226913212217976e-02
1609044016654612561,0,1609044016654612561,-7.424360513687134e-01,7.592133283615112e-01,1.446295738220215e+00,-8.977840181751949e-01,-4.389152160052218e-01,2.997064142845182e-02,2.095353241479716e-02
1609044016861914795,0,1609044016861914795,-6.601937413215637e-01,7.285337448120117e-01,1.453224182128906e+00,-8.974242554905367e-01,-4.387967622253994e-01,3.921599202381013e-02,2.343529575983206e-02
1609044017067461981,0,1609044017067461981,-5.605849027633667e-01,6.980926394462585e-01,1.323121190071106e+00,8.981840647094484e-01,4.393217383359946e-01,1.552042693172652e-02,-4.573015997137666e-03
1609044017240445542,0,1609044017240445542,-4.909134507179260e-01,6.673088669776917e-01,1.397305727005005e+00,8.976660556425698e-01,4.396791772585978e-01,2.945191429292432e-02,3.233941371679068e-03
1609044017446272826,0,1609044017446272826,-4.513871669769287e-01,6.189785599708557e-01,1.390401124954224e+00,8.980858991970040e-01,4.396659854980607e-01,1.162479649734398e-02,6.347959696820175e-04
1609044017652280504,0,1609044017652280504,-4.288555681705475e-01,5.798477530479431e-01,1.399072647094727e+00,-8.980029938646557e-01,-4.388240199019035e-01,2.847576545579079e-02,1.460251173449048e-02
1609044017858470313,0,1609044017858470313,-3.812924027442932e-01,5.470377802848816e-01,1.364147901535034e+00,-8.975987938856944e-01,-4.386420729987142e-01,3.868834266356282e-02,2.031622879089786e-02
1609044018064327719,0,1609044018064327719,-3.096183538436890e-01,5.309111475944519e-01,1.320329546928406e+00,-8.979389339702892e-01,-4.383182522959366e-01,3.565553156128058e-02,1.764833231833913e-02
1609044018269878519,0,1609044018269878519,-2.277474850416183e-01,5.065008997917175e-01,1.318695187568665e+00,-8.980450521685941e-01,-4.382279937008316e-01,3.390760762280206e-02,1.793276213384381e-02
1609044018442233893,0,1609044018442233893,-1.297615617513657e-01,4.926012158393860e-01,1.293390274047852e+00,-8.981236916773623e-01,-4.382502391120990e-01,3.226537809536979e-02,1.641669096916987e-02
1609044018648271103,0,1609044018648271103,-8.021723479032516e-03,4.814063310623169e-01,1.268727779388428e+00,-8.983412455515538e-01,-4.381254941619832e-01,2.308615139118210e-02,2.227302224989005e-02
1609044018854528647,0,1609044018854528647,1.183113008737564e-01,4.635924994945526e-01,1.239023327827454e+00,-8.981057243443186e-01,-4.382863094071666e-01,2.970262273892094e-02,2.071166552070668e-02
1609044019061132319,0,1609044019061132319,2.627606987953186e-01,4.428643584251404e-01,1.258757829666138e+00,-8.985638476886136e-01,-4.376013833405417e-01,1.389429151144182e-02,2.991637660000987e-02
1609044019266554054,0,1609044019266554054,4.138034880161285e-01,4.083072245121002e-01,1.213104963302612e+00,-8.984511083132665e-01,-4.371457831070263e-01,5.082232475942043e-03,4.078408017190348e-02
1609044019440070103,0,1609044019440070103,5.550853013992310e-01,3.492038547992706e-01,1.195646047592163e+00,-8.989609950696553e-01,-4.363789555860531e-01,-2.271561354535895e-02,3.043907630429455e-02
1609044019645448067,0,1609044019645448067,6.864657402038574e-01,2.642837762832642e-01,1.274332880973816e+00,-8.985693796434370e-01,-4.385378747646054e-01,1.057600830255900e-02,1.207271355314491e-02
1609044019851476046,0,1609044019851476046,8.141666650772095e-01,1.861023455858231e-01,1.228098392486572e+00,-8.980004370540822e-01,-4.387773111162272e-01,3.052731120359977e-02,1.173752831602692e-02
1609044020057660654,0,1609044020057660654,9.603496193885803e-01,1.086023896932602e-01,1.206964254379272e+00,-8.980067302634545e-01,-4.383372792262176e-01,3.601349131537998e-02,1.213962459770645e-02
1609044020264200051,0,1609044020264200051,1.123326659202576e+00,6.014398485422134e-02,1.183595538139343e+00,-8.986367786709665e-01,-4.384608025243403e-01,1.357008181823559e-02,4.462908135518036e-03
1609044020470272771,0,1609044020470272771,1.267714500427246e+00,2.165945479646325e-03,1.176245570182800e+00,8.984438534949408e-01,4.389674220641447e-01,7.393010034242392e-03,7.182470755500591e-03
1609044020642416092,0,1609044020642416092,1.397390961647034e+00,-4.338531941175461e-02,1.151377439498901e+00,8.981641948184393e-01,4.377415799074896e-01,4.101445278946581e-02,-1.096826613480092e-03
1609044020848685994,0,1609044020848685994,1.474055767059326e+00,-1.219419986009598e-01,1.280322670936584e+00,-8.987661278095520e-01,-4.379609918465089e-01,-1.707844709265541e-02,1.086019189287011e-02
1609044021054227766,0,1609044021054227766,1.541896343231201e+00,-1.926450282335281e-01,1.203804254531860e+00,-8.985118060342951e-01,-4.376628527685272e-01,3.080460988096451e-02,1.337302260467308e-02
1609044021260838409,0,1609044021260838409,1.625897765159607e+00,-2.504341602325439e-01,1.117604851722717e+00,8.987983121425229e-01,4.382534512954367e-01,2.032385119890788e-03,9.559075693526453e-03
1609044021466763792,0,1609044021466763792,1.684158444404602e+00,-3.012564182281494e-01,1.171701550483704e+00,8.979274503860871e-01,4.387651935419303e-01,2.930298533582866e-02,1.878120948345937e-02
1609044021640222769,0,1609044021640222769,1.705543160438538e+00,-3.487958312034607e-01,1.186918258666992e+00,8.987126740594831e-01,4.383990984251904e-01,1.096718046540857e-02,1.216937744029240e-03
1609044021844888663,0,1609044021844888663,1.711263179779053e+00,-4.005864262580872e-01,1.208075523376465e+00,-8.988344697066361e-01,-4.373460085106863e-01,2.402923120943835e-02,1.573724735919063e-02
1609044022051648207,0,1609044022051648207,1.738677740097046e+00,-4.380252063274384e-01,1.227431416511536e+00,-8.984976373229738e-01,-4.370861694028569e-01,3.554201225548037e-02,1.986055403562964e-02
1609044022257049891,0,1609044022257049891,1.785470366477966e+00,-4.782587587833405e-01,1.173459172248840e+00,-8.986440588552103e-01,-4.371868317868418e-01,3.108152598140701e-02,1.845178417076500e-02
1609044022463590663,0,1609044022463590663,1.838361859321594e+00,-5.133973360061646e-01,1.124577403068542e+00,-8.990914165637275e-01,-4.361518891898666e-01,-3.079272080464423e-02,2.140005988279947e-02
1609044022670107021,0,1609044022670107021,1.856800794601440e+00,-5.906906127929688e-01,1.173952221870422e+00,8.971754356427913e-01,4.361342267847887e-01,6.806612873377632e-02,-1.517155315711105e-02
1609044022841747192,0,1609044022841747192,1.844078540802002e+00,-6.859045624732971e-01,1.258068323135376e+00,-8.990598624012703e-01,-4.369839369784148e-01,1.581464820256409e-02,2.205220043630173e-02
1609044023048072117,0,1609044023048072117,1.835783720016479e+00,-7.771191596984863e-01,1.151704907417297e+00,-8.986911325014088e-01,-4.379080801083595e-01,2.389651882746182e-02,-4.440509776454503e-03
1609044023254481208,0,1609044023254481208,1.833511352539062e+00,-8.528832793235779e-01,1.183947443962097e+00,8.991896562164053e-01,4.373879901602254e-01,-7.389005236755500e-03,9.752477563809913e-03
1609044023460546113,0,1609044023460546113,1.824898600578308e+00,-9.116459488868713e-01,1.191972374916077e+00,-8.992940050554477e-01,-4.369638330329991e-01,1.703546489430299e-02,6.534066748710177e-03
1609044023666714791,0,1609044023666714791,1.813442587852478e+00,-9.606064558029175e-01,1.179671645164490e+00,-8.998889226314717e-01,-4.358843812126922e-01,1.430353912265003e-02,-3.767075315948762e-04
1609044023840051052,0,1609044023840051052,1.798552036285400e+00,-1.014919281005859e+00,1.111915588378906e+00,8.985140230521163e-01,4.388040152705009e-01,-7.939690725871305e-03,7.781251336684357e-03
1609044024044903330,0,1609044024044903330,1.790087580680847e+00,-1.042597293853760e+00,1.014517188072205e+00,8.953696891337148e-01,4.443825805463929e-01,1.878369505329265e-02,2.200942270184109e-02
1609044024251642955,0,1609044024251642955,1.738459467887878e+00,-1.064611196517944e+00,1.073985934257507e+00,8.941802158175757e-01,4.476122596897149e-01,-7.357627634728282e-03,5.556251568252009e-03
1609044024457731847,0,1609044024457731847,1.673870205879211e+00,-1.077190637588501e+00,1.040016889572144e+00,-8.935728312962267e-01,-4.478159219820612e-01,2.680959312514998e-02,1.642379082507291e-02
1609044024663756128,0,1609044024663756128,1.644987225532532e+00,-1.082254767417908e+00,9.861848950386047e-01,-8.938523827587667e-01,-4.470364586075335e-01,2.886619802484838e-02,1.879002724054289e-02
1609044024869793530,0,1609044024869793530,1.632058024406433e+00,-1.087670803070068e+00,9.259911775588989e-01,-8.939150994435264e-01,-4.471699095433359e-01,2.715455696611118e-02,1.474778023463895e-02
1609044025041732289,0,1609044025041732289,1.625945568084717e+00,-1.095638275146484e+00,8.827670216560364e-01,-8.937096425224289e-01,-4.474463154222148e-01,2.861045624223044e-02,1.600973051389874e-02
1609044025248398425,0,1609044025248398425,1.638762593269348e+00,-1.101582884788513e+00,8.515815734863281e-01,-8.938961262550957e-01,-4.468126643731356e-01,3.066618171670953e-02,1.917664519230513e-02
1609044025454436585,0,1609044025454436585,1.672860383987427e+00,-1.096786499023438e+00,7.750032544136047e-01,-8.942194523609642e-01,-4.468601857785099e-01,2.477375870267422e-02,8.591057268732768e-03
1609044025661108292,0,1609044025661108292,1.708560585975647e+00,-1.089093923568726e+00,7.456839680671692e-01,-8.943561851115093e-01,-4.472518818421751e-01,9.071737451966272e-03,3.236034768609604e-03
1609044025866978906,0,1609044025866978906,1.739824771881104e+00,-1.082276582717896e+00,7.153196334838867e-01,8.946561861953374e-01,4.467215629407611e-01,5.490510248814038e-03,-8.946163946907263e-05
1609044026039851966,0,1609044026039851966,1.763051986694336e+00,-1.066696882247925e+00,7.258018851280212e-01,-8.945428904134677e-01,-4.469414642550831e-01,-6.480654925784552e-04,5.993725999588377e-03
1609044026245209763,0,1609044026245209763,1.771615147590637e+00,-1.054499745368958e+00,7.115533947944641e-01,-8.944269856386797e-01,-4.463330059677188e-01,2.622361521530604e-02,9.976830667344004e-03
1609044026451324546,0,1609044026451324546,1.799312114715576e+00,-1.038912057876587e+00,5.733346939086914e-01,-8.947028252925650e-01,-4.463560877058811e-01,1.612439938975052e-02,3.619547723334904e-03
1609044026657650959,0,1609044026657650959,1.830482721328735e+00,-1.001119375228882e+00,5.525637269020081e-01,8.944031350048368e-01,4.463238030378515e-01,2.694346308304576e-02,-1.058984100169232e-02
1609044026863876162,0,1609044026863876162,1.820015072822571e+00,-1.007044076919556e+00,5.595818758010864e-01,-8.944616084392327e-01,-4.466064151681857e-01,1.752089997327576e-02,1.319693233480130e-02
1609044027070162381,0,1609044027070162381,1.836290359497070e+00,-9.874040484428406e-01,4.839352071285248e-01,-8.943426678805017e-01,-4.467976990710824e-01,1.895016497140426e-02,1.280233419067260e-02
1609044027241635740,0,1609044027241635740,1.856927394866943e+00,-9.698253273963928e-01,4.203669130802155e-01,-8.947746376019513e-01,-4.463093341410573e-01,7.293589418879028e-03,1.153818513682015e-02
1609044027448128153,0,1609044027448128153,1.869342803955078e+00,-9.612652659416199e-01,3.774965107440948e-01,-8.948219504931937e-01,-4.462602296710051e-01,1.957982971027340e-03,1.190170711382028e-02
1609044027653960162,0,1609044027653960162,1.881053805351257e+00,-9.512774348258972e-01,3.352411091327667e-01,-8.949183972580516e-01,-4.460250528384305e-01,5.009742227223403e-03,1.255455982392013e-02
1609044027860203046,0,1609044027860203046,1.892200708389282e+00,-9.417367577552795e-01,2.887158095836639e-01,-8.948724336041510e-01,-4.460650123213525e-01,-4.272240431675845e-03,1.452860350583883e-02
1609044028066721049,0,1609044028066721049,1.894280433654785e+00,-9.475482702255249e-01,2.311599552631378e-01,-8.950379472123172e-01,-4.457769075864298e-01,-8.442419828810610e-03,1.089712164174168e-02
1609044028239805631,0,1609044028239805631,1.882248163223267e+00,-9.545022845268250e-01,1.795064955949783e-01,-8.948359467513328e-01,-4.462444884343332e-01,-9.516893708030988e-03,6.626739603778237e-03
1609044028444990527,0,1609044028444990527,1.850516200065613e+00,-9.689901471138000e-01,1.492157280445099e-01,-8.948797024829496e-01,-4.460780933392352e-01,-1.534588435875178e-03,1.422314188893014e-02
1609044028651194975,0,1609044028651194975,1.827177524566650e+00,-9.820890426635742e-01,5.938567593693733e-02,-8.951814519201897e-01,-4.454556751231186e-01,2.016316688485883e-03,1.467460751362824e-02
1609044028857759627,0,1609044028857759627,1.789878368377686e+00,-1.000952005386353e+00,2.407854795455933e-02,-8.947784590819902e-01,-4.463649533420051e-01,-3.932486072646480e-04,1.138784204236283e-02
1609044029063851282,0,1609044029063851282,1.758084774017334e+00,-1.024405121803284e+00,-5.427721142768860e-02,-8.948309924452670e-01,-4.462614256903278e-01,4.088110254772381e-03,1.056040978369215e-02
1609044029269719270,0,1609044029269719270,1.717546343803406e+00,-1.054524302482605e+00,-8.583962917327881e-02,-8.947551118658158e-01,-4.454546332513259e-01,2.653414639985827e-02,1.671522000300962e-02
1609044029441638379,0,1609044029441638379,1.688331484794617e+00,-1.037348866462708e+00,-1.262005120515823e-01,-8.960402863160263e-01,-4.435452030388635e-01,1.363023498380986e-02,1.391671132823024e-02
1609044029648608506,0,1609044029648608506,1.677929043769836e+00,-1.060199737548828e+00,-1.728819310665131e-01,-8.937078061193080e-01,-4.485757759135210e-01,-3.139230988120397e-03,7.501718056514371e-03
1609044029854734705,0,1609044029854734705,1.683925986289978e+00,-1.057549476623535e+00,-1.365070044994354e-01,-8.943719633337859e-01,-4.472581225507420e-01,4.758494085554592e-03,6.026586836031828e-03
1609044030060862626,0,1609044030060862626,1.687821865081787e+00,-1.062890172004700e+00,-1.209103912115097e-01,-8.942629585835568e-01,-4.474206751088525e-01,8.878159298893892e-03,5.447814055719706e-03
1609044030266609576,0,1609044030266609576,1.683333516120911e+00,-1.062134027481079e+00,-1.149673238396645e-01,-8.942232942787173e-01,-4.475193788926416e-01,6.667345923291616e-03,6.830225706544574e-03
1609044030439693851,0,1609044030439693851,1.687014460563660e+00,-1.059510707855225e+00,-1.084022969007492e-01,-8.942938862811983e-01,-4.473762726367104e-01,7.134551320388796e-03,6.481806786039631e-03
1609044030644873191,0,1609044030644873191,1.687310338020325e+00,-1.062976241111755e+00,-1.102726534008980e-01,-8.943191265997752e-01,-4.472923664125287e-01,9.663572396279605e-03,5.427164585419555e-03
1609044030851269749,0,1609044030851269749,1.682999014854431e+00,-1.060178995132446e+00,-1.170057430863380e-01,-8.941908449135613e-01,-4.475235309589824e-01,1.096521437913279e-02,5.018583903450935e-03
1609044031057747089,0,1609044031057747089,1.684887528419495e+00,-1.065996885299683e+00,-1.101229116320610e-01,-8.940470598595810e-01,-4.477817318946484e-01,1.259092827901350e-02,3.583833553687940e-03
1609044031263724031,0,1609044031263724031,1.687087416648865e+00,-1.061698317527771e+00,-1.146029606461525e-01,-8.944801456484188e-01,-4.469928372709097e-01,8.122953403338577e-03,6.057235119486389e-03
1609044031469985141,0,1609044031469985141,1.684875130653381e+00,-1.062093853950500e+00,-1.205153986811638e-01,-8.940443418558319e-01,-4.478425225084827e-01,-2.538097540583711e-04,1.103292388354172e-02
1609044031641851454,0,1609044031641851454,1.685674548149109e+00,-1.062449932098389e+00,-1.124481186270714e-01,-8.942222391215806e-01,-4.475320169465475e-01,3.636323608697755e-03,8.273936110157977e-03
1609044031847953430,0,1609044031847953430,1.687576055526733e+00,-1.063685297966003e+00,-1.105771735310555e-01,-8.943388023812098e-01,-4.472861205102533e-01,6.275575143571932e-03,7.338263476327526e-03
1609044032054495383,0,1609044032054495383,1.685971975326538e+00,-1.063612818717957e+00,-1.091034337878227e-01,-8.943319849704285e-01,-4.473075145846497e-01,3.274158639891532e-03,8.692982236106738e-03
1609044032261615434,0,1609044032261615434,1.682094097137451e+00,-1.065467476844788e+00,-1.093569546937943e-01,-8.941125493962834e-01,-4.477498446259344e-01,3.784069907716047e-03,8.276863201949706e-03
1609044032466763150,0,1609044032466763150,1.683319926261902e+00,-1.063598871231079e+00,-1.126798167824745e-01,-8.941303552247486e-01,-4.477170395868732e-01,3.313847971779675e-03,8.329390184822002e-03
1609044032640201590,0,1609044032640201590,1.680628418922424e+00,-1.060038805007935e+00,-1.234031617641449e-01,-8.940853916447857e-01,-4.477862473001838e-01,1.414868175464190e-03,9.838054901996360e-03
1609044032846086342,0,1609044032846086342,1.678795933723450e+00,-1.063369750976562e+00,-1.159342676401138e-01,-8.940678944251260e-01,-4.478328183399918e-01,2.550042417054589e-03,9.047887021450138e-03
1609044033052022370,0,1609044033052022370,1.682462215423584e+00,-1.061499834060669e+00,-1.207632347941399e-01,-8.941287914996049e-01,-4.477105351821170e-01,2.818180491758887e-03,9.002152915520032e-03
1609044033257974565,0,1609044033257974565,1.682795763015747e+00,-1.062342762947083e+00,-1.172734498977661e-01,-8.940286598790728e-01,-4.479054989099590e-01,1.759631948205619e-03,9.503844298860309e-03
1609044033463626899,0,1609044033463626899,1.683880805969238e+00,-1.058263659477234e+00,-1.190316081047058e-01,-8.940651067433599e-01,-4.478342010015637e-01,2.558059214747944e-03,9.250386496219806e-03
1609044033669841758,0,1609044033669841758,1.683223605155945e+00,-1.059229969978333e+00,-1.244036480784416e-01,-8.940132287225631e-01,-4.479326482007395e-01,2.487649973391591e-03,9.513208845624205e-03
1609044033841605670,0,1609044033841605670,1.683129191398621e+00,-1.058227896690369e+00,-1.237950474023819e-01,-8.940510741513253e-01,-4.478554335252037e-01,2.066270907196897e-03,9.691129725230013e-03
1609044034047538163,0,1609044034047538163,1.683338880538940e+00,-1.058447241783142e+00,-1.157449856400490e-01,-8.941326881289361e-01,-4.477086516246505e-01,2.587999520776427e-03,8.775052036338406e-03
1609044034253738363,0,1609044034253738363,1.682943463325500e+00,-1.059394121170044e+00,-1.267508417367935e-01,-8.940506336647911e-01,-4.478546144466400e-01,2.284598706965813e-03,9.720564344985390e-03
1609044034461211146,0,1609044034461211146,1.680478692054749e+00,-1.061071276664734e+00,-1.212062314152718e-01,-8.941016158487216e-01,-4.477591971061095e-01,2.220020013958695e-03,9.437873422289427e-03
1609044034666404549,0,1609044034666404549,1.681784033775330e+00,-1.060376405715942e+00,-1.240046918392181e-01,-8.940646949124345e-01,-4.478312532985466e-01,2.549496792151298e-03,9.433448271721601e-03
1609044034839689776,0,1609044034839689776,1.683302760124207e+00,-1.061618685722351e+00,-1.185994520783424e-01,-8.940750383158294e-01,-4.478172756982446e-01,2.167657292644331e-03,9.209490138575036e-03
1609044035044440817,0,1609044035044440817,1.680254101753235e+00,-1.062022209167480e+00,-1.143439039587975e-01,-8.940917294482805e-01,-4.477868410258850e-01,2.373772275040400e-03,9.016071285639360e-03
1609044035250609863,0,1609044035250609863,1.683878898620605e+00,-1.058498263359070e+00,-1.234633103013039e-01,-8.940810827425163e-01,-4.477993439271438e-01,2.413007977932940e-03,9.430930648007960e-03
1609044035456814192,0,1609044035456814192,1.680370688438416e+00,-1.058714747428894e+00,-1.239368468523026e-01,-8.940790022593903e-01,-4.478008095599727e-01,2.219961521423133e-03,9.604397280915453e-03
1609044035663119694,0,1609044035663119694,1.682573795318604e+00,-1.060823321342468e+00,-1.230774670839310e-01,-8.940719731786720e-01,-4.478170677859951e-01,2.428972866142414e-03,9.448844731761356e-03
1609044035869236293,0,1609044035869236293,1.680253267288208e+00,-1.059626340866089e+00,-1.265047490596771e-01,-8.940386329733701e-01,-4.478785708761880e-01,2.192846554931086e-03,9.741659252800740e-03
1609044036041208030,0,1609044036041208030,1.681615829467773e+00,-1.058807730674744e+00,-1.224912703037262e-01,-8.940429265589189e-01,-4.478766362687883e-01,2.383460859115020e-03,9.385268714961941e-03
1609044036247458043,0,1609044036247458043,1.681200385093689e+00,-1.058309674263000e+00,-1.257397830486298e-01,-8.940965841952861e-01,-4.477646029692592e-01,2.445525515842071e-03,9.600930322349151e-03
1609044036453520983,0,1609044036453520983,1.680870652198792e+00,-1.059887170791626e+00,-1.219572797417641e-01,-8.940821134265511e-01,-4.477986711773738e-01,2.281614747094788e-03,9.397807012052169e-03
1609044036659728028,0,1609044036659728028,1.681383728981018e+00,-1.062921166419983e+00,-1.189648061990738e-01,-8.940678151139909e-01,-4.478291458207114e-01,2.284739477889037e-03,9.304735155003569e-03
1609044036866318088,0,1609044036866318088,1.678032517433167e+00,-1.063342452049255e+00,-1.213762611150742e-01,-8.940687499985944e-01,-4.478241735792691e-01,2.250798941483783e-03,9.461170018584450e-03
1609044037039484083,0,1609044037039484083,1.683941960334778e+00,-1.054309844970703e+00,-1.262048184871674e-01,-8.940423943993147e-01,-4.478762100269625e-01,2.232755249570551e-03,9.492750529747348e-03
1609044037244194753,0,1609044037244194753,1.682758331298828e+00,-1.059107899665833e+00,-1.247506663203239e-01,-8.940835496013880e-01,-4.477936805412511e-01,2.344946451550719e-03,9.482996659367141e-03
1609044037450534033,0,1609044037450534033,1.680020570755005e+00,-1.059524416923523e+00,-1.240634396672249e-01,-8.940788042525686e-01,-4.478023081863444e-01,2.374888431783195e-03,9.515486020997064e-03
1609044037656403290,0,1609044037656403290,1.681250214576721e+00,-1.061038613319397e+00,-1.279232352972031e-01,-8.940607412734454e-01,-4.478331290864044e-01,2.401749385041634e-03,9.752487177577958e-03
1609044037863017768,0,1609044037863017768,1.679569721221924e+00,-1.064499855041504e+00,-1.233237609267235e-01,-8.941026445948643e-01,-4.477538553473686e-01,2.326530521577867e-03,9.567298770781489e-03
1609044038069112779,0,1609044038069112779,1.679817318916321e+00,-1.061107277870178e+00,-1.191760078072548e-01,-8.940458438118943e-01,-4.478706944685422e-01,2.208355196584726e-03,9.433629538479675e-03
