%time,field.header.seq,field.header.stamp,field.pose.pose.position.x,field.pose.pose.position.y,field.pose.pose.position.z,field.pose.pose.orientation.x,field.pose.pose.orientation.y,field.pose.pose.orientation.z,field.pose.pose.orientation.w,field.twist.twist.linear.x,field.twist.twist.linear.y,field.twist.twist.linear.z,field.twist.twist.angular.x,field.twist.twist.angular.y,field.twist.twist.angular.z
1609043643748105526,0,1609043643748105526,6.056155543774366e-03,-1.641886867582798e-02,-5.995171377435327e-04,-7.202974378963830e-05,-1.529869259991352e-03,6.372714816189182e-04,9.999986240974644e-01
1609043643843486309,1,1609043643843486309,-1.108203983900667e-02,1.067696882186644e-03,-3.851728389054064e-03,8.877666339228569e-06,-2.240898221855273e-03,2.140855921224481e-04,9.999974662286428e-01
1609043643955476284,2,1609043643955476284,-1.582304009206986e-02,1.348350273242324e-02,-4.220864244668071e-03,-2.358235323560516e-04,-2.093379729174387e-03,1.800599960648209e-04,9.999977648609866e-01
1609043644048335552,3,1609043644048335552,-1.186058580686650e-02,7.926614687456876e-03,-1.808123325209673e-03,-1.296615736645193e-04,-2.010715320048468e-03,1.506647713887910e-04,9.999979587538690e-01
1609043644142845631,4,1609043644142845631,-1.058994430869031e-02,4.513292338593986e-03,-1.906801143031859e-03,-1.420682420453027e-05,-2.103059213392895e-03,1.204029902423767e-04,9.999977812191541e-01
1609043644235739231,5,1609043644235739231,-9.089832458508244e-03,4.395751696212659e-03,-2.097519382820368e-03,-1.555027302848366e-05,-1.861144061212422e-03,2.991086479881612e-05,9.999982675016555e-01
1609043644349079609,6,1609043644349079609,-6.606322000503193e-03,3.780085502011904e-03,-1.759710686391723e-03,-1.536523365352441e-04,-1.930763108068164e-03,5.161718866081748e-05,9.999981229384612e-01
1609043644424826622,7,1609043644424826622,-6.589138654355484e-03,4.597908458242052e-03,-5.509601909163713e-04,1.352329930748298e-04,-1.820464574739023e-03,-2.005526989842470e-04,9.999983136982705e-01
1609043644535771132,8,1609043644535771132,-6.808280204141893e-03,4.618544988974484e-03,-1.607099002534563e-03,3.219359043364763e-06,-1.766485388643635e-03,-7.043443630395634e-06,9.999984397334815e-01
1609043644648283005,9,1609043644648283005,-7.957280901863579e-03,4.791700500000995e-03,-1.557248315394069e-03,-1.378620377724343e-04,-1.802333666243387e-03,1.018352980410029e-04,9.999983611071500e-01
1609043644724837780,10,1609043644724837780,-8.267646405355161e-03,7.037861542229190e-03,-1.448314427706595e-03,1.825244675813438e-04,-1.850886349523142e-03,-2.330909588198819e-04,9.999982432850294e-01
1609043644835804939,11,1609043644835804939,-9.941312644429533e-03,8.017941645142891e-03,-1.573572354283819e-03,-1.470892896130070e-05,-1.815304301739046e-03,-1.428617570376749e-04,9.999983420208545e-01
1609043644929349899,12,1609043644929349899,-1.046641327731326e-02,8.668631276300676e-03,-1.041271347398318e-03,1.201174599186416e-04,-1.789541695776718e-03,-1.635731752292246e-04,9.999983781767504e-01
1609043645043587446,13,1609043645043587446,-1.139106311387492e-02,9.966675946686146e-03,-7.815092814499582e-04,-2.763384984469613e-05,-1.914824719335413e-03,-4.136802489984794e-06,9.999981663310945e-01
1609043645153667450,14,1609043645153667450,-1.177660444338492e-02,8.389554435628260e-03,-1.040208041058946e-03,-2.195248363891755e-04,-1.797763102829626e-03,7.028248414673674e-05,9.999983574571735e-01
1609043645229538202,15,1609043645229538202,-1.087576929756258e-02,9.306840339554603e-03,-7.940094979377098e-04,7.540217341604659e-05,-1.790801823170556e-03,-1.473954259923711e-04,9.999983828076577e-01
1609043645324502945,16,1609043645324502945,-1.194065267059498e-02,9.678541617140947e-03,-2.695910272423447e-04,3.264889451773925e-04,-1.773261460636786e-03,-1.299116085607353e-04,9.999983660345325e-01
1609043645453453064,17,1609043645453453064,-1.090020410873202e-02,8.514667933330935e-03,-1.449277356767136e-03,-2.173875030148071e-04,-1.852250689060751e-03,6.538863215048813e-05,9.999982588156767e-01
1609043645529250860,18,1609043645529250860,-1.079250307342693e-02,7.907288592294073e-03,-1.607196873693489e-03,7.331613575821130e-05,-1.858742287935396e-03,-1.326949469534413e-04,9.999982610454392e-01
1609043645644299269,19,1609043645644299269,-9.438445376527566e-03,8.450442906065839e-03,-1.113050154939021e-03,-8.247573908834582e-05,-1.871801819785699e-03,-8.229310689628718e-06,9.999982447424487e-01
1609043645735602379,20,1609043645735602379,-8.879622710644110e-03,7.350329993262976e-03,-1.484645680867399e-03,5.955094845872347e-06,-1.764122452790997e-03,-1.074568453507107e-04,9.999984381435477e-01
1609043645846986532,21,1609043645846986532,-9.351057294144764e-03,9.120312285151779e-03,-1.324437761104944e-03,-9.917600279557609e-05,-1.865971148369130e-03,-1.309312499468189e-05,9.999982540706579e-01
1609043645943793535,22,1609043645943793535,-9.590966426828742e-03,8.600759263222344e-03,-4.613648852793057e-04,-1.623576279104451e-05,-1.879871649940587e-03,-2.609022758771455e-05,9.999982325675780e-01
1609043646035230160,23,1609043646035230160,-9.843652741292170e-03,9.643944020395508e-03,-7.566394660319140e-04,5.884557027874438e-05,-1.808105823530892e-03,-1.003334349921202e-04,9.999983586105188e-01
1609043646148298025,24,1609043646148298025,-1.057450281120882e-02,9.696467532204519e-03,-8.201031388889458e-04,-1.238799891585421e-04,-1.897103045341097e-03,-1.621679952048356e-05,9.999981926937663e-01
1609043646224074602,25,1609043646224074602,-1.047607992979278e-02,1.097008716195109e-02,-6.717706253785803e-04,2.102715279487088e-04,-1.874222869295576e-03,-2.214942466898823e-04,9.999981970057843e-01
1609043646354795694,26,1609043646354795694,-9.173478615476181e-03,7.569239060668263e-03,-5.992397888229934e-04,-2.244067351519244e-04,-1.816996661577750e-03,5.885395320013493e-05,9.999983223490734e-01
1609043646428917885,27,1609043646428917885,-1.022524902162858e-02,7.837435717481878e-03,-6.586549109167995e-04,1.377065349083410e-04,-1.713210371812827e-03,-1.529919526042470e-04,9.999985112691891e-01
1609043646524102926,28,1609043646524102926,-9.893865462410353e-03,9.216755368228677e-03,-3.063291813004708e-04,2.044761064808331e-04,-1.834196152722584e-03,-2.068905013120875e-04,9.999982755536710e-01
1609043646635234118,29,1609043646635234118,-9.884714600498242e-03,9.099878857159984e-03,-1.207856972070568e-03,3.754996060434217e-05,-1.736967301540119e-03,-7.223684689835955e-05,9.999984881570730e-01
1609043646747706413,30,1609043646747706413,-9.810428235647759e-03,6.377871254406128e-03,-8.919721658968443e-04,-1.289165554311207e-04,-1.859441343086599e-03,1.948516701114193e-05,9.999982627378617e-01
1609043646843675613,31,1609043646843675613,-1.040428969889474e-02,6.026516671356464e-03,-6.186421473348250e-04,-5.911355361090269e-05,-1.885643122400501e-03,7.280184230493376e-05,9.999982177761592e-01
1609043646954687119,32,1609043646954687119,-1.098464370850365e-02,7.672519513969260e-03,-1.252028296431796e-03,-2.052981052500962e-04,-1.806345108272029e-03,6.576063521460911e-05,9.999983453214193e-01
1609043647048444271,33,1609043647048444271,-1.135737706113793e-02,1.011061628557858e-02,-1.645924744483362e-03,-1.097063419812427e-04,-1.766819258296731e-03,-4.780272831294484e-06,9.999984331444605e-01
1609043647143132210,34,1609043647143132210,-1.105590371964726e-02,8.746242816830691e-03,-1.030393015923021e-03,-4.128683838898160e-05,-1.823415298182551e-03,9.634976031533267e-06,9.999983366782240e-01
1609043647235392332,35,1609043647235392332,-1.014074900143331e-02,7.711557012188544e-03,-1.498349484977972e-03,2.603848484011359e-05,-1.855841477897205e-03,-2.012158453205704e-05,9.999982773832803e-01
1609043647329128981,36,1609043647329128981,-9.728439150523615e-03,8.565613712721777e-03,-1.325807013390616e-03,1.392315301291196e-04,-1.832213208415439e-03,-1.356586461181968e-04,9.999983026015953e-01
1609043647424619675,37,1609043647424619675,-9.679255373868406e-03,9.802054845829340e-03,-6.376110147136302e-04,2.085554946580617e-04,-1.854071648741859e-03,-1.522985205489570e-04,9.999982478625088e-01
1609043647553976297,38,1609043647553976297,-1.024329953665723e-02,7.840746867796478e-03,-1.249325396546351e-03,-1.816687573253935e-04,-1.824940257848808e-03,9.697700267700736e-05,9.999983135910674e-01
1609043647648555994,39,1609043647648555994,-1.020197725637852e-02,7.924552416811234e-03,-1.029696323749218e-03,-1.261135751016597e-04,-1.868691021762845e-03,-7.503022442585455e-06,9.999982460149298e-01
1609043647743755102,40,1609043647743755102,-9.820363120486631e-03,7.779415293728104e-03,-4.963430806591384e-04,-5.157826720568182e-05,-1.868243646526593e-03,-5.829739587690081e-05,9.999982518018585e-01
1609043647835569859,41,1609043647835569859,-9.896720814421089e-03,8.177290179201272e-03,-1.639796439163730e-03,-6.774458017225129e-06,-1.764342434890267e-03,-6.089359694576229e-05,9.999984416697103e-01
1609043647928903341,42,1609043647928903341,-1.070542051047036e-02,8.771480565928679e-03,-1.225521739996684e-03,1.032055275538294e-04,-1.774795266987430e-03,-7.780952929091174e-05,9.999984166967748e-01
1609043648024164677,43,1609043648024164677,-9.492145308811735e-03,1.050619072506551e-02,-6.718071457079387e-04,2.028030008988153e-04,-1.827213200561438e-03,-2.250170085185115e-04,9.999982847636332e-01
1609043648135083675,44,1609043648135083675,-9.509044035449473e-03,1.044008893563583e-02,-1.254856107613334e-03,2.528460447706669e-05,-1.718081619138056e-03,-1.156263389150626e-04,9.999985170922948e-01
1609043648228897810,45,1609043648228897810,-9.694497279734588e-03,8.470133290818469e-03,-1.119890524648031e-03,1.357501975262202e-04,-1.676948877958360e-03,-1.345974050338472e-04,9.999985756479272e-01
1609043648324369192,46,1609043648324369192,-9.383283610063938e-03,1.028547427214220e-02,-3.468938642905404e-04,1.818593812381969e-04,-1.829315496382572e-03,-1.855616051428788e-04,9.999982930479786e-01
1609043648435443401,47,1609043648435443401,-8.624650341090100e-03,9.136928556851187e-03,-8.619463956130206e-04,2.497561905931810e-05,-1.746045008762227e-03,-4.673523616221989e-05,9.999984742582678e-01
1609043648528879642,48,1609043648528879642,-1.053411820106388e-02,9.803790191589187e-03,-9.406796799663972e-04,1.159272033505430e-04,-1.803514821550686e-03,-1.320527502027628e-04,9.999983582272739e-01
1609043648624166012,49,1609043648624166012,-1.008221799276123e-02,9.620971927836027e-03,-3.866017440072190e-04,2.167639432671788e-04,-1.782717820968979e-03,-1.666568130024393e-04,9.999983735767126e-01
1609043648735136271,50,1609043648735136271,-9.861027679326449e-03,9.393449845666275e-03,-1.156620584322214e-03,3.179407206845950e-05,-1.701191379458731e-03,-5.362367286510083e-05,9.999985510297148e-01
1609043648828871489,51,1609043648828871489,-1.104908536445208e-02,1.019327255957225e-02,-9.413820031476345e-04,1.218193783258163e-04,-1.771213609846171e-03,-1.332026470466809e-04,9.999984151084651e-01
1609043648923868418,52,1609043648923868418,-8.784765825555913e-03,8.690697612567830e-03,-2.771532470234800e-05,1.649142655723734e-04,-1.777982669133836e-03,-9.215976442734797e-05,9.999984015424680e-01
1609043649034979582,53,1609043649034979582,-8.978600621203169e-03,8.747752321960577e-03,-4.718141037976228e-04,3.633214661005748e-05,-1.711234366475554e-03,-9.838398295387828e-05,9.999985303376751e-01
1609043649148294210,54,1609043649148294210,-9.848634377193232e-03,9.309205815764200e-03,-9.167156533970407e-04,-9.775379437643406e-05,-1.796321397975139e-03,1.421802456603665e-05,9.999983817344299e-01
1609043649224208117,55,1609043649224208117,-1.051167985951493e-02,9.850049320485527e-03,-7.587341432426644e-04,2.379071734724913e-04,-1.734247828670464e-03,-6.483179817223668e-05,9.999984657895649e-01
1609043649354523182,56,1609043649354523182,-1.090691208241777e-02,8.505074634797613e-03,-1.623527137708030e-03,-2.052754023708928e-04,-1.783095553320804e-03,8.951052602543602e-05,9.999983852087576e-01
1609043649446695089,57,1609043649446695089,-1.121989693277915e-02,8.990195513864653e-03,-1.404576468940148e-03,-1.081316105950220e-04,-1.794449707508012e-03,7.035429247624149e-05,9.999983816527283e-01
1609043649524192572,58,1609043649524192572,-1.052716835388954e-02,9.718565840449743e-03,-7.772980149037353e-04,1.936225996091696e-04,-1.741219987613702e-03,-1.481743570097376e-04,9.999984543526073e-01
1609043649654132366,59,1609043649654132366,-1.072613567971717e-02,1.052369425925128e-02,-1.191780517907419e-03,-2.175127306947557e-04,-1.763060940651324e-03,4.839603737144714e-05,9.999984209798309e-01
1609043649728485823,60,1609043649728485823,-1.136407726811567e-02,1.113568632733370e-02,-1.001195003478305e-03,1.351843603948281e-04,-1.723404240329754e-03,-1.253153617029148e-04,9.999984979484086e-01
1609043649823787928,61,1609043649823787928,-9.604451685284593e-03,9.726967595073919e-03,-3.405264455468808e-04,2.022726593705156e-04,-1.841882849926279e-03,-1.595715183140273e-04,9.999982705436390e-01
1609043649934783697,62,1609043649934783697,-1.115152454816287e-02,1.081223515632346e-02,-1.012862817385178e-03,4.039048962788764e-05,-1.778557410636315e-03,-7.922441617538520e-05,9.999984144115617e-01
1609043650028695583,63,1609043650028695583,-9.989295856116562e-03,1.117172801188446e-02,-8.141492611224111e-04,1.644611759610023e-04,-1.716569132710868e-03,-1.353795170858044e-04,9.999985040065412e-01
1609043650123970509,64,1609043650123970509,-1.000557078897995e-02,1.156223947100370e-02,-4.503597982397402e-04,1.917339566330606e-04,-1.736532284845539e-03,-1.311752011352439e-04,9.999984652422124e-01
1609043650254486084,65,1609043650254486084,-1.078297715021969e-02,1.169932699736648e-02,-1.603371140407409e-03,-2.244807459726003e-04,-1.786125329112523e-03,3.027967390058067e-05,9.999983792226089e-01
1609043650347349167,66,1609043650347349167,-1.051286107795067e-02,1.193401029452146e-02,-1.393841583534653e-03,-1.351884432626568e-04,-1.798192136182360e-03,2.457649234467274e-05,9.999983738112388e-01
1609043650442631006,67,1609043650442631006,-1.020120323751223e-02,1.211457110673041e-02,-1.004949460508408e-03,-3.844887603241643e-05,-1.811722714325672e-03,1.045374721578018e-05,9.999983580352567e-01
1609043650553905487,68,1609043650553905487,-1.137563819339840e-02,1.260733511871319e-02,-1.586399377694244e-03,-1.529614307013087e-04,-1.757557237887012e-03,3.327921832486756e-05,9.999984432427133e-01
1609043650628631115,69,1609043650628631115,-1.039570743297984e-02,1.045405616367530e-02,-1.278576824376263e-03,1.640246844729644e-04,-1.760026271577693e-03,-8.767607048405078e-05,9.999984338569401e-01
1609043650742579460,70,1609043650742579460,-1.099975515671292e-02,1.026238212100419e-02,-3.840988958811682e-04,-3.812695960088360e-05,-1.829247251766680e-03,-5.578331823980948e-06,9.999983261834536e-01
1609043650834613562,71,1609043650834613562,-1.050369444353878e-02,9.349057202596753e-03,-8.163392998065827e-04,-2.021681547108145e-05,-1.632123851713837e-03,-2.288420408866860e-05,9.999986676187755e-01
1609043650928531885,72,1609043650928531885,-1.086332444907450e-02,1.082214219296744e-02,-8.826381436596833e-04,1.259312163775870e-04,-1.751822329349139e-03,-8.956153483639202e-05,9.999984536180977e-01
1609043651023622751,73,1609043651023622751,-1.120727522395643e-02,1.202792952856807e-02,-8.711301248440175e-04,2.635259311638454e-04,-1.767050745505634e-03,-1.233199009359303e-04,9.999983964376885e-01
1609043651153661489,74,1609043651153661489,-1.205030812606239e-02,1.164612595966305e-02,-1.584528523803073e-03,-2.077889436443289e-04,-1.744571839436108e-03,9.705516989765665e-05,9.999984519353747e-01
1609043651228904247,75,1609043651228904247,-1.174036344406104e-02,1.178450923721938e-02,-1.301604139306872e-03,1.861524112729848e-04,-1.821858817553795e-03,-1.658272915979836e-04,9.999983093380899e-01
1609043651343410492,76,1609043651343410492,-1.029730547406258e-02,1.125075088924081e-02,-6.590630178849879e-04,-2.906523123050226e-05,-1.825245709174129e-03,-5.856794325084190e-06,9.999983337981175e-01
1609043651435016394,77,1609043651435016394,-9.929408393504190e-03,1.178649715515344e-02,-7.302547662828140e-04,2.550483247195706e-05,-1.718304261498584e-03,-1.370819791131283e-04,9.999985139931457e-01
1609043651528531313,78,1609043651528531313,-1.018293822820326e-02,1.074208320649454e-02,-6.994308536269755e-04,1.244498184503655e-04,-1.746115476249275e-03,-7.374699508174711e-05,9.999984650760055e-01
1609043651643175840,79,1609043651643175840,-1.062114355255165e-02,1.221869564740076e-02,-1.141796106163343e-04,-2.010379582789206e-05,-1.829204727070097e-03,1.537986209925024e-05,9.999983266832818e-01
1609043651753995419,80,1609043651753995419,-1.229605453261257e-02,1.248900133110754e-02,-1.276778580203450e-03,-2.063612643855610e-04,-1.788822336338138e-03,4.145875319256186e-05,9.999983779041091e-01
1609043651847933292,81,1609043651847933292,-1.343857875848210e-02,1.199304655117110e-02,-1.056573366800835e-03,-1.167494104704790e-04,-1.809543139278310e-03,5.704289069194343e-06,9.999983559439802e-01
1609043651923714161,82,1609043651923714161,-1.355496826854681e-02,1.314938286622692e-02,-6.299297468007475e-04,1.887205517727570e-04,-1.792557647339819e-03,-1.246562471434311e-04,9.999983677898951e-01
1609043652034722805,83,1609043652034722805,-1.291607682740996e-02,1.159510412248799e-02,-1.258476683571721e-03,3.564147154378748e-05,-1.703565474779531e-03,-7.153996945399354e-05,9.999985457371382e-01
1609043652128594875,84,1609043652128594875,-1.210387637288649e-02,1.226449380961368e-02,-7.848906916222502e-04,1.113012712994406e-04,-1.685755512238170e-03,-1.024773510034897e-04,9.999985676683605e-01
1609043652224150658,85,1609043652224150658,-1.091977632140477e-02,1.461588176225258e-02,-7.311353358285230e-05,1.865177811712023e-04,-1.719175895736580e-03,-1.546839997237052e-04,9.999984928579728e-01
1609043652355858564,86,1609043652355858564,-1.000401494685495e-02,1.479284837439509e-02,-1.428923974832535e-03,-1.901748956523910e-04,-1.736153902538027e-03,7.410055607267200e-06,9.999984747729502e-01
1609043652449841738,87,1609043652449841738,-1.033087386966789e-02,1.445093793826777e-02,-1.377028348381903e-03,-1.764887243490722e-04,-1.765242023133271e-03,1.639196867635842e-05,9.999984262505783e-01
1609043652543419123,88,1609043652543419123,-9.705848084360215e-03,1.166539752591677e-02,-2.913889188024942e-04,-4.115802552767055e-05,-1.814106288652740e-03,-3.092174087884187e-07,9.999983536607921e-01
1609043652655918360,89,1609043652655918360,-1.051497627141729e-02,1.128033489935474e-02,-9.571808093452520e-04,-1.975647608625994e-04,-1.699633375524392e-03,4.790825813251460e-05,9.999985349586032e-01
1609043652730266571,90,1609043652730266571,-1.173476754022370e-02,1.087913274385134e-02,-1.054358513889185e-03,1.222901074924779e-04,-1.727606289573935e-03,-3.090883802568738e-05,9.999984997320154e-01
1609043652823949814,91,1609043652823949814,-1.285487823912219e-02,1.224514270553140e-02,-3.116657564029437e-04,2.209792862213953e-04,-1.798680069058623e-03,-1.048593320792488e-04,9.999983524599851e-01
1609043652956946373,92,1609043652956946373,-1.187645734608618e-02,1.081960221113831e-02,-1.786896160334231e-03,-1.944190744385544e-04,-1.775225595239020e-03,1.523745313360881e-04,9.999983937773659e-01
1609043653029822588,93,1609043653029822588,-1.243454878389689e-02,1.152623511555016e-02,-1.602518938623825e-03,8.679425796275658e-05,-1.761213560420341e-03,-8.848737716885650e-05,9.999984413805530e-01
1609043653124459505,94,1609043653124459505,-1.109913397922399e-02,1.143012842840258e-02,-3.911750480467334e-04,2.045126296630756e-04,-1.766401019091584e-03,-1.077937075000196e-04,9.999984131900114e-01
1609043653235944033,95,1609043653235944033,-1.188514488918192e-02,1.137744582408706e-02,-1.549103330780961e-03,1.962292940276337e-05,-1.750770411126767e-03,4.329698885722111e-05,9.999984662704633e-01
1609043653329704762,96,1609043653329704762,-1.151068546937507e-02,1.131435781883726e-02,-1.442335121527870e-03,9.431919388572328e-05,-1.764101411058776e-03,-9.606870147610617e-05,9.999984349092281e-01
1609043653423982620,97,1609043653423982620,-1.149734053995920e-02,1.261616902318154e-02,-7.844968230982554e-04,2.415267734839173e-04,-1.762480692984072e-03,-1.620987254090777e-04,9.999984045240411e-01
1609043653537009716,98,1609043653537009716,-1.295832964684569e-02,1.149677264304551e-02,-1.285641655263621e-03,-6.540768644333356e-05,-1.677489402177825e-03,-1.222970657583106e-05,9.999985907997944e-01
1609043653629695415,99,1609043653629695415,-1.139666714294731e-02,1.145641637199068e-02,-1.196084140925000e-03,1.169855189941612e-04,-1.745479543030668e-03,-1.003156849910315e-04,9.999984647749798e-01
1609043653723524570,100,1609043653723524570,-9.597985623285950e-03,1.078295463192905e-02,-5.485984609393247e-04,2.194919454496152e-04,-1.739303074991620e-03,-1.458257784732593e-04,9.999984526902738e-01
1609043653843458414,101,1609043653843458414,-9.444114354815030e-03,1.159665136639761e-02,-1.910862587628816e-04,-7.200809318324483e-05,-1.789232282124869e-03,1.847176445572348e-05,9.999983965594490e-01
1609043653933270931,102,1609043653933270931,-9.976492358527036e-03,1.115970232276946e-02,-1.052922664481095e-03,3.917063700014154e-05,-1.744584703669123e-03,-3.454514658721600e-05,9.999984768470929e-01
1609043654027104378,103,1609043654027104378,-1.180767969794094e-02,1.024455672758511e-02,-7.609794610990519e-04,1.501559425479672e-04,-1.766292842557123e-03,-3.326803701242135e-05,9.999984282767773e-01
1609043654123833895,104,1609043654123833895,-1.137624503690094e-02,1.052426542094181e-02,-4.703455137398906e-04,2.074121449624578e-04,-1.771740878178213e-03,-1.095845157254425e-04,9.999984029515731e-01
1609043654233604431,105,1609043654233604431,-1.150183952037904e-02,1.173506668233779e-02,-1.468630323519081e-03,2.457974685882385e-05,-1.728411477366976e-03,-4.283911309386967e-05,9.999985050760882e-01
1609043654347030640,106,1609043654347030640,-1.150021135607706e-02,1.173406250926038e-02,-1.276181572644785e-03,-6.414406434530534e-05,-1.783289208186185e-03,3.655950971510252e-05,9.999984072130021e-01
1609043654423991442,107,1609043654423991442,-1.128957742879226e-02,1.221669264331697e-02,-7.976717642510798e-04,1.612749857809383e-04,-1.786991646128566e-03,-7.021582078815541e-05,9.999983878591876e-01
1609043654533362150,108,1609043654533362150,-1.189264266742922e-02,1.376140619164428e-02,-1.346637336625730e-03,5.718690250113088e-05,-1.727593464907840e-03,-1.356917669644191e-04,9.999984968679816e-01
1609043654648013592,109,1609043654648013592,-1.132998871508814e-02,1.328701528602757e-02,-1.212391178866161e-03,-1.044294473288759e-04,-1.785195609718057e-03,6.161966017005729e-05,9.999983991857903e-01
1609043654741748095,110,1609043654741748095,-1.088642387208591e-02,1.351192245419520e-02,-4.344181832928968e-04,-1.852296699930387e-05,-1.795922251471651e-03,-2.785763645916390e-05,9.999983867707579e-01
1609043654834646702,111,1609043654834646702,-1.115448680860183e-02,1.261280602425649e-02,-7.338164914061944e-04,-8.549337232425396e-06,-1.650957907105890e-03,-4.600626887286105e-05,9.999986360732304e-01
1609043654928190231,112,1609043654928190231,-1.097317804842288e-02,1.347104085877466e-02,-6.512506936313481e-04,1.301651031739025e-04,-1.756089791315157e-03,-5.887872489944258e-05,9.999984478682886e-01
1609043655042687416,113,1609043655042687416,-1.237936857500398e-02,1.186964277465361e-02,-6.315117993185136e-04,-2.057594558248646e-05,-1.805489858929345e-03,6.623989893858169e-05,9.999983676963056e-01
1609043655154028893,114,1609043655154028893,-1.273648685706231e-02,1.231654004345184e-02,-1.173825387096273e-03,-1.700885934531702e-04,-1.741651065504645e-03,7.111997475333039e-05,9.999984663305167e-01
1609043655228698730,115,1609043655228698730,-1.192949717214960e-02,1.254709622733896e-02,-8.235408596655843e-04,1.004104686499630e-04,-1.696401959187397e-03,-5.066633291286882e-05,9.999985547844824e-01
1609043655343412638,116,1609043655343412638,-1.090365261306978e-02,1.090602482930857e-02,-5.295250872699987e-04,-4.499079920406599e-05,-1.752910069004558e-03,1.137924262032118e-05,9.999984625751336e-01
1609043655434194088,117,1609043655434194088,-1.236998523741646e-02,1.130145665912260e-02,-8.238800580599557e-04,2.571681936325856e-05,-1.695934496910105e-03,3.543240571113606e-06,9.999985615651019e-01
1609043655529722929,118,1609043655529722929,-1.128861405915427e-02,1.048360334616832e-02,-9.577701918522977e-04,1.148963030613498e-04,-1.723024212778008e-03,-5.443000370484943e-05,9.999985075107745e-01
1609043655625138760,119,1609043655625138760,-1.056168313116271e-02,1.070947919895837e-02,-9.924257144436203e-05,1.826305096414544e-04,-1.683522814099415e-03,-6.390482257997589e-05,9.999985641555716e-01
1609043655736221313,120,1609043655736221313,-1.042550768536733e-02,1.052509008293407e-02,-1.200012489163649e-03,-8.457283229989333e-06,-1.612622332198978e-03,-5.213358777586026e-06,9.999986996744090e-01
1609043655829659462,121,1609043655829659462,-1.107688639330377e-02,1.111790278138608e-02,-1.398299341421660e-03,1.008747159955054e-04,-1.713888849368495e-03,-9.128187821657190e-05,9.999985220373689e-01
1609043655923533678,122,1609043655923533678,-9.308589034615442e-03,1.250468531917993e-02,-3.249033578589636e-04,1.848279419537589e-04,-1.694272406752138e-03,-1.507983535764182e-04,9.999985362686789e-01
1609043656038431883,123,1609043656038431883,-1.136592250999414e-02,1.300274785101723e-02,-1.299421739133461e-03,-4.054038534217041e-05,-1.686589194816340e-03,1.308487835468018e-05,9.999985768000628e-01
1609043656129596233,124,1609043656129596233,-1.226931595600151e-02,1.428780622123516e-02,-1.381976439686640e-03,6.771152595905147e-05,-1.735014825828380e-03,-7.981416062717186e-05,9.999984893830606e-01
1609043656247829199,125,1609043656247829199,-1.192080800520832e-02,1.336941875270872e-02,-1.194800175192521e-03,-1.340620721791862e-04,-1.717912409916148e-03,2.201833902693098e-05,9.999985151586503e-01
1609043656323767424,126,1609043656323767424,-1.183511494049692e-02,1.269422978259189e-02,-3.824500344312254e-04,1.704751134355646e-04,-1.688214675801449e-03,-1.033215220011753e-04,9.999985550960098e-01
1609043656434426546,127,1609043656434426546,-1.252082728044793e-02,1.174879925080273e-02,-1.246824632474548e-03,-2.125426672850985e-05,-1.687036951962024e-03,-2.902406618541638e-05,9.999985763050777e-01
1609043656543130875,128,1609043656543130875,-1.153147238026752e-02,1.159512922615166e-02,-8.145794852944909e-04,-8.390361676969840e-07,-1.820857953989696e-03,2.058286018315086e-05,9.999983420246022e-01
1609043656627501249,129,1609043656627501249,-1.203299017467968e-02,1.432555408794383e-02,-5.868129847667634e-04,1.219324695464406e-04,-1.712937903391819e-03,-9.925584189781309e-05,9.999985205611506e-01
1609043656730318069,130,1609043656730318069,-1.223327921416575e-02,1.356256615046355e-02,-8.884366209317533e-04,9.838099596720680e-05,-1.669953840571467e-03,-1.116249338984924e-04,9.999985945566244e-01
1609043656833110809,131,1609043656833110809,-1.137574803204018e-02,1.462678602685379e-02,-1.462289774517976e-03,3.371831145415666e-05,-1.696814286539048e-03,-3.708805555496638e-05,9.999985591533762e-01
1609043656937018156,132,1609043656937018156,-1.212834527873406e-02,1.350444686154051e-02,-2.449197578587116e-03,-5.414993210849644e-05,-1.657764431506603e-03,-1.109644490324270e-05,9.999986243799255e-01
1609043657039295197,133,1609043657039295197,-1.154058422777846e-02,1.336926885488840e-02,-3.041515790470816e-03,-7.219935716389779e-05,-1.693210605896974e-03,2.088177419841859e-05,9.999985636934927e-01
1609043657142084837,134,1609043657142084837,-1.292614235387869e-02,1.396685310400093e-02,-3.491084116966030e-03,-7.702060559984408e-05,-1.669268182368696e-03,-1.578962181803686e-05,9.999986036801498e-01
1609043657245347261,135,1609043657245347261,-1.317754115685332e-02,1.172910769011815e-02,-3.785388172135328e-03,-1.410444448049365e-04,-1.646034796385768e-03,-1.763890826184999e-06,9.999986353354701e-01
1609043657367967606,136,1609043657367967606,-1.246795834367379e-02,1.053180081303275e-02,-3.963570696355355e-03,-1.678141500599973e-04,-1.709587618157041e-03,1.160187027628920e-04,9.999985178430254e-01
1609043657454173088,137,1609043657454173088,-1.205345202219887e-02,9.330557110528211e-03,-4.470715166079520e-03,-2.023948377746518e-04,-1.735032008140903e-03,5.890769288319984e-05,9.999984726139056e-01
1609043657542843580,138,1609043657542843580,-1.112660307446896e-02,1.111834046449385e-02,-1.576035821290265e-03,-5.375815780330183e-05,-1.742690854477194e-03,-7.812969159431894e-06,9.999984800376467e-01
1609043657623525858,139,1609043657623525858,-1.028514744723193e-02,1.158292522478195e-02,-1.731765414652910e-04,2.266886425252156e-04,-1.741000125694179e-03,-7.921747090218088e-05,9.999984556265145e-01
1609043657746328115,140,1609043657746328115,-1.012479178279118e-02,1.260949328876529e-02,6.179882777908797e-04,-9.462015519392540e-05,-1.745775529275176e-03,5.184031972874083e-05,9.999984703125344e-01
1609043657836274624,141,1609043657836274624,-1.167066111282923e-02,1.311443101971529e-02,-9.247327634557850e-04,-6.892692842655238e-06,-1.620947945343860e-03,-5.125127573009735e-05,9.999986849259133e-01
1609043657937726259,142,1609043657937726259,-1.204405731367081e-02,1.377504662822867e-02,-2.403153688543420e-03,-3.375729516389321e-05,-1.754051711270316e-03,-3.132058563462749e-05,9.999984605898451e-01
1609043658041514874,143,1609043658041514874,-1.296973762139615e-02,1.379988374055953e-02,-3.351000227357065e-03,-1.101451526970702e-04,-1.725762502866504e-03,2.011050700575609e-05,9.999985046025801e-01
1609043658144091129,144,1609043658144091129,-1.438054254679161e-02,1.328151474329343e-02,-3.927723262064133e-03,-7.741572876670538e-05,-1.753585599613424e-03,2.802977818892952e-05,9.999984590781534e-01
1609043658266107321,145,1609043658266107321,-1.378311195559895e-02,1.088860537109205e-02,-3.759892003841664e-03,-2.303074186721882e-04,-1.713014273079975e-03,-2.946489848135579e-06,9.999985062648400e-01
1609043658349816322,146,1609043658349816322,-1.347946641010656e-02,1.156450260152491e-02,-4.020033470866261e-03,-1.899963083687544e-04,-1.725067916051201e-03,1.228942801863865e-04,9.999984864683965e-01
1609043658471657276,147,1609043658471657276,-1.238745282516361e-02,1.162196503167150e-02,-4.025350726226703e-03,-1.458555229171710e-04,-1.709513707642790e-03,3.605744121770516e-05,9.999985274933713e-01
1609043658541159391,148,1609043658541159391,-1.220185851524998e-02,1.163823557866524e-02,-2.057694868978022e-03,-9.417881076208987e-06,-1.804522852564357e-03,2.275098931937262e-05,9.999983715441594e-01
1609043658646332026,149,1609043658646332026,-1.079412961809831e-02,1.171275091827351e-02,-6.901327906383986e-04,-9.426882260644151e-05,-1.746446178259755e-03,6.387031739793755e-05,9.999984684786862e-01
1609043658753989220,150,1609043658753989220,-9.925927810704263e-03,1.043766505230543e-02,-9.245172861996890e-04,-1.657310065541779e-04,-1.790047891045957e-03,3.379398844602336e-05,9.999983835585674e-01
1609043658856096745,151,1609043658856096745,-1.099497318439376e-02,1.126142062527863e-02,-1.340315039141765e-03,-2.337289485474254e-04,-1.759936544967625e-03,1.567503820903147e-04,9.999984117104657e-01
1609043658960064650,152,1609043658960064650,-1.123367342503173e-02,1.120469241580688e-02,-2.480821362080265e-03,-2.291009202215301e-04,-1.729925006370992e-03,8.563443079468706e-05,9.999984737683277e-01
1609043659062154770,153,1609043659062154770,-1.201836746891113e-02,1.193708157917695e-02,-3.395654523093400e-03,-2.415987097680870e-04,-1.680650152310934e-03,1.085215684766413e-04,9.999985526330517e-01
1609043659166574955,154,1609043659166574955,-1.169240530741897e-02,1.204010167016111e-02,-3.716396516117939e-03,-1.659478565377674e-04,-1.711393067974089e-03,3.783272251247228e-05,9.999985210807869e-01
1609043659249793291,155,1609043659249793291,-1.186597364474888e-02,1.253190179320554e-02,-4.124681876181273e-03,-1.809325440734477e-04,-1.669862069829903e-03,3.714006859189679e-05,9.999985887213529e-01
1609043659352662563,156,1609043659352662563,-1.235668066365070e-02,1.241214846745197e-02,-4.470900378408866e-03,-1.877850937985195e-04,-1.728345643774605e-03,9.452328667135810e-05,9.999984843105726e-01
1609043659423112154,157,1609043659423112154,-1.183468598836493e-02,1.173922482986936e-02,-1.849813630696720e-03,2.278216162867193e-04,-1.801565583214260e-03,-1.679595606621992e-04,9.999983371227906e-01
1609043659544420004,158,1609043659544420004,-1.164135820694921e-02,1.369147841556974e-02,-3.934873789568444e-04,-9.653532236628892e-05,-1.776870404091082e-03,6.851155473716718e-05,9.999984143580756e-01
1609043659629421234,159,1609043659629421234,-1.144774228799271e-02,1.298859821333817e-02,-4.756821190476606e-04,6.646903880713198e-05,-1.669779175627135e-03,-6.770209525315741e-05,9.999986014169209e-01
1609043659748958588,160,1609043659748958588,-1.167504870807704e-02,1.405233352080208e-02,-5.837971683740170e-04,-1.514940887894253e-04,-1.754099190481727e-03,6.122363719813263e-05,9.999984482174146e-01
1609043659853834391,161,1609043659853834391,-1.305097828831401e-02,1.268115953826202e-02,-1.088128295640671e-03,-1.669534792677609e-04,-1.714352756926985e-03,1.211174845791197e-04,9.999985092247465e-01
1609043659955092430,162,1609043659955092430,-1.220814585937488e-02,1.187730819566921e-02,-1.343454212979036e-03,-2.145042946299266e-04,-1.707954120118013e-03,1.933906595016186e-04,9.999984997392166e-01
1609043660046440125,163,1609043660046440125,-1.350494431462224e-02,1.249600150847586e-02,-2.980731859626256e-03,-1.428629018490690e-04,-1.713855917772915e-03,2.608375974784854e-05,9.999985208027670e-01
1609043660149430513,164,1609043660149430513,-1.282077584617663e-02,1.199311762797240e-02,-4.239131846397174e-03,-1.778376168034749e-04,-1.703907704306573e-03,6.741355172615338e-05,9.999985302627851e-01
1609043660272787809,165,1609043660272787809,-1.156044113308453e-02,9.402317136734365e-03,-4.378946835730989e-03,-1.089758968756138e-04,-1.683681135557906e-03,1.245381332102381e-04,9.999985689151465e-01
1609043660343353748,166,1609043660343353748,-1.185701692723639e-02,1.158904926660271e-02,-1.797897604430860e-03,-3.499183748659192e-05,-1.808753923239110e-03,8.702851560517731e-05,9.999983598040818e-01
1609043660424811363,167,1609043660424811363,-1.080015516230452e-02,1.298505622316989e-02,-6.411622286273970e-04,1.779579412362539e-04,-1.707808409894659e-03,-4.689679265292009e-05,9.999985247599604e-01
1609043660527597666,168,1609043660527597666,-1.073813141512353e-02,1.454472924038278e-02,-1.164870240118733e-04,1.107918987162761e-04,-1.676056585968568e-03,-1.166573984193505e-04,9.999985824742589e-01
1609043660648632765,169,1609043660648632765,-1.153734498676431e-02,1.531944560407434e-02,-6.498383659431011e-04,-1.380779814391308e-04,-1.765870504765386e-03,7.579249210368706e-06,9.999984312879627e-01
1609043660751948118,170,1609043660751948118,-1.146729126515838e-02,1.437028587794884e-02,-8.467914633830472e-04,-1.699334666167923e-04,-1.726771680158072e-03,3.878549325459891e-05,9.999984939377994e-01
1609043660857365608,171,1609043660857365608,-1.239233113122781e-02,1.483191912902350e-02,-1.960419473050662e-03,-2.331360273242811e-04,-1.684182853551197e-03,7.272977984924147e-05,9.999985519419955e-01
1609043660958809137,172,1609043660958809137,-1.272540656996705e-02,1.366888956270877e-02,-2.604552345755750e-03,-2.298119565646479e-04,-1.707489718880922e-03,1.172593861440800e-04,9.999985089566689e-01
1609043661043604612,173,1609043661043604612,-1.452404481958656e-02,1.305759788812487e-02,-3.255908214317160e-03,-1.041296812991618e-04,-1.661272388120713e-03,7.512645684133208e-05,9.999986118425752e-01
1609043661146574259,174,1609043661146574259,-1.457356448784326e-02,1.334449318193149e-02,-3.446654559616896e-03,-1.712314487633171e-04,-1.725208329267394e-03,7.231065560061658e-05,9.999984945524572e-01
1609043661269349813,175,1609043661269349813,-1.318833252669098e-02,1.000563854820968e-02,-3.932938556837405e-03,-1.779865463335263e-04,-1.716569475335564e-03,6.846128066345327e-05,9.999985085104272e-01
1609043661352562189,176,1609043661352562189,-1.134035476198546e-02,1.086535891006368e-02,-3.690873364433354e-03,-1.733485259199081e-04,-1.631784130365555e-03,6.548482643895167e-05,9.999986514703797e-01
1609043661440775394,177,1609043661440775394,-1.113705501159234e-02,1.180666511726246e-02,-1.306436315395573e-03,-1.502472248153519e-05,-1.786172108700949e-03,1.680213641414180e-05,9.999984045392992e-01
1609043661524482250,178,1609043661524482250,-1.025395119334876e-02,1.084919531410887e-02,4.160314736551518e-05,2.000205752476677e-04,-1.639741348144769e-03,-7.940866913529034e-05,9.999986324662369e-01
1609043661627508402,179,1609043661627508402,-9.762183302165288e-03,1.097514534394962e-02,4.941714730250769e-04,1.354855039619064e-04,-1.709933004642759e-03,-4.271700760504832e-05,9.999985279729441e-01
1609043661730963469,180,1609043661730963469,-1.053615677616125e-02,1.228713576334852e-02,-3.901279821264478e-04,6.271806855517347e-05,-1.652736084348695e-03,-2.570061030847140e-05,9.999986319337432e-01
1609043661854223013,181,1609043661854223013,-1.116805147312538e-02,1.303690389773221e-02,-1.564748661536995e-03,-2.091826504515130e-04,-1.698619063387813e-03,1.093323633588085e-04,9.999985294900841e-01
1609043661936842442,182,1609043661936842442,-1.174443563922734e-02,1.185387515504606e-02,-2.247886993894272e-03,-7.753348735617376e-06,-1.691986130942331e-03,4.475015585328837e-05,9.999985675590950e-01
1609043662040128946,183,1609043662040128946,-1.286141723923360e-02,1.172317973836410e-02,-2.950169928647527e-03,-6.687967245078124e-05,-1.686910058639718e-03,3.954050214599267e-05,9.999985741480395e-01
1609043662161015272,184,1609043662161015272,-1.331681370964662e-02,1.098790561283727e-02,-3.267518621944932e-03,-1.911561566837388e-04,-1.712756623245680e-03,1.397724395304307e-04,9.999985051927520e-01
1609043662250036001,185,1609043662250036001,-1.405423159940173e-02,1.453203939012098e-02,-3.699598953747555e-03,-1.669222641077934e-04,-1.679250412269827e-03,2.796010344958143e-06,9.999985761225827e-01
1609043662352251768,186,1609043662352251768,-1.312099472789289e-02,1.408067368247759e-02,-4.467368188440328e-03,-1.813959440670532e-04,-1.703088030030413e-03,8.374821706772040e-05,9.999985297853740e-01
1609043662423249245,187,1609043662423249245,-1.212545641072998e-02,1.419746253889202e-02,-2.191277413702418e-03,2.409757194970453e-04,-1.780470385465141e-03,-1.278194841728019e-04,9.999983777577285e-01
1609043662524162054,188,1609043662524162054,-1.178963863068282e-02,1.430854672931371e-02,-2.268835422955246e-04,1.819702965008604e-04,-1.732296636066268e-03,-1.043670776682200e-04,9.999984775701857e-01
1609043662647390366,189,1609043662647390366,-1.058989329925956e-02,1.429500795925348e-02,1.757639322552777e-04,-9.164398302752858e-05,-1.743338723856742e-03,-1.389377622384803e-05,9.999984760880575e-01
1609043662731679678,190,1609043662731679678,-1.030890746608220e-02,1.261082469857906e-02,-2.969634521810296e-04,5.870821054311727e-05,-1.658279235826370e-03,-7.657425209080331e-06,9.999986233013952e-01
1609043662852924109,191,1609043662852924109,-1.066402128898870e-02,1.232435253744401e-02,-1.119495212861916e-03,-1.870252655632113e-04,-1.728074799330900e-03,9.300705767830334e-05,9.999984850632151e-01
1609043662936793327,192,1609043662936793327,-1.146164925788014e-02,1.302884094635037e-02,-2.040154750445414e-03,-4.386165604632681e-05,-1.668596926296283e-03,1.723090371235022e-05,9.999986067808038e-01
1609043663040321350,193,1609043663040321350,-1.206082981913947e-02,1.247699074250943e-02,-2.972054555964182e-03,-7.771794968816374e-05,-1.712987738491376e-03,3.000715651974042e-05,9.999985293651680e-01
1609043663142905951,194,1609043663142905951,-1.312216911959139e-02,1.135958541519121e-02,-3.012248968352317e-03,-8.741770534214811e-05,-1.706089053658754e-03,2.752370437390088e-05,9.999985404293006e-01
1609043663246020079,195,1609043663246020079,-1.339509408332253e-02,1.178882325439979e-02,-2.911484662500512e-03,-1.013544349660164e-04,-1.690582977626856e-03,8.831507685884609e-05,9.999985619274266e-01
1609043663350048542,196,1609043663350048542,-1.267029447666949e-02,1.168323289860428e-02,-3.122095973120047e-03,-1.317882215309339e-04,-1.713223770779301e-03,7.420923257364352e-05,9.999985209934892e-01
1609043663452888727,197,1609043663452888727,-1.263676143415291e-02,1.076985077755934e-02,-3.660735591916241e-03,-1.893460964870349e-04,-1.684671775502531e-03,8.990476587448797e-05,9.999985589720606e-01
1609043663523231268,198,1609043663523231268,-1.172211408908779e-02,1.191807040642202e-02,-1.370782171004630e-03,2.079997204576322e-04,-1.778129897891073e-03,-9.765975340771449e-05,9.999983927250858e-01
1609043663645254612,199,1609043663645254612,-1.204663581800522e-02,1.403354155429788e-02,-1.285917926318198e-04,-8.077042354359026e-05,-1.779702048432051e-03,3.101310027441640e-05,9.999984125862126e-01
1609043663727813482,200,1609043663727813482,-1.123267324239548e-02,1.441409075939360e-02,1.860227974831951e-04,1.317425074677161e-04,-1.680516295432140e-03,-7.523463842974161e-05,9.999985764233076e-01
1609043663830735922,201,1609043663830735922,-1.115798225804213e-02,1.307499719570673e-02,-5.120379943831644e-04,7.264011411035709e-05,-1.704874180550894e-03,-1.860963152828388e-05,9.999985438895018e-01
1609043663934154987,202,1609043663934154987,-1.154111103393318e-02,1.315799369758466e-02,-1.390715083742769e-03,2.128693736305826e-05,-1.725557095211806e-03,-8.598757076871410e-05,9.999985073017434e-01
1609043664037358761,203,1609043664037358761,-1.119483685044525e-02,1.127122718450483e-02,-2.102171739740642e-03,-2.529320260205542e-05,-1.693898566534403e-03,-2.371195961898002e-05,9.999985647517916e-01
1609043664141072989,204,1609043664141072989,-1.198756137190920e-02,1.285334258959034e-02,-3.017844027262480e-03,-9.267494446733752e-05,-1.688365840167844e-03,-3.565230271841766e-05,9.999985697795061e-01
1609043664243311167,205,1609043664243311167,-1.235687204147754e-02,1.320648259974978e-02,-3.033583443247774e-03,-1.020202271566330e-04,-1.675375819967294e-03,3.828469932402155e-05,9.999985906200153e-01
1609043664365678072,206,1609043664365678072,-1.281551899429044e-02,1.357353502201752e-02,-3.319886467977994e-03,-1.781307955842050e-04,-1.655271756551542e-03,1.305716369057521e-04,9.999986056469675e-01
1609043664449884176,207,1609043664449884176,-1.245975528745331e-02,1.179837789373887e-02,-3.456064883702895e-03,-1.497286995880302e-04,-1.705758217437378e-03,2.429833874884384e-05,9.999985336888304e-01
1609043664552795887,208,1609043664552795887,-1.346614508367480e-02,1.397688513613113e-02,-3.546722893081538e-03,-1.394721751399204e-04,-1.673542651687277e-03,6.418467639948397e-05,9.999985878404192e-01
1609043664623002052,209,1609043664623002052,-1.277406034810361e-02,1.404333241608733e-02,-1.630105848183275e-03,2.204622063214932e-04,-1.753017989673627e-03,-1.374632368140868e-04,9.999984297128681e-01
1609043664724703312,210,1609043664724703312,-1.060451118858076e-02,1.357091018827367e-02,-3.177815249365774e-04,1.909220350475802e-04,-1.706485190685307e-03,-1.055111028996504e-04,9.999985201611439e-01
1609043664828170061,211,1609043664828170061,-1.029092617135152e-02,1.332203282782190e-02,5.282466231985728e-04,1.096926931966927e-04,-1.607088962764965e-03,-1.220987475142015e-04,9.999986951613861e-01
1609043664931081057,212,1609043664931081057,-1.090087709149360e-02,1.416575659301724e-02,5.292938517800322e-05,9.521354932807905e-05,-1.674772122145172e-03,-7.197474128583388e-05,9.999985904451844e-01
1609043665034105778,213,1609043665034105778,-1.128455537409698e-02,1.249257471003050e-02,-6.589494358320856e-04,7.770843049708291e-06,-1.675420905753346e-03,-2.209991398910824e-05,9.999985962070129e-01
1609043665139051199,214,1609043665139051199,-1.104540208066867e-02,1.220433040818499e-02,-1.509661212827356e-03,-4.083524231904937e-05,-1.676307947072892e-03,3.108179407755321e-05,9.999985936780470e-01
1609043665240144968,215,1609043665240144968,-1.163451133250418e-02,1.043582968159708e-02,-2.590422674279156e-03,-5.115125103488861e-05,-1.653488307796603e-03,3.311576261529624e-05,9.999986311307190e-01
1609043665363418818,216,1609043665363418818,-1.181345351039133e-02,1.086211865456441e-02,-3.486424306165702e-03,-2.049071582936703e-04,-1.695258147769944e-03,9.991886241347442e-05,9.999985370634747e-01
1609043665446746826,217,1609043665446746826,-1.156767790851418e-02,9.518470004727990e-03,-3.565332981627880e-03,-1.422355664818960e-04,-1.678527264289138e-03,6.983486244897734e-05,9.999985787181693e-01
1609043665549605846,218,1609043665549605846,-1.137770528409067e-02,9.387173692288088e-03,-3.885803876022159e-03,-1.216106194314402e-04,-1.699603178930727e-03,3.747690656387702e-05,9.999985475766318e-01
1609043665625367641,219,1609043665625367641,-1.076374812842547e-02,1.121258958807930e-02,-1.231164362309446e-03,1.948663979755493e-04,-1.786906274955753e-03,-1.170028908679580e-04,9.999983776503715e-01
1609043665728330851,220,1609043665728330851,-1.032049576026095e-02,1.112580212157382e-02,-1.701230685607028e-05,1.200287556779927e-04,-1.675426594205275e-03,-2.753237282865163e-05,9.999985888894012e-01
1609043665831442118,221,1609043665831442118,-1.059666961843021e-02,1.167600000741361e-02,4.488968110574310e-05,7.511471532918713e-05,-1.690416868481863e-03,-8.768763642857984e-05,9.999985645787042e-01
1609043665934142828,222,1609043665934142828,-1.175535395710554e-02,1.237410730772149e-02,-9.020082897617076e-04,2.581486173153682e-05,-1.682307953880244e-03,-3.289274890622658e-05,9.999985840448017e-01
1609043666055079222,223,1609043666055079222,-1.150759310337119e-02,1.385692507315831e-02,-2.122972097481662e-03,-2.277655774270035e-04,-1.734870325928859e-03,8.563168291372672e-05,9.999984655063271e-01
1609043666159109354,224,1609043666159109354,-1.148138925836748e-02,1.426389755041174e-02,-2.944778674245464e-03,-2.029285128849225e-04,-1.700706981068175e-03,5.583139631555995e-05,9.999985316482412e-01
1609043666247693062,225,1609043666247693062,-1.133191556648586e-02,1.267210363692119e-02,-3.247865134496422e-03,-1.475466886283588e-04,-1.675360106903864e-03,4.271185194400549e-06,9.999985856891218e-01
1609043666325115681,226,1609043666325115681,-1.051740186881169e-02,1.235948504284864e-02,-1.445134259580547e-03,1.699639889938363e-04,-1.714541098788310e-03,-1.347900302991930e-04,9.999985066452403e-01
1609043666426501274,227,1609043666426501274,-1.062944305848216e-02,1.187512986462606e-02,-2.049519706382229e-04,1.758384991482108e-04,-1.701355483721245e-03,-1.286539417958620e-04,9.999985289581698e-01
1609043666530515194,228,1609043666530515194,-1.116569385935496e-02,1.104082333458169e-02,-7.717641966798326e-05,9.700219623236622e-05,-1.650119066650798e-03,-7.954730760199027e-05,9.999986306839953e-01
1609043666632636786,229,1609043666632636786,-1.086706740852012e-02,9.228968531777671e-03,-7.446635649888787e-04,4.091428957183280e-05,-1.706441796658683e-03,-1.041920199918899e-05,9.999985431358667e-01
1609043666754987478,230,1609043666754987478,-1.209459666821585e-02,1.036047122715368e-02,-1.645163550932216e-03,-1.686346744639254e-04,-1.704183838728160e-03,1.133987430920718e-04,9.999985272291732e-01
1609043666838766098,231,1609043666838766098,-1.303428809309221e-02,1.037516554128348e-02,-2.186536450519156e-03,-4.067794131724084e-05,-1.656915782378611e-03,2.015450774419633e-05,9.999986262836520e-01
1609043666942584276,232,1609043666942584276,-1.302779446781256e-02,1.167148831385073e-02,-3.162535360678010e-03,-1.200756226148909e-04,-1.670531788547989e-03,1.604060597671856e-06,9.999985974504241e-01
1609043667045018435,233,1609043667045018435,-1.324190438764998e-02,1.181386407013580e-02,-3.220521978712281e-03,-1.264322790989346e-04,-1.603482744752285e-03,4.690726832947621e-05,9.999987053279991e-01
1609043667148851633,234,1609043667148851633,-1.264738354778467e-02,1.160857121429489e-02,-3.315099503348279e-03,-1.743317962573145e-04,-1.673175848432963e-03,7.266657206990993e-05,9.999985824042824e-01
1609043667251168013,235,1609043667251168013,-1.148893253201223e-02,1.190410784126781e-02,-3.227664583500365e-03,-1.664864983116967e-04,-1.675801328575109e-03,4.697677186812361e-05,9.999985808816610e-01
1609043667323010683,236,1609043667323010683,-1.004926339041168e-02,1.265839759268195e-02,-9.159368876836289e-04,2.299581130197171e-04,-1.741569437518311e-03,-1.290032370313300e-04,9.999984487054595e-01
1609043667425405264,237,1609043667425405264,-1.014795637244179e-02,1.436274526861981e-02,3.877122329746880e-04,1.822411663498102e-04,-1.687692030527309e-03,-1.634386975495218e-04,9.999985458847226e-01
1609043667527097225,238,1609043667527097225,-1.088091272768762e-02,1.340519419908077e-02,4.138342117021978e-04,1.613362055603134e-04,-1.666490531848515e-03,-9.348168333800744e-05,9.999985940195670e-01
1609043667630044460,239,1609043667630044460,-1.080770812441668e-02,1.447245992483615e-02,-2.276709736472064e-04,8.991785003843944e-05,-1.680836287080968e-03,-4.935075654388101e-05,9.999985821333244e-01
1609043667732153177,240,1609043667732153177,-1.136285559058057e-02,1.372094165981191e-02,-8.807889334141230e-04,5.449502603781246e-05,-1.671145657472385e-03,-6.464369262976197e-05,9.999986000608584e-01
1609043667835539341,241,1609043667835539341,-1.153302469254233e-02,1.352084104327468e-02,-1.613567579799061e-03,1.308401868357801e-05,-1.725907739591808e-03,-2.803063832483571e-05,9.999985101416732e-01
1609043667941036940,242,1609043667941036940,-1.229950857293854e-02,1.197699227080625e-02,-2.217293812942211e-03,-7.131837837479182e-05,-1.654816967654798e-03,-1.367039699480765e-05,9.999986281528653e-01
1609043668048257828,243,1609043668048257828,-1.304734655991922e-02,1.159120684560979e-02,-3.406205047415139e-03,-1.441139476187060e-04,-1.677372871241792e-03,2.676058581386860e-05,9.999985824666413e-01
1609043668151339054,244,1609043668151339054,-1.393751505259016e-02,1.109982578601093e-02,-3.702035091660815e-03,-1.324195417715428e-04,-1.683808300865962e-03,1.190047820834516e-04,9.999985665452390e-01
1609043668242115259,245,1609043668242115259,-1.404268825112192e-02,1.303804342554093e-02,-1.579880598956345e-03,-2.624294612929573e-05,-1.795464594730630e-03,5.901764324660018e-05,9.999983860662549e-01
1609043668343732119,246,1609043668343732119,-1.217070873010601e-02,1.186325600219084e-02,8.911439374688250e-05,-3.387859519479723e-05,-1.758023060943952e-03,5.084695859271624e-05,9.999984528096755e-01
1609043668455646753,247,1609043668455646753,-1.158618433286589e-02,1.284497102425414e-02,-2.067623160720565e-04,-1.540393058788582e-04,-1.713185251306165e-03,8.703749348005815e-05,9.999985168452310e-01
1609043668538817406,248,1609043668538817406,-1.248735400653554e-02,1.358956361939236e-02,-1.321864402097162e-03,-2.983688420929292e-05,-1.628509870376752e-03,-8.348880855223748e-05,9.999986700466063e-01
1609043668642530203,249,1609043668642530203,-1.290639503606100e-02,1.188763625656184e-02,-2.012231882199991e-03,-4.019899516403948e-05,-1.675101793774059e-03,9.625676137353129e-06,9.999985961616984e-01
1609043668765460014,250,1609043668765460014,-1.336100190995304e-02,1.227218441547803e-02,-2.889362786578230e-03,-1.940843491610367e-04,-1.695719645203427e-03,6.247509915790740e-05,9.999985414804425e-01
1609043668844354630,251,1609043668844354630,-1.261287344140553e-02,1.387355891737234e-02,-1.104962299199012e-03,-4.185919302417934e-05,-1.758697180933389e-03,2.957616701195120e-05,9.999984521774441e-01
1609043668927796602,252,1609043668927796602,-1.152364574798614e-02,1.272726543445662e-02,-6.793219960053775e-04,9.176770063342068e-05,-1.703703673062333e-03,-1.024734377850704e-04,9.999985392347721e-01
1609043669033892155,253,1609043669033892155,-1.084895095466141e-02,1.058061055884504e-02,-1.179060194858374e-03,4.380039556878063e-05,-1.691984446020124e-03,-1.307628111506870e-05,9.999985675485593e-01
1609043669141732931,254,1609043669141732931,-1.223998134449484e-02,1.179617032636583e-02,-2.302754895559935e-03,-5.863388414069684e-05,-1.693792045235562e-03,4.261864524277587e-05,9.999985629060805e-01
1609043669244876385,255,1609043669244876385,-1.318580995642023e-02,1.219860401035299e-02,-2.798337175676905e-03,-1.375111815353011e-04,-1.695324139515393e-03,3.915156993581728e-05,9.999985527158984e-01
1609043669368975639,256,1609043669368975639,-1.380262808503211e-02,1.406219106847919e-02,-3.207767491365892e-03,-1.202218287192775e-04,-1.694020585475181e-03,4.042708839778391e-05,9.999985571022683e-01
1609043669440999269,257,1609043669440999269,-1.257216971579905e-02,1.558301292773380e-02,-1.471580703948862e-03,1.102324693263982e-05,-1.799297688958873e-03,3.118192454200509e-05,9.999983807156900e-01
1609043669542773962,258,1609043669542773962,-1.238752008263743e-02,1.650465292150928e-02,-1.323604137107031e-04,-7.810847167028846e-05,-1.736546203230134e-03,-3.550744361686939e-05,9.999984885216437e-01
1609043669645725489,259,1609043669645725489,-1.147035485696228e-02,1.525418662734821e-02,5.701261727242236e-04,-9.867566656776618e-05,-1.745905407227953e-03,3.729122547797394e-05,9.999984703422232e-01
1609043669731062889,260,1609043669731062889,-1.150376472487688e-02,1.482926244688567e-02,-1.527628320952788e-04,9.751749545078602e-05,-1.657544347555610e-03,-8.993438187086204e-05,9.999986174734847e-01
1609043669834230661,261,1609043669834230661,-1.230470680882164e-02,1.264343989040000e-02,-8.047352747456546e-04,1.666975984028561e-05,-1.652653970066235e-03,5.013068973099374e-06,9.999986342149890e-01
1609043669956685066,262,1609043669956685066,-1.293672399361351e-02,1.201650588604793e-02,-1.967922866888593e-03,-2.112007497954334e-04,-1.734145055531052e-03,1.252991855575924e-04,9.999984662164656e-01
1609043670060716152,263,1609043670060716152,-1.328834310929433e-02,1.144221708056167e-02,-2.387447431265398e-03,-1.952944013902226e-04,-1.712509316546364e-03,5.149749406635377e-05,9.999985132588676e-01
1609043670143731833,264,1609043670143731833,-1.243424570804476e-02,1.075084747088407e-02,-2.811977025948881e-03,-1.237469185128328e-04,-1.710462655510608e-03,8.820797328588338e-05,9.999985256106919e-01
1609043670266345263,265,1609043670266345263,-1.293828298422747e-02,1.091475285584755e-02,-3.337528589645756e-03,-1.502960982550705e-04,-1.705659066921971e-03,9.393163278086799e-05,9.999985296564584e-01
1609043670349184990,266,1609043670349184990,-1.314537645594343e-02,1.121240735293261e-02,-3.657025509270873e-03,-1.492815771413195e-04,-1.697910474581720e-03,6.531090744250128e-05,9.999985452737000e-01
1609043670452310562,267,1609043670452310562,-1.321074012759227e-02,1.183006536995693e-02,-3.777503994033360e-03,-1.411319409475056e-04,-1.691934474008551e-03,9.556317569218992e-05,9.999985541525499e-01
1609043670522879362,268,1609043670522879362,-1.189306556792095e-02,1.352446071319225e-02,-1.400269816096415e-03,2.155733300558187e-04,-1.736035833386125e-03,-1.492996684791652e-04,9.999984587074789e-01
1609043670624784470,269,1609043670624784470,-1.098641168365242e-02,1.481165540521250e-02,1.239330349317383e-04,1.743918461595530e-04,-1.698845999671308e-03,-1.280254459126594e-04,9.999985335585441e-01
1609043670727840424,270,1609043670727840424,-1.123202365504192e-02,1.379493985222124e-02,3.484457806608600e-04,1.121875834897005e-04,-1.657833221887952e-03,-1.060179150752018e-04,9.999986138806175e-01
1609043670831020832,271,1609043670831020832,-1.178047223486247e-02,1.359249281016130e-02,-2.886812242185601e-04,8.999073944523582e-05,-1.688521376659220e-03,-8.684716654229752e-05,9.999985666263712e-01
1609043670934090137,272,1609043670934090137,-1.107836878695519e-02,1.250057942185390e-02,-5.464417968962838e-04,-1.460097011707120e-05,-1.658157062075664e-03,-3.481652247179649e-05,9.999986245439435e-01
1609043671037363768,273,1609043671037363768,-1.154159654097216e-02,1.222695378422133e-02,-1.612409976150618e-03,-3.665010085266001e-07,-1.684704218382167e-03,-1.444344106594536e-05,9.999985807804675e-01
1609043671140722752,274,1609043671140722752,-1.139151811101415e-02,1.231257547635361e-02,-2.409274412706968e-03,-8.871367780767536e-05,-1.637205746403227e-03,-6.591435281784076e-05,9.999986536703565e-01
1609043671261943102,275,1609043671261943102,-1.213037505531885e-02,1.235434448405188e-02,-2.901058111704297e-03,-2.368157824432274e-04,-1.696400618818483e-03,1.089036629191178e-04,9.999985271405243e-01
1609043671364900827,276,1609043671364900827,-1.281437961823077e-02,1.202359456000930e-02,-3.093401999334398e-03,-1.556136678662485e-04,-1.711951007058834e-03,4.177378877471148e-05,9.999985216304504e-01
1609043671450856924,277,1609043671450856924,-1.308871599444619e-02,1.167374511773100e-02,-3.384046113852983e-03,-1.292287838417697e-04,-1.652452776206154e-03,7.687821851498153e-05,9.999986233937941e-01
1609043671556156874,278,1609043671556156874,-1.212215048757494e-02,1.090069797617389e-02,-3.638831380839184e-03,-2.043114143073443e-04,-1.615828325484016e-03,1.092015702081053e-04,9.999986677144553e-01
1609043671642496347,279,1609043671642496347,-1.213962298499249e-02,1.201581841790200e-02,-1.205776640481617e-03,-3.375575105254808e-05,-1.812949942115314e-03,4.221045441935032e-05,9.999983551443143e-01
1609043671724938631,280,1609043671724938631,-1.182273520620745e-02,1.215943749002463e-02,-1.607332587171255e-04,1.939731306246074e-04,-1.686166514054850e-03,-1.262064903765648e-04,9.999985516433678e-01
1609043671847773075,281,1609043671847773075,-1.067263310577616e-02,1.141934655397661e-02,6.983003431356889e-05,-9.190168447010440e-05,-1.768791530807349e-03,2.964242802177348e-05,9.999984310247328e-01
1609043671938857794,282,1609043671938857794,-1.164315362806802e-02,1.308265500561679e-02,-1.021073460003169e-03,-3.724396030404841e-05,-1.622920393889750e-03,-5.589575502740188e-06,9.999986823546515e-01
1609043672060267925,283,1609043672060267925,-1.108898063666398e-02,1.356864118069282e-02,-1.695002789592127e-03,-2.092717155711421e-04,-1.701065486557830e-03,7.225193089724760e-05,9.999985286795267e-01
1609043672143688202,284,1609043672143688202,-1.294358092207932e-02,1.492153793528500e-02,-2.521296965541001e-03,-1.049155120733755e-04,-1.633940763564893e-03,4.185462156896339e-05,9.999986587383540e-01
1609043672246773958,285,1609043672246773958,-1.423821557959156e-02,1.478426232532294e-02,-3.299533128892523e-03,-9.522456517149589e-05,-1.716815034004470e-03,1.690246884592406e-05,9.999985215952710e-01
1609043672349595547,286,1609043672349595547,-1.400237369947646e-02,1.355697358020715e-02,-4.092811224048986e-03,-2.278827347784622e-04,-1.632613726821760e-03,-2.152822956280151e-05,9.999986410882834e-01
1609043672456288099,287,1609043672456288099,-1.303669552070418e-02,1.353307047220567e-02,-4.375262434281866e-03,-1.661649651960533e-04,-1.691338429603580e-03,3.652172557481114e-05,9.999985552137985e-01
1609043672523626089,288,1609043672523626089,-1.120013621310484e-02,1.230621207443680e-02,-1.140473999551956e-03,2.127954640831504e-04,-1.723834429520687e-03,-1.073196881505575e-04,9.999984857965709e-01
1609043672628270626,289,1609043672628270626,-9.723926856061757e-03,1.179737186977614e-02,-1.685799795033273e-04,1.419347253359475e-04,-1.670544331681359e-03,-1.838839446514185e-04,9.999985776604208e-01
1609043672747891665,290,1609043672747891665,-1.042118189938959e-02,1.291543767513590e-02,-3.315704126801337e-05,-1.157469247387324e-04,-1.716014196322463e-03,7.263035042278258e-05,9.999985183102821e-01
1609043672851860523,291,1609043672851860523,-1.104409430060159e-02,1.305188309091720e-02,-5.192882702272870e-04,-1.632614871328922e-04,-1.716604265466035e-03,5.200550643212721e-05,9.999985119543479e-01
1609043672935829878,292,1609043672935829878,-1.243951904929850e-02,1.417256889616435e-02,-1.288520080804138e-03,1.528458146916112e-05,-1.642359831530487e-03,-3.600695076876745e-06,9.999986512028906e-01
1609043673056579351,293,1609043673056579351,-1.233849474254254e-02,1.467512754210345e-02,-1.760342190149539e-03,-1.864690875887270e-04,-1.699674232148900e-03,7.461450595423936e-05,9.999985353836571e-01
1609043673158867359,294,1609043673158867359,-1.218730758088580e-02,1.382069155149205e-02,-2.406912117757720e-03,-2.262240460767235e-04,-1.662842372615214e-03,4.994548093818478e-05,9.999985906406937e-01
1609043673262180805,295,1609043673262180805,-1.126070638101799e-02,1.341617314852115e-02,-2.866617025827898e-03,-2.174492375919794e-04,-1.687559726442885e-03,7.412765619448283e-05,9.999985496804930e-01
1609043673347258806,296,1609043673347258806,-1.197792002979908e-02,1.344725240447449e-02,-2.919635270404152e-03,-1.641717966229442e-04,-1.618117621771970e-03,4.842428545219642e-05,9.999986761981597e-01
1609043673450598240,297,1609043673450598240,-1.295323641103196e-02,1.363579355212976e-02,-3.308822419384168e-03,-1.672794305845081e-04,-1.700949696324428e-03,5.662224426785169e-05,9.999985377897530e-01
1609043673572197676,298,1609043673572197676,-1.469489537933631e-02,1.433200961655163e-02,-3.360330580436059e-03,-1.168623066794594e-04,-1.697015555893641e-03,2.179404773797217e-05,9.999985530021650e-01
1609043673642493486,299,1609043673642493486,-1.301511965203068e-02,1.441504858399787e-02,-1.433887421339851e-03,-3.435440919010847e-05,-1.808548430159082e-03,-1.330473373604820e-05,9.999983638963288e-01
1609043673742888212,300,1609043673742888212,-1.205666334004291e-02,1.330155295478812e-02,8.473800452977659e-05,-2.409461352680287e-05,-1.743649514758883e-03,-3.000229284200186e-05,9.999984791016843e-01
1609043673848165035,301,1609043673848165035,-1.084198882103619e-02,1.242644682220044e-02,-1.955121915353633e-05,-8.783378183981726e-05,-1.711769628024666e-03,7.574734112244175e-05,9.999985281950707e-01
1609043673951358080,302,1609043673951358080,-8.757323422697477e-03,1.103041408495587e-02,-3.854980254716982e-04,-1.646588864476514e-04,-1.681845573136587e-03,6.485277975047728e-05,9.999985700374957e-01
1609043674053699970,303,1609043674053699970,-8.786772463437611e-03,9.427698769082244e-03,-1.309509132810935e-03,-1.537079963080365e-04,-1.695132895886584e-03,1.283097396671433e-04,9.999985432164028e-01
1609043674137282133,304,1609043674137282133,-1.043398682706090e-02,1.198734987450285e-02,-1.952184074791042e-03,-3.364547361369974e-05,-1.648262905895565e-03,-4.915536530502259e-05,9.999986398396375e-01
1609043674241848230,305,1609043674241848230,-1.150106333888946e-02,1.156589157763217e-02,-2.617429426585500e-03,-7.112366793505696e-05,-1.656879149382298e-03,2.028594066220332e-05,9.999986246397485e-01
1609043674364658356,306,1609043674364658356,-1.201707865890886e-02,1.108869818688458e-02,-2.926175990005763e-03,-2.258050068389430e-04,-1.673278532126684e-03,5.654002400756974e-05,9.999985729761210e-01
1609043674464950323,307,1609043674464950323,-1.283293993275937e-02,1.127196660327581e-02,-3.710030838549549e-03,-1.938781748634047e-04,-1.693624775065338e-03,3.643379657626936e-05,9.999985463584200e-01
1609043674552936316,308,1609043674552936316,-1.212869833251728e-02,1.145610541641535e-02,-3.929641728514954e-03,-1.846312419264248e-04,-1.654125979075171e-03,1.113099608879865e-04,9.999986086933533e-01
1609043674624133587,309,1609043674624133587,-1.152900250670304e-02,1.152333133035598e-02,-1.189816651286737e-03,2.086407667737117e-04,-1.759822502404655e-03,-1.227993393227818e-04,9.999984222058117e-01
1609043674725320339,310,1609043674725320339,-1.089212697082259e-02,1.191296440064117e-02,4.095460150862382e-04,1.359457725221684e-04,-1.644816057057431e-03,-6.776126686637628e-05,9.999986357527175e-01
1609043674828542471,311,1609043674828542471,-1.072627764694133e-02,1.228951228707734e-02,9.115238043698765e-04,1.528170850422870e-04,-1.681421366179802e-03,-1.044825605300694e-04,9.999985692752377e-01
1609043674931137800,312,1609043674931137800,-1.093407986432126e-02,1.247275907335723e-02,-1.826154549656934e-05,5.957023904849607e-05,-1.662859719588406e-03,-6.779199263697105e-05,9.999986133756313e-01
1609043675052030087,313,1609043675052030087,-1.075655801156391e-02,1.354153776450450e-02,-1.040037676207154e-03,-1.595678755528610e-04,-1.681695535604328e-03,9.954221859677039e-05,9.999985682637578e-01
1609043675155174971,314,1609043675155174971,-1.138882841962579e-02,1.286595528037284e-02,-1.409221690606050e-03,-2.210754543621748e-04,-1.679060966483534e-03,8.806638069270968e-06,9.999985659001505e-01
1609043675242313147,315,1609043675242313147,-1.230077804709228e-02,1.282075311731507e-02,-2.569109530513453e-03,-9.363422646064446e-05,-1.678477497078438e-03,4.047570006646906e-05,9.999985861528210e-01
1609043675343147755,316,1609043675343147755,-1.302413694629461e-02,1.265520662372259e-02,-2.829076039999212e-03,-1.002259851591149e-04,-1.669691046542757e-03,5.538011124465988e-05,9.999985995088214e-01
1609043675446079493,317,1609043675446079493,-1.270404240415753e-02,1.147692718883117e-02,-2.855268668678396e-03,-1.313659580797517e-04,-1.658607390835601e-03,8.061402009486338e-05,9.999986126319815e-01
1609043675568670511,318,1609043675568670511,-1.284758789993250e-02,1.056438947431114e-02,-2.982734952810436e-03,-1.831558276720174e-04,-1.676288020578611e-03,8.671842011780787e-05,9.999985744951492e-01
1609043675652683735,319,1609043675652683735,-1.295213493558433e-02,1.077201508500152e-02,-3.793631884642726e-03,-1.883503592982881e-04,-1.660469544213979e-03,6.710805781534649e-05,9.999986014297937e-01
1609043675722712278,320,1609043675722712278,-1.128861926137420e-02,1.117954317633352e-02,-1.435586493721679e-03,2.571554957423332e-04,-1.745577921663346e-03,-1.091608608045616e-04,9.999984374551176e-01
1609043675824711561,321,1609043675824711561,-1.083072986507338e-02,1.053765382849531e-02,1.953110216114763e-05,2.067077892181248e-04,-1.702676696643961e-03,-1.050281958804005e-04,9.999985235654274e-01
1609043675927944183,322,1609043675927944183,-1.035070379542707e-02,1.117197425209364e-02,7.811817194877267e-05,1.230015774487473e-04,-1.689368001087299e-03,-3.832993859319509e-05,9.999985647175623e-01
1609043676030911684,323,1609043676030911684,-1.048839532883743e-02,1.383724795498842e-02,-2.439665182942776e-04,1.138236954271456e-04,-1.724867594533362e-03,-9.480508200050269e-05,9.999985014428492e-01
1609043676153367996,324,1609043676153367996,-1.191623097453393e-02,1.454220992954234e-02,-8.654481018788946e-04,-1.886047664671953e-04,-1.720019184168907e-03,7.667785605930923e-05,9.999985000402523e-01
1609043676236767292,325,1609043676236767292,-1.216749605157365e-02,1.566703790559820e-02,-1.331820832133202e-03,-5.356000373926630e-05,-1.690804993004808e-03,-1.117236395849263e-05,9.999985690914662e-01
1609043676339946270,326,1609043676339946270,-1.324751564074793e-02,1.351811922155010e-02,-2.710783303521895e-03,-4.692212043077390e-05,-1.724353600330705e-03,3.583157366188789e-05,9.999985115584292e-01
1609043676443435669,327,1609043676443435669,-1.281679384013335e-02,1.317161231608668e-02,-2.958629860740042e-03,-7.685290755944546e-05,-1.711660228451093e-03,-1.601881803165936e-05,9.999985320270677e-01
1609043676546184778,328,1609043676546184778,-1.206001018035269e-02,1.215965186616360e-02,-3.176161010443313e-03,-1.508618844514064e-04,-1.637364055825154e-03,8.616985441887724e-05,9.999986444262795e-01
1609043676649575472,329,1609043676649575472,-1.169026737368435e-02,1.182595174965009e-02,-3.764816335214139e-03,-1.770828541892538e-04,-1.628520797026094e-03,3.427723462507979e-05,9.999986576924729e-01
1609043676752626896,330,1609043676752626896,-1.078753117957387e-02,1.164050685954484e-02,-3.497434000894030e-03,-1.539482919952303e-04,-1.648123431040168e-03,8.015674885359260e-05,9.999986267810447e-01
1609043676823334694,331,1609043676823334694,-1.107136389518317e-02,1.195056165286668e-02,-1.334670214072724e-03,2.029217469942457e-04,-1.732307434138847e-03,-1.499918207498788e-04,9.999984677169120e-01
1609043676924400330,332,1609043676924400330,-1.113748541496659e-02,1.401176250353452e-02,1.615238433965017e-04,1.856829186132250e-04,-1.709369219201316e-03,-1.131529753713938e-04,9.999985153864631e-01
1609043677045886517,333,1609043677045886517,-1.277947502384688e-02,1.468715623150218e-02,8.327693843023309e-05,-9.111196198377778e-05,-1.716996715769057e-03,3.101726657627862e-05,9.999985213283156e-01
1609043677130833387,334,1609043677130833387,-1.171831475949999e-02,1.320983075114281e-02,-4.279127740708250e-04,7.363012049345937e-05,-1.656229250744509e-03,-8.799843228514486e-05,9.999986218688256e-01
1609043677234102011,335,1609043677234102011,-1.107408873564101e-02,1.284826856953789e-02,-1.505071202348249e-03,2.275574875476090e-05,-1.678938170579267e-03,-2.208233017730045e-05,9.999985900795890e-01
1609043677336890936,336,1609043677336890936,-1.094053564322388e-02,1.164800430815437e-02,-2.147867779926277e-03,-2.357233822250003e-05,-1.671949847352477e-03,-1.080348991938186e-06,9.999986020124656e-01
1609043677440358639,337,1609043677440358639,-1.194450170367981e-02,1.077724707078416e-02,-2.545306181978777e-03,-5.507224185880720e-05,-1.665233315646770e-03,1.682095272827694e-05,9.999986118400906e-01
1609043677562247276,338,1609043677562247276,-1.313435024875312e-02,1.003271698039171e-02,-2.929873683681579e-03,-1.769742619826847e-04,-1.640229634473059e-03,8.815159383524064e-05,9.999986352771454e-01
1609043677665339947,339,1609043677665339947,-1.257721922500151e-02,9.585026566605183e-03,-2.843658623613696e-03,-1.661524479377627e-04,-1.631563047398477e-03,1.708453123506133e-05,9.999986550508482e-01
1609043677722397327,340,1609043677722397327,-1.104462645517275e-02,1.146369356433003e-02,-1.120534474511311e-03,2.256788227513865e-04,-1.716314014375529e-03,-1.164523209095141e-04,9.999984948859323e-01
1609043677823163271,341,1609043677823163271,-1.014441508795808e-02,1.448052188902279e-02,4.897714629476899e-05,2.468413510814396e-04,-1.718728032439910e-03,-1.705403741598034e-04,9.999984779784811e-01
1609043677925886631,342,1609043677925886631,-1.007421860608426e-02,1.393759646361852e-02,3.622383214736538e-04,1.600752588344086e-04,-1.650351029301928e-03,-1.266933561113306e-04,9.999986173321367e-01
1609043678028894663,343,1609043678028894663,-9.771950491220257e-03,1.345180848434133e-02,-2.889754710920650e-04,1.050627330271532e-04,-1.662092220146778e-03,-4.957127102922854e-05,9.999986119760181e-01
1609043678132158279,344,1609043678132158279,-1.015785085740570e-02,1.218046001298521e-02,-1.098974560905249e-03,4.616681877117743e-05,-1.672003113732644e-03,-5.378047326333547e-05,9.999985996899562e-01
1609043678254903793,345,1609043678254903793,-9.831079190027825e-03,9.807731193255646e-03,-1.493688190756664e-03,-2.115111477987871e-04,-1.705286304775622e-03,7.184653173275661e-05,9.999985210487708e-01
1609043678356357813,346,1609043678356357813,-1.143046912244162e-02,9.785456281657643e-03,-2.594949806797532e-03,-2.001724041036864e-04,-1.715268368528510e-03,8.907118805919525e-05,9.999985049247604e-01
1609043678442241669,347,1609043678442241669,-1.307272291387964e-02,1.140192298706345e-02,-3.070026701326106e-03,-7.274479491213749e-05,-1.633281734815068e-03,7.820545558846022e-06,9.999986635180113e-01
1609043678562428236,348,1609043678562428236,-1.484864874260578e-02,1.186583358367550e-02,-3.186254983448615e-03,-2.028011716545324e-04,-1.715177165202881e-03,9.162594722474838e-05,9.999985043207127e-01
1609043678647774220,349,1609043678647774220,-1.442374320368359e-02,1.239903712445826e-02,-3.554619992737245e-03,-1.606190263368892e-04,-1.669935805977703e-03,4.142656173988026e-05,9.999985918988947e-01
1609043678768653631,350,1609043678768653631,-1.419892912044846e-02,1.121924838441491e-02,-3.406198958564326e-03,-1.594179764846560e-04,-1.615000792697364e-03,6.987043891658772e-05,9.999986807373649e-01
1609043678822576761,351,1609043678822576761,-1.276375931493652e-02,1.194866106981541e-02,-1.256624336896911e-03,2.199161462221435e-04,-1.753325509581165e-03,-1.481551602645203e-04,9.999984277670613e-01
1609043678922941208,352,1609043678922941208,-1.133631101892285e-02,1.301622283295839e-02,3.410136772034136e-04,1.962541226008146e-04,-1.686703998286205e-03,-1.039082913736101e-04,9.999985528574571e-01
1609043679045288324,353,1609043679045288324,-1.065988344693332e-02,1.329276067510445e-02,1.373521368293358e-03,-6.829211919072778e-05,-1.701105756520818e-03,9.961828524000767e-05,9.999985458247371e-01
1609043679147423983,354,1609043679147423983,-1.126904361451349e-02,1.276938105786408e-02,4.789271472930528e-04,-1.334706437963706e-04,-1.672499124938880e-03,3.652905876066925e-05,9.999985917979546e-01
1609043679251704931,355,1609043679251704931,-1.145025878417684e-02,1.297683256561440e-02,-6.820947283796413e-04,-1.736512202019231e-04,-1.695915567496894e-03,8.693273932152092e-05,9.999985430781090e-01
1609043679335287333,356,1609043679335287333,-1.140044693355181e-02,1.244432606143143e-02,-1.328188365744055e-03,-3.075983377868747e-05,-1.624494670383734e-03,2.188998532905189e-05,9.999986797949920e-01
1609043679457972527,357,1609043679457972527,-1.145215578204078e-02,1.296864767103126e-02,-2.070406325141895e-03,-2.318926181494716e-04,-1.686574450764284e-03,1.618998183542282e-04,9.999985377393731e-01
1609043679542891026,358,1609043679542891026,-1.230499156045246e-02,1.174294835945950e-02,-3.321016724760199e-03,-8.792035728639715e-05,-1.662007926884598e-03,-5.123836790381828e-07,9.999986149987405e-01
1609043679651076555,359,1609043679651076555,-1.313319220701625e-02,1.103418304030779e-02,-3.874638533263354e-03,-1.575208037453935e-04,-1.661283984160113e-03,6.625808757614157e-05,9.999986054653207e-01
1609043679722271681,360,1609043679722271681,-1.188123397777757e-02,1.156421968696869e-02,-2.106496749859713e-03,2.244072880578047e-04,-1.697140620529141e-03,-1.160192884218655e-04,9.999985279462205e-01
1609043679822761536,361,1609043679822761536,-1.107421912298871e-02,1.134833802678906e-02,-3.549797601404122e-04,2.358796273350158e-04,-1.668710231446048e-03,-1.154045377768380e-04,9.999985732233609e-01
1609043679925506115,362,1609043679925506115,-1.058586601925167e-02,1.251047608742463e-02,1.576534120500313e-04,1.540363994290531e-04,-1.646445119885423e-03,-6.847048532737299e-05,9.999986304005859e-01
1609043680035165787,363,1609043680035165787,-1.121803787304884e-02,1.168097416569037e-02,-8.901777567091293e-04,-1.525504766458680e-05,-1.612146982254469e-03,-3.873588452573421e-06,9.999987003663487e-01
1609043680138422966,364,1609043680138422966,-1.111196885037568e-02,9.756358740923881e-03,-2.139827992337587e-03,-1.596226762258761e-05,-1.653336345227836e-03,-4.158524558293417e-05,9.999986322464660e-01
1609043680242123604,365,1609043680242123604,-1.139832793171542e-02,9.929237085446586e-03,-3.089682347673241e-03,-9.149865265474914e-05,-1.652682120342936e-03,1.040759450683560e-04,9.999986247180559e-01
1609043680344284773,366,1609043680344284773,-1.121103080715473e-02,9.031120127315826e-03,-2.983711618587888e-03,-8.418074834233935e-05,-1.652823376063626e-03,8.160546148427065e-05,9.999986272135767e-01
1609043680447455645,367,1609043680447455645,-1.146479687245549e-02,1.054999179139838e-02,-3.929639223521477e-03,-1.467291920562392e-04,-1.644616239363391e-03,3.633215867632708e-05,9.999986361930419e-01
1609043680550920725,368,1609043680550920725,-1.250338519558194e-02,1.180571619191449e-02,-4.068152962777531e-03,-1.718897388159787e-04,-1.678429685400029e-03,2.867368541094580e-05,9.999985762517507e-01
1609043680623518229,369,1609043680623518229,-1.226652583129863e-02,1.287548296123491e-02,-1.561688179895036e-03,2.039209689114886e-04,-1.722007937257229e-03,-1.319450853296371e-04,9.999984878465552e-01
1609043680740684032,370,1609043680740684032,-1.156460409095683e-02,1.502327775127013e-02,1.129223124566413e-04,-2.615787410473883e-05,-1.718193676124758e-03,-4.727821563436529e-05,9.999985224444220e-01
1609043680825755358,371,1609043680825755358,-1.163424297768285e-02,1.474048479527944e-02,5.333638044100414e-04,1.502634149690696e-04,-1.676495772665601e-03,-8.173620878570519e-05,9.999985800500032e-01
1609043680928848267,372,1609043680928848267,-1.118137029548591e-02,1.292252343739477e-02,-1.491959639453701e-04,1.097651749820407e-04,-1.663816849293985e-03,-7.932739366670296e-05,9.999986066851608e-01
1609043681031691074,373,1609043681031691074,-1.099005284628234e-02,1.131840389007615e-02,-1.054647449045034e-03,6.280572379668430e-05,-1.668071820362434e-03,-4.672707137261493e-05,9.999986057032400e-01
1609043681134964943,374,1609043681134964943,-1.073363356990924e-02,1.056129627878002e-02,-1.613206298541979e-03,-1.497986932636266e-06,-1.672164642865482e-03,1.845923114357952e-05,9.999986017602325e-01
1609043681256661415,375,1609043681256661415,-1.187255629721177e-02,1.122418414274177e-02,-2.595277242182226e-03,-2.120871592727905e-04,-1.656365803858724e-03,4.545970697609129e-05,9.999986047014144e-01
1609043681349086523,376,1609043681349086523,-1.262698483483008e-02,1.116042671997326e-02,-3.660078644423704e-03,-1.708040586079486e-04,-1.641751009939347e-03,8.597953032246210e-05,9.999986340426248e-01
1609043681452117443,377,1609043681452117443,-1.248207823943265e-02,1.150237277141905e-02,-3.547364889576020e-03,-1.638123405423325e-04,-1.607888883469750e-03,5.458869706002154e-05,9.999986924386099e-01
1609043681522558689,378,1609043681522558689,-1.136366026018938e-02,1.218718370756197e-02,-1.413467575425382e-03,2.163361769942549e-04,-1.710575723768498e-03,-1.202555022096557e-04,9.999985063328675e-01
1609043681624042273,379,1609043681624042273,-1.116861453626194e-02,1.342216605935584e-02,-3.626245100619323e-05,1.592635111870685e-04,-1.651554147292209e-03,-1.157380178882239e-04,9.999986168034153e-01
1609043681727375746,380,1609043681727375746,-1.070783359127088e-02,1.199952734660583e-02,3.418063658256534e-04,1.331340375700316e-04,-1.609554388241037e-03,-4.308282271222133e-05,9.999986948760832e-01
1609043681830346107,381,1609043681830346107,-1.183318646039074e-02,1.225444849453460e-02,-7.543173788304728e-04,6.771348919556713e-05,-1.638609107012632e-03,1.769269365314944e-05,9.999986550301188e-01
1609043681933554649,382,1609043681933554649,-1.086239213488113e-02,1.163275335047018e-02,-1.588603516068136e-03,1.202946822500663e-05,-1.651940768322937e-03,2.226909100650429e-05,9.999986352246074e-01
1609043682056426048,383,1609043682056426048,-1.139895941474973e-02,1.100837998773670e-02,-2.389389157577663e-03,-1.985392122695065e-04,-1.688411987339276e-03,7.079956854013377e-05,9.999985524162339e-01
1609043682159756899,384,1609043682159756899,-1.278230057689040e-02,1.234260062041486e-02,-2.668082755124371e-03,-2.239039069552675e-04,-1.657219267072010e-03,9.807594325947183e-05,9.999985969352411e-01
1609043682242878675,385,1609043682242878675,-1.329964676998114e-02,1.374153643063660e-02,-3.220886170159605e-03,-1.092777376490829e-04,-1.672557504520253e-03,2.320343638144254e-05,9.999985950346983e-01
1609043682345712662,386,1609043682345712662,-1.356662839222822e-02,1.318615256173068e-02,-3.511836112912540e-03,-1.257244178538103e-04,-1.610530703685178e-03,4.393203623349971e-05,9.999986942262472e-01
1609043682468503475,387,1609043682468503475,-1.406053600769085e-02,1.178557226690389e-02,-3.771493506301370e-03,-1.434596552698619e-04,-1.651830149494301e-03,2.588537219473187e-05,9.999986251022709e-01
1609043682552183390,388,1609043682552183390,-1.227329019691273e-02,1.132150272761578e-02,-3.321869505397087e-03,-1.967426841156850e-04,-1.650754374489060e-03,6.514462503532504e-05,9.999986160282869e-01
1609043682640136480,389,1609043682640136480,-1.108433858802835e-02,1.273215453259442e-02,-7.360079034015591e-04,-4.626475626338195e-06,-1.708808347806533e-03,-1.623902999960127e-05,9.999985398433940e-01
1609043682742343426,390,1609043682742343426,-1.006871344223864e-02,1.298560696721338e-02,5.742255705068981e-04,-4.666942633944635e-05,-1.714694175618270e-03,6.820199727024020e-07,9.999985288216097e-01
1609043682845204592,391,1609043682845204592,-9.929489532001685e-03,1.300136094226563e-02,6.601086616660091e-04,-1.216454654957282e-04,-1.669934576405267e-03,1.944969017417343e-05,9.999985980703178e-01
1609043682948318481,392,1609043682948318481,-1.039991638773666e-02,1.209221738423540e-02,8.700700321017724e-05,-1.589045757896690e-04,-1.700763768188661e-03,-2.538587577049796e-06,9.999985410716838e-01
1609043683033395290,393,1609043683033395290,-1.134341620157657e-02,1.268402848458088e-02,-6.475120334067991e-04,1.483847311574637e-05,-1.602321076921525e-03,-6.621136044935009e-05,9.999987139806941e-01
1609043683156437397,394,1609043683156437397,-1.292699531130631e-02,1.283611814921576e-02,-1.642798249558103e-03,-2.021389777731732e-04,-1.654629075687992e-03,1.195425196915208e-04,9.999986035250457e-01
1609043683258154154,395,1609043683258154154,-1.446791722529015e-02,1.291406979331611e-02,-2.541477646316511e-03,-2.028509387862357e-04,-1.681116348991693e-03,1.008983973797485e-04,9.999985612583806e-01
1609043683343254328,396,1609043683343254328,-1.431257523756523e-02,1.272049287978556e-02,-3.250210014889007e-03,-1.406417341769761e-04,-1.633139764903327e-03,8.034990709238706e-05,9.999986533082449e-01
1609043683464138269,397,1609043683464138269,-1.344534781625037e-02,1.197600416108607e-02,-3.543462229589652e-03,-1.996433330120601e-04,-1.675967763968891e-03,9.684943643019844e-05,9.999985709463691e-01
1609043683568835020,398,1609043683568835020,-1.270695224759493e-02,1.045207152522233e-02,-3.036564368786221e-03,-1.794112520863942e-04,-1.645565705023182e-03,9.064212685174625e-05,9.999986258536148e-01
1609043683652231693,399,1609043683652231693,-1.297813120121979e-02,1.194183531068057e-02,-3.014497649036145e-03,-1.918425017142457e-04,-1.609539614591391e-03,5.623306745582163e-05,9.999986847073978e-01
1609043683728324413,400,1609043683728324413,-1.120823228962128e-02,1.263691561177433e-02,-1.238017741256842e-03,1.210465769820136e-04,-1.676467693387592e-03,-1.329559751232900e-04,9.999985785622437e-01
1609043683826159716,401,1609043683826159716,-1.072542741402212e-02,1.386250895437614e-02,-1.936447996632995e-04,1.833927144193195e-04,-1.661829070004671e-03,-1.208774685455050e-04,9.999985950389590e-01
1609043683948100567,402,1609043683948100567,-9.982401444696575e-03,1.230617357379799e-02,1.041903013388906e-04,-1.251150675191326e-04,-1.654869333027013e-03,4.650691461085386e-05,9.999986217944590e-01
1609043684031898499,403,1609043684031898499,-1.034595511438183e-02,1.322235912085628e-02,-6.289401060886749e-04,4.962727904540015e-05,-1.623144794224957e-03,-2.502895844252468e-05,9.999986811549610e-01
1609043684155894041,404,1609043684155894041,-1.282135035168207e-02,1.291996968886690e-02,-1.892282084886115e-03,-1.510740483698376e-04,-1.712925417427997e-03,2.936348322082823e-05,9.999985210993725e-01
1609043684258649349,405,1609043684258649349,-1.307046791433570e-02,1.208167262946389e-02,-2.436260040703814e-03,-1.993068897490987e-04,-1.690856353020549e-03,9.952727548347156e-05,9.999985456868817e-01
1609043684361555099,406,1609043684361555099,-1.231563278557515e-02,1.238489117470817e-02,-2.806718896720201e-03,-1.909041259702257e-04,-1.653216191069276e-03,5.543737327618996e-05,9.999986136783080e-01
1609043684445990086,407,1609043684445990086,-1.291960889635774e-02,1.259692145468192e-02,-3.094358163588671e-03,-1.306641263018431e-04,-1.638345653330913e-03,2.889789420123581e-05,9.999986489567463e-01
1609043684548976898,408,1609043684548976898,-1.256292809007659e-02,1.161218619229190e-02,-3.902679327115212e-03,-1.644556539598586e-04,-1.624629756573612e-03,3.019234434065198e-05,9.999986663095678e-01
1609043684652174473,409,1609043684652174473,-1.236894695021041e-02,1.136490322958339e-02,-4.004346137264077e-03,-1.758527329754291e-04,-1.648224537795713e-03,4.327297146372658e-05,9.999986252786247e-01
1609043684723598957,410,1609043684723598957,-1.166169266667454e-02,1.307909757525670e-02,-1.813035210834309e-03,1.803881030369639e-04,-1.690893706479189e-03,-9.529127272488981e-05,9.999985496280377e-01
1609043684824856758,411,1609043684824856758,-1.123748581247133e-02,1.426147127430131e-02,-3.367586168613247e-04,1.346828306515199e-04,-1.606242354406360e-03,-1.324249859863454e-04,9.999986921539733e-01
1609043684927809000,412,1609043684927809000,-1.109943139911124e-02,1.358849040109941e-02,-3.502726356770624e-05,1.267014549325243e-04,-1.620758023542692e-03,-1.280277801795499e-04,9.999986703486450e-01
1609043685031529188,413,1609043685031529188,-1.233609189715394e-02,1.519679735025501e-02,-1.392750493983466e-04,7.530515215129979e-05,-1.659890650676508e-03,-7.178882388826922e-05,9.999986169683069e-01
1609043685133759975,414,1609043685133759975,-1.268824643431503e-02,1.416975402936209e-02,-1.113165571004597e-03,2.543458273925781e-05,-1.632054954789474e-03,-6.790811135567314e-05,9.999986655682072e-01
1609043685237756252,415,1609043685237756252,-1.151499549787006e-02,1.234160129641862e-02,-2.108503063446690e-03,-4.458924670194550e-05,-1.617388861618588e-03,-3.528650383389283e-05,9.999986904091085e-01
1609043685358788490,416,1609043685358788490,-1.157876942942077e-02,1.273033660801583e-02,-2.932653735889910e-03,-2.180115119609289e-04,-1.651481528133591e-03,8.441725382481548e-05,9.999986089757676e-01
1609043685444809437,417,1609043685444809437,-1.140008875489973e-02,1.094844225648743e-02,-3.389743730576174e-03,-1.135270643695932e-04,-1.625315258235735e-03,1.400738291875865e-05,9.999986726319742e-01
1609043685546410322,418,1609043685546410322,-1.351505409841139e-02,1.174232401924207e-02,-3.398859437310475e-03,-1.516049597449611e-04,-1.645004613833373e-03,6.301961229759179e-05,9.999986335012089e-01
1609043685649257660,419,1609043685649257660,-1.302371042509045e-02,1.114334677365471e-02,-3.874718568164060e-03,-1.481784255357394e-04,-1.655602050889477e-03,3.544744635053930e-05,9.999986178832858e-01
1609043685754053593,420,1609043685754053593,-1.254387922505480e-02,1.150361597537094e-02,-3.578830218686717e-03,-1.839558316351364e-04,-1.583420303050442e-03,7.582237834878917e-05,9.999987265948707e-01
1609043685824054956,421,1609043685824054956,-1.148474862240548e-02,1.093337142273591e-02,-1.339984412863094e-03,2.025841200406137e-04,-1.727761253260134e-03,-1.265120673767729e-04,9.999984788965546e-01
1609043685942898512,422,1609043685942898512,-1.041853696386362e-02,1.249115587205173e-02,2.786927175243682e-04,-4.858592156734965e-05,-1.694389404783674e-03,6.940641604715395e-06,9.999985633168583e-01
1609043686028242111,423,1609043686028242111,-1.039851616811686e-02,1.201506779571669e-02,3.900529673980402e-04,1.071035021987062e-04,-1.610484895275869e-03,-8.864065324684237e-05,9.999986935041848e-01
1609043686150307894,424,1609043686150307894,-1.102811913349027e-02,1.362717993473452e-02,-3.842895511163921e-04,-1.369399501789757e-04,-1.653894977521945e-03,-1.202382326003933e-05,9.999986228661922e-01
1609043686233973026,425,1609043686233973026,-1.161034738697285e-02,1.375292314856525e-02,-1.413371149177474e-03,1.569264844249306e-05,-1.652951407703144e-03,-3.418162297256831e-05,9.999986331675664e-01
1609043686336781502,426,1609043686336781502,-1.150166885689264e-02,1.468409315644940e-02,-2.297929459542128e-03,-2.950340532075111e-05,-1.652171444870680e-03,-1.628614737366274e-05,9.999986345959814e-01
1609043686446121931,427,1609043686446121931,-1.332402343403220e-02,1.414898704133690e-02,-3.212397817311484e-03,-1.831340110791864e-04,-1.645382580735849e-03,7.557169198835225e-05,9.999986267325652e-01
1609043686549051285,428,1609043686549051285,-1.317923985444028e-02,1.293484346794600e-02,-3.561959644344449e-03,-1.740038341101685e-04,-1.619724934337300e-03,4.345182732429719e-05,9.999986721619891e-01
1609043686651714802,429,1609043686651714802,-1.296043250848837e-02,1.165373934289174e-02,-4.159916687244213e-03,-1.827089849919170e-04,-1.643453506796557e-03,6.188664510170094e-05,9.999986309230833e-01
1609043686742136240,430,1609043686742136240,-1.273623079641164e-02,1.251045049895218e-02,-2.149335853749268e-03,-4.734432673675323e-05,-1.757728561471932e-03,3.785540635479309e-05,9.999984533566975e-01
1609043686822849274,431,1609043686822849274,-1.161131710282222e-02,1.424481598270417e-02,-8.817088721133361e-05,2.304674596793184e-04,-1.692359117889087e-03,-1.724370831276082e-04,9.999985265343236e-01
1609043686945878029,432,1609043686945878029,-1.192655854955080e-02,1.515691914868864e-02,5.443953492700385e-04,-8.866118630583943e-05,-1.681555648781338e-03,3.605334453176164e-05,9.999985816039693e-01
1609043687029860020,433,1609043687029860020,-1.152497129417924e-02,1.536936187917066e-02,1.102034383997523e-04,8.252836654684491e-05,-1.675546053003452e-03,-8.629569729485419e-05,9.999985891427776e-01
1609043687132253885,434,1609043687132253885,-1.169559050072042e-02,1.357103028438725e-02,-9.405854456952219e-04,3.816254096970609e-05,-1.648094329424323e-03,-6.182961013448519e-05,9.999986392519747e-01
1609043687235260248,435,1609043687235260248,-1.091262031620111e-02,1.223080812737153e-02,-1.633561888440751e-03,9.122755566100439e-06,-1.632819977605223e-03,-4.025388529975687e-05,9.999986660967707e-01
1609043687356580496,436,1609043687356580496,-1.063334011859376e-02,1.169409831121534e-02,-2.742404219298188e-03,-2.133991655059671e-04,-1.673731609016382e-03,8.384660780028048e-05,9.999985730255037e-01
1609043687462052345,437,1609043687462052345,-1.090243368286034e-02,1.198456762795868e-02,-3.226137273348620e-03,-1.978534262556370e-04,-1.657717880292188e-03,5.701239906572729e-05,9.999986047865453e-01
1609043687551072836,438,1609043687551072836,-1.176143529687128e-02,1.233533145596659e-02,-3.480254147584853e-03,-1.679130036920843e-04,-1.600148219807511e-03,6.772436614724576e-05,9.999987033713134e-01
1609043687652440548,439,1609043687652440548,-1.204256843296147e-02,1.302665366517126e-02,-3.864446014577508e-03,-1.614838629062605e-04,-1.612687752213473e-03,2.408620033068546e-05,9.999986862896525e-01
1609043687743033171,440,1609043687743033171,-1.167456669587100e-02,1.280662598802612e-02,-1.723359759898250e-03,-4.732275219302252e-05,-1.734908614882320e-03,1.887167285518499e-05,9.999984937471231e-01
1609043687825379848,441,1609043687825379848,-1.022271413379748e-02,1.157536349383643e-02,-7.416106320240241e-04,1.925837578873682e-04,-1.712925365131297e-03,-1.092910442525530e-04,9.999985084257162e-01
1609043687945641756,442,1609043687945641756,-1.056349862073999e-02,1.217342276661510e-02,1.590478138688686e-04,-8.046713084889614e-05,-1.674843290145423e-03,3.413102937943806e-06,9.999985942056844e-01
1609043688054758549,443,1609043688054758549,-1.107776305793107e-02,1.086164567299280e-02,-4.640977396278489e-04,-1.472111593274485e-04,-1.655979645687884e-03,5.471291746096242e-05,9.999986165324352e-01
1609043688136962891,444,1609043688136962891,-1.161787647072998e-02,1.083647045197120e-02,-1.226357029991075e-03,-2.286203186604950e-06,-1.636640799749394e-03,2.361358181263101e-05,9.999986604211351e-01
1609043688259805918,445,1609043688259805918,-9.935719028129494e-03,1.075781833005019e-02,-2.455653064267309e-03,-2.250811337144221e-04,-1.628087003758617e-03,8.617583692350186e-05,9.999986456215411e-01
1609043688344313622,446,1609043688344313622,-1.208224341708623e-02,1.225460156377880e-02,-3.255202385467925e-03,-1.256938434394629e-04,-1.612113903930163e-03,2.904787557676334e-05,9.999986922221645e-01
1609043688446280479,447,1609043688446280479,-1.269025514902682e-02,1.254430786583998e-02,-3.826873601733177e-03,-1.547473569287358e-04,-1.639866654611015e-03,6.159253914703438e-05,9.999986415475622e-01
1609043688569403648,448,1609043688569403648,-1.268704441097035e-02,1.121135807529978e-02,-3.471208969195038e-03,-1.356161387245203e-04,-1.644339411816749e-03,5.992043362971781e-05,9.999986370819228e-01
1609043688670694113,449,1609043688670694113,-1.345243861945509e-02,1.165495182197662e-02,-3.782795448181201e-03,-1.603743717683315e-04,-1.625265633580133e-03,6.983587516703785e-05,9.999986639564233e-01
1609043688726448298,450,1609043688726448298,-1.208511633624709e-02,1.286289867317057e-02,-2.104841615765643e-03,1.349562728933528e-04,-1.709304018293745e-03,-5.454785641139610e-05,9.999985285444718e-01
1609043688829760551,451,1609043688829760551,-1.228064317017913e-02,1.396940867993435e-02,-1.203236729218080e-03,1.284838134510859e-04,-1.665945906762813e-03,-6.141700772679694e-05,9.999986021710713e-01
1609043688952493429,452,1609043688952493429,-1.102642570273689e-02,1.314490316471460e-02,-1.505281025155560e-03,-1.633631169262153e-04,-1.703829855849212e-03,1.243286570898787e-04,9.999985274082654e-01
1609043689035619020,453,1609043689035619020,-1.157546966406589e-02,1.325835923130780e-02,-1.748331229543166e-03,1.117657004894182e-06,-1.647446169047475e-03,-5.017420377550864e-05,9.999986417002876e-01
1609043689156783342,454,1609043689156783342,-1.238218550615850e-02,1.244089440588435e-02,-2.405109799479750e-03,-2.114625092906933e-04,-1.650446307545947e-03,4.974708971781720e-05,9.999986144169501e-01
1609043689263899088,455,1609043689263899088,-1.195920753728422e-02,1.330082474768135e-02,-3.030629289423453e-03,-1.888377737795047e-04,-1.607121640074610e-03,5.992507005738964e-05,9.999986889537982e-01
1609043689364704370,456,1609043689364704370,-1.210502275140187e-02,1.296250895199392e-02,-3.467799728846209e-03,-1.979995459750802e-04,-1.679230468644389e-03,4.247134155025085e-05,9.999985695876760e-01
1609043689448730946,457,1609043689448730946,-1.164482238684792e-02,1.265361673453206e-02,-3.523948370708376e-03,-1.505225764188742e-04,-1.647412663588982e-03,2.513633257111126e-06,9.999986316831396e-01
1609043689568873167,458,1609043689568873167,-1.205674172840784e-02,1.303493393868316e-02,-3.615071652356084e-03,-1.747048046017634e-04,-1.628214088067648e-03,9.799851220400114e-06,9.999986591496399e-01
1609043689625032902,459,1609043689625032902,-1.101302355307159e-02,1.216868593758198e-02,-2.177473642116411e-03,2.104233898586466e-04,-1.766342723885826e-03,-1.122681387223184e-04,9.999984115743603e-01
1609043689724397182,460,1609043689724397182,-1.123433073102986e-02,1.352723725853909e-02,-4.418326763901400e-04,2.111497921709497e-04,-1.635177635294517e-03,-1.320485608286754e-04,9.999986320855864e-01
1609043689826216936,461,1609043689826216936,-1.018698902401464e-02,1.330667498300715e-02,2.878431691490652e-04,1.521120510015310e-04,-1.653750292768350e-03,-1.082856581689535e-04,9.999986151220958e-01
1609043689929983616,462,1609043689929983616,-1.094143473038998e-02,1.400457195478564e-02,-2.047784168782250e-04,7.427936010602358e-05,-1.628058240702623e-03,-1.466081956835120e-04,9.999986612065931e-01
1609043690036856890,463,1609043690036856890,-1.189067424590365e-02,1.312848386791679e-02,-1.685165141684818e-03,-2.136789147807493e-05,-1.613216737126090e-03,-2.287769297162067e-05,9.999986982750445e-01
1609043690140571117,464,1609043690140571117,-1.286940318029796e-02,1.362382238592292e-02,-2.882884818879734e-03,-8.102494523910177e-05,-1.584186579773111e-03,-4.379321280946508e-05,9.999987409342040e-01
1609043690242907524,465,1609043690242907524,-1.300234769712301e-02,9.927994044092784e-03,-3.460335424491703e-03,-1.176700548852822e-04,-1.653953970259478e-03,1.359796690284745e-04,9.999986160488183e-01
1609043690346626997,466,1609043690346626997,-1.253282880361547e-02,1.151080923207746e-02,-3.512087916820778e-03,-1.123879775978637e-04,-1.654026156276397e-03,2.548315045914278e-05,9.999986254575682e-01
1609043690449111700,467,1609043690449111700,-1.338445047532550e-02,1.340278044336848e-02,-3.402005767030994e-03,-1.160883033990115e-04,-1.653419449411243e-03,2.120212784018832e-05,9.999986261381062e-01
1609043690571987867,468,1609043690571987867,-1.310855898713137e-02,1.291347928107158e-02,-3.589210817466517e-03,-1.539939316433356e-04,-1.648171984943139e-03,5.965640317088781e-06,9.999986298887554e-01
1609043690642566919,469,1609043690642566919,-1.207631459258995e-02,1.291110519197863e-02,-1.704744372659311e-03,-2.675204253006678e-05,-1.729537805491362e-03,1.801042867418703e-05,9.999985038283468e-01
1609043690724860430,470,1609043690724860430,-1.103551897042976e-02,1.419489086802573e-02,-4.834836159203603e-04,1.686215060589135e-04,-1.653807611255873e-03,-1.049519041256971e-04,9.999986127351730e-01
1609043690845811129,471,1609043690845811129,-1.113594445970730e-02,1.395995693087759e-02,1.816382454762648e-04,-8.171540976754741e-05,-1.678696684795333e-03,3.039151532993400e-05,9.999985871871960e-01
1609043690931611061,472,1609043690931611061,-1.086880557925551e-02,1.185169985981982e-02,-5.407366550747495e-04,6.115208864347503e-05,-1.587807070370323e-03,-6.475039732528754e-05,9.999987354674582e-01
1609043691051672459,473,1609043691051672459,-1.179654619098110e-02,1.202761530185818e-02,-1.311521037598881e-03,-1.560366812736691e-04,-1.653916198145272e-03,4.906088586710558e-05,9.999986189024429e-01
1609043691137376070,474,1609043691137376070,-1.122249207529688e-02,1.274823229910627e-02,-2.077827484116045e-03,-2.724062594316707e-05,-1.664124251220986e-03,-3.376154931435169e-05,9.999986144033314e-01
1609043691239923477,475,1609043691239923477,-1.102010917208925e-02,1.273078587931908e-02,-2.857177400894682e-03,-5.668842934831279e-05,-1.666231749993546e-03,2.471380571747782e-05,9.999986099227364e-01
1609043691363417625,476,1609043691363417625,-1.153328205311506e-02,1.020881163528209e-02,-3.113115557716516e-03,-1.677620222183787e-04,-1.633931248206752e-03,1.633210701232504e-05,9.999986509280111e-01
1609043691446407557,477,1609043691446407557,-1.231906185410688e-02,1.160239358558868e-02,-3.400629107483311e-03,-1.298313797939086e-04,-1.616681455231294e-03,6.060596953585686e-05,9.999986829050334e-01
1609043691549011946,478,1609043691549011946,-1.348591188702199e-02,1.074466639445262e-02,-3.620155813417769e-03,-1.385574702861089e-04,-1.632048360795331e-03,6.196298265846771e-05,9.999986566893798e-01
1609043691653634787,479,1609043691653634787,-1.309756148065861e-02,1.045934822705966e-02,-3.384581557077305e-03,-1.497858884641700e-04,-1.570551814474297e-03,3.116371873094911e-05,9.999987549792291e-01
1609043691722343445,480,1609043691722343445,-1.176614098213571e-02,1.031580578473034e-02,-1.709117440656709e-03,2.598395628226294e-04,-1.670192370780121e-03,-1.780589144024080e-04,9.999985556168914e-01
1609043691826517105,481,1609043691826517105,-1.037952949402956e-02,1.101099094049513e-02,-4.408104651170888e-04,1.417535807352802e-04,-1.652274559328119e-03,-8.694239583808304e-05,9.999986211669107e-01
1609043691927513361,482,1609043691927513361,-9.849655354828879e-03,1.267986071392575e-02,2.704808122156618e-07,1.161113447893583e-04,-1.604352196683087e-03,-1.005534231336998e-04,9.999987012297534e-01
1609043692049948931,483,1609043692049948931,-1.056789291967287e-02,1.220410678018439e-02,-3.295259634393557e-04,-1.648571291245632e-04,-1.720943133953254e-03,8.992171938877888e-05,9.999985015443479e-01
1609043692133609056,484,1609043692133609056,-1.140125619105146e-02,1.249689353795367e-02,-1.028176516719527e-03,1.724508916857520e-05,-1.626936005573508e-03,-2.078669183851196e-05,9.999986761740008e-01
1609043692237307072,485,1609043692237307072,-1.285028467519597e-02,1.357661223319744e-02,-1.802221025193255e-03,-6.285745965060596e-05,-1.617369384568346e-03,1.531696783634048e-05,9.999986899644440e-01
1609043692340477467,486,1609043692340477467,-1.274563060056043e-02,1.334992668403730e-02,-2.379777262790656e-03,-7.183357634149589e-05,-1.620571873720219e-03,4.028071926372580e-05,9.999986834812349e-01
1609043692444983721,487,1609043692444983721,-1.301161703055894e-02,1.307016875294259e-02,-3.509980803624566e-03,-1.201638536374956e-04,-1.644454448477639e-03,1.837889142608601e-05,9.999986404952916e-01
1609043692546041012,488,1609043692546041012,-1.328828744367899e-02,1.196928805019383e-02,-3.763043533885957e-03,-1.316944957524088e-04,-1.587715884368493e-03,4.366639489877155e-05,9.999987299532317e-01
1609043692649236202,489,1609043692649236202,-1.327838383230337e-02,1.264812195075547e-02,-3.394372382273924e-03,-1.568027788687282e-04,-1.634542658814221e-03,5.204755347386007e-05,9.999986504862081e-01
1609043692751827002,490,1609043692751827002,-1.297563092689490e-02,1.271746962183517e-02,-3.621048168919342e-03,-1.483205820925214e-04,-1.682204204373142e-03,9.826697805320652e-05,9.999985692657869e-01
1609043692841597795,491,1609043692841597795,-1.279395519619587e-02,1.411487321906283e-02,-1.242212647635214e-03,-1.960968228973966e-05,-1.767864304810887e-03,-2.406891705408717e-05,9.999984368447520e-01
1609043692923947573,492,1609043692923947573,-1.327661372780046e-02,1.425758609148771e-02,1.245982966626778e-04,1.502391691595746e-04,-1.642380266664582e-03,-1.469253328083030e-04,9.999986292131596e-01
1609043693027021408,493,1609043693027021408,-1.307844944699742e-02,1.551322355794719e-02,3.628338822802543e-04,1.475896578111401e-04,-1.645665090485114e-03,-1.834874413670023e-04,9.999986181670761e-01
1609043693149844885,494,1609043693149844885,-1.215140644125667e-02,1.413375834903661e-02,9.918519740462123e-05,-1.449561279867607e-04,-1.681904912529228e-03,2.014050707407475e-07,9.999985750907576e-01
1609043693251452923,495,1609043693251452923,-1.230893885374407e-02,1.357909226139338e-02,-8.060889823276930e-04,-1.908533690052149e-04,-1.638645790704043e-03,3.203466616294930e-05,9.999986386934456e-01
1609043693337090492,496,1609043693337090492,-1.245957124133531e-02,1.368240945381480e-02,-1.958316326901656e-03,-1.379586728845010e-05,-1.623925934454947e-03,-2.701891932483939e-05,9.999986809712358e-01
1609043693441609859,497,1609043693441609859,-1.287499422948516e-02,1.316649672978099e-02,-3.005360975681947e-03,-9.067610310567909e-05,-1.646051040400650e-03,2.101987200591038e-05,9.999986409250673e-01
1609043693563043833,498,1609043693563043833,-1.271183469994940e-02,1.354937637051671e-02,-3.420858116674470e-03,-2.152208379109307e-04,-1.683472851124204e-03,3.540279686262518e-05,9.999985591718582e-01
1609043693646013498,499,1609043693646013498,-1.343504526735292e-02,1.342071225693294e-02,-3.261571125671553e-03,-1.376778376923619e-04,-1.648354912932671e-03,-2.430403438796652e-05,9.999986316891678e-01
1609043693749251604,500,1609043693749251604,-1.447384678923784e-02,1.184674343331113e-02,-3.468233025635573e-03,-1.610413127116367e-04,-1.656163196403489e-03,1.017146669277563e-04,9.999986104206791e-01
1609043693855223179,501,1609043693855223179,-1.436550358143654e-02,1.201046775240548e-02,-4.061579092503077e-03,-1.835132701076979e-04,-1.600801570190625e-03,2.502468831460862e-05,9.999987015646458e-01
1609043693922657251,502,1609043693922657251,-1.336272026629515e-02,1.432742388696258e-02,-1.911721128241362e-03,2.147414894444100e-04,-1.662623490898222e-03,-1.502549314382903e-04,9.999985834953347e-01
1609043694024373055,503,1609043694024373055,-1.189734997452315e-02,1.485271646156156e-02,3.579537920483204e-05,1.926053335105803e-04,-1.664029032206732e-03,-1.333347155147893e-04,9.999985880652128e-01
1609043694146122456,504,1609043694146122456,-1.107294188964569e-02,1.490803980910418e-02,1.950977606953093e-04,-1.119859622740129e-04,-1.656908398583966e-03,-6.831892714465706e-07,9.999986210556673e-01
1609043694230474472,505,1609043694230474472,-1.090113034036760e-02,1.485827888593542e-02,-3.160115097139339e-04,7.783897751027624e-05,-1.598349748942957e-03,-6.395496367293982e-05,9.999987175636458e-01
1609043694351541519,506,1609043694351541519,-1.094692481723869e-02,1.185608403944829e-02,-1.097018282370214e-03,-1.651166271786583e-04,-1.642968863474709e-03,6.923901555250428e-06,9.999986366700070e-01
1609043694437718868,507,1609043694437718868,-1.163018260837998e-02,1.053287487816165e-02,-2.189633055757808e-03,-3.976380392722211e-05,-1.625282282925473e-03,1.644918635054934e-05,9.999986783020091e-01
1609043694539892673,508,1609043694539892673,-1.192870804837615e-02,9.452590229286927e-03,-2.680012032707069e-03,-6.799931950831431e-05,-1.634105622056507e-03,1.820452859413650e-05,9.999986623708572e-01
1609043694642930269,509,1609043694642930269,-1.311390637280720e-02,9.458920649981441e-03,-2.965962800607399e-03,-9.460335653002599e-05,-1.685834264860072e-03,4.441640426974136e-05,9.999985735190923e-01
1609043694746067047,510,1609043694746067047,-1.281432060318451e-02,1.053234689970964e-02,-3.087533827911509e-03,-1.136128022273807e-04,-1.654978419793066e-03,3.584917845766813e-05,9.999986234257513e-01
1609043694849275589,511,1609043694849275589,-1.260972792619268e-02,1.218247524249096e-02,-3.271977730087821e-03,-1.140326573109986e-04,-1.644876825715587e-03,4.595221708333686e-05,9.999986396316622e-01
1609043694952357292,512,1609043694952357292,-1.313542299383644e-02,1.280104707503054e-02,-3.208134331320609e-03,-1.657895601394026e-04,-1.660008152953747e-03,2.930500555198861e-05,9.999986080130164e-01
1609043695022940636,513,1609043695022940636,-1.267942438416542e-02,1.397295961139440e-02,-1.476703964563748e-03,2.339541778034736e-04,-1.683360729370582e-03,-1.463028785912256e-04,9.999985450777242e-01
1609043695124243259,514,1609043695124243259,-1.296742551540662e-02,1.656164995962316e-02,-1.589153091092001e-04,1.888474341909836e-04,-1.681698540075265e-03,-1.545049845829245e-04,9.999985561763960e-01
1609043695227320194,515,1609043695227320194,-1.104488678700904e-02,1.542187130261487e-02,-1.395698281168707e-04,1.274062529333305e-04,-1.643820272492416e-03,-1.232784695988481e-04,9.999986332115547e-01
1609043695330302954,516,1609043695330302954,-1.016094559782882e-02,1.363463803032695e-02,-6.536686455318702e-04,8.350214557331634e-05,-1.610909251936656e-03,-3.351805757949408e-05,9.999986984368098e-01
1609043695452745914,517,1609043695452745914,-1.041619270152679e-02,1.222823967481089e-02,-1.190031865137124e-03,-1.670499434272815e-04,-1.663855703160297e-03,8.232536748840042e-05,9.999985984495424e-01
1609043695536322832,518,1609043695536322832,-1.125043455568650e-02,1.130323629680027e-02,-1.678785999711745e-03,1.996340353512564e-05,-1.665509427229325e-03,6.161062956604809e-06,9.999986128199637e-01
1609043695639587164,519,1609043695639587164,-1.081688486817721e-02,1.115969948327910e-02,-2.666268645140702e-03,-8.632232347230130e-05,-1.609414133833159e-03,4.353059337570751e-05,9.999987002190001e-01
1609043695761363268,520,1609043695761363268,-1.231414513912260e-02,1.164897428346994e-02,-3.038072560220903e-03,-1.670507868817723e-04,-1.668407857755481e-03,3.262793108263123e-05,9.999985937213477e-01
1609043695846031189,521,1609043695846031189,-1.263990542087911e-02,1.140532327674793e-02,-3.953146487780852e-03,-1.156695850471113e-04,-1.615745785581426e-03,5.948915313493077e-05,9.999986862227090e-01
1609043695968638420,522,1609043695968638420,-1.310686033585992e-02,1.101883610387214e-02,-3.898544729289530e-03,-1.362256901370883e-04,-1.611258866271080e-03,4.378343649858128e-05,9.999986916843631e-01
1609043696052162170,523,1609043696052162170,-1.346855125108916e-02,1.239183735732303e-02,-3.617412982950818e-03,-1.401149378640183e-04,-1.631842949970655e-03,5.986396278467338e-05,9.999986569354464e-01
1609043696122453928,524,1609043696122453928,-1.211193270482349e-02,1.153641226176217e-02,-1.603199436509750e-03,2.091041525586598e-04,-1.698713599178550e-03,-9.035851367681407e-05,9.999985312403716e-01
1609043696243084431,525,1609043696243084431,-1.098145477307849e-02,1.339335722660919e-02,4.247486449733112e-05,-2.529818655381051e-05,-1.684329251201279e-03,-1.637824201138131e-05,9.999985810623576e-01
1609043696345447779,526,1609043696345447779,-1.160513478773295e-02,1.459160723282423e-02,9.333646598804232e-05,-6.420522600472027e-05,-1.702737006112657e-03,3.539703134401376e-05,9.999985476546589e-01
1609043696430320501,527,1609043696430320501,-1.167646945216822e-02,1.303319884271211e-02,-2.551063974436518e-05,9.674461862912161e-05,-1.618313028644498e-03,-5.310459886100066e-05,9.999986844407955e-01
1609043696533170223,528,1609043696533170223,-1.249907223486824e-02,1.338134494982182e-02,-4.350900785044874e-04,3.899307296943107e-05,-1.557393049962097e-03,-4.245066601326010e-05,9.999987856014472e-01
1609043696656042814,529,1609043696656042814,-1.306964111105728e-02,1.245756844999332e-02,-1.808320594878408e-03,-1.989467267610090e-04,-1.663495923962410e-03,7.534711057965427e-05,9.999985937611732e-01
1609043696739661932,530,1609043696739661932,-1.392774325774947e-02,1.288188894141402e-02,-2.547975776215474e-03,-6.594352554320432e-05,-1.632988789814459e-03,-3.384741359239991e-05,9.999986639258156e-01
1609043696860844612,531,1609043696860844612,-1.247666758562033e-02,9.634429819166386e-03,-3.803690442565553e-03,-1.939625466117545e-04,-1.627638743058121e-03,5.567479869560571e-05,9.999986550345802e-01
1609043696965223789,532,1609043696965223789,-1.334275108519772e-02,9.639274504211617e-03,-4.223345487259399e-03,-1.782841704867759e-04,-1.649926885072018e-03,1.041494453083855e-04,9.999986175535052e-01
1609043697067646027,533,1609043697067646027,-1.334708078507494e-02,1.052783646490953e-02,-4.241540518980474e-03,-1.490448005448965e-04,-1.604384017754496e-03,3.021738793101878e-05,9.999987014113970e-01
1609043697151837826,534,1609043697151837826,-1.189997807956678e-02,1.126276084095406e-02,-3.871145300418080e-03,-1.584038380143387e-04,-1.603636099732073e-03,-7.135218628619703e-05,9.999986990833284e-01
1609043697242358923,535,1609043697242358923,-1.097259234375782e-02,1.186554551481042e-02,-1.030885988844642e-03,-2.351531019999055e-05,-1.719656670497830e-03,-2.279927957511190e-05,9.999985208529854e-01
1609043697344004393,536,1609043697344004393,-1.105560437147567e-02,1.359164775811923e-02,5.919927892168710e-04,-6.511807671225076e-05,-1.676572227398887e-03,-5.202099193071196e-06,9.999985924180796e-01
1609043697427184343,537,1609043697427184343,-1.120888030936567e-02,1.368524042698423e-02,6.951959212041881e-04,1.225004229530477e-04,-1.651572384378851e-03,-1.273765531982526e-04,9.999986205378082e-01
1609043697530362606,538,1609043697530362606,-1.111155566777671e-02,1.321079444815568e-02,-1.392892353136868e-04,9.177960096661458e-05,-1.623294502058488e-03,-7.762284246670426e-05,9.999986752322019e-01
1609043697652942896,539,1609043697652942896,-1.225652249289259e-02,1.363007338063675e-02,-1.455440311481942e-03,-1.727855787101302e-04,-1.676064511353784e-03,7.832014960057456e-05,9.999985774084140e-01
1609043697736506939,540,1609043697736506939,-1.245029970056092e-02,1.332529533333991e-02,-2.232006836160767e-03,3.258643487003403e-06,-1.621800890524883e-03,-8.470063742714648e-05,9.999986812876579e-01
1609043697839574099,541,1609043697839574099,-1.208584132127695e-02,1.321626529601277e-02,-2.826490583287333e-03,-8.634936255588719e-05,-1.631823169234689e-03,4.244304416762244e-05,9.999986639468674e-01
1609043697942273378,542,1609043697942273378,-1.216444153830003e-02,1.211878715562404e-02,-3.117915384083705e-03,-8.071539113815579e-05,-1.640438576746321e-03,-1.503175673637108e-07,9.999986512222299e-01
1609043698064361095,543,1609043698064361095,-1.177881393448850e-02,1.063269726250882e-02,-3.261949025013329e-03,-1.891091329027537e-04,-1.667448224336861e-03,1.122537749008691e-04,9.999985856256223e-01
1609043698148992777,544,1609043698148992777,-1.265122541514225e-02,1.105188019439775e-02,-3.033378905726528e-03,-1.199509692765577e-04,-1.613260670770102e-03,9.971295934567707e-06,9.999986914503169e-01
1609043698251706123,545,1609043698251706123,-1.356667573336585e-02,1.133310067522043e-02,-3.373118132276230e-03,-1.556352616258186e-04,-1.615704204551772e-03,4.825531834240809e-05,9.999986814736372e-01
1609043698322218418,546,1609043698322218418,-1.224799792533255e-02,1.165202623145731e-02,-1.514954265770428e-03,2.005317443681113e-04,-1.709784437435364e-03,-1.327558526893527e-04,9.999985093989293e-01
1609043698423922539,547,1609043698423922539,-1.087938600681058e-02,1.218589373596724e-02,-4.072141356123716e-04,1.725298126364406e-04,-1.627967655780201e-03,-1.255291415564649e-04,9.999986520976967e-01
1609043698527070999,548,1609043698527070999,-1.086873272583627e-02,1.212390945651854e-02,7.259003350941506e-05,1.402175363249072e-04,-1.658011325707088e-03,-5.898936156933438e-05,9.999986139279102e-01
1609043698648982763,549,1609043698648982763,-1.180046674695167e-02,1.250265694283322e-02,-1.445140996104725e-04,-1.040349029740195e-04,-1.677044649125177e-03,3.041817098982820e-06,9.999985883433692e-01
1609043698733006001,550,1609043698733006001,-1.278106175935470e-02,1.204182327408139e-02,-8.025276719516213e-04,4.016674177244074e-05,-1.650475185519515e-03,-7.758078991691907e-05,9.999986341488252e-01
1609043698854935646,551,1609043698854935646,-1.166239393544757e-02,1.209805348910681e-02,-1.703643169781454e-03,-1.641832079331406e-04,-1.691287606729242e-03,8.122342238239942e-05,9.999985529953836e-01
1609043698939496994,552,1609043698939496994,-1.305471811665049e-02,1.380829611643177e-02,-2.340763251208774e-03,-6.875117852147677e-05,-1.602742995659883e-03,-2.815324197670466e-05,9.999987128469517e-01
1609043699042536259,553,1609043699042536259,-1.367225607719905e-02,1.377161667253022e-02,-2.973484620295729e-03,-1.216474597712100e-04,-1.609216355315794e-03,1.648231788424907e-05,9.999986976756272e-01
1609043699145862579,554,1609043699145862579,-1.248776390870458e-02,1.146032542823682e-02,-3.468224708112887e-03,-1.229981146478446e-04,-1.603480638972592e-03,8.375287842951514e-05,9.999987033525392e-01
1609043699249030828,555,1609043699249030828,-1.191636834957894e-02,1.130447407876346e-02,-3.007069232609631e-03,-1.152766332623547e-04,-1.644185402975310e-03,4.231034339608415e-05,9.999986407868229e-01
1609043699370915651,556,1609043699370915651,-1.239648874456715e-02,8.889889337905889e-03,-3.291222137586477e-03,-1.221328895082959e-04,-1.615907998593058e-03,1.162099262325676e-05,9.999986868940629e-01
1609043699422419786,557,1609043699422419786,-1.245402825066985e-02,1.087048448904935e-02,-2.059597597278297e-03,2.040933341054971e-04,-1.719578865876176e-03,-1.070812285863003e-04,9.999984949628902e-01
1609043699544084072,558,1609043699544084072,-1.225988433030526e-02,1.194261213652177e-02,-5.805858456384868e-04,-7.380746991975824e-05,-1.715884753469284e-03,2.468341645066634e-05,9.999985248402615e-01
1609043699627559662,559,1609043699627559662,-1.243067199274095e-02,1.296203368938868e-02,-3.839218458130532e-04,1.276966699514946e-04,-1.629533775804385e-03,-1.081865971559450e-04,9.999986583035471e-01
1609043699730527878,560,1609043699730527878,-1.243669725629990e-02,1.308955279264908e-02,-7.190102911435394e-04,8.436525963774538e-05,-1.640240330140017e-03,-1.042910802338071e-04,9.999986458078496e-01
1609043699853271484,561,1609043699853271484,-1.287844578278394e-02,1.264437831009214e-02,-1.001453308124224e-03,-1.809682042204681e-04,-1.673081086474104e-03,-1.221214114382174e-05,9.999985839495228e-01
1609043699956159830,562,1609043699956159830,-1.230624186594817e-02,1.250151678000465e-02,-2.055680677017233e-03,-1.938494186347198e-04,-1.665327347114869e-03,1.169238130552909e-04,9.999985877170287e-01
1609043700040523529,563,1609043700040523529,-1.194493576105759e-02,1.139235780597131e-02,-2.776947993657482e-03,-5.893655448170381e-05,-1.592307608605886e-03,1.452902343394561e-05,9.999987304351289e-01
1609043700142900944,564,1609043700142900944,-1.242259885246191e-02,1.106260795498673e-02,-3.425362888957846e-03,-1.103896702168855e-04,-1.642426793067718e-03,3.322840036175810e-05,9.999986445711933e-01
1609043700245935917,565,1609043700245935917,-1.322086899757009e-02,1.131269888848008e-02,-3.224662520931897e-03,-1.068980309510357e-04,-1.642608147338210e-03,7.153646947575368e-05,9.999986426459883e-01
1609043700348993301,566,1609043700348993301,-1.264294957650009e-02,1.082483772210673e-02,-3.378581850306517e-03,-1.385261750080882e-04,-1.689006966761436e-03,4.837837966141005e-05,9.999985628617161e-01
1609043700452208281,567,1609043700452208281,-1.304191865022893e-02,1.147871238879664e-02,-3.313004708478558e-03,-1.497740993813670e-04,-1.636623335388208e-03,2.200645674279756e-05,9.999986492728343e-01
1609043700522541285,568,1609043700522541285,-1.124685943444471e-02,1.140142595277087e-02,-1.306465359462100e-03,2.078411230319075e-04,-1.695332811006860e-03,-1.699568200244077e-04,9.999985268806184e-01
1609043700624291182,569,1609043700624291182,-1.035146453813970e-02,1.141447268273108e-02,1.845277430107958e-04,2.077855386021291e-04,-1.660842443653896e-03,-1.126843054002219e-04,9.999985928639072e-01
1609043700727391958,570,1609043700727391958,-1.007961398252053e-02,1.181050798224928e-02,5.198438389881999e-04,9.969690102492371e-05,-1.624668857438225e-03,-7.441998723936280e-05,9.999986724857673e-01
1609043700849848747,571,1609043700849848747,-1.083463660459755e-02,1.189656645937992e-02,-4.795228549778441e-05,-1.367749701582604e-04,-1.631011722802662e-03,4.319687971064513e-05,9.999986596128003e-01
1609043700952977657,572,1609043700952977657,-1.186661854387462e-02,1.392408426349057e-02,-1.328566383933572e-03,-1.776133234868165e-04,-1.671851162195077e-03,6.522988211536739e-05,9.999985845551289e-01
1609043701055233240,573,1609043701055233240,-1.224743892204749e-02,1.366801441854940e-02,-2.473842144955494e-03,-1.888340995002817e-04,-1.657987324335299e-03,4.274190822733985e-05,9.999986067954517e-01
1609043701157826185,574,1609043701157826185,-1.323233560625548e-02,1.382413727393438e-02,-3.088307794231715e-03,-1.835675357739425e-04,-1.673707183826188e-03,4.460481733724841e-05,9.999985815078104e-01
1609043701242786884,575,1609043701242786884,-1.296540551984886e-02,1.274893213231766e-02,-2.860627755972039e-03,-9.179612776223605e-05,-1.670455070647145e-03,1.933965963225431e-05,9.999986003886733e-01
1609043701346071482,576,1609043701346071482,-1.235518520315963e-02,1.146501452475075e-02,-2.822415426909255e-03,-8.227808211113789e-05,-1.594071794457612e-03,-1.788933532510902e-05,9.999987259218899e-01
1609043701449227095,577,1609043701449227095,-1.405170438505567e-02,1.145440649013568e-02,-3.057348526952966e-03,-1.083928759701909e-04,-1.582449498288045e-03,1.023289593183440e-05,9.999987419991375e-01
1609043701552525520,578,1609043701552525520,-1.226514699240871e-02,1.164104535682247e-02,-3.159536896978136e-03,-1.525288533344704e-04,-1.647686304416592e-03,-4.099998300919335e-05,9.999986300909579e-01
1609043701622676849,579,1609043701622676849,-1.191410139542077e-02,1.294042000610070e-02,-1.870313718961749e-03,1.756091822381175e-04,-1.677131093454052e-03,-2.344971677297872e-04,9.999985507008442e-01
1609043701724431753,580,1609043701724431753,-1.114814468324051e-02,1.423601084041656e-02,-2.896100077080408e-04,2.297355220849821e-04,-1.670414082341569e-03,-5.642399229010621e-05,9.999985768763456e-01
1609043701827636719,581,1609043701827636719,-1.050871995912923e-02,1.432686534359910e-02,-1.963599892028042e-04,1.294466708042848e-04,-1.708772990594567e-03,-1.252406649435042e-04,9.999985238255114e-01
1609043701950098991,582,1609043701950098991,-9.527376105705204e-03,1.371578048388140e-02,-5.366245282337038e-04,-1.254891534558857e-04,-1.656990015392850e-03,-1.139520737758500e-04,9.999986128247809e-01
1609043702033805370,583,1609043702033805370,-1.285265770463159e-02,1.229106030407128e-02,-7.571651416733475e-04,8.240544928025731e-05,-1.609729758269181e-03,-1.067431006008653e-04,9.999986952918277e-01
1609043702136709452,584,1609043702136709452,-1.617599993618103e-02,1.461765448043858e-02,-1.193123012734634e-03,-3.593065437076139e-06,-1.658178346327944e-03,1.877475118407576e-05,9.999986250386399e-01
1609043702239874125,585,1609043702239874125,-1.318465165028338e-02,1.655512214081120e-02,-1.943134667053322e-03,9.615480433888011e-06,-1.690881353862637e-03,-2.185574050822894e-04,9.999985465291689e-01
1609043702342971087,586,1609043702342971087,-1.633393730834991e-02,1.426407388469721e-02,-2.521453896541804e-03,-1.172715003601753e-04,-1.608279959238267e-03,-4.402128003414061e-05,9.999986988717010e-01
1609043702446022034,587,1609043702446022034,-1.128520793248838e-02,1.733131934973763e-02,-3.310595487951212e-03,-7.887048477738495e-05,-1.554062069346515e-03,9.819625407445536e-05,9.999987845132747e-01
1609043702549358845,588,1609043702549358845,-1.369156132472914e-02,1.600235863295862e-02,-6.373563101955375e-04,2.370855291095190e-04,-1.672976455767880e-03,9.618989776683409e-06,9.999985724228337e-01
1609043702652463675,589,1609043702652463675,-1.787383567836982e-02,1.103849579672782e-02,-8.729211700681765e-03,-1.034192920635841e-03,-1.610275851916551e-03,3.770964699629167e-04,9.999980976256585e-01
1609043702723470926,590,1609043702723470926,-1.207129218040554e-02,1.183473506996561e-02,2.773392854893475e-03,1.388542389892943e-03,-1.771416060841360e-03,-5.012504596277525e-04,9.999973413880398e-01
1609043702824565887,591,1609043702824565887,-8.756796704086653e-03,1.368289822242520e-02,1.025808681340034e-02,1.484443856415217e-03,-1.604039696657289e-03,-9.278698632748730e-04,9.999971812663301e-01
1609043702947087049,592,1609043702947087049,-9.572630631628535e-03,1.543429466061958e-02,8.719507817648511e-03,-3.283973935168550e-05,-1.860154710053767e-03,-5.043759607560908e-04,9.999981421737224e-01
1609043703030828476,593,1609043703030828476,-9.444358211377547e-03,1.554701485505558e-02,3.905731762502051e-03,4.095982695725222e-04,-1.619201596038164e-03,-1.200664747565900e-04,9.999985979987626e-01
1609043703133748055,594,1609043703133748055,-6.915635657630275e-03,1.283123617435619e-02,-1.099301281804222e-03,-3.492109941598300e-04,-1.592479955596718e-03,-5.340847584428007e-04,9.999985284052889e-01
1609043703236704350,595,1609043703236704350,-1.157057430321031e-02,9.858708611031599e-03,-1.179879123101980e-03,3.986966981031213e-04,-1.386197236291081e-03,3.000729964976628e-04,9.999989147265920e-01
1609043703340450525,596,1609043703340450525,-9.277384989609144e-03,1.015603391381702e-02,-2.395310330766753e-03,4.125728613540668e-04,-2.032913174537551e-03,-1.102038997038001e-04,9.999978424490522e-01
1609043703442849398,597,1609043703442849398,-9.640672921320427e-03,1.288903013576423e-02,-1.225200144480794e-03,-3.545634597984667e-04,-1.625421943701399e-03,-2.991964032141608e-04,9.999985713838646e-01
1609043703545749903,598,1609043703545749903,-1.104487956842781e-02,1.313977149414838e-02,1.281762810853893e-04,2.093751595024928e-04,-1.581358374270951e-03,-1.273435855458562e-04,9.999987196248533e-01
1609043703648705244,599,1609043703648705244,-1.373890709064018e-02,1.163365038578031e-02,-1.858134157172020e-03,8.573841296864536e-05,-1.650555063778501e-03,-2.472283487919050e-05,9.999986338519106e-01
1609043703751998425,600,1609043703751998425,-1.415651561272756e-02,1.141942900893690e-02,1.721713643840157e-04,1.459709381991745e-04,-1.642536431026533e-03,-9.698386393154354e-05,9.999986356794134e-01
1609043703822108507,601,1609043703822108507,-1.314361398960110e-02,1.257115726575763e-02,-1.492174700367718e-05,-9.496876972951922e-05,-1.568186843599151e-03,-2.474625123344771e-04,9.999987352658308e-01
1609043703923919201,602,1609043703923919201,-1.261306911652183e-02,1.176189609977928e-02,1.261970619471509e-03,3.267521726586366e-04,-1.503357505574200e-03,-1.868452148673999e-04,9.999987991183258e-01
1609043704027102947,603,1609043704027102947,-1.181645084855895e-02,1.230396151789914e-02,-2.448362157122838e-04,2.363194093049436e-05,-1.548829558008970e-03,-1.536770340761824e-04,9.999987884752165e-01
1609043704148271084,604,1609043704148271084,-1.065293427747609e-02,1.206921933560193e-02,-4.168191408040192e-04,-1.349698403661537e-04,-1.827465633460551e-03,-1.442916065908171e-04,9.999983106647895e-01
1609043704233553410,605,1609043704233553410,-1.082543200540248e-02,1.073327745457341e-02,-4.667935852056595e-04,2.255863862586864e-04,-1.595603546930570e-03,-1.218913210271904e-04,9.999986941504519e-01
1609043704336711884,606,1609043704336711884,-1.169259249342526e-02,1.092206126778625e-02,-7.735650113867468e-04,-7.054772133746390e-05,-1.638079729323178e-03,-1.666858324037484e-04,9.999986419659043e-01
1609043704439718008,607,1609043704439718008,-1.296222438642342e-02,1.147049242984393e-02,-2.628000813473630e-04,2.122899455019517e-04,-1.793596391032579e-03,-1.564766858401128e-04,9.999983567286558e-01
1609043704560772181,608,1609043704560772181,-1.206860679786097e-02,1.145277880311781e-02,-2.102432127511085e-03,-1.029162889041716e-05,-2.032910716873572e-03,-1.395700310857052e-04,9.999979238419978e-01
1609043704645882845,609,1609043704645882845,-7.821312806034002e-03,1.199112012158381e-02,-2.437798920769217e-03,1.432477919519745e-04,-2.145409930894566e-03,-1.670142040109754e-04,9.999976743985729e-01
1609043704748531103,610,1609043704748531103,-4.710975258635469e-03,1.185656749072091e-02,-2.650238614416684e-03,2.630458752840024e-04,-2.299824053888879e-03,-1.399315518042718e-04,9.999973110140594e-01
1609043704852291822,611,1609043704852291822,-5.147099433323854e-04,1.196391451931252e-02,-3.035262382579164e-03,3.705037730185684e-04,-2.044791218549731e-03,-1.342945938146585e-05,9.999978406854069e-01
1609043704922612190,612,1609043704922612190,1.917865590202811e-03,1.153833660035265e-02,-5.747208410923518e-04,3.659844642557867e-04,-1.808920475312044e-03,2.080091508598382e-05,9.999982967132534e-01
1609043705042036295,613,1609043705042036295,-1.240241734827202e-03,1.522287143062652e-02,1.759043851463542e-03,8.542280444405203e-04,-1.615920433033475e-03,1.407319481290007e-04,9.999983196436487e-01
1609043705127314329,614,1609043705127314329,-2.935413069463552e-03,1.463299311216116e-02,1.426093530330212e-03,2.658885252729321e-04,-1.574814645750261e-03,-8.199630123053281e-05,9.999987212685475e-01
1609043705230466843,615,1609043705230466843,-4.807710034581171e-03,1.383031212063956e-02,-1.985808117754717e-03,7.338190123921885e-04,-2.165160777929815e-03,-7.543845207695829e-04,9.999971022420303e-01
1609043705333723307,616,1609043705333723307,-5.125424155289106e-03,7.628234083523196e-03,-9.987103523522684e-03,1.241444715550378e-03,-2.399772126846455e-03,-1.256605741658893e-03,9.999955604155287e-01
1609043705456212759,617,1609043705456212759,-3.302157744847884e-03,-1.609020876900787e-03,-3.947549816359474e-02,2.869663751611524e-03,-2.748111435483458e-03,-1.340384416618040e-03,9.999912081029045e-01
1609043705539949417,618,1609043705539949417,-6.715832948550550e-03,3.497211072400785e-03,-6.763828120492606e-02,2.314924838483621e-03,-4.324699921627147e-03,-1.549218268670802e-03,9.999867689206373e-01
1609043705662891388,619,1609043705662891388,-1.860153027759145e-03,2.801816263832742e-03,-1.175693448001464e-01,3.877307315020841e-03,-5.848731447046366e-03,-1.203187645336934e-03,9.999746552627898e-01
1609043705766137362,620,1609043705766137362,2.646944866769748e-03,-1.202221506204636e-03,-1.601559986709505e-01,3.875874415327977e-03,-6.468447858703443e-03,-1.271446632357696e-03,9.999707596741401e-01
1609043705869210482,621,1609043705869210482,2.320149895029331e-03,1.244677087404936e-03,-2.118893860776390e-01,4.685446972845697e-03,-7.911132914981873e-03,-1.361190187117562e-03,9.999568029289768e-01
1609043705972301006,622,1609043705972301006,1.049778871971337e-02,2.161270215820466e-03,-2.674890915809125e-01,4.982077067995811e-03,-9.239523073010710e-03,-1.484992462496895e-03,9.999438008802586e-01
1609043706022636652,623,1609043706022636652,1.181917921774676e-02,7.858038018034750e-03,-2.982036202583099e-01,6.543168955205493e-03,-9.990419692879974e-03,-1.509767263719130e-03,9.999275469038710e-01
1609043706144279480,624,1609043706144279480,2.052382831741000e-02,1.692346911556249e-02,-3.735286303095197e-01,6.068213365584722e-03,-1.004390228868353e-02,-1.796909580815893e-03,9.999295314817558e-01
1609043706246912241,625,1609043706246912241,3.240874913675659e-02,1.581324728910604e-02,-4.312175940532353e-01,5.505327925364736e-03,-9.066341762784069e-03,-1.524472970724207e-03,9.999425827484476e-01
1609043706330117941,626,1609043706330117941,3.326244970477765e-02,2.927934492393191e-02,-4.802141570649799e-01,5.374360429645910e-03,-7.292273096046554e-03,-1.449259975124949e-03,9.999579184388658e-01
1609043706453157663,627,1609043706453157663,4.220125904176204e-02,4.141857404313030e-02,-5.423975522462066e-01,3.362226154915176e-03,-3.779398982633287e-03,-1.512554839652372e-03,9.999860617810982e-01
1609043706556435347,628,1609043706556435347,5.775329306064174e-02,4.846055674699614e-02,-5.989175547314283e-01,9.298875128071468e-04,-1.477175758776638e-03,-1.430646906882799e-03,9.999974532519665e-01
1609043706659419060,629,1609043706659419060,7.175909923168439e-02,5.782123470891445e-02,-6.539360811564749e-01,-2.639818525963423e-04,-1.405377093261409e-03,-1.614889467477240e-03,9.999976736777016e-01
1609043706743114471,630,1609043706743114471,8.088539460913033e-02,5.520315565497012e-02,-6.983735045308467e-01,6.526914808642842e-04,-8.752778421803432e-04,-1.742955817145751e-03,9.999978849915380e-01
1609043706846096039,631,1609043706846096039,8.921190477830422e-02,5.969586819812227e-02,-7.504806274901533e-01,-2.700038662852223e-04,-1.715786588875925e-03,-1.824549532167696e-03,9.999968270916155e-01
1609043706949208498,632,1609043706949208498,9.758094833184638e-02,6.037636278743898e-02,-7.992639889683993e-01,1.265637296542892e-04,-2.512237557519342e-03,-1.798221240860449e-03,9.999952195107964e-01
1609043707052443266,633,1609043707052443266,1.065392484939653e-01,6.218113825020329e-02,-8.505907316301259e-01,-8.804407227771720e-04,-3.022849851704504e-03,-1.847573580852982e-03,9.999933368151865e-01
1609043707122788668,634,1609043707122788668,1.126940319771413e-01,5.852143970549308e-02,-8.905522230535192e-01,8.107741360494977e-06,-4.205754349326950e-03,-1.939880185823409e-03,9.999892741572193e-01
1609043707245092869,635,1609043707245092869,1.281685781407513e-01,5.441529111879616e-02,-9.544729646687053e-01,4.193582426801398e-04,-4.976988028752494e-03,-2.272947724783294e-03,9.999849436053856e-01
1609043707347019434,636,1609043707347019434,1.416336894035339e-01,5.142190679907799e-02,-1.004031300544739e+00,3.981521296157205e-03,-9.719358860344024e-03,-2.176344053669380e-03,9.999424708842365e-01
1609043707430758476,637,1609043707430758476,1.519950012604943e-01,5.303832859820586e-02,-1.040773617000630e+00,3.993169677991785e-03,-1.008916896914719e-02,-2.390626302707654e-03,9.999382721804959e-01
1609043707533328295,638,1609043707533328295,1.636613273174763e-01,5.380325058695611e-02,-1.091536709324294e+00,5.103863430540094e-03,-1.068821674561882e-02,-2.436958848439098e-03,9.999268842432691e-01
1609043707636406660,639,1609043707636406660,1.852446642852190e-01,5.382833695570199e-02,-1.143695186231076e+00,6.261512046632033e-03,-1.131520851473308e-02,-2.777301796823746e-03,9.999125192325014e-01
1609043707739628315,640,1609043707739628315,2.009911087766328e-01,5.327524637320132e-02,-1.191819666373350e+00,7.280734002253755e-03,-1.181612535309175e-02,-2.812425178229590e-03,9.998997251518000e-01
1609043707842803478,641,1609043707842803478,2.190022427605942e-01,5.385635241190623e-02,-1.239248285416117e+00,7.355469999453308e-03,-1.153966074518981e-02,-2.770020455587881e-03,9.999025253881744e-01
1609043707965736151,642,1609043707965736151,2.455600079869543e-01,5.100531180250103e-02,-1.295254611631043e+00,7.801088521147943e-03,-1.146551095932829e-02,-2.705191893766621e-03,9.999001785244088e-01
1609043708048964024,643,1609043708048964024,2.651643135614619e-01,5.082126806139142e-02,-1.334476202501971e+00,7.146906736438311e-03,-1.104406857653477e-02,-2.698130589431808e-03,9.999098311171362e-01
1609043708152188540,644,1609043708152188540,2.907568238178545e-01,5.402885340898043e-02,-1.382674487296519e+00,6.953987475939723e-03,-1.108640171843693e-02,-2.999128024112840e-03,9.999098654309881e-01
1609043708222614288,645,1609043708222614288,3.147671942409188e-01,5.977078217819533e-02,-1.423127902210485e+00,7.527164690508146e-03,-1.119597516293882e-02,-3.326150893463908e-03,9.999034596660353e-01
1609043708324177742,646,1609043708324177742,3.433717735720621e-01,6.326994635383655e-02,-1.471598363317707e+00,7.614348601662451e-03,-1.177661811527670e-02,-3.337333766055208e-03,9.998960921838195e-01
1609043708426630020,647,1609043708426630020,3.744885637940387e-01,6.598684209256249e-02,-1.517696796509963e+00,8.333136333010869e-03,-1.225734685298949e-02,-3.391990374463616e-03,9.998843986623056e-01
1609043708529637098,648,1609043708529637098,4.048118766528398e-01,6.711732338375237e-02,-1.562525213889748e+00,9.026770051338813e-03,-6.409289070452430e-03,-3.489674377174870e-03,9.999326280349057e-01
1609043708652361393,649,1609043708652361393,4.410846402429476e-01,7.187342416537611e-02,-1.608921954999687e+00,8.699170295339221e-03,1.142648117334104e-02,-3.862784446768188e-03,9.998894133155355e-01
1609043708736091375,650,1609043708736091375,4.614318162979474e-01,7.955470804504543e-02,-1.624273850231456e+00,8.675980861904173e-03,2.263642220707826e-02,-4.273094794256826e-03,9.996969842940540e-01
1609043708859005213,651,1609043708859005213,4.857712956618093e-01,9.235162060159990e-02,-1.645536619787939e+00,6.558981239934139e-03,5.050581805403862e-02,-4.045988614500305e-03,9.986940332674056e-01
1609043708942387104,652,1609043708942387104,4.932414504490738e-01,9.915770581390071e-02,-1.650217784652636e+00,5.621845369103582e-03,5.880037694765847e-02,-4.117969841869782e-03,9.982454371795749e-01
1609043709045552254,653,1609043709045552254,4.930296710542789e-01,1.080904727855633e-01,-1.649785794473489e+00,5.121186968556906e-03,6.365824626829820e-02,-4.338195207219809e-03,9.979491876786222e-01
1609043709148889542,654,1609043709148889542,4.796954923067646e-01,1.144075984684461e-01,-1.648504741458002e+00,3.781158955532553e-03,5.833975392368532e-02,-4.264761238213176e-03,9.982805155669712e-01
1609043709271493435,655,1609043709271493435,4.525767648619075e-01,1.270443200279592e-01,-1.619551742897418e+00,-3.250240256498554e-03,3.892979613365267e-02,-4.375019028600228e-03,9.992270843605905e-01
1609043709321901798,656,1609043709321901798,4.334209399609976e-01,1.324446338694464e-01,-1.594833069645160e+00,-6.770678233013744e-03,2.467195500858498e-02,-4.484122354499019e-03,9.996626156854268e-01
1609043709423582792,657,1609043709423582792,3.967929758335815e-01,1.390916878125965e-01,-1.568354312325419e+00,-7.078763287816217e-03,1.082658423296506e-02,-4.379754217370658e-03,9.999067426201090e-01
1609043709546691179,658,1609043709546691179,3.554186175223973e-01,1.426290510655659e-01,-1.537689223291763e+00,-6.801155446983682e-03,1.910828339404994e-04,-4.519369530352659e-03,9.999666409790802e-01
1609043709629722595,659,1609043709629722595,3.232762684892336e-01,1.447847424943014e-01,-1.519089758661348e+00,-3.060144597185619e-03,-7.470056476667818e-03,-4.284282641604975e-03,9.999582384747508e-01
1609043709732901096,660,1609043709732901096,2.863515045814037e-01,1.479818298475011e-01,-1.491888663872604e+00,2.624149958543420e-04,-1.186875267596178e-02,-4.616996007451822e-03,9.999188703070635e-01
1609043709836132288,661,1609043709836132288,2.538540091582810e-01,1.473347909652588e-01,-1.470240962125676e+00,-9.282725827604906e-04,-9.789149072608106e-03,-4.669244197893301e-03,9.999407527594156e-01
1609043709959254742,662,1609043709959254742,2.095102952490634e-01,1.516476118959549e-01,-1.438589910619922e+00,-8.208397944560309e-03,-7.656018513085280e-03,-4.370640808358766e-03,9.999274499095598e-01
1609043710061957836,663,1609043710061957836,1.803305701313030e-01,1.517774752013282e-01,-1.408769272383097e+00,-1.368344024517746e-02,-5.578999059046974e-03,-4.292708195612350e-03,9.998815984349863e-01
1609043710165129185,664,1609043710165129185,1.501999723485107e-01,1.417032988618973e-01,-1.371890640256531e+00,-1.471277274154748e-02,-3.964245273627570e-03,-4.013127727236302e-03,9.998758492350492e-01
1609043710268968582,665,1609043710268968582,1.190898137683305e-01,1.351720456060787e-01,-1.355377141446481e+00,-7.967219548424944e-03,-6.535983278992184e-03,-4.179631731948013e-03,9.999381655951678e-01
1609043710371849775,666,1609043710371849775,8.769057479860322e-02,1.241414815319398e-01,-1.330303810704428e+00,-1.799843409014124e-03,-1.088644511897725e-02,-3.979090786957932e-03,9.999312039899964e-01
1609043710422055483,667,1609043710422055483,6.888316632634553e-02,1.163018320709761e-01,-1.310741292120516e+00,2.111344693658880e-03,-1.677813412694048e-02,-4.270236327651042e-03,9.998478891914054e-01
1609043710523609161,668,1609043710523609161,3.867732374185849e-02,1.047483817803844e-01,-1.283308566607549e+00,4.614424189803586e-03,-2.499857959894291e-02,-4.218096327233170e-03,9.996679377527350e-01
1609043710646512508,669,1609043710646512508,1.500260261413740e-02,9.413427442644445e-02,-1.261670135319836e+00,5.979326819728082e-03,-2.537863288691682e-02,-4.218903626673452e-03,9.996511258913096e-01
1609043710729764223,670,1609043710729764223,2.849039472209427e-03,8.529881594533653e-02,-1.253647597329598e+00,6.548139884165649e-03,-2.339669361159498e-02,-4.192466862354986e-03,9.996960237060616e-01
1609043710832999706,671,1609043710832999706,-5.429754470502433e-03,7.545832121586821e-02,-1.252179849703191e+00,6.956734904612363e-03,-1.566831334375521e-02,-4.200890889286228e-03,9.998442180220702e-01
1609043710955821753,672,1609043710955821753,-1.711391636804100e-02,6.699545673719653e-02,-1.259849611475192e+00,8.844270408050813e-03,-5.064892757572124e-03,-4.021684447170882e-03,9.999399740967009e-01
1609043711039248943,673,1609043711039248943,-2.413153055495083e-02,6.363422684628570e-02,-1.264886385620861e+00,9.803642893487150e-03,2.019252289624088e-04,-4.088908322613860e-03,9.999435627278912e-01
1609043711162194729,674,1609043711162194729,-3.771740834399815e-02,6.198679707422136e-02,-1.272938751886461e+00,1.016057960372760e-02,4.791083489411301e-03,-4.208016344589273e-03,9.999280477812178e-01
1609043711265180111,675,1609043711265180111,-4.813164972025775e-02,6.256524121942214e-02,-1.276817276013373e+00,1.010732545287666e-02,4.516875644025842e-03,-4.251541676458579e-03,9.999296796275122e-01
1609043711368329525,676,1609043711368329525,-5.706834110775687e-02,5.999318642380512e-02,-1.280359491647527e+00,8.421449205764498e-03,-8.615843266746748e-05,-4.161260858580618e-03,9.999558768656076e-01
1609043711471470118,677,1609043711471470118,-6.409041749649076e-02,5.847182152753765e-02,-1.286749018094773e+00,7.121473646571564e-03,-4.189178431088576e-03,-4.227442140337333e-03,9.999569311375984e-01
1609043711521839380,678,1609043711521839380,-6.891496525503238e-02,6.057838309333090e-02,-1.293537233546242e+00,5.917860729097235e-03,-6.274680987756027e-03,-4.575078792532280e-03,9.999523368425792e-01
1609043711623539209,679,1609043711623539209,-7.632036827987169e-02,6.143272313177900e-02,-1.307524387829860e+00,6.046834537553302e-03,-7.599404165994115e-03,-4.613916158080250e-03,9.999421966424277e-01
1609043711726692915,680,1609043711726692915,-8.319107166043133e-02,6.040163274737031e-02,-1.323674300573282e+00,6.567500859148569e-03,-7.713122196579122e-03,-4.588886569623662e-03,9.999381569869693e-01
1609043711829643965,681,1609043711829643965,-9.117744224715614e-02,6.444435113777927e-02,-1.345461273069721e+00,6.552830838463159e-03,-7.626239987878440e-03,-4.717518565452280e-03,9.999383210429703e-01
1609043711932459354,682,1609043711932459354,-9.730747510309158e-02,6.836385930405658e-02,-1.374525862412840e+00,6.715220589503967e-03,-7.738147903880507e-03,-4.852524385565183e-03,9.999357378784596e-01
1609043712035746098,683,1609043712035746098,-1.012123599543949e-01,7.043537220191147e-02,-1.404885205204998e+00,6.686533967243962e-03,-7.866568209269975e-03,-5.018574401516269e-03,9.999341084686981e-01
1609043712139710426,684,1609043712139710426,-1.040832250708464e-01,7.752154424366423e-02,-1.432898027200365e+00,6.403711677931048e-03,-7.816678133755701e-03,-4.933989468468928e-03,9.999367718849149e-01
1609043712262036085,685,1609043712262036085,-1.014691094490725e-01,8.544039181770134e-02,-1.470612792156453e+00,5.414978563205573e-03,-7.567151601113636e-03,-4.998859402686409e-03,9.999442122581029e-01
1609043712345233440,686,1609043712345233440,-1.031861398290884e-01,9.078659938824901e-02,-1.486484906271822e+00,5.938191895755438e-03,-8.077895696759351e-03,-5.280095914204596e-03,9.999358009718715e-01
1609043712448355675,687,1609043712448355675,-1.021162479484451e-01,9.848194159376285e-02,-1.504301120965052e+00,5.675850689502980e-03,-8.258739616903652e-03,-5.224470976592520e-03,9.999361393818634e-01
1609043712551448584,688,1609043712551448584,-9.860445620891606e-02,1.069779996957676e-01,-1.522160426477484e+00,6.139944792849484e-03,-8.327694129319049e-03,-5.324289525685323e-03,9.999322989730235e-01
1609043712621744633,689,1609043712621744633,-9.526897062848583e-02,1.138919700016974e-01,-1.532918888033875e+00,6.457602760767354e-03,-8.255752530045700e-03,-5.520514557047672e-03,9.999298304560037e-01
1609043712723908663,690,1609043712723908663,-9.194562039758522e-02,1.185685390535748e-01,-1.543321219959235e+00,5.909164134199446e-03,-8.502315590408250e-03,-1.145403095085051e-02,9.998807916865956e-01
1609043712826998472,691,1609043712826998472,-8.798274823261175e-02,1.226947263968232e-01,-1.547310406447121e+00,5.870890256017192e-03,-8.306006907141287e-03,-2.471738401525539e-02,9.996427330923296e-01
1609043712949809551,692,1609043712949809551,-8.198314570280316e-02,1.302860866360304e-01,-1.556025863907464e+00,6.447863495791704e-03,-8.961398122482757e-03,-3.740967802635348e-02,9.992390276555427e-01
1609043713032927275,693,1609043713032927275,-7.511383373247794e-02,1.378185427910443e-01,-1.561863118432013e+00,6.744694978508010e-03,-9.502499260086679e-03,-4.446974356677205e-02,9.989427678824070e-01
1609043713135819674,694,1609043713135819674,-6.387082340355210e-02,1.485356896632224e-01,-1.563869638999908e+00,6.810687674090717e-03,-1.011961174994066e-02,-5.254499730612899e-02,9.985440557379205e-01
1609043713258217573,695,1609043713258217573,-5.489592915902938e-02,1.574496288832426e-01,-1.565627332001146e+00,6.658076614752861e-03,-1.093286361781730e-02,-6.020683749664921e-02,9.981038419060205e-01
1609043713361804247,696,1609043713361804247,-3.887495946363275e-02,1.648828925044482e-01,-1.561927089282319e+00,6.784742726930388e-03,-1.188703873388362e-02,-6.680054982508125e-02,9.976724673555621e-01
1609043713464713097,697,1609043713464713097,-2.864342445651995e-02,1.718539899509305e-01,-1.558813592940020e+00,7.162174777802273e-03,-1.085855327480740e-02,-7.276512265586242e-02,9.972642739004078e-01
1609043713567979336,698,1609043713567979336,-1.334765845431389e-02,1.830865296562701e-01,-1.552833851914612e+00,6.778541658292218e-03,-1.032866897059855e-02,-8.094975765431754e-02,9.966416139746473e-01
1609043713651207924,699,1609043713651207924,-1.177496914664365e-03,1.923222762818958e-01,-1.549250908120285e+00,6.860289241061572e-03,-1.012858985056584e-02,-8.849408246973695e-02,9.960015790484508e-01
1609043713721420050,700,1609043713721420050,1.222124196778159e-02,2.000144686715435e-01,-1.542909422535957e+00,7.251583538653772e-03,-1.032041653342026e-02,-9.639403483078506e-02,9.952633287667140e-01
1609043713843058348,701,1609043713843058348,3.614366943946523e-02,2.153364678977924e-01,-1.536735885893238e+00,7.098475917368705e-03,-1.328832296608461e-02,-1.049644978758572e-01,9.943618487744131e-01
1609043713946099520,702,1609043713946099520,5.652354477902554e-02,2.366635431422286e-01,-1.537057156037745e+00,6.661988101918808e-03,-1.646144823203568e-02,-1.111445522388171e-01,9.936455742085639e-01
1609043714049478531,703,1609043714049478531,7.955758472489102e-02,2.519641817969975e-01,-1.544005267672150e+00,6.055003609438734e-03,-1.986046963519869e-02,-1.175641351899690e-01,9.928482123639010e-01
1609043714132535458,704,1609043714132535458,1.024006416440074e-01,2.677795711816850e-01,-1.554993731577063e+00,5.728102724770905e-03,-2.155696938097590e-02,-1.213627362069539e-01,9.923575828151078e-01
1609043714235727072,705,1609043714235727072,1.284524160964496e-01,2.760555146466991e-01,-1.569601169838972e+00,5.638903204886578e-03,-2.217398055530573e-02,-1.252285524026866e-01,9.918640668055811e-01
1609043714338772058,706,1609043714338772058,1.600425886576455e-01,2.851938033297581e-01,-1.587329968685297e+00,5.617074243784027e-03,-2.060471620853545e-02,-1.282829760564813e-01,9.915076258914995e-01
1609043714461758614,707,1609043714461758614,2.021858524188809e-01,3.073832793571749e-01,-1.611989848395925e+00,5.563493334138487e-03,-1.962135917967793e-02,-1.304553124697847e-01,9.912444003646497e-01
1609043714544987202,708,1609043714544987202,2.304973480898190e-01,3.235827298646680e-01,-1.632369499867701e+00,5.682474156857929e-03,-2.058091462940138e-02,-1.307890126648068e-01,9.911802911714089e-01
1609043714668884516,709,1609043714668884516,2.816995412815104e-01,3.460478064812043e-01,-1.661154763195055e+00,5.837080420158709e-03,-1.958655311401265e-02,-1.311066284951923e-01,9.911575794967742e-01
1609043714771404266,710,1609043714771404266,3.298352548761651e-01,3.593985910171541e-01,-1.684633650001482e+00,5.964206719334510e-03,-2.057283546311144e-02,-1.310548062183761e-01,9.911436951553900e-01
1609043714822415352,711,1609043714822415352,3.627654533749190e-01,3.681944636934423e-01,-1.693534822613713e+00,6.124389207247611e-03,-2.321366908470636e-02,-1.311083315919207e-01,9.910773041552545e-01
1609043714923628330,712,1609043714923628330,4.210068263415353e-01,3.852186173855079e-01,-1.717404066018847e+00,6.464485807793229e-03,-2.132641995387821e-02,-1.313944438811098e-01,9.910796609518155e-01
1609043715026370764,713,1609043715026370764,4.792468342076079e-01,3.999236759476950e-01,-1.741953435245663e+00,7.071616001756776e-03,-2.105051974810316e-02,-1.315739811833496e-01,9.910575943612067e-01
1609043715129484177,714,1609043715129484177,5.346146676009144e-01,4.166393570971279e-01,-1.768597834000124e+00,7.619810814433928e-03,-2.305445395995872e-02,-1.314630640070706e-01,9.910236593732933e-01
1609043715232637405,715,1609043715232637405,5.939555673743049e-01,4.275458021093019e-01,-1.796035902571263e+00,7.586700708585383e-03,-2.268425025015828e-02,-1.313320882627229e-01,9.910498218331402e-01
1609043715335982800,716,1609043715335982800,6.587082458993662e-01,4.411439352740540e-01,-1.817390153906076e+00,7.734481994075388e-03,-2.143845582235911e-02,-1.312587261727111e-01,9.910861300632520e-01
1609043715438799143,717,1609043715438799143,7.231737249572359e-01,4.548405248556148e-01,-1.827839135610018e+00,7.739311094817673e-03,-2.066877562474101e-02,-1.314236166503213e-01,9.910805909533801e-01
1609043715542242527,718,1609043715542242527,7.922740857306166e-01,4.706395874284148e-01,-1.838423421707625e+00,7.854543243648088e-03,-1.965001931422027e-02,-1.314578241154688e-01,9.910958699188545e-01
1609043715645203114,719,1609043715645203114,8.626049291883424e-01,4.889211357478987e-01,-1.846762141034842e+00,7.831316365427575e-03,-2.072423801025769e-02,-1.312863437047781e-01,9.910969036373334e-01
1609043715768137693,720,1609043715768137693,9.515443448144297e-01,5.081777570355183e-01,-1.852326744004063e+00,7.950783957152926e-03,-1.999474216109470e-02,-1.314461442531883e-01,9.910897570257439e-01
1609043715871339321,721,1609043715871339321,1.029930340717937e+00,5.270484729833239e-01,-1.860504687770475e+00,7.919724254582528e-03,-1.820557418845635e-02,-1.316188436847431e-01,9.911015664518400e-01
1609043715941615343,722,1609043715941615343,1.099822632041800e+00,5.458987848859276e-01,-1.867775925346341e+00,7.634197643200866e-03,-1.758209052511630e-02,-1.314589115176547e-01,9.911362891659777e-01
1609043716024034739,723,1609043716024034739,1.173648335294517e+00,5.607181341219128e-01,-1.874328746375220e+00,7.772495842511966e-03,-1.726675402945295e-02,-1.318547364726381e-01,9.910881777033745e-01
1609043716146649599,724,1609043716146649599,1.278742252597555e+00,5.820753099183191e-01,-1.879308428064182e+00,7.469981731938712e-03,-1.816553074778793e-02,-1.318033580791630e-01,9.910812719775466e-01
1609043716249601126,725,1609043716249601126,1.365446767013060e+00,5.971971835155182e-01,-1.884316249892279e+00,7.371148612696220e-03,-1.908874447085956e-02,-1.319048873992635e-01,9.910511524047805e-01
1609043716352329731,726,1609043716352329731,1.449698417504093e+00,6.122314140076999e-01,-1.890514560851140e+00,7.217893694890337e-03,-1.987893388373725e-02,-1.318379533669405e-01,9.910456518497378e-01
1609043716455022573,727,1609043716455022573,1.533800990184296e+00,6.249442638541607e-01,-1.892240941333965e+00,7.443806736856596e-03,-2.131169047303387e-02,-1.317538191018820e-01,9.910253946002163e-01
1609043716538772583,728,1609043716538772583,1.607092401817962e+00,6.395404713118314e-01,-1.891747484505082e+00,7.718304171440107e-03,-2.236343528702484e-02,-1.316527260071174e-01,9.910135540333316e-01
1609043716642061710,729,1609043716642061710,1.701468215121939e+00,6.585759197200302e-01,-1.894166331425936e+00,7.799483435327531e-03,-2.207424877406674e-02,-1.318732915449981e-01,9.909900759222015e-01
1609043716745297432,730,1609043716745297432,1.798021948841816e+00,6.777711414230294e-01,-1.895569608047420e+00,8.377977332858407e-03,-2.190633157581939e-02,-1.319288657065458e-01,9.909816832444910e-01
1609043716848921061,731,1609043716848921061,1.901093983557900e+00,6.986118247162326e-01,-1.899021251002061e+00,8.199941683263426e-03,-2.119643916052910e-02,-1.322711917403180e-01,9.909529775720446e-01
1609043716971403360,732,1609043716971403360,2.027419328520783e+00,7.219155453970002e-01,-1.903223389703210e+00,7.814522519579280e-03,-2.182045483204617e-02,-1.324353350701065e-01,9.909206239722647e-01
1609043717021895647,733,1609043717021895647,2.097940346702362e+00,7.336733263231004e-01,-1.899816488674164e+00,8.099332489913231e-03,-2.268915168532524e-02,-1.325794056043686e-01,9.908795610055797e-01
1609043717123335600,734,1609043717123335600,2.217325895713852e+00,7.520986127216478e-01,-1.897001186789104e+00,7.566004638417344e-03,-2.324704579015932e-02,-1.325944336174797e-01,9.908688342104123e-01
1609043717226399660,735,1609043717226399660,2.334386298407596e+00,7.683213577448146e-01,-1.894509970851621e+00,7.041685155885704e-03,-2.186127204005848e-02,-1.326452031412608e-01,9.908974465294426e-01
1609043717349519968,736,1609043717349519968,2.475866092716629e+00,7.900226567130398e-01,-1.898749278719838e+00,3.296152009036005e-03,-2.017807653138239e-02,-1.330562757774806e-01,9.908975769905052e-01
1609043717432590008,737,1609043717432590008,2.564654704135287e+00,8.087215656472257e-01,-1.903434354311979e+00,-7.348342327559329e-03,-1.790015899687589e-02,-1.334466267544383e-01,9.908670869399110e-01
1609043717555577755,738,1609043717555577755,2.705260522161300e+00,8.254489683223677e-01,-1.906971022463329e+00,-3.216051826894396e-02,-1.436239077965535e-02,-1.340821212626793e-01,9.903440854336767e-01
1609043717638833523,739,1609043717638833523,2.795207805645450e+00,8.336430087920610e-01,-1.898722373975993e+00,-3.999197150675003e-02,-1.310170672986598e-02,-1.343647759667796e-01,9.900379257761619e-01
1609043717741952658,740,1609043717741952658,2.913969388619165e+00,8.301938164363913e-01,-1.907218150530897e+00,-4.029457992910558e-02,-1.243837482241691e-02,-1.345979338376742e-01,9.900025403334797e-01
1609043717845412970,741,1609043717845412970,3.032220840257096e+00,8.187091973785944e-01,-1.914448969941881e+00,-3.418477381187569e-02,-1.339020104086123e-02,-1.347580471698035e-01,9.901981480888041e-01
1609043717969132423,742,1609043717969132423,3.173554366508618e+00,7.970684042576311e-01,-1.925397601601050e+00,-1.935218362052140e-02,-1.280500581049011e-02,-1.343654490017620e-01,9.906601086799982e-01
1609043718051603317,743,1609043718051603317,3.263549384773352e+00,7.812011843682571e-01,-1.926062743444964e+00,-1.108147192618762e-02,-9.229494043321891e-03,-1.343339739737964e-01,9.908311666757667e-01
1609043718122291327,744,1609043718122291327,3.361214516644095e+00,7.604145815375268e-01,-1.927729057905939e+00,-3.826791926659768e-03,4.947421092155668e-04,-1.345308509029895e-01,9.909018927467608e-01
1609043718223676205,745,1609043718223676205,3.489457370596891e+00,7.355634022041750e-01,-1.930624344245055e+00,-7.274510439871693e-04,9.533253609532600e-03,-1.347229559216565e-01,9.908371778644189e-01
1609043718326494932,746,1609043718326494932,3.601166365773779e+00,7.092761287140644e-01,-1.937589546717812e+00,3.906472559287581e-03,2.148467206434573e-02,-1.347951285775582e-01,9.906328389722353e-01
1609043718429646254,747,1609043718429646254,3.705244567741164e+00,6.843499429054335e-01,-1.946919196531792e+00,3.690400118839499e-03,2.863476350180531e-02,-1.351887611884139e-01,9.903991266729291e-01
1609043718532711267,748,1609043718532711267,3.799186647861130e+00,6.575614325769360e-01,-1.947744466393936e+00,4.140066429297597e-03,2.538354210328141e-02,-1.354062952161930e-01,9.904562942684938e-01
1609043718635797501,749,1609043718635797501,3.887338625106513e+00,6.389115636688796e-01,-1.946010716269610e+00,3.126486055010053e-03,1.722353140590663e-02,-1.355909720932851e-01,9.906102479470196e-01
1609043718739038706,750,1609043718739038706,3.970635877984304e+00,6.136379211682634e-01,-1.945840588861576e+00,3.536831986939794e-03,1.235386166111769e-02,-1.356869045596319e-01,9.906684293206176e-01
1609043718841913700,751,1609043718841913700,4.055191993106942e+00,5.961840162247518e-01,-1.950428241585022e+00,-4.565632082825084e-03,2.503088746502402e-03,-1.359453231059457e-01,9.907026590637735e-01
1609043718945111275,752,1609043718945111275,4.137365837242323e+00,5.742510397186148e-01,-1.955720140596671e+00,-1.518036299914790e-02,-6.492248109369765e-03,-1.362489793506270e-01,9.905370376314118e-01
1609043719068109274,753,1609043719068109274,4.230478489253491e+00,5.407331099141788e-01,-1.955502271924668e+00,-3.084830821658954e-02,-3.855550585282563e-03,-1.363905668756619e-01,9.901672231886866e-01
1609043719151343346,754,1609043719151343346,4.292589484593665e+00,5.115124125328830e-01,-1.943811807271139e+00,-3.517667378718972e-02,-2.008743623686408e-03,-1.364382961049081e-01,9.900217966925341e-01
1609043719221827507,755,1609043719221827507,4.353763550934720e+00,4.820203616291197e-01,-1.949332783840318e+00,-3.769235138472500e-02,3.162719418297189e-03,-1.367741795371535e-01,9.898798450644958e-01
1609043719323509216,756,1609043719323509216,4.434157855175849e+00,4.313050805426868e-01,-1.954067772522156e+00,-3.421048808986578e-02,1.166814587523551e-02,-1.372737867305263e-01,9.898734284509052e-01
1609043719426694155,757,1609043719426694155,4.507098597982020e+00,3.772450231601126e-01,-1.962490453931914e+00,-3.270400614148404e-02,2.513692531751643e-02,-1.373702147265675e-01,9.896605514386517e-01
1609043719549403429,758,1609043719549403429,4.578612930453715e+00,3.030574329588418e-01,-1.966620520623473e+00,-3.094660293570379e-02,3.192650081502252e-02,-1.374373594552639e-01,9.895119900933049e-01
1609043719632731438,759,1609043719632731438,4.619369619027204e+00,2.522310612696087e-01,-1.964599187505249e+00,-2.946276089399872e-02,3.900509831554319e-02,-1.373723196844705e-01,9.893125865015594e-01
1609043719735538244,760,1609043719735538244,4.657652227244908e+00,1.896103921404027e-01,-1.964908823540931e+00,-2.357405059977431e-02,4.745378959499703e-02,-1.378728651040686e-01,9.890315844599648e-01
1609043719839265823,761,1609043719839265823,4.686630570617644e+00,1.201623711731589e-01,-1.959449726644463e+00,-1.408412449055142e-02,4.618011309367216e-02,-1.379097949758437e-01,9.892673668132953e-01
1609043719961429834,762,1609043719961429834,4.711522621152404e+00,3.581483783295173e-02,-1.941211017156949e+00,-5.431965391098057e-03,3.240361974082373e-02,-1.381103008898128e-01,9.898717310681255e-01
1609043720044934034,763,1609043720044934034,4.718907426570988e+00,-2.156730939427300e-02,-1.930849792455386e+00,6.116789769299694e-04,2.050274398360085e-02,-1.377507334182175e-01,9.902545121233810e-01
1609043720148332834,764,1609043720148332834,4.732086514334535e+00,-8.975138561183202e-02,-1.918603575205721e+00,6.153793458081925e-03,1.022550454206832e-02,-1.377949160088640e-01,9.903888786759701e-01
1609043720251762390,765,1609043720251762390,4.735622402646462e+00,-1.589892670922448e-01,-1.904307240363645e+00,7.027555842798080e-03,6.920571841078773e-03,-1.379212446877253e-01,9.903940879306871e-01
1609043720321877718,766,1609043720321877718,4.742266989086110e+00,-2.192423115490301e-01,-1.889283559006102e+00,6.189144858894265e-03,2.049588423817856e-03,-1.382668818387631e-01,9.903735472334639e-01
1609043720423525095,767,1609043720423525095,4.748349256506916e+00,-2.937608063579057e-01,-1.878352432496394e+00,5.819247513285089e-03,-1.262805657397163e-04,-1.384010318403348e-01,9.903591645444235e-01
1609043720526610374,768,1609043720526610374,4.755327366268345e+00,-3.637370726216677e-01,-1.874909964168154e+00,6.113440824628010e-03,6.363911900026254e-03,-1.386579820557916e-01,9.903010100362557e-01
1609043720649270535,769,1609043720649270535,4.758021100785178e+00,-4.404929945380773e-01,-1.874383892036886e+00,6.379767829490123e-03,1.639133436227705e-02,-1.391070653669583e-01,9.901211274815110e-01
1609043720752386570,770,1609043720752386570,4.752371479035319e+00,-5.002740961712574e-01,-1.877302918140151e+00,6.662380920454911e-03,1.882327991369785e-02,-1.392762680042451e-01,9.900522299275787e-01
1609043720836080790,771,1609043720836080790,4.747728969220319e+00,-5.447069686722928e-01,-1.887517672974436e+00,6.682855471146346e-03,1.660080303590850e-02,-1.395705445892131e-01,9.900504107692624e-01
1609043720938936234,772,1609043720938936234,4.733415282674470e+00,-6.002653873701720e-01,-1.904548062340297e+00,5.596169412318447e-03,7.519403052730063e-03,-1.393856733114337e-01,9.901938070605963e-01
1609043721041929722,773,1609043721041929722,4.717549886103233e+00,-6.534440636532253e-01,-1.925388034691404e+00,3.599122748851458e-03,-1.998617816228811e-03,-1.392977579045520e-01,9.902419838024583e-01
1609043721144962072,774,1609043721144962072,4.707623793345524e+00,-7.025271959619019e-01,-1.950527265911206e+00,8.956985869863919e-04,-8.716718796698216e-03,-1.392520681950885e-01,9.902181971872921e-01
1609043721267967939,775,1609043721267967939,4.696296319048136e+00,-7.734897080802167e-01,-1.962552780106366e+00,-8.167087419244299e-03,-1.162819535878192e-02,-1.392606511034243e-01,9.901538036133753e-01
1609043721351165056,776,1609043721351165056,4.687846638167443e+00,-8.196599941780335e-01,-1.971639600592270e+00,-1.178412934854351e-02,-1.197695343773302e-02,-1.394445583552846e-01,9.900873204050977e-01
1609043721441349268,777,1609043721441349268,4.679090644433629e+00,-8.843191803527918e-01,-1.978801306574356e+00,-1.818345308666573e-02,-1.009260794576683e-02,-1.397194228184483e-01,9.899727189099595e-01
1609043721523101091,778,1609043721523101091,4.669908960464309e+00,-9.413444463822307e-01,-1.982198562736750e+00,-1.854433645535036e-02,-8.805595607235091e-03,-1.398105882706691e-01,9.899654380223797e-01
1609043721626147985,779,1609043721626147985,4.659183994592261e+00,-1.010063991947619e+00,-1.983432709002764e+00,-1.453754509088519e-02,-8.392798131579886e-03,-1.397673645913445e-01,9.900420720946373e-01
1609043721729429245,780,1609043721729429245,4.653265265793430e+00,-1.078472963683162e+00,-1.982258533425930e+00,-1.447876325226409e-02,-7.703741683444664e-03,-1.399852085972594e-01,9.900177569886014e-01
1609043721832301140,781,1609043721832301140,4.647031934808263e+00,-1.147850037991732e+00,-1.982887921341817e+00,-1.485174566276090e-02,-7.095491818728867e-03,-1.401705065673221e-01,9.899905599223052e-01
1609043721935419321,782,1609043721935419321,4.640320291725282e+00,-1.220151783010159e+00,-1.986287588262864e+00,-1.594394240198983e-02,-6.927933284072472e-03,-1.404643181759698e-01,9.899331137811551e-01
1609043722038964748,783,1609043722038964748,4.631703385782421e+00,-1.297955524731014e+00,-1.982978078265595e+00,-1.769417567364422e-02,-6.570127323431043e-03,-1.405075878228368e-01,9.898996753905882e-01
1609043722141617537,784,1609043722141617537,4.625280956040947e+00,-1.378214280341443e+00,-1.989986719738883e+00,-1.570781018011975e-02,-7.012275447221634e-03,-1.405039926626037e-01,9.899306646115498e-01
1609043722264835119,785,1609043722264835119,4.618436788316335e+00,-1.480662300590862e+00,-2.007513130371254e+00,-1.310417475526645e-02,-7.594427096715702e-03,-1.402795701773735e-01,9.899960845740288e-01
1609043722367789984,786,1609043722367789984,4.612545037762723e+00,-1.565376386971281e+00,-2.012609930057038e+00,-1.220788601168445e-02,-6.529069130087368e-03,-1.404192174897877e-01,9.899953445016678e-01
1609043722471317768,787,1609043722471317768,4.607785648031845e+00,-1.656026743845921e+00,-2.020958012500802e+00,-1.219367011508158e-02,-5.179859321011898e-03,-1.405010208655100e-01,9.899918921901778e-01
1609043722541359901,788,1609043722541359901,4.601411099990535e+00,-1.733336373479954e+00,-2.026253899420626e+00,-1.052041750962811e-02,-2.977590715329219e-03,-1.408091692333858e-01,9.899763798337609e-01
1609043722643359184,789,1609043722643359184,4.594939710966310e+00,-1.836030271798886e+00,-2.033478266747345e+00,-8.317385231444726e-03,3.375544775458989e-03,-1.409709864493956e-01,9.899730338649962e-01
1609043722746267080,790,1609043722746267080,4.584178602971498e+00,-1.942636101363302e+00,-2.040638002589878e+00,-7.099531767290437e-03,6.815093214378346e-03,-1.410143248592721e-01,9.899586412258081e-01
1609043722849232912,791,1609043722849232912,4.573974207859709e+00,-2.041962883865676e+00,-2.045265369175822e+00,-6.278108590762795e-03,7.473274793891399e-03,-1.408905052226209e-01,9.899770709741171e-01
1609043722951803923,792,1609043722951803923,4.558128187114709e+00,-2.132062817505733e+00,-2.050417528048537e+00,-6.421846371600455e-03,7.883898504066551e-03,-1.410479431329791e-01,9.899505451140037e-01
1609043723054854393,793,1609043723054854393,4.546809656382226e+00,-2.218687534587674e+00,-2.056250089896359e+00,-7.664753941079927e-03,7.175707392231518e-03,-1.413875364515975e-01,9.898986439563355e-01
1609043723138460398,794,1609043723138460398,4.533992217915056e+00,-2.295887355119525e+00,-2.060511700462143e+00,-9.492149918556419e-03,6.477670352316030e-03,-1.415381430595042e-01,9.898660984880722e-01
1609043723261681080,795,1609043723261681080,4.512307275702551e+00,-2.412210173942684e+00,-2.063435426165237e+00,-1.292693711681720e-02,7.490063545880314e-03,-1.416446548118740e-01,9.898048216734860e-01
1609043723345028877,796,1609043723345028877,4.494695719617611e+00,-2.491670233279835e+00,-2.064238573945123e+00,-1.278498627511620e-02,8.499835962223283e-03,-1.417967569407494e-01,9.897767307002354e-01
1609043723448171377,797,1609043723448171377,4.471900883041140e+00,-2.591509980962044e+00,-2.068042601303099e+00,-1.130114997330895e-02,9.991532645159918e-03,-1.417241061120303e-01,9.897912562916624e-01
1609043723551355124,798,1609043723551355124,4.445432920984790e+00,-2.692609824480945e+00,-2.066944526695775e+00,-8.913073610522158e-03,7.062102873216906e-03,-1.415691198544013e-01,9.898630552381837e-01
1609043723641623020,799,1609043723641623020,4.414693568854164e+00,-2.804286919034291e+00,-2.061496186281475e+00,-5.632695618494244e-03,4.638347046811101e-03,-1.451483417363922e-01,9.893829983216400e-01
1609043723723853588,800,1609043723723853588,4.386254294875000e+00,-2.900123214352693e+00,-2.058143942592504e+00,-3.652262561626084e-03,3.498254333614863e-03,-1.494042317981171e-01,9.887632672766584e-01
1609043723846128464,801,1609043723846128464,4.347112842366300e+00,-3.036939507672229e+00,-2.048641342958438e+00,-3.583757784748265e-04,-6.337046501191791e-03,-1.554671723505913e-01,9.878206677984394e-01
1609043723929574013,802,1609043723929574013,4.321272674751628e+00,-3.118149603543115e+00,-2.045365388545125e+00,-3.152237292097572e-04,-9.516647961026411e-03,-1.568282123269426e-01,9.875799946657090e-01
1609043724052402258,803,1609043724052402258,4.288567516287032e+00,-3.241699693364755e+00,-2.042267078650183e+00,-4.329199960321745e-04,-1.150711075981717e-02,-1.570814628085800e-01,9.875185127500927e-01
1609043724155441761,804,1609043724155441761,4.261233482356817e+00,-3.342629871789100e+00,-2.040883084331585e+00,-4.209264686820420e-04,-1.094610565138234e-02,-1.585389104984598e-01,9.872919626179169e-01
1609043724238831282,805,1609043724238831282,4.239918409883685e+00,-3.428003367347077e+00,-2.038989505581060e+00,9.071066528067806e-05,-6.177538831291669e-03,-1.608392773904740e-01,9.869612741308917e-01
1609043724342029810,806,1609043724342029810,4.215000621890351e+00,-3.533755835718623e+00,-2.039804471036831e+00,1.758121855277998e-03,2.477102864179498e-03,-1.650331462160468e-01,9.862833434763943e-01
1609043724444974422,807,1609043724444974422,4.182590199546193e+00,-3.636125382265238e+00,-2.041464963166637e+00,3.568492440865022e-03,1.236981537606614e-02,-1.689526057344733e-01,9.855400907851456e-01
1609043724548002243,808,1609043724548002243,4.150561864293319e+00,-3.735977773968797e+00,-2.039917415071012e+00,4.909949250283542e-03,1.797023265002384e-02,-1.721525708519674e-01,9.848941341514437e-01
1609043724651373625,809,1609043724651373625,4.114891931546746e+00,-3.835012030231809e+00,-2.023467570901631e+00,6.533650565692356e-03,1.732343891713900e-02,-1.749129706721103e-01,9.844098041796552e-01
1609043724741078615,810,1609043724741078615,4.074699133169496e+00,-3.937955593404108e+00,-2.007091253315874e+00,2.169308531841994e-02,7.048616920902817e-03,-1.797193551094386e-01,9.834534459993099e-01
1609043724822855473,811,1609043724822855473,4.040488959191460e+00,-4.023590828992095e+00,-1.994108954849873e+00,2.783349650613458e-02,2.250045794133342e-03,-1.845187425857840e-01,9.824322202578295e-01
1609043724926495552,812,1609043724926495552,4.000661740920865e+00,-4.119790481408885e+00,-1.981520559636757e+00,2.614612083162633e-02,-2.359330492155349e-03,-1.912661979338013e-01,9.811870644545997e-01
1609043725049644709,813,1609043725049644709,3.956154069970888e+00,-4.220154279367186e+00,-1.967846865071308e+00,2.216450208270536e-02,-6.076802155195422e-03,-2.014348333010318e-01,9.792322580756712e-01
1609043725132559061,814,1609043725132559061,3.924438328743602e+00,-4.282538560813430e+00,-1.958986552210030e+00,1.994487989546691e-02,-7.607982583304584e-03,-2.096631779004673e-01,9.775406243218971e-01
1609043725235973120,815,1609043725235973120,3.886707350794202e+00,-4.357302287872207e+00,-1.949441763074058e+00,1.978903840085689e-02,-9.240430386457818e-03,-2.210939059770484e-01,9.750079451703225e-01
1609043725338897467,816,1609043725338897467,3.852646404093466e+00,-4.429661950732586e+00,-1.944143660251455e+00,1.653381467703258e-02,-6.728514304324370e-03,-2.334204834340403e-01,9.722120334479002e-01
1609043725440591097,817,1609043725440591097,3.818428327523126e+00,-4.499201500898113e+00,-1.943015074789679e+00,1.247700898035121e-02,-9.084461815672536e-05,-2.452747176696006e-01,9.693733175955780e-01
1609043725564893246,818,1609043725564893246,3.775945539764674e+00,-4.580999557862429e+00,-1.943826425101340e+00,1.205952662522187e-02,1.478567358867263e-02,-2.603214067784869e-01,9.653334744257936e-01
1609043725668532848,819,1609043725668532848,3.734394410954637e+00,-4.642284524046739e+00,-1.950377539385162e+00,1.576862306250399e-02,2.945480826872326e-02,-2.717750022528622e-01,9.617806989886115e-01
1609043725748440981,820,1609043725748440981,3.695198500243645e+00,-4.688370461326207e+00,-1.962310875306571e+00,1.866529757348743e-02,3.976512350377958e-02,-2.799269936068473e-01,9.590157557983364e-01
1609043725820580959,821,1609043725820580959,3.649989137166601e+00,-4.735786762088608e+00,-1.960569252467560e+00,2.180988601279420e-02,4.250521010131061e-02,-2.916004273725732e-01,9.553464433086486e-01
1609043725942660093,822,1609043725942660093,3.575398160796691e+00,-4.798523891645257e+00,-1.955162637920941e+00,2.117536095072413e-02,3.440362841486514e-02,-3.058703094197366e-01,9.512157211989155e-01
1609043726045987844,823,1609043726045987844,3.511668136460549e+00,-4.843536248584401e+00,-1.949493810953211e+00,2.448370818903371e-02,1.897419679324249e-02,-3.177407936920728e-01,9.476715232153476e-01
1609043726129515409,824,1609043726129515409,3.456610294518142e+00,-4.873329799572202e+00,-1.947580189429277e+00,2.733154739918146e-02,7.398566255988231e-03,-3.271502760392344e-01,9.445480107551838e-01
1609043726232758284,825,1609043726232758284,3.399347085310668e+00,-4.905831057314480e+00,-1.941180808082592e+00,2.996930622748159e-02,-3.749691442578339e-03,-3.380987213692511e-01,9.406258741427468e-01
1609043726336080551,826,1609043726336080551,3.336545858717603e+00,-4.932178888824709e+00,-1.941574877454776e+00,2.762148757065724e-02,-9.295894004341481e-03,-3.490753015672970e-01,9.366413794055571e-01
1609043726459807634,827,1609043726459807634,3.264287660515135e+00,-4.955209082136721e+00,-1.940013251276944e+00,2.018676774721233e-02,-1.230066013843262e-02,-3.622968515072265e-01,9.317629417164162e-01
1609043726542237282,828,1609043726542237282,3.215971132601151e+00,-4.965781509515756e+00,-1.938521594667932e+00,1.561526049250545e-02,-1.187460585398162e-02,-3.710695387612823e-01,9.283978429418355e-01
1609043726645415545,829,1609043726645415545,3.160986240982796e+00,-4.980528487388054e+00,-1.940615096594573e+00,1.118165681769677e-02,-1.034390860266551e-02,-3.817511610623969e-01,9.241396134422238e-01
1609043726768993616,830,1609043726768993616,3.094500429988138e+00,-4.998911219356008e+00,-1.937890338712562e+00,1.620598909317018e-02,-5.541793727728370e-03,-3.943506640247589e-01,9.188004180577102e-01
1609043726871612787,831,1609043726871612787,3.038867192293728e+00,-5.012409683367607e+00,-1.947288029532089e+00,2.048748746407272e-02,5.247842636644721e-04,-4.047054714601339e-01,9.142174078571884e-01
1609043726922170162,832,1609043726922170162,3.002077929296640e+00,-5.020717132215743e+00,-1.952838618529763e+00,2.319390645498771e-02,4.108979191423529e-03,-4.123824035154900e-01,9.107062711237632e-01
1609043727024109125,833,1609043727024109125,2.943155483670130e+00,-5.029665745025132e+00,-1.954584334691532e+00,2.433692253772594e-02,4.337901910996752e-03,-4.225434468607939e-01,9.060054813980999e-01
1609043727126646757,834,1609043727126646757,2.889902367069454e+00,-5.026801053351676e+00,-1.954178032487272e+00,2.268738733227464e-02,2.761425431133500e-03,-4.319529179478013e-01,9.016065292920209e-01
1609043727229709625,835,1609043727229709625,2.840355339626476e+00,-5.019570325473705e+00,-1.956215894526875e+00,2.117209049162368e-02,5.269802281117760e-04,-4.411524028479382e-01,8.971822681805209e-01
1609043727352536440,836,1609043727352536440,2.781092138295689e+00,-5.008634791977427e+00,-1.959569458239777e+00,1.522781807537310e-02,8.855149317826448e-04,-4.505995474838146e-01,8.925958644466994e-01
1609043727435457706,837,1609043727435457706,2.744037176541519e+00,-4.998426795723045e+00,-1.963134374514980e+00,1.098795797647691e-02,6.806799285035759e-04,-4.537798892987210e-01,8.910457976571028e-01
1609043727538542747,838,1609043727538542747,2.695731189308397e+00,-4.983307232231418e+00,-1.965597236200970e+00,7.140036184519653e-03,3.040553101850324e-04,-4.544859832964890e-01,8.907252204920862e-01
1609043727641608238,839,1609043727641608238,2.650210484755118e+00,-4.967409229990611e+00,-1.971129071589355e+00,3.090132745525746e-03,9.310596905851487e-04,-4.543391054057450e-01,8.908229686680598e-01
1609043727744752407,840,1609043727744752407,2.605586153708304e+00,-4.951604192974790e+00,-1.973546029713401e+00,-1.669511372014644e-03,2.707480950352499e-03,-4.540990047533912e-01,8.909455517374010e-01
1609043727867886305,841,1609043727867886305,2.547565792644741e+00,-4.935538223310776e+00,-1.970028311502467e+00,-1.379251778413412e-04,-4.591796265519075e-03,-4.536798757929206e-01,8.911528862570224e-01
1609043727971295595,842,1609043727971295595,2.500190064863335e+00,-4.919677694881120e+00,-1.964979873854890e+00,-5.122906515201673e-05,-1.607669118379752e-02,-4.536999411571980e-01,8.910094841078398e-01
1609043728021791697,843,1609043728021791697,2.472011582852769e+00,-4.913446475087949e+00,-1.955871192165456e+00,9.564429104267418e-04,-2.558788069946605e-02,-4.538570650854505e-01,8.907065229638156e-01
1609043728143868446,844,1609043728143868446,2.413023508229989e+00,-4.903339607814942e+00,-1.942705131019349e+00,-3.603820976916998e-03,-4.298752566202003e-02,-4.535966833014116e-01,8.901624200165846e-01
1609043728226771355,845,1609043728226771355,2.383125049627094e+00,-4.895464986933964e+00,-1.939701069044035e+00,-5.903663700726663e-03,-5.057105399338984e-02,-4.538581323050605e-01,8.896181827016962e-01
1609043728329755545,846,1609043728329755545,2.353589078616564e+00,-4.896279739764984e+00,-1.936803939084159e+00,-8.023475774818840e-03,-5.614926315388775e-02,-4.535924535062792e-01,8.894024793117682e-01
1609043728432860851,847,1609043728432860851,2.333326568725171e+00,-4.905015835317254e+00,-1.935948551495043e+00,-8.494541639048850e-03,-5.855954380543889e-02,-4.535903438890687e-01,8.892437362850738e-01
1609043728536025524,848,1609043728536025524,2.321631563196694e+00,-4.920507619087872e+00,-1.939103044446955e+00,-6.153546235205955e-03,-5.097303069426092e-02,-4.537664490689410e-01,8.896403170438811e-01
1609043728639389277,849,1609043728639389277,2.314386280039966e+00,-4.942519701847528e+00,-1.948066016106727e+00,-7.255000439918880e-03,-3.072177711809678e-02,-4.541254138018740e-01,8.903783723331331e-01
1609043728741985559,850,1609043728741985559,2.308171424618075e+00,-4.963536696620553e+00,-1.957219934505302e+00,-1.281608690024788e-02,-1.239408030134126e-02,-4.544288578622765e-01,8.906045967948044e-01
1609043728845082283,851,1609043728845082283,2.303321614832119e+00,-4.988315905102963e+00,-1.963964816248134e+00,-1.893232326183463e-02,1.451692291148527e-03,-4.544420572027548e-01,8.905739028125231e-01
1609043728948112726,852,1609043728948112726,2.291554825411445e+00,-5.018061583697904e+00,-1.968508007971072e+00,-2.263173220819545e-02,9.452108985889510e-03,-4.545177572024667e-01,8.903999498655730e-01
1609043729051118135,853,1609043729051118135,2.277337525958501e+00,-5.053118271849151e+00,-1.971342297964992e+00,-2.536173365020001e-02,1.339936882513873e-02,-4.544180383237929e-01,8.903266174990502e-01
1609043729121464968,854,1609043729121464968,2.261896160013375e+00,-5.084262139249653e+00,-1.973147562874130e+00,-2.708482720806298e-02,1.499427957667902e-02,-4.544601430205582e-01,8.902289380383114e-01
1609043729223276138,855,1609043729223276138,2.235407861598657e+00,-5.132013825155153e+00,-1.977825176508227e+00,-2.766678687513837e-02,1.434774611086822e-02,-4.545196890964309e-01,8.901912959073615e-01
1609043729326249123,856,1609043729326249123,2.206102334226550e+00,-5.178722275980721e+00,-1.986402460371154e+00,-2.070304937045610e-02,9.664178702700308e-03,-4.547674390881569e-01,8.903171141463958e-01
1609043729448945761,857,1609043729448945761,2.164850051949152e+00,-5.238343017652475e+00,-1.995866371013783e+00,-6.383592744437465e-03,9.671013180148183e-04,-4.557416545807700e-01,8.900886802665766e-01
1609043729552251816,858,1609043729552251816,2.127045450837077e+00,-5.292705757849332e+00,-2.005641463922177e+00,3.968436914902005e-03,-5.430066779614994e-03,-4.596688532670804e-01,8.880649251149089e-01
1609043729635496378,859,1609043729635496378,2.096879196092666e+00,-5.335636185023538e+00,-2.012936330416779e+00,8.558790352498225e-03,-8.296831438492960e-03,-4.636984724604137e-01,8.859128830385424e-01
1609043729758802652,860,1609043729758802652,2.051330516599973e+00,-5.398416498139757e+00,-2.024499407819376e+00,1.037123191748633e-02,-9.647016980196176e-03,-4.697168156237782e-01,8.827035095274942e-01
1609043729841875553,861,1609043729841875553,2.020101217793648e+00,-5.436103900712000e+00,-2.032034603196617e+00,9.416587775598336e-03,-9.235296904724319e-03,-4.741757450760652e-01,8.803314148360857e-01
1609043729964911222,862,1609043729964911222,1.975713890934709e+00,-5.492594526238154e+00,-2.044368252357562e+00,7.048805925659072e-03,-7.714579445090228e-03,-4.806882905530159e-01,8.768292689710051e-01
1609043730047936678,863,1609043730047936678,1.945486847877240e+00,-5.530244947134912e+00,-2.053545838602868e+00,5.300123620860878e-03,-6.485166474754893e-03,-4.852626628526142e-01,8.743283132477117e-01
1609043730170871258,864,1609043730170871258,1.902896835145280e+00,-5.584998563193344e+00,-2.068700599239688e+00,3.457239662019373e-03,-5.424984099430482e-03,-4.911692218811622e-01,8.710404195662185e-01
1609043730241139412,865,1609043730241139412,1.871119879034222e+00,-5.625911950401727e+00,-2.076530901400818e+00,2.954433218225677e-03,-5.422020950548985e-03,-4.953339689642108e-01,8.686806848338077e-01
1609043730342966795,866,1609043730342966795,1.833746790084697e+00,-5.682869551828859e+00,-2.088167657942670e+00,2.533594637248965e-03,-4.934899164526657e-03,-5.005013261938501e-01,8.657179968942815e-01
1609043730426827669,867,1609043730426827669,1.806536400984540e+00,-5.724062619041472e+00,-2.094176158688847e+00,5.127916700594462e-03,-6.745708118907433e-03,-5.054686042704851e-01,8.628033901122166e-01
1609043730549538136,868,1609043730549538136,1.763328635871237e+00,-5.780072981459987e+00,-2.103323714879572e+00,1.195526483527318e-02,-1.095955659053515e-02,-5.135916349551423e-01,8.578814558353393e-01
1609043730632516384,869,1609043730632516384,1.737239886746049e+00,-5.816501907545866e+00,-2.109904474272171e+00,1.869943885216737e-02,-1.377208538389408e-02,-5.199667958394402e-01,8.538707114518327e-01
1609043730735539913,870,1609043730735539913,1.706610489583242e+00,-5.862359361170919e+00,-2.113108302814737e+00,2.363810513241697e-02,-1.567078296233532e-02,-5.287762518071415e-01,8.482872992517846e-01
1609043730838521004,871,1609043730838521004,1.677631290682940e+00,-5.904890493647587e+00,-2.115557859456629e+00,2.361597538892186e-02,-1.570200241570828e-02,-5.374015704676472e-01,8.428495031056692e-01
1609043730961525917,872,1609043730961525917,1.648324886917190e+00,-5.951315452412905e+00,-2.113497218429313e+00,1.843711617233589e-02,-1.400445974641293e-02,-5.477500102197934e-01,8.363216332002151e-01
1609043731044238091,873,1609043731044238091,1.632093918607226e+00,-5.983335441637068e+00,-2.109064933690822e+00,1.636307904806637e-02,-1.322167754752152e-02,-5.531315048190535e-01,8.328282987888352e-01
1609043731146785498,874,1609043731146785498,1.614832596216979e+00,-6.019350512114127e+00,-2.099980107578678e+00,1.623294483018523e-02,-1.232940847087283e-02,-5.554561484174048e-01,8.312959427148676e-01
1609043731250012875,875,1609043731250012875,1.600326448287981e+00,-6.053969354069084e+00,-2.093869275712237e+00,1.937716593142622e-02,-6.625698782107101e-03,-5.560023485558284e-01,8.309284048319193e-01
1609043731320464611,876,1609043731320464611,1.590606736729787e+00,-6.080149357903619e+00,-2.089280680677239e+00,2.415372278359185e-02,6.692143980078025e-04,-5.560701713298604e-01,8.307840359473468e-01
1609043731423237085,877,1609043731423237085,1.579563086412751e+00,-6.110979221993952e+00,-2.085713054836194e+00,2.914035101222529e-02,7.704330704783872e-03,-5.557955199197021e-01,8.307724256789362e-01
1609043731525837660,878,1609043731525837660,1.571076195225419e+00,-6.137405377287233e+00,-2.077718895686632e+00,3.354837831835963e-02,1.468650971685275e-02,-5.554775020737532e-01,8.307247182035987e-01
1609043731628946781,879,1609043731628946781,1.561457056711584e+00,-6.153336690467976e+00,-2.069798419263013e+00,3.631875614066242e-02,1.945045763099351e-02,-5.552374470764750e-01,8.306708162770248e-01
1609043731732164383,880,1609043731732164383,1.546791719317249e+00,-6.158279946304879e+00,-2.061912292572019e+00,3.852158850494086e-02,2.253089863530966e-02,-5.551030085294271e-01,8.305835874536169e-01
1609043731855073452,881,1609043731855073452,1.532595394373301e+00,-6.156669059252962e+00,-2.047812052767837e+00,3.967036147029510e-02,2.501452583682195e-02,-5.549554935434031e-01,8.305570035247267e-01
1609043731938174248,882,1609043731938174248,1.523776867654226e+00,-6.145716176024034e+00,-2.037202854294864e+00,4.077600939208224e-02,2.625624800775674e-02,-5.549968465649483e-01,8.304374912066382e-01
1609043732041245461,883,1609043732041245461,1.509799350739759e+00,-6.124588717781085e+00,-2.022297515996525e+00,3.675209966575075e-02,3.117312819332932e-02,-5.546588978348789e-01,8.306810617206813e-01
1609043732144320726,884,1609043732144320726,1.492146991182761e+00,-6.098169767897633e+00,-2.004033233644727e+00,3.093681720759318e-02,3.837614242268025e-02,-5.547662567812292e-01,8.305447521782083e-01
1609043732247649193,885,1609043732247649193,1.466089526201910e+00,-6.059396149168717e+00,-1.987064851412070e+00,2.528559048424592e-02,4.667024595614115e-02,-5.545655107051988e-01,8.304454355299560e-01
1609043732351078749,886,1609043732351078749,1.435130039288004e+00,-6.016000516075549e+00,-1.971937707950755e+00,2.012021049290596e-02,5.305606762000873e-02,-5.545207449617497e-01,8.302330842754271e-01
1609043732421138525,887,1609043732421138525,1.401664000582456e+00,-5.972443565890322e+00,-1.961520532469466e+00,1.622483299178743e-02,5.541052750031270e-02,-5.544145150421267e-01,8.302354929459046e-01
1609043732523170948,888,1609043732523170948,1.354300914191182e+00,-5.908153271795255e+00,-1.945544444291173e+00,1.289818396850571e-02,4.868577315296333e-02,-5.543876583057568e-01,8.307332042605932e-01
1609043732645837069,889,1609043732645837069,1.290628665262745e+00,-5.827890715211076e+00,-1.915615433420350e+00,1.042673917457665e-02,2.437105711391116e-02,-5.547732394063845e-01,8.315792130181480e-01
1609043732729092836,890,1609043732729092836,1.247173721867928e+00,-5.771376856454522e+00,-1.896601161795679e+00,8.040963376158269e-03,1.170874367109837e-02,-5.548295178231383e-01,8.318428062932154e-01
1609043732852115154,891,1609043732852115154,1.179734585379091e+00,-5.688989897745933e+00,-1.875666664290875e+00,4.550058384155617e-03,4.697827799342706e-04,-5.549273090581980e-01,8.318862650232108e-01
1609043732955417156,892,1609043732955417156,1.121905696513642e+00,-5.620508513111510e+00,-1.864209275831645e+00,5.064372414269652e-03,-6.706456197722260e-03,-5.547658383236985e-01,8.319640858873186e-01
1609043733038432360,893,1609043733038432360,1.070391115351015e+00,-5.567201289572125e+00,-1.853889782359857e+00,6.535210915474412e-03,-1.720730824586559e-02,-5.547704707124974e-01,8.317998102828926e-01
1609043733141604662,894,1609043733141604662,1.015229930072928e+00,-5.502439713965811e+00,-1.842690962445881e+00,7.970795306822964e-03,-2.639366101456456e-02,-5.547900875512364e-01,8.315334027177239e-01
1609043733244608402,895,1609043733244608402,9.650275682695650e-01,-5.442060923083458e+00,-1.841105196440851e+00,1.072979864127939e-02,-1.872888932738681e-02,-5.549797048221162e-01,8.315838065770862e-01
1609043733347550154,896,1609043733347550154,9.124370238581609e-01,-5.377698210428397e+00,-1.835946032983244e+00,1.199665771107320e-02,-1.556700038579866e-03,-5.550403181319522e-01,8.317354760599878e-01
1609043733450567007,897,1609043733450567007,8.575784882054640e-01,-5.311698880454363e+00,-1.829154482438324e+00,1.401250079348416e-02,9.319568772832984e-03,-5.549960494001269e-01,8.316827403581566e-01
1609043733520910978,898,1609043733520910978,8.110609525017852e-01,-5.255443130633411e+00,-1.824870445557752e+00,1.742441990418562e-02,1.275621288619380e-02,-5.548732493825694e-01,8.316545831915036e-01
1609043733622899532,899,1609043733622899532,7.450379551855697e-01,-5.175612895202232e+00,-1.819726195202704e+00,1.566764381176817e-02,9.959017633285917e-03,-5.551097030680056e-01,8.315699372060765e-01
1609043733725814819,900,1609043733725814819,6.852979814971949e-01,-5.093637175211731e+00,-1.819727819068954e+00,1.331819607641356e-02,4.381086343744119e-03,-5.553664504700520e-01,8.314875449626495e-01
1609043733829054832,901,1609043733829054832,6.269254281949228e-01,-5.015585609841615e+00,-1.817509525454419e+00,9.761225252242389e-03,-2.428119810458602e-03,-5.553620501074149e-01,8.315478434920327e-01
1609043733931648970,902,1609043733931648970,5.713918349644809e-01,-4.943137512747818e+00,-1.824845896818413e+00,8.254148294653700e-03,-6.434891880020310e-03,-5.554022458180220e-01,8.315159689042176e-01
1609043734034754515,903,1609043734034754515,5.174590440675544e-01,-4.874825929042832e+00,-1.832111755639342e+00,9.002905801513767e-03,-7.296209661912895e-03,-5.554764605898662e-01,8.314515107582963e-01
1609043734138672113,904,1609043734138672113,4.651819911887459e-01,-4.807794015803680e+00,-1.844273310636788e+00,1.063764522546938e-02,-2.419473054514685e-03,-5.555831837379340e-01,8.313893868710478e-01
1609043734261345625,905,1609043734261345625,3.993125782927848e-01,-4.726268530285385e+00,-1.858579372697300e+00,1.350984434727515e-02,1.745472598722571e-03,-5.553023497485465e-01,8.315369731977421e-01
1609043734364436388,906,1609043734364436388,3.421323157109220e-01,-4.654067961077324e+00,-1.864061440687786e+00,1.439025684179690e-02,2.038890907129087e-03,-5.553468589161537e-01,8.314918097755730e-01
1609043734447478533,907,1609043734447478533,2.976215001459718e-01,-4.593540711581674e+00,-1.867794872826701e+00,1.392294648351328e-02,2.163184815106810e-03,-5.555198100712027e-01,8.313839142123980e-01
1609043734570429564,908,1609043734570429564,2.339223180308549e-01,-4.504630022360692e+00,-1.868968596734996e+00,1.207088917700956e-02,5.142294442800911e-04,-5.555335433639206e-01,8.314063455375368e-01
1609043734620496511,909,1609043734620496511,2.002146806400056e-01,-4.458668415453119e+00,-1.866663897240920e+00,1.169812776771502e-02,-3.737295309125867e-03,-5.555772934662025e-01,8.313741981895226e-01
1609043734722561359,910,1609043734722561359,1.372432584676331e-01,-4.372271887312723e+00,-1.865790700459604e+00,9.716531513972195e-03,-7.656981812650387e-03,-5.556142900346190e-01,8.313481342699849e-01
1609043734825677872,911,1609043734825677872,7.832929651483492e-02,-4.290806187573482e+00,-1.868167275561311e+00,9.241406984497965e-03,-9.268004792513822e-03,-5.554317988800178e-01,8.314590893585928e-01
1609043734929095268,912,1609043734929095268,2.227517724742167e-02,-4.214546945269581e+00,-1.872375119934072e+00,8.872596741867977e-03,-9.960167959091768e-03,-5.554072921956404e-01,8.314714738685804e-01
1609043735032133579,913,1609043735032133579,-2.956364795112478e-02,-4.141099201646776e+00,-1.876824796773593e+00,8.685644895296434e-03,-1.051059947179736e-02,-5.554744149855857e-01,8.314218310628593e-01
1609043735135258198,914,1609043735135258198,-7.914670083995975e-02,-4.070814893873139e+00,-1.883063071221838e+00,8.776184601520734e-03,-1.061449121238197e-02,-5.553094211199717e-01,8.315297697470273e-01
1609043735258430243,915,1609043735258430243,-1.336606130917904e-01,-3.990063508758359e+00,-1.894377342228355e+00,1.819199745917803e-03,-3.241445404196968e-03,-5.554478276410262e-01,8.315430802507113e-01
1609043735361695290,916,1609043735361695290,-1.841984520403097e-01,-3.920872325883699e+00,-1.898700628965907e+00,-3.794786633103926e-03,5.799791670865770e-03,-5.553314628762642e-01,8.316002214710456e-01
1609043735444600344,917,1609043735444600344,-2.271634610093718e-01,-3.865784387676474e+00,-1.906042270892801e+00,-4.683443056457476e-03,4.867404334843205e-03,-5.553721041927525e-01,8.315745304064409e-01
1609043735567627430,918,1609043735567627430,-2.916707759095307e-01,-3.785997613530740e+00,-1.922685367025262e+00,2.348914099775135e-03,-4.152167209826562e-03,-5.551608407075085e-01,8.317293328090251e-01
1609043735670601845,919,1609043735670601845,-3.469456197215942e-01,-3.720247870573931e+00,-1.926935316659028e+00,7.130716515470539e-03,-9.746101368375728e-03,-5.550343017359100e-01,8.317397972242426e-01
1609043735740711212,920,1609043735740711212,-3.898258191817997e-01,-3.667686655564176e+00,-1.932300915629481e+00,9.499793267707652e-03,-1.253450988972977e-02,-5.553213514691347e-01,8.314871235275918e-01
1609043735822889090,921,1609043735822889090,-4.378808333113047e-01,-3.612246284636656e+00,-1.934634079627224e+00,8.744925901230032e-03,-1.255919962190799e-02,-5.551666222882911e-01,8.315983491282610e-01
1609043735925623894,922,1609043735925623894,-4.949854341605786e-01,-3.544628608807611e+00,-1.940804684337459e+00,6.941742059758106e-03,-1.151800145412515e-02,-5.551586291034627e-01,8.316357642571912e-01
1609043736028566599,923,1609043736028566599,-5.458979011304681e-01,-3.481899145460665e+00,-1.947841681322032e+00,5.866069998494289e-03,-1.126106779969508e-02,-5.552437153542883e-01,8.315907612127190e-01
1609043736131692886,924,1609043736131692886,-5.931772826022657e-01,-3.422358853999897e+00,-1.954150333751283e+00,5.539726586000707e-03,-1.131437030857544e-02,-5.553776445735913e-01,8.315028372541867e-01
1609043736235343695,925,1609043736235343695,-6.374852301839766e-01,-3.363405286407832e+00,-1.960841289889800e+00,1.840624390745508e-03,-8.945412146570117e-03,-5.552774676514634e-01,8.316150104597428e-01
1609043736338838100,926,1609043736338838100,-6.828044494075463e-01,-3.306290629539781e+00,-1.968881783847818e+00,2.281961994909059e-03,-2.728321145480264e-04,-5.553363793239017e-01,8.316226452012420e-01
1609043736441606522,927,1609043736441606522,-7.319200747744369e-01,-3.251755504153516e+00,-1.976062754820090e+00,5.657973587161384e-03,6.414260094410930e-03,-5.553222891584146e-01,8.315912456045857e-01
1609043736564518213,928,1609043736564518213,-7.950493904601776e-01,-3.182924669741095e+00,-1.968317029267429e+00,8.155760615243840e-03,3.769007250190395e-03,-5.549781892573195e-01,8.318163785366346e-01
1609043736647832394,929,1609043736647832394,-8.349907295293426e-01,-3.135502346623049e+00,-1.972684287003306e+00,8.549020350927274e-03,-4.884318280096695e-03,-5.552586190862570e-01,8.316194584161684e-01
1609043736770646095,930,1609043736770646095,-8.908787737189653e-01,-3.071272376011600e+00,-1.979078145198395e+00,8.528011338114937e-03,-1.198036540680602e-02,-5.550896675798587e-01,8.316605105530853e-01
1609043736821164608,931,1609043736821164608,-9.197139415693540e-01,-3.040850653077345e+00,-1.977713246502406e+00,8.298608900486004e-03,-1.475478720634970e-02,-5.552911860611138e-01,8.314836907767065e-01
1609043736922662497,932,1609043736922662497,-9.717333224563274e-01,-2.979579301238564e+00,-1.981237965304910e+00,7.777864635567749e-03,-1.649421350263184e-02,-5.555740280072331e-01,8.312670720932345e-01
1609043737025688648,933,1609043737025688648,-1.018579761863885e+00,-2.920668889930377e+00,-1.980404045123836e+00,8.479452244799736e-03,-1.573949289614625e-02,-5.552500490999055e-01,8.314912809089178e-01
1609043737128777027,934,1609043737128777027,-1.063692331344412e+00,-2.868148759931780e+00,-1.987913837123399e+00,1.273337545188312e-02,-8.277235332128530e-03,-5.553369900166784e-01,8.314867263186307e-01
1609043737231890917,935,1609043737231890917,-1.105568065974871e+00,-2.816584310604936e+00,-1.994885595362660e+00,1.373289802298035e-02,-4.167006208196137e-03,-5.553516657021611e-01,8.314917744469793e-01
1609043737354845047,936,1609043737354845047,-1.152541378024419e+00,-2.753418065479941e+00,-1.991778263563462e+00,9.869133921601518e-03,-1.027031325752546e-02,-5.556188371341821e-01,8.313151199652806e-01
1609043737438255548,937,1609043737438255548,-1.184340812412916e+00,-2.715389308732172e+00,-1.991548741056200e+00,8.321076860434179e-03,-1.298294405791795e-02,-5.556294083836772e-01,8.312870523367223e-01
1609043737561109543,938,1609043737561109543,-1.229001774447172e+00,-2.660440509079159e+00,-1.990233212734278e+00,8.558120789628044e-03,-1.547913455436466e-02,-5.553907867579008e-01,8.314013645324611e-01
1609043737644193888,939,1609043737644193888,-1.256509691765893e+00,-2.623582967126907e+00,-1.996172318632787e+00,6.423959625497774e-03,-1.073029845010543e-02,-5.555467480136234e-01,8.313912461707721e-01
1609043737767263651,940,1609043737767263651,-1.296627608499880e+00,-2.571756163908247e+00,-2.001533671589952e+00,4.094983919315785e-03,-5.182565697170479e-03,-5.553913736144748e-01,8.315628624668865e-01
1609043737870455503,941,1609043737870455503,-1.331160202978615e+00,-2.527564940909267e+00,-2.009996047244982e+00,2.842282724601340e-03,-4.778422657814225e-03,-5.554751853334822e-01,8.315145257808491e-01
1609043737940814257,942,1609043737940814257,-1.361518018887898e+00,-2.491159844624827e+00,-2.006429761343200e+00,1.277601183116668e-03,-7.996901694931726e-04,-5.557067562283043e-01,8.313770079290537e-01
1609043738042935848,943,1609043738042935848,-1.403221174063283e+00,-2.439154795697125e+00,-2.002171103364182e+00,-6.193554680891733e-05,5.005891974059196e-03,-5.558477824226269e-01,8.312690178187686e-01
1609043738125826120,944,1609043738125826120,-1.435547836453029e+00,-2.399155290077390e+00,-1.995688370581848e+00,-8.012619607004374e-04,7.920174310227249e-03,-5.556904834388589e-01,8.313511384689705e-01
1609043738229600191,945,1609043738229600191,-1.478195790705211e+00,-2.351327823536585e+00,-1.986611109281609e+00,-1.139462220945129e-03,1.030275131402176e-02,-5.556682713640502e-01,8.313394776747324e-01
1609043738331143618,946,1609043738331143618,-1.522046360674734e+00,-2.310758284713481e+00,-1.974740799544789e+00,1.630139101415870e-03,5.687916698055853e-03,-5.555973045092253e-01,8.314304694153499e-01
1609043738434245586,947,1609043738434245586,-1.565965521801127e+00,-2.269468205411390e+00,-1.964552219003329e+00,3.756962436641227e-03,-4.378895513685140e-03,-5.555612012922582e-01,8.314556284769699e-01
1609043738557753325,948,1609043738557753325,-1.618744460337921e+00,-2.222166538491585e+00,-1.958558768064497e+00,5.621746318639669e-03,-1.908296789715526e-02,-5.553535499209672e-01,8.313763713834695e-01
1609043738640832186,949,1609043738640832186,-1.654103561556159e+00,-2.195443648302047e+00,-1.952041099802270e+00,7.121298974988683e-03,-2.438997356865662e-02,-5.553573827901538e-01,8.312235521631349e-01
1609043738743916035,950,1609043738743916035,-1.692741075705861e+00,-2.160311470990004e+00,-1.947849783735836e+00,8.005000385843638e-03,-2.229351029028438e-02,-5.555700996249783e-01,8.311322300154480e-01
1609043738846956253,951,1609043738846956253,-1.730218967879446e+00,-2.125983871943435e+00,-1.939899529122383e+00,7.346872492547167e-03,-1.623888199651400e-02,-5.559000889994099e-01,8.310580083402901e-01
1609043738970060349,952,1609043738970060349,-1.772545553025577e+00,-2.087543184375238e+00,-1.935557832391728e+00,7.034701888881049e-03,-1.035818633070262e-02,-5.561835229686996e-01,8.309651675752715e-01
1609043739020467997,953,1609043739020467997,-1.795386373882683e+00,-2.063287140361795e+00,-1.934309278781692e+00,7.883003402220775e-03,-6.835421652427709e-03,-5.561295470127799e-01,8.310301211192975e-01
1609043739142746925,954,1609043739142746925,-1.843838922067325e+00,-2.020644857109752e+00,-1.927051495178484e+00,8.485842413892098e-03,-2.113754636376816e-03,-5.558973600849447e-01,8.312049371667934e-01
1609043739245672464,955,1609043739245672464,-1.882443011526603e+00,-1.988232559811106e+00,-1.921503893557588e+00,9.607858562868570e-03,-1.145959986319622e-03,-5.559904208376614e-01,8.311323768006550e-01
1609043739328777313,956,1609043739328777313,-1.910175502635326e+00,-1.961378170828656e+00,-1.916728904887268e+00,1.011146243445577e-02,-9.872795719439772e-04,-5.558963361755879e-01,8.311895373698115e-01
1609043739431803942,957,1609043739431803942,-1.942790261116522e+00,-1.924973140426226e+00,-1.912389253235032e+00,9.838112594049047e-03,-2.532813320095599e-03,-5.557017607480145e-01,8.313196433976697e-01
1609043739534893274,958,1609043739534893274,-1.975693377639333e+00,-1.898511152931125e+00,-1.911946292856327e+00,8.277329111748387e-03,-5.666085438996439e-03,-5.555390663822420e-01,8.314299291111192e-01
1609043739637842894,959,1609043739637842894,-2.008266191976859e+00,-1.865205885222279e+00,-1.915539903443886e+00,5.666763795707270e-03,-6.185532851377932e-03,-5.556664378402750e-01,8.313629994348606e-01
1609043739740816355,960,1609043739740816355,-2.039436924869221e+00,-1.837023843256951e+00,-1.919075720079011e+00,3.254743076979389e-03,-4.793040832230967e-03,-5.556597619968806e-01,8.313895971833262e-01
1609043739843904018,961,1609043739843904018,-2.074237676926962e+00,-1.809956223259451e+00,-1.926075221111318e+00,1.092596616313061e-03,-3.092500558114913e-03,-5.552327700653462e-01,8.316885316742647e-01
1609043739947511673,962,1609043739947511673,-2.110705344413624e+00,-1.782317421735026e+00,-1.933602492374200e+00,4.153938217015408e-05,-1.569981426289481e-03,-5.552415599317947e-01,8.316876478325912e-01
1609043740069620132,963,1609043740069620132,-2.153218748792029e+00,-1.749820172190225e+00,-1.942429015502986e+00,2.667055954065484e-04,1.160734062673957e-03,-5.550723789731110e-01,8.318011996058265e-01
1609043740140284061,964,1609043740140284061,-2.186512991883709e+00,-1.724194918043857e+00,-1.949387718692296e+00,2.572537250964704e-03,1.373698360502850e-03,-5.550503370383508e-01,8.318116483666961e-01
1609043740242214441,965,1609043740242214441,-2.229877451837265e+00,-1.694436743575685e+00,-1.956070530163208e+00,6.825828505270345e-03,7.779966385303822e-04,-5.546734256886614e-01,8.320397788695275e-01
1609043740344813347,966,1609043740344813347,-2.267186631452377e+00,-1.663602490147668e+00,-1.963530305181701e+00,8.940252468914400e-03,7.207741676471856e-04,-5.546579554185044e-01,8.320301105497058e-01
1609043740447927475,967,1609043740447927475,-2.304411196099599e+00,-1.636593155180543e+00,-1.969996456859854e+00,8.060654367964330e-03,1.622427361342983e-03,-5.545704706228809e-01,8.320961402949384e-01
1609043740551236629,968,1609043740551236629,-2.341018205634443e+00,-1.610546983214340e+00,-1.975639711556878e+00,8.921077894982301e-03,2.447165563335916e-04,-5.546310397328955e-01,8.320485347909736e-01
1609043740654352903,969,1609043740654352903,-2.379153752459286e+00,-1.582801541802024e+00,-1.977328021562121e+00,1.050584784625147e-02,-2.441834904485558e-03,-5.546882540653375e-01,8.319883445128774e-01
1609043740737523556,970,1609043740737523556,-2.411814737176552e+00,-1.560012382049335e+00,-1.976477573891934e+00,1.165618693182629e-02,-5.517093677982634e-03,-5.545882996959964e-01,8.320249472364770e-01
1609043740840451717,971,1609043740840451717,-2.446921444861882e+00,-1.532298300427829e+00,-1.974513066141724e+00,1.267568265490933e-02,-7.929486389626206e-03,-5.546060802909625e-01,8.319786932482847e-01
1609043740943733692,972,1609043740943733692,-2.482352925427133e+00,-1.499271076953860e+00,-1.966320830464984e+00,1.287101421935968e-02,-9.480000762547304e-03,-5.544205248529243e-01,8.320831377935232e-01
1609043741046705484,973,1609043741046705484,-2.515816459062640e+00,-1.471356095909317e+00,-1.965828943594385e+00,1.292281447488222e-02,-1.048304418382824e-02,-5.544133110338570e-01,8.320751091092459e-01
1609043741149822712,974,1609043741149822712,-2.552583231871197e+00,-1.442218403251726e+00,-1.963293542674941e+00,1.154124619837991e-02,-8.455961440713540e-03,-5.547334424512137e-01,8.319051052725470e-01
1609043741240224600,975,1609043741240224600,-2.588566110029397e+00,-1.412800415673468e+00,-1.959509647909272e+00,1.245224457739741e-02,-5.221705633260979e-03,-5.549829921390623e-01,8.317520987840294e-01
1609043741341962814,976,1609043741341962814,-2.623138069214309e+00,-1.382259894191427e+00,-1.956903736266144e+00,1.373299631963329e-02,-4.433070160934286e-03,-5.549691005216107e-01,8.317457845804015e-01
1609043741445061684,977,1609043741445061684,-2.655212720706455e+00,-1.354455842494838e+00,-1.950231218156135e+00,1.212863820296602e-02,-7.515161536842686e-03,-5.551649979809652e-01,8.316178470302401e-01
1609043741528330326,978,1609043741528330326,-2.676072886808113e+00,-1.328171315156371e+00,-1.942186817938234e+00,1.072026213898272e-02,-9.840362629247512e-03,-5.551656940744045e-01,8.316124670577523e-01
1609043741651352644,979,1609043741651352644,-2.707241579758021e+00,-1.288905762438017e+00,-1.933612885106641e+00,7.829311390032786e-03,-1.309795813357714e-02,-5.551403526991556e-01,8.316166990753289e-01
1609043741734558582,980,1609043741734558582,-2.725456268968014e+00,-1.262951437144073e+00,-1.931227344662400e+00,7.168519772564890e-03,-1.416559912212324e-02,-5.552928707748020e-01,8.315033227789655e-01
1609043741838032961,981,1609043741838032961,-2.751792949008823e+00,-1.237669050177976e+00,-1.928476153291224e+00,6.286729800678037e-03,-1.450975402627495e-02,-5.554183270292079e-01,8.314207274699050e-01
1609043741960870028,982,1609043741960870028,-2.777586891536659e+00,-1.210211711528191e+00,-1.927803391195914e+00,4.871793484995277e-03,-1.838276594775528e-02,-5.554673257543193e-01,8.313208704006502e-01
1609043742064000368,983,1609043742064000368,-2.797249087523741e+00,-1.190294126827333e+00,-1.931796918770871e+00,4.833219303650564e-03,-2.039828232505201e-02,-5.555318206865222e-01,8.312309825037010e-01
1609043742147036314,984,1609043742147036314,-2.810559895817951e+00,-1.174610236886763e+00,-1.936902550844547e+00,7.410693754186574e-03,-1.809334971303086e-02,-5.556161373577237e-01,8.312090111529871e-01
1609043742249918461,985,1609043742249918461,-2.823096758378258e+00,-1.155504744846946e+00,-1.947621503322308e+00,1.102426724749982e-02,-1.150579935764952e-02,-5.556183052590949e-01,8.312847773018632e-01
1609043742320983410,986,1609043742320983410,-2.835674151536650e+00,-1.141198603343528e+00,-1.953871246451257e+00,1.440840271518921e-02,-5.078343310245485e-03,-5.556187814063823e-01,8.312968050635748e-01
1609043742423118353,987,1609043742423118353,-2.851135001780920e+00,-1.118784913245452e+00,-1.959336471094952e+00,1.645979048050279e-02,-1.114594492482206e-03,-5.556275106241041e-01,8.312676478813045e-01
1609043742525159597,988,1609043742525159597,-2.866618326827286e+00,-1.099162174800970e+00,-1.963408733351299e+00,1.758480027362068e-02,-1.080880030741876e-04,-5.554431124718819e-01,8.313685776620794e-01
1609043742648690462,989,1609043742648690462,-2.884737476402498e+00,-1.070827468171144e+00,-1.963286777961715e+00,1.756265156581029e-02,6.912601789984104e-05,-5.553668604508505e-01,8.314199894184271e-01
1609043742751321554,990,1609043742751321554,-2.894110705772230e+00,-1.042237155583220e+00,-1.961834543891032e+00,1.618219882487408e-02,-1.956849709991165e-03,-5.554390856091294e-01,8.313974557082184e-01
1609043742854477882,991,1609043742854477882,-2.900571721981835e+00,-1.015815838349889e+00,-1.954046815887970e+00,1.077330742349260e-02,-9.084013641879218e-03,-5.554512390952616e-01,8.314296948815646e-01
1609043742957493544,992,1609043742957493544,-2.907402781030638e+00,-9.917193079953731e-01,-1.949147341044506e+00,5.846947331905011e-03,-1.561659048599304e-02,-5.555855734836764e-01,8.312921302678771e-01
1609043743060593128,993,1609043743060593128,-2.914224091009638e+00,-9.673341549484478e-01,-1.944937207729163e+00,4.528479733471892e-03,-1.897976887720194e-02,-5.558156314577568e-01,8.310765578885537e-01
1609043743163725376,994,1609043743163725376,-2.919718832129969e+00,-9.475277025686786e-01,-1.941036215797757e+00,6.378766196244412e-03,-2.113408817601830e-02,-5.559393951700138e-01,8.309296303278523e-01
1609043743266731024,995,1609043743266731024,-2.922523795049101e+00,-9.292023118204406e-01,-1.941600596917928e+00,1.072532276301216e-02,-2.330698364681357e-02,-5.559932840151212e-01,8.307907197934972e-01
1609043743349828005,996,1609043743349828005,-2.919066671002173e+00,-9.146213284541573e-01,-1.945040077141300e+00,1.382221637203642e-02,-2.478001097410586e-02,-5.561516664343568e-01,8.305963046588732e-01
1609043743440245152,997,1609043743440245152,-2.912404130835410e+00,-8.946274255318117e-01,-1.946318976743145e+00,1.877916683120157e-02,-2.613543795269928e-02,-5.562872944501104e-01,8.303666225285810e-01
1609043743522434711,998,1609043743522434711,-2.903042584386564e+00,-8.804949710592822e-01,-1.945213543541698e+00,2.104712898044268e-02,-2.654424982585176e-02,-5.563755579119362e-01,8.302401217244595e-01
1609043743644910336,999,1609043743644910336,-2.885179185470522e+00,-8.608723851889382e-01,-1.946135262739692e+00,2.206534790158451e-02,-2.630715609654427e-02,-5.563270191255202e-01,8.302537574446787e-01
1609043743728188992,1000,1609043743728188992,-2.869607216767875e+00,-8.456272619944382e-01,-1.949996482166107e+00,2.317243514275338e-02,-2.626903778795693e-02,-5.564449131649870e-01,8.301457911210898e-01
1609043743830961943,1001,1609043743830961943,-2.844573317453339e+00,-8.289807582861773e-01,-1.952291741439698e+00,2.043900275270497e-02,-2.719844626170986e-02,-5.562127618627096e-01,8.303432153203160e-01
1609043743954284430,1002,1609043743954284430,-2.808339466923301e+00,-8.132391059718076e-01,-1.951627850011085e+00,2.441292899243299e-02,-2.974035596751636e-02,-5.561689731675095e-01,8.301780492224147e-01
1609043744057402849,1003,1609043744057402849,-2.771319874768789e+00,-7.939089991947952e-01,-1.956791391376650e+00,2.696505580408731e-02,-3.168687900907983e-02,-5.561097070395127e-01,8.300667570747390e-01
1609043744161068439,1004,1609043744161068439,-2.732283699170534e+00,-7.804437812483357e-01,-1.955281860345434e+00,2.777906512509228e-02,-3.200284379264162e-02,-5.560219152186273e-01,8.300866047145740e-01
1609043744263412952,1005,1609043744263412952,-2.687353463721500e+00,-7.684217488520502e-01,-1.953399073657440e+00,2.702709379750902e-02,-3.119631525360843e-02,-5.561149177150327e-01,8.300798301430173e-01
1609043744366936445,1006,1609043744366936445,-2.636134092394188e+00,-7.566065485526002e-01,-1.952606978686034e+00,2.528045297940837e-02,-3.013611945507407e-02,-5.562257534410996e-01,8.300997676244866e-01
1609043744469506502,1007,1609043744469506502,-2.575949686629639e+00,-7.423295336269761e-01,-1.950351216086259e+00,2.079244041672475e-02,-2.738202638925007e-02,-5.562329760719525e-01,8.303148652062505e-01
1609043744539684057,1008,1609043744539684057,-2.525249180215217e+00,-7.307175355538096e-01,-1.947578697521828e+00,1.540806658705612e-02,-2.297218297162211e-02,-5.565805230880938e-01,8.303330606525017e-01
1609043744621579885,1009,1609043744621579885,-2.466730758164938e+00,-7.167815960135785e-01,-1.947858913551985e+00,1.235990061767789e-02,-1.692221331285117e-02,-5.566504042236176e-01,8.304825097682664e-01
1609043744724630833,1010,1609043744724630833,-2.393926364359667e+00,-6.994405935149959e-01,-1.944823097699457e+00,1.129679430835268e-02,-1.121770479561409e-02,-5.568955182732703e-01,8.304299652978685e-01
1609043744827632189,1011,1609043744827632189,-2.326194138816497e+00,-6.852037647344557e-01,-1.944061950128871e+00,1.040855712133131e-02,-8.729869878369628e-03,-5.568778111288848e-01,8.304833260113420e-01
1609043744950454712,1012,1609043744950454712,-2.247405521245180e+00,-6.690912378322142e-01,-1.942874234518183e+00,1.006593325481828e-02,-7.992234222880014e-03,-5.568199474647618e-01,8.305337725133013e-01
1609043745033430099,1013,1609043745033430099,-2.194648709540281e+00,-6.618332944993299e-01,-1.942026719150862e+00,1.061481221261457e-02,-7.895186326307542e-03,-5.567621795480541e-01,8.305665940907233e-01
1609043745156659126,1014,1609043745156659126,-2.114943983568373e+00,-6.458118787129528e-01,-1.943724778480607e+00,1.188465949723179e-02,-6.166070726911299e-03,-5.566302275359040e-01,8.306524689867318e-01
1609043745240049362,1015,1609043745240049362,-2.060656797723364e+00,-6.336998339782703e-01,-1.943646867914263e+00,1.189838298418631e-02,-5.980125215697864e-03,-5.566176503378304e-01,8.306620599962172e-01
1609043745343201637,1016,1609043745343201637,-1.995442023971088e+00,-6.216782890993735e-01,-1.944314785077660e+00,1.122372172673568e-02,-7.688784167403271e-03,-5.565826280147315e-01,8.306808586098773e-01
1609043745466534376,1017,1609043745466534376,-1.913141882643334e+00,-6.078984374452996e-01,-1.946463336620929e+00,1.036578734326627e-02,-1.264600249695296e-02,-5.565314458507430e-01,8.306656239744622e-01
1609043745569585562,1018,1609043745569585562,-1.843793566452985e+00,-5.938776880822962e-01,-1.953040959953087e+00,9.345501254609463e-03,-1.642907033987697e-02,-5.563270772459245e-01,8.307484158137617e-01
1609043745639868259,1019,1609043745639868259,-1.784733626735222e+00,-5.840137942365277e-01,-1.953562065672464e+00,7.029957902432460e-03,-1.739270161982650e-02,-5.563532136172550e-01,8.307341183074202e-01
1609043745721439362,1020,1609043745721439362,-1.723989456398147e+00,-5.761897960849927e-01,-1.960713989188401e+00,3.976688706684572e-03,-1.779985217880059e-02,-5.564431954721316e-01,8.306854527570025e-01
1609043745824991465,1021,1609043745824991465,-1.646691715226436e+00,-5.672754582930346e-01,-1.971753967085341e+00,5.056842677881343e-03,-1.528077053257067e-02,-5.564291892824437e-01,8.307391189227485e-01
1609043745927709579,1022,1609043745927709579,-1.573409488698744e+00,-5.629670581625791e-01,-1.989234447093156e+00,8.525398545113687e-03,-8.818485446145939e-03,-5.564060506712014e-01,8.308199917374158e-01
1609043746030672550,1023,1609043746030672550,-1.503051509567726e+00,-5.560832284247689e-01,-2.006909045476877e+00,1.224054112430097e-02,-3.271023643747871e-03,-5.561676834641126e-01,8.309735118687412e-01
1609043746153263330,1024,1609043746153263330,-1.418033743612792e+00,-5.469607917643644e-01,-2.019664762085037e+00,1.256603714243755e-02,-9.901665098385890e-03,-5.561309386000876e-01,8.309406903447442e-01
1609043746256426096,1025,1609043746256426096,-1.349148554976294e+00,-5.372065288763006e-01,-2.025618097210475e+00,1.168314981387782e-02,-1.498707900966173e-02,-5.561189013433495e-01,8.308854668616190e-01
1609043746340054274,1026,1609043746340054274,-1.292215652203387e+00,-5.349362359017938e-01,-2.027922216160267e+00,1.106814421129078e-02,-1.678455775222636e-02,-5.561350396879829e-01,8.308487181406889e-01
1609043746443133354,1027,1609043746443133354,-1.219207387844017e+00,-5.291562455216792e-01,-2.030084212884763e+00,1.033329159335853e-02,-1.825622086581585e-02,-5.561496716535934e-01,8.308173542988527e-01
1609043746546291828,1028,1609043746546291828,-1.143514771284937e+00,-5.247533740928454e-01,-2.031750826616294e+00,1.086695180294006e-02,-1.724602963945412e-02,-5.562755711191579e-01,8.307478394773244e-01
1609043746649471521,1029,1609043746649471521,-1.068228290886230e+00,-5.201119887167598e-01,-2.036596633337519e+00,1.206167654372405e-02,-1.446941780413454e-02,-5.563139946695819e-01,8.307586239348567e-01
1609043746739773273,1030,1609043746739773273,-9.866478778691907e-01,-5.151357366837218e-01,-2.037339829466426e+00,1.362167561820017e-02,-1.279087470334389e-02,-5.563686164609154e-01,8.307254697522177e-01
1609043746841520548,1031,1609043746841520548,-8.975371477785893e-01,-5.081683093460764e-01,-2.038870087846353e+00,1.383720209308465e-02,-1.178870634656220e-02,-5.564139035011859e-01,8.307064019444431e-01
1609043746924635887,1032,1609043746924635887,-8.293428960505266e-01,-5.045154625779389e-01,-2.039554637077545e+00,1.479875896987212e-02,-1.002892074235579e-02,-5.566430296213396e-01,8.305594229527901e-01
1609043747027572155,1033,1609043747027572155,-7.480610888341308e-01,-4.998877282997866e-01,-2.039338798540156e+00,1.483099711497083e-02,-9.362649055886980e-03,-5.565407056088273e-01,8.306351938893878e-01
1609043747150622606,1034,1609043747150622606,-6.540889674491299e-01,-4.926847992177670e-01,-2.039775952836121e+00,1.539687237041139e-02,-8.621590054658932e-03,-5.563840955883078e-01,8.307378302945638e-01
1609043747253768206,1035,1609043747253768206,-5.761630132689418e-01,-4.869870837657029e-01,-2.039492063456225e+00,1.609388410144692e-02,-7.011112604306048e-03,-5.563952868689996e-01,8.307322769367654e-01
1609043747357060432,1036,1609043747357060432,-4.989123465149574e-01,-4.777522666225212e-01,-2.037060108677051e+00,1.600358141766643e-02,-6.653271763384599e-03,-5.564368094157871e-01,8.307091527627644e-01
1609043747440463543,1037,1609043747440463543,-4.357628183948400e-01,-4.705776909523031e-01,-2.033372038435205e+00,1.589390080438771e-02,-7.567775358476662e-03,-5.564787243777047e-01,8.306753529558383e-01
1609043747542784929,1038,1609043747542784929,-3.562125753197209e-01,-4.605275615037514e-01,-2.027929191785330e+00,1.435919088956764e-02,-9.796422142045055e-03,-5.567141139588919e-01,8.305222688580829e-01
1609043747646012068,1039,1609043747646012068,-2.734351192459278e-01,-4.509349592948284e-01,-2.023602586375929e+00,1.194737607428684e-02,-1.202897152133107e-02,-5.567564385484582e-01,8.305027586853132e-01
1609043747749099493,1040,1609043747749099493,-1.894349659071438e-01,-4.436813266085035e-01,-2.016036958193488e+00,1.087511548723001e-02,-1.270104422128846e-02,-5.567736760694986e-01,8.304959295354104e-01
1609043747819575787,1041,1609043747819575787,-1.193378695604349e-01,-4.366244397727603e-01,-2.009793040253319e+00,1.107585706226082e-02,-1.193312258136473e-02,-5.567330453001695e-01,8.305319032081754e-01
1609043747921981335,1042,1609043747921981335,-2.420849550576716e-02,-4.243388375592915e-01,-2.000655147704661e+00,1.075988544113655e-02,-1.245492903345117e-02,-5.569446994011623e-01,8.303864771400208e-01
1609043748024344921,1043,1609043748024344921,6.425234835461185e-02,-4.130564615476608e-01,-1.998892998347820e+00,1.201703208729567e-02,-1.163261464961185e-02,-5.569147350494341e-01,8.304012590916787e-01
1609043748127295494,1044,1609043748127295494,1.487329445374286e-01,-3.968445434276895e-01,-1.998925122671182e+00,1.232052094051861e-02,-1.007641720449472e-02,-5.569456549244389e-01,8.303964162018421e-01
1609043748250650167,1045,1609043748250650167,2.481051092278343e-01,-3.811387626251445e-01,-2.000592515334283e+00,1.303195860160387e-02,-9.169241415887786e-03,-5.570705898142446e-01,8.303122611589406e-01
1609043748333773136,1046,1609043748333773136,3.160790798133151e-01,-3.720163746371586e-01,-2.003023355436000e+00,1.428040669897203e-02,-7.429791327797284e-03,-5.572300606321928e-01,8.302021005232282e-01
1609043748436781406,1047,1609043748436781406,3.980136225494516e-01,-3.583379096406236e-01,-2.008440857170769e+00,1.595817254986886e-02,-5.226624987466385e-03,-5.571298666004801e-01,8.302555816505182e-01
1609043748539822817,1048,1609043748539822817,4.806809954581010e-01,-3.453430475533832e-01,-2.012602188531025e+00,1.607102702259077e-02,-4.592876278537747e-03,-5.572465316107412e-01,8.301788545763669e-01
1609043748642814398,1049,1609043748642814398,5.660820870868779e-01,-3.345910813152368e-01,-2.014799959178712e+00,1.640175679530738e-02,-4.314042342462161e-03,-5.572565809359377e-01,8.301671364347566e-01
1609043748746139050,1050,1609043748746139050,6.479681573694309e-01,-3.176014745716554e-01,-2.017709563940814e+00,1.647182149333926e-02,-4.344366853957392e-03,-5.572551378514509e-01,8.301665597405682e-01
1609043748849163294,1051,1609043748849163294,7.335689463226392e-01,-2.995674104660090e-01,-2.022720706091952e+00,1.673826747516107e-02,-5.054579412210284e-03,-5.571912775268049e-01,8.302000734021545e-01
1609043748939514875,1052,1609043748939514875,8.206345724064859e-01,-2.766359414114348e-01,-2.021056506368190e+00,1.648717514825572e-02,-5.928193379261651e-03,-5.572448385510617e-01,8.301633691551863e-01
1609043749021389484,1053,1609043749021389484,8.956395077462778e-01,-2.573048022672816e-01,-2.017627174411138e+00,1.557954844551880e-02,-7.956944414134642e-03,-5.573855686993977e-01,8.300694504145260e-01
1609043749144334078,1054,1609043749144334078,1.003891555918913e+00,-2.308823681200029e-01,-2.011801107474706e+00,1.239754611149074e-02,-1.228332542494990e-02,-5.574550747321783e-01,8.300236505198268e-01
1609043749227611542,1055,1609043749227611542,1.071470899640578e+00,-2.131376920423912e-01,-2.009065359365939e+00,1.116587922367608e-02,-1.392238530208104e-02,-5.575992712043224e-01,8.299183954347988e-01
1609043749330794096,1056,1609043749330794096,1.154577236069940e+00,-1.922238253400888e-01,-2.005434546110367e+00,1.013733831735909e-02,-1.521287928557867e-02,-5.575337465736716e-01,8.299529649969369e-01
1609043749433780432,1057,1609043749433780432,1.238734213406379e+00,-1.703314054382748e-01,-2.000463463168050e+00,9.629715788908940e-03,-1.546734841634938e-02,-5.576744875702487e-01,8.298597445472655e-01
1609043749536404848,1058,1609043749536404848,1.322486797788127e+00,-1.505537001540750e-01,-1.997440107275986e+00,9.316378467311549e-03,-1.566449207128171e-02,-5.578097797718442e-01,8.297686896788098e-01
1609043749639845371,1059,1609043749639845371,1.407722310161406e+00,-1.279790712147809e-01,-1.991365453661444e+00,8.775796159402705e-03,-1.761998423085716e-02,-5.576898762072643e-01,8.298159576275930e-01
1609043749762536287,1060,1609043749762536287,1.509958429428869e+00,-1.046413653636529e-01,-1.983042608166590e+00,7.736850295366661e-03,-1.856194390471190e-02,-5.559376741950507e-01,8.309806843703307e-01
1609043749845575571,1061,1609043749845575571,1.585248046040468e+00,-9.005391941507083e-02,-1.982748208080772e+00,7.659517606133347e-03,-1.948477550659187e-02,-5.531788161701847e-01,8.327994192205300e-01
1609043749948387623,1062,1609043749948387623,1.685189685982238e+00,-7.420749581150596e-02,-1.976944399640306e+00,7.675467675752060e-03,-2.017668118056191e-02,-5.467489698195377e-01,8.370182511354043e-01
1609043750018717527,1063,1609043750018717527,1.768223623547956e+00,-5.618181019928447e-02,-1.968475333018256e+00,7.666241217706490e-03,-2.086059588763596e-02,-5.374883608143994e-01,8.429782478058699e-01
1609043750140052319,1064,1609043750140052319,1.911622486073340e+00,-3.854022866004814e-02,-1.958223488895262e+00,6.934462907037851e-03,-2.045765566248196e-02,-5.178061321764387e-01,8.552252376008690e-01
1609043750243342638,1065,1609043750243342638,2.026729151710261e+00,-2.263716248362541e-02,-1.952698782737692e+00,6.687242377565131e-03,-2.019414572317450e-02,-4.991027850833241e-01,8.662816442647069e-01
1609043750326204062,1066,1609043750326204062,2.110310822733662e+00,-9.397133703241758e-03,-1.948978960118484e+00,6.450601213520759e-03,-1.996828245417611e-02,-4.839659398173349e-01,8.748351996442176e-01
1609043750430735826,1067,1609043750430735826,2.217768141508268e+00,3.911254666506209e-03,-1.943095302672285e+00,7.731124451971034e-03,-1.739447116133939e-02,-4.650737083518242e-01,8.850672900337058e-01
1609043750533382177,1068,1609043750533382177,2.318443672571556e+00,1.859317676580560e-02,-1.948024289964792e+00,1.314880488361235e-02,-4.898100991913209e-03,-4.453963804972115e-01,8.952235373228236e-01
1609043750636726141,1069,1609043750636726141,2.422390238093628e+00,3.582456309103307e-02,-1.949252570600326e+00,1.698896425082865e-02,3.434771792730008e-03,-4.269939599073013e-01,9.040883450410684e-01
1609043750760339260,1070,1609043750760339260,2.543908487531918e+00,6.076744743220321e-02,-1.950183888044530e+00,1.372393075899826e-02,1.060467559670650e-02,-4.054345045992517e-01,9.139595489190812e-01
1609043750863399744,1071,1609043750863399744,2.645621418585695e+00,8.260373089475224e-02,-1.939249194431569e+00,4.335540891416153e-03,6.504141592537004e-03,-3.883793288145878e-01,9.214664379004009e-01
1609043750966970682,1072,1609043750966970682,2.744690838133188e+00,1.035412252878029e-01,-1.932829076808255e+00,-5.974609621559174e-03,3.443428011902424e-03,-3.706501058984724e-01,9.287469762216445e-01
1609043751049365759,1073,1609043751049365759,2.822574086349305e+00,1.223782763861250e-01,-1.933846686499303e+00,-1.534551310740548e-02,1.975925800747933e-03,-3.560832496854139e-01,9.343261369768993e-01
1609043751139475822,1074,1609043751139475822,2.917358982247095e+00,1.436316361239311e-01,-1.932035195593447e+00,-2.273611009192689e-02,-6.577219634606449e-04,-3.336079311379182e-01,9.424374700645050e-01
1609043751221228838,1075,1609043751221228838,2.998937062015685e+00,1.553724325999488e-01,-1.931276478247183e+00,-2.017924023057168e-02,-2.209262355743915e-04,-3.182628973194839e-01,9.477876754026310e-01
1609043751323958874,1076,1609043751323958874,3.089481103982656e+00,1.648817548789596e-01,-1.932199051977752e+00,-1.580930001302202e-02,1.514693853917105e-03,-2.993136041823510e-01,9.540226087923693e-01
1609043751427062035,1077,1609043751427062035,3.172471071499022e+00,1.700912841477178e-01,-1.933467678902132e+00,-8.034817393389968e-03,2.827501238404823e-03,-2.813232737278495e-01,9.595752511425287e-01
1609043751550692558,1078,1609043751550692558,3.262127007143083e+00,1.703252128979181e-01,-1.935700512393636e+00,-4.436313348598951e-04,9.011908540047799e-03,-2.597568129592221e-01,9.656319106248364e-01
1609043751631970406,1079,1609043751631970406,3.316188070087115e+00,1.708009471159040e-01,-1.938030604502057e+00,5.085264620396650e-03,1.327804961792588e-02,-2.452337935343309e-01,9.693596958770494e-01
1609043751736021280,1080,1609043751736021280,3.381510011754892e+00,1.750369009174204e-01,-1.943061895280793e+00,8.263721286566271e-03,1.385787489468369e-02,-2.247072715128691e-01,9.742927241559094e-01
1609043751858784199,1081,1609043751858784199,3.458946036471217e+00,1.871694982342920e-01,-1.940320604215894e+00,6.914580891067424e-03,9.784128984736840e-03,-1.987811151855300e-01,9.799706769269720e-01
1609043751942535877,1082,1609043751942535877,3.510049542877369e+00,1.969557615409636e-01,-1.940355965520302e+00,6.532492582404643e-03,8.891939508077590e-03,-1.807159589624073e-01,9.834734374291677e-01
1609043752045734167,1083,1609043752045734167,3.570311063202507e+00,2.065755375001967e-01,-1.945805416413829e+00,5.572489611906507e-03,9.291462075985406e-03,-1.587386374611762e-01,9.872611919188280e-01
1609043752149035931,1084,1609043752149035931,3.624936001419577e+00,2.188303711751752e-01,-1.950616340456411e+00,5.323879547656526e-03,1.083334975432903e-02,-1.369702251955476e-01,9.905016164800254e-01
1609043752219382763,1085,1609043752219382763,3.672973608784652e+00,2.348472833571330e-01,-1.955115933325377e+00,5.918418573382949e-03,1.454060131812131e-02,-1.152694678147383e-01,9.932101957917089e-01
1609043752321341753,1086,1609043752321341753,3.726861855820435e+00,2.501739371374428e-01,-1.965927689436852e+00,6.767555064112173e-03,1.737513726228352e-02,-9.495666293713514e-02,9.953067552103795e-01
1609043752425053120,1087,1609043752425053120,3.771250831451800e+00,2.595856387219001e-01,-1.976637596807916e+00,6.414577883960227e-03,1.913191281337794e-02,-8.404768658524896e-02,9.962574012183496e-01
1609043752528568268,1088,1609043752528568268,3.807732867499362e+00,2.640078211908029e-01,-1.986729625950601e+00,6.438110381989641e-03,1.960495165250917e-02,-8.269407213669301e-02,9.963613235362277e-01
1609043752631413937,1089,1609043752631413937,3.837536762431300e+00,2.687980162344353e-01,-1.998080165369931e+00,6.259729403777872e-03,1.963433111203659e-02,-8.285967294710510e-02,9.963481236137665e-01
1609043752734324217,1090,1609043752734324217,3.862462587944890e+00,2.744957304991341e-01,-2.009000130890554e+00,6.232313081466258e-03,1.879568414501965e-02,-8.348980470742694e-02,9.963118653519544e-01
1609043752837136030,1091,1609043752837136030,3.883704514551781e+00,2.809198213667888e-01,-2.018927255987589e+00,6.198943746485002e-03,1.952220990277939e-02,-8.370310134788361e-02,9.962802051841066e-01
1609043752940010548,1092,1609043752940010548,3.900454381146524e+00,2.897385429214440e-01,-2.032055236926323e+00,6.767652030657468e-03,2.119296009031206e-02,-8.408476211477701e-02,9.962102238527286e-01
1609043753042871714,1093,1609043753042871714,3.911920901933396e+00,3.006504381641764e-01,-2.039275540264493e+00,6.965182385709778e-03,2.210801975203324e-02,-8.419045184260839e-02,9.961800487439583e-01
1609043753145842791,1094,1609043753145842791,3.918261391386574e+00,3.105471006577918e-01,-2.043827526578109e+00,6.854962767542285e-03,2.268224099822598e-02,-8.413976058767964e-02,9.961721869822515e-01
1609043753248794079,1095,1609043753248794079,3.920328054289384e+00,3.236267527811266e-01,-2.046947765239395e+00,6.912580997001421e-03,2.275323127165298e-02,-8.424762455307010e-02,9.961610534686766e-01
1609043753319054604,1096,1609043753319054604,3.919881099297323e+00,3.333221891697840e-01,-2.046416810888868e+00,6.962191277710039e-03,2.237280446568289e-02,-8.447123634577514e-02,9.961503881157548e-01
1609043753421645641,1097,1609043753421645641,3.913939105342808e+00,3.510066809418055e-01,-2.050423830688397e+00,7.110783201586806e-03,2.221298047978641e-02,-8.464155543856823e-02,9.961384579230964e-01
1609043753524111748,1098,1609043753524111748,3.901607426245459e+00,3.686682863946271e-01,-2.053751314860848e+00,6.668083396635421e-03,2.039638821321004e-02,-8.465207214520927e-02,9.961794771491701e-01
1609043753627609253,1099,1609043753627609253,3.883499181085707e+00,3.876649431116132e-01,-2.058258400996659e+00,6.731766786596533e-03,1.983060214322265e-02,-8.496207314519146e-02,9.961640811941772e-01
1609043753730607986,1100,1609043753730607986,3.863630154913813e+00,4.062545924834408e-01,-2.061662871302903e+00,6.450893407228233e-03,1.812871560364391e-02,-8.489934477902281e-02,9.962037125512549e-01
1609043753833702803,1101,1609043753833702803,3.837818381844904e+00,4.242980646849341e-01,-2.059639676730296e+00,5.699515998279519e-03,1.045582610628102e-02,-8.488294195542087e-02,9.963197666325874e-01
1609043753956195354,1102,1609043753956195354,3.806628812550974e+00,4.500501362353095e-01,-2.049025812771223e+00,4.109595689085611e-03,-4.742278891880398e-03,-8.483203439073668e-02,9.963755054974569e-01
1609043754059747934,1103,1609043754059747934,3.785120955119053e+00,4.697734727290054e-01,-2.044990410403317e+00,3.256676490476822e-03,-9.396591622588081e-03,-8.493775946646312e-02,9.963366274211402e-01
1609043754142949820,1104,1609043754142949820,3.766027316196964e+00,4.844421327414335e-01,-2.042192442166600e+00,3.207237460252522e-03,-1.142984454045732e-02,-8.495102609005291e-02,9.963144059220973e-01
1609043754265662670,1105,1609043754265662670,3.739789641233479e+00,5.073839921431664e-01,-2.036164843608377e+00,3.199994819769836e-03,-1.139344375005940e-02,-8.505032729174729e-02,9.963063742143952e-01
1609043754368872881,1106,1609043754368872881,3.723740714075978e+00,5.273908073285398e-01,-2.028711030895506e+00,4.275857829498722e-03,-7.206359444572014e-03,-8.526016619721652e-02,9.963234863654478e-01
1609043754419343233,1107,1609043754419343233,3.712141155914003e+00,5.389198490501470e-01,-2.029507213110704e+00,4.920608185716050e-03,-1.347647568034286e-03,-8.542440817179348e-02,9.963315923675280e-01
1609043754521349907,1108,1609043754521349907,3.689785213466163e+00,5.637672321728266e-01,-2.019127195006939e+00,4.941645481875094e-03,5.002143652591757e-03,-8.381464978601523e-02,9.964565535837766e-01
1609043754643802404,1109,1609043754643802404,3.660404497997413e+00,5.945921478999288e-01,-2.008193985418083e+00,6.196106541684713e-03,1.099188691658374e-02,-7.656655518516071e-02,9.969846284235354e-01
1609043754746574640,1110,1609043754746574640,3.635583408007129e+00,6.225565963441204e-01,-2.001241846246267e+00,6.747462952450628e-03,1.324090832780077e-02,-6.937710827009311e-02,9.974798077848192e-01
1609043754860787630,1111,1609043754860787630,3.605681847080368e+00,6.539297461613143e-01,-1.995334960235139e+00,6.720708599647840e-03,1.370427996318572e-02,-6.097569116268074e-02,9.980225397624257e-01
1609043754953140259,1112,1609043754953140259,3.579945705502618e+00,6.803404009745210e-01,-1.993762618609161e+00,6.719027627567335e-03,1.360531538533345e-02,-5.286133940658460e-02,9.984865691921687e-01
1609043755036437035,1113,1609043755036437035,3.554093663966640e+00,7.034620117846061e-01,-1.991997918246764e+00,6.744725956078433e-03,1.354293504423132e-02,-4.482006548461694e-02,9.988805030193151e-01
1609043755139840364,1114,1609043755139840364,3.521601538730122e+00,7.334353509462039e-01,-1.987172825615001e+00,6.286321011562846e-03,1.164103475817193e-02,-3.632974644072849e-02,9.992522794577209e-01
1609043755243295908,1115,1609043755243295908,3.487366963790128e+00,7.615098737157548e-01,-1.982779562392010e+00,6.175324393079431e-03,7.274234963978703e-03,-3.162390918856801e-02,9.994542907216729e-01
1609043755346446514,1116,1609043755346446514,3.449447460758982e+00,7.882040796545573e-01,-1.981084473946634e+00,5.934567183105197e-03,5.085356659137679e-03,-3.075542655356674e-02,9.994963850847619e-01
1609043755469046831,1117,1609043755469046831,3.401733790936859e+00,8.234851558479876e-01,-1.979091861370456e+00,6.126420591404101e-03,2.787912315912067e-03,-3.061553911009426e-02,9.995085708890417e-01
1609043755539588213,1118,1609043755539588213,3.370102999971952e+00,8.478933100441033e-01,-1.975049644184458e+00,7.153597852904546e-03,3.087624597282910e-03,-3.114274720113818e-02,9.994845781245808e-01
1609043755641150951,1119,1609043755641150951,3.321606728325496e+00,8.802560947330328e-01,-1.974768754127526e+00,5.619525763705784e-03,9.566583038238834e-03,-3.110319226114947e-02,9.994545976933267e-01
1609043755724088669,1120,1609043755724088669,3.283138196428389e+00,9.043650238874588e-01,-1.972566518871025e+00,6.840323561249095e-03,8.767470188511784e-03,-3.120582182973684e-02,9.994511184265100e-01
1609043755846595526,1121,1609043755846595526,3.226313318349877e+00,9.464821132912227e-01,-1.971306118534175e+00,6.930519655409345e-03,4.926009418377246e-03,-3.128634711686266e-02,9.994742952235436e-01
1609043755930118322,1122,1609043755930118322,3.188833435117849e+00,9.739589021797151e-01,-1.969465040526592e+00,7.365085028743033e-03,4.576747728386395e-04,-3.141536751291366e-02,9.994791747406998e-01
1609043756033272028,1123,1609043756033272028,3.143617007433469e+00,1.006816979673816e+00,-1.970369221114390e+00,7.177983129656759e-03,-3.644268876559746e-03,-3.148221732747618e-02,9.994718934790969e-01
1609043756136193991,1124,1609043756136193991,3.101953264088863e+00,1.041881670293025e+00,-1.970721955855947e+00,6.583127580781946e-03,-5.929262090980715e-03,-3.160591472184700e-02,9.994611410339609e-01
1609043756239521027,1125,1609043756239521027,3.060249543279979e+00,1.076655535526340e+00,-1.972118515837365e+00,6.503399842278053e-03,-7.323657139428640e-03,-3.178503963820938e-02,9.994467374961975e-01
1609043756362198114,1126,1609043756362198114,3.011423085387837e+00,1.116668171762971e+00,-1.975046714890548e+00,6.157674078284409e-03,-7.513163847881144e-03,-3.163097666365718e-02,9.994524084388630e-01
1609043756446665049,1127,1609043756446665049,2.977381208658372e+00,1.142428369123778e+00,-1.973273949755656e+00,5.757366714866390e-03,-7.149410359269636e-03,-3.174552045690347e-02,9.994538311452639e-01
1609043756548847198,1128,1609043756548847198,2.937358015607416e+00,1.179325012690422e+00,-1.977935904490448e+00,5.704908970227899e-03,-6.891478599368377e-03,-3.191830429817727e-02,9.994504406858226e-01
1609043756638649464,1129,1609043756638649464,2.899478091487779e+00,1.215761000746919e+00,-1.973604320478507e+00,6.008110564353796e-03,-6.404411840413594e-03,-3.202312139992729e-02,9.994485508580371e-01
1609043756720981836,1130,1609043756720981836,2.864872680874024e+00,1.247517381358171e+00,-1.969101432674749e+00,4.964380335112318e-03,-6.286639609910781e-03,-3.214832611433585e-02,9.994510084132937e-01
1609043756824091673,1131,1609043756824091673,2.822863616727513e+00,1.287817084485068e+00,-1.966830208103427e+00,-1.628042785020469e-04,-6.103534456107134e-03,-3.218944015703865e-02,9.994631360406878e-01
1609043756947031736,1132,1609043756947031736,2.777825480144775e+00,1.337496884012711e+00,-1.966036103748225e+00,-7.077734901703078e-03,-6.065042245173845e-03,-3.239714227706048e-02,9.994316115190200e-01
1609043757031210899,1133,1609043757031210899,2.749279603486534e+00,1.366257270875451e+00,-1.966197289389571e+00,-9.507939079571228e-03,-6.170338798308219e-03,-3.234288359543411e-02,9.994125594039258e-01
1609043757133403301,1134,1609043757133403301,2.716079467079494e+00,1.398169958375553e+00,-1.967605015510059e+00,-1.106885015521444e-02,-6.525719924421912e-03,-3.262925313435396e-02,9.993849245288843e-01
1609043757256402493,1135,1609043757256402493,2.679212635417312e+00,1.432353340288308e+00,-1.968242094776100e+00,-1.602339290823661e-02,-7.037016903168043e-03,-3.261561726060629e-02,9.993147416022253e-01
1609043757339585066,1136,1609043757339585066,2.654784883614115e+00,1.449221526030121e+00,-1.964392717103095e+00,-1.820093717797299e-02,-7.268943294340324e-03,-3.271489718596231e-02,9.992725473319775e-01
1609043757442633390,1137,1609043757442633390,2.623943835077246e+00,1.471161515498559e+00,-1.950549869184889e+00,-1.698053057523867e-02,-7.415942597023431e-03,-3.294683144400420e-02,9.992853304610158e-01
1609043757546151161,1138,1609043757546151161,2.593963705697824e+00,1.489584492037979e+00,-1.949160159285084e+00,-9.585447375295857e-03,-7.854395672814929e-03,-3.286639357391748e-02,9.993829235286515e-01
1609043757648585081,1139,1609043757648585081,2.565058717562892e+00,1.501246079439314e+00,-1.962538414469058e+00,4.827518812244247e-04,-8.314197297801845e-03,-3.289976704253333e-02,9.994239572886280e-01
1609043757738387585,1140,1609043757738387585,2.537726356154904e+00,1.517918327017334e+00,-1.992102089429497e+00,7.745759406351777e-03,-8.299429753914591e-03,-3.323858981078310e-02,9.993829690485871e-01
1609043757820679426,1141,1609043757820679426,2.514467013740510e+00,1.529326564812474e+00,-2.025254510463645e+00,9.869013135954736e-03,-9.098295347009195e-03,-3.342908150219405e-02,9.993509494223842e-01
1609043757943871975,1142,1609043757943871975,2.484408213461213e+00,1.546818256396203e+00,-2.081262582946048e+00,1.006356233068467e-02,-9.318654008120186e-03,-3.346771954677413e-02,9.993456855107905e-01
1609043758046914816,1143,1609043758046914816,2.466200855222840e+00,1.569196002426657e+00,-2.125685989661858e+00,9.323320593348594e-03,-9.505305925680992e-03,-3.375316206582538e-02,9.993415076453750e-01
1609043758150394201,1144,1609043758150394201,2.445284154916503e+00,1.589253884859203e+00,-2.168195323481886e+00,7.181150617151162e-03,-9.354174551814818e-03,-3.371299128487246e-02,9.993619788209346e-01
1609043758233324051,1145,1609043758233324051,2.427836848842413e+00,1.607929043757625e+00,-2.201168742138842e+00,4.572884770045963e-03,-8.913780622386439e-03,-3.386543804408220e-02,9.993761881023473e-01
1609043758356055737,1146,1609043758356055737,2.407263042953597e+00,1.631159302880274e+00,-2.248687683587343e+00,3.137649430248596e-03,-8.469067528949877e-03,-3.403809862654796e-02,9.993797265770066e-01
1609043758439525366,1147,1609043758439525366,2.395438475538272e+00,1.649680096174087e+00,-2.294435847066141e+00,2.360962287988432e-03,-8.009808733592607e-03,-3.393443439957425e-02,9.993891749379252e-01
1609043758542625904,1148,1609043758542625904,2.382311798699701e+00,1.670004521079079e+00,-2.336200498468640e+00,-2.567346957011765e-03,-7.594495012620085e-03,-3.427545861768212e-02,9.993802706235766e-01
1609043758665444851,1149,1609043758665444851,2.367199073133706e+00,1.692844328896208e+00,-2.392874573155689e+00,-5.411921194018228e-03,-7.928905624404856e-03,-3.421277066404188e-02,9.993684655261434e-01
1609043758768558264,1150,1609043758768558264,2.357122505637680e+00,1.711979156556195e+00,-2.436398294928156e+00,-8.882855518803237e-03,-7.667439053275812e-03,-3.467724817762598e-02,9.993296721878240e-01
1609043758839010239,1151,1609043758839010239,2.346785003632486e+00,1.725540832311561e+00,-2.467956632671554e+00,-1.057227163768383e-02,-8.256527979434205e-03,-3.472688917426765e-02,9.993068097368405e-01
1609043758941688538,1152,1609043758941688538,2.333313988195761e+00,1.741845644640371e+00,-2.507207914578680e+00,-1.205305686624013e-02,-8.634443790848685e-03,-3.485787408275122e-02,9.992822918550258e-01
1609043759043778658,1153,1609043759043778658,2.323452971680877e+00,1.753130683997749e+00,-2.541749014388278e+00,-1.404678078025955e-02,-9.004302209513117e-03,-3.514614974069614e-02,9.992428927192005e-01
1609043759126924038,1154,1609043759126924038,2.317349937476417e+00,1.760301630391841e+00,-2.563958096907893e+00,-1.445931982144924e-02,-9.131317329694019e-03,-3.522441745245353e-02,9.992330996965927e-01
1609043759230201244,1155,1609043759230201244,2.309181208742489e+00,1.763332182713301e+00,-2.588342115224277e+00,-1.216112586411633e-02,-9.440693123431728e-03,-3.522885019084618e-02,9.992606809263023e-01
1609043759353111506,1156,1609043759353111506,2.299282901848070e+00,1.763109859626468e+00,-2.618157065297284e+00,-8.032155017735486e-03,-1.010209490782223e-02,-3.507702387388182e-02,9.993012731706067e-01
1609043759436186552,1157,1609043759436186552,2.294889963258352e+00,1.762728768184125e+00,-2.644343656333889e+00,-4.585899068597766e-03,-1.046218626097217e-02,-3.522076399463516e-02,9.993142698731003e-01
1609043759539229393,1158,1609043759539229393,2.293471316635397e+00,1.763956600179457e+00,-2.680549035721725e+00,-1.681604915609474e-03,-1.094124156184991e-02,-3.513392762926397e-02,9.993213039695165e-01
1609043759642440796,1159,1609043759642440796,2.288972768492971e+00,1.764635235125962e+00,-2.721061928602649e+00,-5.669611181811067e-04,-1.109186630553238e-02,-3.510603559451687e-02,9.993218777359911e-01
1609043759745721817,1160,1609043759745721817,2.290252145301288e+00,1.761761315694300e+00,-2.762817044288467e+00,-9.987607472785986e-04,-1.130360764606651e-02,-3.509695798273110e-02,9.993194856858901e-01
1609043759848371983,1161,1609043759848371983,2.292603089516672e+00,1.756601614792832e+00,-2.805381989245023e+00,-4.131476770673004e-04,-1.167763138829922e-02,-3.512305465140934e-02,9.993146818025391e-01
1609043759918616056,1162,1609043759918616056,2.293482179653547e+00,1.753428897334105e+00,-2.840190194856083e+00,2.368251028365285e-03,-1.131469403797687e-02,-3.532395038440603e-02,9.993090551051430e-01
1609043760020257950,1163,1609043760020257950,2.299479007266927e+00,1.751268253852735e+00,-2.888687938227819e+00,5.482468574362844e-03,-1.199999094145254e-02,-3.532330629736979e-02,9.992888505271929e-01
1609043760143832684,1164,1609043760143832684,2.307036180977076e+00,1.747569477101477e+00,-2.944275934384550e+00,5.988160696884452e-03,-1.221557043686420e-02,-3.548563354584607e-02,9.992775848492851e-01
1609043760246999979,1165,1609043760246999979,2.317277816646407e+00,1.746746337192922e+00,-2.991112976080706e+00,2.035926419777095e-03,-1.228465940790616e-02,-3.537582181696065e-02,9.992964992321447e-01
1609043760329920053,1166,1609043760329920053,2.326527513561781e+00,1.744209507672837e+00,-3.026992580342277e+00,-2.443196017666603e-03,-1.221412888853613e-02,-3.568894231466022e-02,9.992853172368612e-01
1609043760452553272,1167,1609043760452553272,2.340669583482858e+00,1.743365996838746e+00,-3.078318737344223e+00,-6.531526107753069e-03,-1.245691836520369e-02,-3.580570884324764e-02,9.992597838228950e-01
1609043760536081076,1168,1609043760536081076,2.350255423752670e+00,1.740732395992224e+00,-3.106469576418923e+00,-7.833685719163248e-03,-1.239481324933703e-02,-3.596723195951394e-02,9.992453953848064e-01
1609043760639323473,1169,1609043760639323473,2.363984577999816e+00,1.734956543303312e+00,-3.137583973693967e+00,-9.034862573158418e-03,-1.259330591308502e-02,-3.593186992139686e-02,9.992340469721873e-01
1609043760762206554,1170,1609043760762206554,2.382277687890149e+00,1.728231415748880e+00,-3.175745230095266e+00,-1.060531666730945e-02,-1.281321074795561e-02,-3.600762495414523e-02,9.992130903035029e-01
1609043760845391512,1171,1609043760845391512,2.398495392330254e+00,1.721395747542758e+00,-3.205338895859652e+00,-1.169923555504413e-02,-1.313911425838340e-02,-3.605451356752495e-02,9.991949577611678e-01
1609043760967994452,1172,1609043760967994452,2.420308058526381e+00,1.710913764614043e+00,-3.244428635372640e+00,-1.749982121738531e-02,-1.265170667564672e-02,-3.632886421230128e-02,9.991065529765066e-01
1609043761018566132,1173,1609043761018566132,2.434553518186556e+00,1.699656184386200e+00,-3.249811370202884e+00,-2.159338322829820e-02,-1.163325822198228e-02,-3.644953341874173e-02,9.990344461616188e-01
1609043761141410351,1174,1609043761141410351,2.465065798562257e+00,1.675903494866574e+00,-3.276074792525043e+00,-2.348500801846923e-02,-7.874846427017303e-03,-3.667110082460005e-02,9.990203559269627e-01
1609043761243025303,1175,1609043761243025303,2.488803156454602e+00,1.648190283247892e+00,-3.296469890939717e+00,-1.705294088118743e-02,2.173251925561638e-03,-3.651727070473465e-02,9.991851495712133e-01
1609043761326782227,1176,1609043761326782227,2.506453557462422e+00,1.624893528336247e+00,-3.310236313130519e+00,-1.268005141313825e-02,8.794879588478514e-03,-3.660315623221216e-02,9.992107261949427e-01
1609043761449782848,1177,1609043761449782848,2.525009918841621e+00,1.587375977154795e+00,-3.322541910310125e+00,-6.748186952480277e-03,1.259636860358706e-02,-3.636375240257192e-02,9.992364439821345e-01
1609043761532974005,1178,1609043761532974005,2.536269678988220e+00,1.563843914998422e+00,-3.330520029941827e+00,-4.607301367428453e-03,1.334336222731259e-02,-3.645210686954752e-02,9.992356935995388e-01
1609043761655940294,1179,1609043761655940294,2.547471797625897e+00,1.527591659106018e+00,-3.335405473236268e+00,-4.506219382918673e-03,1.142044812319232e-02,-3.641386584778183e-02,9.992613760801317e-01
1609043761759148121,1180,1609043761759148121,2.557691390486965e+00,1.496229420045848e+00,-3.335949220190676e+00,-7.063311336641626e-03,9.351520598816204e-03,-3.660947700059292e-02,9.992609293318711e-01
1609043761842117548,1181,1609043761842117548,2.563492508343510e+00,1.469208846286745e+00,-3.330285971649631e+00,-8.597539828087836e-03,7.540686620130667e-03,-3.667225293718566e-02,9.992619107214648e-01
1609043761945192337,1182,1609043761945192337,2.570835690783055e+00,1.434298296335928e+00,-3.327287422091314e+00,-9.280997416940358e-03,4.155145546622580e-03,-3.683047227623430e-02,9.992697904791993e-01
1609043762068278313,1183,1609043762068278313,2.576455988343166e+00,1.391604651447894e+00,-3.311985555367849e+00,-1.044425847840653e-02,6.791650581666514e-04,-3.676069234456002e-02,9.992692868781711e-01
1609043762118698359,1184,1609043762118698359,2.579677166475628e+00,1.370571808391227e+00,-3.301750261183522e+00,-1.049841121799844e-02,-1.251640851260590e-04,-3.707659328523503e-02,9.992572711400257e-01
1609043762220456839,1185,1609043762220456839,2.582669506480807e+00,1.329754180667784e+00,-3.282165511745762e+00,-1.181207827956925e-02,-2.288838539966236e-03,-3.715346693984967e-02,9.992371369796085e-01
1609043762323642015,1186,1609043762323642015,2.583986939399692e+00,1.282882828804647e+00,-3.261312972206673e+00,-1.224641582703075e-02,-7.020492935383568e-03,-3.687210406990692e-02,9.992202889852636e-01
1609043762446498871,1187,1609043762446498871,2.587736692582500e+00,1.226846809726362e+00,-3.239074044457018e+00,-1.245434983012109e-02,-1.142544958095549e-02,-3.702902314954391e-02,9.991712564504508e-01
1609043762529525757,1188,1609043762529525757,2.589851280510425e+00,1.190380683709208e+00,-3.226162902600758e+00,-1.206729112255439e-02,-1.082863539525884e-02,-3.716248388600103e-02,9.991776973751280e-01
1609043762632798672,1189,1609043762632798672,2.597703162562714e+00,1.143209828434175e+00,-3.212718858044324e+00,-1.223863701334003e-02,-6.187121363732903e-03,-3.727085475362230e-02,9.992110981565510e-01
1609043762735858202,1190,1609043762735858202,2.607116239577355e+00,1.092197437768158e+00,-3.202849083137441e+00,-9.648891205139063e-03,-1.271203379154157e-03,-3.730783016329719e-02,9.992564279247779e-01
1609043762839329004,1191,1609043762839329004,2.614575890630448e+00,1.036967813110423e+00,-3.189179577633968e+00,-5.142579731117764e-03,6.993613609960386e-03,-3.741934340748013e-02,9.992619456285408e-01
1609043762941745281,1192,1609043762941745281,2.619597844747227e+00,9.845807109609831e-01,-3.191649862643097e+00,4.552585778657559e-04,1.961105843063583e-02,-3.769779720162110e-02,9.990966295674323e-01
1609043763064861774,1193,1609043763064861774,2.614670382758313e+00,9.245244162994392e-01,-3.191591094215392e+00,4.314367231795465e-03,2.562706516775305e-02,-3.759348124115628e-02,9.989551391000737e-01
1609043763147849083,1194,1609043763147849083,2.607182408107134e+00,8.851744086543153e-01,-3.184138333527793e+00,5.145854421313042e-03,2.228567589268058e-02,-3.766353062673958e-02,9.990286919268183e-01
1609043763238007545,1195,1609043763238007545,2.595906247398782e+00,8.362888923721771e-01,-3.161452095573374e+00,5.840428163137725e-03,1.202793418532433e-02,-3.759692041579212e-02,9.992035277026164e-01
1609043763320084572,1196,1609043763320084572,2.584823086507992e+00,7.910578995487867e-01,-3.143722623963199e+00,6.189731432450241e-03,8.406512073328098e-03,-3.785294339909461e-02,9.992287888444669e-01
1609043763443114996,1197,1609043763443114996,2.572082412245225e+00,7.272456280211517e-01,-3.121184884374880e+00,5.489407079878433e-03,4.524897100256978e-03,-3.772132536939623e-02,9.992629750613797e-01
1609043763545861244,1198,1609043763545861244,2.559492192930998e+00,6.820081600531350e-01,-3.108033411554946e+00,5.304544734266509e-03,2.815045397389142e-03,-3.767482515257496e-02,9.992720074505719e-01
1609043763629390955,1199,1609043763629390955,2.548257150481286e+00,6.448548728199958e-01,-3.102995790786945e+00,5.343275818403648e-03,4.697103540999393e-03,-3.787266942716129e-02,9.992572479258355e-01
1609043763752506733,1200,1609043763752506733,2.528438736619081e+00,5.963658543224001e-01,-3.097700350331186e+00,5.000594042473794e-03,7.467419391220115e-03,-3.813740065156077e-02,9.992320903465822e-01
1609043763855636597,1201,1609043763855636597,2.508681429990461e+00,5.547813385964151e-01,-3.099744940802436e+00,4.623052298123346e-03,9.158793498477300e-03,-3.813427998676557e-02,9.992199560552181e-01
1609043763938979387,1202,1609043763938979387,2.490860157056728e+00,5.249454666859088e-01,-3.099402525274442e+00,4.515391364162212e-03,8.415791750821305e-03,-3.819416537822880e-02,9.992246951617517e-01
1609043764061764479,1203,1609043764061764479,2.461130559884107e+00,4.801628455196956e-01,-3.098547357547937e+00,3.744675021509430e-03,5.360825957064077e-03,-3.814782765919907e-02,9.992507103819969e-01
1609043764144882202,1204,1609043764144882202,2.441460711983641e+00,4.512238807498834e-01,-3.098544361964138e+00,3.370388055213286e-03,3.113714086153551e-03,-3.824632852474587e-02,9.992578063859817e-01
1609043764247833252,1205,1609043764247833252,2.417116342303907e+00,4.119814529079740e-01,-3.098429375973049e+00,2.624618490066561e-03,5.127200105359166e-04,-3.827859777287496e-02,9.992635275284067e-01
1609043764318175554,1206,1609043764318175554,2.398510913911605e+00,3.821387863470345e-01,-3.097963353103030e+00,2.640429610158921e-04,-1.718141993569124e-03,-3.842826338703063e-02,9.992598495098568e-01
1609043764420358181,1207,1609043764420358181,2.373388798762792e+00,3.404155044316746e-01,-3.102961484400358e+00,-5.211324018142280e-03,-1.279403413807614e-05,-3.846137381261572e-02,9.992464984490748e-01
1609043764523464203,1208,1609043764523464203,2.350183344370626e+00,2.991247883940245e-01,-3.107833268913976e+00,-6.785156175208544e-03,7.424281836843525e-04,-3.861740151513419e-02,9.992307575111412e-01
1609043764626467943,1209,1609043764626467943,2.326118303654523e+00,2.595561276298611e-01,-3.112557748768638e+00,-7.246898053693647e-03,5.750250039049630e-04,-3.851967665850637e-02,9.992313977878039e-01
1609043764729375124,1210,1609043764729375124,2.302327603989781e+00,2.207453251634549e-01,-3.116410761778771e+00,-6.751703178666120e-03,-8.048754982111652e-04,-3.847309945134240e-02,9.992365021846563e-01
1609043764832405567,1211,1609043764832405567,2.277313335623846e+00,1.778835519506459e-01,-3.116101324153748e+00,-6.488593839747326e-03,-2.327358391375937e-03,-3.837512975772520e-02,9.992396264004839e-01
1609043764935601234,1212,1609043764935601234,2.252733995592636e+00,1.333838086714558e-01,-3.118868874414586e+00,-5.699632079237514e-03,-4.401884955802867e-03,-3.836254846994429e-02,9.992379358680736e-01
1609043765039448261,1213,1609043765039448261,2.229252603010448e+00,8.834779139222394e-02,-3.119644778915053e+00,-5.146585903262131e-03,-5.378990743943004e-03,-3.846219240032388e-02,9.992323247713103e-01
1609043765141198158,1214,1609043765141198158,2.205987638093274e+00,4.520644287509473e-02,-3.122848896544524e+00,-4.501248801943640e-03,-6.380139240673716e-03,-3.836978747518946e-02,9.992331019294755e-01
1609043765244382143,1215,1609043765244382143,2.185599617531658e+00,3.746012199615606e-04,-3.124019523419403e+00,-3.694860780368050e-03,-7.207650772036812e-03,-3.844435145507357e-02,9.992279167514091e-01
1609043765347510099,1216,1609043765347510099,2.165421367028116e+00,-4.319127671189302e-02,-3.122061866849788e+00,-3.123795214768793e-03,-6.142497952047859e-03,-3.853299507262765e-02,9.992335662461996e-01
1609043765437408447,1217,1609043765437408447,2.145021242260462e+00,-8.963588769793412e-02,-3.125462913600791e+00,-1.989291995195714e-03,-4.355791614424187e-03,-3.888314857756908e-02,9.992322905878614e-01
1609043765519605637,1218,1609043765519605637,2.127332417141521e+00,-1.323101077776098e-01,-3.129408918858003e+00,-1.654727110808784e-03,-3.430176863107325e-03,-3.884090299718918e-02,9.992381498017575e-01
1609043765622845650,1219,1609043765622845650,2.109612901842215e+00,-1.834821902630086e-01,-3.134772066108198e+00,-1.819432577033887e-03,-3.149280000523429e-03,-3.910803156494379e-02,9.992283690767048e-01
1609043765726315260,1220,1609043765726315260,2.092536036666988e+00,-2.376093414884462e-01,-3.135853909486846e+00,-1.303030386647371e-03,-3.715457792196561e-03,-4.616866392210846e-02,9.989258991320894e-01
1609043765830260992,1221,1609043765830260992,2.073566935671884e+00,-2.981173797807679e-01,-3.141434423966862e+00,-9.779812069153203e-04,-3.957429512913935e-03,-5.934585056595284e-02,9.982291582222054e-01
1609043765932974577,1222,1609043765932974577,2.058758686321497e+00,-3.518137542237362e-01,-3.145571371645392e+00,-8.134189139371029e-04,-5.378909322233794e-03,-7.454983703020118e-02,9.972024506001498e-01
1609043766036100149,1223,1609043766036100149,2.044338666882375e+00,-4.071801097139323e-01,-3.146362560569730e+00,2.287648342307585e-04,-6.510518337106390e-03,-9.002869928546609e-02,9.959178651488284e-01
1609043766139339209,1224,1609043766139339209,2.030381632151744e+00,-4.645030522453875e-01,-3.150025336590643e+00,2.071039483343771e-03,-7.106632186847456e-03,-1.053979972889678e-01,9.944025687526626e-01
1609043766241261244,1225,1609043766241261244,2.019363372573358e+00,-5.193741518982647e-01,-3.155242606669425e+00,3.151082346204340e-03,-7.097841883348646e-03,-1.198549051856838e-01,9.927610452790627e-01
1609043766364139318,1226,1609043766364139318,2.003445560160582e+00,-5.845273684899794e-01,-3.165237525488099e+00,5.428817037082727e-03,-9.121807690782274e-03,-1.350469710007119e-01,9.907823354266886e-01
1609043766446937561,1227,1609043766446937561,1.993001938549304e+00,-6.247358359466609e-01,-3.169749402957569e+00,6.287647326782801e-03,-1.112744163840091e-02,-1.451304310641135e-01,9.893299770616589e-01
1609043766517643929,1228,1609043766517643929,1.982395052544618e+00,-6.729133628245089e-01,-3.169414387577775e+00,7.551895384555127e-03,-1.292107034659394e-02,-1.583079514922478e-01,9.872763581244752e-01
1609043766640254974,1229,1609043766640254974,1.974997368624444e+00,-7.436575134398832e-01,-3.171831276825337e+00,7.112077634992465e-03,-1.354564146894575e-02,-1.754573285305508e-01,9.843681525800350e-01
1609043766742738247,1230,1609043766742738247,1.969304401403973e+00,-7.970919085574892e-01,-3.170359093214577e+00,6.825874394097724e-03,-1.317033660494120e-02,-1.903475484542377e-01,9.816046864547511e-01
1609043766823544264,1231,1609043766823544264,1.966263008159159e+00,-8.363130198918095e-01,-3.168592755286780e+00,7.310239030969477e-03,-1.327008125370287e-02,-2.011777900569047e-01,9.794375743949434e-01
1609043766927720785,1232,1609043766927720785,1.964164042371880e+00,-8.815133235327675e-01,-3.166496279346633e+00,7.731351439278427e-03,-1.306556073953339e-02,-2.139907011407416e-01,9.767177162070818e-01
1609043767032093287,1233,1609043767032093287,1.965171001809604e+00,-9.289010732634002e-01,-3.160809788220780e+00,8.181877103212460e-03,-1.185074506641100e-02,-2.262341867153190e-01,9.739664827342351e-01
1609043767155064821,1234,1609043767155064821,1.969904123429117e+00,-9.823612485733041e-01,-3.156099316709207e+00,9.762425111512324e-03,-5.441424108053404e-03,-2.396581904175102e-01,9.707929942708811e-01
1609043767238878012,1235,1609043767238878012,1.972000243302548e+00,-1.019157413466452e+00,-3.157246732539740e+00,1.166586868288014e-02,4.780292758175747e-04,-2.481094041082035e-01,9.686616553724822e-01
1609043767340601444,1236,1609043767340601444,1.973987841806110e+00,-1.059499124109068e+00,-3.157152479189709e+00,1.373106228474038e-02,6.773224051444860e-03,-2.584233105147833e-01,9.659104378497322e-01
1609043767464456320,1237,1609043767464456320,1.974788451689966e+00,-1.107057577056401e+00,-3.153855468942241e+00,1.513960621591045e-02,9.790114478735188e-03,-2.702845574361672e-01,9.626116579356681e-01
1609043767547184706,1238,1609043767547184706,1.975257011989448e+00,-1.136746471807448e+00,-3.148735168760538e+00,1.541565142200058e-02,8.149920634591142e-03,-2.784582566703603e-01,9.602900269069699e-01
1609043767617975473,1239,1609043767617975473,1.976142815147579e+00,-1.167632969400961e+00,-3.139201534322418e+00,1.540275697995414e-02,4.922198978702916e-03,-2.899553321449403e-01,9.569035648357404e-01
1609043767739504576,1240,1609043767739504576,1.972178823500353e+00,-1.209606959312518e+00,-3.124268446066337e+00,1.462896212930149e-02,2.657996875693572e-03,-3.048175538698726e-01,9.522946956548775e-01
1609043767822172165,1241,1609043767822172165,1.971176926248603e+00,-1.234590940159537e+00,-3.114702581413470e+00,1.412498027580297e-02,2.055638035297536e-03,-3.139244512947076e-01,9.493406649690052e-01
1609043767945734978,1242,1609043767945734978,1.968844693658891e+00,-1.264324762048506e+00,-3.104892178818384e+00,1.259163332699316e-02,1.878956338938072e-03,-3.267892164606810e-01,9.450114963841705e-01
1609043768028279781,1243,1609043768028279781,1.966694392492953e+00,-1.279390584706192e+00,-3.099037014796009e+00,1.063616124288246e-02,2.774247431609000e-03,-3.347773487623195e-01,9.422331465093318e-01
1609043768132130861,1244,1609043768132130861,1.960642927971793e+00,-1.297254565856067e+00,-3.093903922872052e+00,8.736498815092232e-03,2.070910215360963e-03,-3.442259175074628e-01,9.388439181437345e-01
1609043768235317469,1245,1609043768235317469,1.955216716906189e+00,-1.315788955327309e+00,-3.087028282662653e+00,5.581211143334342e-03,2.878556451642365e-03,-3.532358406742335e-01,9.355132307231661e-01
1609043768358344555,1246,1609043768358344555,1.945517705306869e+00,-1.338016436302893e+00,-3.079394329783774e+00,1.108152637953929e-03,6.443935682735967e-03,-3.635289544760866e-01,9.315599534910092e-01
1609043768461519241,1247,1609043768461519241,1.935243491133736e+00,-1.356616379700502e+00,-3.078258535266626e+00,2.431915241526548e-05,6.645617492784962e-03,-3.717197047679877e-01,9.283212247190724e-01
1609043768542321682,1248,1609043768542321682,1.927382886067684e+00,-1.368776914642405e+00,-3.080411940199753e+00,-5.699430854683334e-04,6.505657023156497e-03,-3.780586138160116e-01,9.257586273489933e-01
1609043768644358397,1249,1609043768644358397,1.917110702933129e+00,-1.388238977108310e+00,-3.082293960702055e+00,3.507525426762150e-03,3.996435254980979e-03,-3.860679833748338e-01,9.224550059398683e-01
1609043768738112926,1250,1609043768738112926,1.904310127861222e+00,-1.408807509291966e+00,-3.080814827386785e+00,1.153853619450461e-02,-3.579304185827393e-04,-3.962170735718815e-01,9.180842906173908e-01
1609043768839956760,1251,1609043768839956760,1.889765710535074e+00,-1.425949775678967e+00,-3.082798654471435e+00,1.017765545004302e-02,4.063465223512460e-03,-4.044524361063078e-01,9.144933736816196e-01
1609043768942956448,1252,1609043768942956448,1.874317244283481e+00,-1.438966835884879e+00,-3.082876120005992e+00,8.670117530070381e-03,4.958475825946376e-03,-4.128556575146413e-01,9.107417024808140e-01
1609043769046025753,1253,1609043769046025753,1.859914555955415e+00,-1.449295547228240e+00,-3.082335572104911e+00,8.563722956627400e-03,3.751108074848288e-03,-4.209775349819973e-01,9.070228811214270e-01
1609043769148936272,1254,1609043769148936272,1.844358348612687e+00,-1.458907603870843e+00,-3.078701191824083e+00,7.234148062577560e-03,3.530317791626309e-03,-4.295709463811155e-01,9.029972347595155e-01
1609043769252107859,1255,1609043769252107859,1.824138754597409e+00,-1.467298034259814e+00,-3.076002740746080e+00,6.119639113321308e-03,4.493883910127153e-03,-4.377652094715223e-01,8.990572709237601e-01
1609043769335657120,1256,1609043769335657120,1.806106435498770e+00,-1.473362589152783e+00,-3.074133106104732e+00,5.394959765000860e-03,5.246215095668425e-03,-4.448114445980216e-01,8.955926252437126e-01
1609043769458554506,1257,1609043769458554506,1.781297796561104e+00,-1.480180703291452e+00,-3.074331354443200e+00,4.350314908043580e-03,5.262643611528945e-03,-4.552508163236463e-01,8.903370561641656e-01
1609043769541897297,1258,1609043769541897297,1.764454388728153e+00,-1.483946174001794e+00,-3.074881793029052e+00,4.394090809090207e-03,4.441898463698053e-03,-4.623273640716484e-01,8.866873011014431e-01
1609043769664920568,1259,1609043769664920568,1.734203276488196e+00,-1.489267536883624e+00,-3.079671785593205e+00,4.852546739917551e-03,2.679994154436123e-03,-4.731340938554849e-01,8.809729846329105e-01
1609043769767838240,1260,1609043769767838240,1.707803553515682e+00,-1.492929457170268e+00,-3.082871404624974e+00,3.814029496696946e-03,3.461741247200151e-03,-4.822899374674507e-01,8.759965101210040e-01
1609043769838138819,1261,1609043769838138819,1.682544528617205e+00,-1.500531963017599e+00,-3.086148931095984e+00,4.600212498316506e-03,1.554210495530849e-03,-4.909712621463724e-01,8.711622364526048e-01
1609043769920820475,1262,1609043769920820475,1.658622235284477e+00,-1.504633243012166e+00,-3.093855681923903e+00,4.475061316209229e-03,1.777541548961249e-04,-4.986954269254414e-01,8.667657200151194e-01
1609043770022809029,1263,1609043770022809029,1.630900040087277e+00,-1.508540449814866e+00,-3.102903147890276e+00,4.537753016520978e-03,-1.566940831135978e-03,-5.075418620413396e-01,8.616137253837144e-01
1609043770146153212,1264,1609043770146153212,1.598351928889688e+00,-1.510173940948113e+00,-3.114355830699399e+00,8.237234262188021e-03,-7.942089589346456e-03,-5.181012985681359e-01,8.552427232117651e-01
1609043770229188681,1265,1609043770229188681,1.577521319362948e+00,-1.510777483578057e+00,-3.123129987547610e+00,9.255917604233275e-03,-9.635663415238162e-03,-5.253158778852904e-01,8.508023921107994e-01
1609043770332441807,1266,1609043770332441807,1.552807401708192e+00,-1.513283144624416e+00,-3.136909159018991e+00,1.038371486792290e-02,-1.124514862972241e-02,-5.343501173833668e-01,8.451246518415017e-01
1609043770435569048,1267,1609043770435569048,1.525511342323330e+00,-1.517021374992964e+00,-3.150513582527994e+00,1.056247431526714e-02,-1.154231063255011e-02,-5.431771658955974e-01,8.394723197647601e-01
1609043770539289713,1268,1609043770539289713,1.500753646776902e+00,-1.517420933818730e+00,-3.159530117382262e+00,8.717771057202473e-03,-1.324091880070676e-02,-5.515213700734357e-01,8.340101059875880e-01
1609043770641818523,1269,1609043770641818523,1.478411817338207e+00,-1.520102140299819e+00,-3.160482266798072e+00,3.693471533978042e-03,-2.103477703824634e-02,-5.592050751380123e-01,8.287542339939320e-01
1609043770744825125,1270,1609043770744825125,1.466016985727108e+00,-1.526537003504377e+00,-3.161703919809034e+00,1.239889304613254e-03,-2.472890883516641e-02,-5.660296292216521e-01,8.240129869034427e-01
1609043770867937803,1271,1609043770867937803,1.449842270366927e+00,-1.538262361346535e+00,-3.171414085983982e+00,4.229006340071994e-03,-1.881577948486094e-02,-5.734887975005339e-01,8.189863741779495e-01
1609043770918153048,1272,1609043770918153048,1.437030216493877e+00,-1.544149924918524e+00,-3.177904119837643e+00,6.263521715579055e-03,-1.515483516719656e-02,-5.782631529374967e-01,8.156854940610130e-01
1609043771020038366,1273,1609043771020038366,1.421733188862206e+00,-1.553910921110376e+00,-3.181626289758765e+00,8.005916569394370e-03,-1.392670599636420e-02,-5.843938069069341e-01,8.113111798864822e-01
1609043771123139143,1274,1609043771123139143,1.410608461844553e+00,-1.563963463925289e+00,-3.184820661498660e+00,6.286773327450446e-03,-1.714608049058663e-02,-5.906188646626617e-01,8.067439774237724e-01
1609043771226526260,1275,1609043771226526260,1.403610534283440e+00,-1.574411573169570e+00,-3.184985309211179e+00,3.057656815840938e-03,-2.275035501140898e-02,-5.969326950071234e-01,8.019628605572605e-01
1609043771349193335,1276,1609043771349193335,1.403214662343369e+00,-1.592905319543900e+00,-3.195809680245178e+00,7.347455197316089e-03,-1.649374404604803e-02,-6.041756583848293e-01,7.966465622374359e-01
1609043771452057362,1277,1609043771452057362,1.403360003958737e+00,-1.606878170770192e+00,-3.204752588092746e+00,1.009447422199423e-02,-1.302125027193270e-02,-6.101140738427363e-01,7.921422634417111e-01
1609043771555582523,1278,1609043771555582523,1.400406719736341e+00,-1.620315728047287e+00,-3.209978788544492e+00,1.115814331773708e-02,-1.130954621741622e-02,-6.161075440258851e-01,7.875017994877529e-01
1609043771638933182,1279,1609043771638933182,1.399784243910837e+00,-1.630873536311197e+00,-3.211042446206868e+00,9.571351141012764e-03,-1.294042860311153e-02,-6.211696380881908e-01,7.835108265124927e-01
1609043771761328220,1280,1609043771761328220,1.400682067273842e+00,-1.651749830983306e+00,-3.208120255299503e+00,7.391157687946042e-03,-1.641258969412182e-02,-6.287066042766021e-01,7.774342437959294e-01
1609043771864483833,1281,1609043771864483833,1.402254779775636e+00,-1.669331269106910e+00,-3.208518654145111e+00,8.520927925954141e-03,-1.434578876681902e-02,-6.350088037075167e-01,7.723246800056871e-01
1609043771967535973,1282,1609043771967535973,1.405994526053379e+00,-1.687172370969624e+00,-3.208520203943016e+00,8.547773394797783e-03,-1.270707416657184e-02,-6.409604145654142e-01,7.674211443505117e-01
1609043772018397331,1283,1609043772018397331,1.404812775215531e+00,-1.700181992478698e+00,-3.205564251355848e+00,7.730183155584214e-03,-1.103583486751653e-02,-6.454730995539297e-01,7.636641489355127e-01
1609043772140056849,1284,1609043772140056849,1.413117178301599e+00,-1.723431495275094e+00,-3.195538110286468e+00,2.753237921815058e-03,-7.200668065557312e-03,-6.521927264017907e-01,7.580139957078330e-01
1609043772223182440,1285,1609043772223182440,1.421913594989414e+00,-1.735134655944794e+00,-3.190783988980037e+00,7.532495504866288e-04,-1.005012598502851e-03,-6.565866623151065e-01,7.542495458631049e-01
1609043772346228600,1286,1609043772346228600,1.430272808519617e+00,-1.760026366049911e+00,-3.193693175334721e+00,9.130379952903247e-03,7.862618701135207e-03,-6.617901728480236e-01,7.495922775154900e-01
1609043772429401636,1287,1609043772429401636,1.432897750765341e+00,-1.771198608661414e+00,-3.194036520499946e+00,1.199529359658381e-02,1.091081191058838e-02,-6.652140136071307e-01,7.464766461287826e-01
1609043772551966667,1288,1609043772551966667,1.435280717968863e+00,-1.782648783436926e+00,-3.184205380295281e+00,1.272607975556213e-02,3.188163599224562e-03,-6.699318763243114e-01,7.423066506448041e-01
1609043772655534744,1289,1609043772655534744,1.437338597140674e+00,-1.793620444665726e+00,-3.179026536314921e+00,9.243927717071564e-03,-4.495064825036890e-03,-6.741481415777949e-01,7.385246288376480e-01
1609043772738425255,1290,1609043772738425255,1.438589500505539e+00,-1.800625996403237e+00,-3.174926991978587e+00,5.325151529708122e-03,-6.440938936965859e-03,-6.777552454267819e-01,7.352400862053692e-01
1609043772862010479,1291,1609043772862010479,1.440673189483540e+00,-1.812463585773925e+00,-3.159013309585561e+00,7.666272216212781e-04,-6.836441165103579e-03,-6.842967754166225e-01,7.291711722972266e-01
1609043772945292711,1292,1609043772945292711,1.439315544485444e+00,-1.822702895295626e+00,-3.159679555660827e+00,1.061763230504507e-03,-8.069418154699477e-03,-6.886346987724756e-01,7.250627619703197e-01
1609043773067714214,1293,1609043773067714214,1.438513011504813e+00,-1.837830310511041e+00,-3.159508622737053e+00,3.406131592728736e-03,-1.007344491683691e-02,-6.954057908040977e-01,7.185385933206430e-01
1609043773138369322,1294,1609043773138369322,1.436476905827018e+00,-1.852842095070454e+00,-3.153837832838809e+00,5.392001205938723e-03,-1.155234139225326e-02,-7.011144198962769e-01,7.129348076401228e-01
1609043773220892191,1295,1609043773220892191,1.434962555490596e+00,-1.866005952237906e+00,-3.145507633070183e+00,8.594775497833655e-03,-1.354834922363454e-02,-7.058104698460768e-01,7.082190005380516e-01
1609043773323118210,1296,1609043773323118210,1.436691862295199e+00,-1.879937015359894e+00,-3.134127228916752e+00,9.259680018093719e-03,-1.529974091270075e-02,-7.113120157542198e-01,7.026488401026757e-01
1609043773426138401,1297,1609043773426138401,1.442495421102145e+00,-1.892827769251095e+00,-3.119717286616806e+00,8.210388714840271e-03,-1.784916504411699e-02,-7.170091625090123e-01,6.967868093631683e-01
1609043773549525499,1298,1609043773549525499,1.445266183932653e+00,-1.912974360842917e+00,-3.108922335652469e+00,9.288532432882295e-03,-1.716450829165836e-02,-7.233210061639314e-01,6.902360645911997e-01
1609043773632263660,1299,1609043773632263660,1.451765202332428e+00,-1.929513505419406e+00,-3.101222759412939e+00,9.274004045414518e-03,-1.563870067805802e-02,-7.272237693792970e-01,6.861596119998866e-01
1609043773735693216,1300,1609043773735693216,1.460365020340233e+00,-1.948961203396106e+00,-3.097647741331415e+00,7.195147444407013e-04,-5.348611035270702e-03,-7.321613801694858e-01,6.811098208415731e-01
1609043773838590860,1301,1609043773838590860,1.465330069146243e+00,-1.966104525425678e+00,-3.076279310704050e+00,-1.140058417204730e-02,1.177960568890911e-02,-7.363096189117513e-01,6.764461639098723e-01
1609043773961472750,1302,1609043773961472750,1.472684332545269e+00,-1.991472124695685e+00,-3.096091223008470e+00,-1.842740595958952e-02,2.500689087411943e-02,-7.380889429523957e-01,6.739879809090260e-01
1609043774064858913,1303,1609043774064858913,1.462868229942975e+00,-2.005288813448177e+00,-3.073412001116483e+00,-1.716581466404464e-02,3.210004639471454e-02,-7.378331176394011e-01,6.740008993635682e-01
1609043774167604685,1304,1609043774167604685,1.450482763020610e+00,-2.018959131029563e+00,-3.058747223212373e+00,-1.617370042753548e-02,3.461097769696212e-02,-7.378978071447585e-01,6.738303331316405e-01
1609043774218402624,1305,1609043774218402624,1.437219124512895e+00,-2.026239081541572e+00,-3.057695769544938e+00,-1.394276428433240e-02,3.309829666717711e-02,-7.379158102064555e-01,6.739364652021684e-01
1609043774319984198,1306,1609043774319984198,1.408240911350097e+00,-2.037450946215102e+00,-3.043748059206969e+00,-6.365775888946102e-03,1.898852935810859e-02,-7.379760677313378e-01,6.745296406429742e-01
1609043774423134804,1307,1609043774423134804,1.378718641620166e+00,-2.047938045019082e+00,-3.033059122866234e+00,6.069996166324534e-03,-1.817832971902874e-03,-7.378544816362291e-01,6.749300812374263e-01
1609043774526230097,1308,1609043774526230097,1.350885894248470e+00,-2.058939330658226e+00,-3.025873660969721e+00,1.403909208851835e-02,-1.594052229467859e-02,-7.376294432418112e-01,6.748715493374119e-01
1609043774629205227,1309,1609043774629205227,1.326800969955432e+00,-2.066852282217182e+00,-3.018782301419161e+00,1.898726600082674e-02,-2.336518522983316e-02,-7.372371672537174e-01,6.749628960681497e-01
1609043774732406855,1310,1609043774732406855,1.305080918319100e+00,-2.077154744916873e+00,-3.012317605148094e+00,2.135260515230071e-02,-2.523199720287282e-02,-7.371342470598136e-01,6.749374151593065e-01
1609043774855676174,1311,1609043774855676174,1.285084012708859e+00,-2.090872764372933e+00,-3.002643354908212e+00,2.115659354732318e-02,-2.314173214624426e-02,-7.376324434842351e-01,6.744740447950697e-01
1609043774958575964,1312,1609043774958575964,1.271975940121057e+00,-2.100666778558424e+00,-2.995233319172650e+00,1.991585732161462e-02,-1.957972999380296e-02,-7.382592120545030e-01,6.739386682905051e-01
1609043775041718960,1313,1609043775041718960,1.263088545238189e+00,-2.109904754901953e+00,-2.991891823891852e+00,1.828159894150819e-02,-1.578894891886408e-02,-7.382952483469167e-01,6.740449677139830e-01
1609043775145087242,1314,1609043775145087242,1.252804867934547e+00,-2.118911273739586e+00,-2.990943228200341e+00,1.609557707252545e-02,-1.215207249848885e-02,-7.382738377534974e-01,6.741995253791097e-01
1609043775247718096,1315,1609043775247718096,1.248847335170004e+00,-2.128516185030639e+00,-2.992351454990609e+00,1.395347554190561e-02,-9.008881956005401e-03,-7.382954745825221e-01,6.742728919192680e-01
1609043775317946196,1316,1609043775317946196,1.244797921303395e+00,-2.135485652866885e+00,-2.993789745451737e+00,1.288415544626866e-02,-6.756434284087090e-03,-7.382973888205290e-01,6.743184075753754e-01
1609043775419936895,1317,1609043775419936895,1.241817132234068e+00,-2.146213281003500e+00,-2.995483852176976e+00,1.255882436867279e-02,-5.057429074757050e-03,-7.382076588063451e-01,6.744376552516071e-01
1609043775523231745,1318,1609043775523231745,1.240406509323036e+00,-2.155051565148705e+00,-2.999690298664264e+00,1.194924727039226e-02,-3.897031332048944e-03,-7.383135822477678e-01,6.743404799542564e-01
1609043775646207809,1319,1609043775646207809,1.238389388911834e+00,-2.166637948819640e+00,-3.000700934723519e+00,1.043838887607847e-02,-2.123601014849287e-03,-7.394398380017670e-01,6.731383634382475e-01
1609043775729189396,1320,1609043775729189396,1.239012950747671e+00,-2.171185147613796e+00,-3.001291684647827e+00,9.619254628367008e-03,-1.572779065885537e-03,-7.419023807151749e-01,6.704370617705742e-01
1609043775832521200,1321,1609043775832521200,1.236239331578242e+00,-2.175232286531438e+00,-3.002281515500810e+00,8.153974082900230e-03,-2.010654682322469e-03,-7.468156302795935e-01,6.649781081693573e-01
1609043775955871582,1322,1609043775955871582,1.230966474790903e+00,-2.182832368012359e+00,-3.002817864888757e+00,7.428618670807421e-03,-2.352623965009943e-03,-7.529185442164725e-01,6.580675851005511e-01
1609043776038652420,1323,1609043776038652420,1.229317803142250e+00,-2.186789021700759e+00,-3.003798219222132e+00,7.523529028575743e-03,-2.087050393307775e-03,-7.568827441800364e-01,6.535040568306439e-01
1609043776141580582,1324,1609043776141580582,1.226314550468658e+00,-2.190764687174623e+00,-3.003707075071368e+00,7.939364225602021e-03,-2.427708072887713e-03,-7.617421700105799e-01,6.478270904776822e-01
1609043776244624138,1325,1609043776244624138,1.222538525859882e+00,-2.191720435348655e+00,-2.991747526723733e+00,7.732955776986456e-03,-2.686449654911525e-03,-7.655068496814167e-01,6.433756659013736e-01
1609043776367519140,1326,1609043776367519140,1.221568434004535e+00,-2.196010407197349e+00,-3.008934323541508e+00,6.185893734664841e-03,-1.115533977422531e-02,-7.691728307659496e-01,6.389134914248725e-01
1609043776417851448,1327,1609043776417851448,1.218202987361886e+00,-2.197066775428245e+00,-3.002612791662368e+00,6.245816093780505e-03,-1.466423850112171e-02,-7.715371413042760e-01,6.359845827365083e-01
1609043776519701719,1328,1609043776519701719,1.216137226822798e+00,-2.201787825315817e+00,-2.996974890103561e+00,6.242364379906571e-03,-1.674191242700646e-02,-7.744381361886979e-01,6.323972758257346e-01
1609043776642849207,1329,1609043776642849207,1.215607572913729e+00,-2.207307882560582e+00,-2.988075652058945e+00,5.942220808630595e-03,-1.732226470661748e-02,-7.783359793648291e-01,6.275808572474848e-01
1609043776725943089,1330,1609043776725943089,1.217092307655846e+00,-2.211434118937426e+00,-2.984033325234661e+00,6.468771230190580e-03,-1.720772550179060e-02,-7.814508908364894e-01,6.236958829370959e-01
1609043776829141140,1331,1609043776829141140,1.220137763476804e+00,-2.221876998971081e+00,-2.979094461309844e+00,6.710006432609173e-03,-1.678122452934458e-02,-7.859225599533647e-01,6.180607543545540e-01
1609043776952269077,1332,1609043776952269077,1.225878269760740e+00,-2.238557351966348e+00,-2.976196090321381e+00,6.466757812438255e-03,-1.681923868151355e-02,-7.911460243071995e-01,6.113618097955430e-01
1609043777035472870,1333,1609043777035472870,1.228669026744262e+00,-2.248942441541698e+00,-2.977306091478941e+00,6.565838533311585e-03,-1.670389574547800e-02,-7.939761550371350e-01,6.076839103215800e-01
1609043777138550758,1334,1609043777138550758,1.236373899326269e+00,-2.262805281078829e+00,-2.979361030961732e+00,6.389453294841462e-03,-1.677860857516918e-02,-7.976867163687573e-01,6.028047409482640e-01
1609043777241689920,1335,1609043777241689920,1.244533764206692e+00,-2.275857061103780e+00,-2.985244037867002e+00,6.227171381963269e-03,-1.700756508450597e-02,-8.016350288173749e-01,5.975393256007867e-01
1609043777364899874,1336,1609043777364899874,1.254096550283251e+00,-2.297415595859982e+00,-2.985838271008352e+00,5.884237396976843e-03,-1.709411956982007e-02,-8.064936965128455e-01,5.909662294170749e-01
1609043777467802286,1337,1609043777467802286,1.264930951595200e+00,-2.314438169248006e+00,-2.985675031825926e+00,5.646089586173885e-03,-1.723014831867964e-02,-8.103471747439808e-01,5.856694460578851e-01
1609043777518101454,1338,1609043777518101454,1.271168855615733e+00,-2.328644803527469e+00,-2.982806988444534e+00,5.647966530040184e-03,-1.751544887043357e-02,-8.129656580258968e-01,5.820207456744674e-01
1609043777619931459,1339,1609043777619931459,1.285631270024415e+00,-2.353790350322344e+00,-2.982403126983394e+00,5.464498470237685e-03,-1.744502062017215e-02,-8.167775824245792e-01,5.766629790100020e-01
1609043777723607540,1340,1609043777723607540,1.300872650452598e+00,-2.383575503092721e+00,-2.982933812830307e+00,4.956904432347373e-03,-1.703130817768346e-02,-8.198395122211944e-01,5.723185632505030e-01
1609043777826302767,1341,1609043777826302767,1.312784794358737e+00,-2.410314986627871e+00,-2.985050515867679e+00,4.944457392234149e-03,-1.674173210132862e-02,-8.225031450857906e-01,5.684926059952992e-01
1609043777929918766,1342,1609043777929918766,1.330271612282107e+00,-2.439866085531562e+00,-2.985967302144037e+00,5.260680234090620e-03,-1.631440949920085e-02,-8.253182581974456e-01,5.644075991445386e-01
1609043778032433748,1343,1609043778032433748,1.344891282291788e+00,-2.469067927409432e+00,-2.990744881744663e+00,5.215427447786899e-03,-1.611211728897060e-02,-8.288545581385042e-01,5.592077614322141e-01
1609043778135479212,1344,1609043778135479212,1.360084358116073e+00,-2.500322672378436e+00,-2.992762809872479e+00,4.967934190473318e-03,-1.582813837344943e-02,-8.327587498804770e-01,5.533874358557624e-01
1609043778258747339,1345,1609043778258747339,1.382106882123990e+00,-2.540820745834756e+00,-2.993356097299538e+00,4.488888576786587e-03,-1.630619571357763e-02,-8.372061821752181e-01,5.466258010634802e-01
1609043778361534357,1346,1609043778361534357,1.396237198625653e+00,-2.572264256090778e+00,-2.993681994639898e+00,3.857724386023561e-03,-1.656255718099959e-02,-8.406335346377851e-01,5.413372886699859e-01
1609043778444691181,1347,1609043778444691181,1.410368903844884e+00,-2.598765978931063e+00,-2.990764616516006e+00,3.382574998048330e-03,-1.674084184473153e-02,-8.436107071198256e-01,5.366835913585394e-01
1609043778547858477,1348,1609043778547858477,1.428876321848075e+00,-2.637415892408852e+00,-2.991663875222621e+00,2.980815248055824e-03,-1.747163957480354e-02,-8.473178066015590e-01,5.307903457740628e-01
1609043778638029575,1349,1609043778638029575,1.445745692001619e+00,-2.679253856451828e+00,-2.981031240738821e+00,2.943399454595505e-03,-1.784651089675008e-02,-8.518135701252791e-01,5.235326925788771e-01
1609043778719809532,1350,1609043778719809532,1.463573534946720e+00,-2.718275231240185e+00,-2.969940108172492e+00,2.865593348375157e-03,-1.820155006591258e-02,-8.537144836481450e-01,5.204152883604988e-01
1609043778823003292,1351,1609043778823003292,1.485872866610238e+00,-2.765623692975813e+00,-2.959156307459116e+00,3.489810087297506e-03,-1.809878180492770e-02,-8.567810917065640e-01,5.153507700749462e-01
1609043778945933104,1352,1609043778945933104,1.511649195012592e+00,-2.825063676408879e+00,-2.964313028738746e+00,2.002964001534338e-02,-9.837746526813407e-03,-8.587084167624558e-01,5.119784050577205e-01
1609043779029259682,1353,1609043779029259682,1.534096577694918e+00,-2.863361771846411e+00,-2.978057575502207e+00,4.183248296364272e-02,2.289198055925735e-03,-8.583414277180268e-01,5.113656191066592e-01
1609043779131896496,1354,1609043779131896496,1.565636227509605e+00,-2.900311255279715e+00,-2.979079313204861e+00,5.446470344897864e-02,9.374690369889268e-03,-8.577035375811795e-01,5.111656804592950e-01
1609043779235141039,1355,1609043779235141039,1.602521339679241e+00,-2.930242447301646e+00,-2.980165158257246e+00,6.044298391554544e-02,1.275069193233493e-02,-8.572922887160780e-01,5.111105528734275e-01
1609043779338502645,1356,1609043779338502645,1.644878449574762e+00,-2.949511692621388e+00,-2.974926795967756e+00,5.473530133460218e-02,8.585852164230101e-03,-8.575619769729806e-01,5.113880968311817e-01
1609043779441899300,1357,1609043779441899300,1.690396233609773e+00,-2.966936552078585e+00,-2.969439369113414e+00,4.397708905039142e-02,1.724837242627816e-03,-8.581118426268867e-01,5.115731679033120e-01
1609043779564702272,1358,1609043779564702272,1.752733052992865e+00,-2.982064197218413e+00,-2.963668422836217e+00,2.785824989522295e-02,8.432511058245053e-04,-8.586547827347994e-01,5.117960247276278e-01
1609043779667432785,1359,1609043779667432785,1.810266879475952e+00,-2.989659067762187e+00,-2.972354076008676e+00,1.155471324735666e-02,5.450369097329060e-03,-8.591319030459557e-01,5.115947177670123e-01
1609043779737953901,1360,1609043779737953901,1.851073753332097e+00,-2.996621221642424e+00,-2.970131200651907e+00,-3.417981499577888e-04,1.160650562305533e-02,-8.591491161780199e-01,5.115935577895541e-01
1609043779820113897,1361,1609043779820113897,1.898789695159095e+00,-3.001405720724373e+00,-2.964463831920543e+00,-7.235816179804990e-03,1.540708642060385e-02,-8.591017864205682e-01,5.115216370997699e-01
1609043779943100452,1362,1609043779943100452,1.959999292903001e+00,-3.005116526428772e+00,-2.955648602909718e+00,-1.386687798524895e-02,1.796083782346525e-02,-8.589725251468214e-01,5.115186399756261e-01
1609043780026498318,1363,1609043780026498318,1.995940957122531e+00,-3.003741583542040e+00,-2.948065623636194e+00,-1.036776078085661e-02,3.838365679042594e-03,-8.590726384487241e-01,5.117342849116651e-01
1609043780149346352,1364,1609043780149346352,2.041201830275211e+00,-3.003710163848374e+00,-2.946201948350379e+00,-5.422708121775230e-03,-4.808853338052946e-03,-8.589955291780385e-01,5.119317825827394e-01
1609043780251794577,1365,1609043780251794577,2.078392300193613e+00,-3.003148225257251e+00,-2.949348529758073e+00,-3.632107395032679e-03,-4.994356077747641e-03,-8.591407362383973e-01,5.117021199281713e-01
1609043780355223656,1366,1609043780355223656,2.107276144308072e+00,-3.002290050458003e+00,-2.950847258990797e+00,-5.126514177709354e-03,8.192235495841975e-04,-8.590833624674316e-01,5.118093630022934e-01
1609043780457950115,1367,1609043780457950115,2.133745805552467e+00,-2.999073325182501e+00,-2.955932863874550e+00,-6.135804668165506e-03,5.142418000145824e-03,-8.595151131887379e-01,5.110476275635537e-01
1609043780561540842,1368,1609043780561540842,2.155833296595159e+00,-2.997799753818037e+00,-2.930363848735523e+00,-2.974228026247396e-03,2.767337090309904e-03,-8.593740009359010e-01,5.113314212215979e-01
1609043780645304680,1369,1609043780645304680,2.173720601946687e+00,-2.998790294198394e+00,-2.926994229463485e+00,-6.368660654213883e-04,-2.252046905132870e-03,-8.592819254409186e-01,5.114969162144564e-01
1609043780747895479,1370,1609043780747895479,2.195066286342786e+00,-3.000650238518136e+00,-2.925936575259987e+00,-7.755901373961328e-05,-3.838821423408489e-03,-8.593159592673666e-01,5.114306791570919e-01
1609043780818186998,1371,1609043780818186998,2.210436227094664e+00,-3.000937108180566e+00,-2.921282497561845e+00,1.828784294407687e-03,-5.661194489216958e-03,-8.599342541717111e-01,5.103701450193798e-01
1609043780919930935,1372,1609043780919930935,2.230898709913908e+00,-3.000729840882261e+00,-2.915794180320523e+00,4.289974536074500e-03,-1.033578186514186e-02,-8.606222299221806e-01,5.091209533062744e-01
1609043781042523384,1373,1609043781042523384,2.252136001581424e+00,-3.001446515964578e+00,-2.913379417829618e+00,5.485361091887488e-03,-1.321913139835216e-02,-8.615481602729709e-01,5.074740711691825e-01
1609043781146022320,1374,1609043781146022320,2.267290441067124e+00,-3.004797482587335e+00,-2.914233909377660e+00,6.011233224845746e-03,-1.373577008841454e-02,-8.622060121405846e-01,5.063358434120832e-01
1609043781229278088,1375,1609043781229278088,2.281660478074222e+00,-3.008641975153451e+00,-2.916017539446724e+00,6.163821461063067e-03,-1.377938603583017e-02,-8.625946584726587e-01,5.056704371425221e-01
1609043781332528830,1376,1609043781332528830,2.298224546768138e+00,-3.014896427146720e+00,-2.917942895880313e+00,5.737496576386293e-03,-1.347117623172935e-02,-8.626300968455128e-01,5.056233030233783e-01
1609043781436191320,1377,1609043781436191320,2.313656670157479e+00,-3.019945568256536e+00,-2.918672842691744e+00,8.029354163165893e-03,-1.694935426022301e-02,-8.624531470162330e-01,5.057893020455067e-01
1609043781539520741,1378,1609043781539520741,2.328274075081716e+00,-3.026340482620169e+00,-2.881737189922347e+00,1.458398457451363e-02,-2.683484079610350e-02,-8.625996255003989e-01,5.049644391439364e-01
1609043781642238140,1379,1609043781642238140,2.355318378294385e+00,-3.038909642576388e+00,-2.919585099720127e+00,2.552452237923444e-02,-5.292932061868485e-02,-8.628853716186893e-01,5.019719327040437e-01
1609043781765221596,1380,1609043781765221596,2.391666620129064e+00,-3.055360650264777e+00,-2.954689962584314e+00,-3.250318376559937e-02,6.321829203119904e-02,8.639937381225967e-01,-4.984594377506553e-01
1609043781848136425,1381,1609043781848136425,2.427433689168830e+00,-3.075063006194861e+00,-2.965781606629594e+00,-3.250905909742185e-02,6.217380809385081e-02,8.647298925021076e-01,-4.973125693937393e-01
1609043781938125849,1382,1609043781938125849,2.475560824468231e+00,-3.106656834955458e+00,-2.969634411049890e+00,-2.610758344939711e-02,4.943707173716314e-02,8.664100527385905e-01,-4.961935011041563e-01
1609043782019991159,1383,1609043782019991159,2.523675296195853e+00,-3.137874007936800e+00,-2.972493613012693e+00,-2.202886825518395e-02,4.203576107678424e-02,8.675619064106180e-01,-4.950596552934460e-01
1609043782122964621,1384,1609043782122964621,2.582443593391669e+00,-3.177297293912186e+00,-2.971293052292908e+00,-1.839518837996865e-02,3.558984544699883e-02,8.689763921219584e-01,-4.932291656828788e-01
1609043782225859404,1385,1609043782225859404,2.644465588671224e+00,-3.220355033143735e+00,-2.970098864348441e+00,-1.720066338539672e-02,3.364065780976893e-02,8.705773765150248e-01,-4.905787141952300e-01
1609043782329360247,1386,1609043782329360247,2.707687625762181e+00,-3.265540323727467e+00,-2.967794169142478e+00,-1.602813760211300e-02,3.156646577299202e-02,8.726866309150918e-01,-4.869955864950694e-01
1609043782432361364,1387,1609043782432361364,2.775810813697444e+00,-3.311781388214306e+00,-2.968563069665290e+00,-1.540457291732582e-02,3.127614794100740e-02,8.743531825797897e-01,-4.840361699458008e-01
1609043782535462379,1388,1609043782535462379,2.849076501679850e+00,-3.364481044572445e+00,-2.976242137034782e+00,-1.533688076214718e-02,3.126057939688278e-02,8.754691228320701e-01,-4.820180196132759e-01
1609043782658558130,1389,1609043782658558130,2.938598695195812e+00,-3.432458354395258e+00,-2.981019741393864e+00,-9.729320645370212e-03,2.417176065092010e-02,8.774762221029024e-01,-4.789118352586748e-01
1609043782761904001,1390,1609043782761904001,3.010457915184979e+00,-3.485534653183317e+00,-2.990846912364822e+00,-5.458726267149705e-03,2.036160897643937e-02,8.811867840354618e-01,-4.722980614280259e-01
1609043782845758200,1391,1609043782845758200,3.069975658032655e+00,-3.529216252403589e+00,-2.995752955621827e+00,-3.195481630283378e-03,1.947980276457610e-02,8.845904188517987e-01,-4.659507667737047e-01
1609043782948204279,1392,1609043782948204279,3.141794855854278e+00,-3.586483300472813e+00,-2.995071720385674e+00,-1.603493092777554e-03,1.913467011832073e-02,8.884170805449300e-01,-4.586353499299721e-01
1609043783018468618,1393,1609043783018468618,3.200882626566519e+00,-3.633727516186014e+00,-2.997012679630943e+00,-9.155251309614789e-04,1.952377893143476e-02,8.922212790385960e-01,-4.511753241265561e-01
1609043783120136976,1394,1609043783120136976,3.282328865952420e+00,-3.699780841847145e+00,-3.002271686031238e+00,-1.214234865425720e-04,1.987511758018552e-02,8.957180341962033e-01,-4.441780815992611e-01
1609043783222953320,1395,1609043783222953320,3.357964493648011e+00,-3.768410908974496e+00,-3.008243300574329e+00,-3.657160467188755e-04,2.051186176692770e-02,8.989007195300356e-01,-4.376718247808648e-01
1609043783325948715,1396,1609043783325948715,3.430596419402262e+00,-3.838678608980613e+00,-3.014706896066517e+00,-1.360685798983010e-03,2.260225417321639e-02,9.010990960448025e-01,-4.330215996318030e-01
1609043783429048061,1397,1609043783429048061,3.499403401136470e+00,-3.908870889556335e+00,-3.023341153902178e+00,-1.733111873231390e-03,2.311677653456198e-02,9.028910332638749e-01,-4.292439784290263e-01
1609043783532359123,1398,1609043783532359123,3.566914004837674e+00,-3.981988832223055e+00,-3.028078875289032e+00,-1.633526393666655e-03,2.238504039121157e-02,9.051672056891087e-01,-4.244626854072993e-01
1609043783655461073,1399,1609043783655461073,3.647530340703922e+00,-4.071335476731328e+00,-3.035798480324791e+00,-1.511438538374299e-03,2.195905660838537e-02,9.075358045255044e-01,-4.193975189371774e-01
1609043783738538742,1400,1609043783738538742,3.702758454887998e+00,-4.131460083272884e+00,-3.043390029545947e+00,-2.028633292160426e-03,2.211736960960672e-02,9.088918332982483e-01,-4.164400820913705e-01
1609043783841506243,1401,1609043783841506243,3.770424527708568e+00,-4.213271993653997e+00,-3.063105373731131e+00,-3.694404117941945e-05,1.992050996103747e-02,9.099653602364863e-01,-4.142055227634122e-01
1609043783944344282,1402,1609043783944344282,3.837317259060311e+00,-4.296678041693633e+00,-3.071460393087260e+00,3.855991138138067e-03,8.968330989048636e-03,9.105991667488126e-01,-4.131753355271606e-01
1609043784067353010,1403,1609043784067353010,3.911903788058649e+00,-4.397272528274015e+00,-3.058806844816134e+00,1.180540841781847e-02,-1.240664112604278e-02,9.105738484848976e-01,-4.129914939117522e-01
1609043784117779493,1404,1609043784117779493,3.945561652551229e+00,-4.441815216202940e+00,-3.065515375941946e+00,1.450729722999185e-02,-1.866998111934672e-02,9.105383574773117e-01,-4.127479493523902e-01
1609043784219633818,1405,1609043784219633818,4.006274855011638e+00,-4.528940650961827e+00,-3.074986196893508e+00,1.246475970568832e-02,-1.784889371444728e-02,9.104946394541982e-01,-4.129474037741606e-01
1609043784322830677,1406,1609043784322830677,4.056906356628560e+00,-4.610091609699474e+00,-3.084123774984417e+00,1.122963210239207e-02,-2.005153639282021e-02,9.104396422866924e-01,-4.130030133110555e-01
1609043784426200867,1407,1609043784426200867,4.099746499110632e+00,-4.683420410977521e+00,-3.093915698741181e+00,8.831787139536054e-03,-1.750907430327881e-02,9.103232797708466e-01,-4.134331362629433e-01
1609043784529020786,1408,1609043784529020786,4.133532430355417e+00,-4.746884349206894e+00,-3.099152300728888e+00,5.750936905448131e-03,-5.520682511518667e-03,9.103828942186039e-01,-4.136900224848008e-01
1609043784632133007,1409,1609043784632133007,4.164048845290210e+00,-4.810272928301520e+00,-3.102913138110849e+00,6.285339540898370e-03,-8.135837394097597e-04,9.103090886951659e-01,-4.138806538452012e-01
1609043784735100508,1410,1609043784735100508,4.190016832077890e+00,-4.873771437401859e+00,-3.108332779342626e+00,6.142990498634791e-03,3.364764862313134e-03,9.103201825200690e-01,-4.138455114191564e-01
1609043784838668346,1411,1609043784838668346,4.213310318812248e+00,-4.935164103878722e+00,-3.114373143901917e+00,5.822896640800479e-03,6.135489595713893e-03,9.102804105323740e-01,-4.139058151840155e-01
1609043784941232681,1412,1609043784941232681,4.231794213338228e+00,-4.997167568747795e+00,-3.121514336339371e+00,5.373793490091813e-03,7.591685968730718e-03,9.101730291023772e-01,-4.141238289959677e-01
1609043785044291496,1413,1609043785044291496,4.250079976400828e+00,-5.057913413011502e+00,-3.112960318776614e+00,4.365329404930994e-03,8.380647272900745e-03,9.101438413354423e-01,-4.141846167225900e-01
1609043785147351265,1414,1609043785147351265,4.262283724106732e+00,-5.119568787859024e+00,-3.106336827547658e+00,2.195801358795576e-03,1.371250466952292e-02,9.099735946761603e-01,-4.144335925865907e-01
1609043785237312078,1415,1609043785237312078,4.277939142675510e+00,-5.185416948821540e+00,-3.101920849393972e+00,2.592685145211434e-03,1.909199251178862e-02,9.098225042467427e-01,-4.145500989890771e-01
1609043785319319963,1416,1609043785319319963,4.291865802009666e+00,-5.245726214977270e+00,-3.095956779860916e+00,6.228730754365587e-03,2.247550358909637e-02,9.097112134301668e-01,-4.145860137667688e-01
1609043785422673702,1417,1609043785422673702,4.306376885447547e+00,-5.322907415100143e+00,-3.092649251165388e+00,7.340231881488833e-03,2.282717823151770e-02,9.096132935455841e-01,-4.147634230920897e-01
1609043785525833130,1418,1609043785525833130,4.317129618723590e+00,-5.398322961904757e+00,-3.087981473043738e+00,7.240529951451397e-03,2.011197405015259e-02,9.096619270087025e-01,-4.147990619283536e-01
1609043785629539967,1419,1609043785629539967,4.329152633500772e+00,-5.475975742920685e+00,-3.079914752054448e+00,9.246252894749108e-03,6.718136129492847e-03,9.098732180187638e-01,-4.147289483343681e-01
1609043785731830597,1420,1609043785731830597,4.335852433236673e+00,-5.554782995256259e+00,-3.080721257390882e+00,8.760372627482412e-03,3.591004048460834e-03,9.098542312800958e-01,-4.148200072116311e-01
1609043785835085869,1421,1609043785835085869,4.336550598894566e+00,-5.630614417318584e+00,-3.068935633219932e+00,6.567818355366723e-03,4.803572334256791e-03,9.097489412821923e-01,-4.150790928134189e-01
1609043785938638210,1422,1609043785938638210,4.333354602538565e+00,-5.706561548392471e+00,-3.053501093430709e+00,4.940226039715142e-03,6.886108883010307e-03,9.097143587376793e-01,-4.151481195641148e-01
1609043786041239262,1423,1609043786041239262,4.328982281271371e+00,-5.780270684857543e+00,-3.065191271094988e+00,1.937268950225559e-03,1.346493817249876e-02,9.097369981038659e-01,-4.149620906902124e-01
1609043786144529819,1424,1609043786144529819,4.328207751993213e+00,-5.858723967196847e+00,-3.048323229482572e+00,-1.326330331001775e-04,1.525361449616583e-02,9.096530565367206e-01,-4.150886970114736e-01
1609043786247494936,1425,1609043786247494936,4.325583029334253e+00,-5.939846552057182e+00,-3.042742575189804e+00,6.319603510871400e-04,1.686655310678791e-02,9.095744403810428e-01,-4.151980941886932e-01
1609043786317795992,1426,1609043786317795992,4.319368038830071e+00,-6.003347771206409e+00,-3.030945328273993e+00,2.545786377333231e-03,1.084976357440657e-02,9.097131403046632e-01,-4.150877063454524e-01
1609043786419838428,1427,1609043786419838428,4.310585833531735e+00,-6.097132889037393e+00,-3.020712644087860e+00,3.245594228716270e-03,3.897281472894394e-03,9.097643451799050e-01,-4.150941020474781e-01
1609043786522358656,1428,1609043786522358656,4.301640603644908e+00,-6.186039303076273e+00,-3.022417262990907e+00,-1.407104703658150e-02,3.917907813780233e-03,9.096582993102323e-01,-4.151005108761887e-01
1609043786645491123,1429,1609043786645491123,4.295930932112598e+00,-6.289084540603191e+00,-3.024975516107602e+00,-3.134049417465460e-02,2.272324228327113e-04,9.091746525768528e-01,-4.152338773535625e-01
1609043786728557110,1430,1609043786728557110,4.296059634927490e+00,-6.349747771487331e+00,-3.024575524429391e+00,-3.507369186554951e-02,-2.445029643624420e-04,9.089720696319795e-01,-4.153788066165349e-01
1609043786831573963,1431,1609043786831573963,4.298295582938599e+00,-6.418554893254569e+00,-3.022136637946125e+00,-3.113514003320418e-02,2.574618630392179e-03,9.089905285517413e-01,-4.156443111570839e-01
1609043786934695005,1432,1609043786934695005,4.305876818220959e+00,-6.485580541645037e+00,-3.020628985674980e+00,-2.550850948108745e-02,5.601428028653699e-03,9.090639300261755e-01,-4.158373613246624e-01
1609043787038022041,1433,1609043787038022041,4.311655694335749e+00,-6.550890706515261e+00,-3.028196809467044e+00,-1.660244622479910e-02,7.696070035872055e-03,9.093300483619834e-01,-4.156729392579563e-01
1609043787160806179,1434,1609043787160806179,4.322679967462383e+00,-6.630164236707777e+00,-3.038280310434545e+00,-1.067340746553917e-02,2.320396652900566e-03,9.092110794568070e-01,-4.161921516864963e-01
1609043787244961739,1435,1609043787244961739,4.331175374384069e+00,-6.679545858124600e+00,-3.043460177049484e+00,-5.785172878250280e-03,-5.059062368768146e-03,9.094107499250936e-01,-4.158281202412802e-01
1609043787347606659,1436,1609043787347606659,4.337637972310876e+00,-6.743605034460955e+00,-3.045454834978410e+00,-1.463543326412025e-03,-1.544450024651319e-02,9.092508187613456e-01,-4.159594620090879e-01
1609043787417895555,1437,1609043787417895555,4.342342330423740e+00,-6.790459743519917e+00,-3.045289984821950e+00,-5.503711578186376e-04,-2.175552476016505e-02,9.090977375911024e-01,-4.160140595469554e-01
1609043787539454937,1438,1609043787539454937,4.344377434584941e+00,-6.864637154389554e+00,-3.046640699146336e+00,-8.865680059322339e-03,-1.665718573151572e-02,9.092406105818879e-01,-4.158430592774962e-01
1609043787642481565,1439,1609043787642481565,4.346077733408425e+00,-6.919184392727546e+00,-3.042994169214764e+00,-8.202124498965522e-03,-1.138139831992933e-02,9.103586440135272e-01,-4.135823112704877e-01
1609043787745721340,1440,1609043787745721340,4.344096167188844e+00,-6.956586821504491e+00,-3.039947559567533e+00,-9.035153513494643e-03,-5.675528452300127e-03,9.142007646616792e-01,-4.051211130881430e-01
1609043787829314709,1441,1609043787829314709,4.342171673606416e+00,-6.985422061992348e+00,-3.038985426152530e+00,-1.028346154271395e-02,-2.421340559567488e-03,9.169532152545817e-01,-3.988548464828764e-01
1609043787952091694,1442,1609043787952091694,4.337634189571673e+00,-7.024743975405823e+00,-3.038131625565899e+00,-6.879802518387937e-03,-1.159770186289637e-03,9.201248895487113e-01,-3.915629079514492e-01
1609043788035016298,1443,1609043788035016298,4.333997307033170e+00,-7.051464313814379e+00,-3.039420596797395e+00,-1.001004316216015e-02,-2.299251427426308e-03,9.213230351165239e-01,-3.886622922826982e-01
1609043788157573938,1444,1609043788157573938,4.331691916057898e+00,-7.093088015817743e+00,-3.041290253734926e+00,-2.007653408292410e-02,-4.683167943453786e-03,9.217768287618467e-01,-3.871724146617161e-01
1609043788241065979,1445,1609043788241065979,4.334436968725623e+00,-7.119300008457939e+00,-3.040056716855384e+00,-1.520604244118130e-02,-3.750966152617719e-03,9.220401128765078e-01,-3.867773736568308e-01
1609043788343837023,1446,1609043788343837023,4.335116248074609e+00,-7.148401033600829e+00,-3.043379660710727e+00,-1.112267332317773e-02,-5.378784051788241e-03,9.219908138522455e-01,-3.870145914462968e-01
1609043788447029114,1447,1609043788447029114,4.336307394439846e+00,-7.175754962073184e+00,-3.056380886020369e+00,-6.108166121448367e-03,-7.981109617560713e-03,9.219845523467267e-01,-3.870962121100018e-01
1609043788517382622,1448,1609043788517382622,4.333624850561107e+00,-7.195592136784627e+00,-3.054831148674703e+00,-2.109238124770855e-03,-1.616754105585722e-02,9.219285809358325e-01,-3.870166060834889e-01
1609043788619127750,1449,1609043788619127750,4.326345817944906e+00,-7.219655658124020e+00,-3.054323722491314e+00,4.157556825756672e-04,-2.287451823239945e-02,9.217390006819594e-01,-3.871353744940793e-01
1609043788722420692,1450,1609043788722420692,4.321164486077243e+00,-7.235580193389164e+00,-3.057259053961530e+00,-5.415122948749278e-04,-2.824839060633388e-02,9.216548527267151e-01,-3.869807070615842e-01
1609043788825884342,1451,1609043788825884342,4.304794977167292e+00,-7.244584295830713e+00,-3.059823984422068e+00,-3.164369341983832e-03,-2.989335861595001e-02,9.214644694377727e-01,-3.872978252470440e-01
1609043788929174185,1452,1609043788929174185,4.287527357471604e+00,-7.247320346878758e+00,-3.063795093447563e+00,-1.020335327671637e-02,-2.845847951694788e-02,9.214657392259448e-01,-3.872814195882334e-01
1609043789051514387,1453,1609043789051514387,4.269577673257750e+00,-7.241214297729538e+00,-3.081753713418794e+00,-2.226285751528206e-02,-2.578438641342576e-02,9.212645017840709e-01,-3.874419289972177e-01
1609043789153838396,1454,1609043789153838396,4.256015266075278e+00,-7.229651949767884e+00,-3.107045037171034e+00,-2.737235275426715e-02,-3.010321132478712e-02,9.212065745017380e-01,-3.869405614140306e-01
1609043789237741709,1455,1609043789237741709,4.244481104497759e+00,-7.215551949330159e+00,-3.093532791526845e+00,-3.192860410307602e-02,-4.649898736947590e-02,9.202823709484977e-01,-3.871676202048076e-01
1609043789359582424,1456,1609043789359582424,4.227477041336249e+00,-7.177420617542021e+00,-3.095812111855730e+00,-2.711645661155907e-02,-4.995239020143864e-02,9.201533707790303e-01,-3.874109326516035e-01
1609043789443865061,1457,1609043789443865061,4.213648306405898e+00,-7.140708349810340e+00,-3.113980171143289e+00,-1.954905585649379e-02,-5.030479586035817e-02,9.202729858045654e-01,-3.875369576271633e-01
1609043789566402674,1458,1609043789566402674,4.189720980406918e+00,-7.078010605616190e+00,-3.100277165872681e+00,-9.969426752914510e-03,-5.125333951365398e-02,9.201181826655733e-01,-3.881446066186147e-01
1609043789636915207,1459,1609043789636915207,4.170654110884029e+00,-7.027741012902455e+00,-3.102621922334134e+00,-3.908881045369725e-03,-4.055409239073451e-02,9.205401186563349e-01,-3.885176652142320e-01
1609043789719173193,1460,1609043789719173193,4.149262816201953e+00,-6.964046602943172e+00,-3.097779840433342e+00,1.442135524984956e-03,-3.360372468835154e-02,9.208137063279149e-01,-3.885496469832978e-01
1609043789842163324,1461,1609043789842163324,4.114319918998430e+00,-6.867424179290976e+00,-3.093636426538304e+00,6.862713898559349e-03,-2.801561273449776e-02,9.209019647373666e-01,-3.887256100952385e-01
1609043789925315619,1462,1609043789925315619,4.091538240746978e+00,-6.800337642246624e+00,-3.095031077791476e+00,7.208241746811793e-03,-2.560267978212107e-02,9.209150437458433e-01,-3.888547624004177e-01
1609043790029145479,1463,1609043790029145479,4.054579011242766e+00,-6.716996332234761e+00,-3.093675714463462e+00,7.463302236289391e-03,-2.590850797170264e-02,9.207639580500536e-01,-3.891873352132740e-01
1609043790151279688,1464,1609043790151279688,4.003409275763099e+00,-6.617591435740891e+00,-3.091561980973982e+00,8.556293422023105e-03,-3.013660989427977e-02,9.205199928182412e-01,-3.894374370920978e-01
1609043790235132456,1465,1609043790235132456,3.964079422722486e+00,-6.546244818093896e+00,-3.088287490391152e+00,7.216134833033072e-03,-2.986252816310291e-02,9.204967678415614e-01,-3.895405719601207e-01
1609043790357440948,1466,1609043790357440948,3.901248865969808e+00,-6.436171547509594e+00,-3.082199435052862e+00,5.331167702465891e-03,-2.652516657302849e-02,9.205404774569427e-01,-3.897091525131852e-01
1609043790460964680,1467,1609043790460964680,3.843572859855251e+00,-6.339123722546381e+00,-3.074449516073870e+00,4.474237478990594e-03,-2.353210346664767e-02,9.205771840420870e-01,-3.898254346839855e-01
1609043790564242125,1468,1609043790564242125,3.781114180525479e+00,-6.236759276726001e+00,-3.065722519346496e+00,4.179114375582263e-04,-1.950970586744911e-02,9.206361695334420e-01,-3.899336354737655e-01
1609043790647569180,1469,1609043790647569180,3.729255543816676e+00,-6.151776574423513e+00,-3.058568441365245e+00,-7.131743935536265e-03,-1.469042313233552e-02,9.207502463131861e-01,-3.898106124912942e-01
1609043790717463493,1470,1609043790717463493,3.675985161777187e+00,-6.063327356320174e+00,-3.049889495341354e+00,-1.248438246788336e-02,-7.374882537976502e-03,9.208469844330973e-01,-3.896544399367442e-01
1609043790838302135,1471,1609043790838302135,3.591473279546106e+00,-5.919812507237728e+00,-3.039698538565482e+00,-1.911417156926340e-02,-3.480830707298279e-03,9.209122182720241e-01,-3.892855231062518e-01
1609043790941772223,1472,1609043790941772223,3.525783266465187e+00,-5.799128643510659e+00,-3.030130798184592e+00,-1.790262492887675e-02,-2.490014743136136e-05,9.209184345291830e-01,-3.893439768956976e-01
1609043791044893026,1473,1609043791044893026,3.463565420468691e+00,-5.683702096482359e+00,-3.017179943131046e+00,-9.493639643573911e-03,6.440448392913001e-03,9.208111036945267e-01,-3.898400989427385e-01
1609043791128691196,1474,1609043791128691196,3.415689706022420e+00,-5.592083104615859e+00,-3.002461669929877e+00,-2.957734046289134e-03,5.602773248646786e-03,9.210099559353064e-01,-3.894875117500951e-01
1609043791251110077,1475,1609043791251110077,3.342048251948189e+00,-5.464846161542755e+00,-2.989332052630553e+00,2.954687946197932e-03,3.636156926043475e-03,9.209790460741110e-01,-3.895839381627155e-01
1609043791334565878,1476,1609043791334565878,3.294158178531094e+00,-5.383322934422155e+00,-2.981724373441961e+00,4.037464140623814e-03,3.165946993307176e-03,9.209462264885895e-01,-3.896559040735512e-01
1609043791437451839,1477,1609043791437451839,3.231917620439168e+00,-5.280524601128725e+00,-2.971058591614745e+00,4.023344367356791e-03,1.766787480035495e-03,9.209124577906521e-01,-3.897447065042482e-01
1609043791540666580,1478,1609043791540666580,3.166980738257393e+00,-5.183352085987397e+00,-2.957877463529631e+00,3.357176748439124e-03,1.820100781401060e-04,9.209148210309729e-01,-3.897493920997214e-01
1609043791663288593,1479,1609043791663288593,3.086300622273173e+00,-5.064959681737641e+00,-2.946682362281853e+00,2.652433339254338e-03,-1.663928795316160e-04,9.207973638903887e-01,-3.900322442610373e-01
1609043791766731024,1480,1609043791766731024,3.016242053591542e+00,-4.963710411077597e+00,-2.946992963604246e+00,2.268956418405461e-03,-2.170236748643996e-05,9.207949696358300e-01,-3.900403508089000e-01
1609043791817101955,1481,1609043791817101955,2.974234225886861e+00,-4.902915768670386e+00,-2.943702640837701e+00,1.887860189439292e-03,7.062487164934280e-04,9.206304094048368e-01,-3.904300020179527e-01
1609043791918998957,1482,1609043791918998957,2.891119951435073e+00,-4.788485203582679e+00,-2.942886090508039e+00,2.247982349793934e-03,1.572220563287645e-03,9.206656324040575e-01,-3.903425008987522e-01
1609043792022115707,1483,1609043792022115707,2.811302151884260e+00,-4.678981261515644e+00,-2.939308941333656e+00,2.579682137302022e-03,2.914125337093807e-03,9.205970719579020e-01,-3.904944099678350e-01
1609043792124959469,1484,1609043792124959469,2.734331082862878e+00,-4.573402866776627e+00,-2.939326333418963e+00,3.403792815476476e-03,4.032024486594776e-03,9.206430129673654e-01,-3.903698242018462e-01
1609043792228108406,1485,1609043792228108406,2.659232189500648e+00,-4.475805675960947e+00,-2.936909407013084e+00,4.715032421920229e-03,4.613289226838594e-03,9.205416787754865e-01,-3.905886630062103e-01
1609043792351274967,1486,1609043792351274967,2.562726736069528e+00,-4.364566763279729e+00,-2.934524157299481e+00,4.008074669972991e-03,4.497008305581439e-03,9.205610968253561e-01,-3.905521466660207e-01
1609043792454237700,1487,1609043792454237700,2.481665316882133e+00,-4.278815875415824e+00,-2.930722662840678e+00,4.974446637633584e-03,4.622085906696190e-03,9.204819853718119e-01,-3.907259983780039e-01
1609043792557657957,1488,1609043792557657957,2.396962058037475e+00,-4.192904748225077e+00,-2.934835836148491e+00,4.742604665425789e-03,4.656327043437107e-03,9.204324094523347e-01,-3.908452455246471e-01
1609043792660236835,1489,1609043792660236835,2.312305122533862e+00,-4.108696216052605e+00,-2.932816995375883e+00,2.480603790191480e-03,5.084185708819698e-03,9.203981193779152e-01,-3.909415551026924e-01
1609043792744001389,1490,1609043792744001389,2.244633355365411e+00,-4.041174351326918e+00,-2.931097593053768e+00,1.296687970553992e-03,7.196894161833548e-03,9.204118526519968e-01,-3.908817529796571e-01
1609043792846935987,1491,1609043792846935987,2.157974846283229e+00,-3.956943942144216e+00,-2.925806807102112e+00,1.928485326634810e-03,6.771213772693813e-03,9.203057162862832e-01,-3.911365748420626e-01
1609043792917222738,1492,1609043792917222738,2.077615993059130e+00,-3.888253214236427e+00,-2.919014116926097e+00,4.470574844517398e-03,8.262710746812080e-03,9.202164367471828e-01,-3.912971391564117e-01
1609043793018760443,1493,1609043793018760443,1.979468613875877e+00,-3.798761045832748e+00,-2.912548648928108e+00,1.085685549974189e-02,1.111134212124588e-02,9.201778206337480e-01,-3.911923378322334e-01
1609043793141697407,1494,1609043793141697407,1.865416881132874e+00,-3.694914422871525e+00,-2.911945926049770e+00,1.723075732862958e-02,1.419285300625155e-02,9.200495444450641e-01,-3.911655655753133e-01
1609043793244769096,1495,1609043793244769096,1.768343761647947e+00,-3.617491021317356e+00,-2.914125651172992e+00,1.929669784969072e-02,1.557631741774988e-02,9.198811761802286e-01,-3.914123624734898e-01
1609043793347965002,1496,1609043793347965002,1.669275032837411e+00,-3.552556504839714e+00,-2.925741786543279e+00,1.094533999826440e-02,1.259819325021236e-02,9.200685773868933e-01,-3.914017091996549e-01
1609043793451328039,1497,1609043793451328039,1.571184697274752e+00,-3.492796404669014e+00,-2.934774588774451e+00,5.056009308163370e-03,1.045850961449600e-02,9.201488173156545e-01,-3.913964873873060e-01
1609043793534944296,1498,1609043793534944296,1.491307908909729e+00,-3.448985563289738e+00,-2.937931039331296e+00,2.813988780243230e-03,9.418823643190561e-03,9.201970909987306e-01,-3.913319319271010e-01
1609043793658023834,1499,1609043793658023834,1.372775339764831e+00,-3.383986841784892e+00,-2.945436029118939e+00,2.708031945193180e-04,8.840472011694640e-03,9.201995031482656e-01,-3.913497759369812e-01
1609043793740825891,1500,1609043793740825891,1.290936871739084e+00,-3.342014452333209e+00,-2.949326322921040e+00,9.124705737466011e-04,9.332789505307743e-03,9.201533923069687e-01,-3.914457830447010e-01
1609043793864654064,1501,1609043793864654064,1.168296130555153e+00,-3.278786528573442e+00,-2.950010304999001e+00,1.404391468678620e-03,9.926176266698559e-03,9.201759515394755e-01,-3.913766943977961e-01
1609043793967139721,1502,1609043793967139721,1.063321648504955e+00,-3.229545782636659e+00,-2.958736638871433e+00,-3.662993964672694e-03,7.772144693586830e-03,9.201315601591369e-01,-3.915151187900532e-01
1609043794017216921,1503,1609043794017216921,9.974230790405882e-01,-3.200559012313568e+00,-2.958381428152538e+00,-8.183734736479946e-03,6.308399083421650e-03,9.200510735122490e-01,-3.916621665615982e-01
1609043794119513750,1504,1609043794119513750,8.796775989916642e-01,-3.147088790059352e+00,-2.958988153987044e+00,-1.593229846332914e-02,3.136781527946996e-03,9.200356828278099e-01,-3.914979754620540e-01
1609043794221881628,1505,1609043794221881628,7.710319595697008e-01,-3.091347742471434e+00,-2.964066330544150e+00,-2.493332446822304e-02,-8.156692634134843e-04,9.199301783559702e-01,-3.912877853505881e-01
1609043794324901581,1506,1609043794324901581,6.739985126391715e-01,-3.033922510991921e+00,-2.964361354153990e+00,-2.435504687611137e-02,-5.344886185730461e-04,9.199498926921741e-01,-3.912783420395721e-01
1609043794427968025,1507,1609043794427968025,5.809359203414852e-01,-2.978902533154181e+00,-2.961217488203804e+00,-1.884295444204192e-02,2.158078715672715e-03,9.200796545718009e-01,-3.912719195229680e-01
1609043794531357527,1508,1609043794531357527,4.904279069568002e-01,-2.927116555315981e+00,-2.956941036865783e+00,-1.374728081609057e-02,8.662920815394997e-03,9.200014715367976e-01,-3.915779085229874e-01
1609043794654451609,1509,1609043794654451609,3.860978482110872e-01,-2.868088355727363e+00,-2.962011621754951e+00,-1.328780775512331e-02,2.274715333303846e-02,9.196267451204218e-01,-3.919089828512797e-01
1609043794737568855,1510,1609043794737568855,3.213089667862324e-01,-2.830500527515655e+00,-2.964430631825520e+00,-1.410072752446532e-02,2.725268419727429e-02,9.195373370243348e-01,-3.918029434620414e-01
1609043794860359192,1511,1609043794860359192,2.235928893896139e-01,-2.781805426129650e+00,-2.972194815743441e+00,-1.631033531989867e-02,2.496482936851939e-02,9.194921057453529e-01,-3.919757616592257e-01
1609043794963770390,1512,1609043794963770390,1.422429581792184e-01,-2.745323020896867e+00,-2.991800257537534e+00,-2.684147666782995e-02,1.234035252628997e-02,9.194424434661606e-01,-3.921133050315855e-01
1609043795066912651,1513,1609043795066912651,6.799380471379013e-02,-2.702781587093492e+00,-2.999701141006017e+00,-3.666390256824260e-02,1.094666291713836e-03,9.193174645520584e-01,-3.918034702803833e-01
1609043795117221594,1514,1609043795117221594,2.488907434738630e-02,-2.675985223644828e+00,-2.996982224683492e+00,-4.177300621183567e-02,-4.911646176395263e-03,9.190138988966126e-01,-3.919749294517582e-01
1609043795218984604,1515,1609043795218984604,-5.107675582724199e-02,-2.623263873122923e+00,-3.000023359502344e+00,-4.767734889212327e-02,-9.146884594957976e-03,9.188035810607134e-01,-3.917182461091577e-01
1609043795341994524,1516,1609043795341994524,-1.262322913281780e-01,-2.549808548039379e+00,-3.001444504660163e+00,-5.056542864655883e-02,-1.108171201895890e-02,9.186476207867814e-01,-3.916719059459136e-01
1609043795444969893,1517,1609043795444969893,-1.771241794078394e-01,-2.488670011608010e+00,-3.001641575534414e+00,-4.893517610232713e-02,-9.126602713750763e-03,9.186187335460769e-01,-3.919970357552990e-01
1609043795528029203,1518,1609043795528029203,-2.105175631844979e-01,-2.437964996328679e+00,-2.999724804518649e+00,-4.706315053250070e-02,-8.031257323228264e-03,9.187408377600971e-01,-3.919640695263258e-01
1609043795650953054,1519,1609043795650953054,-2.519034592572234e-01,-2.360158006935186e+00,-2.988099308838434e+00,-4.119023345563228e-02,-3.943962171202792e-04,9.189882212608810e-01,-3.921273495986434e-01
1609043795754302979,1520,1609043795754302979,-2.810472820073563e-01,-2.295012590504623e+00,-2.983597120526689e+00,-3.709601823247685e-02,1.312772452977047e-02,9.189989109575865e-01,-3.922914094633430e-01
1609043795857402802,1521,1609043795857402802,-3.028719184462821e-01,-2.228713116721511e+00,-2.984174470342198e+00,-3.242577599385809e-02,2.708089432439283e-02,9.189168647175695e-01,-3.921823427328408e-01
1609043795960825443,1522,1609043795960825443,-3.187539051248867e-01,-2.163805725097355e+00,-3.001174007235419e+00,-2.900006081983137e-02,3.757644744537188e-02,9.186550394076767e-01,-3.921988343183995e-01
1609043796044211149,1523,1609043796044211149,-3.293837128953988e-01,-2.118494813489855e+00,-3.002893015268048e+00,-2.599229682181173e-02,3.725406725768975e-02,9.190020105947801e-01,-3.916271690031704e-01
1609043796147326708,1524,1609043796147326708,-3.415397200800653e-01,-2.066159517415437e+00,-2.993368420276389e+00,-2.221684459818349e-02,2.908967980664983e-02,9.205664345076977e-01,-3.888671264103351e-01
1609043796237220049,1525,1609043796237220049,-3.529079765840996e-01,-2.017042904012535e+00,-2.987564221741599e+00,-1.830549350509416e-02,1.795348207415151e-02,9.227433447866552e-01,-3.845611798412371e-01
1609043796340162992,1526,1609043796340162992,-3.579894886174102e-01,-1.960998734169251e+00,-2.979368919695141e+00,-1.458216876818634e-02,1.172808166867426e-02,9.246932541094247e-01,-3.802528083511181e-01
1609043796441888094,1527,1609043796441888094,-3.595535012752832e-01,-1.904690129820912e+00,-2.973174571695743e+00,-1.008586123021107e-02,9.375920519013845e-03,9.267402610489347e-01,-3.754502045126868e-01
1609043796545349360,1528,1609043796545349360,-3.625037685715864e-01,-1.851303220940387e+00,-2.966938394949394e+00,-6.431453534879136e-03,9.298451419678500e-03,9.289355703034976e-01,-3.700687523035961e-01
1609043796628915071,1529,1609043796628915071,-3.657472112012179e-01,-1.807352078233506e+00,-2.967546621450036e+00,-4.494830150450744e-03,1.020846813320059e-02,9.308573446623529e-01,-3.652125238384432e-01
1609043796731662989,1530,1609043796731662989,-3.709847227726903e-01,-1.759986540177076e+00,-2.972501417616609e+00,-3.534712145021396e-03,1.156524107747176e-02,9.332660847996544e-01,-3.589821248636151e-01
1609043796834792137,1531,1609043796834792137,-3.733583765410452e-01,-1.714272694135464e+00,-2.974767526340576e+00,-3.072553599389471e-03,1.259760706428307e-02,9.357561316633172e-01,-3.524093099864666e-01
1609043796937856913,1532,1609043796937856913,-3.797965131849043e-01,-1.670860420377708e+00,-2.957983266691905e+00,-4.409666202113183e-03,1.487464827839539e-02,9.385098522682673e-01,-3.449036921779401e-01
1609043797040959597,1533,1609043797040959597,-3.825832350521935e-01,-1.630915574346572e+00,-2.968640349667992e+00,-6.487089461660570e-03,2.266259701903436e-02,9.421862267673315e-01,-3.342595375701464e-01
1609043797144107103,1534,1609043797144107103,-3.844198293815170e-01,-1.594557121682169e+00,-2.974996143734265e+00,-9.535011021897005e-03,2.621426758122295e-02,9.459143826184780e-01,-3.232149076009582e-01
1609043797266987085,1535,1609043797266987085,-3.885437402869818e-01,-1.557696667816140e+00,-2.981694560885209e+00,-1.253529118864432e-02,2.798606427013082e-02,9.499384688012951e-01,-3.109285322593201e-01
1609043797317364454,1536,1609043797317364454,-3.895024511687237e-01,-1.545793863600324e+00,-2.981930273784965e+00,-1.392845100750152e-02,2.810717091056580e-02,9.522235328863294e-01,-3.037866498274956e-01
1609043797419469833,1537,1609043797419469833,-3.912556938908296e-01,-1.518422597684895e+00,-2.977105985755788e+00,-1.518277780248742e-02,2.811966400110953e-02,9.549979629789302e-01,-2.948858397087907e-01
1609043797541972160,1538,1609043797541972160,-3.890242620281877e-01,-1.491751881603361e+00,-2.972667042814880e+00,-1.576458173347278e-02,2.637553379928141e-02,9.581736945908753e-01,-2.845329157999893e-01
1609043797645051479,1539,1609043797645051479,-3.819995075787850e-01,-1.475797820506631e+00,-2.968979598409086e+00,-1.636970980823004e-02,2.496033174994047e-02,9.605776335174722e-01,-2.764048198308061e-01
1609043797748146057,1540,1609043797748146057,-3.741042888791637e-01,-1.459010755905522e+00,-2.964669303486775e+00,-1.659514289778725e-02,2.338113168399807e-02,9.626190774332770e-01,-2.693370298991290e-01
1609043797831545115,1541,1609043797831545115,-3.658855629360854e-01,-1.450360179204876e+00,-2.961045999673683e+00,-1.653568776681524e-02,2.215633703374296e-02,9.642587409285760e-01,-2.635161253171485e-01
1609043797934562683,1542,1609043797934562683,-3.552721212261897e-01,-1.443942829182383e+00,-2.956113162085535e+00,-1.612090490076276e-02,2.043271583907302e-02,9.662436242949308e-01,-2.563120735705148e-01
1609043798037797451,1543,1609043798037797451,-3.434210124813830e-01,-1.438133882731012e+00,-2.953095489958111e+00,-1.526718972168732e-02,1.848271455341371e-02,9.682578752043498e-01,-2.488011038671186e-01
1609043798160735369,1544,1609043798160735369,-3.226415346088864e-01,-1.437776913593964e+00,-2.946833588941399e+00,-1.437884364473424e-02,1.706317430620622e-02,9.704098939651915e-01,-2.404303113846136e-01
1609043798263913393,1545,1609043798263913393,-3.045398768767126e-01,-1.437183747683992e+00,-2.944235602836007e+00,-1.360907627134463e-02,1.662570017644859e-02,9.717628671465658e-01,-2.349793803119108e-01
1609043798366545677,1546,1609043798366545677,-2.871859092071097e-01,-1.440765692193570e+00,-2.942437271168071e+00,-1.407700555701374e-02,1.668723862485343e-02,9.728504637202950e-01,-2.304025807599210e-01
1609043798417353630,1547,1609043798417353630,-2.749970998671322e-01,-1.444669756590123e+00,-2.937980964526981e+00,-1.464346731957681e-02,1.731360157935452e-02,9.737107253609241e-01,-2.266566376312754e-01
1609043798518984556,1548,1609043798518984556,-2.527470430797096e-01,-1.452470875564493e+00,-2.931770752724153e+00,-1.382970722211216e-02,1.837996644487837e-02,9.747583139363817e-01,-2.220746393524892e-01
1609043798622271061,1549,1609043798622271061,-2.298589984311215e-01,-1.461239106926911e+00,-2.931032452060375e+00,-1.300718024675001e-02,1.918380494966899e-02,9.760577236543125e-01,-2.162732414896570e-01
1609043798725371599,1550,1609043798725371599,-2.051567397886497e-01,-1.470115118677596e+00,-2.933349435061952e+00,-1.269726732795985e-02,1.943174076813622e-02,9.775966714199702e-01,-2.092030948186888e-01
1609043798849006414,1551,1609043798849006414,-1.780149050997341e-01,-1.484681706077274e+00,-2.935818123384205e+00,-1.172765088141942e-02,1.893424032474700e-02,9.796519374780750e-01,-1.994643781319919e-01
1609043798951292276,1552,1609043798951292276,-1.548800937114813e-01,-1.499578859652728e+00,-2.938384159437459e+00,-1.129630773664916e-02,1.834871381464615e-02,9.813145961029145e-01,-1.911998473018251e-01
1609043799054477692,1553,1609043799054477692,-1.308009547449936e-01,-1.518856779796762e+00,-2.940968675191845e+00,-1.140063227445566e-02,1.758142402969576e-02,9.826695032852215e-01,-1.841780834573071e-01
1609043799157013416,1554,1609043799157013416,-1.041892564915016e-01,-1.538932355170102e+00,-2.945872610150885e+00,-1.168593501720121e-02,1.799710550407960e-02,9.836425806460886e-01,-1.788485858377192e-01
1609043799240599394,1555,1609043799240599394,-8.313502090416078e-02,-1.558363738259644e+00,-2.950886346143090e+00,-1.200418943794561e-02,1.844433967075048e-02,9.842372178314411e-01,-1.754787873375928e-01
1609043799363186598,1556,1609043799363186598,-4.991546737564388e-02,-1.591041919789052e+00,-2.954654979637297e+00,-9.963311655730280e-03,1.466257859840050e-02,9.849263898375546e-01,-1.720632087671794e-01
1609043799446911097,1557,1609043799446911097,-2.840718902549883e-02,-1.612481238476881e+00,-2.959103029132317e+00,-8.576840185040763e-03,1.160791391408257e-02,9.852550214416979e-01,-1.704823652784158e-01
1609043799517268181,1558,1609043799517268181,-8.987474169827113e-03,-1.634911148190616e+00,-2.957994855927117e+00,-8.197600638887867e-03,7.392912720654692e-03,9.854593035137655e-01,-1.695526623307176e-01
1609043799619823694,1559,1609043799619823694,2.130852860529149e-02,-1.668229560465670e+00,-2.956593836071320e+00,-7.735470468110991e-03,3.989508804314409e-03,9.855040147966874e-01,-1.694286963172063e-01
1609043799722152233,1560,1609043799722152233,5.192375087351227e-02,-1.697179265838301e+00,-2.953739859738620e+00,-7.616755956804599e-03,1.955445141403147e-03,9.856846054377579e-01,-1.684162102233775e-01
1609043799825461626,1561,1609043799825461626,8.016907997424989e-02,-1.723222259933652e+00,-2.953152825178211e+00,-6.976847819429549e-03,-1.482628469003796e-03,9.858344792287526e-01,-1.675694034455623e-01
1609043799947931528,1562,1609043799947931528,1.102318556890881e-01,-1.753342085212610e+00,-2.950139854253978e+00,-6.772784262064133e-03,-3.564633768824689e-03,9.860083457813822e-01,-1.665201634304262e-01
1609043800051071644,1563,1609043800051071644,1.312101673010372e-01,-1.776561694446145e+00,-2.947116717483307e+00,-7.132041539025617e-03,-3.248138295973113e-03,9.860870652354328e-01,-1.660448233353487e-01
1609043800134830236,1564,1609043800134830236,1.492152866237669e-01,-1.794416371266447e+00,-2.948322033517588e+00,-7.641298497147642e-03,-2.273729186400144e-03,9.862204594587800e-01,-1.652442012833645e-01
1609043800257503748,1565,1609043800257503748,1.772546134844482e-01,-1.822364177951945e+00,-2.949724365187753e+00,-7.012810808132996e-03,-3.552072455637881e-03,9.863735489055878e-01,-1.643332750395828e-01
1609043800340958118,1566,1609043800340958118,1.952244689839666e-01,-1.836421797459335e+00,-2.955988759079378e+00,-3.303419560308565e-03,1.268023793499718e-03,9.865324801523322e-01,-1.635271999985202e-01
1609043800463733673,1567,1609043800463733673,2.163884332868697e-01,-1.858176491129943e+00,-2.928456049426532e+00,-1.971935551450662e-03,-3.348501437377946e-03,9.867984180298608e-01,-1.619067051794620e-01
1609043800547220469,1568,1609043800547220469,2.297900611662862e-01,-1.865620370028192e+00,-2.923333952416645e+00,-1.285945834220636e-04,-4.169578732584272e-03,9.870208762550652e-01,-1.605378083608639e-01
1609043800617456913,1569,1609043800617456913,2.428978085919459e-01,-1.872651783665381e+00,-2.913555155560305e+00,2.000571477898265e-04,-5.104669686367302e-03,9.872719628407750e-01,-1.589590315554736e-01
1609043800719303846,1570,1609043800719303846,2.583675208296117e-01,-1.881510804382862e+00,-2.899769315014225e+00,-3.512660386732588e-04,-2.574000314443931e-03,9.877272504708101e-01,-1.561669933498274e-01
1609043800822471142,1571,1609043800822471142,2.697638010026663e-01,-1.888908841232069e+00,-2.890570130993058e+00,-9.241576253832081e-04,-1.016291391732712e-03,9.881810977524027e-01,-1.532848039739980e-01
1609043800925793886,1572,1609043800925793886,2.801972265351564e-01,-1.896193427502160e+00,-2.887163372808236e+00,-1.807285848664863e-03,-5.399822059000463e-05,9.891891073508245e-01,-1.466343776217989e-01
1609043801048670292,1573,1609043801048670292,2.885494746023446e-01,-1.899476716969597e+00,-2.888469922516153e+00,-2.415098777500146e-03,6.522430359201647e-04,9.906612928466966e-01,-1.363229427947797e-01
1609043801131840467,1574,1609043801131840467,2.929382847049767e-01,-1.902725873501470e+00,-2.888031794634065e+00,-3.098447634027585e-03,2.847433452996205e-03,9.914812203142003e-01,-1.301817249434586e-01
1609043801234724998,1575,1609043801234724998,2.979760436916826e-01,-1.908097520801771e+00,-2.892778149150182e+00,-2.894978694096559e-03,1.348149956238301e-03,9.924181909916145e-01,-1.228655190807731e-01
1609043801357486248,1576,1609043801357486248,3.016668605294360e-01,-1.910133313261644e+00,-2.891924212794972e+00,-2.942240511626459e-03,-1.998621658555418e-04,9.934826613701785e-01,-1.139451834555275e-01
1609043801460508347,1577,1609043801460508347,3.004111770769041e-01,-1.910092308766445e+00,-2.894077378032581e+00,-2.515551386202143e-03,1.259831727099507e-04,9.942601891947084e-01,-1.069594891160491e-01
1609043801564520597,1578,1609043801564520597,3.014181061591529e-01,-1.905519216108891e+00,-2.897912882415547e+00,-2.596592342414516e-03,3.733902255144301e-04,9.950057666517156e-01,-9.978297759527296e-02
1609043801646928310,1579,1609043801646928310,3.003185244874286e-01,-1.903529123551596e+00,-2.901035787265053e+00,-2.022416628640785e-03,5.350458631347188e-04,9.955616250143186e-01,-9.408865157793540e-02
1609043801717604399,1580,1609043801717604399,2.971563684112287e-01,-1.904993007688798e+00,-2.898169440084623e+00,-2.339673216144162e-03,4.801797546981597e-04,9.961783408543434e-01,-8.730984233940721e-02
1609043801819650412,1581,1609043801819650412,2.923264122989617e-01,-1.901976169168116e+00,-2.896759499703794e+00,-1.932709436563983e-03,7.714060089326858e-04,9.967573987919828e-01,-8.043853256023169e-02
1609043801922364235,1582,1609043801922364235,2.879262534640146e-01,-1.897408150702141e+00,-2.896124104364280e+00,-2.094611713703903e-03,3.265656296689999e-03,9.973515555075446e-01,-7.262797544611890e-02
1609043802025419712,1583,1609043802025419712,2.806722450399984e-01,-1.891604119283187e+00,-2.896118469011172e+00,-2.415865458456989e-03,3.600341963575492e-03,9.979047957958048e-01,-6.455400575924883e-02
1609043802128879547,1584,1609043802128879547,2.740262222823812e-01,-1.882678244151667e+00,-2.900551161336220e+00,-2.675374147823322e-03,7.498036605373811e-03,9.984363178143718e-01,-5.533119454261353e-02
1609043802232224464,1585,1609043802232224464,2.648697268640304e-01,-1.879906527572371e+00,-2.904371610683904e+00,-2.805270583719230e-03,8.907948535647104e-03,9.988698599368941e-01,-4.660237997664735e-02
1609043802335070372,1586,1609043802335070372,2.588582012789801e-01,-1.877727829581051e+00,-2.909811530946017e+00,-2.918112856438379e-03,1.044304456304097e-02,9.992228208119783e-01,-3.789698940766491e-02
1609043802438209295,1587,1609043802438209295,2.501560868303330e-01,-1.873433771063771e+00,-2.912514842577945e+00,-1.862676382797101e-03,1.355861038779565e-02,9.994464018908991e-01,-3.032464786903143e-02
1609043802561231613,1588,1609043802561231613,2.353403196495975e-01,-1.871159011708057e+00,-2.917436210322297e+00,-1.389817618256561e-03,1.700044299683263e-02,9.996235375860921e-01,-2.149038037742025e-02
1609043802644802094,1589,1609043802644802094,2.251767487665918e-01,-1.874584914923006e+00,-2.923925061251222e+00,-1.042400026833692e-03,1.688890230720011e-02,9.997270639174418e-01,-1.610826036707181e-02
1609043802747241735,1590,1609043802747241735,2.143784442431790e-01,-1.878798172202203e+00,-2.930958814649024e+00,-1.520629855236160e-03,1.400884066462931e-02,9.998613600975762e-01,-8.871338788558617e-03
1609043802837308168,1591,1609043802837308168,1.962748569555561e-01,-1.889107506569227e+00,-2.923667733215494e+00,-3.083231251564318e-03,5.393253755346630e-03,9.999799661925711e-01,-1.213965602608871e-03
1609043802939296484,1592,1609043802939296484,1.765010542841677e-01,-1.896726987727023e+00,-2.919291197630836e+00,-8.667575573164837e-03,-3.111279557327092e-03,9.999420615858575e-01,5.573737043034243e-03
1609043803042357683,1593,1609043803042357683,1.586812064055648e-01,-1.901443683340965e+00,-2.915035817218933e+00,-1.428334279465143e-02,-6.854096732780402e-03,9.998133065343738e-01,1.106162525990448e-02
1609043803145309210,1594,1609043803145309210,1.466652438602643e-01,-1.899518843502772e+00,-2.908596702029004e+00,-1.495007761607756e-02,-2.157731692071382e-03,9.997282389784657e-01,1.775633864945544e-02
1609043803247757673,1595,1609043803247757673,1.387718443921298e-01,-1.897143863223452e+00,-2.907815502119004e+00,-1.515730148699720e-02,5.155585395600939e-03,9.995272952260804e-01,2.624618541611402e-02
1609043803332195044,1596,1609043803332195044,1.306220423264054e-01,-1.896186399444518e+00,-2.908192454868004e+00,-1.432439001610310e-02,1.086806384958770e-02,9.992934233664142e-01,3.300531859353019e-02
1609043803454595566,1597,1609043803454595566,1.214435352268173e-01,-1.895656338857632e+00,-2.911943349944587e+00,-9.911811896590125e-03,1.690857407077618e-02,9.988180480521854e-01,4.447879262122661e-02
1609043803537772655,1598,1609043803537772655,1.156195985688908e-01,-1.901314210866884e+00,-2.916951211680172e+00,-7.748782411268788e-03,1.834559548347038e-02,9.984853289596599e-01,5.128784797414930e-02
1609043803640795469,1599,1609043803640795469,1.078261876540695e-01,-1.910214729128872e+00,-2.919291107480871e+00,-7.727055395354759e-03,1.314637948982586e-02,9.980928314288960e-01,5.981776635311760e-02
1609043803743623018,1600,1609043803743623018,1.023962240205349e-01,-1.922474075837991e+00,-2.915254495056042e+00,-7.669611847061357e-03,7.095835453704773e-03,9.976159685372782e-01,6.821440824897484e-02
1609043803846800804,1601,1609043803846800804,9.494271171597624e-02,-1.933065392771369e+00,-2.917843406739631e+00,-6.432620105945141e-03,6.800447143580111e-03,9.970971854526863e-01,7.556175010910915e-02
1609043803937085867,1602,1609043803937085867,8.548361316972673e-02,-1.944804691291698e+00,-2.920044322788562e+00,-8.102907829634713e-03,6.813093361222359e-03,9.964268893005425e-01,8.379366874889843e-02
1609043804038839817,1603,1609043804038839817,7.755032490980486e-02,-1.955221679344573e+00,-2.924551234114872e+00,-8.496697556088480e-03,1.786361063138744e-03,9.958045396932600e-01,9.109299518122700e-02
1609043804122480631,1604,1609043804122480631,7.146585996773194e-02,-1.964646780186187e+00,-2.929636208225239e+00,-9.380838371711808e-03,-4.004478215231318e-04,9.951535655616914e-01,9.788370887353257e-02
1609043804245274305,1605,1609043804245274305,6.320309209136664e-02,-1.975600213191749e+00,-2.936731147600750e+00,-8.176372663398355e-03,-2.509706360395961e-03,9.942710686557916e-01,1.065452501903498e-01
1609043804328914165,1606,1609043804328914165,5.883588360644387e-02,-1.977792926736859e+00,-2.942175964306662e+00,-8.034662587536885e-03,-2.422450372074729e-03,9.935419693874441e-01,1.131544563727759e-01
1609043804431502104,1607,1609043804431502104,5.392924491000151e-02,-1.980485637198234e+00,-2.947245154283026e+00,-9.368656738043655e-03,-2.001689127111548e-03,9.927218060135696e-01,1.200484792769982e-01
1609043804554604769,1608,1609043804554604769,4.693038512465585e-02,-1.985468481379482e+00,-2.952003140902263e+00,-1.149521712792398e-02,-3.207759221334856e-03,9.915885746442749e-01,1.288785044097550e-01
1609043804637756586,1609,1609043804637756586,4.581631587054587e-02,-1.987514383655058e+00,-2.958347557621446e+00,-1.508651953730005e-02,-2.328122786401518e-03,9.905872616710033e-01,1.360288711549337e-01
1609043804760805130,1610,1609043804760805130,4.310846745740706e-02,-1.990631387068624e+00,-2.957239973373249e+00,-1.857408786336397e-02,-5.390432945651860e-03,9.889989960983224e-01,1.466524197182340e-01
1609043804844058990,1611,1609043804844058990,4.742623912164380e-02,-1.990712608881730e+00,-2.959829542246672e+00,-2.100532675425952e-02,-3.755794554375437e-03,9.879179981253441e-01,1.535014632999470e-01
1609043804967105627,1612,1609043804967105627,5.564740535598570e-02,-1.991570974910314e+00,-2.963894019072377e+00,-2.708924331590397e-02,-1.368847910140441e-03,9.864946945259009e-01,1.615317827061291e-01
1609043805037281513,1613,1609043805037281513,6.291941650914500e-02,-1.993384368155307e+00,-2.962675271939052e+00,-2.797496415740147e-02,1.148122155459532e-03,9.854884343574997e-01,1.674175287821207e-01
1609043805119279146,1614,1609043805119279146,7.396862881972607e-02,-1.994068714112208e+00,-2.955889970828286e+00,-2.462139020357453e-02,4.231602551517076e-03,9.847015084357919e-01,1.724494707691668e-01
1609043805222479820,1615,1609043805222479820,9.028621285243101e-02,-1.996581030744890e+00,-2.946277835993151e+00,-1.751632678768385e-02,1.075080907479288e-02,9.838101234845873e-01,1.780315683505197e-01
1609043805325579643,1616,1609043805325579643,1.075762269300937e-01,-1.999539715801916e+00,-2.936855114687391e+00,-1.169232466932305e-02,8.344783279961503e-03,9.828204785507686e-01,1.840042420083734e-01
1609043805448940754,1617,1609043805448940754,1.276852885190076e-01,-2.000855126635837e+00,-2.929094397870143e+00,-8.368877665172204e-03,6.703072439478399e-03,9.811291871862187e-01,1.930558177258756e-01
1609043805551645756,1618,1609043805551645756,1.439833499809756e-01,-2.003534435246181e+00,-2.921546532892241e+00,-7.152945519961973e-03,6.590347650829472e-03,9.798754094895996e-01,1.993729785247220e-01
1609043805634711027,1619,1609043805634711027,1.579150716748698e-01,-2.006572217235747e+00,-2.916740481492127e+00,-9.066408214503621e-03,6.370041947682824e-03,9.789477986198164e-01,2.038097897184731e-01
1609043805757685184,1620,1609043805757685184,1.798420541207395e-01,-2.015586153418920e+00,-2.920405467170844e+00,-2.488957785946476e-02,1.949229494065956e-03,9.775017752309110e-01,2.094444767444940e-01
1609043805860721588,1621,1609043805860721588,2.031346370433881e-01,-2.020669057098021e+00,-2.919856503499065e+00,-4.447651669552154e-02,-2.328191704279521e-03,9.758261221250127e-01,2.139621423628039e-01
1609043805943747282,1622,1609043805943747282,2.291714366669756e-01,-2.023673246431848e+00,-2.927959413737740e+00,-5.596730830967567e-02,-7.615251568092701e-04,9.744823422286381e-01,2.173735153246427e-01
1609043806046840668,1623,1609043806046840668,2.709329480242548e-01,-2.030738204884236e+00,-2.924034844379968e+00,-6.084507937988765e-02,1.337868516525019e-03,9.732418615576190e-01,2.215769964029394e-01
1609043806137291908,1624,1609043806137291908,3.215413387734543e-01,-2.041923657742644e+00,-2.910055728508663e+00,-5.286430263082579e-02,5.842811421068324e-03,9.723950801859087e-01,2.271982286293065e-01
1609043806219959974,1625,1609043806219959974,3.693433747748374e-01,-2.052418327810513e+00,-2.889749827130928e+00,-3.737040476461666e-02,6.720768766658012e-03,9.722158024014665e-01,2.309864014953839e-01
1609043806322388172,1626,1609043806322388172,4.326964967204032e-01,-2.067678753333194e+00,-2.861337879200890e+00,-1.184949396217735e-02,9.714972321148662e-03,9.717440045045008e-01,2.355393778441227e-01
1609043806445325375,1627,1609043806445325375,5.012726662675638e-01,-2.087367586644489e+00,-2.835983581806800e+00,8.835480547984506e-03,1.043955966289811e-02,9.706539352810797e-01,2.400914155085198e-01
1609043806528568029,1628,1609043806528568029,5.451869464485566e-01,-2.097772844525722e+00,-2.823779245423159e+00,1.539164722424402e-02,9.970573996496507e-03,9.694257184631343e-01,2.446987152237234e-01
1609043806651741982,1629,1609043806651741982,6.024585136505169e-01,-2.111522665213161e+00,-2.817638617255161e+00,1.000587189229507e-02,1.004129289928108e-03,9.679704037938734e-01,2.508628542275035e-01
1609043806754709244,1630,1609043806754709244,6.506599326551957e-01,-2.116849556436615e+00,-2.809838656064771e+00,5.387417076857467e-03,-2.325106906947259e-03,9.668807007787009e-01,2.551612824799238e-01
1609043806857653618,1631,1609043806857653618,6.975603261093543e-01,-2.119139400859153e+00,-2.805914199536751e+00,-9.641160070184852e-04,-2.779648872667359e-03,9.659006339662114e-01,2.588963293214885e-01
1609043806940803289,1632,1609043806940803289,7.379223232585216e-01,-2.125632670855861e+00,-2.809265520713293e+00,-5.016027594565280e-03,-1.168377564553171e-03,9.650670434238942e-01,2.619524309070272e-01
1609043807064846754,1633,1609043807064846754,7.976334926937769e-01,-2.132508632854202e+00,-2.814752835486023e+00,-1.050913624862192e-02,1.388077306382490e-03,9.637620361761777e-01,2.665527507309711e-01
1609043807167098284,1634,1609043807167098284,8.462904297709037e-01,-2.137612241290842e+00,-2.818108595366614e+00,-1.161829329419006e-02,3.034618035482070e-03,9.623198335621017e-01,2.716548256286235e-01
1609043807217261791,1635,1609043807217261791,8.767376426062546e-01,-2.141446622518565e+00,-2.818114338883556e+00,-1.046820439336646e-02,6.131012042280705e-03,9.609491941923692e-01,2.764588098960721e-01
1609043807319921255,1636,1609043807319921255,9.321347702683062e-01,-2.147904408794223e+00,-2.809309343679371e+00,-3.875772068794986e-03,9.610519676449424e-03,9.586397984339105e-01,2.844333896732429e-01
1609043807442382574,1637,1609043807442382574,9.906849518271172e-01,-2.155358315054751e+00,-2.799560538259633e+00,1.845129615746682e-03,1.248133196981994e-02,9.558129316559132e-01,2.937047012362736e-01
1609043807525393009,1638,1609043807525393009,1.029420692073173e+00,-2.160727154648909e+00,-2.794086118313406e+00,3.170943148712420e-03,1.351869526397686e-02,9.539653061020333e-01,2.995953683746821e-01
1609043807648404360,1639,1609043807648404360,1.079693216203471e+00,-2.170888228240614e+00,-2.786465591123607e+00,3.351948174771661e-03,1.439565289424828e-02,9.514859945556642e-01,3.073368376644759e-01
1609043807731545925,1640,1609043807731545925,1.112038384167841e+00,-2.177803162274688e+00,-2.780897336278094e+00,2.239314379448091e-03,1.420893067115618e-02,9.499967017705293e-01,3.119284507469755e-01
1609043807834723473,1641,1609043807834723473,1.146590556444707e+00,-2.185187775202486e+00,-2.770983464867565e+00,7.808723655000052e-04,1.374491232833161e-02,9.485809193927439e-01,3.162352083298949e-01
1609043807958012104,1642,1609043807958012104,1.183640789191152e+00,-2.198508737888024e+00,-2.753719432290909e+00,-9.890801467948086e-04,1.295669696750901e-02,9.469351296759392e-01,3.211619621153288e-01
1609043808041122437,1643,1609043808041122437,1.212357364319522e+00,-2.203018384129181e+00,-2.740992564314058e+00,-2.174517264650505e-03,1.250775060649773e-02,9.453884419442784e-01,3.256985131799056e-01
1609043808144186735,1644,1609043808144186735,1.244866295228774e+00,-2.211465922273392e+00,-2.728492386818695e+00,-3.143830355010337e-03,1.217237365326409e-02,9.438059060199505e-01,3.302610504013523e-01
1609043808267150402,1645,1609043808267150402,1.282564494080790e+00,-2.225301722953902e+00,-2.712987156829170e+00,-4.299006768223409e-03,1.237643732787879e-02,9.417418123850789e-01,3.360813906564042e-01
1609043808317493916,1646,1609043808317493916,1.301096079306969e+00,-2.230627213628128e+00,-2.705080302657716e+00,-5.000462337406665e-03,1.254212716958269e-02,9.402848148225923e-01,3.401207983004236e-01
1609043808419761896,1647,1609043808419761896,1.335822951741944e+00,-2.246102026696451e+00,-2.686979003732822e+00,-5.729625668593365e-03,1.274302247915864e-02,9.383701345272742e-01,3.453495003544362e-01
1609043808522291899,1648,1609043808522291899,1.368669966019998e+00,-2.262113271733588e+00,-2.674068574225768e+00,-5.425787650033416e-03,1.192916525203359e-02,9.367561887940087e-01,3.497371850416968e-01
1609043808625484943,1649,1609043808625484943,1.396961548919639e+00,-2.285067280639561e+00,-2.663613325334736e+00,-4.948251765375821e-03,7.988334406728257e-03,9.353690018331818e-01,3.535484856812002e-01
1609043808748161793,1650,1609043808748161793,1.426872359307459e+00,-2.307490577251825e+00,-2.657846967904110e+00,-7.143515489021351e-03,1.383072329550099e-03,9.343769177453261e-01,3.562117809423681e-01
1609043808831316471,1651,1609043808831316471,1.448043612340147e+00,-2.319563624076740e+00,-2.655049826185695e+00,-8.724730965282751e-03,4.879416803449307e-05,9.336340056310399e-01,3.581220744635157e-01
1609043808934378624,1652,1609043808934378624,1.473729963844533e+00,-2.332228787266384e+00,-2.650647982658808e+00,-9.275907362936217e-03,8.861263913048699e-04,9.327717493935274e-01,3.603471046865114e-01
1609043809037489653,1653,1609043809037489653,1.502005771549740e+00,-2.347334913717062e+00,-2.647636469776662e+00,-5.617339217899343e-03,5.366483477091083e-03,9.321752269797287e-01,3.619240148988355e-01
1609043809140245438,1654,1609043809140245438,1.530974090081224e+00,-2.360872767127985e+00,-2.646170528205543e+00,-4.399402003920758e-03,8.618672432966696e-03,9.312683779307630e-01,3.642053981117064e-01
1609043809243592024,1655,1609043809243592024,1.558417189244734e+00,-2.374276992137175e+00,-2.650472751080918e+00,-4.793683061047552e-03,9.973254728568064e-03,9.302784471688068e-01,3.666872857436193e-01
1609043809346944571,1656,1609043809346944571,1.585997230863947e+00,-2.388641594094202e+00,-2.644725648203009e+00,-1.023842715339882e-03,9.118664420663135e-03,9.284749899448609e-01,3.712815572475534e-01
1609043809437257290,1657,1609043809437257290,1.612933440524922e+00,-2.404021869288235e+00,-2.645085205367500e+00,4.403271913031031e-04,9.494435909257961e-03,9.263694914248982e-01,3.764959855774094e-01
1609043809538846970,1658,1609043809538846970,1.643440833982837e+00,-2.420258933940530e+00,-2.648186467701446e+00,1.398326795267861e-03,9.652216903382244e-03,9.250780996311125e-01,3.796516679456486e-01
1609043809642374754,1659,1609043809642374754,1.669543890583594e+00,-2.435631290138204e+00,-2.654551746987641e+00,3.252845604228793e-04,8.183227158037277e-03,9.239970007242533e-01,3.823120082286444e-01
1609043809745020390,1660,1609043809745020390,1.694160806820398e+00,-2.452641106418068e+00,-2.660998553961776e+00,-2.038648899457980e-04,6.606157123722874e-03,9.225663324870190e-01,3.857819063779619e-01
1609043809848402977,1661,1609043809848402977,1.715705756384360e+00,-2.464558015119387e+00,-2.668303681338485e+00,5.948419819255944e-04,8.506370867257975e-03,9.199289496985871e-01,3.919923664105461e-01
1609043809951585293,1662,1609043809951585293,1.738694011098293e+00,-2.476407542043909e+00,-2.675131406270085e+00,8.230560754843233e-04,8.416551572878970e-03,9.166319311567045e-01,3.996428243097183e-01
1609043810054975510,1663,1609043810054975510,1.758378422431720e+00,-2.488452098493481e+00,-2.678140190689579e+00,1.212031687250446e-03,8.521970772955204e-03,9.128228271388227e-01,4.082651016773550e-01
1609043810137139559,1664,1609043810137139559,1.772314093879111e+00,-2.496823706895083e+00,-2.679929394475743e+00,1.789423749000537e-03,8.748081086415074e-03,9.099120009148083e-01,4.147052201638676e-01
1609043810260496616,1665,1609043810260496616,1.794739191257729e+00,-2.513784054972483e+00,-2.687250723341578e+00,1.642663539385737e-03,8.766344722045990e-03,9.060343773518047e-01,4.231101037713922e-01
1609043810343328238,1666,1609043810343328238,1.807950093123060e+00,-2.523620267184541e+00,-2.689651611350283e+00,1.329024085219595e-03,8.598472511179116e-03,9.035891806595828e-01,4.283116768900881e-01
1609043810466514111,1667,1609043810466514111,1.825066233975265e+00,-2.541497598635285e+00,-2.695209879779946e+00,1.591409022423348e-03,7.937181199111173e-03,9.003312549123398e-01,4.351299805804094e-01
1609043810537040234,1668,1609043810537040234,1.834046031470339e+00,-2.551962693548450e+00,-2.698568456655991e+00,2.073796991131684e-03,7.788467106817951e-03,8.981801523824254e-01,4.395536975301753e-01
1609043810618736267,1669,1609043810618736267,1.845705295172842e+00,-2.567201852430235e+00,-2.704635930781055e+00,2.273123292884365e-03,7.555330686438473e-03,8.960228063217411e-01,4.439379240840163e-01
1609043810721503019,1670,1609043810721503019,1.855864980264781e+00,-2.580016535499333e+00,-2.710318135496904e+00,2.104965947657086e-03,6.854120788150894e-03,8.931855899514439e-01,4.496310621494825e-01
1609043810844748020,1671,1609043810844748020,1.865723631899528e+00,-2.595205061350815e+00,-2.712843636328066e+00,2.426439233213520e-03,6.992880487981572e-03,8.901480095333117e-01,4.556113838997128e-01
1609043810928314447,1672,1609043810928314447,1.873175176234467e+00,-2.606156370191421e+00,-2.713668324766558e+00,2.729877533846073e-03,6.915313800173922e-03,8.877758136872581e-01,4.602160697277118e-01
1609043811051535845,1673,1609043811051535845,1.879449187813788e+00,-2.618690228530093e+00,-2.711212076245385e+00,3.267278671627790e-03,6.858908765190991e-03,8.843289572617412e-01,4.668025017167264e-01
1609043811134570360,1674,1609043811134570360,1.882962249963508e+00,-2.626336182977421e+00,-2.708567158847916e+00,3.716807236783727e-03,6.938994236342000e-03,8.816175900326343e-01,4.718987822065263e-01
1609043811257817984,1675,1609043811257817984,1.885688470085616e+00,-2.635250214674465e+00,-2.704673305340553e+00,4.320437742516186e-03,6.721138305363076e-03,8.760523962222267e-01,4.821497269426668e-01
1609043811361060858,1676,1609043811361060858,1.889434300724675e+00,-2.645334091680079e+00,-2.703394979103119e+00,4.661532855560386e-03,6.443677643426226e-03,8.714197959973800e-01,4.904735347332709e-01
1609043811443995953,1677,1609043811443995953,1.891032361345681e+00,-2.653619408797566e+00,-2.703514277693323e+00,4.901785868076030e-03,6.287144741196640e-03,8.676549783686732e-01,4.971028895695176e-01
1609043811546892643,1678,1609043811546892643,1.889215119680561e+00,-2.662975860098976e+00,-2.706677155593534e+00,5.702110663523349e-03,6.517541116424878e-03,8.636880175359144e-01,5.039523945341077e-01
1609043811636940718,1679,1609043811636940718,1.884247811105053e+00,-2.675988571624624e+00,-2.707629403478625e+00,6.124009102926276e-03,6.621249035947839e-03,8.598262741123551e-01,5.105070361119194e-01
1609043811718665361,1680,1609043811718665361,1.879221319426802e+00,-2.684522041989896e+00,-2.706858279341792e+00,6.505997447116107e-03,6.960126152727503e-03,8.576391138390935e-01,5.141637667654643e-01
1609043811821472406,1681,1609043811821472406,1.873994518152342e+00,-2.695038851560880e+00,-2.706840901213366e+00,7.148766950849756e-03,7.459457289131148e-03,8.549257862931749e-01,5.186474250963087e-01
1609043811944761753,1682,1609043811944761753,1.860034578980075e+00,-2.704624116895202e+00,-2.711610982489201e+00,8.052885579757384e-03,7.635466658449192e-03,8.519623764083196e-01,5.234853960402680e-01
1609043812028038740,1683,1609043812028038740,1.852043670903823e+00,-2.709947446755719e+00,-2.715880144160467e+00,8.385307069093155e-03,8.030129040646788e-03,8.495909660479192e-01,5.273143218827937e-01
1609043812131164074,1684,1609043812131164074,1.840153711120666e+00,-2.716976903213180e+00,-2.727054474766000e+00,9.333575484752664e-03,7.871172997927431e-03,8.474840291227065e-01,5.306804588321021e-01
1609043812234537840,1685,1609043812234537840,1.823276250300738e+00,-2.721273507721262e+00,-2.736945743857309e+00,9.896510488159937e-03,7.409139693279195e-03,8.449260457151792e-01,5.347402556393845e-01
1609043812337857485,1686,1609043812337857485,1.803976296858297e+00,-2.724205364033781e+00,-2.744946411156370e+00,1.008472736029121e-02,6.740092530097174e-03,8.423440603640523e-01,5.388036315729103e-01
1609043812440156937,1687,1609043812440156937,1.785501008781705e+00,-2.725038698593222e+00,-2.747606472249369e+00,1.005084846119917e-02,6.010591501023895e-03,8.388753051418305e-01,5.441976439293162e-01
1609043812564308882,1688,1609043812564308882,1.758571801208297e+00,-2.722649675503785e+00,-2.753633127963070e+00,1.037151334389463e-02,5.375559742433382e-03,8.337531556165708e-01,5.520137775163076e-01
1609043812647346258,1689,1609043812647346258,1.739409860103207e+00,-2.719783840440742e+00,-2.757843021870034e+00,1.112367399966865e-02,5.479726470643054e-03,8.296640944674223e-01,5.581251892058878e-01
1609043812717365503,1690,1609043812717365503,1.717625055886740e+00,-2.722813925999435e+00,-2.761909091074124e+00,1.092177490937277e-02,5.179239152409614e-03,8.241918319042465e-01,5.661816974584692e-01
1609043812838886499,1691,1609043812838886499,1.681052887783192e+00,-2.720729133995554e+00,-2.773793286944073e+00,4.256720094616620e-03,1.563328655433060e-03,8.181918369277381e-01,5.749274339622041e-01
1609043812941868305,1692,1609043812941868305,1.649339666305335e+00,-2.716183098911964e+00,-2.781563837071905e+00,-8.513550006402486e-04,-3.077276928616783e-03,8.150118156696379e-01,5.794355407465511e-01
1609043813024813175,1693,1609043813024813175,1.626843908029298e+00,-2.712066432083964e+00,-2.786551425415927e+00,-2.396883783655211e-03,-4.138064490793406e-03,8.129183874086517e-01,5.823579885116323e-01
1609043813148389101,1694,1609043813148389101,1.593193621030472e+00,-2.709754881448594e+00,-2.788066585163445e+00,-1.692195240349852e-03,-3.742135137273415e-03,8.107365815261797e-01,5.853967272500997e-01
1609043813251080036,1695,1609043813251080036,1.565239228705759e+00,-2.702863731590919e+00,-2.787719114444266e+00,-6.177920367348522e-04,-5.462462156813942e-03,8.088508696284359e-01,5.879881380959213e-01
1609043813334362984,1696,1609043813334362984,1.545600204772039e+00,-2.694552398154841e+00,-2.785453325242872e+00,5.889894778463648e-04,-3.293435683450601e-03,8.071028957975589e-01,5.904013228033866e-01
1609043813437430382,1697,1609043813437430382,1.516729948597302e+00,-2.685108791699983e+00,-2.789410414439387e+00,1.933168043333947e-03,-2.613967822031466e-03,8.058061080024874e-01,5.921705382230910e-01
1609043813540527344,1698,1609043813540527344,1.486636770658684e+00,-2.674173133022290e+00,-2.793282871506095e+00,1.796142240717521e-03,-3.064269694754172e-03,8.047674787085508e-01,5.935795560305048e-01
1609043813643782139,1699,1609043813643782139,1.457028702570171e+00,-2.660214326943842e+00,-2.793470666817136e+00,6.930730423281911e-04,-5.691368089068981e-03,8.032322198435401e-01,5.956384213465845e-01
1609043813746915579,1700,1609043813746915579,1.433511371328388e+00,-2.642860303201317e+00,-2.796455740045052e+00,-7.609213793875016e-04,-6.997108060064212e-03,8.003630548957787e-01,5.994743045663818e-01
1609043813817361832,1701,1609043813817361832,1.416198947614697e+00,-2.631004600258153e+00,-2.796189973996400e+00,-2.316852612892731e-03,-6.228745455688365e-03,7.966383652249567e-01,6.044196803345560e-01
1609043813918835163,1702,1609043813918835163,1.390942050164204e+00,-2.611033697305410e+00,-2.798051573341427e+00,-4.339926708414128e-03,-4.340944506074070e-03,7.930395495979418e-01,6.091392238318384e-01
1609043814041716337,1703,1609043814041716337,1.365851336732142e+00,-2.585549664550901e+00,-2.800695373530609e+00,-7.992302597321338e-03,-3.037862080149955e-04,7.891084674723415e-01,6.142018050906279e-01
1609043814144816399,1704,1609043814144816399,1.344942320821984e+00,-2.563902009086892e+00,-2.802984679634044e+00,-1.300090001307594e-02,2.546956069868382e-04,7.866323245803233e-01,6.172847784081147e-01
1609043814227997303,1705,1609043814227997303,1.330097655820321e+00,-2.548567083852264e+00,-2.804763167736305e+00,-1.678650244384908e-02,-7.783096840341148e-04,7.851593414180541e-01,6.190657607667431e-01
1609043814331088305,1706,1609043814331088305,1.312198714735182e+00,-2.527977849490167e+00,-2.804269743111540e+00,-1.840591599733771e-02,-8.312796463852444e-04,7.834155523246424e-01,6.212250828856829e-01
1609043814454219103,1707,1609043814454219103,1.295163756132539e+00,-2.508103002252191e+00,-2.809464406866717e+00,-2.210960402497627e-02,3.975209617250949e-06,7.809887192764435e-01,6.241536555664777e-01
1609043814537487984,1708,1609043814537487984,1.287160145386042e+00,-2.499311934686764e+00,-2.804268122300273e+00,-2.556981911943472e-02,-4.938753892065879e-03,7.796309019160661e-01,6.256975705864092e-01
1609043814640300751,1709,1609043814640300751,1.283364005765330e+00,-2.486374549262367e+00,-2.805309913698965e+00,-2.676000739704133e-02,-4.380569127389747e-03,7.767970876449890e-01,6.291669073024214e-01
1609043814743301868,1710,1609043814743301868,1.282803651087693e+00,-2.477457929319565e+00,-2.802895582849429e+00,-2.454416086293298e-02,-4.946227403092422e-03,7.743953493501636e-01,6.322064234938218e-01
1609043814846484184,1711,1609043814846484184,1.284322001012604e+00,-2.467353001152180e+00,-2.801274878720054e+00,-2.198469333094662e-02,-6.624699578970584e-03,7.722600163953652e-01,6.348915290753714e-01
1609043814916969299,1712,1609043814916969299,1.288941449858814e+00,-2.459732467785058e+00,-2.794080577596957e+00,-2.161675389520709e-02,-1.064726682932300e-02,7.698402392408986e-01,6.377815909115089e-01
1609043815018741131,1713,1609043815018741131,1.302011165414650e+00,-2.448531791654343e+00,-2.787522000947043e+00,-2.271352568903991e-02,-1.307014144383086e-02,7.662785154370627e-01,6.419739121903498e-01
1609043815121713400,1714,1609043815121713400,1.320797789899043e+00,-2.436783096356866e+00,-2.779693768796576e+00,-2.089901027490213e-02,-1.292950743123021e-02,7.631424169814296e-01,6.457628903946536e-01
1609043815244451046,1715,1609043815244451046,1.345874140021605e+00,-2.423813706594010e+00,-2.771303965964846e+00,-1.743171370102331e-02,-8.349783875907997e-03,7.598683623607245e-01,6.497895723616238e-01
1609043815327473640,1716,1609043815327473640,1.364903039729676e+00,-2.418640423629166e+00,-2.766305542936925e+00,-1.522430328238623e-02,-4.444822556450233e-03,7.578550995832936e-01,6.522301067703055e-01
1609043815430465937,1717,1609043815430465937,1.388150484359467e+00,-2.410986911875812e+00,-2.759160300062264e+00,-1.234735708199830e-02,9.847465305762575e-04,7.555934606007640e-01,6.549237324641107e-01
1609043815552700520,1718,1609043815552700520,1.420121519272349e+00,-2.404532550441630e+00,-2.756991298946959e+00,-7.564965478711428e-03,8.959548153807846e-03,7.536237072943375e-01,6.572014954320511e-01
1609043815636932135,1719,1609043815636932135,1.437460547828676e+00,-2.400407102463725e+00,-2.758549678371499e+00,-6.703563299001920e-03,1.516054167701964e-02,7.527223330355303e-01,6.581294018388055e-01
1609043815740220070,1720,1609043815740220070,1.460432665802417e+00,-2.400569430291253e+00,-2.761197235222943e+00,-7.549669073356568e-03,1.911374572023031e-02,7.516788025233546e-01,6.592091057156908e-01
1609043815843441248,1721,1609043815843441248,1.481928902612878e+00,-2.400774682466939e+00,-2.755867853524283e+00,-1.342222924203505e-02,1.933931460354401e-02,7.493030701203064e-01,6.618086912251325e-01
1609043815946519375,1722,1609043815946519375,1.506790907557118e+00,-2.406346949587206e+00,-2.754671391886801e+00,-1.838191414362748e-02,1.865440241583310e-02,7.471513783866082e-01,6.641377389351670e-01
1609043816016750336,1723,1609043816016750336,1.526464521978633e+00,-2.409452264298069e+00,-2.748049115950104e+00,-1.958687758231561e-02,1.629166999066031e-02,7.452631961316655e-01,6.662835013769329e-01
1609043816138322115,1724,1609043816138322115,1.557400432872419e+00,-2.424389510528856e+00,-2.736018772385414e+00,-1.486501575238279e-02,9.873234968449196e-03,7.433650755959529e-01,6.686478257813769e-01
1609043816241441488,1725,1609043816241441488,1.582169180458848e+00,-2.443604408929553e+00,-2.725488993319024e+00,-1.113965441187406e-02,6.664375977164710e-03,7.407428258393450e-01,6.716632788532964e-01
1609043816324643612,1726,1609043816324643612,1.600893195096761e+00,-2.457041907790321e+00,-2.721408092402645e+00,-1.137927365126170e-02,4.578901853674457e-03,7.375226128976117e-01,6.752110346059697e-01
1609043816427885771,1727,1609043816427885771,1.627248668524216e+00,-2.474516643861699e+00,-2.719103245901622e+00,-1.097583402307375e-02,3.806526754050181e-03,7.331757307390525e-01,6.799399894673244e-01
1609043816549408197,1728,1609043816549408197,1.658243255304156e+00,-2.499236882911006e+00,-2.719857880657651e+00,-1.141560433487958e-02,3.531141875817962e-03,7.279645859277648e-01,6.855105955780264e-01
1609043816653325796,1729,1609043816653325796,1.681212273364649e+00,-2.520875564175987e+00,-2.722018179662009e+00,-1.040121933663630e-02,3.256957192669068e-03,7.240369635345856e-01,6.896750555890605e-01
1609043816737302065,1730,1609043816737302065,1.700900691091226e+00,-2.536459082535475e+00,-2.724236040839978e+00,-9.496885002150648e-03,3.112585344337593e-03,7.214072243970677e-01,6.924389775102562e-01
1609043816840024710,1731,1609043816840024710,1.723110614415817e+00,-2.558629167339543e+00,-2.724317411397901e+00,-8.902464359937129e-03,5.276754571297229e-03,7.183845460819773e-01,6.955692244055267e-01
1609043816962782383,1732,1609043816962782383,1.748736372203336e+00,-2.585940327066326e+00,-2.716499717773138e+00,-3.085206967663732e-03,4.663421707395526e-03,7.155613979333995e-01,6.985274653036522e-01
1609043817046012640,1733,1609043817046012640,1.771663945303057e+00,-2.605695715438618e+00,-2.720267558834969e+00,1.840237955999936e-03,4.442288854666957e-03,7.134570021523480e-01,7.006825141772710e-01
1609043817116296053,1734,1609043817116296053,1.791415152212042e+00,-2.624383445833444e+00,-2.717781787864610e+00,1.286056275084346e-03,3.677959334843255e-03,7.110850452794366e-01,7.030952119409790e-01
1609043817217952013,1735,1609043817217952013,1.819136032741686e+00,-2.649620981866213e+00,-2.725785541806065e+00,-4.153917640710239e-03,1.764542412829498e-04,7.086086048708798e-01,7.055895116390835e-01
1609043817321294308,1736,1609043817321294308,1.846253181550052e+00,-2.673899451910462e+00,-2.734086897208634e+00,-3.974330444291972e-03,-1.802546876314381e-03,7.061429281963207e-01,7.080558738409026e-01
1609043817444159508,1737,1609043817444159508,1.875351473669789e+00,-2.701879226765579e+00,-2.744264147600313e+00,-1.297133528996220e-03,-3.672961663187845e-03,7.023948816322415e-01,7.117768309337262e-01
1609043817547329664,1738,1609043817547329664,1.896127842878250e+00,-2.719652412594983e+00,-2.751853637712963e+00,1.399757696189669e-05,-5.387303692554926e-03,6.996132876785520e-01,7.145013817107703e-01
1609043817630695105,1739,1609043817630695105,1.914975233292654e+00,-2.736060935111811e+00,-2.756145948275734e+00,2.109045138378013e-03,-5.626510111140322e-03,6.971993775814191e-01,7.168520922844931e-01
1609043817733984947,1740,1609043817733984947,1.933995149459911e+00,-2.749624396070683e+00,-2.761349796887908e+00,2.604659537937563e-03,-6.295718933118635e-03,6.949143465350435e-01,7.190602413230621e-01
1609043817856556416,1741,1609043817856556416,1.957856749346706e+00,-2.765670047647709e+00,-2.769054763286074e+00,1.067583125303458e-03,-8.368040929444558e-03,6.939230713119779e-01,7.199997272626050e-01
1609043817939931870,1742,1609043817939931870,1.973833379550063e+00,-2.774830854482580e+00,-2.768522816026987e+00,-1.163762274811130e-03,-1.041446082380830e-02,6.936556763997593e-01,7.202305098102340e-01
1609043818062515736,1743,1609043818062515736,2.001459653458737e+00,-2.783927599265980e+00,-2.771562426121197e+00,-1.933961947019977e-03,-1.085740237677601e-02,6.937760846425806e-01,7.201063261649820e-01
1609043818146195889,1744,1609043818146195889,2.021311913945139e+00,-2.790256077823269e+00,-2.773669277051557e+00,-1.909994701824686e-03,-1.086200416241767e-02,6.937864884028868e-01,7.200962972376719e-01
1609043818216425657,1745,1609043818216425657,2.042384477709855e+00,-2.795574614244035e+00,-2.772910857199150e+00,3.424028148094683e-03,-6.316777528695743e-03,6.938325001365971e-01,7.201005736055854e-01
1609043818318162203,1746,1609043818318162203,2.070023633971520e+00,-2.796855839575331e+00,-2.771395345369886e+00,8.276781361649905e-03,-1.615556411739923e-03,6.938753730928767e-01,7.200457287443578e-01
1609043818421373606,1747,1609043818421373606,2.095831863836083e+00,-2.800038379599983e+00,-2.771330769012055e+00,7.968623214785163e-03,-1.890756226410771e-03,6.939096247442006e-01,7.200155267578027e-01
1609043818524399996,1748,1609043818524399996,2.120672000862562e+00,-2.800727706145862e+00,-2.775430995740224e+00,5.841277583754706e-03,-3.776326093962643e-03,6.936943239907301e-01,7.202359361351428e-01
1609043818646516800,1749,1609043818646516800,2.147447884698773e+00,-2.798929741488606e+00,-2.783591137527868e+00,9.196473533349960e-03,-2.771863710558520e-04,6.969405775368468e-01,7.170698567258792e-01
1609043818729539871,1750,1609043818729539871,2.154828160148162e+00,-2.793615161317338e+00,-2.785945322467433e+00,1.001791052477251e-02,7.190982944628326e-04,7.049871446295066e-01,7.091489619773095e-01
1609043818852592945,1751,1609043818852592945,2.162464240177926e+00,-2.786213181074007e+00,-2.788535338311430e+00,9.631610298134712e-03,4.825335579140323e-04,7.185755807084618e-01,6.953820058456555e-01
1609043818955978870,1752,1609043818955978870,2.171316197443449e+00,-2.777375925295714e+00,-2.790193571176570e+00,9.232415252662669e-03,9.563873133704565e-04,7.271744722027077e-01,6.863899291282054e-01
1609043819039628983,1753,1609043819039628983,2.181296703103258e+00,-2.768776876954537e+00,-2.788434165379868e+00,9.028091713013848e-03,8.618766648861617e-04,7.331036363459500e-01,6.800564749379138e-01
1609043819163224697,1754,1609043819163224697,2.194471586034851e+00,-2.749045184731737e+00,-2.786051468574394e+00,8.579155691794352e-03,6.182534936071541e-04,7.363457688079135e-01,6.765507553827109e-01
1609043819266361237,1755,1609043819266361237,2.205384358553462e+00,-2.730535040129261e+00,-2.791492205376438e+00,8.770285108927699e-03,3.378985537078097e-04,7.369511697648432e-01,6.758890007285998e-01
1609043819337303162,1756,1609043819337303162,2.213950767285021e+00,-2.715241154172220e+00,-2.801987641929040e+00,8.867467667209089e-03,3.278681845653843e-04,7.366967207151621e-01,6.761650702359233e-01
1609043819419662237,1757,1609043819419662237,2.220789875833987e+00,-2.696334122516324e+00,-2.817190535669619e+00,9.277452379871527e-03,-4.811392600808714e-04,7.363369013070362e-01,6.765513026784473e-01
1609043819521637678,1758,1609043819521637678,2.227669165562563e+00,-2.672698199262896e+00,-2.834733546009141e+00,7.266897604648787e-03,4.759455972808664e-04,7.362036523083815e-01,6.767208789469940e-01
1609043819624592066,1759,1609043819624592066,2.233376381245837e+00,-2.650727907019121e+00,-2.856941286537645e+00,1.462856931194451e-03,5.723326470185069e-03,7.360817735458401e-01,6.768668452785417e-01
1609043819727615833,1760,1609043819727615833,2.237990900004065e+00,-2.631688622269942e+00,-2.878518073805017e+00,1.472866252252373e-03,5.956981466938458e-03,7.361375000798600e-01,6.768042006466714e-01
1609043819849992990,1761,1609043819849992990,2.239237361323126e+00,-2.608302505255002e+00,-2.907251035610420e+00,7.125280606775494e-03,1.922543978501131e-03,7.362577495319865e-01,6.766609641873990e-01
1609043819933610201,1762,1609043819933610201,2.239392217762605e+00,-2.590484721520981e+00,-2.938160410231177e+00,9.677895702440794e-03,1.333865995276920e-03,7.362330855392130e-01,6.766575226018620e-01
1609043820037008047,1763,1609043820037008047,2.236962593073697e+00,-2.564776875545181e+00,-2.981868100931068e+00,1.149943248714749e-02,8.883164781628708e-04,7.363303025764533e-01,6.765239533482736e-01
1609043820159363270,1764,1609043820159363270,2.231788745141008e+00,-2.528603763812088e+00,-3.039076924510439e+00,1.010293452496828e-02,1.812839828288095e-03,7.363678965005890e-01,6.765034850827001e-01
1609043820263240576,1765,1609043820263240576,2.227577269086051e+00,-2.495266339458534e+00,-3.079616978792861e+00,9.057720655205602e-04,8.405561129094833e-03,7.362029878858417e-01,6.767079774518915e-01
1609043820346194029,1766,1609043820346194029,2.223212162364061e+00,-2.471671175920320e+00,-3.098981862510760e+00,-6.672708977802728e-03,1.450906420993834e-02,7.361223467987641e-01,6.766600716416845e-01
1609043820416699409,1767,1609043820416699409,2.219319210593899e+00,-2.453460331973382e+00,-3.118593991124790e+00,-1.267171970081669e-02,1.987897518107186e-02,7.361080867134423e-01,6.764533528194311e-01
1609043820518480539,1768,1609043820518480539,2.210114568712719e+00,-2.427646778576670e+00,-3.132139330539588e+00,-1.465511148605142e-02,2.100165666004217e-02,7.361181746543272e-01,6.763683841431729e-01
1609043820621528625,1769,1609043820621528625,2.198062593321724e+00,-2.406722469897963e+00,-3.138079003639144e+00,-1.259775420025927e-02,1.891100207733035e-02,7.361716446786511e-01,6.764133205080093e-01
1609043820724610567,1770,1609043820724610567,2.187994107470598e+00,-2.391282014499547e+00,-3.139906065624014e+00,-9.123269885199254e-03,1.562979878443337e-02,7.361810479603934e-01,6.765426372081045e-01
1609043820827801943,1771,1609043820827801943,2.175882418941885e+00,-2.377513709929525e+00,-3.145697590017582e+00,-8.971575698119207e-03,1.529979624461018e-02,7.362507629072824e-01,6.764763419239516e-01
1609043820930891037,1772,1609043820930891037,2.163449683308317e+00,-2.367068006348002e+00,-3.154779779148432e+00,-1.395952471051500e-02,1.956143555653535e-02,7.361929987859452e-01,6.763448458052901e-01
1609043821033967018,1773,1609043821033967018,2.151473241277253e+00,-2.360087287266229e+00,-3.165416499659766e+00,-1.856144617352445e-02,2.296038211480898e-02,7.361633583007529e-01,6.761595991069318e-01
1609043821136981726,1774,1609043821136981726,2.136966555066723e+00,-2.355757637920056e+00,-3.173990972996725e+00,-2.142065351204626e-02,2.513215077162373e-02,7.361102147325788e-01,6.760556799310736e-01
1609043821240023375,1775,1609043821240023375,2.122874021145950e+00,-2.360201069275278e+00,-3.182105738483808e+00,-2.093555030709201e-02,2.478824134616646e-02,7.362179215150438e-01,6.759662845618651e-01
1609043821343197823,1776,1609043821343197823,2.110140134099922e+00,-2.371139118668993e+00,-3.188641690532959e+00,-1.713890839834471e-02,2.106079039646273e-02,7.364427439213623e-01,6.759547217472220e-01
1609043821446279764,1777,1609043821446279764,2.094204371921046e+00,-2.387217113978166e+00,-3.188628374465555e+00,-1.131425592199092e-02,1.563631972604412e-02,7.366555647062533e-01,6.759926568430076e-01
1609043821536368370,1778,1609043821536368370,2.074130999193723e+00,-2.399781764397236e+00,-3.181392290177820e+00,2.777213137776518e-04,4.973904819884249e-03,7.368980715256447e-01,6.759855141373230e-01
1609043821618565083,1779,1609043821618565083,2.057216591370099e+00,-2.414036115399119e+00,-3.179685805625296e+00,5.552131732337033e-03,1.166155899587294e-04,7.368885443411688e-01,6.759914448073914e-01
1609043821721726418,1780,1609043821721726418,2.037902587611310e+00,-2.428593049599222e+00,-3.175602324621003e+00,8.077901036693483e-03,-2.061707454084783e-03,7.367877895620664e-01,6.760726662345249e-01
1609043821825067997,1781,1609043821825067997,2.018031809273453e+00,-2.440416966501572e+00,-3.168791310478092e+00,8.682888438320328e-03,-2.526827140478663e-03,7.367981297125668e-01,6.760523194583636e-01
1609043821928025961,1782,1609043821928025961,1.998459768707002e+00,-2.448365047713964e+00,-3.162162137489089e+00,5.818579228185111e-03,-3.685739841479650e-04,7.367336035039327e-01,6.761579739654735e-01
1609043822030892611,1783,1609043822030892611,1.979607577913295e+00,-2.454745700385294e+00,-3.154020409475844e+00,-1.977695681139001e-03,6.627098459081156e-03,7.368081661260011e-01,6.760664883100225e-01
1609043822153453350,1784,1609043822153453350,1.956245351779303e+00,-2.461130270623092e+00,-3.152041445892314e+00,-1.674048187044283e-02,2.044373798798762e-02,7.365565107398589e-01,6.758596868659560e-01
1609043822237302780,1785,1609043822237302780,1.938932352703857e+00,-2.473007696920469e+00,-3.151424989550086e+00,-2.634247134796022e-02,2.968075805781820e-02,7.364074013256225e-01,6.753734271329003e-01
1609043822360244751,1786,1609043822360244751,1.913411199683609e+00,-2.500840754031600e+00,-3.142460805992180e+00,-3.078251433194390e-02,3.260045963102232e-02,7.362921121844499e-01,6.751766971528352e-01
1609043822443575859,1787,1609043822443575859,1.899333610807913e+00,-2.527440788628789e+00,-3.137475180825144e+00,-2.985973459929780e-02,3.158734815687111e-02,7.363609600472820e-01,6.751912115870004e-01
1609043822546727419,1788,1609043822546727419,1.880608050856174e+00,-2.565486235328615e+00,-3.125566517242671e+00,-2.748039638990872e-02,2.803597049876132e-02,7.366224317696077e-01,6.751638358104468e-01
1609043822616942167,1789,1609043822616942167,1.864187881051236e+00,-2.597257999839090e+00,-3.111735157720261e+00,-2.183927172145275e-02,2.253091735058334e-02,7.366384422236195e-01,6.755584426327429e-01
1609043822719363213,1790,1609043822719363213,1.840675319351988e+00,-2.644829580191300e+00,-3.095016300192323e+00,-1.679243910760156e-02,1.738706739871157e-02,7.367709540644114e-01,6.757101931472599e-01
1609043822821724653,1791,1609043822821724653,1.820058458621652e+00,-2.694062984184691e+00,-3.079936344232389e+00,-1.311776603526536e-02,1.327351472436509e-02,7.367675294765114e-01,6.758885599935719e-01
1609043822924710751,1792,1609043822924710751,1.799894546476778e+00,-2.742957891298115e+00,-3.067406248254090e+00,-1.116538476957749e-02,1.083515025788140e-02,7.368143242446298e-01,6.759161081745025e-01
1609043823047061205,1793,1609043823047061205,1.774799307196990e+00,-2.806434830489521e+00,-3.052712849055167e+00,-9.486527319494037e-03,6.428665834720742e-03,7.368690356799976e-01,6.759383864754483e-01
1609043823130821228,1794,1609043823130821228,1.760467818889567e+00,-2.849256309876798e+00,-3.041792933712639e+00,-1.244491836824402e-02,2.079105217840703e-03,7.368320058053762e-01,6.759581322457235e-01
1609043823253772020,1795,1609043823253772020,1.743836170612716e+00,-2.909526487994681e+00,-3.025795861993442e+00,-2.268183373329029e-02,-3.295432809658561e-04,7.365821744764490e-01,6.759675480844236e-01
1609043823356864214,1796,1609043823356864214,1.735026818647472e+00,-2.963555017854849e+00,-3.008676600284935e+00,-2.577586674108196e-02,1.764198310735317e-04,7.364708293126145e-01,6.759780256349900e-01
1609043823459684610,1797,1609043823459684610,1.729629765695081e+00,-3.019139305629647e+00,-3.000613645567764e+00,-2.289805547274214e-02,1.132848235157250e-03,7.364243988506413e-01,6.761312745968160e-01
1609043823562441587,1798,1609043823562441587,1.724072271246742e+00,-3.076904060494118e+00,-2.992442113583191e+00,-1.869954837706385e-02,2.199450120654331e-03,7.366212942960160e-01,6.760433108161954e-01
1609043823665965557,1799,1609043823665965557,1.721789456500505e+00,-3.137363512581310e+00,-2.986003255819797e+00,-1.283781327237578e-02,4.057718759937873e-03,7.366969145234846e-01,6.760890337821097e-01
1609043823716959953,1800,1609043823716959953,1.717116108198944e+00,-3.173233549429415e+00,-2.982829767307230e+00,-9.285382257206634e-03,6.347543040880579e-03,7.366665218410974e-01,6.761626475724773e-01
1609043823837980747,1801,1609043823837980747,1.712204781988867e+00,-3.253178713390540e+00,-2.980081537780706e+00,-6.587104801974850e-03,8.421382308576624e-03,7.367989295613465e-01,6.760273868473041e-01
1609043823921340704,1802,1609043823921340704,1.709993781115512e+00,-3.307730382263431e+00,-2.978597272677666e+00,-6.082713749473392e-03,8.853316793059972e-03,7.380774963040645e-01,6.746304387030928e-01
1609043824024409294,1803,1609043824024409294,1.704180617297036e+00,-3.375082174784840e+00,-2.984164176528363e+00,-6.009982030699237e-03,8.880802783739521e-03,7.423856293001724e-01,6.698869970871909e-01
1609043824127355099,1804,1609043824127355099,1.701732348322139e+00,-3.439770184566513e+00,-2.985488632043161e+00,-9.286707064678712e-03,5.253568823707535e-03,7.479596243375142e-01,6.636584644584851e-01
1609043824230763674,1805,1609043824230763674,1.701879284867480e+00,-3.502846704471589e+00,-2.987185415333256e+00,-5.808344569399840e-03,2.592623148684211e-03,7.497337127728726e-01,6.617090760828176e-01
1609043824334170103,1806,1609043824334170103,1.704173340854669e+00,-3.566708197420882e+00,-2.994836282050262e+00,-2.654763707465215e-03,2.168077721706504e-03,7.501235278401374e-01,6.612888511454863e-01
1609043824437417030,1807,1609043824437417030,1.705864481158786e+00,-3.627814509752360e+00,-2.996696194016406e+00,-3.756723131908826e-03,-6.924550786639830e-04,7.499928064628303e-01,6.614349535602742e-01
1609043824540485859,1808,1609043824540485859,1.705337141154937e+00,-3.685069390866280e+00,-3.006272701638574e+00,-3.644907483175548e-03,-1.909082411244011e-03,7.499070133760171e-01,6.615304538290344e-01
1609043824644116879,1809,1609043824644116879,1.706203365418739e+00,-3.745561061069534e+00,-3.016803420133851e+00,-8.322379039365276e-03,-7.946396004453182e-03,7.497834286134165e-01,6.615832547566296e-01
1609043824746248484,1810,1609043824746248484,1.708641148916006e+00,-3.800639214393235e+00,-3.024398467075484e+00,-1.868121010563244e-02,-1.973323898053702e-02,7.494209361627638e-01,6.615359945681361e-01
1609043824816586971,1811,1609043824816586971,1.719429884915588e+00,-3.841437178075947e+00,-3.028105927292452e+00,-2.402740212029394e-02,-2.591565406550563e-02,7.492021874616085e-01,6.613978720289685e-01
1609043824918257236,1812,1609043824918257236,1.739441124965557e+00,-3.898897865034341e+00,-3.042546717368610e+00,-2.242942664856106e-02,-2.485901992794654e-02,7.492248461693761e-01,6.614688804705129e-01
1609043825021166563,1813,1609043825021166563,1.763375508686689e+00,-3.955550036994416e+00,-3.054200155795959e+00,-1.605592500800081e-02,-1.835366166322785e-02,7.496909045067505e-01,6.613387166010620e-01
1609043825143510103,1814,1609043825143510103,1.796724758064343e+00,-4.017186394833327e+00,-3.067976700866863e+00,-1.136261169298438e-02,-1.397381040507156e-02,7.497488954481172e-01,6.614772992723225e-01
1609043825246740818,1815,1609043825246740818,1.826224042681673e+00,-4.066506500918473e+00,-3.080405501261523e+00,-9.839734001091215e-03,-1.301010179875147e-02,7.499762473135825e-01,6.612635974794094e-01
1609043825330702305,1816,1609043825330702305,1.852731287851005e+00,-4.101780209882833e+00,-3.085077136683924e+00,-1.290412435304862e-02,-1.678123547827588e-02,7.497940472444861e-01,6.613325641666506e-01
1609043825453821182,1817,1609043825453821182,1.895121099623010e+00,-4.151434205260513e+00,-3.093556751109122e+00,-1.517213249963944e-02,-2.007619140175068e-02,7.496733756088859e-01,6.613294056953706e-01
1609043825536919594,1818,1609043825536919594,1.928715868400019e+00,-4.181253885955948e+00,-3.096337519666933e+00,-1.482970415442852e-02,-2.034571683851762e-02,7.497080361841549e-01,6.612896431684961e-01
1609043825639551640,1819,1609043825639551640,1.974005304340250e+00,-4.218009846451664e+00,-3.099797786858077e+00,-1.582464004439362e-02,-2.234759808763828e-02,7.496141808502786e-01,6.613083588579117e-01
1609043825743662834,1820,1609043825743662834,2.025146743550142e+00,-4.250685368923265e+00,-3.105064734730187e+00,-1.624107770939414e-02,-2.327632233255592e-02,7.495225332473667e-01,6.613701024146454e-01
1609043825866021633,1821,1609043825866021633,2.091763496149283e+00,-4.284392112295297e+00,-3.109581899241918e+00,-1.661180373873380e-02,-2.440989110328861e-02,7.494378737684416e-01,6.614159648468646e-01
1609043825916351318,1822,1609043825916351318,2.128727523659879e+00,-4.300091678400386e+00,-3.109294902629641e+00,-1.645588493772319e-02,-2.491180400359655e-02,7.493618339290632e-01,6.614872997440499e-01
1609043826018121004,1823,1609043826018121004,2.199717916564651e+00,-4.326181809133622e+00,-3.108250540766583e+00,-1.576503898848391e-02,-2.512935089292629e-02,7.494564593870287e-01,6.613886865924233e-01
1609043826121090412,1824,1609043826121090412,2.271733233366077e+00,-4.348853116469082e+00,-3.106461163397273e+00,-1.529570151362283e-02,-2.531527906410005e-02,7.494522049082711e-01,6.613974377930745e-01
1609043826224038601,1825,1609043826224038601,2.346587119161589e+00,-4.367902098501084e+00,-3.105771553527356e+00,-1.596402387918392e-02,-2.658345075356257e-02,7.494503060819839e-01,6.613340372317447e-01
1609043826327085733,1826,1609043826327085733,2.423092087909199e+00,-4.385008790699703e+00,-3.107013016156110e+00,-1.579686167697775e-02,-2.696321227017572e-02,7.493555537155570e-01,6.614300404886997e-01
1609043826430207968,1827,1609043826430207968,2.504650472628863e+00,-4.397402674887196e+00,-3.106249770562771e+00,-1.584931847504673e-02,-2.713634538380210e-02,7.493736813953358e-01,6.614011668383190e-01
1609043826533546925,1828,1609043826533546925,2.591862723906279e+00,-4.403825143325456e+00,-3.123714748652470e+00,-1.697383465320387e-02,-2.971310957535353e-02,7.494732632667148e-01,6.611496409322706e-01
1609043826636603832,1829,1609043826636603832,2.680347997439820e+00,-4.408098211030541e+00,-3.106699831597321e+00,-2.763643611963680e-02,-4.246466770021561e-02,7.487148419527889e-01,6.609531487445430e-01
1609043826740110636,1830,1609043826740110636,2.783564221301269e+00,-4.408018872667747e+00,-3.091908741418223e+00,-2.910818497309546e-02,-4.304072957252786e-02,7.486391760750143e-01,6.609384186224621e-01
1609043826843191147,1831,1609043826843191147,2.897200004961449e+00,-4.402527575330588e+00,-3.101156449226230e+00,-1.806844513748027e-02,-2.886245443050162e-02,7.493687359651784e-01,6.612767859017221e-01
1609043826946145535,1832,1609043826946145535,3.012281366122298e+00,-4.396013703508916e+00,-3.105211055720372e+00,-9.809068283492156e-03,-1.736397692340491e-02,7.498509626600185e-01,6.613061380954035e-01
1609043827016460896,1833,1609043827016460896,3.105374055536511e+00,-4.388334574744283e+00,-3.109849623733105e+00,9.933306235510963e-04,-5.136175373268896e-03,7.500439444616593e-01,6.613673067012027e-01
1609043827118825436,1834,1609043827118825436,3.233121232926468e+00,-4.376228410387437e+00,-3.107506269085441e+00,1.094698895700045e-02,6.477640721204425e-03,7.501721500705897e-01,6.611202226992690e-01
1609043827221328974,1835,1609043827221328974,3.351185423420076e+00,-4.360100537564950e+00,-3.104413012603233e+00,1.653684770148401e-02,1.257941934885176e-02,7.500959763950490e-01,6.610025091275390e-01
1609043827324253559,1836,1609043827324253559,3.457050743268360e+00,-4.345241270418960e+00,-3.097093023016505e+00,1.963082195921845e-02,1.591554303111828e-02,7.499950440996711e-01,6.609604830435495e-01
1609043827427659512,1837,1609043827427659512,3.554503537040770e+00,-4.325548627431332e+00,-3.094519552888120e+00,2.052791470632129e-02,1.702116612741999e-02,7.499898184505893e-01,6.609116104608279e-01
1609043827549669266,1838,1609043827549669266,3.662473791087240e+00,-4.303251226611108e+00,-3.093952402208604e+00,2.848081046595295e-02,2.660139899932240e-02,7.498098797049871e-01,6.605046201982800e-01
1609043827633341551,1839,1609043827633341551,3.729172116395466e+00,-4.289258863927762e+00,-3.093361670297237e+00,3.460404660696165e-02,3.414173166037356e-02,7.494277165678482e-01,6.602991744334955e-01
1609043827756152391,1840,1609043827756152391,3.811631495311100e+00,-4.267331171578241e+00,-3.094737854249732e+00,4.015152181106740e-02,4.121559277461412e-02,7.492027501560035e-01,6.598366232387938e-01
1609043827858849287,1841,1609043827858849287,3.868186216642922e+00,-4.247699721797317e+00,-3.102533788841009e+00,4.093624407920170e-02,4.250825646501107e-02,7.491888974131322e-01,6.597221142616700e-01
1609043827942724943,1842,1609043827942724943,3.906008918549635e+00,-4.231432461034779e+00,-3.106171074108647e+00,3.478429000255737e-02,3.611154285805300e-02,7.496812607357054e-01,6.598969744915886e-01
1609043828045857668,1843,1609043828045857668,3.946556989164109e+00,-4.213101704603088e+00,-3.108483317131509e+00,2.171738276978257e-02,2.281033249874918e-02,7.501273444408024e-01,6.605429669136726e-01
1609043828116436481,1844,1609043828116436481,3.976808119768529e+00,-4.199033709269422e+00,-3.106787343839183e+00,6.546629233090927e-03,7.458237465849253e-03,7.501525004959275e-01,6.611903979484994e-01
1609043828218094349,1845,1609043828218094349,4.015313227256192e+00,-4.177867102141995e+00,-3.116784808393781e+00,-3.246038300862964e-03,-1.716592968519121e-03,7.500779485367969e-01,6.613392379579184e-01
1609043828321083307,1846,1609043828321083307,4.046610696302661e+00,-4.155291460368011e+00,-3.132219151729319e+00,-9.652752227483265e-03,-6.210302871353032e-03,7.499893582957388e-01,6.613502997321670e-01
1609043828444174767,1847,1609043828444174767,4.084104947786607e+00,-4.132025334406947e+00,-3.159108396496255e+00,-1.276331204731938e-02,-4.469549433589262e-03,7.500234222704353e-01,6.612730049224662e-01
1609043828528014183,1848,1609043828528014183,4.110323545482390e+00,-4.116865796925280e+00,-3.181306488862342e+00,-1.884055869794271e-02,3.667684549108703e-03,7.497534214044007e-01,6.614388773956311e-01
1609043828630421877,1849,1609043828630421877,4.144725245015150e+00,-4.100190768856213e+00,-3.215483424332351e+00,-3.243540898982419e-02,1.777620397130119e-02,7.493796253692537e-01,6.611067447072905e-01
1609043828733368397,1850,1609043828733368397,4.180123384311465e+00,-4.084473986576342e+00,-3.253811764880476e+00,-4.770772552544663e-02,3.262255767069861e-02,7.485103842998942e-01,6.605996868387352e-01
1609043828836421967,1851,1609043828836421967,4.218914899983954e+00,-4.084921494566695e+00,-3.288739660758101e+00,-6.292409071348724e-02,4.688425457412276e-02,7.474219437703044e-01,6.596990703734013e-01
1609043828939588785,1852,1609043828939588785,4.261393040457643e+00,-4.100286122319925e+00,-3.319947366419151e+00,-6.060798359586177e-02,5.297882245870750e-02,7.472957367140473e-01,6.595976035313820e-01
1609043829042682886,1853,1609043829042682886,4.302802419785424e+00,-4.130619429378008e+00,-3.329704392313936e+00,-4.106190261634059e-02,4.444011888142601e-02,7.487069589649359e-01,6.601339906297878e-01
1609043829145792007,1854,1609043829145792007,4.346790329134723e+00,-4.170891197823434e+00,-3.351345712067943e+00,-2.920720686801538e-03,3.426218851936810e-02,7.498503238638625e-01,6.607132991167908e-01
1609043829236497879,1855,1609043829236497879,4.377293271309738e+00,-4.202731185961242e+00,-3.354922141290896e+00,2.027378871614277e-02,1.853579659604814e-02,7.503129487066786e-01,6.605118293707783e-01
1609043829318146229,1856,1609043829318146229,4.403500194436583e+00,-4.235652154999118e+00,-3.362316260218622e+00,2.725529265668469e-02,1.479294242001850e-02,7.503345946533827e-01,6.603304581367576e-01
1609043829421306372,1857,1609043829421306372,4.428531424626644e+00,-4.272057663634576e+00,-3.376652690026113e+00,3.508360977136740e-02,1.934775820227175e-02,7.499684312413948e-01,6.602591587545592e-01
1609043829524366617,1858,1609043829524366617,4.447607799324881e+00,-4.304206770392381e+00,-3.395422051773044e+00,4.049017770350669e-02,2.801130992955311e-02,7.496117202232117e-01,6.600440749901227e-01
1609043829627434969,1859,1609043829627434969,4.451191067638595e+00,-4.332552954555718e+00,-3.420955897647355e+00,3.802757683361885e-02,2.986785940357124e-02,7.495736868568093e-01,6.601523326829211e-01
1609043829750532866,1860,1609043829750532866,4.445372516433140e+00,-4.363514805972156e+00,-3.447855073309092e+00,2.970851798073195e-02,2.600582684097824e-02,7.496307436423220e-01,6.606775681949290e-01
1609043829853452921,1861,1609043829853452921,4.431159285353437e+00,-4.391718191666203e+00,-3.471598198999823e+00,1.692690251470381e-02,1.500777671179785e-02,7.501285847033361e-01,6.609049500649821e-01
1609043829936596394,1862,1609043829936596394,4.421083521463809e+00,-4.412213330161551e+00,-3.489710453999816e+00,7.118922530961092e-03,5.680797938586599e-03,7.501877722233268e-01,6.611621252638277e-01
1609043830059217691,1863,1609043830059217691,4.402049148237656e+00,-4.440863306160769e+00,-3.519923376426961e+00,1.451717228279435e-03,-6.221482975099516e-05,7.504539040086030e-01,6.609211954572578e-01
1609043830162834406,1864,1609043830162834406,4.385589415330275e+00,-4.464724409067580e+00,-3.547474967517695e+00,4.379744112908596e-04,-1.853049969169200e-03,7.504673205397299e-01,6.609048155265214e-01
1609043830265571356,1865,1609043830265571356,4.368184063521525e+00,-4.485637028876218e+00,-3.577478281621905e+00,1.577068272812874e-03,-1.853948300899442e-03,7.504707171758389e-01,6.608992195432997e-01
1609043830316132784,1866,1609043830316132784,4.356281455671107e+00,-4.497511244763833e+00,-3.590021710441613e+00,2.269205906718582e-03,-2.618045688010049e-03,7.505737595652604e-01,6.607775934407879e-01
1609043830418079138,1867,1609043830418079138,4.334632055475801e+00,-4.516311215763891e+00,-3.628069308328342e+00,-5.272156535448488e-03,-1.518679935337853e-02,7.502311758340845e-01,6.609801421355056e-01
1609043830520738840,1868,1609043830520738840,4.318858044926755e+00,-4.530993024485602e+00,-3.669068500229404e+00,-6.331547415111898e-03,-1.763671879204890e-02,7.502529197788173e-01,6.608853259234465e-01
1609043830644135952,1869,1609043830644135952,4.306787224618275e+00,-4.543484872541891e+00,-3.717296376585630e+00,-7.499961374892342e-03,-1.799779114087324e-02,7.504593428747492e-01,6.606289463726401e-01
1609043830746751308,1870,1609043830746751308,4.299078129635145e+00,-4.548383810503427e+00,-3.757494687509921e+00,-7.076269733979510e-03,-1.487564484858907e-02,7.505405373715136e-01,6.606190606991824e-01
1609043830830364227,1871,1609043830830364227,4.296872359891882e+00,-4.550569575227894e+00,-3.788227767888570e+00,-6.260450583640571e-03,-1.154224900863074e-02,7.506530278237072e-01,6.605661322421950e-01
1609043830933540583,1872,1609043830933540583,4.295224718352841e+00,-4.553343999281616e+00,-3.830553891634150e+00,-4.420866432206611e-03,-6.781252221827427e-03,7.507062046531109e-01,6.605866066259702e-01
1609043831056342602,1873,1609043831056342602,4.295224713081101e+00,-4.556484257785227e+00,-3.882937639346475e+00,-2.233049478475129e-03,-8.701014575181868e-04,7.508345749294646e-01,6.604859555690573e-01
1609043831159629822,1874,1609043831159629822,4.293613251195077e+00,-4.555851603007452e+00,-3.925630445142937e+00,-5.308430944177530e-04,3.648748190006808e-03,7.507772182025647e-01,6.605452092554100e-01
1609043831242626429,1875,1609043831242626429,4.292030365789031e+00,-4.553862130653139e+00,-3.960935792642562e+00,8.613519381866035e-04,6.481692335860673e-03,7.505219488699679e-01,6.608131732961496e-01
1609043831345652819,1876,1609043831345652819,4.293355131526324e+00,-4.548874485431161e+00,-4.007503780307899e+00,2.293422407374195e-03,8.835906553099578e-03,7.505693636304942e-01,6.607286109654712e-01
1609043831416236877,1877,1609043831416236877,4.288164648429421e+00,-4.546669301011200e+00,-4.044910869510780e+00,2.902770011401229e-03,1.072011477901193e-02,7.503113243122436e-01,6.609913537060778e-01
1609043831518682480,1878,1609043831518682480,4.282083276095158e+00,-4.544732048405789e+00,-4.091104818148367e+00,3.038093068409384e-03,1.136481035591132e-02,7.500995908158227e-01,6.612202469177856e-01
1609043831620961428,1879,1609043831620961428,4.275366488770708e+00,-4.543031798438692e+00,-4.139462495213403e+00,2.704055233942666e-03,1.245009567717524e-02,7.502125888047291e-01,6.610739404951819e-01
1609043831723973751,1880,1609043831723973751,4.266068524753843e+00,-4.540124727210055e+00,-4.188257260746046e+00,2.466866502573761e-03,1.322929483379454e-02,7.503042227436332e-01,6.609557274590573e-01
1609043831827530622,1881,1609043831827530622,4.256847786274526e+00,-4.539990722604180e+00,-4.235113316462538e+00,2.612676890961595e-03,1.171609678402225e-02,7.502151210638673e-01,6.610848501688249e-01
1609043831929966450,1882,1609043831929966450,4.248296633278779e+00,-4.540669254538646e+00,-4.276408885726922e+00,6.869521045581666e-03,3.685143728348475e-03,7.500785902922666e-01,6.613027580325607e-01
1609043832033263206,1883,1609043832033263206,4.234160862613198e+00,-4.541267896588788e+00,-4.324084651753679e+00,8.680324794884968e-03,1.307229785605659e-03,7.501975834732839e-01,6.611554498471508e-01
1609043832136474848,1884,1609043832136474848,4.218447650769417e+00,-4.537990522220934e+00,-4.372622164410481e+00,9.091144612167106e-03,-3.839694742452534e-04,7.501300432973615e-01,6.612277382262347e-01
1609043832239572525,1885,1609043832239572525,4.202955413430421e+00,-4.532805362935103e+00,-4.421858603492863e+00,9.396551299920428e-03,-3.859668676473274e-04,7.500905096890567e-01,6.612683140206073e-01
1609043832342955351,1886,1609043832342955351,4.185350616821691e+00,-4.521512989499622e+00,-4.468012629453243e+00,8.361656465529744e-03,6.035653446247080e-04,7.501634957548626e-01,6.611992498837787e-01
1609043832445830345,1887,1609043832445830345,4.167988463514503e+00,-4.510844162436828e+00,-4.523100691030566e+00,7.701454292716570e-03,8.439242066654995e-04,7.504494830744375e-01,6.608824016018435e-01
1609043832516112328,1888,1609043832516112328,4.152593819901914e+00,-4.503371757296797e+00,-4.561718481772108e+00,6.295533594888077e-03,2.242239159861542e-03,7.505394516660315e-01,6.607918508222983e-01
1609043832618136406,1889,1609043832618136406,4.130765749620799e+00,-4.490776358853839e+00,-4.617687073871878e+00,2.163141512504626e-03,6.225363657818570e-03,7.504976020843643e-01,6.608403097055627e-01
1609043832721216440,1890,1609043832721216440,4.108257808157267e+00,-4.475833772869873e+00,-4.673586073505532e+00,-3.251715898568692e-03,1.184004634580307e-02,7.503840268905843e-01,6.608880781446398e-01
1609043832824178934,1891,1609043832824178934,4.089840493709605e+00,-4.460225292487758e+00,-4.731437086202783e+00,-8.853459051580394e-03,1.790802636636454e-02,7.503072933062122e-01,6.607873216595409e-01
1609043832927833557,1892,1609043832927833557,4.068437012241388e+00,-4.451287518709726e+00,-4.785653075341513e+00,-1.043005088275115e-02,2.056372908950305e-02,7.502143742792006e-01,6.607925088175444e-01
1609043833030396700,1893,1609043833030396700,4.047323774311303e+00,-4.443289250572340e+00,-4.839701423998550e+00,-9.401487946069710e-03,1.987463359793359e-02,7.503653721919094e-01,6.606575657472223e-01
1609043833151512146,1894,1609043833151512146,4.019269820017912e+00,-4.443410202048003e+00,-4.894119305756866e+00,-5.303138077739265e-03,1.447248926527626e-02,7.506178928671983e-01,6.605567369186406e-01
1609043833236965656,1895,1609043833236965656,4.001082105537856e+00,-4.443479252938575e+00,-4.933200616570171e+00,9.712426560276455e-04,9.169342606863830e-03,7.505856385739701e-01,6.607088458696212e-01
1609043833339853764,1896,1609043833339853764,3.974711695509437e+00,-4.441842541597937e+00,-4.992195971251587e+00,7.831750588249217e-03,3.584493656622899e-03,7.508879024924636e-01,6.603735102034435e-01
1609043833443650961,1897,1609043833443650961,3.942581080907078e+00,-4.433725396749207e+00,-5.046315632825060e+00,1.065275072984174e-02,4.980477827921132e-04,7.507106418692623e-01,6.605450802439864e-01
1609043833563211441,1898,1609043833563211441,3.908259546778047e+00,-4.426676993252605e+00,-5.103762307899587e+00,8.725971202112277e-03,7.618822447531262e-04,7.509303249481631e-01,6.603233480918812e-01
1609043833633523703,1899,1609043833633523703,3.883447375480216e+00,-4.419712097405371e+00,-5.133055151685360e+00,7.701882102358429e-03,-3.000701141624916e-04,7.507410444445672e-01,6.605516445792018e-01
1609043833717714071,1900,1609043833717714071,3.855866199568962e+00,-4.410307666451122e+00,-5.170714179013368e+00,8.319290854476410e-03,-1.394894492574762e-03,7.506707351454565e-01,6.606226540660054e-01
1609043833838476419,1901,1609043833838476419,3.819026112324418e+00,-4.397031609898723e+00,-5.218769941652020e+00,6.834419652742524e-03,-2.640863113581506e-03,7.509191129897136e-01,6.603535434119870e-01
1609043833924009562,1902,1609043833924009562,3.795583885274584e+00,-4.383447009137464e+00,-5.256782509354826e+00,4.761984312216847e-03,-4.170363800936938e-03,7.507131408655097e-01,6.605979955336073e-01
1609043834027140856,1903,1609043834027140856,3.764586045794206e+00,-4.367307025151675e+00,-5.298816190805053e+00,3.555191035021567e-03,-4.564303486230987e-03,7.506836126859389e-01,6.606365425823625e-01
1609043834130412817,1904,1609043834130412817,3.735223897967338e+00,-4.349621816780243e+00,-5.343100078541148e+00,1.791466167495951e-03,-6.147333401727135e-03,7.509142259893716e-01,6.603687047004893e-01
1609043834233774185,1905,1609043834233774185,3.706510794055100e+00,-4.328669690780350e+00,-5.398304903327516e+00,-3.301648065610039e-03,-1.118588617422403e-02,7.507864919873523e-01,6.604419872478380e-01
1609043834353446007,1906,1609043834353446007,3.673079120021851e+00,-4.297570272979598e+00,-5.445591204188515e+00,-5.318044497184612e-03,-1.236928267559432e-02,7.507480288241887e-01,6.604514489842629e-01
1609043834439914703,1907,1609043834439914703,3.654171793743269e+00,-4.279670437526204e+00,-5.473938565997352e+00,-1.377484103207816e-03,-6.417060593623835e-03,7.508869032365965e-01,6.603981998905188e-01
1609043834544093370,1908,1609043834544093370,3.630856796615275e+00,-4.252127485363240e+00,-5.520667281199437e+00,-5.285181023045288e-04,4.512600504332640e-03,7.509912762644168e-01,6.602964940691769e-01
1609043834665326357,1909,1609043834665326357,3.600328256656088e+00,-4.224357823410919e+00,-5.568771603990756e+00,-3.361462553464562e-03,1.368377346611069e-02,7.510759552330828e-01,6.600654243209094e-01
1609043834716451406,1910,1609043834716451406,3.586843461412678e+00,-4.211330994485311e+00,-5.591990149756601e+00,-5.559910648541603e-03,1.805000593834574e-02,7.509978672158538e-01,6.600344597946725e-01
1609043834818143845,1911,1609043834818143845,3.560221714199336e+00,-4.181931022866835e+00,-5.635315395825914e+00,-8.752524123933750e-03,2.208940604438450e-02,7.508756548451346e-01,6.600160622461825e-01
1609043834920857191,1912,1609043834920857191,3.532066134090587e+00,-4.161192389340788e+00,-5.661967995224930e+00,-1.121113105877092e-02,2.403361454412169e-02,7.509913597326641e-01,6.597792612072708e-01
1609043835024329662,1913,1609043835024329662,3.502629114108873e+00,-4.143161233541139e+00,-5.679588139693721e+00,-1.195133002507867e-02,2.510375432737565e-02,7.509101787258308e-01,6.598188165816761e-01
1609043835128007650,1914,1609043835128007650,3.473165088189970e+00,-4.130361367399829e+00,-5.690339818748937e+00,-1.395186405021644e-02,2.673423658736749e-02,7.508925145010050e-01,6.597355968492019e-01
1609043835230216980,1915,1609043835230216980,3.443532787690049e+00,-4.123714558706257e+00,-5.698986363589193e+00,-1.194532997240114e-02,2.407854867014265e-02,7.508723532602557e-01,6.599001755532392e-01
1609043835333507538,1916,1609043835333507538,3.414467942146157e+00,-4.119982894526034e+00,-5.698550078551500e+00,-5.407760870962193e-03,1.847951463190389e-02,7.508675852079552e-01,6.601720481399573e-01
1609043835456352949,1917,1609043835456352949,3.375828167200564e+00,-4.116284896798574e+00,-5.698645184762708e+00,-6.030736971963106e-03,1.814595563920741e-02,7.509533809834247e-01,6.600783090627040e-01
1609043835559544802,1918,1609043835559544802,3.342309463170750e+00,-4.115487292568840e+00,-5.700785262803548e+00,-7.565923174601754e-03,1.783261116230548e-02,7.509514887805717e-01,6.600731900962900e-01
1609043835643039465,1919,1609043835643039465,3.313603487766187e+00,-4.117786077591258e+00,-5.700729075691921e+00,-2.975146378677477e-03,1.399902334562110e-02,7.509028905307308e-01,6.602575443279596e-01
1609043835765498161,1920,1609043835765498161,3.269541611269601e+00,-4.122915783063867e+00,-5.690574505357617e+00,6.032452542859793e-03,5.520750340976742e-03,7.512369736075722e-01,6.599819242349952e-01
1609043835836114883,1921,1609043835836114883,3.236580627168195e+00,-4.127159175675121e+00,-5.679334672105650e+00,9.905100448434819e-03,1.134105792066383e-03,7.511143088456862e-01,6.600968851891563e-01
1609043835918589115,1922,1609043835918589115,3.202949760560412e+00,-4.128041218251469e+00,-5.671733847231792e+00,1.147419859711237e-02,8.717342999204537e-04,7.512085430022780e-01,6.599646261476891e-01
1609043836040793180,1923,1609043836040793180,3.151993751184659e+00,-4.123187297549754e+00,-5.663621031252194e+00,1.367420096427391e-02,3.374299273729566e-03,7.512069735790069e-01,6.599164440886960e-01
1609043836144127369,1924,1609043836144127369,3.105529226563624e+00,-4.115613698954423e+00,-5.659182706411847e+00,1.375396154990446e-02,4.282017956446950e-03,7.511576836428311e-01,6.599656257474632e-01
1609043836228109837,1925,1609043836228109837,3.068696803747624e+00,-4.107999485947269e+00,-5.647914850163382e+00,1.411818948960476e-02,6.020184879889483e-03,7.510032777531790e-01,6.601200730954402e-01
1609043836330593824,1926,1609043836330593824,3.021984679049934e+00,-4.101186580823702e+00,-5.638171684710557e+00,1.532135162292304e-02,8.135987992683986e-03,7.509373194982287e-01,6.601455930843173e-01
1609043836433752060,1927,1609043836433752060,2.972254716269016e+00,-4.090174374789024e+00,-5.632720500129077e+00,1.634636613352836e-02,9.663868582389594e-03,7.510007840176464e-01,6.600282027028325e-01
1609043836556453228,1928,1609043836556453228,2.909747096999482e+00,-4.076270503070619e+00,-5.630396088037776e+00,7.532959007937404e-03,7.121334318563555e-03,7.511390384408401e-01,6.600626379793652e-01
1609043836659372330,1929,1609043836659372330,2.856501840886100e+00,-4.064895436298905e+00,-5.634673965124692e+00,-1.501202227540689e-03,1.084874048425308e-02,7.510562517984700e-01,6.601473758610350e-01
1609043836743032694,1930,1609043836743032694,2.811451047904529e+00,-4.053203868639926e+00,-5.638114179984985e+00,-8.882724196045853e-03,1.542372175991065e-02,7.509364888522944e-01,6.601345285077259e-01
1609043836865540981,1931,1609043836865540981,2.745920194931416e+00,-4.043752715348691e+00,-5.641275694393326e+00,-1.976157920586327e-02,1.839468551541257e-02,7.508919792422072e-01,6.598729809908876e-01
1609043836934135437,1932,1609043836934135437,2.701860680812751e+00,-4.042595881381569e+00,-5.647899370985364e+00,-2.532651219150794e-02,2.142036527722758e-02,7.508509970488253e-01,6.596381704862057e-01
1609043837037966728,1933,1609043837037966728,2.641746875665449e+00,-4.041512039264058e+00,-5.646140625162797e+00,-2.600987380010588e-02,2.356309027746236e-02,7.507633066492960e-01,6.596383286547969e-01
1609043837141249180,1934,1609043837141249180,2.586348599078334e+00,-4.044695744046156e+00,-5.641200057170224e+00,-2.294547622062252e-02,2.192482256681051e-02,7.510021137409089e-01,6.595366801271252e-01
1609043837225162983,1935,1609043837225162983,2.545234115783794e+00,-4.048442613590082e+00,-5.631233363708636e+00,-1.386589246451441e-02,1.695154811783618e-02,7.511996129130347e-01,6.597116973359486e-01
1609043837327690840,1936,1609043837327690840,2.494688239101363e+00,-4.054578698711455e+00,-5.614790142133999e+00,3.082895954153707e-04,1.028727040543247e-02,7.513415343061207e-01,6.598332939854243e-01
1609043837430584908,1937,1609043837430584908,2.444246709271686e+00,-4.061513692093468e+00,-5.599869658721062e+00,9.182804261572704e-03,4.608401243775453e-03,7.514449741547546e-01,6.597157642207968e-01
1609043837533746004,1938,1609043837533746004,2.393231052552018e+00,-4.068566783219483e+00,-5.586445281757113e+00,1.373314191365483e-02,2.080765307034530e-03,7.513955629895045e-01,6.597058277358191e-01
1609043837637078047,1939,1609043837637078047,2.339395347568386e+00,-4.074991934157859e+00,-5.576487834855522e+00,1.444256604421320e-02,8.420053726714442e-04,7.513664267203988e-01,6.597266070960233e-01
1609043837739767790,1940,1609043837739767790,2.282851541309141e+00,-4.077809402857891e+00,-5.570318651960978e+00,1.269627546169366e-02,2.553851804593259e-03,7.514712550672299e-01,6.596387156906750e-01
1609043837861423969,1941,1609043837861423969,2.215052678545110e+00,-4.083795963583978e+00,-5.576033655389862e+00,9.681673290361096e-03,4.591712436497274e-03,7.515679141061997e-01,6.595686862376468e-01
1609043837964729071,1942,1609043837964729071,2.155170555245142e+00,-4.082747827724605e+00,-5.574581775639827e+00,4.810245389245518e-03,8.583689984462085e-03,7.515977476625540e-01,6.595483359952642e-01
1609043838016294956,1943,1609043838016294956,2.113898868867417e+00,-4.083927769206733e+00,-5.572903864844830e+00,2.847686316360400e-04,1.270028401024028e-02,7.514671512722162e-01,6.596481958223686e-01
1609043838137118101,1944,1609043838137118101,2.031473316657383e+00,-4.084848636054411e+00,-5.571807542084067e+00,-8.489502370523011e-03,1.585705095939964e-02,7.515330624350051e-01,6.594501788243252e-01
1609043838221689463,1945,1609043838221689463,1.978701553488750e+00,-4.087414551970456e+00,-5.570609540600807e+00,-1.163107617833333e-02,1.570914727978124e-02,7.514583905777186e-01,6.594908854480256e-01
1609043838324628353,1946,1609043838324628353,1.917868743834193e+00,-4.090037256090887e+00,-5.571311135868053e+00,-1.315598193072971e-02,1.695403395039232e-02,7.514790558299399e-01,6.594078476339125e-01
1609043838427659035,1947,1609043838427659035,1.860180422345806e+00,-4.095843284394035e+00,-5.569462087820740e+00,-1.166805798390850e-02,1.590993267034629e-02,7.515657560355297e-01,6.593630599450139e-01
1609043838530703783,1948,1609043838530703783,1.802120088697436e+00,-4.105530471464780e+00,-5.579754381729337e+00,-1.168458622842326e-02,1.160286975939910e-02,7.517705747101818e-01,6.592191190021265e-01
1609043838633907080,1949,1609043838633907080,1.743942957520646e+00,-4.113753932042536e+00,-5.590970877331591e+00,-1.040392311227934e-02,8.438498038344204e-03,7.517773101190831e-01,6.592809917818402e-01
1609043838736937046,1950,1609043838736937046,1.685973783104677e+00,-4.123287887552112e+00,-5.598797632335397e+00,-3.260148224301936e-03,8.192961443232080e-03,7.518743587712854e-01,6.592474462890346e-01
1609043838839361429,1951,1609043838839361429,1.624485844664946e+00,-4.135245674103204e+00,-5.602605738753628e+00,4.234221778961431e-03,6.501201646015984e-03,7.518346115462435e-01,6.593060917541970e-01
1609043838942797184,1952,1609043838942797184,1.562576510389277e+00,-4.148027533556029e+00,-5.606475133309154e+00,1.005848952202184e-02,4.738739200113891e-03,7.518514247558740e-01,6.592388081961584e-01
1609043839046146154,1953,1609043839046146154,1.499959775989602e+00,-4.157941027503638e+00,-5.616977050766066e+00,1.093357523655157e-02,4.410498231877220e-03,7.519702140541423e-01,6.590916488723406e-01
1609043839116575718,1954,1609043839116575718,1.448234095214406e+00,-4.166176007703561e+00,-5.622175900183737e+00,9.356322482741802e-03,5.364272620168510e-03,7.519443017639753e-01,6.591384155498319e-01
1609043839218614817,1955,1609043839218614817,1.376720203531447e+00,-4.174652443718333e+00,-5.636711478392706e+00,7.437996213498600e-03,6.864074791593019e-03,7.519589014757471e-01,6.591322865563266e-01
1609043839321567774,1956,1609043839321567774,1.306960052937088e+00,-4.180807139390289e+00,-5.649576368445426e+00,3.902535451629322e-03,9.255033736133325e-03,7.521296043848639e-01,6.589386714827566e-01
1609043839444059849,1957,1609043839444059849,1.226897922906493e+00,-4.188105116007829e+00,-5.664599316826592e+00,5.191257886854257e-04,1.217467532710463e-02,7.521561357670534e-01,6.588722601666192e-01
1609043839527560234,1958,1609043839527560234,1.172775248399457e+00,-4.189436099056524e+00,-5.680269837460765e+00,-2.754209456316847e-03,1.459063432329020e-02,7.519777400799292e-01,6.590212486290540e-01
1609043839631244183,1959,1609043839631244183,1.107035530170561e+00,-4.192977517891664e+00,-5.692744676147599e+00,-4.988879673727513e-03,1.615996031365075e-02,7.519794207384548e-01,6.589695877262625e-01
1609043839733751059,1960,1609043839733751059,1.039172328707288e+00,-4.199533212015123e+00,-5.699760117483922e+00,-2.447615144575927e-03,1.397229453995865e-02,7.520869537573570e-01,6.589112217540173e-01
1609043839836119413,1961,1609043839836119413,9.707213826637962e-01,-4.207953227422728e+00,-5.697117124934572e+00,3.301770593576722e-03,8.412788867934668e-03,7.520424099862233e-01,6.590527572785994e-01
1609043839939543247,1962,1609043839939543247,9.013361362246625e-01,-4.214714997302442e+00,-5.694389569803756e+00,9.457369577442547e-03,3.594930874030395e-03,7.522005576157125e-01,6.588565517282937e-01
1609043840042765141,1963,1609043840042765141,8.326144280343712e-01,-4.220822855728388e+00,-5.698381711572932e+00,1.180561945080743e-02,1.571692224371176e-03,7.522408105947676e-01,6.587806311729739e-01
1609043840145825624,1964,1609043840145825624,7.624337249479460e-01,-4.224345679992730e+00,-5.705144862878013e+00,1.211768354085819e-02,6.372043260073143e-04,7.523073769954870e-01,6.587005133096687e-01
1609043840216042042,1965,1609043840216042042,7.008710640412634e-01,-4.225643551697179e+00,-5.710498037532863e+00,8.262246895746889e-03,4.039328068683428e-03,7.524250591252232e-01,6.586136572417790e-01
1609043840317837238,1966,1609043840317837238,6.162314853071111e-01,-4.224487038495210e+00,-5.720666739001141e+00,2.794220839395218e-03,8.652689710956325e-03,7.524301152094237e-01,6.586093265484478e-01
1609043840420918941,1967,1609043840420918941,5.368975282694853e-01,-4.226913176220550e+00,-5.725657018203984e+00,1.660968208950857e-03,8.876616569891098e-03,7.523395579444354e-01,6.587136224603617e-01
1609043840541734934,1968,1609043840541734934,4.462789154812054e-01,-4.224978843546113e+00,-5.732195178856045e+00,5.446954510393498e-04,9.710852443798414e-03,7.522919541893771e-01,6.587580878544177e-01
1609043840646200895,1969,1609043840646200895,3.714751570318732e-01,-4.223086620771081e+00,-5.736882558223520e+00,-1.663528453577262e-03,1.109336117256956e-02,7.522581448888446e-01,6.587729908393127e-01
1609043840748221636,1970,1609043840748221636,2.981761032361061e-01,-4.225014191007524e+00,-5.739849508424204e+00,-3.560183861655594e-03,1.243755189054821e-02,7.520461863746294e-01,6.589834337471753e-01
1609043840853191614,1971,1609043840853191614,2.195812430002795e-01,-4.227844449561772e+00,-5.743294075551960e+00,-5.598802441806269e-03,1.344365141149499e-02,7.519233632972130e-01,6.590896580706993e-01
1609043840936460018,1972,1609043840936460018,1.567829977708401e-01,-4.231766350076597e+00,-5.749952549744038e+00,-8.329725891919040e-03,1.570584807241089e-02,7.517650352663948e-01,6.591913787010627e-01
1609043841057773829,1973,1609043841057773829,6.621283072478401e-02,-4.241728642700088e+00,-5.756561395324663e+00,-1.447809372179797e-02,1.963344597358977e-02,7.516340095648424e-01,6.591291438457743e-01
1609043841142449379,1974,1609043841142449379,4.113939445999393e-03,-4.249519091584263e+00,-5.759914555211844e+00,-1.835719042455854e-02,2.290550665521959e-02,7.514481644691364e-01,6.591388377576837e-01
1609043841264244080,1975,1609043841264244080,-8.482366656952399e-02,-4.270303794947690e+00,-5.763911548070283e+00,-1.969806100478637e-02,2.313664943837887e-02,7.515248332427021e-01,6.590046334169025e-01
1609043841315946102,1976,1609043841315946102,-1.362650269895823e-01,-4.281093238087201e+00,-5.761633967858434e+00,-1.648949187545277e-02,2.005958222141113e-02,7.518131508195127e-01,6.588647024037850e-01
1609043841417665482,1977,1609043841417665482,-2.227384633771890e-01,-4.306098446773816e+00,-5.764049345627722e+00,-1.377660563366495e-02,1.788783485841534e-02,7.517182345368586e-01,6.590978124421908e-01
1609043841540536880,1978,1609043841540536880,-3.190699603130971e-01,-4.340121260379200e+00,-5.769899908175493e+00,-1.281774471452097e-02,1.743845903545611e-02,7.517624798811912e-01,6.590787353645876e-01
1609043841643558979,1979,1609043841643558979,-3.946442949599137e-01,-4.370997598743395e+00,-5.778373295660673e+00,-1.213317509812694e-02,1.702180193287419e-02,7.516865719231125e-01,6.591891548800509e-01
1609043841746579409,1980,1609043841746579409,-4.693389105820938e-01,-4.402856967855981e+00,-5.780715123664539e+00,-1.169471267823377e-02,1.724471176593810e-02,7.515105202621789e-01,6.593919862621570e-01
1609043841830168962,1981,1609043841830168962,-5.267893819513739e-01,-4.432638285843871e+00,-5.785837299473557e+00,-8.635486565230985e-03,1.537657431798706e-02,7.517400139409491e-01,6.592237410576829e-01
1609043841933246374,1982,1609043841933246374,-5.982780904911537e-01,-4.470373043115143e+00,-5.790257213464272e+00,-6.382772981565754e-03,1.450501185244464e-02,7.518615810395248e-01,6.591305089259428e-01
1609043842036518335,1983,1609043842036518335,-6.725201152148201e-01,-4.505167119912124e+00,-5.795942120585999e+00,-4.692774295026514e-03,1.320176974607098e-02,7.518264046043016e-01,6.592122180942621e-01
1609043842139269114,1984,1609043842139269114,-7.437761391979784e-01,-4.544993983306981e+00,-5.799947527639557e+00,-4.490146459671136e-04,1.019419792318906e-02,7.518982031369570e-01,6.592002494189197e-01
1609043842242240906,1985,1609043842242240906,-8.187673971420447e-01,-4.585389846900138e+00,-5.805463778395395e+00,3.840193889278253e-03,7.067651390608840e-03,7.518863999071541e-01,6.592436141893016e-01
1609043842345401764,1986,1609043842345401764,-8.960343503063675e-01,-4.624963364018127e+00,-5.809787409264064e+00,5.835121207518441e-03,5.267732757601742e-03,7.519022300401355e-01,6.592277594373279e-01
1609043842415814638,1987,1609043842415814638,-9.609147335688529e-01,-4.657302117405568e+00,-5.805908359845894e+00,3.084595539865279e-03,1.201606662182260e-03,7.520463507232016e-01,6.591019100076256e-01
1609043842535379410,1988,1609043842535379410,-1.062076030894940e+00,-4.706286095336672e+00,-5.801029671432932e+00,1.343304584567137e-03,-1.566937979797933e-03,7.520043705947526e-01,6.591548883567128e-01
1609043842620997190,1989,1609043842620997190,-1.129438994740136e+00,-4.737732176380514e+00,-5.799597206320239e+00,4.122012778319945e-03,-4.691433663375895e-05,7.518606552118262e-01,6.593091550662282e-01
1609043842724016190,1990,1609043842724016190,-1.207803454904987e+00,-4.771571258514583e+00,-5.789926948363636e+00,9.688517808248285e-03,-6.289646475463216e-04,7.519125134172246e-01,6.591914055816742e-01
1609043842826996326,1991,1609043842826996326,-1.283135848678330e+00,-4.801689533944836e+00,-5.784101387385038e+00,9.990452702566080e-03,3.451318107047887e-04,7.518924383816814e-01,6.592100066316351e-01
1609043842930160999,1992,1609043842930160999,-1.359068018601531e+00,-4.826888818889660e+00,-5.777544792882534e+00,1.068559696910184e-02,1.911911203773862e-04,7.519058018763142e-01,6.591839246887825e-01
1609043843033218622,1993,1609043843033218622,-1.436141344006026e+00,-4.848303462037000e+00,-5.770824555438164e+00,1.202620536648550e-02,-1.142862193941300e-03,7.519061191795585e-01,6.591595043620507e-01
1609043843136243820,1994,1609043843136243820,-1.512057466653847e+00,-4.869172357771063e+00,-5.763179796771470e+00,1.470988301391726e-02,-4.049865921711820e-03,7.518760042394600e-01,6.591279786025145e-01
1609043843239363909,1995,1609043843239363909,-1.590072172153477e+00,-4.885202164830033e+00,-5.763711340020168e+00,1.543110022551616e-02,-4.715431114167159e-03,7.519388233468695e-01,6.590353949515636e-01
1609043843359946728,1996,1609043843359946728,-1.684910298598654e+00,-4.904873347566022e+00,-5.781675897377980e+00,1.902802652532271e-02,-1.388975768505437e-02,7.518798345233459e-01,6.588791416300475e-01
1609043843463469982,1997,1609043843463469982,-1.767719500171847e+00,-4.914563322873660e+00,-5.759821647155841e+00,2.296201339770496e-02,-2.407327633938208e-02,7.514369350403515e-01,6.589656713093438e-01
1609043843515862942,1998,1609043843515862942,-1.819216948842103e+00,-4.913559132373309e+00,-5.757172774896193e+00,2.573614995476425e-02,-2.573485588386310e-02,7.505943877654215e-01,6.597601328006982e-01
1609043843635338068,1999,1609043843635338068,-1.924349392646399e+00,-4.907038110377498e+00,-5.762254847872113e+00,2.767850689840084e-02,-2.384792425499628e-02,7.494174822951560e-01,6.610889607269153e-01
1609043843738876104,2000,1609043843738876104,-2.009674791440180e+00,-4.891361921906580e+00,-5.773247875722240e+00,2.026687427989164e-02,-1.449201565140566e-02,7.488960497861191e-01,6.622189531446750e-01
1609043843841460228,2001,1609043843841460228,-2.090484654350869e+00,-4.870714683838207e+00,-5.788995003907774e+00,1.106284929612964e-02,-6.116525399032596e-03,7.485194716496137e-01,6.629923091890865e-01
1609043843944392681,2002,1609043843944392681,-2.170617530319899e+00,-4.848971847022828e+00,-5.798271204144168e+00,2.404566026058506e-03,-6.609557184867271e-04,7.487113662095395e-01,6.628914476054202e-01
1609043844047337770,2003,1609043844047337770,-2.248018796054317e+00,-4.827064030595628e+00,-5.805621728337758e+00,7.893578399301739e-03,4.904741277002365e-03,7.488408838291201e-01,6.626846653115509e-01
1609043844150244236,2004,1609043844150244236,-2.326895442917978e+00,-4.801866295454618e+00,-5.811911594744744e+00,8.918098176951682e-03,6.383527221421626e-03,7.486081696970079e-01,6.629219609939134e-01
1609043844236166239,2005,1609043844236166239,-2.397070810708422e+00,-4.777152800725581e+00,-5.816912337560148e+00,2.563662603142923e-03,6.880517692485151e-03,7.483178853017973e-01,6.632996522295085e-01
1609043844339270592,2006,1609043844339270592,-2.479648166100302e+00,-4.746965539918330e+00,-5.821431865860083e+00,-3.424115951873227e-03,1.257700212136424e-02,7.481326941265913e-01,6.634211079144797e-01
1609043844442089081,2007,1609043844442089081,-2.562952624591254e+00,-4.720453764465050e+00,-5.828215571317831e+00,-1.005455627824081e-02,1.696838640057921e-02,7.480875249749948e-01,6.633068933290194e-01
1609043844545100451,2008,1609043844545100451,-2.646319126517475e+00,-4.696809963082957e+00,-5.835573481812093e+00,-1.720109918217798e-02,2.222597240293086e-02,7.481236910689386e-01,6.629638536142499e-01
1609043844634418488,2009,1609043844634418488,-2.733870127949646e+00,-4.679781714522191e+00,-5.842175331105625e+00,-2.629819840437140e-02,3.014853000999584e-02,7.477405635664591e-01,6.627846712894279e-01
1609043844736169577,2010,1609043844736169577,-2.826893351568111e+00,-4.668349465681252e+00,-5.850237825281813e+00,-3.743349754508549e-02,3.962501994431358e-02,7.475246478361099e-01,6.619935739366772e-01
1609043844838098288,2011,1609043844838098288,-2.912479344051160e+00,-4.666844574613900e+00,-5.851230285573476e+00,-4.170340420522415e-02,3.486576851119896e-02,7.476346555992903e-01,6.618818822197432e-01
1609043844941169977,2012,1609043844941169977,-2.992371561784883e+00,-4.675466740223190e+00,-5.847363629079616e+00,-4.855603798524579e-02,2.366471703311404e-02,7.478928464587602e-01,6.616181546471733e-01
1609043845026716471,2013,1609043845026716471,-3.047588636082290e+00,-4.685593356034439e+00,-5.847975478367426e+00,-5.987035434419732e-02,1.988262291354367e-02,7.476119923747736e-01,6.611327633949172e-01
1609043845129914522,2014,1609043845129914522,-3.109160221827827e+00,-4.710300328218603e+00,-5.842869068199611e+00,-6.787473284507863e-02,1.784788352680963e-02,7.472232688425401e-01,6.608569135562491e-01
1609043845249842405,2015,1609043845249842405,-3.174413308374311e+00,-4.745977374368813e+00,-5.836526775016282e+00,-7.245464089165359e-02,7.833660350883342e-03,7.470880204694008e-01,6.607181308620801e-01
1609043845354082823,2016,1609043845354082823,-3.223470161442305e+00,-4.787425701848748e+00,-5.821324683122801e+00,-6.710803455035565e-02,-1.473621344037504e-03,7.470321220755556e-01,6.613904661591480e-01
1609043845456918716,2017,1609043845456918716,-3.261013208482887e+00,-4.835013069226821e+00,-5.809722971477325e+00,-6.160759381324654e-02,-8.508756672966779e-03,7.470068320488648e-01,6.619009731951916e-01
1609043845542436123,2018,1609043845542436123,-3.287511206288708e+00,-4.875505457070067e+00,-5.804570270032743e+00,-5.605787316631056e-02,-1.154411316931588e-02,7.471721311821266e-01,6.621616529911432e-01
1609043845645591021,2019,1609043845645591021,-3.307174960497658e+00,-4.931622274396765e+00,-5.801352202536648e+00,-5.707134603492042e-02,-1.812328180755269e-02,7.466706400223477e-01,6.624932931335260e-01
1609043845732942104,2020,1609043845732942104,-3.314453223898878e+00,-4.989133679097421e+00,-5.791441235563527e+00,-6.223436926049274e-02,-2.691309615185128e-02,7.464472305006162e-01,6.619811935517729e-01
1609043845835138083,2021,1609043845835138083,-3.309609104572257e+00,-5.059190825228281e+00,-5.783135151820421e+00,-6.213210768679046e-02,-3.252918259453023e-02,7.463071482940340e-01,6.618965885086247e-01
1609043845921009302,2022,1609043845921009302,-3.293242427246013e+00,-5.116370734263396e+00,-5.771678610008309e+00,-4.961866285106831e-02,-3.239161644308679e-02,7.470989076963750e-01,6.620664570871714e-01
1609043846041056633,2023,1609043846041056633,-3.259711832211857e+00,-5.189959532670692e+00,-5.758444768920597e+00,-3.530879299321609e-02,-3.130523213259209e-02,7.476937082006566e-01,6.623649977887105e-01
1609043846126978636,2024,1609043846126978636,-3.228441746911388e+00,-5.241530311853698e+00,-5.753346206398366e+00,-3.216078016228704e-02,-3.280929180392537e-02,7.479216094140485e-01,6.621952134847984e-01
1609043846230076551,2025,1609043846230076551,-3.182867490227992e+00,-5.297741918023577e+00,-5.746817256005468e+00,-2.455083658341866e-02,-2.740466669138952e-02,7.481222616344647e-01,6.625400533654716e-01
1609043846350816250,2026,1609043846350816250,-3.121549527539496e+00,-5.362161731867637e+00,-5.742191082228109e+00,-1.454045747513569e-02,-1.836718676952701e-02,7.484602065309900e-01,6.627658265075040e-01
1609043846436312199,2027,1609043846436312199,-3.075482872453254e+00,-5.402441938164620e+00,-5.739083634491092e+00,-4.683279454633554e-03,-9.243378457678295e-03,7.481992580821683e-01,6.633931692846490e-01
1609043846539104700,2028,1609043846539104700,-3.019732333035376e+00,-5.451512745051114e+00,-5.736577082407328e+00,1.856055389843512e-03,-4.166638438102782e-03,7.484304437933047e-01,6.631976062878039e-01
1609043846642031670,2029,1609043846642031670,-2.963440122913768e+00,-5.498980630826267e+00,-5.732428111002786e+00,4.981057453629300e-03,3.477201340714781e-04,7.488729367214586e-01,6.626947961192471e-01
1609043846745209217,2030,1609043846745209217,-2.907550219632942e+00,-5.542889338964236e+00,-5.725444112126425e+00,7.092093239139242e-03,4.731563075841036e-03,7.489788538278516e-01,6.625390486930296e-01
1609043846832036018,2031,1609043846832036018,-2.854007311284932e+00,-5.589686646696397e+00,-5.721839196657812e+00,1.376221272244411e-02,1.007207147980258e-02,7.488968519392898e-01,6.624671010944692e-01
1609043846917328358,2032,1609043846917328358,-2.807806428710617e+00,-5.629868876091390e+00,-5.712321630893427e+00,1.647013400515450e-02,1.224665493238974e-02,7.489254465585662e-01,6.623363417674376e-01
1609043847036711693,2033,1609043847036711693,-2.754487523047652e+00,-5.680898870519737e+00,-5.703433670680234e+00,1.617363030994117e-02,1.348241785366575e-02,7.486604398914102e-01,6.626191846249374e-01
1609043847123580217,2034,1609043847123580217,-2.721488333119344e+00,-5.714362136278226e+00,-5.701072661854581e+00,1.441965104497312e-02,1.040362956868479e-02,7.487840157623060e-01,6.625755322183375e-01
1609043847243128061,2035,1609043847243128061,-2.684923808859709e+00,-5.756218419994783e+00,-5.694332842718884e+00,1.121092428813384e-02,5.195011141286794e-03,7.488186651366864e-01,6.626597420839440e-01
1609043847329513073,2036,1609043847329513073,-2.658310001614510e+00,-5.782550541550806e+00,-5.690493666241195e+00,8.413722871243983e-03,1.264814884023681e-03,7.489371067336816e-01,6.625864620320411e-01
1609043847433032990,2037,1609043847433032990,-2.630446290119989e+00,-5.813481604570469e+00,-5.687906841756808e+00,4.957006598600499e-03,-1.449733798591032e-04,7.487768924384629e-01,6.628035700103760e-01
1609043847536422729,2038,1609043847536422729,-2.601775031685094e+00,-5.840889630223348e+00,-5.687103284372600e+00,7.974178192204636e-04,-7.315223295545173e-06,7.489914416176285e-01,6.625791910819838e-01
1609043847657127619,2039,1609043847657127619,-2.569804144106023e+00,-5.872528915295782e+00,-5.686034503905953e+00,-1.732523556182507e-03,1.275836735999833e-03,7.490305035458042e-01,6.625320183664105e-01
1609043847760337591,2040,1609043847760337591,-2.542689463548520e+00,-5.896179016324555e+00,-5.688432278521503e+00,-2.929846432348838e-03,1.696803135678494e-03,7.488820569505491e-01,6.626946518846490e-01
1609043847863027096,2041,1609043847863027096,-2.515841482123931e+00,-5.922550239680616e+00,-5.692696384946312e+00,1.020961294591055e-03,-7.508434285998092e-04,7.491732280963710e-01,6.623729071873665e-01
1609043847933183908,2042,1609043847933183908,-2.493076590080960e+00,-5.939365130596880e+00,-5.682731225035665e+00,5.248815055320324e-03,-7.095111938430911e-03,7.491176592820512e-01,6.623781713484201e-01
1609043848034806013,2043,1609043848034806013,-2.465045590708024e+00,-5.958481633542841e+00,-5.668818010213476e+00,1.280704215153626e-02,-1.172185684982107e-02,7.492189833767517e-01,6.620947762150279e-01
1609043848137722492,2044,1609043848137722492,-2.441214414081245e+00,-5.972505735673210e+00,-5.661566101766414e+00,1.820642660434287e-02,-1.614559858987154e-02,7.492511732447964e-01,6.618387455171929e-01
1609043848240724802,2045,1609043848240724802,-2.415567775685671e+00,-5.982358738881598e+00,-5.655294550864258e+00,2.214983205336810e-02,-2.181888894866818e-02,7.490353060943432e-01,6.618001444916789e-01
1609043848326502323,2046,1609043848326502323,-2.397691388301279e+00,-5.982082979074656e+00,-5.649961510990894e+00,2.590480473180122e-02,-2.392356995901240e-02,7.488130027001165e-01,6.618426481267725e-01
1609043848446495533,2047,1609043848446495533,-2.374958117621110e+00,-5.970939668751765e+00,-5.646537113792759e+00,2.621607133796622e-02,-2.629228195222411e-02,7.485559139887933e-01,6.620313264081618e-01
1609043848549815655,2048,1609043848549815655,-2.354958281678227e+00,-5.954993809428083e+00,-5.645216567512836e+00,2.614441227795766e-02,-2.826939460455676e-02,7.482508917118560e-01,6.622974513673932e-01
1609043848653808594,2049,1609043848653808594,-2.336598307186801e+00,-5.930214099424135e+00,-5.642216985049644e+00,3.072053335161530e-02,-3.024690315453595e-02,7.481856538577039e-01,6.620873062079295e-01
1609043848739047766,2050,1609043848739047766,-2.321257192734370e+00,-5.903361244714354e+00,-5.640928134919089e+00,3.414467657602006e-02,-3.056197129001047e-02,7.479206141056196e-01,6.622045469250876e-01
1609043848841980219,2051,1609043848841980219,-2.303707719111312e+00,-5.861523297056097e+00,-5.633249401422793e+00,3.518516851580283e-02,-2.967444168136005e-02,7.481475288358793e-01,6.619340650881941e-01
1609043848961798429,2052,1609043848961798429,-2.280902772524917e+00,-5.800424692594814e+00,-5.634968780482989e+00,2.807542074014139e-02,-2.114654955374218e-02,7.484517342507370e-01,6.622571975368027e-01
1609043849015153885,2053,1609043849015153885,-2.268066681169044e+00,-5.768072173314008e+00,-5.638857635659256e+00,2.207629317624857e-02,-1.529395731230623e-02,7.487125204859176e-01,6.623505822575759e-01
1609043849116971970,2054,1609043849116971970,-2.247672546480564e+00,-5.702935384148874e+00,-5.639750864582604e+00,1.390380375879879e-02,-8.913352973391226e-03,7.485289248279388e-01,6.628964361615914e-01
1609043849220442057,2055,1609043849220442057,-2.232529845073183e+00,-5.629310386613600e+00,-5.637621961738258e+00,2.542973951382705e-03,1.828948828440321e-03,7.487754590628479e-01,6.628163396710185e-01
1609043849323436260,2056,1609043849323436260,-2.218496612928928e+00,-5.558704814565920e+00,-5.639597909801430e+00,-3.696398356262896e-03,1.532264815410915e-02,7.489382821839518e-01,6.624522643723764e-01
1609043849443864346,2057,1609043849443864346,-2.204987905946426e+00,-5.486647892602371e+00,-5.624764787246966e+00,1.401603095426603e-02,2.500765772408813e-02,7.486326492627071e-01,6.623649480379716e-01
1609043849529741764,2058,1609043849529741764,-2.204552675812301e+00,-5.436698831670693e+00,-5.612822767569468e+00,3.001047636768796e-02,3.310603333725473e-02,7.483208452594808e-01,6.618302459203517e-01
1609043849632858515,2059,1609043849632858515,-2.214104173557809e+00,-5.372025552851299e+00,-5.602545864908742e+00,4.195409839483012e-02,3.401374603237313e-02,7.483129247364124e-01,6.611434680772083e-01
1609043849755060434,2060,1609043849755060434,-2.235549036174866e+00,-5.290843991308122e+00,-5.570014863601461e+00,6.205299398722160e-02,5.441028162009779e-02,7.470787832706705e-01,6.595924793219358e-01
1609043849838511944,2061,1609043849838511944,-2.266681854489138e+00,-5.239356942599591e+00,-5.590383118810951e+00,6.961378649706945e-02,6.863934406906423e-02,7.470425946834567e-01,6.575484186764636e-01
1609043849961613417,2062,1609043849961613417,-2.324816124137409e+00,-5.169575815515466e+00,-5.617300720740620e+00,6.137793961554128e-02,6.461323472674561e-02,7.477834007288872e-01,6.579345438727459e-01
1609043850045502901,2063,1609043850045502901,-2.377050338144710e+00,-5.119933113048337e+00,-5.614195823270287e+00,4.516377856357196e-02,4.845647690511889e-02,7.489186970280935e-01,6.593428457134780e-01
1609043850115697861,2064,1609043850115697861,-2.434613978010864e+00,-5.068158345466365e+00,-5.602512597965478e+00,3.808983233571647e-02,3.115517818796210e-02,7.494213558137133e-01,6.602621835263999e-01
1609043850217535019,2065,1609043850217535019,-2.527807994095649e+00,-4.998309204336326e+00,-5.589609778520885e+00,3.580948206982612e-02,1.271317821056328e-02,7.493827867095028e-01,6.610457586863238e-01
1609043850320871353,2066,1609043850320871353,-2.626264691569872e+00,-4.923990186788345e+00,-5.585564883686895e+00,2.728936900079938e-02,5.218626933647710e-03,7.493405441591223e-01,6.616016967570264e-01
1609043850423786879,2067,1609043850423786879,-2.725028400409029e+00,-4.851664997149296e+00,-5.584064254310865e+00,9.377925845218998e-03,-5.824480023243722e-03,7.491727485545012e-01,6.622826607745326e-01
1609043850544762373,2068,1609043850544762373,-2.835570473083116e+00,-4.771128509802084e+00,-5.579047432395970e+00,-4.406210606485712e-03,-1.386212280190555e-02,7.488457664927297e-01,6.625846699595701e-01
1609043850649119139,2069,1609043850649119139,-2.929451706855259e+00,-4.699184144000023e+00,-5.579167046273556e+00,-1.380763543602616e-02,-2.218402736266611e-02,7.487015146305418e-01,6.623920743212219e-01
1609043850733061075,2070,1609043850733061075,-2.998255729706141e+00,-4.637835143602589e+00,-5.572298273572348e+00,-1.960432238944633e-02,-2.123379153172383e-02,7.485464519598573e-01,6.624522668835446e-01
1609043850836065054,2071,1609043850836065054,-3.078833574292731e+00,-4.564492033636191e+00,-5.580368758334479e+00,-2.346374289076817e-02,-4.483507000794585e-04,7.490229979058881e-01,6.621282355852842e-01
1609043850938881159,2072,1609043850938881159,-3.160294404673547e+00,-4.497534845173359e+00,-5.589973168952354e+00,-2.675211997543927e-02,1.253833204041301e-02,7.493101190926752e-01,6.615598685922423e-01
1609043851059721470,2073,1609043851059721470,-3.249940189576007e+00,-4.429142722585721e+00,-5.604580782886667e+00,-2.840876658567099e-02,2.361496990050695e-02,7.493949858474958e-01,6.610918471470595e-01
1609043851162923813,2074,1609043851162923813,-3.325198493337644e+00,-4.380286711804461e+00,-5.614793008181858e+00,-2.108965748065317e-02,2.125439160404905e-02,7.495346033900028e-01,6.612876495942458e-01
1609043851233309746,2075,1609043851233309746,-3.388540668258401e+00,-4.333001547109868e+00,-5.617728150831552e+00,-7.960418419673213e-03,1.285133168736507e-02,7.494564426772244e-01,6.618810433469486e-01
1609043851317231417,2076,1609043851317231417,-3.458440191521801e+00,-4.287772473498197e+00,-5.622143595370948e+00,5.290857212255966e-04,3.220923586780142e-03,7.492525116814744e-01,6.622763920437974e-01
1609043851438340187,2077,1609043851438340187,-3.553122385687885e+00,-4.221080163493786e+00,-5.643373705968906e+00,-4.663235928290150e-03,-1.600507008120627e-02,7.486923138647713e-01,6.627080134736471e-01
1609043851523787737,2078,1609043851523787737,-3.610985326058069e+00,-4.174550839770772e+00,-5.659312279502134e+00,-1.453226734914092e-02,-3.132588049411183e-02,7.479669673825672e-01,6.628370222924242e-01
1609043851626703262,2079,1609043851626703262,-3.671237043474838e+00,-4.119799198743497e+00,-5.677081053618225e+00,-2.552493282356451e-02,-4.600348038038041e-02,7.468195264360675e-01,6.629424956442698e-01
1609043851747786283,2080,1609043851747786283,-3.727309226011753e+00,-4.052290638050938e+00,-5.701681771159687e+00,-3.468016288903564e-02,-5.615116572444240e-02,7.461889351836054e-01,6.624548331013469e-01
1609043851851119280,2081,1609043851851119280,-3.764210469033482e+00,-3.997267712906566e+00,-5.714369847649240e+00,-3.502372727940171e-02,-5.731892701059135e-02,7.457759752607971e-01,6.628016851650421e-01
1609043851936046124,2082,1609043851936046124,-3.783436747728032e+00,-3.946986823502635e+00,-5.730319218160523e+00,-2.177305048496117e-02,-4.628310143981879e-02,7.473586936281124e-01,6.624490862339325e-01
1609043852039296627,2083,1609043852039296627,-3.804444949531751e+00,-3.879961480250584e+00,-5.750450319023165e+00,7.328414283756146e-04,-2.760112254366519e-02,7.483789401379306e-01,6.626964636511941e-01
1609043852159750462,2084,1609043852159750462,-3.830862476193942e+00,-3.794510164200206e+00,-5.779043131967646e+00,2.421712135267074e-02,-6.008439097106387e-03,7.490088134535322e-01,6.620900445271309e-01
1609043852245468616,2085,1609043852245468616,-3.856348992969022e+00,-3.728588091577838e+00,-5.793165210548210e+00,3.227148124464233e-02,1.644456438367603e-03,7.489972096934706e-01,6.617847286940779e-01
1609043852315598488,2086,1609043852315598488,-3.875352722421773e+00,-3.664043539254289e+00,-5.809526751087176e+00,3.333207316198788e-02,7.157657943617279e-03,7.489885187224523e-01,6.617053269042293e-01
1609043852435238600,2087,1609043852435238600,-3.912554590804104e+00,-3.556087810123385e+00,-5.830073254859314e+00,2.857940777169114e-02,1.274077994960060e-02,7.488195023764855e-01,6.620349256937491e-01
1609043852539190054,2088,1609043852539190054,-3.947595225753806e+00,-3.466521374928479e+00,-5.844925067514295e+00,2.113475277079963e-02,1.334825814004864e-02,7.485876515346170e-01,6.625644679575194e-01
1609043852622893095,2089,1609043852622893095,-3.977911420473282e+00,-3.396531464737802e+00,-5.857454713921355e+00,1.544399551214736e-02,1.279744414497004e-02,7.483314091377514e-01,6.630217270375721e-01
1609043852742836952,2090,1609043852742836952,-4.025719285463471e+00,-3.298545712351796e+00,-5.870166641667839e+00,5.337157369419336e-03,7.101729175466802e-03,7.483509262241330e-01,6.632435234613413e-01
1609043852829772472,2091,1609043852829772472,-4.059672168013924e+00,-3.228944629081670e+00,-5.874962407684427e+00,-4.409017144561195e-03,8.968405585866212e-03,7.484604923983843e-01,6.631040790010531e-01
1609043852950694561,2092,1609043852950694561,-4.109239095011729e+00,-3.132035928481866e+00,-5.892518677674171e+00,-2.114059629643436e-02,2.459725794761563e-02,7.481905696995006e-01,6.626906680363218e-01
1609043853055039883,2093,1609043853055039883,-4.150406033410889e+00,-3.060564871027454e+00,-5.911749326135294e+00,-3.982831569258170e-02,4.024917704220674e-02,7.478152739191606e-01,6.614877361748501e-01
1609043853157188654,2094,1609043853157188654,-4.188679529141400e+00,-3.006711073765580e+00,-5.925227928280427e+00,-5.264721842352276e-02,5.074347967150967e-02,7.472829264521765e-01,6.604707393186803e-01
1609043853241927385,2095,1609043853241927385,-4.222667694955282e+00,-2.969021909036432e+00,-5.931823255104160e+00,-5.738656137456755e-02,5.535802259236439e-02,7.470388584574355e-01,6.599812238714661e-01
1609043853345287561,2096,1609043853345287561,-4.265523003082071e+00,-2.935801522192086e+00,-5.945881145517568e+00,-5.749653795938739e-02,5.607574130051546e-02,7.473388607028685e-01,6.595712900389323e-01
1609043853415567636,2097,1609043853415567636,-4.298310770032488e+00,-2.909523901704714e+00,-5.940583382732000e+00,-4.743745800966449e-02,4.832645375620837e-02,7.480074045065737e-01,6.602266006821216e-01
1609043853517240763,2098,1609043853517240763,-4.339590016686043e+00,-2.890966754021599e+00,-5.928611123680274e+00,-2.882777666093966e-02,3.321375772342390e-02,7.489715290688559e-01,6.611410244682575e-01
1609043853620122671,2099,1609043853620122671,-4.380263302545235e+00,-2.881506552520294e+00,-5.913349115310389e+00,-1.573788034580592e-02,1.229609375639734e-02,7.493620592127291e-01,6.618592217481097e-01
1609043853743428469,2100,1609043853743428469,-4.425745895282081e+00,-2.877587961577335e+00,-5.897413377409764e+00,-1.413191830170734e-02,-9.618597448412602e-03,7.491504696094922e-01,6.621792395961358e-01
1609043853826128244,2101,1609043853826128244,-4.450892207097150e+00,-2.875150315205704e+00,-5.883509618626066e+00,-1.347203156679815e-02,-1.833445871019250e-02,7.486369410896658e-01,6.625896787795413e-01
1609043853929234743,2102,1609043853929234743,-4.474005422752535e+00,-2.875235817012502e+00,-5.861572796006900e+00,9.515464421655214e-05,-2.367170310374807e-02,7.483387745360779e-01,6.628941996605513e-01
1609043854048577785,2103,1609043854048577785,-4.503934376689959e+00,-2.864206518735982e+00,-5.844934302338188e+00,2.190851013531300e-02,-1.771105864566174e-02,7.484753549888749e-01,6.625639429968844e-01
1609043854154196978,2104,1609043854154196978,-4.532691157510962e+00,-2.849252241553515e+00,-5.827709733416785e+00,4.137353688982194e-02,-1.446508195837932e-02,7.483483401840708e-01,6.618562937624073e-01
1609043854238269806,2105,1609043854238269806,-4.557461476092632e+00,-2.827657856656336e+00,-5.817370206511866e+00,4.953352840953774e-02,-1.286849949378088e-02,7.480499076401940e-01,6.616662050940623e-01
1609043854341679335,2106,1609043854341679335,-4.591593482742035e+00,-2.792085504811413e+00,-5.804350885853952e+00,5.383625659165677e-02,-1.066417270488440e-02,7.476680869254587e-01,6.618008497198703e-01
1609043854444720984,2107,1609043854444720984,-4.630214589266591e+00,-2.746503387430540e+00,-5.798226552678446e+00,4.646044336276615e-02,-3.840310514459771e-03,7.480025696986689e-01,6.620565194466980e-01
1609043854515086412,2108,1609043854515086412,-4.665367503630868e+00,-2.713859700974912e+00,-5.803187869121771e+00,3.037582243642624e-02,1.601892436281891e-03,7.488463560576829e-01,6.620452238110801e-01
1609043854616852760,2109,1609043854616852760,-4.715720860413490e+00,-2.662301284328871e+00,-5.800159721051007e+00,2.062727452465470e-02,3.382762485390318e-03,7.490461941401642e-01,6.621879427381532e-01
1609043854720087051,2110,1609043854720087051,-4.767690818154961e+00,-2.603788645421273e+00,-5.797121633622090e+00,7.298147964103031e-03,-7.323562529784764e-03,7.486302058279231e-01,6.629071710203536e-01
1609043854840995550,2111,1609043854840995550,-4.825593043431173e+00,-2.535113602413591e+00,-5.800686899513497e+00,-9.388281036344369e-03,-1.647695408398615e-02,7.483706106387927e-01,6.630096524903824e-01
1609043854943651915,2112,1609043854943651915,-4.867992867738172e+00,-2.475839329802546e+00,-5.805566468349112e+00,-2.590869086043349e-02,-2.278019930825687e-02,7.478643947684848e-01,6.629544850854715e-01
1609043855046736956,2113,1609043855046736956,-4.901521976530323e+00,-2.414905474000094e+00,-5.811722084304796e+00,-4.102568173626275e-02,-2.138541297006208e-02,7.473304723283790e-01,6.628398921908796e-01
1609043855132421732,2114,1609043855132421732,-4.922919148839700e+00,-2.367690201473883e+00,-5.813955109332865e+00,-4.549788760625716e-02,-1.703653301888956e-02,7.471587876369292e-01,6.628675922256110e-01
1609043855235941172,2115,1609043855235941172,-4.942452177599456e+00,-2.313701330164662e+00,-5.810991771350023e+00,-4.547453715485573e-02,-7.724071164283519e-03,7.473328200905951e-01,6.628469364873306e-01
1609043855338531494,2116,1609043855338531494,-4.957169952513067e+00,-2.259464998349698e+00,-5.806658879443292e+00,-4.248032644232217e-02,1.534328690023768e-02,7.476529993987940e-01,6.625518831777915e-01
1609043855441602945,2117,1609043855441602945,-4.972497025585165e+00,-2.214595500940671e+00,-5.805912408900253e+00,-3.069079969164409e-02,2.800850864887998e-02,7.481278166262376e-01,6.622524958409837e-01
1609043855544775724,2118,1609043855544775724,-4.982836402605874e+00,-2.176073699440637e+00,-5.798971311331236e+00,-2.210957753096660e-02,3.130197251692717e-02,7.486076939967364e-01,6.619047315035907e-01
1609043855615100145,2119,1609043855615100145,-4.990557693908843e+00,-2.150664912157531e+00,-5.788692392628264e+00,-1.449573864357446e-02,2.800546671921388e-02,7.487282089195820e-01,6.621266016126305e-01
1609043855716741085,2120,1609043855716741085,-5.003085521972091e+00,-2.116850667282476e+00,-5.776191990542118e+00,-9.170011538126256e-03,2.491478043638811e-02,7.486827399815866e-01,6.623966481330211e-01
1609043855819959879,2121,1609043855819959879,-5.016644001752976e+00,-2.091136130335002e+00,-5.766369433450878e+00,-1.809434033920659e-02,1.003578456683873e-02,7.487626355948565e-01,6.625152024013196e-01
1609043855923041821,2122,1609043855923041821,-5.025805895329716e+00,-2.071228979843477e+00,-5.763983365782908e+00,-3.902450214105641e-02,-1.347283036489758e-03,7.478382523209895e-01,6.627316360538030e-01
1609043856025730610,2123,1609043856025730610,-5.024512241693112e+00,-2.054811153758484e+00,-5.759427184436029e+00,-4.863709974922577e-02,-7.150264941944398e-03,7.473977113035947e-01,6.625556334206154e-01
1609043856147522211,2124,1609043856147522211,-5.013075732456008e+00,-2.045095906325400e+00,-5.753421128709836e+00,-4.854216891757585e-02,-1.142721459635370e-02,7.478392338176669e-01,6.620041970911904e-01
1609043856251216173,2125,1609043856251216173,-4.996109033013663e+00,-2.039566494871158e+00,-5.746845277764510e+00,-4.337116254496853e-02,-1.401659959535628e-02,7.479423888331013e-01,6.621968439836570e-01
1609043856335716486,2126,1609043856335716486,-4.977585635643346e+00,-2.037562277835519e+00,-5.741974212988818e+00,-3.782963172616367e-02,-1.821324649741400e-02,7.481752890826014e-01,6.621713776822832e-01
1609043856438846827,2127,1609043856438846827,-4.947091376914455e+00,-2.038808683065615e+00,-5.742468890930259e+00,-3.087839305082809e-02,-2.064204350011664e-02,7.485887321295210e-01,6.619934599461343e-01
1609043856541895866,2128,1609043856541895866,-4.911563854135831e+00,-2.037558540711510e+00,-5.744609693232881e+00,-2.432201033347544e-02,-2.217509034187543e-02,7.484582725730170e-01,6.623646423222509e-01
1609043856644966841,2129,1609043856644966841,-4.869374467459409e+00,-2.035298437849821e+00,-5.744932318913672e+00,-2.289694830920702e-02,-2.354149169505507e-02,7.485978261218026e-01,6.622105576420606e-01
1609043856733973265,2130,1609043856733973265,-4.817094956357590e+00,-2.027688132440131e+00,-5.741644275764532e+00,-1.668489853073515e-02,-2.263572445530849e-02,7.488435519429752e-01,6.621499625106320e-01
1609043856835523129,2131,1609043856835523129,-4.754118030648419e+00,-2.019491393932153e+00,-5.734370926783507e+00,1.707466559471086e-03,-1.068452214353909e-02,7.492697525231797e-01,6.621765349952877e-01
1609043856937673807,2132,1609043856937673807,-4.695707999319868e+00,-2.007895537323017e+00,-5.727630727862454e+00,1.460205537482516e-02,6.763221146796785e-04,7.494349932698610e-01,6.619165456685847e-01
1609043857041966438,2133,1609043857041966438,-4.645305470398180e+00,-1.992396671655995e+00,-5.721710148796916e+00,1.850341448236291e-02,3.757983094223662e-03,7.489115849622270e-01,6.624008900393498e-01
1609043857126078367,2134,1609043857126078367,-4.606869259231603e+00,-1.977907380607288e+00,-5.721464108107308e+00,1.904087750993909e-02,5.708524731227270e-03,7.485285407745134e-01,6.628045574488928e-01
1609043857229337215,2135,1609043857229337215,-4.559930249435549e+00,-1.960157269726099e+00,-5.718288093240010e+00,1.663705418564694e-02,6.879035254146525e-03,7.484489174371443e-01,6.629480411685091e-01
1609043857332370043,2136,1609043857332370043,-4.517593236156626e+00,-1.945031802775136e+00,-5.724461916302062e+00,1.035340431645648e-02,4.779944492530331e-03,7.483620626748700e-01,6.631924172506214e-01
1609043857453262091,2137,1609043857453262091,-4.467898885358731e+00,-1.922033903897474e+00,-5.732196088232479e+00,-6.294926628005838e-03,-8.605575719708184e-03,7.479943889669211e-01,6.636194030009088e-01
1609043857538534880,2138,1609043857538534880,-4.429445006234921e+00,-1.909259998748673e+00,-5.735623251093912e+00,-1.593835036745489e-02,-1.759443219841540e-02,7.477504641063384e-01,6.635553092033363e-01
1609043857641552448,2139,1609043857641552448,-4.379171210508368e+00,-1.885060548198479e+00,-5.738854205220973e+00,-2.390248498397114e-02,-2.791764748764699e-02,7.476685060522893e-01,6.630543576720421e-01
1609043857762195110,2140,1609043857762195110,-4.310304352421721e+00,-1.857593011169090e+00,-5.742057495636589e+00,-2.872941159768722e-02,-3.264633586048585e-02,7.477576086034589e-01,6.625461466492517e-01
1609043857815120220,2141,1609043857815120220,-4.270013316724956e+00,-1.841761404812632e+00,-5.742618594656805e+00,-2.763173250557998e-02,-3.266845857434800e-02,7.481069069129478e-01,6.621973384137529e-01
1609043857934829235,2142,1609043857934829235,-4.181692337632832e+00,-1.805554787688804e+00,-5.747467883672611e+00,-2.200192200234955e-02,-3.063187848881452e-02,7.485669074267878e-01,6.619857918067004e-01
1609043858038030148,2143,1609043858038030148,-4.103902325609601e+00,-1.773040729307980e+00,-5.757265725113823e+00,-1.282722183000250e-02,-2.165427148883278e-02,7.491390257550073e-01,6.619344944911472e-01
1609043858123268843,2144,1609043858123268843,-4.043990710419716e+00,-1.746407987805824e+00,-5.760412343201121e+00,-9.518758630024717e-03,-1.773675871879933e-02,7.493050494113338e-01,6.619189856402166e-01
1609043858244979382,2145,1609043858244979382,-3.949797077811512e+00,-1.707766315902842e+00,-5.764432766617047e+00,-5.496854740576511e-03,-1.393835322917317e-02,7.494597920879985e-01,6.618802965345275e-01
1609043858329258204,2146,1609043858329258204,-3.882492084804591e+00,-1.677873742694282e+00,-5.764912851515404e+00,-7.501514977218617e-04,-8.647236499386058e-03,7.494557480071893e-01,6.619975410472753e-01
1609043858449996471,2147,1609043858449996471,-3.785761179931590e+00,-1.632306556321961e+00,-5.771220813021699e+00,3.722778764003675e-03,-4.172210252945033e-03,7.495579472517586e-01,6.619151133579059e-01
1609043858553490639,2148,1609043858553490639,-3.704447197553957e+00,-1.595743977976806e+00,-5.773687902679089e+00,5.318791505980138e-03,-2.265953039163254e-03,7.495035190778243e-01,6.619751134322938e-01
1609043858638739824,2149,1609043858638739824,-3.637422539166776e+00,-1.566710794882957e+00,-5.775148794771045e+00,4.103110385771910e-03,-1.296744189210147e-03,7.492709559342525e-01,6.622495885487898e-01
1609043858741711140,2150,1609043858741711140,-3.555958669349656e+00,-1.526369004208133e+00,-5.784588912634374e+00,2.515263322144903e-03,-1.674896986271026e-03,7.494009503449710e-01,6.621095708359455e-01
1609043858844703913,2151,1609043858844703913,-3.475232958630275e+00,-1.482791556890609e+00,-5.792056012695292e+00,-1.615396509785438e-02,-3.168008207564778e-03,7.493675072586783e-01,6.619496598688822e-01
1609043858914768457,2152,1609043858914768457,-3.399105080913456e+00,-1.453648014232088e+00,-5.795435949412931e+00,-3.219877900610928e-02,-8.662577113081053e-04,7.488832443538063e-01,6.619187069075859e-01
1609043859016511440,2153,1609043859016511440,-3.298671764462549e+00,-1.412287791881322e+00,-5.797580087750716e+00,-4.104690994503914e-02,7.396609248524168e-03,7.484138237693803e-01,6.619193226870503e-01
1609043859120172501,2154,1609043859120172501,-3.202768741542985e+00,-1.378027264146947e+00,-5.792575066730847e+00,-4.034872978214668e-02,1.473741588540642e-02,7.484212091095156e-01,6.618311584785341e-01
1609043859242730856,2155,1609043859242730856,-3.093179924377695e+00,-1.350876771904782e+00,-5.776798405444249e+00,-2.842507559424813e-02,1.375766763057976e-02,7.492061469725235e-01,6.615836235861750e-01
1609043859326450109,2156,1609043859326450109,-3.018959023199130e+00,-1.341321314740749e+00,-5.768246615295602e+00,-2.029620184391005e-02,7.526209124331840e-03,7.492752610650103e-01,6.619048296567179e-01
1609043859429426670,2157,1609043859429426670,-2.925630754793654e+00,-1.329091967202198e+00,-5.759031367794441e+00,-1.394148350425683e-02,-2.411577387968654e-04,7.494076028284482e-01,6.619620998996577e-01
1609043859532449245,2158,1609043859532449245,-2.831625534223348e+00,-1.315864488306164e+00,-5.755061678739787e+00,-1.195281413423073e-02,-5.818862054549194e-03,7.494034509679669e-01,6.619801649263858e-01
1609043859653985262,2159,1609043859653985262,-2.719835539865683e+00,-1.299142703532305e+00,-5.743253147508596e+00,-2.299362572539721e-03,-1.112298888578037e-02,7.493421194368201e-01,6.620856289695024e-01
1609043859738750458,2160,1609043859738750458,-2.639670388640714e+00,-1.284200869071555e+00,-5.743527523140309e+00,2.767980374572302e-04,-1.369484556299812e-02,7.492188291833365e-01,6.621808820745301e-01
1609043859859267235,2161,1609043859859267235,-2.523979017505556e+00,-1.264288946224662e+00,-5.740378454098186e+00,-1.022262094157004e-03,-1.567592332805823e-02,7.492239894416970e-01,6.621303754194423e-01
1609043859944213629,2162,1609043859944213629,-2.438238620966389e+00,-1.248752603827745e+00,-5.742585731461271e+00,9.215176153929282e-04,-1.293899322389838e-02,7.492039357562487e-01,6.622123495578918e-01
1609043860014987707,2163,1609043860014987707,-2.349437015701745e+00,-1.232304639259319e+00,-5.741118680413012e+00,8.117855619857077e-03,-2.651925005648081e-03,7.492558968681474e-01,6.622255421849929e-01
1609043860116759539,2164,1609043860116759539,-2.235308496617301e+00,-1.209039279655779e+00,-5.744211845971858e+00,1.140583921399295e-02,1.601052347323837e-03,7.492800586045619e-01,6.621531070989172e-01
1609043860219777584,2165,1609043860219777584,-2.129399910728941e+00,-1.182650569285610e+00,-5.753420134626722e+00,1.296132987089519e-02,3.775520836000563e-03,7.494811563061683e-01,6.618880159908954e-01
1609043860322924852,2166,1609043860322924852,-2.037261468102858e+00,-1.153647154288931e+00,-5.759465374551495e+00,1.417667379055834e-02,5.839795008989756e-03,7.495457310685100e-01,6.617749736515141e-01
1609043860444180965,2167,1609043860444180965,-1.933985440043375e+00,-1.119746278696022e+00,-5.773554127927459e+00,1.201723593296548e-02,1.069695020377929e-02,7.496083790208992e-01,6.616860580354775e-01
1609043860528473616,2168,1609043860528473616,-1.867567994779186e+00,-1.096635228488388e+00,-5.783782930724266e+00,1.007487519276512e-02,1.196845253808793e-02,7.494605488159097e-01,6.618641392327048e-01
1609043860632145643,2169,1609043860632145643,-1.788143996539056e+00,-1.068464587932927e+00,-5.795532900609945e+00,1.247826802301183e-03,8.967890192241847e-03,7.496252163783440e-01,6.618006156264080e-01
1609043860754692078,2170,1609043860754692078,-1.693649293857948e+00,-1.032988465139365e+00,-5.805195493293023e+00,-1.013483010511444e-02,5.246902604710112e-03,7.494227374085751e-01,6.619934409696483e-01
1609043860858075380,2171,1609043860858075380,-1.613017535042681e+00,-1.006875176110749e+00,-5.809806585887752e+00,-1.558743377675206e-02,5.371626614283319e-03,7.493909692974636e-01,6.619224672657517e-01
1609043860961559772,2172,1609043860961559772,-1.532503546718663e+00,-9.840288317297575e-01,-5.812649997554843e+00,-1.769274288684060e-02,3.473958426848721e-03,7.494161168127722e-01,6.618537469284693e-01
1609043861063519716,2173,1609043861063519716,-1.449666013378464e+00,-9.659019543021873e-01,-5.809618220540138e+00,-1.004852686939861e-02,3.659569532882912e-03,7.496462905027337e-01,6.617522752466213e-01
1609043861114930153,2174,1609043861114930153,-1.399737963959715e+00,-9.541919459908798e-01,-5.803546022227769e+00,1.410520482977580e-03,5.712910684118794e-03,7.495952321554329e-01,6.618703506075231e-01
1609043861235111713,2175,1609043861235111713,-1.295742951184889e+00,-9.266307107727062e-01,-5.795433356659243e+00,1.218484648415792e-02,7.249572857389985e-03,7.498237899864216e-01,6.614856439711611e-01
1609043861319640636,2176,1609043861319640636,-1.228900773604575e+00,-9.052298781701765e-01,-5.790816208525493e+00,1.629573156718498e-02,8.694540891471019e-03,7.497231400305314e-01,6.614938150838127e-01
1609043861422575235,2177,1609043861422575235,-1.154650367182473e+00,-8.794919406876167e-01,-5.791498169903073e+00,2.760295048275916e-02,1.835291540203332e-02,7.494937840119859e-01,6.611810004441196e-01
1609043861543887615,2178,1609043861543887615,-1.084407309827125e+00,-8.501884096171680e-01,-5.791204132466836e+00,3.921988458346934e-02,3.062828831226535e-02,7.492294625610982e-01,6.604384309220110e-01
1609043861628792763,2179,1609043861628792763,-1.044225998939416e+00,-8.308353082347647e-01,-5.798452043297441e+00,4.384329467896122e-02,3.505344324178135e-02,7.490133740365968e-01,6.601726949389094e-01
1609043861731752396,2180,1609043861731752396,-1.007923493653018e+00,-8.055248859103490e-01,-5.811165310660519e+00,3.992705905855469e-02,3.238562870060595e-02,7.493275380167533e-01,6.602009101617115e-01
1609043861853559494,2181,1609043861853559494,-9.751865294671036e-01,-7.687180349946836e-01,-5.835413737142013e+00,1.113189159320285e-02,3.570419629271712e-02,7.495416411537623e-01,6.608998559034289e-01
1609043861956746817,2182,1609043861956746817,-9.477530117773375e-01,-7.444817221377427e-01,-5.856983008850224e+00,-2.068917379794594e-02,4.674288965610327e-02,7.491161565938596e-01,6.604635071555429e-01
1609043862041202307,2183,1609043862041202307,-9.262362087353627e-01,-7.331815697895315e-01,-5.868282204748997e+00,-4.189633478433965e-02,5.701778084538012e-02,7.482874648303696e-01,6.595904333575840e-01
1609043862162990332,2184,1609043862162990332,-9.008594547182874e-01,-7.359874610234611e-01,-5.883772053119223e+00,-6.272919557539362e-02,6.819273118250464e-02,7.471438896293053e-01,6.581723236553838e-01
1609043862232125998,2185,1609043862232125998,-8.843403352177438e-01,-7.545504679641671e-01,-5.888687804634549e+00,-6.111506351113814e-02,6.526714265647442e-02,7.477760774888177e-01,6.579027945197732e-01
1609043862335097313,2186,1609043862335097313,-8.637243301373868e-01,-7.838635175369996e-01,-5.865242236303299e+00,-3.225552433491931e-02,4.286570809268687e-02,7.495705834864496e-01,6.597469610323157e-01
1609043862419355154,2187,1609043862419355154,-8.517055707748122e-01,-8.170827436701109e-01,-5.835093791416670e+00,-1.930563700651468e-03,2.118971327471570e-02,7.501827202485293e-01,6.608881563590394e-01
1609043862522410154,2188,1609043862522410154,-8.406577509327275e-01,-8.562090762125389e-01,-5.812925972326664e+00,1.752427220795175e-02,6.827526636154506e-03,7.498570357890216e-01,6.613325265260407e-01
1609043862625744104,2189,1609043862625744104,-8.349208845314703e-01,-8.926050446955174e-01,-5.798295380902689e+00,2.526206527756162e-02,-2.960230233423748e-04,7.495380362705311e-01,6.614790039086639e-01
1609043862728882313,2190,1609043862728882313,-8.285964975305756e-01,-9.226627202635753e-01,-5.790692070472062e+00,2.688798717130258e-02,-1.192312840070104e-03,7.494481988940995e-01,6.615156927166260e-01
1609043862832049608,2191,1609043862832049608,-8.257547801721331e-01,-9.515594227558594e-01,-5.786111484172643e+00,2.589628320886447e-02,1.230318723190940e-03,7.497410620086820e-01,6.612232669604872e-01
1609043862954415083,2192,1609043862954415083,-8.265867521898496e-01,-9.799388314005334e-01,-5.779325050824395e+00,2.266842586887422e-02,3.774614334378736e-03,7.497147131692250e-01,6.613620367188011e-01
1609043863057160854,2193,1609043863057160854,-8.316122203284438e-01,-1.000880908834693e+00,-5.780479238922919e+00,2.003497367199719e-02,4.511595065325840e-03,7.497303884340686e-01,6.614246669110775e-01
1609043863160428286,2194,1609043863160428286,-8.385783387451264e-01,-1.017851566644822e+00,-5.780646759551428e+00,1.888511625050863e-02,6.040278952246397e-03,7.478959697568177e-01,6.635197704936104e-01
1609043863263726950,2195,1609043863263726950,-8.460235299075547e-01,-1.035317354175835e+00,-5.776038005987945e+00,1.766332936567820e-02,7.034069510768344e-03,7.416410799593187e-01,6.705274320850809e-01
1609043863333053589,2196,1609043863333053589,-8.540558923752203e-01,-1.047797401332512e+00,-5.772253452928034e+00,1.735178386333200e-02,8.210709810222209e-03,7.345129511406322e-01,6.783230973863796e-01
1609043863434667349,2197,1609043863434667349,-8.739761799758614e-01,-1.061423537239777e+00,-5.766591773249583e+00,1.714622978620502e-02,7.667108018299976e-03,7.266222910910580e-01,6.867803639798800e-01
1609043863537181854,2198,1609043863537181854,-8.969265130075054e-01,-1.072386226838150e+00,-5.761726038552779e+00,1.506179507387803e-02,5.247430367196260e-03,7.189302842956037e-01,6.948991675965198e-01
1609043863640412331,2199,1609043863640412331,-9.171246174503249e-01,-1.080551132926281e+00,-5.754935268073508e+00,7.393725125427255e-03,-2.417736131341858e-03,7.114669033050874e-01,7.026765492616346e-01
1609043863725559950,2200,1609043863725559950,-9.331829994690419e-01,-1.085120972967325e+00,-5.752896353899198e+00,1.995943897766884e-03,-7.134250383880257e-03,7.057497563748690e-01,7.084224728622251e-01
1609043863845873833,2201,1609043863845873833,-9.532768207709452e-01,-1.086937139105061e+00,-5.750570620054011e+00,2.164341963706209e-04,-8.663134812003230e-03,6.978853547018720e-01,7.161570602487350e-01
1609043863949246168,2202,1609043863949246168,-9.703340398211842e-01,-1.088484097258791e+00,-5.746520211140592e+00,1.495333432230100e-03,-7.035043198380831e-03,6.915754731180144e-01,7.222683968766167e-01
1609043864051665068,2203,1609043864051665068,-9.873074374334706e-01,-1.086552666999044e+00,-5.744227105627183e+00,6.214862164732216e-03,-2.196914546684523e-03,6.850521456950479e-01,7.284642110175070e-01
1609043864137778759,2204,1609043864137778759,-1.004248600741716e+00,-1.087024664682393e+00,-5.745405353915296e+00,9.205601526967888e-03,-1.897194883881176e-04,6.792724144463606e-01,7.338284594367093e-01
1609043864241054773,2205,1609043864241054773,-1.026243477759247e+00,-1.082291230974860e+00,-5.742494832274408e+00,7.583492853932465e-03,-1.369773757111951e-03,6.719708844418566e-01,7.405374702325451e-01
1609043864344022989,2206,1609043864344022989,-1.049505830066030e+00,-1.076414659732340e+00,-5.741046619821576e+00,4.071740212137125e-03,-4.272750614271546e-03,6.647271468936830e-01,7.470629054613924e-01
1609043864414577723,2207,1609043864414577723,-1.065239151509244e+00,-1.070949674058129e+00,-5.737394645935390e+00,2.481190792442098e-04,-7.503044268747734e-03,6.579965500250172e-01,7.529835210141047e-01
1609043864516171932,2208,1609043864516171932,-1.083685061357493e+00,-1.062041076850046e+00,-5.732098469242270e+00,-4.769439826164035e-03,-1.189874079172327e-02,6.511073691605231e-01,7.588773723311154e-01
1609043864619457960,2209,1609043864619457960,-1.097428772326835e+00,-1.051537725181932e+00,-5.726401223277261e+00,-7.569672224772007e-03,-1.448592996262522e-02,6.452088537326552e-01,7.638313904000807e-01
1609043864722657919,2210,1609043864722657919,-1.109166089342282e+00,-1.036947442760978e+00,-5.720530830928551e+00,-1.032465048696661e-02,-1.063434988939672e-02,6.394894777279325e-01,7.686569586428058e-01
1609043864825221777,2211,1609043864825221777,-1.117461998932675e+00,-1.022244561036334e+00,-5.713417445153580e+00,-1.183884237099472e-02,-3.427518408095242e-03,6.351178395561001e-01,7.723169192802064e-01
1609043864944980860,2212,1609043864944980860,-1.128101414581770e+00,-1.010094313633302e+00,-5.710933239428137e+00,-1.611569640843708e-02,4.431481549962350e-03,6.315647556587539e-01,7.751429582407634e-01
1609043865048943043,2213,1609043865048943043,-1.135013408544326e+00,-1.003093274925354e+00,-5.707466281528491e+00,-2.465790743306922e-02,7.603143566822456e-03,6.289020570220876e-01,7.770562286490673e-01
1609043865151988268,2214,1609043865151988268,-1.139369969697839e+00,-1.000801234752904e+00,-5.704049267252723e+00,-2.563536535917677e-02,4.857129909064959e-03,6.256964004809441e-01,7.796302012859289e-01
1609043865257163525,2215,1609043865257163525,-1.139544815837705e+00,-1.001847198731388e+00,-5.698922082678939e+00,-2.480132605756961e-02,-2.029014328902943e-03,6.216387325142196e-01,7.829087198165274e-01
1609043865340743303,2216,1609043865340743303,-1.135675980480938e+00,-1.005999974623422e+00,-5.678514346611503e+00,-2.366180247476545e-02,-8.064771315144889e-03,6.176230480740668e-01,7.860768722300502e-01
1609043865462582827,2217,1609043865462582827,-1.126428144885992e+00,-1.013912913831290e+00,-5.677102692084262e+00,-9.236820643373419e-03,-8.815930522193153e-03,6.119083006914393e-01,7.908256394796170e-01
1609043865514101744,2218,1609043865514101744,-1.120769833715928e+00,-1.015153581886734e+00,-5.671881719976307e+00,-4.557971251262047e-03,-9.824059626453429e-03,6.078637025574153e-01,7.939675256984500e-01
1609043865615988016,2219,1609043865615988016,-1.108652096149178e+00,-1.019567345764597e+00,-5.671396889122099e+00,-3.016421441928774e-03,-9.838644756105842e-03,6.024726343119851e-01,7.980731966281194e-01
1609043865737834215,2220,1609043865737834215,-1.093467229068704e+00,-1.023312856720995e+00,-5.672442732399396e+00,2.114890404268654e-03,-5.795388384785520e-03,5.962259548605896e-01,8.027929692409032e-01
1609043865841167927,2221,1609043865841167927,-1.075441016351765e+00,-1.024787778910129e+00,-5.674698722505925e+00,4.474146138544186e-03,-2.941338616236010e-03,5.902496245491149e-01,8.072030173773538e-01
1609043865944806099,2222,1609043865944806099,-1.055146277302394e+00,-1.022222150794527e+00,-5.675211008438104e+00,1.953542095727059e-03,-3.003980060278112e-03,5.831945165964032e-01,8.123246368225978e-01
1609043866046992779,2223,1609043866046992779,-1.037998134710085e+00,-1.022164409436779e+00,-5.676120999127135e+00,4.602674855622199e-04,-3.654939310769629e-03,5.775495582972771e-01,8.163473141274470e-01
1609043866131390333,2224,1609043866131390333,-1.024586895920381e+00,-1.021951491760232e+00,-5.683921858248234e+00,-1.526683078318156e-03,-4.879111090576147e-03,5.741116579037991e-01,8.187610565804259e-01
1609043866234528542,2225,1609043866234528542,-1.007287622620185e+00,-1.017632934606380e+00,-5.693463415833117e+00,-7.854845045317674e-03,-9.198554230988103e-03,5.704409090530804e-01,8.212495706471138e-01
1609043866337442875,2226,1609043866337442875,-9.854308312940423e-01,-1.011872651261976e+00,-5.694193677218150e+00,-1.421846311539572e-02,-1.372527201558401e-02,5.671360146644759e-01,8.233870250891921e-01
1609043866440477371,2227,1609043866440477371,-9.618598217587210e-01,-1.012090342299056e+00,-5.693366853980182e+00,-1.500797483622485e-02,-1.389688155682152e-02,5.647397005658783e-01,8.250155804462562e-01
1609043866543585539,2228,1609043866543585539,-9.337260933338015e-01,-1.010768223010141e+00,-5.687380712594130e+00,-1.446637750211704e-02,-1.292937082606006e-02,5.616526966188740e-01,8.271455758648266e-01
1609043866632594585,2229,1609043866632594585,-8.994701867927608e-01,-1.008816191319166e+00,-5.686037198393314e+00,-1.431368329283573e-02,-1.082563688574575e-02,5.589674436186152e-01,8.289953685220929e-01
1609043866715504646,2230,1609043866715504646,-8.674093715500032e-01,-1.006565606463290e+00,-5.683434287579655e+00,-1.191231455077611e-02,-5.215018051046016e-03,5.565396251606627e-01,8.307192943316050e-01
1609043866818611145,2231,1609043866818611145,-8.289910722970717e-01,-1.003842101019660e+00,-5.679669573775793e+00,-2.933436290263563e-03,4.444681278289613e-03,5.550172495468668e-01,8.318217912902357e-01
1609043866922003269,2232,1609043866922003269,-7.940690872476657e-01,-1.004497859182466e+00,-5.685967674214806e+00,2.852363738106718e-03,1.569705132774521e-02,5.533076828259458e-01,8.328241559456008e-01
1609043867025086641,2233,1609043867025086641,-7.628302494667302e-01,-1.005747999184435e+00,-5.689605909277810e+00,2.582687938610704e-03,2.618939730825404e-02,5.521425956203921e-01,8.333342662420754e-01
1609043867147774696,2234,1609043867147774696,-7.285389407996167e-01,-1.007191153407435e+00,-5.691945867113822e+00,9.166485949064950e-03,2.258238322626950e-02,5.507206276096929e-01,8.343337472668558e-01
1609043867231270313,2235,1609043867231270313,-7.112107662028933e-01,-1.005785865984474e+00,-5.692028381056729e+00,1.180032325393401e-02,1.928138181599526e-02,5.495892855508526e-01,8.351290905567067e-01
1609043867335307598,2236,1609043867335307598,-6.938369921965056e-01,-1.006485996472119e+00,-5.692492002139461e+00,1.054365198806336e-02,1.893003949576363e-02,5.481754416964829e-01,8.360826335526347e-01
1609043867437583685,2237,1609043867437583685,-6.770752626814952e-01,-1.007910946367446e+00,-5.693407008452771e+00,1.152128683612322e-02,1.646891185559745e-02,5.474647517390200e-01,8.365873418210830e-01
1609043867540901423,2238,1609043867540901423,-6.623424749434178e-01,-1.011908547505629e+00,-5.693045571119644e+00,1.243006808966912e-02,1.278041969102628e-02,5.444535249930900e-01,8.386015224183689e-01
1609043867644238472,2239,1609043867644238472,-6.520193044726512e-01,-1.012055836350046e+00,-5.689840043001239e+00,1.451397068450414e-02,8.192104593285508e-03,5.398592023921498e-01,8.415903253185686e-01
1609043867714404106,2240,1609043867714404106,-6.456992859925013e-01,-1.010806358307880e+00,-5.688370863651139e+00,1.586015843853380e-02,6.725265021193996e-03,5.346030640569703e-01,8.449276833466863e-01
1609043867816264868,2241,1609043867816264868,-6.404981723568841e-01,-1.008240803715349e+00,-5.689761066616337e+00,1.289824176762165e-02,6.832421570859743e-03,5.288109891044801e-01,8.486141002700365e-01
1609043867919264555,2242,1609043867919264555,-6.345769521734034e-01,-1.003272747403247e+00,-5.694295787087936e+00,9.819412373460682e-03,5.978230532025606e-03,5.227387971558326e-01,8.524153857412589e-01
1609043868041916132,2243,1609043868041916132,-6.284649779460242e-01,-9.948918004982232e-01,-5.700309910121619e+00,1.765230141551681e-03,6.985674446784927e-03,5.138628599929586e-01,8.578420865374513e-01
1609043868144052029,2244,1609043868144052029,-6.252053394163457e-01,-9.902217208630091e-01,-5.700862315772413e+00,-4.266247355000520e-04,3.600725092856606e-03,5.065222415568161e-01,8.622192711708543e-01
1609043868246915340,2245,1609043868246915340,-6.259508803857289e-01,-9.857578044684022e-01,-5.705287183707449e+00,-1.385837432328099e-03,-2.531366767593745e-03,4.999686669019017e-01,8.660386849057231e-01
1609043868331905127,2246,1609043868331905127,-6.244704547611978e-01,-9.782677603427195e-01,-5.712798141214036e+00,-3.389747922069366e-03,-5.503216635368831e-03,4.947718719971407e-01,8.689988601236104e-01
1609043868453308582,2247,1609043868453308582,-6.189685843512527e-01,-9.721069399337555e-01,-5.722682879457360e+00,-5.966623935406225e-03,-9.210934632355328e-03,4.874715701808572e-01,8.730698862905658e-01
1609043868556982994,2248,1609043868556982994,-6.131833420217143e-01,-9.687474465550823e-01,-5.727930805043654e+00,-9.034481385706025e-03,-1.203458041650896e-02,4.812862925493298e-01,8.764342825474201e-01
1609043868640605450,2249,1609043868640605450,-6.062485390733777e-01,-9.644299104508194e-01,-5.727148636163844e+00,-1.271176475586514e-02,-1.433224603478711e-02,4.760442598285793e-01,8.792126366497753e-01
1609043868743711233,2250,1609043868743711233,-5.945191133333247e-01,-9.592326100554783e-01,-5.721523786264246e+00,-1.654816269519500e-02,-1.562397945545288e-02,4.691307719319597e-01,8.828354141083787e-01
1609043868814050436,2251,1609043868814050436,-5.775682257303938e-01,-9.561675833693685e-01,-5.714044780644814e+00,-1.752891285395861e-02,-1.614914916194913e-02,4.625255146553985e-01,8.862855580952801e-01
1609043868915824652,2252,1609043868915824652,-5.532463023378514e-01,-9.530484180930257e-01,-5.703324797078633e+00,-1.665191827339770e-02,-1.629511399389356e-02,4.564798915448673e-01,8.894286320402151e-01
1609043869018929482,2253,1609043869018929482,-5.251752428302993e-01,-9.531866113467711e-01,-5.693301643363776e+00,-1.988239380223481e-02,-1.825019633928653e-02,4.502596315851338e-01,8.924897113777223e-01
1609043869122087002,2254,1609043869122087002,-4.973627646427509e-01,-9.508046713130861e-01,-5.684575291845210e+00,-2.547717144381936e-02,-1.852491521341892e-02,4.455369040115260e-01,8.947092312116726e-01
1609043869224918127,2255,1609043869224918127,-4.636215406117026e-01,-9.535703216279467e-01,-5.675141572899198e+00,-2.811364258732684e-02,-1.652338604305185e-02,4.429502605043712e-01,8.959529382357391e-01
1609043869328203440,2256,1609043869328203440,-4.266242900648365e-01,-9.595941239936929e-01,-5.665299623219412e+00,-2.014841521438540e-02,-1.416209832978057e-02,4.426632623930863e-01,8.963496597102919e-01
1609043869450441599,2257,1609043869450441599,-3.759870643301113e-01,-9.656737794152712e-01,-5.664789929917002e+00,-1.599509824450303e-03,-7.631189705640497e-03,4.433648157511322e-01,8.963073394020394e-01
1609043869534010649,2258,1609043869534010649,-3.418147048225776e-01,-9.698087339313802e-01,-5.664818924828061e+00,7.509432176661569e-03,-4.827870931585149e-03,4.429114317789711e-01,8.965209220593537e-01
1609043869637567759,2259,1609043869637567759,-2.968384121699738e-01,-9.711419364120830e-01,-5.662333909728562e+00,1.791260029321857e-02,-2.421242652398741e-04,4.402737040279689e-01,8.976848810512895e-01
1609043869760348082,2260,1609043869760348082,-2.459809750125452e-01,-9.727332009047704e-01,-5.658493988654734e+00,2.281770847687752e-02,4.219984180876153e-03,4.343766466966121e-01,9.004323809803733e-01
1609043869843958855,2261,1609043869843958855,-2.085892023128424e-01,-9.677621556412560e-01,-5.659547638786329e+00,2.140557070180361e-02,8.526568569883163e-03,4.297207123773442e-01,9.026678284536682e-01
1609043869933884621,2262,1609043869933884621,-1.661065179692559e-01,-9.688789057119747e-01,-5.669163383700122e+00,1.692846168219030e-02,1.866933257614964e-02,4.178934765086359e-01,9.081464229394740e-01
1609043870015989542,2263,1609043870015989542,-1.320673385013920e-01,-9.677102565923169e-01,-5.675332779282781e+00,1.280497793516787e-02,2.563278919788064e-02,4.098646816346049e-01,9.116961859120508e-01
1609043870118484020,2264,1609043870118484020,-1.014452006647850e-01,-9.609256751145782e-01,-5.674404525965911e+00,1.279573469172775e-02,2.397407163134993e-02,4.024968432845924e-01,9.150179256217071e-01
1609043870222334385,2265,1609043870222334385,-7.821536711669302e-02,-9.568255734791749e-01,-5.668967379181307e+00,1.602757811522831e-02,1.399199863863402e-02,3.954780830952265e-01,9.182289619180947e-01
1609043870325414658,2266,1609043870325414658,-5.961201988058469e-02,-9.469022164325894e-01,-5.666048306815723e+00,1.874396770573226e-02,6.492208392102761e-03,3.885769976425745e-01,9.212027094010974e-01
1609043870429189920,2267,1609043870429189920,-4.386448471293257e-02,-9.334769474763570e-01,-5.668818137149695e+00,1.280922156464047e-02,4.045765254808965e-05,3.816061497290938e-01,9.242362623783069e-01
1609043870550651073,2268,1609043870550651073,-2.200112791913314e-02,-9.135104647415201e-01,-5.670411004527947e+00,1.441860839673286e-03,-2.196846974860335e-03,3.726325487677734e-01,9.279752574823971e-01
1609043870653994322,2269,1609043870653994322,-2.303094098392548e-03,-8.962915977505516e-01,-5.684419866165530e+00,2.645405059534686e-03,9.190058537535422e-03,3.653033895170816e-01,9.308393944518458e-01
1609043870737682343,2270,1609043870737682343,1.149263444306177e-02,-8.819732003106399e-01,-5.694430064895609e+00,4.198773551698264e-03,2.033032886637817e-02,3.607464767184385e-01,9.324328541852649e-01
1609043870860141516,2271,1609043870860141516,1.980213537742902e-02,-8.655727072371763e-01,-5.701328395590396e+00,6.899779940387730e-03,3.112146750653890e-02,3.545447963397781e-01,9.344954974131223e-01
1609043870943870544,2272,1609043870943870544,2.140066757827690e-02,-8.545295514042159e-01,-5.712147908657322e+00,5.569035723399971e-03,3.410499130216513e-02,3.503141033543468e-01,9.359945856683310e-01
1609043871033580780,2273,1609043871033580780,2.144365185286686e-02,-8.430625080282972e-01,-5.718792832624861e+00,-1.176914355033302e-03,3.562331602105957e-02,3.448632322941301e-01,9.379759832958995e-01
1609043871115828991,2274,1609043871115828991,1.792100683809523e-02,-8.311988163485494e-01,-5.720080113581462e+00,-1.198518091422013e-02,2.896060731637963e-02,3.436603493183782e-01,9.385708300222685e-01
1609043871237596273,2275,1609043871237596273,3.145643858475652e-03,-8.198345240308140e-01,-5.718926103231676e+00,-2.514411816817705e-02,1.577959079572017e-02,3.433205586672072e-01,9.387490462484109e-01
1609043871322031736,2276,1609043871322031736,-9.929123659006682e-03,-8.177895794170976e-01,-5.714709789099320e+00,-3.284997785177785e-02,5.473374635180489e-03,3.432961287423155e-01,9.386366118556106e-01
1609043871425094366,2277,1609043871425094366,-2.613234863281766e-02,-8.197378704712209e-01,-5.707229654461567e+00,-3.814129243870116e-02,-4.600558727487939e-03,3.431037639886269e-01,9.385115256656879e-01
1609043871548236847,2278,1609043871548236847,-3.552988633533196e-02,-8.308170583150548e-01,-5.699254182182665e+00,-3.775823496774035e-02,-1.374551515707815e-02,3.432849159066456e-01,9.383713779821691e-01
1609043871650302410,2279,1609043871650302410,-3.633797713662445e-02,-8.471945725335392e-01,-5.697775103257489e+00,-3.678873961212306e-02,-1.804225960682064e-02,3.434170148158969e-01,9.382887718826063e-01
1609043871754101276,2280,1609043871754101276,-3.519273253881791e-02,-8.718608529201926e-01,-5.698686732775673e+00,-3.631116195061824e-02,-2.033375717532734e-02,3.430906695611426e-01,9.383798965754849e-01
1609043871837700605,2281,1609043871837700605,-2.882039993058096e-02,-8.932286869850854e-01,-5.697312587241623e+00,-3.569775300685304e-02,-2.087344845006154e-02,3.433021131131430e-01,9.383142483795688e-01
1609043871959429026,2282,1609043871959429026,-1.314124643994524e-02,-9.268211874570127e-01,-5.690414953349944e+00,-3.692398217210694e-02,-2.239263367997633e-02,3.431857399244812e-01,9.382743401638535e-01
1609043872063632965,2283,1609043872063632965,9.819194012468647e-03,-9.624232782581689e-01,-5.691308397715598e+00,-3.685277526331072e-02,-2.258821785178551e-02,3.433293376208925e-01,9.382199162768138e-01
1609043872113978386,2284,1609043872113978386,2.864784491648719e-02,-9.859633326322188e-01,-5.687269845058464e+00,-3.508819920252664e-02,-2.194987612178043e-02,3.433146496284502e-01,9.383080904295011e-01
1609043872215929270,2285,1609043872215929270,6.622580818470072e-02,-1.032992478849547e+00,-5.682268574618205e+00,-3.266247121238481e-02,-2.234964394143925e-02,3.432299233755287e-01,9.384172185598577e-01
1609043872319089174,2286,1609043872319089174,1.070204532321370e-01,-1.084239422240543e+00,-5.676648771727128e+00,-3.015960932554302e-02,-2.193224242956391e-02,3.433156774872651e-01,9.384794724972954e-01
1609043872422195435,2287,1609043872422195435,1.535085725363904e-01,-1.139225573696164e+00,-5.671482055783038e+00,-2.808194975484190e-02,-2.152260982684628e-02,3.432590219508114e-01,9.385741447608602e-01
1609043872545004368,2288,1609043872545004368,2.143278070824487e-01,-1.203292328836875e+00,-5.666987709362372e+00,-2.587950717421257e-02,-2.088645461779361e-02,3.434020282918046e-01,9.385995174125082e-01
1609043872628653049,2289,1609043872628653049,2.603424913893842e-01,-1.251482647880087e+00,-5.664564482718379e+00,-2.558116543067656e-02,-2.056435019294609e-02,3.432158410602487e-01,9.386829059494246e-01
1609043872731563568,2290,1609043872731563568,3.212863397835999e-01,-1.308980517760796e+00,-5.662117596656731e+00,-2.493360451978087e-02,-2.083329654844170e-02,3.430144346153338e-01,9.387680154149367e-01
1609043872835255384,2291,1609043872835255384,3.892008871209362e-01,-1.372728821925718e+00,-5.655751652987431e+00,-1.694259433733781e-02,-1.746461383050841e-02,3.430631163748202e-01,9.389971426708753e-01
1609043872937759876,2292,1609043872937759876,4.585154984971683e-01,-1.435279015774544e+00,-5.660060557308055e+00,3.992868822545390e-03,-9.366201789096291e-03,3.437258321697295e-01,9.390148473596351e-01
1609043873059362650,2293,1609043873059362650,5.394016853625270e-01,-1.503638065511667e+00,-5.655578288474373e+00,1.604853182341662e-02,-5.322040799285367e-03,3.440697547754986e-01,9.387918429325917e-01
1609043873143846512,2294,1609043873143846512,5.937607797163431e-01,-1.546542519519420e+00,-5.654177577366194e+00,1.983392239026639e-02,-3.608405536274806e-03,3.436850669938569e-01,9.388685582431285e-01
1609043873232922077,2295,1609043873232922077,6.637726430393960e-01,-1.598256216075563e+00,-5.646548904474808e+00,2.173574562673946e-02,-3.101823831601278e-03,3.434005292463823e-01,9.389323791223050e-01
1609043873334697008,2296,1609043873334697008,7.410471241824071e-01,-1.655865644619321e+00,-5.637810288759900e+00,1.980118155530884e-02,-3.418810494546882e-03,3.433160823349796e-01,9.390049480987721e-01
1609043873418998957,2297,1609043873418998957,7.995569307192245e-01,-1.695269154627583e+00,-5.629171963843066e+00,1.283955759865293e-02,-5.831180391507711e-03,3.432843556168997e-01,9.391256541510313e-01
1609043873541971445,2298,1609043873541971445,8.838081364512036e-01,-1.743840348057486e+00,-5.624333242709693e+00,9.321803950622171e-03,-7.075475597629608e-03,3.432010806711854e-01,9.391890437192632e-01
1609043873625189781,2299,1609043873625189781,9.372433585715471e-01,-1.771966700312195e+00,-5.618369837689989e+00,7.958898746077551e-03,-7.416303210659365e-03,3.433941812459209e-01,9.391283675110027e-01
1609043873728934050,2300,1609043873728934050,1.001359794441921e+00,-1.808206604070409e+00,-5.613986097571122e+00,5.933708788001059e-03,-8.834112124549251e-03,3.435796739592043e-01,9.390632338693050e-01
1609043873851179361,2301,1609043873851179361,1.078201572016178e+00,-1.845583832814011e+00,-5.604136910683661e+00,4.608045381823857e-03,-8.972944466770914e-03,3.435562850920162e-01,9.390779153824930e-01
1609043873953328609,2302,1609043873953328609,1.142359954669095e+00,-1.872065947459830e+00,-5.596989177490644e+00,6.796483851423520e-03,-8.395079824116173e-03,3.437476970136578e-01,9.389999207879682e-01
1609043874037592888,2303,1609043874037592888,1.197266213686213e+00,-1.894226139544399e+00,-5.592184470048212e+00,9.088953881060045e-03,-8.019944973294231e-03,3.434965857493749e-01,9.390756982152694e-01
1609043874140465021,2304,1609043874140465021,1.264140680083366e+00,-1.915696721131846e+00,-5.592659808316567e+00,9.908474489891194e-03,-4.570223995241895e-03,3.438148612536949e-01,9.389740552150624e-01
1609043874243597269,2305,1609043874243597269,1.330438174378466e+00,-1.934049723108203e+00,-5.588134155114129e+00,3.613353502245705e-03,-2.995546209993951e-03,3.436362555347806e-01,9.390911000863583e-01
1609043874333561420,2306,1609043874333561420,1.402707221331754e+00,-1.960055956225764e+00,-5.583610843245840e+00,2.464421339930029e-03,-6.270578891755235e-03,3.435448600993098e-01,9.391120995744690e-01
1609043874415699482,2307,1609043874415699482,1.465692675757833e+00,-1.979391979916537e+00,-5.577468881580337e+00,5.461529673583407e-03,-7.092443408764585e-03,3.436302945632960e-01,9.390623459592342e-01
1609043874538419724,2308,1609043874538419724,1.553943765992870e+00,-2.007358299433793e+00,-5.577868381165200e+00,1.089089356925199e-02,-6.661535736318720e-03,3.441103886283838e-01,9.388424004149576e-01
1609043874622325182,2309,1609043874622325182,1.608101127475476e+00,-2.020526638814121e+00,-5.579612888213084e+00,1.395247767050580e-02,-6.088105621505749e-03,3.442644543336834e-01,9.387493003028693e-01
1609043874744751930,2310,1609043874744751930,1.687334590123989e+00,-2.038637618775449e+00,-5.582653157901765e+00,1.492745870982794e-02,-5.150070834784016e-03,3.443251975275765e-01,9.387176391729616e-01
1609043874828268528,2311,1609043874828268528,1.737977612052512e+00,-2.040291895705015e+00,-5.588352135658107e+00,1.324641768860646e-02,-2.253067612138320e-04,3.441721254098505e-01,9.388130962796314e-01
1609043874950948715,2312,1609043874950948715,1.813016627091289e+00,-2.042906992596069e+00,-5.603379360777052e+00,1.016791123378679e-02,1.012763463789568e-02,3.443756514584542e-01,9.387222460772666e-01
1609043875034924984,2313,1609043875034924984,1.860599767340265e+00,-2.046543819763615e+00,-5.611232604039397e+00,7.902702997753258e-03,1.654870367274867e-02,3.444827026162236e-01,9.386135281841528e-01
1609043875156877518,2314,1609043875156877518,1.926524389392964e+00,-2.049370258452017e+00,-5.632134971166528e+00,4.654474195816785e-03,2.625300753887104e-02,3.446156611112092e-01,9.383651536486256e-01
1609043875260797262,2315,1609043875260797262,1.974960152491430e+00,-2.055543093214370e+00,-5.643527796314766e+00,3.421472744650414e-03,2.927745870516312e-02,3.446723074720219e-01,9.382601581640014e-01
1609043875363157749,2316,1609043875363157749,2.017376907605447e+00,-2.065341086653564e+00,-5.654178862005574e+00,4.542269767992158e-03,2.505456836226200e-02,3.447737209628804e-01,9.383404061016158e-01
1609043875433489323,2317,1609043875433489323,2.049879150070782e+00,-2.070620023623066e+00,-5.660587189525094e+00,5.527233228487177e-03,2.256703394174150e-02,3.447829275260033e-01,9.383948590857204e-01
1609043875535162687,2318,1609043875535162687,2.093142424467153e+00,-2.076692399476010e+00,-5.668761231655028e+00,1.020441554035424e-03,1.721416498265116e-02,3.448558558919414e-01,9.384972402090597e-01
1609043875638519526,2319,1609043875638519526,2.128028989504315e+00,-2.085478650726071e+00,-5.674640515183162e+00,-3.009651023362056e-03,9.344709264480231e-03,3.447245252331071e-01,9.386525555882159e-01
1609043875722117424,2320,1609043875722117424,2.151215197437283e+00,-2.092666105576888e+00,-5.676623093843603e+00,-6.477866262341844e-03,1.000928471124961e-02,3.443781482916237e-01,9.387553155362097e-01
1609043875825005531,2321,1609043875825005531,2.179732585327037e+00,-2.102212437907295e+00,-5.683044545165325e+00,-1.339129286286459e-02,1.665308519270294e-02,3.446601555017252e-01,9.384842701071511e-01
1609043875947654247,2322,1609043875947654247,2.207640270489324e+00,-2.115696247901436e+00,-5.699073639027582e+00,-2.594610568218950e-02,2.274975723082575e-02,3.440325489102289e-01,9.383234268823294e-01
1609043876031394720,2323,1609043876031394720,2.223756015391514e+00,-2.132514841808418e+00,-5.692791215100629e+00,-4.815175346281652e-02,3.522296331911818e-02,3.439116539329741e-01,9.371048638133100e-01
1609043876134719133,2324,1609043876134719133,2.239837576752746e+00,-2.165331553101022e+00,-5.697052784379239e+00,-6.649825647780315e-02,4.772886032464114e-02,3.436156595268973e-01,9.355363254868400e-01
1609043876256839991,2325,1609043876256839991,2.253858298419508e+00,-2.230335069916600e+00,-5.714226840135860e+00,-7.932534858430088e-02,5.505389331078158e-02,3.432498360394381e-01,9.342676853890447e-01
1609043876340614557,2326,1609043876340614557,2.261568713788053e+00,-2.288269760380158e+00,-5.711844267361868e+00,-8.111637512012000e-02,5.507125143022829e-02,3.431502672260530e-01,9.341494447121237e-01
1609043876443575382,2327,1609043876443575382,2.265691711302981e+00,-2.373530338096622e+00,-5.695880074938857e+00,-7.313753568181677e-02,4.483127118901877e-02,3.434619337485801e-01,9.352405883320364e-01
1609043876532950163,2328,1609043876532950163,2.268489008608946e+00,-2.464851517407237e+00,-5.670850933222360e+00,-5.505847342184927e-02,2.631442396250559e-02,3.441319361720310e-01,9.369361376862706e-01
1609043876635341883,2329,1609043876635341883,2.269332137040940e+00,-2.581132783859564e+00,-5.647181801241290e+00,-4.050900797626752e-02,1.024983592750963e-02,3.446244690092210e-01,9.378101814846916e-01
1609043876738085508,2330,1609043876738085508,2.267190201530196e+00,-2.702265885367782e+00,-5.622883148145555e+00,-1.112751676608713e-02,1.005115724462398e-03,3.453251072577975e-01,9.384166123904625e-01
1609043876821355581,2331,1609043876821355581,2.267074816808108e+00,-2.793024058213188e+00,-5.608912624105413e+00,3.587673779743597e-03,-1.704782196029571e-03,3.449966123681580e-01,9.385955251166549e-01
1609043876924904585,2332,1609043876924904585,2.267946868850820e+00,-2.908574051221919e+00,-5.588663754556409e+00,2.121003413595832e-02,-7.454816356496448e-03,3.454053213578827e-01,9.381842698226720e-01
1609043877027818918,2333,1609043877027818918,2.268017437551849e+00,-3.012716315196470e+00,-5.576329127650018e+00,4.051509602876627e-02,-1.513043254455920e-02,3.452994795612947e-01,9.374955287464007e-01
1609043877131194353,2334,1609043877131194353,2.268496820368673e+00,-3.107363272079835e+00,-5.570744384519133e+00,4.300487778983201e-02,-1.758440531631500e-02,3.449730681359654e-01,9.374619733284182e-01
1609043877234144449,2335,1609043877234144449,2.270588325835534e+00,-3.197559448444397e+00,-5.559405163483961e+00,3.902418186640779e-02,-1.622562961127700e-02,3.443566776676888e-01,9.378871577748822e-01
1609043877337330341,2336,1609043877337330341,2.272484908047722e+00,-3.277958198015275e+00,-5.555040988021532e+00,3.605187008420633e-02,-1.410214663922632e-02,3.443063336342164e-01,9.380589217863454e-01
1609043877440299511,2337,1609043877440299511,2.274992890285433e+00,-3.347103390553504e+00,-5.551163354748565e+00,2.926598977809287e-02,-1.209294454533575e-02,3.441422373948426e-01,9.383833880538400e-01
1609043877543240070,2338,1609043877543240070,2.275983605851165e+00,-3.413133108072633e+00,-5.544840647969372e+00,1.583399339496293e-02,-1.151380094548774e-02,3.445749210363615e-01,9.385546552192585e-01
1609043877633071899,2339,1609043877633071899,2.286158396792366e+00,-3.484319196691725e+00,-5.536759279178812e+00,-9.736570284912382e-04,-1.341822466567637e-02,3.441856616004749e-01,9.388052159992805e-01
1609043877715193748,2340,1609043877715193748,2.294151164907517e+00,-3.536514847096965e+00,-5.527848751363488e+00,-1.104785230078579e-02,-1.488274275154963e-02,3.445651313726988e-01,9.385794154837650e-01
1609043877818318129,2341,1609043877818318129,2.307043358843384e+00,-3.599248251323708e+00,-5.518482182389983e+00,-2.075111120449897e-02,-1.678469668471088e-02,3.443873116047093e-01,9.384482111159154e-01
1609043877920866966,2342,1609043877920866966,2.322781169698751e+00,-3.659403647227061e+00,-5.507903243322581e+00,-2.907768736371635e-02,-1.890306039131483e-02,3.444108737761640e-01,9.381781879953079e-01
1609043878024022579,2343,1609043878024022579,2.344024829235229e+00,-3.725674522122191e+00,-5.496115593628292e+00,-2.796430751644263e-02,-1.767295372228662e-02,3.443631835375786e-01,9.382535169322413e-01
1609043878127532721,2344,1609043878127532721,2.369153754258680e+00,-3.793227393694776e+00,-5.487266210680766e+00,-2.355914572078823e-02,-1.595108180341950e-02,3.446164136983951e-01,9.383123451451888e-01
1609043878231393814,2345,1609043878231393814,2.399102953242639e+00,-3.859990749761902e+00,-5.483909094143463e+00,-1.704310080056639e-02,-1.355449946868513e-02,3.449182198902200e-01,9.383801094689811e-01
1609043878333916187,2346,1609043878333916187,2.431123993898165e+00,-3.929955536904908e+00,-5.481684563119369e+00,-1.121559857078305e-02,-1.161379834596902e-02,3.451721592048231e-01,9.384005064718147e-01
1609043878437249660,2347,1609043878437249660,2.465196266833638e+00,-3.996171284503290e+00,-5.477632208885622e+00,-4.531732068454789e-03,-9.069292517066853e-03,3.452127244133854e-01,9.384697044874638e-01
1609043878559658051,2348,1609043878559658051,2.513239109591288e+00,-4.081930302910073e+00,-5.479855559725730e+00,9.335023447802005e-03,-3.423274994410387e-03,3.456033327319474e-01,9.383280209660758e-01
1609043878643260479,2349,1609043878643260479,2.542480106114598e+00,-4.136716559266748e+00,-5.492487922496102e+00,1.909857033472665e-02,1.003937119112663e-03,3.458562076066903e-01,9.380925969121323e-01
1609043878713420391,2350,1609043878713420391,2.569281139735049e+00,-4.187640800355149e+00,-5.496577728086295e+00,2.563910910203882e-02,3.377123957223089e-03,3.461196810141369e-01,9.378338858949934e-01
1609043878815247536,2351,1609043878815247536,2.607768404997427e+00,-4.257908161829305e+00,-5.507032456026042e+00,2.745843849129989e-02,3.755076868016694e-03,3.461825812208754e-01,9.377577267144146e-01
1609043878918387651,2352,1609043878918387651,2.642338326483391e+00,-4.314460249146712e+00,-5.516743946164334e+00,2.802020565006140e-02,4.813750337259684e-03,3.464516001223566e-01,9.376369151519567e-01
1609043879021437168,2353,1609043879021437168,2.672411947087850e+00,-4.363067333768237e+00,-5.528765619737000e+00,2.609116937347222e-02,3.477523649514069e-03,3.459290160564747e-01,9.378913975296880e-01
1609043879124532223,2354,1609043879124532223,2.697170944022878e+00,-4.408716072779755e+00,-5.533206578313164e+00,2.035350677200340e-02,-4.160698513423597e-03,3.456911300591817e-01,9.381183645725993e-01
1609043879247157574,2355,1609043879247157574,2.728364059310291e+00,-4.453954260220090e+00,-5.542833720027614e+00,1.785927258566162e-02,-7.540892974570139e-03,3.457917158647288e-01,9.381110118505079e-01
1609043879331157684,2356,1609043879331157684,2.751048855691199e+00,-4.480277144089391e+00,-5.551154372573319e+00,1.651550129257290e-02,-8.525045150903241e-03,3.455491953476640e-01,9.382165610437774e-01
1609043879452867031,2357,1609043879452867031,2.786767045099474e+00,-4.512989438504771e+00,-5.568694424172398e+00,1.639099990397093e-02,-7.818414894979048e-03,3.458548698045327e-01,9.381122622283368e-01
1609043879536558390,2358,1609043879536558390,2.807823314815633e+00,-4.531363158954690e+00,-5.578572344226069e+00,1.579524067329896e-02,-7.199337797564364e-03,3.454889790880064e-01,9.382622475811740e-01
1609043879659353256,2359,1609043879659353256,2.838044104452255e+00,-4.557976482263448e+00,-5.594470840751918e+00,1.496246701348150e-02,-6.179172792673045e-03,3.456187212367217e-01,9.382353872750494e-01
1609043879742809296,2360,1609043879742809296,2.859881245295239e+00,-4.570469780180195e+00,-5.599401704694606e+00,9.866478280311218e-03,-2.215317551313382e-03,3.456752285585847e-01,9.382997289435083e-01
1609043879813230276,2361,1609043879813230276,2.882277848424460e+00,-4.589143389451762e+00,-5.615148851843923e+00,6.610641687757214e-03,7.292723585363578e-03,3.458934025410871e-01,9.382221856669842e-01
1609043879915053844,2362,1609043879915053844,2.910780531470854e+00,-4.608563786931730e+00,-5.632149955484845e+00,7.377918651307836e-03,1.666415799824579e-02,3.459509743229798e-01,9.380755809206235e-01
1609043880018173933,2363,1609043880018173933,2.932953900697640e+00,-4.624181427024458e+00,-5.640095784352156e+00,6.562648410588230e-03,1.935520017368903e-02,3.459934271346335e-01,9.380143155899630e-01
1609043880121237040,2364,1609043880121237040,2.948442082642764e+00,-4.638219243793889e+00,-5.648887736118172e+00,9.320231649548738e-03,1.663125614521914e-02,3.459530497391667e-01,9.380581122602163e-01
1609043880244029284,2365,1609043880244029284,2.963221016652981e+00,-4.654386296268538e+00,-5.655010816219247e+00,1.109736513789580e-02,1.159263200450431e-02,3.462360497364855e-01,9.380101583848004e-01
1609043880327672005,2366,1609043880327672005,2.971433372779953e+00,-4.664121609259567e+00,-5.658165409157307e+00,1.447469015480077e-02,8.081942837103381e-03,3.461490338304797e-01,9.380330548137021e-01
1609043880431240797,2367,1609043880431240797,2.978646545544339e+00,-4.671685096336332e+00,-5.663363284808904e+00,1.494484465188746e-02,7.044821596010933e-03,3.460709110567178e-01,9.380628692296613e-01
1609043880534615040,2368,1609043880534615040,2.985502429926239e+00,-4.678316167604274e+00,-5.673430013237503e+00,1.241857934237067e-02,1.500859399501884e-02,3.459672477175686e-01,9.380443403699744e-01
1609043880636953592,2369,1609043880636953592,2.987741370422541e+00,-4.685423754851180e+00,-5.683918123685406e+00,1.115396983723271e-02,1.797154473245065e-02,3.463020474705244e-01,9.378845901572977e-01
1609043880760426998,2370,1609043880760426998,2.983321535528821e+00,-4.692520768961132e+00,-5.692333487901413e+00,1.207287746154540e-02,1.631986961219369e-02,3.463396813282215e-01,9.378895098161113e-01
1609043880843194962,2371,1609043880843194962,2.977847060223935e+00,-4.694557910208766e+00,-5.694962299239537e+00,1.366404514906986e-02,1.455043648934056e-02,3.465080005661221e-01,9.378346251934838e-01
1609043880913516998,2372,1609043880913516998,2.970858575568007e+00,-4.695296224957938e+00,-5.699010368046151e+00,1.534738782265238e-02,9.538502512799056e-03,3.462190474947406e-01,9.379796617244263e-01
1609043881015176535,2373,1609043881015176535,2.957401339779762e+00,-4.694275338925851e+00,-5.700880946192785e+00,1.917146105693019e-02,6.265424751641375e-04,3.460478542578244e-01,9.380207594126182e-01
1609043881118175983,2374,1609043881118175983,2.943024721126489e+00,-4.689305969249109e+00,-5.712096270150445e+00,2.038347019523563e-02,-5.345784705842150e-03,3.460835736576945e-01,9.379670019638207e-01
1609043881221080780,2375,1609043881221080780,2.931357485915228e+00,-4.680707875967542e+00,-5.723796878149759e+00,2.199026427793629e-02,-6.506688627847414e-03,3.459058168352926e-01,9.379889429836558e-01
1609043881324324369,2376,1609043881324324369,2.918660889313575e+00,-4.667196608513028e+00,-5.736861729155966e+00,2.047685703156851e-02,-7.641770656109517e-03,3.458129178784151e-01,9.380488939792876e-01
1609043881446802855,2377,1609043881446802855,2.905582633360335e+00,-4.646242601237675e+00,-5.756383622007747e+00,1.552424330598927e-02,-9.149416157426610e-03,3.458878755335943e-01,9.381028001304609e-01
1609043881550260067,2378,1609043881550260067,2.894921065356653e+00,-4.620718834165103e+00,-5.789278491876700e+00,4.883372218107383e-03,-1.090436775898302e-02,3.458473799792572e-01,9.382147074103239e-01
1609043881633543015,2379,1609043881633543015,2.888241774997897e+00,-4.604898507350762e+00,-5.813917023685368e+00,5.242980366352058e-05,-1.203403653088454e-02,3.456391504347726e-01,9.382903372105127e-01
1609043881736589432,2380,1609043881736589432,2.879989058865291e+00,-4.581746107642880e+00,-5.840252770083176e+00,-7.359480190847662e-03,-1.321397708043821e-02,3.456632627587561e-01,9.382367172734232e-01
1609043881839864969,2381,1609043881839864969,2.876525327688010e+00,-4.559097921776253e+00,-5.848041757969314e+00,-1.605014454147179e-02,-1.324930320855527e-02,3.450373759617450e-01,9.383581714964276e-01
1609043881942833424,2382,1609043881942833424,2.880780654922073e+00,-4.543742772299265e+00,-5.881278843472472e+00,-1.227361002280519e-02,-1.370518896083147e-02,3.454939661904754e-01,9.382406117934411e-01
1609043882012892723,2383,1609043882012892723,2.886347746043268e+00,-4.522616687805721e+00,-5.898683492322894e+00,-6.415768565654262e-03,-1.415612204427122e-02,3.455682722387235e-01,9.382648940167820e-01
1609043882115085840,2384,1609043882115085840,2.894123858326412e+00,-4.498026024914746e+00,-5.929711544123779e+00,-2.779325566106242e-03,-1.466845624087709e-02,3.457899592563368e-01,9.381931655146546e-01
1609043882218266249,2385,1609043882218266249,2.905649838259608e+00,-4.476692132101092e+00,-5.963731707692954e+00,1.385614265437301e-03,-1.448436680403457e-02,3.460405384255642e-01,9.381067257820611e-01
1609043882321403265,2386,1609043882321403265,2.918336520936610e+00,-4.452560026085596e+00,-6.000596827160301e+00,2.572055385263693e-03,-1.474142043405453e-02,3.463743717754030e-01,9.379770091168954e-01
1609043882424589634,2387,1609043882424589634,2.935351548472664e+00,-4.427972149697783e+00,-6.037456125155670e+00,1.461120517228426e-03,-1.521772962235239e-02,3.458529428238069e-01,9.381641795400674e-01
1609043882527738094,2388,1609043882527738094,2.957519637638481e+00,-4.402610470149557e+00,-6.072896097455611e+00,-2.048523782486604e-03,-1.070425207682345e-02,3.460986537314581e-01,9.381348220927846e-01
1609043882650450945,2389,1609043882650450945,2.986973668721817e+00,-4.379107216333972e+00,-6.119159387711323e+00,-7.236031457479122e-05,1.256683174169233e-02,3.470043321588671e-01,9.377793253036343e-01
1609043882733441830,2390,1609043882733441830,3.000224763271215e+00,-4.363659248005650e+00,-6.147058565411369e+00,1.612437644386873e-03,2.631505476413882e-02,3.472791989898392e-01,9.373911008146915e-01
1609043882836845875,2391,1609043882836845875,3.015826290027632e+00,-4.342610251850737e+00,-6.175587518394895e+00,1.906244757699162e-03,3.869799256857771e-02,3.476009180718388e-01,9.368417333561208e-01
1609043882939826488,2392,1609043882939826488,3.021536015614027e+00,-4.326215711550359e+00,-6.198024645562119e+00,1.961972829695021e-03,4.601338765767475e-02,3.476276901736520e-01,9.365008851268702e-01
1609043883042878866,2393,1609043883042878866,3.022594261898528e+00,-4.310160186705610e+00,-6.216936065877482e+00,2.165793535113839e-03,4.807387117474080e-02,3.479431112975869e-01,9.362797677773417e-01
1609043883132620811,2394,1609043883132620811,3.015648669755322e+00,-4.290553746601737e+00,-6.229024085220956e+00,2.719973572038267e-03,4.392396713538008e-02,3.478713556046084e-01,9.365088396831445e-01
1609043883234873772,2395,1609043883234873772,2.998137219690541e+00,-4.274758624121771e+00,-6.234112761112700e+00,-1.996495598678129e-03,3.225331236144573e-02,3.481047393775084e-01,9.368985154593621e-01
1609043883338115931,2396,1609043883338115931,2.975237660767917e+00,-4.262784851006158e+00,-6.245170410940142e+00,-1.163191032064717e-02,2.591908316022846e-02,3.476903333646447e-01,9.371789220182066e-01
1609043883421402931,2397,1609043883421402931,2.955071951609666e+00,-4.258168527077899e+00,-6.256819140064044e+00,-2.149811120901718e-02,2.108312968595042e-02,3.475993002561167e-01,9.371595698271176e-01
1609043883524375677,2398,1609043883524375677,2.929236747503946e+00,-4.260672375934348e+00,-6.254123502079742e+00,-3.274461352392426e-02,7.885559313094941e-03,3.473558263801038e-01,9.371283466629764e-01
1609043883627442598,2399,1609043883627442598,2.903790049820859e+00,-4.268139194066292e+00,-6.251775720301020e+00,-4.056637200338825e-02,-4.524523495160626e-03,3.472484650325329e-01,9.368844121246624e-01
1609043883730896950,2400,1609043883730896950,2.883797499107663e+00,-4.278422642843090e+00,-6.250540633879615e+00,-4.317243001445620e-02,-1.251534614126672e-02,3.474118045016563e-01,9.366346915903309e-01
1609043883834295034,2401,1609043883834295034,2.869506108202629e+00,-4.300915271956226e+00,-6.248432147691847e+00,-3.991806052682262e-02,-1.348616544438063e-02,3.472785981552502e-01,9.368149481347466e-01
1609043883937080622,2402,1609043883937080622,2.857069184648091e+00,-4.327367278603999e+00,-6.243717578520040e+00,-3.620512687161222e-02,-1.405053674926612e-02,3.472278878261600e-01,9.369762884518752e-01
1609043884058787823,2403,1609043884058787823,2.851313008747947e+00,-4.362127872492218e+00,-6.247230630922395e+00,-3.444824209352358e-02,-1.347175142387938e-02,3.478573981987849e-01,9.368175174753145e-01
1609043884162948132,2404,1609043884162948132,2.851331944110239e+00,-4.397381643120655e+00,-6.250370274825618e+00,-3.395271599875144e-02,-1.282525667774534e-02,3.482063679789025e-01,9.367150319955366e-01
1609043884213347673,2405,1609043884213347673,2.854696084064501e+00,-4.421745374266339e+00,-6.250278185238151e+00,-3.262318037750628e-02,-1.291949104536420e-02,3.480049104348352e-01,9.368358432331824e-01
1609043884334718704,2406,1609043884334718704,2.866213977275629e+00,-4.480203067398310e+00,-6.247750440610808e+00,-3.244959379619618e-02,-1.675302286429429e-02,3.479794460012502e-01,9.367906197481021e-01
1609043884437862635,2407,1609043884437862635,2.882545625060183e+00,-4.532039119788791e+00,-6.243532061533850e+00,-3.543194898610619e-02,-2.382504544240753e-02,3.476211858555496e-01,9.366624020131771e-01
1609043884541356564,2408,1609043884541356564,2.907596527145271e+00,-4.591012842748933e+00,-6.243562781913123e+00,-3.063267574797394e-02,-2.447010634294766e-02,3.478095131812252e-01,9.367451070663372e-01
1609043884644321442,2409,1609043884644321442,2.938736888434792e+00,-4.646943719946300e+00,-6.239749361439180e+00,-1.851110417376769e-02,-2.099414729489649e-02,3.481508326063881e-01,9.370205881180557e-01
1609043884746958494,2410,1609043884746958494,2.972725109919607e+00,-4.705037087323946e+00,-6.243516545496010e+00,-1.023739790736474e-03,-1.449450036590225e-02,3.490686666679679e-01,9.369844861931445e-01
1609043884850228310,2411,1609043884850228310,3.006485087972929e+00,-4.757694087641760e+00,-6.263006735288355e+00,1.428435228145652e-02,-8.703230812716739e-03,3.493535864368114e-01,9.368416529473149e-01
1609043884934700966,2412,1609043884934700966,3.033765590689373e+00,-4.797810231470695e+00,-6.274266350160425e+00,2.014683092792958e-02,-6.559520409199911e-03,3.495002082894412e-01,9.366966863938401e-01
1609043885036897898,2413,1609043885036897898,3.068980296924857e+00,-4.843297551624230e+00,-6.285317800741139e+00,2.309221117869500e-02,-5.000408581298633e-03,3.495004249557366e-01,9.366382432148809e-01
1609043885140039682,2414,1609043885140039682,3.106678695986349e+00,-4.886960696823336e+00,-6.296731117770347e+00,2.264398821392152e-02,-4.725712534772287e-03,3.494784318444175e-01,9.366588189486998e-01
1609043885242962837,2415,1609043885242962837,3.143221202167531e+00,-4.924001811001488e+00,-6.309956472928371e+00,2.014544404477280e-02,-5.859146489190141e-03,3.491362377380708e-01,9.368370824133524e-01
1609043885313138485,2416,1609043885313138485,3.174599315600559e+00,-4.951567968796644e+00,-6.325822383755295e+00,1.873363551385120e-02,-5.935462717540515e-03,3.492629751364199e-01,9.368186566148325e-01
1609043885414960623,2417,1609043885414960623,3.215436401701123e+00,-4.989398083713130e+00,-6.344467650347339e+00,1.692729119495129e-02,-4.687520004320236e-03,3.491708461538421e-01,9.368944519876400e-01
1609043885537554979,2418,1609043885537554979,3.261573475719528e+00,-5.025442078963358e+00,-6.380051454353491e+00,1.270500301020090e-02,4.415410023801687e-03,3.496025885723986e-01,9.368015356073616e-01
1609043885641283274,2419,1609043885641283274,3.296117541264567e+00,-5.050555682953893e+00,-6.407463114913980e+00,9.912593378403613e-03,1.000442686503185e-02,3.495765212905644e-01,9.368019575652072e-01
1609043885724463940,2420,1609043885724463940,3.320687798038594e+00,-5.070039366554600e+00,-6.428581971474227e+00,9.603716967048738e-03,1.264968714974464e-02,3.498677997217461e-01,9.366644419178592e-01
1609043885827355862,2421,1609043885827355862,3.346203050411153e+00,-5.091802138787842e+00,-6.456864645661433e+00,1.026702711687725e-02,1.304584116209740e-02,3.497097935619262e-01,9.367109770198221e-01
1609043885930578947,2422,1609043885930578947,3.368413752470948e+00,-5.106029235351925e+00,-6.493579681523769e+00,9.386039430755036e-03,1.569131235041964e-02,3.494623984117072e-01,9.367719664234531e-01
1609043886033816576,2423,1609043886033816576,3.388575821183156e+00,-5.127164097171314e+00,-6.528634227448228e+00,8.260019631525025e-03,2.182122220692840e-02,3.496968033246610e-01,9.365723421506724e-01
1609043886136864424,2424,1609043886136864424,3.398002614234914e+00,-5.147913423222026e+00,-6.556368684622498e+00,1.114064222464731e-02,1.378954485659245e-02,3.498025715011269e-01,9.366556974228414e-01
1609043886239882469,2425,1609043886239882469,3.414797325716176e+00,-5.163475518726033e+00,-6.583425553091611e+00,1.596159387996513e-02,8.196614440611307e-04,3.498208179862705e-01,9.366802821557336e-01
1609043886362520218,2426,1609043886362520218,3.429464364205721e+00,-5.178053649958045e+00,-6.612636401426753e+00,1.793704799556523e-02,-7.498772056846935e-03,3.501636737488774e-01,9.364867496732316e-01
1609043886432826757,2427,1609043886432826757,3.440353171615019e+00,-5.182635008146776e+00,-6.627091624853921e+00,1.863070679781961e-02,-6.864122607888190e-03,3.500209877997063e-01,9.365314136134225e-01
1609043886535096169,2428,1609043886535096169,3.453578590961413e+00,-5.190459768922352e+00,-6.643288491691389e+00,1.892541138553845e-02,-7.681223978881155e-03,3.502018407566919e-01,9.364515461745466e-01
1609043886637136936,2429,1609043886637136936,3.462756880130398e+00,-5.191257204516967e+00,-6.654565016890069e+00,1.965334834128857e-02,-9.221072328324299e-03,3.498924689249302e-01,9.365382949531260e-01
1609043886721065283,2430,1609043886721065283,3.470954456700637e+00,-5.187914295490243e+00,-6.663985892163067e+00,1.979468233801300e-02,-8.110517837477382e-03,3.501237262831872e-01,9.364591642699222e-01
1609043886823874474,2431,1609043886823874474,3.481865159376743e+00,-5.178604026308596e+00,-6.683944857043482e+00,1.582408692819772e-02,2.646858334947496e-03,3.500359078797861e-01,9.365988765787718e-01
1609043886927087784,2432,1609043886927087784,3.492725423532065e+00,-5.167782289604289e+00,-6.714687931651504e+00,5.538852761906981e-03,2.829007276255424e-02,3.501047477242592e-01,9.362668735537449e-01
1609043887030107498,2433,1609043887030107498,3.491517940165588e+00,-5.166889857083319e+00,-6.735163280450881e+00,3.321984599049776e-03,3.500782989352577e-02,3.504747568232918e-01,9.359117806150984e-01
1609043887134482861,2434,1609043887134482861,3.487594598934673e+00,-5.167855186691722e+00,-6.745890804045342e+00,8.145262104997445e-03,2.253735709019494e-02,3.506497973916778e-01,9.362000009772513e-01
1609043887236490488,2435,1609043887236490488,3.482364384585384e+00,-5.159358837310860e+00,-6.752738277718831e+00,1.523277368793111e-02,4.941730731787325e-03,3.504739749463924e-01,9.364355475890598e-01
1609043887339579821,2436,1609043887339579821,3.477967733507393e+00,-5.144559238416833e+00,-6.755728972396445e+00,1.933444891845809e-02,-5.652856745506555e-03,3.502807821618159e-01,9.364281061265413e-01
1609043887442446947,2437,1609043887442446947,3.471831719252809e+00,-5.131242419736664e+00,-6.762804348970915e+00,2.086182495217328e-02,-1.110332955686927e-02,3.503870873919844e-01,9.363067816273565e-01
1609043887512722254,2438,1609043887512722254,3.466577489016459e+00,-5.114046221562686e+00,-6.767749706963333e+00,2.026983533222018e-02,-1.291553222634149e-02,3.503974594441226e-01,9.362926589576678e-01
1609043887614118338,2439,1609043887614118338,3.458684712994272e+00,-5.087266527336182e+00,-6.777276104305132e+00,2.110067481311820e-02,-1.241098265921507e-02,3.549192312511374e-01,9.345764111724442e-01
1609043887717092514,2440,1609043887717092514,3.449137212484766e+00,-5.054118530754787e+00,-6.781845246642404e+00,2.112531403450996e-02,-1.167331751834715e-02,3.647880458990179e-01,9.307777051123620e-01
1609043887840069056,2441,1609043887840069056,3.437423565691469e+00,-5.010175856074794e+00,-6.789839658166994e+00,2.087711095389365e-02,-1.132039550735273e-02,3.785565350747653e-01,9.252734431701604e-01
1609043887923139572,2442,1609043887923139572,3.429612926628017e+00,-4.974348430771925e+00,-6.799069537210299e+00,2.067815389405820e-02,-1.116778672498848e-02,3.894272697098820e-01,9.207573491954901e-01
1609043888046491146,2443,1609043888046491146,3.421050612346464e+00,-4.920622425745399e+00,-6.809033709012545e+00,2.073903469502314e-02,-1.060762926561703e-02,4.037435767248128e-01,9.145755818382301e-01
1609043888130045414,2444,1609043888130045414,3.418785630005568e+00,-4.882185248131097e+00,-6.814262400409318e+00,2.016738089092391e-02,-1.025761699176006e-02,4.100341477387401e-01,9.117894799403071e-01
1609043888233713150,2445,1609043888233713150,3.417697403819024e+00,-4.831137849376082e+00,-6.819864898597753e+00,1.633170022383927e-02,-3.124564129810671e-03,4.143292043954369e-01,9.099751771624551e-01
1609043888356809616,2446,1609043888356809616,3.413690147125089e+00,-4.769112930339160e+00,-6.821019696145604e+00,3.822241809763372e-03,2.300583256609364e-02,4.166991078545143e-01,9.087452754478235e-01
1609043888459642410,2447,1609043888459642410,3.400344352339062e+00,-4.726684954433716e+00,-6.830210405728628e+00,-6.961858269795568e-04,3.325496065903899e-02,4.177736954827424e-01,9.079420478640434e-01
1609043888543210030,2448,1609043888543210030,3.388466810596321e+00,-4.692008684182266e+00,-6.834199973207678e+00,-1.011242826791983e-03,3.718862703326416e-02,4.177238193971520e-01,9.078120918535849e-01
1609043888633050442,2449,1609043888633050442,3.368857708908522e+00,-4.648275070162695e+00,-6.835291556020642e+00,-1.178769984517798e-03,3.827077286171608e-02,4.176989343973382e-01,9.077783642768860e-01
1609043888714995384,2450,1609043888714995384,3.347148596098151e+00,-4.608767938047444e+00,-6.835110620528203e+00,-3.767772601380679e-04,3.717395320997016e-02,4.177695344073609e-01,9.077921410558125e-01
1609043888818202257,2451,1609043888818202257,3.315456965474201e+00,-4.566924911720454e+00,-6.833768188494354e+00,1.877108638396247e-03,3.380671443785774e-02,4.178499279400307e-01,9.078849157479091e-01
1609043888940653086,2452,1609043888940653086,3.273353131566255e+00,-4.521821308257557e+00,-6.847353316653650e+00,-6.634427643090069e-03,4.892587743670612e-02,4.178830587341601e-01,9.071581957464087e-01
1609043889043957949,2453,1609043889043957949,3.228606284630480e+00,-4.493761446019881e+00,-6.864706937287117e+00,-2.013683347179380e-02,7.197297126504072e-02,4.178523359885434e-01,9.054357098402560e-01
1609043889126851797,2454,1609043889126851797,3.182559278290678e+00,-4.478422149960032e+00,-6.872075747668617e+00,-2.928326743931905e-02,8.398842842156400e-02,4.176282907956264e-01,9.042538608524029e-01
1609043889250113010,2455,1609043889250113010,3.098583428901760e+00,-4.472473450781215e+00,-6.867487854026623e+00,-3.171742415999625e-02,8.700486227113967e-02,4.178658420005135e-01,9.037766853792130e-01
1609043889333565474,2456,1609043889333565474,3.032419621958113e+00,-4.482793319348397e+00,-6.865043910490302e+00,-2.723967688964184e-02,7.884990273826893e-02,4.181506761420292e-01,9.045389460289023e-01
1609043889456391811,2457,1609043889456391811,2.925378455660713e+00,-4.504630120037742e+00,-6.850490685047587e+00,-1.590442076363406e-02,5.308566653801960e-02,4.187152659711740e-01,9.064251140889007e-01
1609043889559423208,2458,1609043889559423208,2.831103022780161e+00,-4.528299424976330e+00,-6.833699498845200e+00,-6.283049953692969e-04,2.043241733262092e-02,4.188447701911605e-01,9.078277259691359e-01
1609043889642848015,2459,1609043889642848015,2.753215903660708e+00,-4.541001706319356e+00,-6.821663010745125e+00,1.102868314037342e-02,-5.329290587259546e-03,4.183108926403081e-01,9.082213187921182e-01
1609043889713145733,2460,1609043889713145733,2.674800223313710e+00,-4.548338819276984e+00,-6.801429553102734e+00,2.067279940710382e-02,-2.597596762172483e-02,4.173473349180417e-01,9.081404552752821e-01
1609043889814759493,2461,1609043889814759493,2.570536191403736e+00,-4.559324920116183e+00,-6.794548333542501e+00,2.390235150127770e-02,-3.763700571172084e-02,4.169011500695485e-01,9.078576785292136e-01
1609043889937387705,2462,1609043889937387705,2.456474098448987e+00,-4.570871901111063e+00,-6.767338600348258e+00,3.292955796616572e-02,-5.514746135803072e-02,4.164227060748880e-01,9.068994054376620e-01
1609043890021068811,2463,1609043890021068811,2.389226929712692e+00,-4.571349839987904e+00,-6.752796556589645e+00,3.537414649080971e-02,-6.051902493067914e-02,4.162523956008531e-01,9.065429170966135e-01
1609043890124107599,2464,1609043890124107599,2.322078710530504e+00,-4.551521207028356e+00,-6.745177834221967e+00,3.052956940002313e-02,-5.418583807021739e-02,4.166671437214540e-01,9.069290665139598e-01
1609043890246664524,2465,1609043890246664524,2.254032676965948e+00,-4.525042417432983e+00,-6.749156735894503e+00,1.365199991951570e-02,-3.507552719362546e-02,4.178098516910312e-01,9.077545142384065e-01
1609043890350211143,2466,1609043890350211143,2.201998580848509e+00,-4.500922827228020e+00,-6.753573643936118e+00,9.624191312809553e-03,-1.974670469730839e-02,4.180939092920755e-01,9.081381643825137e-01
1609043890434053421,2467,1609043890434053421,2.160226106337493e+00,-4.474854478049216e+00,-6.759362229386179e+00,4.581211160433237e-03,-3.993935636632254e-03,4.183541389843287e-01,9.082636596149353e-01
1609043890536465645,2468,1609043890536465645,2.109958893955591e+00,-4.442563455300048e+00,-6.762914813710536e+00,-8.201123996329560e-03,2.108097693569221e-02,4.187047702403412e-01,9.078406519619050e-01
1609043890659190178,2469,1609043890659190178,2.039074130691413e+00,-4.412804396532917e+00,-6.763769676232982e+00,-1.613163886878166e-02,3.142211486165386e-02,4.188732512246612e-01,9.073574931268877e-01
1609043890742455482,2470,1609043890742455482,1.990349141492225e+00,-4.397678638616273e+00,-6.758073356959921e+00,-1.936086036147455e-02,2.748678275059913e-02,4.187198072475583e-01,9.074928963240718e-01
1609043890813284636,2471,1609043890813284636,1.943559423520604e+00,-4.382004208759612e+00,-6.749022246301263e+00,-2.734247544787358e-02,1.886670125600897e-02,4.183108224503217e-01,9.076962556059347e-01
1609043890915164471,2472,1609043890915164471,1.879974583466358e+00,-4.364983877250643e+00,-6.743312456585567e+00,-3.914947652433238e-02,6.796447484469361e-03,4.176473165021450e-01,9.077399659638319e-01
1609043891018373728,2473,1609043891018373728,1.822095677324478e+00,-4.355633812099378e+00,-6.731879144550796e+00,-4.790730078848990e-02,-6.847257923194625e-03,4.167451283943848e-01,9.077342692383285e-01
1609043891121482372,2474,1609043891121482372,1.773903485066137e+00,-4.356755331456903e+00,-6.721432645091847e+00,-4.972847865266328e-02,-1.808259963031813e-02,4.169073642926611e-01,9.074074870751551e-01
1609043891224858522,2475,1609043891224858522,1.732788329729274e+00,-4.368739697007070e+00,-6.712052276889260e+00,-3.858856799004847e-02,-2.004401662747304e-02,4.171240021771678e-01,9.078087500270181e-01
1609043891327469826,2476,1609043891327469826,1.699329443911400e+00,-4.383269161777297e+00,-6.700783232231473e+00,-2.367887930038945e-02,-1.784915908625592e-02,4.175981281733561e-01,9.081478522471439e-01
1609043891430534601,2477,1609043891430534601,1.668022806239975e+00,-4.403474431392334e+00,-6.693145329422866e+00,-2.545793369407328e-03,-1.173207639756054e-02,4.187377661682361e-01,9.080278412603645e-01
1609043891534973621,2478,1609043891534973621,1.636722811642520e+00,-4.414856839442217e+00,-6.691878708871249e+00,1.473460891363812e-02,-9.182348024202062e-03,4.219982767386842e-01,9.064303780293914e-01
1609043891636748791,2479,1609043891636748791,1.604697013418696e+00,-4.421889229731238e+00,-6.693559072025507e+00,2.357895276137101e-02,-7.207754439316896e-03,4.281804861697986e-01,9.033568245859520e-01
1609043891739820004,2480,1609043891739820004,1.569908799924022e+00,-4.422546932647935e+00,-6.698376586006378e+00,2.715932169371259e-02,-5.669608411053433e-03,4.356303080557568e-01,8.996979834860414e-01
1609043891842468977,2481,1609043891842468977,1.540023823313156e+00,-4.421644531114410e+00,-6.701766517793734e+00,2.492025640092648e-02,-5.987856698215164e-03,4.440394484498126e-01,8.956406057194257e-01
1609043891913468599,2482,1609043891913468599,1.516249657739607e+00,-4.415450068650685e+00,-6.700453923281724e+00,2.125869762279754e-02,-5.769609919713303e-03,4.516654743234452e-01,8.919153988360858e-01
1609043892034208298,2483,1609043892034208298,1.479096798523841e+00,-4.405020976669589e+00,-6.705177006851052e+00,1.593019667815395e-02,-7.756844927706520e-03,4.607412262031587e-01,8.873576407894240e-01
1609043892137666225,2484,1609043892137666225,1.446767755692067e+00,-4.390989439620580e+00,-6.704261854346759e+00,1.168181519906109e-02,-8.658174691844470e-03,4.680612003938089e-01,8.835764165540901e-01
1609043892221609592,2485,1609043892221609592,1.420187938612512e+00,-4.375882322815868e+00,-6.710691089470347e+00,8.927887911126279e-03,-1.029462513613266e-02,4.739528317380990e-01,8.804447891822575e-01
1609043892324461937,2486,1609043892324461937,1.391520768934594e+00,-4.357109146993609e+00,-6.712979494044701e+00,5.250703286550295e-03,-1.154067905006431e-02,4.808305910084431e-01,8.767218404902043e-01
1609043892427595139,2487,1609043892427595139,1.364328912996402e+00,-4.334482699187501e+00,-6.711051834417240e+00,4.252776334124363e-03,-1.158803544433935e-02,4.875504267959896e-01,8.730075673549692e-01
1609043892530591488,2488,1609043892530591488,1.341097244397519e+00,-4.311419631011523e+00,-6.727824999579417e+00,1.519642827155775e-02,-8.527732709914868e-03,4.941025614569985e-01,8.692289716203946e-01
1609043892633870363,2489,1609043892633870363,1.315601791720984e+00,-4.282607356392984e+00,-6.735048664839327e+00,1.893532517040576e-02,-8.249641536247288e-03,5.001029399980568e-01,8.657196118146536e-01
1609043892736693859,2490,1609043892736693859,1.291070676291306e+00,-4.249482921174423e+00,-6.733209642065749e+00,2.054168890150787e-02,-8.299083809317938e-03,5.059057477913119e-01,8.623042030378335e-01
1609043892839846849,2491,1609043892839846849,1.268535013667442e+00,-4.213375481123050e+00,-6.735833769099961e+00,2.131466995699918e-02,-7.325317354225952e-03,5.114959860970555e-01,8.589900353187370e-01
1609043892962440729,2492,1609043892962440729,1.240114199764719e+00,-4.165839504146076e+00,-6.741844617183363e+00,2.173113785567329e-02,-5.807412495038966e-03,5.177991185547768e-01,8.552064688901193e-01
1609043893013248920,2493,1609043893013248920,1.224885106882281e+00,-4.138813410344675e+00,-6.742953236310171e+00,2.100808674733233e-02,-5.230932143601733e-03,5.222142443572920e-01,8.525394891912446e-01
1609043893115049362,2494,1609043893115049362,1.197610956109387e+00,-4.086849796678301e+00,-6.750891440970840e+00,1.212732317530511e-02,-6.249126794948551e-03,5.281741201240846e-01,8.490264867941703e-01
1609043893218424559,2495,1609043893218424559,1.169778037398672e+00,-4.031657631661729e+00,-6.757000752160653e+00,1.727650220489638e-03,-5.844683821965332e-03,5.330277440059461e-01,8.460758116242708e-01
1609043893340928555,2496,1609043893340928555,1.141804366768232e+00,-3.965079228571578e+00,-6.771567245130611e+00,-1.642146066209281e-02,4.367772222238431e-03,5.369886890955460e-01,8.434182864860027e-01
1609043893444330215,2497,1609043893444330215,1.123428639746902e+00,-3.915876762250528e+00,-6.788740141145948e+00,-3.628643340119696e-02,2.522128599283900e-02,5.366389904865430e-01,8.426540069171167e-01
1609043893547059059,2498,1609043893547059059,1.106449143062246e+00,-3.884403006324596e+00,-6.796916612814641e+00,-4.919476713722698e-02,3.965171319343745e-02,5.358900962341228e-01,8.419200801057795e-01
1609043893650825024,2499,1609043893650825024,1.085288945347624e+00,-3.858476030150035e+00,-6.793438162368704e+00,-5.680070341823869e-02,4.054067528575447e-02,5.354911615766987e-01,8.416527488292344e-01
1609043893734252214,2500,1609043893734252214,1.069415160369904e+00,-3.849049835784715e+00,-6.793018013321265e+00,-6.328871948134214e-02,3.712887618859349e-02,5.353275847424868e-01,8.414513423562647e-01
1609043893857010365,2501,1609043893857010365,1.049065190294378e+00,-3.851478437470330e+00,-6.774784951432759e+00,-6.046719827623782e-02,2.577955887072203e-02,5.357993979992912e-01,8.417827138761228e-01
1609043893940371275,2502,1609043893940371275,1.036849386705560e+00,-3.864103880032975e+00,-6.757097476133526e+00,-4.882016486335050e-02,1.223485734887322e-02,5.362827711361338e-01,8.425364616151144e-01
1609043894043022156,2503,1609043894043022156,1.026033913368710e+00,-3.884895110119527e+00,-6.743862251068951e+00,-2.579354031364810e-02,7.737565808270111e-04,5.374164793722592e-01,8.429220736687159e-01
1609043894113476038,2504,1609043894113476038,1.014775998555139e+00,-3.892942118762599e+00,-6.730363833927470e+00,-1.812488066042213e-03,-1.194037936774882e-02,5.376615454202072e-01,8.430742581789099e-01
1609043894234436512,2505,1609043894234436512,9.961005497815525e-01,-3.915994695877393e+00,-6.713956910592977e+00,1.449086528923695e-02,-2.083445256297696e-02,5.405144825082434e-01,8.409518622420763e-01
1609043894337150812,2506,1609043894337150812,9.830116705569494e-01,-3.928135772444627e+00,-6.706254100218203e+00,1.926729938143106e-02,-2.381752727665463e-02,5.474836229232601e-01,8.362554509238154e-01
1609043894440309525,2507,1609043894440309525,9.726920579695425e-01,-3.933842315837818e+00,-6.703628638873669e+00,1.944520882985973e-02,-2.349825967290272e-02,5.561284219508161e-01,8.305365096998464e-01
1609043894543962002,2508,1609043894543962002,9.677428439948169e-01,-3.932533582931753e+00,-6.701361218500009e+00,1.641658248073625e-02,-2.155303540127369e-02,5.648722635875169e-01,8.247334650140974e-01
1609043894627254725,2509,1609043894627254725,9.664171826019573e-01,-3.929981589488080e+00,-6.711378146727177e+00,1.020700851382920e-02,-1.198454347964309e-02,5.720850030261183e-01,8.200432531320463e-01
1609043894730568886,2510,1609043894730568886,9.636961458253657e-01,-3.924502526536828e+00,-6.716943884975888e+00,6.219057288750892e-03,-7.163359838187081e-03,5.812992860618759e-01,8.136345307484322e-01
1609043894833953381,2511,1609043894833953381,9.601192031237462e-01,-3.916251267663581e+00,-6.717348016332035e+00,4.230610126888633e-03,-4.831232794655323e-03,5.900537704702863e-01,8.073384105079089e-01
1609043894937270164,2512,1609043894937270164,9.549293600338243e-01,-3.906565849631241e+00,-6.722574527164319e+00,3.156119491973314e-03,-4.089385524083904e-03,5.985365337883949e-01,8.010788560162859e-01
1609043895040071964,2513,1609043895040071964,9.501246041909138e-01,-3.893156064533062e+00,-6.725150629619366e+00,3.025055271046107e-03,-4.229844943506149e-03,6.067777163565368e-01,7.948545529752644e-01
1609043895143073797,2514,1609043895143073797,9.507128389655697e-01,-3.880452196774166e+00,-6.727781442366869e+00,2.988283248153911e-03,-4.871170627066822e-03,6.148693867455286e-01,7.886082545238342e-01
1609043895213314056,2515,1609043895213314056,9.504711530222801e-01,-3.864120324167664e+00,-6.726047923750737e+00,3.731870369848823e-03,-5.068467614957945e-03,6.223104692774588e-01,7.827452098909630e-01
1609043895315033197,2516,1609043895315033197,9.513539542497381e-01,-3.843413137101227e+00,-6.722844015851522e+00,4.001010949616367e-03,-5.633699204480404e-03,6.291098536054496e-01,7.772856910050411e-01
1609043895418210983,2517,1609043895418210983,9.509955837088807e-01,-3.820483482036882e+00,-6.718292392544180e+00,4.367145217370798e-03,-5.989660153996411e-03,6.355501879109793e-01,7.720239702627174e-01
1609043895537977934,2518,1609043895537977934,9.537543660825246e-01,-3.793583911656528e+00,-6.710871176921916e+00,4.741439393763250e-03,-6.738651492955100e-03,6.435197640045048e-01,7.653851466184317e-01
1609043895624142885,2519,1609043895624142885,9.556474495603280e-01,-3.774207891369173e+00,-6.709661325990984e+00,4.894360472853533e-03,-7.023568683782742e-03,6.485631403484846e-01,7.611127168165158e-01
1609043895727230549,2520,1609043895727230549,9.550379475211253e-01,-3.744286166871297e+00,-6.705804150290474e+00,1.235596933112127e-03,-2.951970581352744e-03,6.547345401146096e-01,7.558521291567660e-01
1609043895830414534,2521,1609043895830414534,9.593451986067921e-01,-3.716716662501320e+00,-6.716674850401578e+00,-9.097622120728137e-03,9.483323137236255e-03,6.603954094394708e-01,7.508030387826737e-01
1609043895951758385,2522,1609043895951758385,9.649104161782729e-01,-3.690504978701623e+00,-6.727596001305516e+00,-1.837502509320795e-02,1.834468269128739e-02,6.663645938344039e-01,7.451738449205594e-01
1609043896054916382,2523,1609043896054916382,9.676475512342768e-01,-3.675690235301459e+00,-6.722943698013260e+00,-1.651462634244404e-02,1.477479514944093e-02,6.713569564736872e-01,7.408028142086456e-01
1609043896157852888,2524,1609043896157852888,9.694728511662130e-01,-3.664554642716003e+00,-6.719971250234535e+00,-1.097107586018127e-02,8.631601250860592e-03,6.764054853472652e-01,7.363971417288683e-01
1609043896260580540,2525,1609043896260580540,9.714388924620195e-01,-3.651652022543298e+00,-6.715483222849276e+00,-3.857027590688174e-03,4.868137878905283e-04,6.814308906551563e-01,7.318721388408095e-01
1609043896330801010,2526,1609043896330801010,9.730467291134283e-01,-3.634566065025375e+00,-6.704977883711582e+00,2.325368057473667e-03,-5.031340979765011e-03,6.864089465931191e-01,7.271946344055815e-01
1609043896432179213,2527,1609043896432179213,9.761744220059241e-01,-3.614666268662569e+00,-6.701278836966634e+00,5.893305178648192e-03,-8.405562565967648e-03,6.929497180149290e-01,7.209128267516478e-01
1609043896518234491,2528,1609043896518234491,9.783842533823898e-01,-3.599055874038313e+00,-6.696356872035691e+00,6.468410875000943e-03,-8.752351589216764e-03,6.974957685352308e-01,7.165062518065414e-01
1609043896638865709,2529,1609043896638865709,9.798151370042693e-01,-3.572943964153368e+00,-6.691423539180611e+00,6.016817569458302e-03,-8.269217775231085e-03,7.037985051015010e-01,7.103260393372992e-01
1609043896742650747,2530,1609043896742650747,9.815734001521681e-01,-3.548922725612015e+00,-6.689417213077547e+00,4.568751205418106e-03,-6.197896323110407e-03,7.089414420443474e-01,7.052253145950396e-01
1609043896827910900,2531,1609043896827910900,9.852877507309833e-01,-3.527667923623684e+00,-6.688489011058603e+00,4.522127540856695e-03,-5.512842561963252e-03,7.120137293879617e-01,7.021293385783260e-01
1609043896931181431,2532,1609043896931181431,9.942566942666834e-01,-3.499279049390229e+00,-6.687672622391664e+00,2.678587313153727e-03,-3.237244510876721e-03,7.122522342735750e-01,7.019110343841897e-01
1609043897052342653,2533,1609043897052342653,1.006873376732179e+00,-3.467597958932640e+00,-6.695890697115902e+00,-1.861638364688451e-03,2.643628073018830e-03,7.122338836806482e-01,7.019347836304963e-01
1609043897137435198,2534,1609043897137435198,1.015245254729389e+00,-3.447614864042842e+00,-6.700701939389050e+00,-1.752962513455712e-03,5.296804417649887e-03,7.120277631387145e-01,7.021291444635143e-01
1609043897240392685,2535,1609043897240392685,1.020744797400253e+00,-3.421076937188087e+00,-6.698005823412903e+00,2.836376862371748e-03,7.665920293507753e-03,7.118649183184393e-01,7.022688421821304e-01
1609043897343225956,2536,1609043897343225956,1.023735250297630e+00,-3.394126999884516e+00,-6.699344882364851e+00,8.987443998871541e-03,1.214292020998784e-02,7.117923931891774e-01,7.022274306356630e-01
1609043897413336277,2537,1609043897413336277,1.023903181958308e+00,-3.370582123615021e+00,-6.699660458842579e+00,1.091455461477734e-02,1.659941911887968e-02,7.119204556413360e-01,7.019790571106160e-01
1609043897514952898,2538,1609043897514952898,1.020838359335153e+00,-3.339571962167679e+00,-6.698123840515207e+00,1.403414357056870e-02,1.812425085809571e-02,7.119466722379864e-01,7.018593094305516e-01
1609043897635691166,2539,1609043897635691166,1.013804665169884e+00,-3.303649471825236e+00,-6.696514480719319e+00,1.228297646021918e-02,2.105259587261632e-02,7.120117287724276e-01,7.017444084471219e-01
1609043897721425056,2540,1609043897721425056,1.005180733736802e+00,-3.276110684933497e+00,-6.701048830707743e+00,4.840912168444568e-03,2.379826031090981e-02,7.119786806774119e-01,7.017809962063688e-01
1609043897843207598,2541,1609043897843207598,9.886460933098870e-01,-3.240571461565005e+00,-6.708748503191597e+00,-1.613293330142176e-02,2.921030734007201e-02,7.116734061872887e-01,7.017174996634848e-01
1609043897946484089,2542,1609043897946484089,9.742810678928697e-01,-3.222016735519975e+00,-6.714215726629486e+00,-3.154185824173414e-02,3.612878951024259e-02,7.112006122010195e-01,7.013512037147139e-01
1609043898031039476,2543,1609043898031039476,9.619937110175302e-01,-3.217195811964124e+00,-6.715921530370868e+00,-3.947325878092100e-02,3.986957499597476e-02,7.109166316229147e-01,7.010348220400924e-01
1609043898134344101,2544,1609043898134344101,9.471111525806242e-01,-3.223339098648054e+00,-6.710556894329534e+00,-3.455827731260567e-02,3.223014444250841e-02,7.115543805722325e-01,7.010401605805953e-01
1609043898237542629,2545,1609043898237542629,9.310582517645152e-01,-3.233408331565932e+00,-6.703514984226413e+00,-1.969019125418608e-02,1.637504377352765e-02,7.123863943462594e-01,7.013200264216932e-01
1609043898340490341,2546,1609043898340490341,9.131216142985064e-01,-3.241975413386897e+00,-6.694079464067788e+00,-4.742895208094787e-03,-8.436694233407280e-04,7.125979136545146e-01,7.015561321962643e-01
1609043898443495989,2547,1609043898443495989,8.965885408315791e-01,-3.244794964660558e+00,-6.687927353592301e+00,4.345477327882378e-03,-1.318114684963324e-02,7.127338942106752e-01,7.012972053543400e-01
1609043898513603687,2548,1609043898513603687,8.846604108711048e-01,-3.243586962394458e+00,-6.680091965722339e+00,8.556919803794359e-03,-1.896756024390663e-02,7.125796673661351e-01,7.012825596278818e-01
1609043898633124113,2549,1609043898633124113,8.669356190944529e-01,-3.243580200481727e+00,-6.669809667776717e+00,8.485791712070824e-03,-2.033807503616618e-02,7.125735598747518e-01,7.012512216105339e-01
1609043898735883236,2550,1609043898735883236,8.551581439889038e-01,-3.237892589910667e+00,-6.661647471556662e+00,5.701415749713753e-03,-1.794344627395236e-02,7.125879625723402e-01,7.013301092861076e-01
1609043898839315414,2551,1609043898839315414,8.482511929002696e-01,-3.229310687992223e+00,-6.652663570796735e+00,2.904135290398322e-03,-1.415667994379546e-02,7.127006186715290e-01,7.013194582759016e-01
1609043898924108744,2552,1609043898924108744,8.440403132888500e-01,-3.222222604595835e+00,-6.645134105955626e+00,7.623014309955729e-04,-1.009913404239769e-02,7.127961931233765e-01,7.012980917248700e-01
1609043899028362513,2553,1609043899028362513,8.427232506570869e-01,-3.210505983998216e+00,-6.631786158955211e+00,-1.723748660265398e-03,-5.984154627042657e-03,7.128894261885772e-01,7.012488036442394e-01
1609043899130777359,2554,1609043899130777359,8.394627217740533e-01,-3.197360215430422e+00,-6.613423861652599e+00,-3.468107558332823e-03,-2.055659405666718e-03,7.127384547351204e-01,7.014183071720930e-01
1609043899233871698,2555,1609043899233871698,8.335015046562854e-01,-3.183324214092074e+00,-6.596190050496676e+00,-4.481259394884568e-03,2.309851044440041e-04,7.127949492325780e-01,7.013581291384906e-01
1609043899355187416,2556,1609043899355187416,8.288548127733789e-01,-3.166652885884294e+00,-6.574582568353455e+00,-5.910140357580751e-03,2.208438159389091e-03,7.128396507102600e-01,7.012986706226703e-01
1609043899440111399,2557,1609043899440111399,8.286903270815804e-01,-3.153891020620212e+00,-6.558640102671954e+00,-6.248656862012580e-03,3.309699281688911e-03,7.128811425710112e-01,7.012492258425213e-01
1609043899542809963,2558,1609043899542809963,8.263803781058738e-01,-3.141142789179901e+00,-6.539232029323602e+00,-5.665208940059863e-03,4.049687686147873e-03,7.129607973608302e-01,7.011693139776722e-01
1609043899613060474,2559,1609043899613060474,8.254184189345929e-01,-3.129297804301443e+00,-6.524165602478520e+00,-5.106672739429315e-03,4.790415259359544e-03,7.129051610187692e-01,7.012255023941857e-01
1609043899733136177,2560,1609043899733136177,8.226925960185858e-01,-3.110758179251501e+00,-6.501007676038562e+00,-4.212031937814236e-03,3.703918992926045e-03,7.130481584569330e-01,7.010926211936803e-01
1609043899818333149,2561,1609043899818333149,8.200282834811663e-01,-3.098108660014426e+00,-6.486216022270580e+00,-4.015060875583966e-03,3.411774081406420e-03,7.129393153363900e-01,7.012059410269299e-01
1609043899921471596,2562,1609043899921471596,8.173633432553973e-01,-3.083056441697089e+00,-6.465406203017085e+00,-3.484817675482023e-03,2.926981521604964e-03,7.130279151131589e-01,7.011208748099880e-01
1609043900024508715,2563,1609043900024508715,8.151215787252731e-01,-3.068955412372522e+00,-6.442156957208291e+00,-3.906951288782324e-03,2.423409745049457e-03,7.129073300494709e-01,7.012431829105860e-01
1609043900127383709,2564,1609043900127383709,8.140197486813727e-01,-3.054798462152904e+00,-6.421130112189032e+00,-4.075254345293411e-03,2.294967460589556e-03,7.129140117659591e-01,7.012358642098547e-01
1609043900230403900,2565,1609043900230403900,8.119210390741937e-01,-3.042390452135273e+00,-6.396878447655318e+00,-3.909694129114374e-03,2.599205926832209e-03,7.129496956091798e-01,7.011994651674693e-01
1609043900333600998,2566,1609043900333600998,8.119060806563183e-01,-3.027309767744426e+00,-6.377358700117000e+00,-9.638548669939120e-03,9.750011962452796e-03,7.128316671979141e-01,7.012011479497959e-01
1609043900436919928,2567,1609043900436919928,8.145261045231343e-01,-3.020175948205747e+00,-6.364166012741372e+00,-1.923388821724050e-02,1.986631516320212e-02,7.126078332969490e-01,7.010174484203022e-01
1609043900539821625,2568,1609043900539821625,8.148793869208774e-01,-3.020673595381083e+00,-6.348576589505828e+00,-2.474402256293971e-02,2.544124058022108e-02,7.123961281384166e-01,7.008796139413224e-01
1609043900642850876,2569,1609043900642850876,8.134988253940217e-01,-3.025772148546976e+00,-6.324194145702740e+00,-2.412926560244874e-02,2.497524442845537e-02,7.125806917285454e-01,7.007301716658798e-01
1609043900732753277,2570,1609043900732753277,8.139832978859416e-01,-3.032406062308063e+00,-6.302285801502632e+00,-2.229584763954753e-02,2.303516056171983e-02,7.125948286196407e-01,7.008429829715604e-01
1609043900833596706,2571,1609043900833596706,8.150035503981775e-01,-3.045375828054893e+00,-6.277391508037480e+00,-1.884292845577863e-02,2.273624818568316e-02,7.127611876914255e-01,7.007849144968507e-01
1609043900936835527,2572,1609043900936835527,8.118420612607716e-01,-3.062481406113354e+00,-6.240840862800024e+00,-7.752056551870866e-03,1.861867861879563e-02,7.127689833351893e-01,7.011088551865732e-01
1609043901021107197,2573,1609043901021107197,8.089525436748607e-01,-3.075509511822910e+00,-6.216257524258962e+00,-2.322774663594200e-03,1.779390134263435e-02,7.130570312007443e-01,7.008763457615413e-01
1609043901142233849,2574,1609043901142233849,8.030121114691439e-01,-3.094396774939665e+00,-6.179246757239057e+00,7.408213638288874e-03,2.643231395091146e-02,7.129268520040929e-01,7.007009025550233e-01
1609043901227235794,2575,1609043901227235794,7.926244090242116e-01,-3.110280787334263e+00,-6.155884925740123e+00,1.101902841529826e-02,3.173849021162454e-02,7.126912008794132e-01,7.006728918981593e-01
1609043901330306053,2576,1609043901330306053,7.767118551705499e-01,-3.133158313471473e+00,-6.126690132789376e+00,1.445025415067858e-02,3.359964505869866e-02,7.126659707659796e-01,7.005494044812932e-01
1609043901433785439,2577,1609043901433785439,7.540252012222824e-01,-3.161064896173453e+00,-6.095392874580312e+00,1.443388880914782e-02,3.145723877363479e-02,7.127235341848251e-01,7.005906570899130e-01
1609043901537021875,2578,1609043901537021875,7.261178177332711e-01,-3.188637434949919e+00,-6.060331985950014e+00,8.985552535797076e-03,1.839014875176036e-02,7.130969338013164e-01,7.007665982890993e-01
1609043901657987118,2579,1609043901657987118,6.924591558484176e-01,-3.217417106835358e+00,-6.009400389321735e+00,4.250040123818660e-03,3.470928151352317e-05,7.134190242952282e-01,7.007247902906365e-01
1609043901742937326,2580,1609043901742937326,6.702297355424388e-01,-3.236891230378385e+00,-5.972947784299368e+00,2.228073858741691e-03,-8.297824173677613e-03,7.134265252131015e-01,7.006773686392496e-01
1609043901813082218,2581,1609043901813082218,6.473234033331665e-01,-3.253199594994531e+00,-5.935798288326304e+00,1.032892495861027e-03,-1.350308969985520e-02,7.133717570688383e-01,7.006549335572884e-01
1609043901932499647,2582,1609043901932499647,6.102836807441170e-01,-3.277837630453136e+00,-5.881074059470512e+00,-5.795384152308830e-04,-1.586194212394759e-02,7.134585841486805e-01,7.005176026566657e-01
1609043902018068075,2583,1609043902018068075,5.858449360181320e-01,-3.293615162146351e+00,-5.846215917738964e+00,-8.750622719688763e-04,-1.499104788152124e-02,7.134316119478169e-01,7.005639427082826e-01
1609043902121210575,2584,1609043902121210575,5.619955339310194e-01,-3.307803179226423e+00,-5.804433335747754e+00,-4.219683088910149e-04,-1.286884579058472e-02,7.135191943050959e-01,7.005173617469959e-01
1609043902224338293,2585,1609043902224338293,5.418493822608248e-01,-3.319298010621063e+00,-5.765086127249071e+00,5.412352948379280e-06,-1.042400472380308e-02,7.136494073873008e-01,7.004254874231656e-01
1609043902345518351,2586,1609043902345518351,5.209730564289596e-01,-3.329000254181693e+00,-5.716390494801726e+00,-4.831475057395514e-05,-8.591162856175026e-03,7.136761158172792e-01,7.004231516008200e-01
1609043902448073626,2587,1609043902448073626,5.071233880428124e-01,-3.335151229556149e+00,-5.677128675711114e+00,6.263543147690642e-04,-6.573778534510070e-03,7.138018232657132e-01,7.003166071275158e-01
1609043902551314116,2588,1609043902551314116,4.899544888856459e-01,-3.337063015526912e+00,-5.640345264401812e+00,9.643393532296055e-04,-4.611780828871715e-03,7.138038121507773e-01,7.003298646253895e-01
1609043902636493921,2589,1609043902636493921,4.745178762818309e-01,-3.338230397185650e+00,-5.609393980944019e+00,7.407327261962159e-04,-3.382728179918301e-03,7.136540636061462e-01,7.004897472222729e-01
1609043902739422083,2590,1609043902739422083,4.575666356854730e-01,-3.340641992698874e+00,-5.571696717630906e+00,7.087664522821301e-04,-2.160962920025964e-03,7.136540758326483e-01,7.004946023609484e-01
1609043902842981577,2591,1609043902842981577,4.419816972414180e-01,-3.340402185828675e+00,-5.535197591188236e+00,1.198311388489614e-03,-1.425300838691652e-03,7.137100324185914e-01,7.004388068863608e-01
1609043902913343906,2592,1609043902913343906,4.290551030864548e-01,-3.339142763898577e+00,-5.507612759564671e+00,2.572582905402813e-03,-8.614785567390437e-04,7.135998376973854e-01,7.005482933461165e-01
1609043903015265942,2593,1609043903015265942,4.117331500911781e-01,-3.334313366601939e+00,-5.465561795894781e+00,3.318827287140922e-03,-9.372165371710464e-05,7.136467729415633e-01,7.004978658581212e-01
1609043903117646456,2594,1609043903117646456,3.953540175058944e-01,-3.329287765305977e+00,-5.423213603422091e+00,4.169803465019656e-03,-6.323339306185240e-05,7.136035753457840e-01,7.005373266245812e-01
1609043903221660614,2595,1609043903221660614,3.790991473559860e-01,-3.321356699774758e+00,-5.385969134197199e+00,2.067226881157900e-03,-2.660827838247355e-03,7.136233887026829e-01,7.005214526798851e-01
1609043903324375868,2596,1609043903324375868,3.647866807107967e-01,-3.311050268169355e+00,-5.351097911597174e+00,-5.754039644992033e-03,-3.333748213232327e-03,7.133840472966438e-01,7.007417343167699e-01
1609043903427403688,2597,1609043903427403688,3.510646489832058e-01,-3.301630014786288e+00,-5.327278788754199e+00,-1.401311095523631e-02,-2.767336135077259e-04,7.132373008128917e-01,7.007824975475657e-01
1609043903530084610,2598,1609043903530084610,3.402710103122165e-01,-3.294873260840390e+00,-5.307254649234233e+00,-2.138360324245852e-02,5.288619286207687e-03,7.130693968658123e-01,7.007473205598730e-01
1609043903651594877,2599,1609043903651594877,3.297682699436833e-01,-3.295851285585928e+00,-5.272255229878690e+00,-2.245386577367348e-02,9.853335012696730e-03,7.130689869403722e-01,7.006649381585871e-01
1609043903754595041,2600,1609043903754595041,3.229641964134142e-01,-3.301333428781567e+00,-5.244436745977420e+00,-1.664666129741870e-02,1.244380686149366e-02,7.131868850567372e-01,7.006657600607520e-01
1609043903839389324,2601,1609043903839389324,3.176179341800662e-01,-3.308090912227068e+00,-5.224552349160132e+00,-1.112095478158032e-02,1.192019537300438e-02,7.132568966519355e-01,7.007130887071154e-01
1609043903961462975,2602,1609043903961462975,3.063973005523726e-01,-3.314075268275537e+00,-5.186286748860018e+00,-3.784789750054452e-03,8.682970057580300e-03,7.135005640896496e-01,7.005906268579953e-01
1609043904012918949,2603,1609043904012918949,3.030200267451762e-01,-3.314345558967937e+00,-5.167782187911017e+00,1.528922204108207e-04,6.413852809303882e-03,7.134198123120652e-01,7.007075071074430e-01
1609043904132818937,2604,1609043904132818937,2.950653994285113e-01,-3.320905501863358e+00,-5.126602307187286e+00,2.395557468427954e-03,4.419345633753036e-03,7.135118028305113e-01,7.006251764746531e-01
1609043904217952490,2605,1609043904217952490,2.870302235788399e-01,-3.323938604095293e+00,-5.099420639657314e+00,5.860759585262427e-04,6.107213998355624e-03,7.136125004889785e-01,7.005137811620962e-01
1609043904340670586,2606,1609043904340670586,2.766950168518097e-01,-3.330706205560044e+00,-5.060740474289083e+00,-5.583561285619071e-03,1.064472318982614e-02,7.134890134927375e-01,7.005633028761514e-01
1609043904424222946,2607,1609043904424222946,2.695813362058381e-01,-3.338154486943316e+00,-5.032552545846470e+00,-1.026754227487333e-02,1.494222215693575e-02,7.132986967721020e-01,7.006256323857040e-01
1609043904546867132,2608,1609043904546867132,2.578106631007901e-01,-3.352735667404023e+00,-4.992804375074474e+00,-1.175295956971025e-02,1.597565555411317e-02,7.131550393722016e-01,7.007257210842220e-01
1609043904630305767,2609,1609043904630305767,2.474606957602453e-01,-3.365946193167680e+00,-4.963992786226778e+00,-8.814198523681449e-03,1.307055545756303e-02,7.131585525570170e-01,7.008254771333564e-01
1609043904733415842,2610,1609043904733415842,2.355950575346084e-01,-3.383566504666102e+00,-4.922223759711335e+00,-3.277518061864220e-03,7.465736533556310e-03,7.132359631128152e-01,7.008765808442314e-01
1609043904854304314,2611,1609043904854304314,2.227591406407517e-01,-3.402011479095845e+00,-4.876537773542414e+00,4.914099601490420e-03,-3.302134029733792e-04,7.135433271617116e-01,7.005937930407390e-01
1609043904939622641,2612,1609043904939622641,2.145632300188204e-01,-3.411995002253928e+00,-4.845493868242684e+00,8.075193457446955e-03,-2.719302065013377e-03,7.133710682675105e-01,7.007346970186183e-01
1609043905042599916,2613,1609043905042599916,2.013711222217615e-01,-3.422431728493021e+00,-4.806473860873678e+00,6.902185364881060e-03,-2.064238387924431e-03,7.133086686477945e-01,7.008129864585686e-01
1609043905131371260,2614,1609043905131371260,1.861934624364275e-01,-3.431497744276399e+00,-4.770177056619465e+00,6.984034540390560e-03,-2.528693655505270e-03,7.131911683510553e-01,7.009302293067350e-01
1609043905214179516,2615,1609043905214179516,1.728969454989539e-01,-3.439110844919765e+00,-4.733765825512679e+00,6.715594588068077e-03,-2.205886219501062e-03,7.132363539755497e-01,7.008879641019523e-01
1609043905317614794,2616,1609043905317614794,1.591657166743365e-01,-3.446174766003803e+00,-4.689149388608969e+00,6.394220861188866e-03,-2.588453786776545e-03,7.132047216056756e-01,7.009218493711999e-01
1609043905420846462,2617,1609043905420846462,1.433861709557673e-01,-3.448649955673563e+00,-4.647381098287675e+00,5.732966096295332e-03,-2.745638958604256e-03,7.130502359984006e-01,7.010841286957458e-01
1609043905523970366,2618,1609043905523970366,1.288038745094539e-01,-3.449415838828541e+00,-4.607395527276418e+00,4.964732486764109e-03,-2.290962299611844e-03,7.130978419600541e-01,7.010432017465049e-01
1609043905627030134,2619,1609043905627030134,1.139040926595100e-01,-3.446232539288093e+00,-4.568998404958550e+00,3.829718444667578e-03,-1.958381521882590e-03,7.130186668499514e-01,7.011318554465826e-01
1609043905730377436,2620,1609043905730377436,1.004988217115345e-01,-3.440476171082873e+00,-4.533388868485003e+00,2.917095721688366e-03,-1.692938384582132e-03,7.105439260345354e-01,7.036447638457954e-01
1609043905834339857,2621,1609043905834339857,9.838480884842979e-02,-3.436621538878284e+00,-4.496320515223278e+00,1.999817030981386e-03,-1.550642994141065e-03,7.009175452754409e-01,7.132378221625642e-01
1609043905937653542,2622,1609043905937653542,9.580658730008371e-02,-3.433517996169695e+00,-4.459589151806743e+00,2.475142485157506e-03,-1.953482275348349e-03,6.829625207860617e-01,7.304466118603239e-01
1609043906040334463,2623,1609043906040334463,9.187358461591484e-02,-3.432793710129584e+00,-4.427049592602527e+00,3.652018894586558e-03,-2.358574110554172e-03,6.646358890487671e-01,7.471547596545937e-01
1609043906160844564,2624,1609043906160844564,8.661302314350143e-02,-3.430143763909283e+00,-4.393791705248119e+00,6.084265138409306e-03,-1.914713427760335e-03,6.459232001897364e-01,7.633757495800250e-01
1609043906212790489,2625,1609043906212790489,8.547093959200382e-02,-3.429617739856938e+00,-4.379705916729159e+00,7.739003255497643e-03,-1.887168528526344e-03,6.340713428614794e-01,7.732335213797942e-01
1609043906314283371,2626,1609043906314283371,8.046925827241318e-02,-3.422835348910846e+00,-4.349847764619160e+00,9.731494312676154e-03,-1.041652710570723e-03,6.187791087082356e-01,7.855040595721415e-01
1609043906417282581,2627,1609043906417282581,7.626731012592326e-02,-3.413622912738676e+00,-4.321073593300981e+00,1.062852723970221e-02,6.281336448051420e-04,6.019904358400335e-01,7.984323108529398e-01
1609043906520550966,2628,1609043906520550966,6.964553001628145e-02,-3.402587035468867e+00,-4.296171131576673e+00,8.130404030296141e-03,-7.961732017537793e-04,5.841710235213957e-01,8.115894762233563e-01
1609043906623549700,2629,1609043906623549700,6.321033412221301e-02,-3.389674432698432e+00,-4.273217295905349e+00,1.809247119458012e-03,-2.785257406967954e-03,5.666531771816005e-01,8.239497228326710e-01
1609043906726696014,2630,1609043906726696014,5.593109204184987e-02,-3.373293497182878e+00,-4.254287253703225e+00,-7.968206712688664e-03,-2.305674682315466e-03,5.501695940801337e-01,8.350117420107002e-01
1609043906849356174,2631,1609043906849356174,5.084151265377590e-02,-3.358292730375211e+00,-4.230875499955352e+00,-1.677034374463210e-02,-8.653939703199313e-04,5.325561633333681e-01,8.462280659252599e-01
1609043906933316708,2632,1609043906933316708,4.741370096233242e-02,-3.348636225945880e+00,-4.211146857852367e+00,-2.047317826151260e-02,1.034412098259250e-04,5.213860479410761e-01,8.530752764464425e-01
1609043907036641598,2633,1609043907036641598,4.511381166586415e-02,-3.343583941902228e+00,-4.192226551870736e+00,-2.267280396886316e-02,1.379288864170605e-03,5.082427629577683e-01,8.609142439427242e-01
1609043907139536858,2634,1609043907139536858,4.305749627605979e-02,-3.340337385912674e+00,-4.176367282215398e+00,-2.331416710198306e-02,2.230446550373735e-03,4.948933921517653e-01,8.686380173150643e-01
1609043907243362188,2635,1609043907243362188,4.267044291541182e-02,-3.342938130928833e+00,-4.163907185867421e+00,-2.445554367022399e-02,1.978020238631632e-03,4.813748245391812e-01,8.761713828467590e-01
1609043907312106371,2636,1609043907312106371,4.401074201993563e-02,-3.348569613223061e+00,-4.148920162420547e+00,-2.426788310366204e-02,1.702462967037031e-03,4.696054215567302e-01,8.825411715688047e-01
1609043907413918972,2637,1609043907413918972,4.636501877967285e-02,-3.358260438296790e+00,-4.128663226686043e+00,-2.270959546396626e-02,1.323480495325271e-03,4.609771827301959e-01,8.871203749634956e-01
1609043907517062426,2638,1609043907517062426,5.340226159758214e-02,-3.372009181589139e+00,-4.110268782837667e+00,-2.270354739343753e-02,1.733062674871976e-03,4.542055294285751e-01,8.906059074955807e-01
1609043907620442629,2639,1609043907620442629,5.979701798688084e-02,-3.385883713308884e+00,-4.095482866225496e+00,-2.843844346191036e-02,2.688832167283133e-03,4.462217003703118e-01,8.944664438835409e-01
1609043907743136883,2640,1609043907743136883,7.239183742664582e-02,-3.410463866386888e+00,-4.076149030704370e+00,-2.562793226878561e-02,2.236524568480747e-03,4.366099660900519e-01,8.992830169397869e-01
1609043907826721668,2641,1609043907826721668,8.249018419088631e-02,-3.435701796190170e+00,-4.056679064282511e+00,-2.301005751669715e-02,6.873432413150379e-04,4.295412485336250e-01,9.027537762981230e-01
1609043907929931641,2642,1609043907929931641,9.307295226274065e-02,-3.470323999395071e+00,-4.022552727550226e+00,-1.319176347639936e-02,-1.352272142091550e-03,4.212054685260825e-01,9.068682936458633e-01
1609043908052878380,2643,1609043908052878380,1.064584160235021e-01,-3.509192194738677e+00,-4.008642382669988e+00,6.900469218331247e-03,-2.514570243360614e-03,4.117766441565886e-01,9.112552089223942e-01
1609043908136241436,2644,1609043908136241436,1.128696974440655e-01,-3.531102323686328e+00,-4.001790927427367e+00,1.290716708318884e-02,-3.152429206721990e-03,4.059577020998194e-01,9.137952786777888e-01
1609043908239200592,2645,1609043908239200592,1.240711814071311e-01,-3.554041880935956e+00,-3.985176476579808e+00,1.454787148657700e-02,-4.180191471102241e-03,4.000375782295079e-01,9.163737345858104e-01
1609043908341968536,2646,1609043908341968536,1.298229327967657e-01,-3.576021244121369e+00,-3.963268399793033e+00,1.388747145126171e-02,-4.783271536440095e-03,3.960138464172742e-01,9.181270565100969e-01
1609043908431943655,2647,1609043908431943655,1.391905986318759e-01,-3.590638534657451e+00,-3.941686081141015e+00,1.247202433012480e-02,-5.142935984803026e-03,3.968676461426027e-01,9.177766995646571e-01
1609043908513223171,2648,1609043908513223171,1.425193203279340e-01,-3.595450840243509e+00,-3.925735652872310e+00,1.126527982865754e-02,-4.775533015160268e-03,4.095907040495278e-01,9.121873398107514e-01
1609043908616112232,2649,1609043908616112232,1.428413829089062e-01,-3.599420279908891e+00,-3.913694977886475e+00,1.035865891124221e-02,-5.348543516851832e-03,4.331253776950635e-01,9.012582862111823e-01
1609043908719155073,2650,1609043908719155073,1.432648500046324e-01,-3.602374430734002e+00,-3.908093916682940e+00,9.047975918860985e-03,-4.637755023916351e-03,4.568123580035066e-01,8.895049718441073e-01
1609043908842740059,2651,1609043908842740059,1.405173496852187e-01,-3.603410610360920e+00,-3.903724326024690e+00,7.997577998451584e-03,-4.516057524884450e-03,4.822734560581500e-01,8.759725780823954e-01
1609043908945955992,2652,1609043908945955992,1.397819902320726e-01,-3.600599618238937e+00,-3.902992527188284e+00,7.676942999884888e-03,-4.341058151772289e-03,5.014886581157078e-01,8.651192666572664e-01
1609043909029845238,2653,1609043909029845238,1.374925641765877e-01,-3.598152340483724e+00,-3.906437825577142e+00,7.391049847298502e-03,-4.527568196202500e-03,5.165516162240230e-01,8.562121823968246e-01
1609043909133754730,2654,1609043909133754730,1.329128693755457e-01,-3.592395940508092e+00,-3.909576515732804e+00,7.137150586638904e-03,-4.751905047282390e-03,5.367847836132273e-01,8.436756346850524e-01
1609043909236330509,2655,1609043909236330509,1.282676580526278e-01,-3.586223876322266e+00,-3.908405265603677e+00,6.734645468092284e-03,-4.610995204462514e-03,5.567641693199165e-01,8.306305093332094e-01
1609043909339899063,2656,1609043909339899063,1.247473673434362e-01,-3.576337697999074e+00,-3.916083455777527e+00,6.217601570974394e-03,-4.374288010092848e-03,5.759602274776578e-01,8.174423670198371e-01
1609043909442446709,2657,1609043909442446709,1.220967247858362e-01,-3.563296766243570e+00,-3.924018018391622e+00,5.376437248025530e-03,-4.473681813453446e-03,5.938055015618711e-01,8.045782164640084e-01
1609043909512677193,2658,1609043909512677193,1.221644343557586e-01,-3.545610217508449e+00,-3.929444147666124e+00,4.100811157455819e-03,-4.523680994031775e-03,6.100638392462979e-01,7.923287396669280e-01
1609043909614555120,2659,1609043909614555120,1.224947066913668e-01,-3.528997487681270e+00,-3.940629013910525e+00,2.871732622505049e-03,-5.138687152546284e-03,6.261068162607640e-01,7.797150772416185e-01
1609043909735399723,2660,1609043909735399723,1.174842644595553e-01,-3.511176170977902e+00,-3.953837814030827e+00,2.293905070778586e-03,-5.696585441122589e-03,6.440346448552703e-01,7.649716747304989e-01
1609043909820382118,2661,1609043909820382118,1.128373705841487e-01,-3.500755708389603e+00,-3.960689779266557e+00,2.767038111907630e-03,-5.118955503245475e-03,6.564796211839818e-01,7.543213153323847e-01
1609043909923517466,2662,1609043909923517466,1.103274047105008e-01,-3.488812807387326e+00,-3.966949622190073e+00,2.372044816587439e-03,-5.003079119073806e-03,6.719800760872299e-01,7.405485263941299e-01
1609043910026305676,2663,1609043910026305676,1.115247871307617e-01,-3.473227456761456e+00,-3.973153151914239e+00,1.542301756025182e-03,-4.985820587409050e-03,6.867960044856813e-01,7.268314874307991e-01
1609043910129235029,2664,1609043910129235029,1.106891726798298e-01,-3.459310242960104e+00,-3.977252917355349e+00,1.340391480726260e-03,-5.104973950170511e-03,7.009567102474422e-01,7.131842910151134e-01
1609043910232855320,2665,1609043910232855320,1.107938041995345e-01,-3.442812517176954e+00,-3.981175615881528e+00,8.057589850537627e-04,-4.999023801036165e-03,7.154713937859463e-01,6.986236792347438e-01
1609043910335348129,2666,1609043910335348129,1.115705365909089e-01,-3.422981538562247e+00,-3.980399325305374e+00,-1.649305754638903e-04,-5.385896959161062e-03,7.308587587816874e-01,6.825074648851408e-01
1609043910439345121,2667,1609043910439345121,1.143030648951594e-01,-3.400856311401004e+00,-3.976200443529002e+00,-6.973819286131860e-04,-5.224050141081609e-03,7.463561847554859e-01,6.655258585778648e-01
1609043910541674614,2668,1609043910541674614,1.126167303861919e-01,-3.378356384625594e+00,-3.971954512910052e+00,-7.705006137342737e-04,-4.862598291789547e-03,7.611835150083753e-01,6.485178624726935e-01
1609043910612162828,2669,1609043910612162828,1.151383311841910e-01,-3.353183376244844e+00,-3.964709198633884e+00,-6.810756196896769e-04,-4.239615082574959e-03,7.750071747593831e-01,6.319378457343974e-01
1609043910713700294,2670,1609043910713700294,1.140442364734869e-01,-3.327036107513477e+00,-3.958531221999218e+00,4.951410663004617e-05,-3.743671934019511e-03,7.889692479336906e-01,6.144212791592999e-01
1609043910817303658,2671,1609043910817303658,1.112930903121056e-01,-3.302915531052439e+00,-3.953228422879176e+00,2.038877753154022e-04,-2.242113771235475e-03,8.022930307061537e-01,5.969261463832412e-01
1609043910920595169,2672,1609043910920595169,1.097019860322637e-01,-3.277512372118699e+00,-3.957915050170210e+00,-5.094809588499788e-03,1.654307222304969e-03,8.140865018387006e-01,5.807189283180791e-01
1609043911023756266,2673,1609043911023756266,1.144371879488027e-01,-3.253276419067479e+00,-3.958618412280057e+00,-1.148302095838222e-02,6.293592609207978e-03,8.246265133710978e-01,5.655259891173574e-01
1609043911126738071,2674,1609043911126738071,1.183324600389293e-01,-3.232720283894710e+00,-3.956863961388970e+00,-1.738773194088442e-02,1.024444274679449e-02,8.344958388196453e-01,5.506445433884336e-01
1609043911230030060,2675,1609043911230030060,1.292755560611759e-01,-3.217231389639039e+00,-3.951075570791934e+00,-1.597922716079833e-02,9.070155916179892e-03,8.437346487379768e-01,5.364459330538383e-01
1609043911353435040,2676,1609043911353435040,1.405895427942927e-01,-3.201292590717738e+00,-3.941105936451540e+00,-8.147751884451276e-03,3.228066710696781e-03,8.542018176789082e-01,5.198677220203135e-01
1609043911455314398,2677,1609043911455314398,1.485564136856836e-01,-3.189668232810343e+00,-3.936297153122289e+00,-3.005726806659631e-04,-1.797201754585292e-03,8.628904562401748e-01,5.053877128022999e-01
1609043911558984756,2678,1609043911558984756,1.564324622423841e-01,-3.171383682037793e+00,-3.936245637817926e+00,4.857585336194559e-03,-5.266703333463203e-03,8.713500407653058e-01,4.906095924041834e-01
1609043911661848307,2679,1609043911661848307,1.624286053752347e-01,-3.153179482430442e+00,-3.937304006885682e+00,7.034810351059178e-03,-6.732635420673878e-03,8.799316370997822e-01,4.750005232570953e-01
1609043911712237358,2680,1609043911712237358,1.668738859105472e-01,-3.138956842923090e+00,-3.938878821445179e+00,6.472239566697650e-03,-5.861347534250670e-03,8.861739436991035e-01,4.632704353062608e-01
1609043911834248781,2681,1609043911834248781,1.741497255725756e-01,-3.104197512036798e+00,-3.944832792663988e+00,6.344699485648107e-03,1.571918915705639e-03,8.949529531366243e-01,4.461126377176448e-01
1609043911936956406,2682,1609043911936956406,1.776669278725375e-01,-3.078501638464308e+00,-3.949475003307198e+00,5.367770812930079e-03,1.209078028852034e-02,9.013218633046155e-01,4.329479169572369e-01
1609043912040336609,2683,1609043912040336609,1.760755967578440e-01,-3.057150581882848e+00,-3.959435944915136e+00,-2.478029123753595e-03,1.641944461940145e-02,9.073501850026368e-01,4.200475008683341e-01
1609043912123401880,2684,1609043912123401880,1.772733291562581e-01,-3.039709934233594e+00,-3.964455433103209e+00,-5.159147209623586e-03,1.686306025449291e-02,9.120746552574412e-01,4.096447773815046e-01
1609043912226300240,2685,1609043912226300240,1.774514363081426e-01,-3.022141933976989e+00,-3.969023521478934e+00,-5.283993841515482e-03,1.201138432059313e-02,9.185784792585032e-01,3.950207380618410e-01
1609043912349486828,2686,1609043912349486828,1.745486731899959e-01,-3.007535239627092e+00,-3.971172166227732e+00,-2.928534572232092e-03,7.506949718167161e-03,9.256682122008388e-01,3.782504862020554e-01
1609043912432975054,2687,1609043912432975054,1.763695611489124e-01,-2.995543612336001e+00,-3.975231688598574e+00,-4.472806080171598e-04,7.539176158680852e-03,9.290250728294884e-01,3.699396907836059e-01
1609043912556364059,2688,1609043912556364059,1.735711697220277e-01,-2.976662854286040e+00,-3.976484489782052e+00,9.728287165633578e-04,6.609541826958094e-03,9.334296868641910e-01,3.586981840513613e-01
1609043912659016609,2689,1609043912659016609,1.683936158533910e-01,-2.958130329753297e+00,-3.980178135870314e+00,-1.445144613575863e-03,5.929591379467972e-03,9.366872214630773e-01,3.501139823698827e-01
1609043912742088795,2690,1609043912742088795,1.669682414182613e-01,-2.941980482928343e+00,-3.980401900663876e+00,-7.651574622401164e-03,6.614929921914291e-03,9.388360052124621e-01,3.442159953061915e-01
1609043912812304020,2691,1609043912812304020,1.682218180439462e-01,-2.925783352325023e+00,-3.979487642567455e+00,-1.254968988964285e-02,1.259908649063790e-02,9.414065300151830e-01,3.368048597452949e-01
1609043912914044380,2692,1609043912914044380,1.682627190697999e-01,-2.908854662168289e+00,-3.974411685473791e+00,-7.602488308678559e-03,1.688839692086552e-02,9.440380439791919e-01,3.293161941674009e-01
1609043913017037630,2693,1609043913017037630,1.647890676518792e-01,-2.896374588751950e+00,-3.971601259433119e+00,-4.468918009908334e-03,1.617382703381937e-02,9.469801593870313e-01,3.208535706801683e-01
1609043913140107870,2694,1609043913140107870,1.573745886413094e-01,-2.886372323265588e+00,-3.969142970014330e+00,-3.933550003769879e-03,1.143677728184778e-02,9.505072302225582e-01,3.104669589576546e-01
1609043913243413925,2695,1609043913243413925,1.510163729942275e-01,-2.882503777630651e+00,-3.965258704901050e+00,-4.881720484165844e-03,8.460933313541467e-03,9.539174398211202e-01,2.999101522417972e-01
1609043913326415777,2696,1609043913326415777,1.465957718638599e-01,-2.881610942130637e+00,-3.962989623093518e+00,-3.570378761906103e-03,9.150308898530454e-03,9.565302757928774e-01,2.914675895089537e-01
1609043913429774046,2697,1609043913429774046,1.416634295697764e-01,-2.878557239094885e+00,-3.958553530457697e+00,1.047439232992908e-03,1.730230648370631e-02,9.591391534373557e-01,2.824032885872075e-01
1609043913533232689,2698,1609043913533232689,1.321828044344541e-01,-2.876712676281695e+00,-3.959198040759256e+00,3.481449309119303e-03,2.132197603588737e-02,9.614278449935976e-01,2.742074975627034e-01
1609043913655567884,2699,1609043913655567884,1.161413031921653e-01,-2.880955849300274e+00,-3.961199256982333e+00,1.160752798462177e-03,2.130257782291032e-02,9.649223519202638e-01,2.616671695029896e-01
1609043913739534378,2700,1609043913739534378,1.054814353248772e-01,-2.885205604301464e+00,-3.964632531762222e+00,-6.829890357972085e-03,1.861174995546183e-02,9.672482069592956e-01,2.530570321001204e-01
1609043913841660261,2701,1609043913841660261,9.527677514652033e-02,-2.890099140164140e+00,-3.979370535341404e+00,-2.780265705029485e-02,1.290834237547365e-02,9.698171602580818e-01,2.418988685939053e-01
1609043913912022591,2702,1609043913912022591,8.997946131122855e-02,-2.890435468867287e+00,-3.977541883459435e+00,-4.086392017057736e-02,1.006350952936759e-02,9.719246619666129e-01,2.314979854455122e-01
1609043914013946295,2703,1609043914013946295,8.746287101617831e-02,-2.899828839695905e+00,-3.977356595200331e+00,-4.859489819309194e-02,9.466054392789016e-03,9.738248633952545e-01,2.218424330849481e-01
1609043914137422085,2704,1609043914137422085,9.210522656211845e-02,-2.918096470890426e+00,-3.967518650424013e+00,-4.311850984623238e-02,7.099414750727170e-03,9.762141468160456e-01,2.123589696129118e-01
1609043914240138769,2705,1609043914240138769,1.041208395392972e-01,-2.939500730243851e+00,-3.954975707682068e+00,-3.475440984645325e-02,4.555886009168545e-03,9.792439102550280e-01,1.996315083531129e-01
1609043914343117714,2706,1609043914343117714,1.217726982256662e-01,-2.958608288186824e+00,-3.944460824541576e+00,-2.160849134988930e-02,2.202117227156706e-03,9.817679743766119e-01,1.888382065942805e-01
1609043914446853876,2707,1609043914446853876,1.417691901003923e-01,-2.974061904355955e+00,-3.934661059022615e+00,-4.667485922574164e-03,-2.414705196080676e-03,9.833274699271218e-01,1.817676281979390e-01
1609043914549897909,2708,1609043914549897909,1.605367970748036e-01,-2.984819221762467e+00,-3.932668653328637e+00,6.047498929141715e-03,-5.943864338736210e-03,9.844267568142521e-01,1.755905996959925e-01
1609043914653341293,2709,1609043914653341293,1.768450268702053e-01,-2.995476508981994e+00,-3.931516225179312e+00,1.119436730790552e-02,-6.907055107168440e-03,9.854140539069907e-01,1.696647314350063e-01
1609043914735612869,2710,1609043914735612869,1.896814452669397e-01,-3.002162081340269e+00,-3.931691094080546e+00,1.172098907078769e-02,-3.420181154179212e-03,9.862033380396992e-01,1.650875428838586e-01
1609043914838443756,2711,1609043914838443756,2.066340977346098e-01,-3.005802528610508e+00,-3.938414268957493e+00,9.940958861183674e-03,2.415769343888884e-04,9.868359195113344e-01,1.614186697371903e-01
1609043914941504955,2712,1609043914941504955,2.188505023151779e-01,-3.011400097049088e+00,-3.940951714776116e+00,7.020483258689702e-03,1.358027516989033e-03,9.876064843144229e-01,1.567874380050374e-01
1609043915031947136,2713,1609043915031947136,2.274362620466430e-01,-3.014579963131200e+00,-3.938712099178603e+00,4.129431400580991e-03,9.430980410419393e-04,9.884757611119384e-01,1.513199526056201e-01
1609043915133905411,2714,1609043915133905411,2.324658634753987e-01,-3.017734830991159e+00,-3.937898005919286e+00,2.101563035887906e-03,6.796614210189851e-04,9.891783933362223e-01,1.467011508132408e-01
1609043915236870527,2715,1609043915236870527,2.355902469475371e-01,-3.020087285535043e+00,-3.940229559078761e+00,8.425275143003250e-04,8.136970601383028e-04,9.900038744835562e-01,1.410353025027038e-01
1609043915340183735,2716,1609043915340183735,2.369473971125771e-01,-3.022479634610239e+00,-3.942170264224586e+00,-6.471297626958741e-04,1.195657418385471e-03,9.909523024481390e-01,1.342076223585688e-01
1609043915423834085,2717,1609043915423834085,2.376906454267830e-01,-3.025519589316867e+00,-3.948022643999296e+00,-1.314157516072161e-03,1.735179083976567e-03,9.916748388763951e-01,1.287488876963433e-01
1609043915526075840,2718,1609043915526075840,2.385277626038194e-01,-3.025878251869159e+00,-3.953847378547345e+00,-2.326846485708457e-03,2.047065848482302e-03,9.925669727234070e-01,1.216601823339734e-01
1609043915649189234,2719,1609043915649189234,2.357062516934745e-01,-3.025652920442173e+00,-3.965099079357636e+00,-3.662724764707113e-03,2.448804884657541e-03,9.936506898128925e-01,1.124228376990101e-01
1609043915751841784,2720,1609043915751841784,2.319917362550857e-01,-3.026075989458141e+00,-3.975198006903698e+00,-4.401474635172953e-03,2.546139815794478e-03,9.946204819698690e-01,1.034613021332128e-01
1609043915856214285,2721,1609043915856214285,2.271552938118124e-01,-3.027092482970100e+00,-3.986604821607084e+00,-5.463099455942809e-03,2.133829727963480e-03,9.953907521138560e-01,9.572278684429630e-02
1609043915938648462,2722,1609043915938648462,2.285356337946498e-01,-3.025966229941015e+00,-3.996592321474620e+00,-5.834604040205310e-03,2.379641843135123e-03,9.959752701689517e-01,8.940668829721847e-02
1609043916062455177,2723,1609043916062455177,2.249043613013239e-01,-3.024506272925375e+00,-4.003430738569277e+00,-6.164845797872491e-03,1.633582304937466e-03,9.968877912361035e-01,7.857517272996876e-02
1609043916132081509,2724,1609043916132081509,2.212751930432001e-01,-3.021975427393945e+00,-4.003122955943421e+00,-5.495163993094469e-03,2.987906172976975e-03,9.974549503037909e-01,7.102462744606713e-02
1609043916213959694,2725,1609043916213959694,2.183228410899325e-01,-3.019560046586963e+00,-4.005098466524026e+00,-3.188639456130644e-03,3.527829481176898e-03,9.979308821797098e-01,6.411974258835214e-02
1609043916317065716,2726,1609043916317065716,2.142032716750079e-01,-3.015545087464866e+00,-4.007220550950591e+00,-1.654297023920026e-03,3.740960481347158e-03,9.984248180611469e-01,5.595669035601935e-02
1609043916440289497,2727,1609043916440289497,2.064275981671091e-01,-3.012914842850571e+00,-4.013838194757285e+00,-1.149265081069276e-03,3.673457936907848e-03,9.989463112996245e-01,4.573239592928372e-02
1609043916523205042,2728,1609043916523205042,2.056485148791637e-01,-3.011827129698516e+00,-4.019708426368874e+00,-1.194429360475284e-03,4.531494759454128e-03,9.992335225786406e-01,3.886394535851024e-02
1609043916626183987,2729,1609043916626183987,2.005863343454361e-01,-3.009755748060819e+00,-4.028027835603505e+00,-8.477340650569527e-04,7.754474536958427e-03,9.995402115761680e-01,2.930042514845568e-02
1609043916749279976,2730,1609043916749279976,1.878362576654508e-01,-3.009061651745729e+00,-4.038044997979774e+00,-1.325375057894353e-03,9.214934894684298e-03,9.998170274212790e-01,1.671047678314682e-02
1609043916832835197,2731,1609043916832835197,1.806759799112013e-01,-3.009242930347463e+00,-4.040895358785082e+00,-3.857582994982900e-03,7.610204450683250e-03,9.999209586874276e-01,9.234728976617800e-03
1609043916935404778,2732,1609043916935404778,1.708020697596609e-01,-3.006051479934916e+00,-4.056253528552522e+00,-1.308618995226003e-02,6.519035020765633e-03,9.998929461123659e-01,5.917175549244303e-04
1609043917058629513,2733,1609043917058629513,1.618524300670035e-01,-3.004551438168652e+00,-4.068508637905608e+00,-2.344282058072628e-02,4.355802848702477e-03,9.996757685674701e-01,-8.934141469723253e-03
1609043917162039518,2734,1609043917162039518,1.609723391315033e-01,-3.003281520731252e+00,-4.068322742818575e+00,-2.587990255809106e-02,3.620932699127553e-03,9.995206117664794e-01,-1.660319679865214e-02
1609043917232266903,2735,1609043917232266903,1.589176847852234e-01,-3.001603655575916e+00,-4.065870613897331e+00,-2.714948937820640e-02,4.072292591447998e-03,9.993463709985342e-01,-2.351919283505317e-02
1609043917334347010,2736,1609043917334347010,1.630914425190794e-01,-3.002516434718517e+00,-4.065867453938994e+00,-3.098000423793449e-02,3.316204509129568e-03,9.989898033008542e-01,-3.238232582739944e-02
1609043917437289715,2737,1609043917437289715,1.703121246772958e-01,-3.001734989298017e+00,-4.062867806641430e+00,-3.241618506910192e-02,3.567502930482920e-03,9.986999257100974e-01,-3.917808386142337e-02
1609043917540083170,2738,1609043917540083170,1.832478399207559e-01,-2.998886015889102e+00,-4.055588561471550e+00,-2.958476016393788e-02,5.202114566523432e-03,9.984846296587812e-01,-4.610991547645532e-02
1609043917623302698,2739,1609043917623302698,1.982618596551312e-01,-2.994339888327265e+00,-4.048523327166116e+00,-2.433280715827376e-02,1.000133402398553e-02,9.984011842755027e-01,-5.002962173365619e-02
1609043917726491928,2740,1609043917726491928,2.183200233851244e-01,-2.989207550826476e+00,-4.039375098676532e+00,-1.957850641349476e-02,1.352689442223619e-02,9.982666714362003e-01,-5.382711132501528e-02
1609043917849402428,2741,1609043917849402428,2.431257820729461e-01,-2.986901466383703e+00,-4.030197377199428e+00,-1.578126696020507e-02,1.607389430537486e-02,9.980251205215837e-01,-5.863821572037382e-02
1609043917952216387,2742,1609043917952216387,2.652015472534928e-01,-2.989987914015692e+00,-4.022873319488207e+00,-1.543700769648749e-02,1.736730772041596e-02,9.975612029189265e-01,-6.581581760388322e-02
1609043918035603762,2743,1609043918035603762,2.813650112139964e-01,-2.992877868775805e+00,-4.018665197340984e+00,-1.490968166089382e-02,1.991523721249809e-02,9.972073334939934e-01,-7.041746051470775e-02
1609043918158776999,2744,1609043918158776999,3.125199493184186e-01,-2.993311854115544e+00,-4.016428450076780e+00,-1.090613495356976e-02,2.511149409178674e-02,9.970337246663117e-01,-7.193205796356740e-02
1609043918242388725,2745,1609043918242388725,3.363816075108227e-01,-2.996846371645761e+00,-4.012244880581360e+00,-8.736326084368966e-03,2.790105985166142e-02,9.969914704300276e-01,-7.178589941954526e-02
1609043918312235117,2746,1609043918312235117,3.589003507936138e-01,-3.003633053922152e+00,-4.010589508512173e+00,-7.469031264068091e-03,3.318395783230852e-02,9.968633598245118e-01,-7.145964143449132e-02
1609043918414019346,2747,1609043918414019346,3.878997296491537e-01,-3.019893963010842e+00,-4.007689560355379e+00,-5.160869876775680e-03,2.740280547332826e-02,9.970752704235263e-01,-7.115726796440516e-02
1609043918518213034,2748,1609043918518213034,4.172740997671624e-01,-3.040190374455113e+00,-4.004027120946756e+00,-4.553416976375481e-03,2.370137432151592e-02,9.971886159362153e-01,-7.093923805853852e-02
1609043918620124340,2749,1609043918620124340,4.452584994137835e-01,-3.062982683560363e+00,-4.001724651963526e+00,-5.064611303133165e-03,3.136765141622748e-02,9.969734267036972e-01,-7.095355243866414e-02
1609043918723054409,2750,1609043918723054409,4.711693911943939e-01,-3.089691949384627e+00,-4.000579104770026e+00,-5.686513629869824e-03,4.151587288925365e-02,9.965944206377028e-01,-7.101870609059628e-02
1609043918846036196,2751,1609043918846036196,5.015308622345398e-01,-3.131191289747315e+00,-3.999844707949116e+00,-6.751740094293711e-03,4.652902748138157e-02,9.963616634623228e-01,-7.108374772005978e-02
1609043918929179907,2752,1609043918929179907,5.208851849720121e-01,-3.166477877330690e+00,-3.999586340529779e+00,-7.636114211398087e-03,4.905058687103722e-02,9.962392795293712e-01,-7.101427750922130e-02
1609043919033282518,2753,1609043919033282518,5.466681978309389e-01,-3.214725604837953e+00,-3.998633332313040e+00,-8.064032652308574e-03,5.016175019903669e-02,9.961746729332582e-01,-7.109705479601892e-02
1609043919135228157,2754,1609043919135228157,5.734134430676728e-01,-3.270585874276446e+00,-3.992132659619975e+00,-7.952844732692019e-03,5.278273386522320e-02,9.960499227120462e-01,-7.095975430973049e-02
1609043919238941193,2755,1609043919238941193,5.992952351570174e-01,-3.332800651687369e+00,-3.986746352092112e+00,-7.229291438109988e-03,5.399885652374432e-02,9.959939104696041e-01,-7.090832917857737e-02
1609043919341729403,2756,1609043919341729403,6.245098475492763e-01,-3.402441404847788e+00,-3.973029176447591e+00,-7.100955639336969e-03,5.626535096509429e-02,9.958692407188113e-01,-7.091009871605751e-02
1609043919411725283,2757,1609043919411725283,6.448272147961450e-01,-3.466531656853906e+00,-3.958369953321005e+00,-6.600006009678049e-03,5.683554449080795e-02,9.958555215170481e-01,-7.069611776550391e-02
1609043919533652306,2758,1609043919533652306,6.795372923774561e-01,-3.584251476716137e+00,-3.941000774298737e+00,-7.084565796514677e-03,4.277791261334159e-02,9.965450582892496e-01,-7.083647308552735e-02
1609043919616729498,2759,1609043919616729498,7.028587478687325e-01,-3.670709368176369e+00,-3.932489932814466e+00,-7.268951354900032e-03,3.167664837798176e-02,9.969424299029898e-01,-7.106014180157760e-02
1609043919720243454,2760,1609043919720243454,7.326040697193427e-01,-3.778986537495822e+00,-3.921097190449722e+00,-4.669720021672339e-03,2.292719962640505e-02,9.971929827885228e-01,-7.112448459946268e-02
1609043919822822809,2761,1609043919822822809,7.585922487240434e-01,-3.885921336590751e+00,-3.912922630203983e+00,-1.848938515478416e-03,1.755158995401425e-02,9.973096436351920e-01,-7.114771836607679e-02
1609043919926086187,2762,1609043919926086187,7.834139078042833e-01,-3.989513631749300e+00,-3.903993365554722e+00,1.052542953778587e-03,2.199867705114876e-03,9.974720343113124e-01,-7.101826175190853e-02
1609043920048972845,2763,1609043920048972845,8.060105196428838e-01,-4.109465184696449e+00,-3.889034089476116e+00,4.184815543243228e-03,-1.036246784867778e-02,9.974101486018093e-01,-7.104999679852923e-02
1609043920152033091,2764,1609043920152033091,8.225646019300565e-01,-4.205151988443212e+00,-3.878743278972082e+00,5.532746799477354e-03,-1.556431576999674e-02,9.973319226654164e-01,-7.110679869019985e-02
1609043920255369425,2765,1609043920255369425,8.360191270645461e-01,-4.291416225295635e+00,-3.875404909660748e+00,4.801171905437331e-03,-1.117837411696441e-02,9.973896226048188e-01,-7.117537088525012e-02
1609043920358426809,2766,1609043920358426809,8.482473548506476e-01,-4.378736451208146e+00,-3.873538185118346e+00,3.562698634296579e-03,-6.927176311391209e-03,9.974308499568281e-01,-7.121110139010507e-02
1609043920441853285,2767,1609043920441853285,8.576277168519273e-01,-4.444585720782645e+00,-3.872188394465719e+00,2.607800821965123e-03,-5.021132946597944e-03,9.974468129887203e-01,-7.118878322776924e-02
1609043920531564474,2768,1609043920531564474,8.682351347643156e-01,-4.529982845270062e+00,-3.868066011182416e+00,1.107063516315362e-03,-3.492122460476324e-03,9.974375530429889e-01,-7.144863379174299e-02
1609043920613675833,2769,1609043920613675833,8.765331484647987e-01,-4.606147000900821e+00,-3.866788972867730e+00,5.292703035150284e-04,-2.809136916571153e-03,9.972995800965885e-01,-7.338512221082689e-02
1609043920716864586,2770,1609043920716864586,8.826638073545289e-01,-4.695538407627703e+00,-3.866962066923020e+00,7.062122970193175e-05,-2.303724696747814e-03,9.972676049623159e-01,-7.383774074204733e-02
1609043920820123434,2771,1609043920820123434,8.853556321465006e-01,-4.778934415872354e+00,-3.868062718430465e+00,-5.780022183136189e-04,-1.444194747116554e-03,9.972549628582359e-01,-7.402782767031947e-02
1609043920922903061,2772,1609043920922903061,8.863202715827757e-01,-4.857354499849996e+00,-3.874111047965480e+00,-1.263734403300144e-03,-6.243597569513219e-04,9.970380148852953e-01,-7.689739933080826e-02
1609043921025752783,2773,1609043921025752783,8.861088154085733e-01,-4.935389584946479e+00,-3.881447382854681e+00,-1.796420067172847e-03,-3.308021535542089e-04,9.964317189757195e-01,-8.438301288748930e-02
1609043921128678560,2774,1609043921128678560,8.846010194397088e-01,-5.013422549628797e+00,-3.884923231141273e+00,-3.064160342275497e-03,-1.607659941031050e-04,9.951901900416906e-01,-9.791358802778906e-02
1609043921232279062,2775,1609043921232279062,8.797328127183777e-01,-5.086677473560859e+00,-3.887301336677699e+00,-3.880179687605949e-03,1.265322731915916e-03,9.937617999786067e-01,-1.114487688009865e-01
1609043921334949017,2776,1609043921334949017,8.780433194380880e-01,-5.157580479494942e+00,-3.902689474694949e+00,1.398452200336894e-03,1.184402559649045e-02,9.920651162765768e-01,-1.251581737492811e-01
1609043921458551407,2777,1609043921458551407,8.692875141399250e-01,-5.241255415389651e+00,-3.907239122233787e+00,2.717690601259000e-03,1.418281156979465e-02,9.904797589040112e-01,-1.368989014390676e-01
1609043921562149763,2778,1609043921562149763,8.651670922759989e-01,-5.307727711725330e+00,-3.910555726080478e+00,3.752858745339380e-03,1.431121656040190e-02,9.901367525117006e-01,-1.393209117734381e-01
1609043921612225056,2779,1609043921612225056,8.617377965060841e-01,-5.350487599861976e+00,-3.909539952340694e+00,3.881512128144501e-03,1.531326613674437e-02,9.900614838972585e-01,-1.397451102793331e-01
1609043921713974953,2780,1609043921713974953,8.505035625495578e-01,-5.429842867413198e+00,-3.910425897131481e+00,3.596187602515709e-03,1.496434250724412e-02,9.900787462856918e-01,-1.396682213010761e-01
1609043921837025642,2781,1609043921837025642,8.313096519456439e-01,-5.527928417497130e+00,-3.913790231018952e+00,9.370115680584466e-04,9.733028935059913e-03,9.900891853700595e-01,-1.400992332966980e-01
1609043921919992447,2782,1609043921919992447,8.178594706415412e-01,-5.592365053204714e+00,-3.916438173038081e+00,-7.922319623201867e-04,7.750254649453004e-03,9.901028375559567e-01,-1.401273598731859e-01
1609043922023103714,2783,1609043922023103714,7.999093110236394e-01,-5.669223588848204e+00,-3.918274597984485e+00,-3.171438372303141e-03,6.450423724478175e-03,9.900719523669287e-01,-1.403775735249886e-01
1609043922126013279,2784,1609043922126013279,7.843360174934202e-01,-5.743998040921719e+00,-3.920614873743154e+00,-2.549118102302265e-03,6.348886454459727e-03,9.900781472523187e-01,-1.403511879932086e-01
1609043922228901625,2785,1609043922228901625,7.682957387915602e-01,-5.814325173874734e+00,-3.921935272308947e+00,-1.497598136593785e-03,5.509800842597394e-03,9.900794480933729e-01,-1.403926129025977e-01
1609043922352442265,2786,1609043922352442265,7.464547501178005e-01,-5.901631148928840e+00,-3.922485937495684e+00,-3.972244966033471e-03,3.865302925226672e-03,9.900679231738363e-01,-1.404805616641419e-01
1609043922435008764,2787,1609043922435008764,7.281857954256225e-01,-5.957171491426472e+00,-3.928819724007371e+00,-9.430420016718649e-03,3.254800979836268e-03,9.900429426464309e-01,-1.404116988177474e-01
1609043922538187504,2788,1609043922538187504,7.082511966410162e-01,-6.026366076214476e+00,-3.939737564712113e+00,-1.878333388635604e-02,4.456297342840770e-04,9.899133601539529e-01,-1.404226732795106e-01
1609043922641274214,2789,1609043922641274214,6.943588499466576e-01,-6.094011449103858e+00,-3.938796292546917e+00,-1.803082177198545e-02,1.225785108862621e-03,9.899427846453861e-01,-1.403091944443867e-01
1609043922711394072,2790,1609043922711394072,6.792013058331301e-01,-6.151844996397797e+00,-3.939199714211080e+00,-1.606989443884562e-02,1.766456030888551e-03,9.899731632986388e-01,-1.403273817695680e-01
1609043922813302755,2791,1609043922813302755,6.634665000062605e-01,-6.225876394953629e+00,-3.942927644390489e+00,-1.878388787853285e-02,1.924025085578937e-03,9.899474059637918e-01,-1.401698865990708e-01
1609043922936495066,2792,1609043922936495066,6.452866205784521e-01,-6.309040816367206e+00,-3.941592823933521e+00,-1.783060584965623e-02,3.921337055990922e-03,9.899492946986871e-01,-1.402393901024238e-01
1609043923019623756,2793,1609043923019623756,6.367516874797516e-01,-6.362272382375263e+00,-3.941625582240637e+00,-1.893786356477447e-02,7.793458510174303e-03,9.899096214998713e-01,-1.402125550371075e-01
1609043923142632723,2794,1609043923142632723,6.269262177217685e-01,-6.442649396669512e+00,-3.944621980377162e+00,-2.206701258468964e-02,1.504673198759348e-02,9.897373827826904e-01,-1.403800410833062e-01
1609043923225983620,2795,1609043923225983620,6.252542802170844e-01,-6.492035741707095e+00,-3.944237583914834e+00,-2.362297855838431e-02,1.324303360994693e-02,9.897813972906403e-01,-1.399977232751445e-01
1609043923328807116,2796,1609043923328807116,6.266290532923693e-01,-6.555047543340798e+00,-3.943568587544612e+00,-2.594060950318432e-02,7.155507146470353e-03,9.897902389301033e-01,-1.399684479258428e-01
1609043923432676554,2797,1609043923432676554,6.329396673053848e-01,-6.617451905362510e+00,-3.946452252411641e+00,-2.498468771682407e-02,3.971401339286505e-03,9.898450072880564e-01,-1.398815745479113e-01
1609043923535012484,2798,1609043923535012484,6.389795698448000e-01,-6.674144630986031e+00,-3.941039994880570e+00,-1.560583461505121e-02,2.946948999903768e-03,9.900330369622463e-01,-1.399369827489188e-01
1609043923638105869,2799,1609043923638105869,6.403923136747646e-01,-6.733093953730479e+00,-3.928241480916606e+00,-2.901501615240392e-03,1.477392043037270e-03,9.901301071686579e-01,-1.401134164857521e-01
1609043923760742903,2800,1609043923760742903,6.397503146053005e-01,-6.803726905355036e+00,-3.925533969515084e+00,7.536798073180436e-03,6.635957049228856e-04,9.901247129380093e-01,-1.399850318604426e-01
1609043923811510563,2801,1609043923811510563,6.377376864322259e-01,-6.836956326292846e+00,-3.927936275764942e+00,9.342874594955084e-03,1.358621845028832e-03,9.900891252233592e-01,-1.401227638730710e-01
1609043923932893515,2802,1609043923932893515,6.301904386215617e-01,-6.912232230666431e+00,-3.933291605830960e+00,7.710629575784277e-03,5.693747434563604e-03,9.900855178747530e-01,-1.401384841019003e-01
1609043924016406775,2803,1609043924016406775,6.256760218180498e-01,-6.963871055843235e+00,-3.940072842453588e+00,7.494427130890125e-03,4.337792039397229e-03,9.901180751999210e-01,-1.399686189279805e-01
1609043924119456768,2804,1609043924119456768,6.198256837828738e-01,-7.024582381546913e+00,-3.943064576372935e+00,6.711608456603086e-03,2.779405971690322e-03,9.898594968633204e-01,-1.418640394316476e-01
1609043924243344784,2805,1609043924243344784,6.084930424928588e-01,-7.096258757036068e+00,-3.946572962379466e+00,6.042625554595781e-03,1.114035389441609e-03,9.891867995982577e-01,-1.465323210152437e-01
1609043924345138788,2806,1609043924345138788,5.961806503032153e-01,-7.153979802490244e+00,-3.949451372647931e+00,4.748522563550193e-03,3.604248490023196e-04,9.879393920173435e-01,-1.547678239421661e-01
1609043924448178291,2807,1609043924448178291,5.821509473572419e-01,-7.217022410657114e+00,-3.951674178192053e+00,4.385634542235548e-03,-4.979529514559607e-04,9.854242675865615e-01,-1.700574347213577e-01
1609043924531794310,2808,1609043924531794310,5.670359196248390e-01,-7.266452495477194e+00,-3.953817564659314e+00,3.708782735490155e-03,-1.206315459547182e-03,9.829420712612953e-01,-1.838740717942255e-01
1609043924634531975,2809,1609043924634531975,5.477948583447939e-01,-7.321476297178779e+00,-3.940998708788339e+00,1.806152462392505e-03,4.065378904980645e-03,9.794822569046550e-01,-2.014813115815090e-01
1609043924738303661,2810,1609043924738303661,5.284280018013715e-01,-7.375621666866508e+00,-3.929706855953046e+00,2.764735874089577e-03,9.410401993140059e-03,9.768205972073505e-01,-2.138347994161596e-01
1609043924842008829,2811,1609043924842008829,5.018833602371595e-01,-7.427398016668278e+00,-3.923521308718476e+00,2.987443930194608e-03,1.241060984075336e-02,9.756464707281824e-01,-2.189772045163298e-01
1609043924912314415,2812,1609043924912314415,4.814079323076518e-01,-7.467060279380425e+00,-3.914915101636627e+00,1.792395324086455e-03,1.527965066405488e-02,9.753989532781328e-01,-2.199095303494366e-01
1609043925014027357,2813,1609043925014027357,4.486750505241209e-01,-7.526429522744088e+00,-3.905388060833921e+00,1.156401417051229e-05,1.640762520441647e-02,9.754544187225370e-01,-2.195893137110787e-01
1609043925116919041,2814,1609043925116919041,4.179922955576171e-01,-7.588795298172385e+00,-3.900436432587004e+00,-6.132028273422879e-03,1.382529256718555e-02,9.754619257266969e-01,-2.196481071447005e-01
1609043925219652891,2815,1609043925219652891,3.889574000558257e-01,-7.653182725721797e+00,-3.899084154477213e+00,-1.807448134925980e-02,8.243393064850677e-03,9.754294395802965e-01,-2.194146029661709e-01
1609043925342025280,2816,1609043925342025280,3.572525055475456e-01,-7.725880358301285e+00,-3.901121790450658e+00,-3.517227685116654e-02,2.260273278906033e-03,9.749845166412737e-01,-2.194606899095860e-01
1609043925425652981,2817,1609043925425652981,3.434751275936170e-01,-7.770747344721125e+00,-3.899474060745260e+00,-4.295396028412986e-02,1.749579367597928e-05,9.747096104810823e-01,-2.193083040507672e-01
1609043925548757792,2818,1609043925548757792,3.271737229368777e-01,-7.830898393352397e+00,-3.881977601619572e+00,-3.959146648354898e-02,2.616678459089385e-04,9.748548222981666e-01,-2.192955146682913e-01
1609043925651989698,2819,1609043925651989698,3.198092388518627e-01,-7.877350058869407e+00,-3.865143183304544e+00,-2.959755010368168e-02,2.168350988996288e-03,9.751737989788577e-01,-2.194432616121787e-01
1609043925734656572,2820,1609043925734656572,3.146435377874838e-01,-7.913072169340270e+00,-3.848604269626211e+00,-2.010275120936152e-02,4.958003204794405e-03,9.754147482745897e-01,-2.194022936216817e-01
1609043925857660770,2821,1609043925857660770,3.083443387331836e-01,-7.967200256630165e+00,-3.830911350549993e+00,-6.622837697227746e-03,1.132051732412083e-02,9.755000673132296e-01,-2.196078381575559e-01
1609043925960905552,2822,1609043925960905552,2.970765070704016e-01,-8.015294126176919e+00,-3.825556211458168e+00,-5.258418842743398e-03,1.061823640206318e-02,9.755644864946544e-01,-2.193935613854824e-01
1609043926011408091,2823,1609043926011408091,2.925147328181577e-01,-8.043539736763460e+00,-3.824829383427931e+00,-5.309695370709495e-03,9.590646821682459e-03,9.756272937248732e-01,-2.191602390208866e-01
1609043926132590055,2824,1609043926132590055,2.875269008945950e-01,-8.105444041978524e+00,-3.811603712004163e+00,9.360640938608846e-04,1.627641213555915e-02,9.756267741505549e-01,-2.188300704944085e-01
1609043926216189623,2825,1609043926216189623,2.829980029010734e-01,-8.148136607381174e+00,-3.803067120761609e+00,9.771599972388889e-04,2.024932285946460e-02,9.755562867876344e-01,-2.188125713737574e-01
1609043926319479227,2826,1609043926319479227,2.761302678259183e-01,-8.201695040162083e+00,-3.795273125545137e+00,1.667587262705787e-03,1.752385342348575e-02,9.756352003909716e-01,-2.186917681852303e-01
1609043926441831112,2827,1609043926441831112,2.671058528985286e-01,-8.268682039743782e+00,-3.785859017923207e+00,1.126185754869988e-03,1.690378898723620e-02,9.756486529980131e-01,-2.186840175382815e-01
1609043926525539160,2828,1609043926525539160,2.620374688886117e-01,-8.318214676987949e+00,-3.787089820454903e+00,-8.449150127058908e-04,1.618935390795304e-02,9.756801486444444e-01,-2.185988071326535e-01
1609043926628900290,2829,1609043926628900290,2.472534926031863e-01,-8.379959463424132e+00,-3.789842378621700e+00,-1.662265306141213e-02,6.162956196105394e-03,9.756987929637533e-01,-2.183977353023601e-01
1609043926752960920,2830,1609043926752960920,2.362885025075824e-01,-8.449055316067424e+00,-3.798147518210272e+00,-3.973461575363448e-02,-5.209885525625909e-04,9.750534202052181e-01,-2.183843323774525e-01
1609043926835033655,2831,1609043926835033655,2.345443045273547e-01,-8.491352991921874e+00,-3.806349646212193e+00,-5.547811410039545e-02,-5.511731279657282e-03,9.743465525222363e-01,-2.180380592057205e-01
1609043926938068390,2832,1609043926938068390,2.490006967039589e-01,-8.538002848420820e+00,-3.802943216946075e+00,-6.120072557074442e-02,-6.473338912675639e-03,9.739835213996966e-01,-2.181024234500456e-01
1609043927041159630,2833,1609043927041159630,2.685152694129045e-01,-8.581132657078355e+00,-3.796702311667462e+00,-5.600638915241592e-02,-4.143110220496495e-03,9.742579187145445e-01,-2.183291708265600e-01
1609043927130810022,2834,1609043927130810022,2.923585965032517e-01,-8.621368389243004e+00,-3.789441434572496e+00,-3.353439126441626e-02,2.102294876328873e-03,9.752329227305492e-01,-2.186132918676469e-01
1609043927232564926,2835,1609043927232564926,3.194108009024788e-01,-8.667385371885848e+00,-3.780243742407085e+00,-7.318139852091838e-03,8.871235837672437e-03,9.757716809714103e-01,-2.184888386578270e-01
1609043927335687876,2836,1609043927335687876,3.449609832520454e-01,-8.713284633666271e+00,-3.782732977721342e+00,2.866506588231237e-03,1.212901878720004e-02,9.757709742884187e-01,-2.184391809622749e-01
1609043927419151306,2837,1609043927419151306,3.641379902586415e-01,-8.748969878390451e+00,-3.788258800834737e+00,5.099339965743939e-03,1.307602988037724e-02,9.757567029564970e-01,-2.184075795615797e-01
1609043927522067547,2838,1609043927522067547,3.851891716592266e-01,-8.792853679405896e+00,-3.803749727145448e+00,-2.576766853800171e-03,1.171709393649707e-02,9.758160015337004e-01,-2.182640628528797e-01
1609043927625447750,2839,1609043927625447750,4.065421242215774e-01,-8.835179854752845e+00,-3.823844030283754e+00,-1.465742190183186e-02,9.722388810758265e-03,9.757540589191328e-01,-2.181619848686794e-01
1609043927728583097,2840,1609043927728583097,4.311715575283663e-01,-8.875613734496401e+00,-3.834132930043416e+00,-1.849741875628419e-02,8.252223516009098e-03,9.757637576731610e-01,-2.178872082476368e-01
1609043927831698179,2841,1609043927831698179,4.570694813689620e-01,-8.916034751661599e+00,-3.841209716520142e+00,-1.778783376233024e-02,9.462690592119054e-03,9.757603269006052e-01,-2.179124477941210e-01
1609043927934844732,2842,1609043927934844732,4.850278015498726e-01,-8.961513534804022e+00,-3.861624797059397e+00,-2.110331303615861e-02,6.913472486026142e-03,9.757031938593216e-01,-2.179681893529465e-01
1609043928038059235,2843,1609043928038059235,5.169508937243525e-01,-8.996645314453774e+00,-3.856747252842684e+00,-2.342388857667982e-02,-1.949020594805371e-03,9.754167610109831e-01,-2.191110793673181e-01
1609043928140746117,2844,1609043928140746117,5.534488521688531e-01,-9.039775403590284e+00,-3.853032404762017e+00,-2.134220757574357e-02,-4.398856012084343e-03,9.741262107074879e-01,-2.249517411674113e-01
1609043928211026669,2845,1609043928211026669,5.833645956788501e-01,-9.070092478563899e+00,-3.853626275110664e+00,-1.739075610635655e-02,-3.660060945005832e-03,9.719653016778366e-01,-2.344517389362685e-01
1609043928313066959,2846,1609043928313066959,6.187335445018424e-01,-9.111879208317610e+00,-3.850979245991318e+00,-1.329773187548997e-02,-1.989072084018389e-03,9.703556481446396e-01,-2.413071280194779e-01
1609043928415829420,2847,1609043928415829420,6.547187873012189e-01,-9.150836818427665e+00,-3.851592809670862e+00,-1.127845787998991e-02,-1.113232020195362e-03,9.689924206282258e-01,-2.468303989936620e-01
1609043928519320011,2848,1609043928519320011,6.890639384525835e-01,-9.185261930891164e+00,-3.849664029378325e+00,-9.091700605729468e-03,-6.345982037555127e-04,9.688553762120607e-01,-2.474594880989651e-01
1609043928642731667,2849,1609043928642731667,7.267236777928220e-01,-9.219859407312818e+00,-3.849148869831836e+00,-9.798966730651162e-03,1.053881774340678e-03,9.689034664930802e-01,-2.472426787630119e-01
1609043928745603800,2850,1609043928745603800,7.568677495258943e-01,-9.244710957188527e+00,-3.850167753191474e+00,-1.226818747649876e-02,3.617346504495885e-03,9.689822855403882e-01,-2.467989803245420e-01
1609043928848999500,2851,1609043928848999500,7.890930016475575e-01,-9.268287782943998e+00,-3.849876689167272e+00,-1.418156858063810e-02,6.806148565928632e-03,9.690515342453782e-01,-2.463568213607450e-01
1609043928952068090,2852,1609043928952068090,8.236689837394680e-01,-9.292868766765194e+00,-3.844000442844409e+00,-1.621448034962937e-02,9.402744775703084e-03,9.689980564953545e-01,-2.463563385137477e-01
1609043929034989595,2853,1609043929034989595,8.539914647026374e-01,-9.311844030381582e+00,-3.836464250308509e+00,-1.587543811549783e-02,1.215116928621950e-02,9.690141147982760e-01,-2.461949732860776e-01
1609043929138036966,2854,1609043929138036966,8.888209424999371e-01,-9.338871551123841e+00,-3.833185766206189e+00,-1.489576962608971e-02,1.676518408829527e-02,9.688922661583962e-01,-2.464646449862125e-01
1609043929241038799,2855,1609043929241038799,9.243439279132930e-01,-9.367373228103871e+00,-3.828485543198784e+00,-1.408078729356058e-02,1.889633736661011e-02,9.688390838317005e-01,-2.465674137096627e-01
1609043929311392307,2856,1609043929311392307,9.546440969745827e-01,-9.391618549592225e+00,-3.821283180720458e+00,-1.524398819598277e-02,1.831932715753244e-02,9.688515200821529e-01,-2.464929108734727e-01
1609043929413106680,2857,1609043929413106680,9.980389232014333e-01,-9.426930666791915e+00,-3.809389234764349e+00,-1.684974086386480e-02,1.620671893602154e-02,9.688482823034400e-01,-2.465490506406853e-01
1609043929535637617,2858,1609043929535637617,1.051986773709106e+00,-9.469216365172207e+00,-3.798715236074039e+00,-1.851546788530507e-02,1.381741358883821e-02,9.687901555372127e-01,-2.468033449224030e-01
1609043929638649940,2859,1609043929638649940,1.099563129130727e+00,-9.505754431010986e+00,-3.788527177110785e+00,-1.928546499852364e-02,1.328549501284300e-02,9.687316387957151e-01,-2.470031952388933e-01
1609043929742820740,2860,1609043929742820740,1.146960022432998e+00,-9.542088524921434e+00,-3.777981360452144e+00,-1.684632955509277e-02,1.511150407084976e-02,9.687319106546739e-01,-2.470755530289931e-01
1609043929825522900,2861,1609043929825522900,1.183348509891295e+00,-9.569047750392919e+00,-3.772678472037777e+00,-1.471711226891492e-02,1.679277065186736e-02,9.687350588642410e-01,-2.470906618785776e-01
1609043929948429823,2862,1609043929948429823,1.238665027684045e+00,-9.611859454707503e+00,-3.762664860885826e+00,-1.220280164583254e-02,1.743769959756936e-02,9.686989357354081e-01,-2.473244633468862e-01
1609043930032233477,2863,1609043930032233477,1.278503303240992e+00,-9.641327113177457e+00,-3.760192545080107e+00,-1.096227421297234e-02,1.789752925038379e-02,9.687457310704969e-01,-2.471663721534542e-01
1609043930154417515,2864,1609043930154417515,1.335341929589711e+00,-9.686729175188896e+00,-3.753231497129509e+00,-6.266288253817994e-03,2.105796268797940e-02,9.686955103996789e-01,-2.472777870542711e-01
1609043930238007069,2865,1609043930238007069,1.373392676741169e+00,-9.720285056977756e+00,-3.750183228818040e+00,-4.953702907618688e-03,2.130333145264189e-02,9.687100623873947e-01,-2.472295369205149e-01
1609043930341063499,2866,1609043930341063499,1.418736059482248e+00,-9.764588138082495e+00,-3.745472438273712e+00,-3.924808492938118e-03,2.077452815147272e-02,9.687768977901955e-01,-2.470310449445223e-01
1609043930411262035,2867,1609043930411262035,1.459163966201432e+00,-9.804006144053959e+00,-3.737461285322840e+00,-2.543265102947444e-03,1.879416593190166e-02,9.688462216466573e-01,-2.469358417292566e-01
1609043930512879610,2868,1609043930512879610,1.512907914443111e+00,-9.861426992894176e+00,-3.726330031113644e+00,-8.280878359206306e-04,1.708108616814661e-02,9.688812098932076e-01,-2.469347117797064e-01
1609043930635619402,2869,1609043930635619402,1.571108772331597e+00,-9.932902535497783e+00,-3.713640736701191e+00,1.538674882260757e-04,1.519863505804203e-02,9.688650871963344e-01,-2.471222786986393e-01
1609043930719106436,2870,1609043930719106436,1.607712453923095e+00,-9.982336595438495e+00,-3.703636214281667e+00,1.505452235036418e-04,1.473955066392510e-02,9.688171833260021e-01,-2.473378019523764e-01
1609043930842158079,2871,1609043930842158079,1.658599175054181e+00,-1.005427577762369e+01,-3.686453727371326e+00,-1.371491882799271e-03,1.438183858830592e-02,9.686476778835461e-01,-2.480180595433513e-01
1609043930945015669,2872,1609043930945015669,1.701386362765632e+00,-1.011839445649081e+01,-3.674100069399798e+00,-3.202493696377907e-03,1.449365272477799e-02,9.669532844466933e-01,-2.545211656475161e-01
1609043931048050880,2873,1609043931048050880,1.744630453580013e+00,-1.018524352642350e+01,-3.660803297104607e+00,-4.888648830753661e-03,1.369807514993589e-02,9.638021745126042e-01,-2.662213970637443e-01
1609043931131447315,2874,1609043931131447315,1.777950716097415e+00,-1.024035861629061e+01,-3.654984356828693e+00,-5.920227940483250e-03,1.363781702039657e-02,9.605068850514517e-01,-2.778587493976183e-01
1609043931234038115,2875,1609043931234038115,1.821068268661915e+00,-1.030948139017640e+01,-3.646878804544668e+00,-6.666212505456208e-03,1.259202402349210e-02,9.556825482268202e-01,-2.940541949309947e-01
1609043931357141256,2876,1609043931357141256,1.870974810534833e+00,-1.039393629989260e+01,-3.636727161820384e+00,-8.058071441323712e-03,1.121421842443379e-02,9.495618961033971e-01,-3.132754606704724e-01
1609043931440998793,2877,1609043931440998793,1.903837762235392e+00,-1.044868717375888e+01,-3.630547686750758e+00,-1.045752095546347e-02,9.290961791401490e-03,9.470889365179521e-01,-3.206662823088066e-01
1609043931511735916,2878,1609043931511735916,1.934608469957036e+00,-1.049499802489985e+01,-3.623699681470346e+00,-1.492925641384178e-02,6.099917029896954e-03,9.462132356494007e-01,-3.231414875825292e-01
1609043931613692522,2879,1609043931613692522,1.977150655564062e+00,-1.056101336112897e+01,-3.619786744560432e+00,-1.680541571488665e-02,5.444590661799087e-03,9.459415523735396e-01,-3.238556992370422e-01
1609043931716763973,2880,1609043931716763973,2.024609319672215e+00,-1.063112979904097e+01,-3.616926767966746e+00,-1.601506662854249e-02,5.736388971398045e-03,9.459880040201808e-01,-3.237550119030846e-01
1609043931819948673,2881,1609043931819948673,2.069607501593593e+00,-1.069670455977265e+01,-3.618808149489281e+00,-1.379025851110763e-02,6.550921536756782e-03,9.460935809554578e-01,-3.235333835512105e-01
1609043931942174911,2882,1609043931942174911,2.122335907362230e+00,-1.077508523345118e+01,-3.626518521596665e+00,-1.263809520525445e-02,6.103008527602957e-03,9.460221784076592e-01,-3.237978841767225e-01
1609043932045540333,2883,1609043932045540333,2.162888149919390e+00,-1.083835878495039e+01,-3.641174636089615e+00,-1.794935348057678e-02,3.371026634258395e-03,9.458962595881175e-01,-3.239548162726851e-01
1609043932128685951,2884,1609043932128685951,2.196989764769133e+00,-1.088413160575251e+01,-3.653684872793475e+00,-2.507488516416807e-02,-1.038413398868943e-04,9.456334673685213e-01,-3.242662251045704e-01
1609043932232285261,2885,1609043932232285261,2.244722484956880e+00,-1.093462008896207e+01,-3.665960264223970e+00,-3.097074744158326e-02,-2.076685853653523e-03,9.453613165076403e-01,-3.245434969764701e-01
1609043932354145527,2886,1609043932354145527,2.303272561658047e+00,-1.099160230486951e+01,-3.678467905369947e+00,-3.537786158683624e-02,-1.398392236403789e-02,9.454098184444163e-01,-3.236558851832528e-01
1609043932437557697,2887,1609043932437557697,2.345069102735667e+00,-1.101952140251950e+01,-3.693231884229591e+00,-3.278701734594351e-02,-9.972708480553710e-03,9.460051834345663e-01,-3.223348406456421e-01
1609043932540425062,2888,1609043932540425062,2.397447112608355e+00,-1.105289066814950e+01,-3.695890135242110e+00,-2.681944847880803e-02,-5.542472197803588e-03,9.466285789747568e-01,-3.211609123997844e-01
1609043932610778093,2889,1609043932610778093,2.438029502497417e+00,-1.107969260243700e+01,-3.699712537416460e+00,-1.848520470157188e-02,-3.817698981238077e-03,9.471676550470647e-01,-3.201830033188430e-01
1609043932732545137,2890,1609043932732545137,2.513421164052720e+00,-1.112296784296866e+01,-3.701155618470581e+00,-8.902489825399647e-03,5.472582734230219e-04,9.474065924660947e-01,-3.199081035783151e-01
1609043932835843086,2891,1609043932835843086,2.572299521775572e+00,-1.116077436459610e+01,-3.694031304975516e+00,-1.405055262354098e-03,3.601558289014845e-03,9.475270147746424e-01,-3.196523281158062e-01
1609043932938917875,2892,1609043932938917875,2.629144125355093e+00,-1.119545324356372e+01,-3.690958107817472e+00,8.603192457993436e-03,6.655247686302045e-03,9.474682221412339e-01,-3.196649195490402e-01
1609043933021960974,2893,1609043933021960974,2.668460948816087e+00,-1.122087268468980e+01,-3.688655903972390e+00,1.549930407636938e-02,6.457177570173430e-03,9.473594545294701e-01,-3.197313565238795e-01
1609043933125154495,2894,1609043933125154495,2.712623476463819e+00,-1.125195830423488e+01,-3.691411201856549e+00,2.016984275876133e-02,5.147051193418736e-03,9.474657036299257e-01,-3.191793003190357e-01
1609043933228272200,2895,1609043933228272200,2.750765031803801e+00,-1.128058607540028e+01,-3.698311404835723e+00,2.128388535163264e-02,2.630173739163673e-03,9.476034424756057e-01,-3.187284019644652e-01
1609043933352331161,2896,1609043933352331161,2.790402317241865e+00,-1.132037561482476e+01,-3.708026667550253e+00,1.562196725369910e-02,5.058752160244128e-03,9.475809066885317e-01,-3.190936985354706e-01
1609043933434328794,2897,1609043933434328794,2.812028509208559e+00,-1.134650388725472e+01,-3.717552451922080e+00,1.033862203109090e-02,8.064303386220216e-03,9.476519761596853e-01,-3.190357534603867e-01
1609043933537414789,2898,1609043933537414789,2.837856923880236e+00,-1.138067978559343e+01,-3.722165614272098e+00,4.792123381469685e-03,6.599499052632437e-03,9.475727702895304e-01,-3.194359515952708e-01
1609043933660269260,2899,1609043933660269260,2.865962418113034e+00,-1.141856985875868e+01,-3.732138682780137e+00,-1.496411628113930e-04,5.024633121527210e-03,9.475843206258244e-01,-3.194662516974390e-01
1609043933710835218,2900,1609043933710835218,2.882065351132159e+00,-1.143879330580168e+01,-3.734914410347383e+00,-2.013373535204043e-03,5.052662099930626e-03,9.474896737454310e-01,-3.197401055208565e-01
1609043933812722921,2901,1609043933812722921,2.906505626948129e+00,-1.147756753337463e+01,-3.739835959426240e+00,-1.742920333556813e-03,5.164976616890491e-03,9.475614712855189e-01,-3.195270620471458e-01
1609043933935464382,2902,1609043933935464382,2.929712112211199e+00,-1.152456903452972e+01,-3.742287053825277e+00,-2.701462413363871e-03,5.770306160053132e-03,9.475823344529055e-01,-3.194481571404512e-01
1609043934018958092,2903,1609043934018958092,2.945384535434459e+00,-1.155752407928342e+01,-3.747776454319637e+00,-7.178534749532759e-03,3.882886990637324e-03,9.476703464219109e-01,-3.191462146729034e-01
1609043934141877413,2904,1609043934141877413,2.963166473334893e+00,-1.160275317102125e+01,-3.758006344966654e+00,-1.972768418302867e-02,-1.304617487667019e-03,9.474414855924962e-01,-3.193176284333039e-01
1609043934225143433,2905,1609043934225143433,2.974992536968208e+00,-1.162855915277259e+01,-3.764767762696899e+00,-2.689962342024025e-02,-5.554466096066516e-03,9.472373864081091e-01,-3.193538663566976e-01
1609043934328257084,2906,1609043934328257084,2.996438396963736e+00,-1.165465805394423e+01,-3.772951364964400e+00,-3.360973715011317e-02,-8.043398851613089e-03,9.469618340523772e-01,-3.194823534278103e-01
1609043934451033831,2907,1609043934451033831,3.023933227565193e+00,-1.168010795841541e+01,-3.784542029448538e+00,-3.993836495364591e-02,-9.297963917500613e-03,9.465672803681724e-01,-3.198888222620793e-01
1609043934554064989,2908,1609043934554064989,3.051677183033446e+00,-1.169560267436676e+01,-3.790126375661284e+00,-4.288222407027014e-02,-9.682068438372764e-03,9.463583927552770e-01,-3.201142996980779e-01
1609043934657017469,2909,1609043934657017469,3.085483596645542e+00,-1.170304256954951e+01,-3.794661587217115e+00,-4.238275486115709e-02,-9.525100560274174e-03,9.464413314599041e-01,-3.199402766987923e-01
1609043934740390062,2910,1609043934740390062,3.114473494530567e+00,-1.170575931356135e+01,-3.794259947717789e+00,-3.952735563046161e-02,-9.499573393445863e-03,9.464371677391084e-01,-3.203186441407688e-01
1609043934830343962,2911,1609043934830343962,3.155911097886660e+00,-1.170640909945602e+01,-3.792982869452129e+00,-3.586400887166351e-02,-8.279467513397178e-03,9.466817813347473e-01,-3.200606632721642e-01
1609043934912053108,2912,1609043934912053108,3.193995033969143e+00,-1.170191005498934e+01,-3.791469321030439e+00,-3.366249063544265e-02,-6.332105714312421e-03,9.468395882813058e-01,-3.198773752936104e-01
1609043935015465975,2913,1609043935015465975,3.245965783944309e+00,-1.169355319010789e+01,-3.788404453156800e+00,-2.411009665596827e-02,-5.052418486139203e-03,9.471923766048007e-01,-3.197182791277816e-01
1609043935118493080,2914,1609043935118493080,3.295150605359352e+00,-1.168375385143663e+01,-3.780876569947480e+00,-1.034037398732950e-02,-6.571117540261748e-03,9.474228263780420e-01,-3.197497226549489e-01
1609043935221585512,2915,1609043935221585512,3.339938840758263e+00,-1.167181215350283e+01,-3.782675819218352e+00,-1.062728352830068e-03,-1.082291014857344e-02,9.476324038616420e-01,-3.191779478218537e-01
1609043935344837427,2916,1609043935344837427,3.388620646705216e+00,-1.165058267717434e+01,-3.784990509547459e+00,8.033853352076773e-03,-2.227858411853725e-02,9.475750512162378e-01,-3.186544275583425e-01
1609043935428199291,2917,1609043935428199291,3.419332525100563e+00,-1.163255485191194e+01,-3.789465941702946e+00,1.056261189988610e-02,-2.540651071893274e-02,9.474734977883342e-01,-3.186485704215237e-01
1609043935550413609,2918,1609043935550413609,3.454365771466952e+00,-1.159970533134357e+01,-3.792459260328068e+00,1.365082177851351e-02,-2.878951004744884e-02,9.472723057653744e-01,-3.188416502057883e-01
1609043935654245615,2919,1609043935654245615,3.479285887032718e+00,-1.156669978179608e+01,-3.799767161669910e+00,1.474950699800610e-02,-2.852582274033491e-02,9.472969718759849e-01,-3.187431200118559e-01
1609043935757584810,2920,1609043935757584810,3.498550709800175e+00,-1.152901468328504e+01,-3.800691194242103e+00,1.554225843483781e-02,-2.858481367623666e-02,9.471559076597666e-01,-3.191191520655617e-01
1609043935840693235,2921,1609043935840693235,3.506112718151719e+00,-1.149669236156142e+01,-3.805207514067641e+00,1.628321342396911e-02,-2.728471563247415e-02,9.472621509400692e-01,-3.188805711388489e-01
1609043935910778046,2922,1609043935910778046,3.511559252926578e+00,-1.145957541055343e+01,-3.806783297853368e+00,1.494147322646920e-02,-2.484934244951073e-02,9.474110122145690e-01,-3.187030537855192e-01
1609043936032106400,2923,1609043936032106400,3.511670324878160e+00,-1.139253349495189e+01,-3.809459484890094e+00,1.447145996730083e-02,-2.286312989210139e-02,9.474754428149138e-01,-3.186818780549576e-01
1609043936115609407,2924,1609043936115609407,3.504956470451746e+00,-1.134374389983458e+01,-3.810876352718050e+00,1.125704819486344e-02,-1.176797554548491e-02,9.476432384497488e-01,-3.189154844750756e-01
1609043936238680840,2925,1609043936238680840,3.490655343121797e+00,-1.127602417833868e+01,-3.811303728751597e+00,4.946889382109818e-03,8.006959960887452e-03,9.475921657184241e-01,-3.193438653656783e-01
1609043936321780205,2926,1609043936321780205,3.479891977403450e+00,-1.123502397489551e+01,-3.810368101427274e+00,1.595895340049057e-03,1.587776747448183e-02,9.475201701065714e-01,-3.192974739319183e-01
1609043936424884796,2927,1609043936424884796,3.465142566783068e+00,-1.118531686827957e+01,-3.810171814272862e+00,-2.941896924452622e-04,1.894418180737927e-02,9.474189056607348e-01,-3.194345764388847e-01
1609043936528103113,2928,1609043936528103113,3.447405908778075e+00,-1.114130057258528e+01,-3.809302195503345e+00,-1.033916264064386e-03,2.021570297692895e-02,9.476567261548713e-01,-3.186486870265416e-01
1609043936631173611,2929,1609043936631173611,3.428998387908754e+00,-1.109654849254226e+01,-3.806498833297288e+00,-9.121917647545757e-04,1.810513397090045e-02,9.490583978209036e-01,-3.145783361194788e-01
1609043936753767252,2930,1609043936753767252,3.403341830195380e+00,-1.104664025624662e+01,-3.805581089915718e+00,1.272826406063058e-03,1.617080130219951e-02,9.510034259752688e-01,-3.087545447138978e-01
1609043936856821060,2931,1609043936856821060,3.382309148947335e+00,-1.100695847369352e+01,-3.804537962777239e+00,3.509435293088265e-03,1.396039334705350e-02,9.524196039064823e-01,-3.044498142159705e-01
1609043936960517168,2932,1609043936960517168,3.357465536136921e+00,-1.096984547397011e+01,-3.809782751564589e+00,5.181545918903783e-03,1.192712640231824e-02,9.536374033829538e-01,-3.006768998554608e-01
1609043937030309200,2933,1609043937030309200,3.334363209344881e+00,-1.094203509732812e+01,-3.807477961546283e+00,5.981678806979009e-03,9.620709253398668e-03,9.548121158344188e-01,-2.969940823112681e-01
1609043937131748199,2934,1609043937131748199,3.300570583179361e+00,-1.090257082707060e+01,-3.808910145561026e+00,6.772573976642111e-03,8.952950901455098e-03,9.559622488836746e-01,-2.932748806515049e-01
1609043937234616995,2935,1609043937234616995,3.265722692358832e+00,-1.086582287645344e+01,-3.812624918896528e+00,6.922405738807350e-03,8.963645921072854e-03,9.571372237836644e-01,-2.894133172441941e-01
1609043937318775654,2936,1609043937318775654,3.236876668314080e+00,-1.083409980197900e+01,-3.814735640789841e+00,7.530289546245708e-03,8.981702725050349e-03,9.584057055862352e-01,-2.851685944406560e-01
1609043937421509027,2937,1609043937421509027,3.199921375929973e+00,-1.079948353688211e+01,-3.816818731418659e+00,7.847221339248648e-03,9.986593440728270e-03,9.602486337875827e-01,-2.788570429051120e-01
1609043937544355869,2938,1609043937544355869,3.154102046574063e+00,-1.076306363418829e+01,-3.826307328276823e+00,7.503235034998414e-03,1.115348264239491e-02,9.622654322687463e-01,-2.717803141318341e-01
1609043937647113085,2939,1609043937647113085,3.117017283193486e+00,-1.073923900728384e+01,-3.831313835099752e+00,6.633071083226542e-03,1.020963644133017e-02,9.640271032412956e-01,-2.655249704037967e-01
1609043937750441074,2940,1609043937750441074,3.072913505910859e+00,-1.071573863869442e+01,-3.838649071649478e+00,5.936326728730400e-03,1.087043401267493e-02,9.657256967060700e-01,-2.592691119491901e-01
1609043937833635807,2941,1609043937833635807,3.037304033383331e+00,-1.069767689014646e+01,-3.840211491023638e+00,5.829953505585247e-03,1.043289601723555e-02,9.671263286146852e-01,-2.540154145383632e-01
1609043937936587811,2942,1609043937936587811,2.988783997704561e+00,-1.067669145153319e+01,-3.846365413859582e+00,6.331035115714447e-03,1.019108737338318e-02,9.686594830062835e-01,-2.481025306491477e-01
1609043938059102774,2943,1609043938059102774,2.927607346353080e+00,-1.065421019156318e+01,-3.843855683786410e+00,8.221531853435857e-03,7.287017155955222e-03,9.702279394965028e-01,-2.419443142859994e-01
1609043938109892130,2944,1609043938109892130,2.892371129461254e+00,-1.064577934394974e+01,-3.841835567718605e+00,8.828089470099847e-03,5.808271824065164e-03,9.710345848740233e-01,-2.387051817478184e-01
1609043938231759548,2945,1609043938231759548,2.816655935520429e+00,-1.062366559601666e+01,-3.838840400936362e+00,9.527070871722011e-03,6.330770018034063e-03,9.721314108620568e-01,-2.341573750427925e-01
1609043938314855337,2946,1609043938314855337,2.762717178270224e+00,-1.060529847461886e+01,-3.835385695974366e+00,9.165783760953580e-03,6.071642887205160e-03,9.727419683494409e-01,-2.316294164659425e-01
1609043938418114185,2947,1609043938418114185,2.696003199352460e+00,-1.058340712784594e+01,-3.832584895796826e+00,8.024682097324459e-03,7.472804712704142e-03,9.733830017896868e-01,-2.289220249208478e-01
1609043938521143913,2948,1609043938521143913,2.627737494318793e+00,-1.056234610954372e+01,-3.829980300317712e+00,8.532129591645000e-03,5.670703708685057e-03,9.744452966142589e-01,-2.243911981126462e-01
1609043938624406576,2949,1609043938624406576,2.561237714696822e+00,-1.054277397255054e+01,-3.824624226101268e+00,8.829772442010190e-03,3.677768295457836e-03,9.759694035661968e-01,-2.176975710512856e-01
1609043938727470398,2950,1609043938727470398,2.490382875459537e+00,-1.052606059006493e+01,-3.833311976449545e+00,-2.964950630612891e-04,9.807526170464376e-03,9.771156939187290e-01,-2.124821056437789e-01
1609043938830607891,2951,1609043938830607891,2.420220386592563e+00,-1.051406370559286e+01,-3.838389624509360e+00,-1.454617985238207e-02,1.139902697508074e-02,9.778953521303538e-01,-2.082766216299252e-01
1609043938933479548,2952,1609043938933479548,2.355600861629660e+00,-1.050609415371914e+01,-3.842826621802367e+00,-2.611134788878827e-02,1.117872762696958e-02,9.783305378199433e-01,-2.050916681121238e-01
1609043939056091309,2953,1609043939056091309,2.282972495027997e+00,-1.049651045162375e+01,-3.842288317668150e+00,-3.568879321682816e-02,9.218491553338528e-03,9.788208282703302e-01,-2.013730756491357e-01
1609043939159249067,2954,1609043939159249067,2.226960968253112e+00,-1.048683387417080e+01,-3.834686112877103e+00,-4.059674814185278e-02,6.511596907395452e-03,9.796143209713700e-01,-1.966349035492537e-01
1609043939229466438,2955,1609043939229466438,2.186771943839807e+00,-1.047997212600051e+01,-3.829898548839436e+00,-4.648456513096669e-02,4.432450656855114e-03,9.800732848649828e-01,-1.930696632817328e-01
1609043939311681509,2956,1609043939311681509,2.141396974931255e+00,-1.046782668637198e+01,-3.823011173096216e+00,-5.313183154959553e-02,4.394141956137584e-03,9.801896154005471e-01,-1.907511935836378e-01
1609043939414528608,2957,1609043939414528608,2.098777028231550e+00,-1.044966965467273e+01,-3.811830344406867e+00,-5.491126202414499e-02,4.230455452026253e-03,9.806672042922100e-01,-1.877729772232553e-01
1609043939537439585,2958,1609043939537439585,2.058878778109453e+00,-1.042432177821500e+01,-3.787283849492592e+00,-5.193777308503495e-02,4.248757060385556e-03,9.816059618271875e-01,-1.836685914785957e-01
1609043939640460014,2959,1609043939640460014,2.038277169536704e+00,-1.040060078873292e+01,-3.765169692214498e+00,-5.040875803533056e-02,3.178359647382647e-03,9.823064694449024e-01,-1.803409416354994e-01
1609043939723628998,2960,1609043939723628998,2.028879198721507e+00,-1.037808216413587e+01,-3.748351395919938e+00,-4.983884081142066e-02,3.730928255958436e-03,9.828669316071632e-01,-1.774112873355091e-01
1609043939826668262,2961,1609043939826668262,2.028028969119619e+00,-1.035522200518116e+01,-3.729199063716718e+00,-5.107267335956420e-02,3.113425046337313e-03,9.833240468340576e-01,-1.745156369448886e-01
1609043939930091619,2962,1609043939930091619,2.036601821964936e+00,-1.032863906455056e+01,-3.709934601596835e+00,-4.963294944302123e-02,2.529705977978666e-03,9.839314855727938e-01,-1.714905321461418e-01
1609043940052839041,2963,1609043940052839041,2.055865431433669e+00,-1.029430327571162e+01,-3.671331480426486e+00,-2.940660295339174e-02,1.368536123790946e-02,9.853930528218335e-01,-1.671780309759538e-01
1609043940136651754,2964,1609043940136651754,2.071510908455736e+00,-1.027716786241981e+01,-3.649536164246938e+00,-1.489957695771645e-02,2.199809840314221e-02,9.860637480659428e-01,-1.642326734339787e-01
1609043940239630222,2965,1609043940239630222,2.086549750997924e+00,-1.025753242383015e+01,-3.635840463394933e+00,-7.066306093939606e-03,2.102456318931636e-02,9.866193626747136e-01,-1.615248224150928e-01
1609043940309781313,2966,1609043940309781313,2.098048547337754e+00,-1.024507519925347e+01,-3.625341130925772e+00,-7.281707144833238e-03,1.489669995379365e-02,9.870230563411548e-01,-1.597202282821721e-01
1609043940411680222,2967,1609043940411680222,2.117667265442610e+00,-1.023060524688159e+01,-3.611911726139127e+00,-1.218100626384783e-02,9.787223996134556e-03,9.874550171797946e-01,-1.571254988195787e-01
1609043940514709234,2968,1609043940514709234,2.139707387688783e+00,-1.021502235106729e+01,-3.601319967741760e+00,-1.848336649904565e-02,4.660133557963026e-03,9.877202727957040e-01,-1.550655055983248e-01
1609043940617753506,2969,1609043940617753506,2.165584157740342e+00,-1.019844141524783e+01,-3.584540981140845e+00,-1.546864820554689e-02,1.903481728098739e-03,9.879924435347217e-01,-1.537141151563306e-01
1609043940720979691,2970,1609043940720979691,2.188167740665377e+00,-1.018168950938581e+01,-3.569559626068008e+00,-1.146532450572380e-02,-1.347189203659002e-03,9.883892804335583e-01,-1.515036690620430e-01
1609043940843973637,2971,1609043940843973637,2.214283234047476e+00,-1.015949875585201e+01,-3.551810404142526e+00,-1.569769989248864e-03,-2.177699496385768e-03,9.886737932486133e-01,-1.500564026973947e-01
1609043940927057743,2972,1609043940927057743,2.229305834691094e+00,-1.014404988418191e+01,-3.549079706240946e+00,2.868630915699653e-03,-2.817290594298632e-03,9.887731596213678e-01,-1.493702535405028e-01
1609043941049522400,2973,1609043941049522400,2.247127237404421e+00,-1.011873507092880e+01,-3.549126820767463e+00,6.747167909369038e-03,-1.564351157462724e-02,9.887184464950782e-01,-1.488139436718767e-01
1609043941132833004,2974,1609043941132833004,2.256355520664381e+00,-1.009932717483363e+01,-3.548458525268504e+00,8.047537485776598e-03,-2.120025092113547e-02,9.887113430544544e-01,-1.481069431753721e-01
1609043941255865574,2975,1609043941255865574,2.263511021540469e+00,-1.006194068249347e+01,-3.551557428628427e+00,6.571070713028960e-03,-2.417262565511452e-02,9.889234647659781e-01,-1.462972523114337e-01
1609043941359172821,2976,1609043941359172821,2.266674238740650e+00,-1.002534573468277e+01,-3.564200959742942e+00,2.187333627997425e-03,-2.152282431351652e-02,9.892610330017316e-01,-1.445496184343508e-01
1609043941409573555,2977,1609043941409573555,2.272521340268153e+00,-1.000259119951407e+01,-3.575694625201530e+00,-2.973338114397104e-03,-2.042998054358403e-02,9.894773137552848e-01,-1.432076140401476e-01
1609043941511477709,2978,1609043941511477709,2.276357537945977e+00,-9.956466233981089e+00,-3.582506336847671e+00,-8.946264777689778e-03,-1.815237618811348e-02,9.896943803678167e-01,-1.417585590136138e-01
1609043941614663601,2979,1609043941614663601,2.279326411491942e+00,-9.907154424366814e+00,-3.602784058090610e+00,-1.491893301154899e-02,-3.972364846580897e-02,9.892334232882948e-01,-1.400595995984690e-01
1609043941717411280,2980,1609043941717411280,2.281939358471596e+00,-9.852404567891909e+00,-3.619494304034068e+00,-1.625286958945451e-02,-4.515265700771742e-02,9.891048821928859e-01,-1.391711673352239e-01
1609043941820639372,2981,1609043941820639372,2.284219287931231e+00,-9.786198088120345e+00,-3.636895799801581e+00,-1.701461551556972e-02,-4.778213513876420e-02,9.890498691211032e-01,-1.385919435319633e-01
1609043941943778515,2982,1609043941943778515,2.282163626078660e+00,-9.694206242313729e+00,-3.643908653486982e+00,-1.489957436327935e-02,-4.245198527480191e-02,9.893569624219081e-01,-1.383785840992622e-01
1609043942047270060,2983,1609043942047270060,2.283492227941779e+00,-9.605657022161834e+00,-3.645391600372842e+00,-1.022116539090683e-02,-2.658236275395915e-02,9.900064377484782e-01,-1.381164689131510e-01
1609043942149773598,2984,1609043942149773598,2.284722524916786e+00,-9.509660245549096e+00,-3.650935560501780e+00,-7.983441215769717e-03,-1.614117554092476e-03,9.903893463069594e-01,-1.380673821456383e-01
1609043942233049154,2985,1609043942233049154,2.286814383545489e+00,-9.432589217595321e+00,-3.661807535729964e+00,-4.819985150517294e-03,2.239503729040735e-02,9.902038035413691e-01,-1.377376400992703e-01
1609043942336233616,2986,1609043942336233616,2.288037339357698e+00,-9.345094594199441e+00,-3.676577354473419e+00,-3.181936324551129e-03,4.146702886556337e-02,9.896456943705936e-01,-1.373745260666433e-01
1609043942439195633,2987,1609043942439195633,2.288311442379756e+00,-9.267580361067543e+00,-3.684954473161194e+00,-2.541219328536195e-03,3.960106606510953e-02,9.897521299815289e-01,-1.371714947350864e-01
1609043942509498835,2988,1609043942509498835,2.288754587201695e+00,-9.209081461829738e+00,-3.695433922561080e+00,-3.199491175713644e-03,3.511915026810175e-02,9.899158854160781e-01,-1.371967504774270e-01
1609043942631247520,2989,1609043942631247520,2.286430618315200e+00,-9.117724774911460e+00,-3.709109934567346e+00,-1.111724634407425e-02,3.452864127062585e-02,9.898703261462957e-01,-1.372622205151727e-01
1609043942734692335,2990,1609043942734692335,2.287691489155467e+00,-9.049431950772744e+00,-3.721465328139859e+00,-1.521898766283662e-02,2.960923099327841e-02,9.900983413631405e-01,-1.363706357118845e-01
1609043942818014145,2991,1609043942818014145,2.288751293037951e+00,-8.997712203371536e+00,-3.728248185461580e+00,-1.719143335559766e-02,2.698557497243211e-02,9.906064904288238e-01,-1.329474124715353e-01
1609043942920945644,2992,1609043942920945644,2.292316848772101e+00,-8.941445032908712e+00,-3.730470326715831e+00,-1.320030651528273e-02,2.564634801045308e-02,9.912228616243591e-01,-1.290164924916428e-01
1609043943044175386,2993,1609043943044175386,2.293057737412687e+00,-8.882994867823417e+00,-3.726176465355688e+00,-5.806524882904378e-03,2.386396387773171e-02,9.920327763660103e-01,-1.235628023005793e-01
1609043943127844572,2994,1609043943127844572,2.292804942636549e+00,-8.843952945726095e+00,-3.718741970060141e+00,-2.339024262451255e-03,2.431355480622763e-02,9.926517535029112e-01,-1.185152997961858e-01
1609043943250216722,2995,1609043943250216722,2.295265237451751e+00,-8.790633482331540e+00,-3.715294648462464e+00,-2.042118818024105e-04,2.422496454797760e-02,9.938893817405433e-01,-1.076893971269096e-01
1609043943333522320,2996,1609043943333522320,2.297722796355958e+00,-8.758506011098195e+00,-3.714308041509855e+00,4.005170555423489e-04,2.336579143543930e-02,9.945314053510291e-01,-1.017897988365778e-01
1609043943456931114,2997,1609043943456931114,2.296949329395759e+00,-8.718420878054053e+00,-3.725977470370440e+00,-1.032512713266843e-03,2.432654118328440e-02,9.952380087976858e-01,-9.438463410943912e-02
1609043943559688807,2998,1609043943559688807,2.295040461808079e+00,-8.689358709456524e+00,-3.737995628527854e+00,-3.652087729144489e-03,2.287748786570023e-02,9.957895557280747e-01,-8.869297326765463e-02
1609043943610092640,2999,1609043943610092640,2.296352659996401e+00,-8.675781460104314e+00,-3.739261064858937e+00,-5.732253613473074e-03,2.028166509647712e-02,9.961756873433995e-01,-8.479266050390630e-02
1609043943731866598,3000,1609043943731866598,2.293272161745878e+00,-8.645113702906542e+00,-3.746349967355485e+00,-5.440270780415929e-03,1.991652599959540e-02,9.966705323192724e-01,-7.887702740571238e-02
1609043943814660072,3001,1609043943814660072,2.289852137328594e+00,-8.627860297937390e+00,-3.748543405403638e+00,-5.313194677901065e-03,1.747784464180113e-02,9.969555120146312e-01,-7.580238764469331e-02
1609043943938190699,3002,1609043943938190699,2.284284590799770e+00,-8.603537801543064e+00,-3.754329273325432e+00,-4.786038400141856e-03,1.005239435466159e-02,9.973900655742504e-01,-7.133793028931783e-02
1609043944041532755,3003,1609043944041532755,2.280343982962099e+00,-8.583809785403101e+00,-3.756520926163598e+00,-3.726151243295994e-03,1.320212498921365e-03,9.976774671634357e-01,-6.800032610378492e-02
1609043944144176245,3004,1609043944144176245,2.273560656671314e+00,-8.564847139657026e+00,-3.759075939849117e+00,-3.110631344214521e-03,-7.758062878986565e-03,9.978207314339946e-01,-6.545169481025069e-02
1609043944227503538,3005,1609043944227503538,2.265503990340555e+00,-8.548286150069428e+00,-3.760511756884852e+00,-3.306082815876386e-03,-1.339728284622576e-02,9.979085546056523e-01,-6.315139961719360e-02
1609043944351126671,3006,1609043944351126671,2.258110160228623e+00,-8.522707812318304e+00,-3.761728367433193e+00,-3.024427000642877e-03,-1.910057195893036e-02,9.979709121230658e-01,-6.066365920726994e-02
1609043944433887720,3007,1609043944433887720,2.253659520174570e+00,-8.505098029191078e+00,-3.750317264955928e+00,-2.709996109732723e-03,-2.296964044169401e-02,9.979821338135567e-01,-5.913300371201249e-02
1609043944557315826,3008,1609043944557315826,2.239625280277105e+00,-8.469002022374639e+00,-3.754664929952026e+00,4.165772271597709e-04,-1.282346589925383e-02,9.982459200848642e-01,-5.779678381768028e-02
1609043944640023470,3009,1609043944640023470,2.229941876044906e+00,-8.441862353383735e+00,-3.761027818533484e+00,2.138587617690848e-03,-7.110424718146926e-03,9.983436177591689e-01,-5.705163611031169e-02
1609043944710167646,3010,1609043944710167646,2.220857584364907e+00,-8.412712209792099e+00,-3.768622167588712e+00,4.243806691559091e-03,-2.116871777790005e-03,9.984212350781442e-01,-5.596915493085754e-02
1609043944812035084,3011,1609043944812035084,2.203847107959636e+00,-8.373474423516926e+00,-3.778632168799536e+00,5.083119812780030e-03,2.540681671194741e-03,9.984780778332217e-01,-5.485649383700567e-02
1609043944935185194,3012,1609043944935185194,2.177740997950304e+00,-8.321520806144374e+00,-3.791892246969297e+00,5.967659045112551e-03,7.906184953422124e-03,9.985533445863601e-01,-5.284976159262810e-02
1609043945018294096,3013,1609043945018294096,2.157709355801531e+00,-8.285422989456325e+00,-3.796496843705611e+00,5.753933603417219e-03,8.727737125453014e-03,9.986530886070829e-01,-5.082054179453677e-02
1609043945120617628,3014,1609043945120617628,2.131262876249005e+00,-8.243998201677124e+00,-3.802997977783832e+00,5.987161846917805e-03,1.144976974004274e-02,9.987656677016588e-01,-4.796037621181454e-02
1609043945223612785,3015,1609043945223612785,2.104920594562849e+00,-8.204475515331243e+00,-3.812320080058234e+00,5.337067650598973e-03,1.126199541773638e-02,9.989251721888351e-01,-4.464508411471738e-02
1609043945327044249,3016,1609043945327044249,2.075615977602954e+00,-8.166118860398701e+00,-3.824656472506093e+00,4.063404085891662e-03,1.250509845276935e-02,9.990472734310710e-01,-4.161317952120550e-02
1609043945430709600,3017,1609043945430709600,2.043886996701767e+00,-8.134868885202165e+00,-3.832190253234415e+00,3.494303717349244e-03,1.108677101079994e-02,9.991947093982513e-01,-3.840320378079290e-02
1609043945552810907,3018,1609043945552810907,2.001450710819958e+00,-8.099653128005848e+00,-3.843554246995209e+00,2.906306372535534e-03,1.072799776888336e-02,9.993222344782159e-01,-3.509323474126833e-02
1609043945637056828,3019,1609043945637056828,1.973047104955842e+00,-8.078239089312193e+00,-3.855521486896548e+00,2.688457803644373e-03,1.020646685206042e-02,9.994008989345780e-01,-3.296124144799768e-02
1609043945760844469,3020,1609043945760844469,1.926041915377099e+00,-8.047391949864593e+00,-3.870841807764013e+00,-1.312534657816055e-03,2.877284634078104e-03,9.995659742244812e-01,-2.928927548728617e-02
1609043945810033798,3021,1609043945810033798,1.902393399935647e+00,-8.031872601497176e+00,-3.877552251256382e+00,-6.332874382078805e-03,-1.442645446723301e-03,9.995964688951942e-01,-2.765344189129586e-02
1609043945911877394,3022,1609043945911877394,1.859014990108305e+00,-8.001350281619027e+00,-3.890754210004635e+00,-1.825357590793474e-02,-2.342056593661749e-03,9.994953837150985e-01,-2.589014618911217e-02
1609043946015067816,3023,1609043946015067816,1.817070694221692e+00,-7.967087876148256e+00,-3.903516378354421e+00,-2.960644771308929e-02,-2.545027640200022e-03,9.992629667643949e-01,-2.430029508756641e-02
1609043946118202209,3024,1609043946118202209,1.787002959831350e+00,-7.932021921614618e+00,-3.909411215745481e+00,-3.419006665381521e-02,-1.037215100075104e-03,9.991510911197672e-01,-2.295780131507422e-02
1609043946240960836,3025,1609043946240960836,1.754716878085314e+00,-7.889156021763605e+00,-3.905505552182487e+00,-3.104705592390328e-02,2.263379667229508e-03,9.992946634988156e-01,-2.100316485030881e-02
1609043946324144602,3026,1609043946324144602,1.737206012580011e+00,-7.860671254520425e+00,-3.902944800817369e+00,-2.515966106791115e-02,5.563032639302853e-03,9.994893152460310e-01,-1.889848755382832e-02
1609043946427351952,3027,1609043946427351952,1.715121496945480e+00,-7.827041281185910e+00,-3.901303461390529e+00,-1.686734243931317e-02,8.313467428086412e-03,9.996903785106600e-01,-1.629497258575068e-02
1609043946530891418,3028,1609043946530891418,1.694356930845197e+00,-7.796471666742595e+00,-3.907273058771982e+00,-1.569900591258244e-02,4.552469957403734e-03,9.997775498269093e-01,-1.332918199836593e-02
1609043946633317947,3029,1609043946633317947,1.676283696701740e+00,-7.763678500825319e+00,-3.910238637646299e+00,-1.892610069808104e-02,-8.528532262836152e-04,9.997634757014993e-01,-1.068026249669109e-02
1609043946736454248,3030,1609043946736454248,1.663785884778843e+00,-7.727594628290473e+00,-3.911625763500457e+00,-2.309311478444193e-02,-4.486649929615795e-03,9.996953429679339e-01,-7.469890908624255e-03
1609043946839312553,3031,1609043946839312553,1.650036870812318e+00,-7.690089514359995e+00,-3.912596476348857e+00,-2.507006786659996e-02,-2.293315116511970e-03,9.996756997667995e-01,-3.837668393732668e-03
1609043946929555178,3032,1609043946929555178,1.639347774042300e+00,-7.654096611773713e+00,-3.909363617547064e+00,-2.603247060221546e-02,-8.647876689296239e-04,9.996607063304909e-01,-1.866425908357361e-04
1609043947011219025,3033,1609043947011219025,1.634072908185392e+00,-7.619217986062139e+00,-3.905438020670484e+00,-2.239448975048289e-02,3.399393900905796e-03,9.997390273738178e-01,2.967843590004147e-03
1609043947114926815,3034,1609043947114926815,1.631357892490237e+00,-7.576053551424152e+00,-3.899353786533606e+00,-1.663449803653248e-02,1.030002278621567e-02,9.997799319858595e-01,7.569055689219320e-03
1609043947238539457,3035,1609043947238539457,1.629489831219695e+00,-7.522753705942150e+00,-3.888373111750296e+00,-1.127499012447361e-02,1.565794218796982e-02,9.996791957043396e-01,1.640759336575952e-02
1609043947321544170,3036,1609043947321544170,1.626979723799050e+00,-7.487907791048204e+00,-3.881587929726759e+00,-9.245269513446289e-03,1.888203452774090e-02,9.994747868288271e-01,2.466058103913824e-02
1609043947424318552,3037,1609043947424318552,1.626583636642696e+00,-7.448609538390004e+00,-3.870902110820900e+00,-8.683259122919776e-03,2.050563817712712e-02,9.990644160390100e-01,3.707306864268235e-02
1609043947527987719,3038,1609043947527987719,1.627913961625849e+00,-7.410447377880614e+00,-3.862744572734339e+00,-8.846983396914566e-03,2.121037269621969e-02,9.984524699453938e-01,5.064105286034676e-02
1609043947631181240,3039,1609043947631181240,1.629944178937853e+00,-7.379562348538554e+00,-3.851447446848773e+00,-8.200673925166399e-03,1.982892341128265e-02,9.977302784090557e-01,6.382675214446337e-02
1609043947733684063,3040,1609043947733684063,1.631126000091013e+00,-7.353881417808073e+00,-3.844949073144041e+00,-6.472508594642608e-03,2.025922226706180e-02,9.968194721139400e-01,7.680241246284018e-02
1609043947836645842,3041,1609043947836645842,1.631748611444088e+00,-7.329593864281921e+00,-3.836146867827281e+00,-5.884816858015193e-03,1.920826023702761e-02,9.957954311320997e-01,8.937489024133134e-02
1609043947959881306,3042,1609043947959881306,1.631571434445474e+00,-7.303850679337963e+00,-3.821875592972122e+00,-5.554701638165960e-03,1.643169181634685e-02,9.943961626422849e-01,1.042852650956126e-01
1609043948009615183,3043,1609043948009615183,1.631247391620265e+00,-7.294979865637132e+00,-3.813401871762661e+00,-5.995422752895517e-03,1.517424096916089e-02,9.934543236080288e-01,1.130588529109422e-01
1609043948131102085,3044,1609043948131102085,1.627123704863365e+00,-7.276011914834863e+00,-3.797407763921246e+00,-6.489667999791348e-03,1.483502759470467e-02,9.916105208125786e-01,1.282434449760433e-01
1609043948214691639,3045,1609043948214691639,1.623113860999244e+00,-7.261806389857492e+00,-3.786447014486910e+00,-1.023219445563859e-02,1.176367718198341e-02,9.903539630074827e-01,1.376805943158072e-01
1609043948317389727,3046,1609043948317389727,1.619976059509440e+00,-7.245488457932011e+00,-3.772272403067521e+00,-1.325313617466408e-02,9.510932931362823e-03,9.886197830490169e-01,1.495487248371782e-01
1609043948440686226,3047,1609043948440686226,1.619789449300202e+00,-7.228680119608292e+00,-3.759276891943185e+00,-1.636099415333566e-02,1.614227680372172e-03,9.866427803642326e-01,1.620670728261827e-01
1609043948523746490,3048,1609043948523746490,1.621235057443842e+00,-7.216034501208006e+00,-3.753551790413507e+00,-1.859095788631257e-02,-8.201082296861074e-03,9.852674136173878e-01,1.698094290601460e-01
1609043948627197266,3049,1609043948627197266,1.624466969002525e+00,-7.200817166886224e+00,-3.746131963056655e+00,-1.773126258060655e-02,-1.643051062313975e-02,9.835299056174435e-01,1.791216497358807e-01
1609043948750545979,3050,1609043948750545979,1.632348822158085e+00,-7.175762591754790e+00,-3.737763146954012e+00,-1.512924103017015e-02,-1.931782351984376e-02,9.815846651013725e-01,1.894451714827635e-01
1609043948853824615,3051,1609043948853824615,1.644466260442590e+00,-7.150019555518157e+00,-3.735346510677274e+00,-1.424942856196023e-02,-2.052382725871690e-02,9.799102150717141e-01,1.978678768734809e-01
1609043948936573982,3052,1609043948936573982,1.652441401875155e+00,-7.130820600977303e+00,-3.763958564986516e+00,-1.395735121368213e-02,-2.196102435165201e-02,9.784975089855742e-01,2.046106807220736e-01
1609043949039593220,3053,1609043949039593220,1.664103028712252e+00,-7.104149572251262e+00,-3.749296729868099e+00,-2.578546587567282e-02,-5.075145652916158e-02,9.754373208588761e-01,2.127943431705865e-01
1609043949109910727,3054,1609043949109910727,1.676581596773117e+00,-7.072429505813177e+00,-3.736691108351190e+00,-3.134605360690371e-02,-6.350023616008493e-02,9.727896759074343e-01,2.206023376548754e-01
1609043949211526394,3055,1609043949211526394,1.703684279997295e+00,-7.015889090835596e+00,-3.734582972414348e+00,-3.514105413198440e-02,-6.795497766792763e-02,9.706224083707647e-01,2.281213880660486e-01
1609043949334654093,3056,1609043949334654093,1.750631496564109e+00,-6.927090690067551e+00,-3.728311037087527e+00,-3.327113765380493e-02,-6.332834349041359e-02,9.688896016715177e-01,2.369292976454994e-01
1609043949437720537,3057,1609043949437720537,1.794641806256603e+00,-6.843815224952999e+00,-3.724546489698011e+00,-2.638741089116962e-02,-4.630471843756709e-02,9.687086992359571e-01,2.424108776879825e-01
1609043949520597935,3058,1609043949520597935,1.832068125732419e+00,-6.771692153766649e+00,-3.721190025634301e+00,-1.891575309123537e-02,-2.264863432518111e-02,9.690239528458631e-01,2.451974968452458e-01
1609043949623522758,3059,1609043949623522758,1.880374568233852e+00,-6.682992426736393e+00,-3.717225992292681e+00,-7.873757577009118e-03,1.416258692001522e-02,9.689803450923884e-01,2.466059932320940e-01
1609043949746797323,3060,1609043949746797323,1.932254943892725e+00,-6.585795831505230e+00,-3.727014221336597e+00,1.710858898995847e-03,4.847160451452866e-02,9.680515158549099e-01,2.460159327536045e-01
1609043949850096464,3061,1609043949850096464,1.971797418090856e+00,-6.516289821508790e+00,-3.741903606892893e+00,4.977796933123141e-03,6.204485490123161e-02,9.672614520875289e-01,2.460303656533133e-01
1609043949933087587,3062,1609043949933087587,2.001630165512464e+00,-6.469142244379687e+00,-3.753279756429523e+00,6.195858211922472e-03,6.683466190338538e-02,9.669401556920056e-01,2.460111270239580e-01
1609043950036411047,3063,1609043950036411047,2.033655410008541e+00,-6.420964777950367e+00,-3.772262777676143e+00,3.701708153463184e-03,5.518891944217939e-02,9.676067462347806e-01,2.463283685824519e-01
1609043950139747858,3064,1609043950139747858,2.059736347538787e+00,-6.375128670344748e+00,-3.779353474751551e+00,1.245450661903463e-03,3.615679000774461e-02,9.683598098944485e-01,2.469218782736195e-01
1609043950209785461,3065,1609043950209785461,2.080437491634520e+00,-6.335279646475454e+00,-3.772341395331786e+00,-2.113498453923357e-03,1.988531532073271e-02,9.687138331480826e-01,2.473734359757107e-01
1609043950311250687,3066,1609043950311250687,2.101309967482848e+00,-6.291871129074361e+00,-3.774822539409865e+00,-5.659231028885239e-03,3.490184034499363e-03,9.689167409579422e-01,2.472976765176069e-01
1609043950414393425,3067,1609043950414393425,2.122060352486923e+00,-6.249411657395907e+00,-3.780132809151933e+00,-9.094238119176345e-03,-9.770596299993276e-03,9.688873061607881e-01,2.471421013131223e-01
1609043950517790556,3068,1609043950517790556,2.138636028098685e+00,-6.210078066837618e+00,-3.784328187617990e+00,-1.380537553781428e-02,-2.307995440013472e-02,9.686458135519397e-01,2.469858603229116e-01
1609043950620657206,3069,1609043950620657206,2.159225381298995e+00,-6.164385773190397e+00,-3.789085299950893e+00,-1.678239702934743e-02,-3.009604912716528e-02,9.683858066251801e-01,2.470657979239212e-01
1609043950723822355,3070,1609043950723822355,2.179864928494098e+00,-6.115960900724140e+00,-3.789334273452242e+00,-1.852895037710988e-02,-3.120380661702039e-02,9.684365645866579e-01,2.466041784360556e-01
1609043950846716881,3071,1609043950846716881,2.208071030099958e+00,-6.051426332246885e+00,-3.790504762231800e+00,-1.893841393996036e-02,-3.169596209167132e-02,9.684482778423732e-01,2.464642684217402e-01
1609043950949624300,3072,1609043950949624300,2.237145911288339e+00,-5.990635991420138e+00,-3.788519185891117e+00,-1.826855310144696e-02,-2.915886048295097e-02,9.685506067435051e-01,2.464259381633835e-01
1609043951032745361,3073,1609043951032745361,2.262079537661373e+00,-5.933932856859261e+00,-3.788073749723432e+00,-1.578861087880719e-02,-2.000156464916025e-02,9.688196792851123e-01,2.464530101418838e-01
1609043951135593414,3074,1609043951135593414,2.297930236216434e+00,-5.866592993676657e+00,-3.795897717886254e+00,-1.332662887082307e-02,-1.051683481702292e-02,9.690272345967376e-01,2.463696729676160e-01
1609043951259468317,3075,1609043951259468317,2.339147627163399e+00,-5.780684904689465e+00,-3.785417719669953e+00,-1.053022976624243e-02,-3.155420925611583e-03,9.690622936908347e-01,2.465713457125765e-01
1609043951329697132,3076,1609043951329697132,2.367719013857086e+00,-5.727937678445658e+00,-3.787076301701691e+00,-1.085243338792159e-04,4.549119219483555e-03,9.691099692668068e-01,2.465870256207423e-01
1609043951411206961,3077,1609043951411206961,2.397183585682127e+00,-5.663547099720017e+00,-3.791658742235807e+00,2.567366201559737e-03,3.880393176266329e-03,9.691574037259453e-01,2.463986160325780e-01
1609043951514223099,3078,1609043951514223099,2.429394038395182e+00,-5.585088496524011e+00,-3.795512907067820e+00,4.359742394397262e-03,1.106907340009808e-03,9.691982679127589e-01,2.462407051592067e-01
1609043951617217541,3079,1609043951617217541,2.457685631253723e+00,-5.506060027987495e+00,-3.801925866670556e+00,4.599877975702162e-03,-2.042659397687638e-03,9.691153237936225e-01,2.465566017237740e-01
1609043951740608692,3080,1609043951740608692,2.490178736543605e+00,-5.413540959707284e+00,-3.816947818196800e+00,1.004364369596042e-03,-5.728182523731264e-03,9.691490786731400e-01,2.464066607951006e-01
1609043951843333244,3081,1609043951843333244,2.510678243050684e+00,-5.334298191611886e+00,-3.827740019676288e+00,-9.298093488496599e-03,-1.114466397319175e-02,9.690070827916323e-01,2.466061950196191e-01
1609043951926132679,3082,1609043951926132679,2.528030274972769e+00,-5.269076112176984e+00,-3.836742176026132e+00,-1.431400076016555e-02,-1.363662981625085e-02,9.688694610754622e-01,2.467815209954667e-01
1609043952029930115,3083,1609043952029930115,2.553513486951887e+00,-5.184322901566243e+00,-3.845469883492421e+00,-1.618982600841996e-02,-1.047634220007798e-02,9.683558750412724e-01,2.488273197640800e-01
1609043952153434515,3084,1609043952153434515,2.584768245849264e+00,-5.082459976224190e+00,-3.856921473609899e+00,-1.764382288607871e-02,-8.901624869771897e-03,9.673445142106348e-01,2.526935840405010e-01
1609043952256641388,3085,1609043952256641388,2.612826506293849e+00,-4.997412024144904e+00,-3.863118435062951e+00,-1.660813863400729e-02,-7.644140131074207e-03,9.664370778948145e-01,2.562520464755401e-01
1609043952339250326,3086,1609043952339250326,2.637818029258181e+00,-4.928380444009480e+00,-3.866406770477596e+00,-1.620061160383615e-02,-6.636880765349017e-03,9.656236266357071e-01,2.593540122694711e-01
1609043952409393311,3087,1609043952409393311,2.665363320343973e+00,-4.861339979473857e+00,-3.873240454609102e+00,-1.502496778027189e-02,-5.439830530681562e-03,9.646503471019631e-01,2.630482207182960e-01
1609043952510958672,3088,1609043952510958672,2.702176741016822e+00,-4.763941264892575e+00,-3.876902020919927e+00,-1.444312821696575e-02,-4.492099512756456e-03,9.634839343994490e-01,2.673385966212773e-01
1609043952613984108,3089,1609043952613984108,2.738999201188473e+00,-4.665026429907440e+00,-3.878732775630549e+00,-1.370536223951195e-02,-3.069541721594871e-03,9.620905140718191e-01,2.723684704449580e-01
1609043952717046261,3090,1609043952717046261,2.775018282918043e+00,-4.567560287288550e+00,-3.878725581753053e+00,-1.249428392717203e-02,1.910732587000367e-03,9.606001926007214e-01,2.776463793129405e-01
1609043952819914818,3091,1609043952819914818,2.811035972502630e+00,-4.477821505153556e+00,-3.880019219541825e+00,-9.245844721543196e-03,1.297552784257207e-02,9.594415048448610e-01,2.814571882429375e-01
1609043952923126459,3092,1609043952923126459,2.842676113028524e+00,-4.393381563294048e+00,-3.886798567568757e+00,-5.595008016733460e-03,3.043351275467990e-02,9.579494825695920e-01,2.852635378581611e-01
1609043953026382208,3093,1609043953026382208,2.874674720736287e+00,-4.313757374321458e+00,-3.896261533638416e+00,-4.752851390871211e-03,4.029370764684002e-02,9.566379218688221e-01,2.884401393187656e-01
1609043953149899244,3094,1609043953149899244,2.904693835332667e+00,-4.231243380422568e+00,-3.901025256057780e+00,-5.001847310153552e-03,4.634169937727566e-02,9.547182040957789e-01,2.938376748996681e-01
1609043953252912998,3095,1609043953252912998,2.932689453711836e+00,-4.169556620385923e+00,-3.900832012098492e+00,-6.586737684778490e-03,4.621315656125855e-02,9.526317252508967e-01,3.005224701961852e-01
1609043953356524467,3096,1609043953356524467,2.957470577207349e+00,-4.113365580704198e+00,-3.897278394734057e+00,-9.107156681004341e-03,4.429232489373795e-02,9.502818241417735e-01,3.080904158822190e-01
1609043953439071894,3097,1609043953439071894,2.975674097830276e+00,-4.071583957000725e+00,-3.895342677653427e+00,-1.112808467954867e-02,4.175941099244953e-02,9.482868856319220e-01,3.144587411146950e-01
1609043953529779911,3098,1609043953529779911,2.998346114832008e+00,-4.032999110310704e+00,-3.890127880890618e+00,-1.247750007257763e-02,3.873020440169152e-02,9.449904473162388e-01,3.245571409474715e-01
1609043953611028433,3099,1609043953611028433,3.017170358720905e+00,-4.001643290454332e+00,-3.886111278357321e+00,-1.445924819744344e-02,3.501432394763688e-02,9.426500167744937e-01,3.316261044234933e-01
1609043953714336157,3100,1609043953714336157,3.037937813706043e+00,-3.964399519877103e+00,-3.882306090877435e+00,-1.595558189890765e-02,3.058616215335156e-02,9.393517023832592e-01,3.412158925382419e-01
1609043953837420225,3101,1609043953837420225,3.057010913107247e+00,-3.931427223421024e+00,-3.875909448209230e+00,-1.768742887297451e-02,2.602694434650220e-02,9.349690811628938e-01,3.533306812283102e-01
1609043953920549631,3102,1609043953920549631,3.071454913561155e+00,-3.913236775549239e+00,-3.871904833327919e+00,-1.850376908267912e-02,2.387497888488599e-02,9.318226332519881e-01,3.616547747124491e-01
1609043954023571253,3103,1609043954023571253,3.087538285547815e+00,-3.899068693590441e+00,-3.868246679552267e+00,-1.922633838809363e-02,2.171136556748074e-02,9.275838291080034e-01,3.724878581842851e-01
1609043954126787901,3104,1609043954126787901,3.105707366001401e+00,-3.890015261445328e+00,-3.864968664103331e+00,-1.974954966748832e-02,2.127795425767706e-02,9.228134815205568e-01,3.841516396873100e-01
1609043954250119448,3105,1609043954250119448,3.131064611182896e+00,-3.881827863318167e+00,-3.852162020690182e+00,-1.757097608463522e-02,1.949575218495252e-02,9.164982101592272e-01,3.991769121844465e-01
1609043954332898855,3106,1609043954332898855,3.150912553913173e+00,-3.883282998866263e+00,-3.849285071097942e+00,-4.661177029995560e-03,2.345948938708494e-02,9.117983785584661e-01,4.099410233735390e-01
1609043954435989857,3107,1609043954435989857,3.171241201215029e+00,-3.882760074624171e+00,-3.850485316805489e+00,1.114028672422520e-03,2.402389756126824e-02,9.055505970474738e-01,4.235560499780953e-01
1609043954539069653,3108,1609043954539069653,3.185990509183835e+00,-3.885503615834223e+00,-3.853802427985772e+00,4.061250054257976e-03,2.427963641663832e-02,8.999121469322036e-01,4.353758529217537e-01
1609043954629386663,3109,1609043954629386663,3.196350931284798e+00,-3.900346882258239e+00,-3.860834116843948e+00,4.649226216715939e-03,2.343175509148887e-02,8.933299264243992e-01,4.487660638946485e-01
1609043954710732698,3110,1609043954710732698,3.206783769122638e+00,-3.908410006568943e+00,-3.866371263227732e+00,5.088073729651943e-03,2.501700439015650e-02,8.884720973002591e-01,4.582200271877515e-01
1609043954833857775,3111,1609043954833857775,3.212428922014447e+00,-3.919087462945713e+00,-3.868496535322887e+00,4.015565267799737e-03,2.451037499276792e-02,8.810461539927258e-01,4.723778056682175e-01
1609043954917256832,3112,1609043954917256832,3.212049049692523e+00,-3.923488692063961e+00,-3.866815179878838e+00,4.363066081436697e-03,2.639537190874828e-02,8.761632391403249e-01,4.812714684824996e-01
1609043955020198345,3113,1609043955020198345,3.208458695058521e+00,-3.936847015503679e+00,-3.867493588665375e+00,3.111320182076729e-03,2.419801722729443e-02,8.703071920523004e-01,4.919046321300828e-01
1609043955143301010,3114,1609043955143301010,3.196575530442820e+00,-3.956742709953172e+00,-3.867827820080930e+00,-3.982889430097704e-03,1.537355664984894e-02,8.636805727999067e-01,5.037892997233535e-01
1609043955246438265,3115,1609043955246438265,3.185121939449283e+00,-3.977868237897838e+00,-3.868344551445893e+00,-1.140871731873902e-02,7.698687928269658e-03,8.584055954482205e-01,5.127869002582945e-01
1609043955349593639,3116,1609043955349593639,3.177596130297583e+00,-3.999266733164635e+00,-3.866407492406935e+00,-1.684547634600342e-02,4.020489118860678e-03,8.535208166274554e-01,5.207708528494300e-01
1609043955452842712,3117,1609043955452842712,3.170912830184339e+00,-4.025314361912343e+00,-3.861347990077939e+00,-2.070252280192946e-02,2.880466003667372e-03,8.488915466018658e-01,5.281536240272617e-01
1609043955555529118,3118,1609043955555529118,3.166106425494328e+00,-4.053024831887322e+00,-3.846604427627313e+00,-2.127273187676777e-02,5.125908009339337e-03,8.447066517119890e-01,5.347820757085068e-01
1609043955638497114,3119,1609043955638497114,3.161967152790264e+00,-4.080808174734224e+00,-3.851824626639899e+00,-1.609333213456501e-02,7.853651115104450e-03,8.420140718424950e-01,5.391582584401274e-01
1609043955728541613,3120,1609043955728541613,3.154894558309661e+00,-4.115968671588094e+00,-3.843380185358257e+00,-1.428164868999523e-02,3.547785369093575e-03,8.392047994983362e-01,5.436163649382052e-01
1609043955830351353,3121,1609043955830351353,3.149990632674037e+00,-4.150077411479816e+00,-3.835108849246102e+00,-1.641523825773191e-02,-7.863303738830498e-04,8.367384607470943e-01,5.473560723551611e-01
1609043955913661003,3122,1609043955913661003,3.147676097138073e+00,-4.175092528255231e+00,-3.835291117345913e+00,-2.001333965520572e-02,-2.907442114015610e-03,8.339973777615736e-01,5.513976667551451e-01
1609043956016695261,3123,1609043956016695261,3.150381317993679e+00,-4.200195416660391e+00,-3.832071784867831e+00,-2.289954992588262e-02,-6.989270353249247e-03,8.302888421647378e-01,5.568188208832927e-01
1609043956119829893,3124,1609043956119829893,3.157483151740124e+00,-4.227714834749328e+00,-3.831800126297952e+00,-2.592390868887183e-02,-1.198607669320493e-02,8.263360690571325e-01,5.624526521397173e-01
1609043956222915411,3125,1609043956222915411,3.168372166985936e+00,-4.254467946128455e+00,-3.833529163542502e+00,-2.804695094765519e-02,-1.554791879966071e-02,8.228681466145709e-01,5.673267524545629e-01
1609043956326268196,3126,1609043956326268196,3.185208018862186e+00,-4.279098940938716e+00,-3.839099638043152e+00,-3.023693470420804e-02,-1.642443414197816e-02,8.189891772646949e-01,5.727763029893154e-01
1609043956429531574,3127,1609043956429531574,3.209569553504051e+00,-4.306420121569175e+00,-3.844690911254867e+00,-3.191850994856087e-02,-2.034163558789152e-02,8.149022588192951e-01,5.783612497008110e-01
1609043956532478571,3128,1609043956532478571,3.238157975761238e+00,-4.332399447177237e+00,-3.835894429212940e+00,-2.898424555330865e-02,-2.200766509395485e-02,8.106221540038271e-01,5.844375925836849e-01
1609043956635663509,3129,1609043956635663509,3.273106569939698e+00,-4.359683994094804e+00,-3.845957991103996e+00,-2.165358648784434e-02,-1.603243139003561e-02,8.073292312794917e-01,5.894858740102278e-01
1609043956738701582,3130,1609043956738701582,3.304505969069140e+00,-4.383514463048665e+00,-3.843995413210605e+00,-2.524538108065659e-02,-2.230818381193118e-02,8.033998381958217e-01,5.944860937448690e-01
1609043956828877211,3131,1609043956828877211,3.350106354588965e+00,-4.405602501569994e+00,-3.843064292734223e+00,-1.948417381992820e-02,-1.964742238504582e-02,7.995472352477340e-01,5.999654693162629e-01
1609043956910615444,3132,1609043956910615444,3.392714099212796e+00,-4.422387356862857e+00,-3.845100437789807e+00,-1.559285499339629e-02,-1.896115841721951e-02,7.963298505757603e-01,6.043642166993505e-01
1609043957033518553,3133,1609043957033518553,3.458252280715273e+00,-4.442097906187191e+00,-3.843767707329132e+00,-2.514618154171973e-03,-1.069876315333451e-02,7.916396310455051e-01,6.108894398503414e-01
1609043957136729479,3134,1609043957136729479,3.512577174517261e+00,-4.454997995218439e+00,-3.842004141920783e+00,9.398220064274798e-03,-3.574320077060312e-03,7.876838556725212e-01,6.159975983788258e-01
1609043957239757299,3135,1609043957239757299,3.563015235249003e+00,-4.468472382186270e+00,-3.836748993859559e+00,2.782238242360831e-02,-2.974183073171640e-04,7.832802970593694e-01,6.210457332734934e-01
1609043957342378855,3136,1609043957342378855,3.602428080871579e+00,-4.470649717145921e+00,-3.830288785507154e+00,2.994868789496053e-02,2.423909472401478e-03,7.784420471623593e-01,6.269969537134251e-01
1609043957445791721,3137,1609043957445791721,3.636471469802151e+00,-4.467138306709560e+00,-3.832210430048749e+00,2.221008263821121e-02,8.759038557460125e-03,7.743023906844889e-01,6.323652419709973e-01
1609043957548994064,3138,1609043957548994064,3.667343050837701e+00,-4.463237963798826e+00,-3.834172093849267e+00,1.261839503916213e-02,1.602816227430894e-02,7.710947156103454e-01,6.363935996524043e-01
1609043957632360697,3139,1609043957632360697,3.689871099063642e+00,-4.461477434212552e+00,-3.834984733129776e+00,8.719776725412605e-03,1.929491544734761e-02,7.680749815154906e-01,6.400097612550277e-01
1609043957755418062,3140,1609043957755418062,3.720267544860633e+00,-4.461601905062417e+00,-3.826973540721025e+00,5.662391325851335e-03,1.970152285089643e-02,7.637017830667930e-01,6.452436546471649e-01
1609043957838494301,3141,1609043957838494301,3.738566325208987e+00,-4.463926700122988e+00,-3.823754373805058e+00,5.382355697418117e-03,1.976102490096985e-02,7.605930249513001e-01,6.489058348770189e-01
1609043957928148985,3142,1609043957928148985,3.754616315021746e+00,-4.470722116017605e+00,-3.817918564346312e+00,6.703026943764194e-03,1.938865953182385e-02,7.569418253248726e-01,6.531601812612282e-01
1609043958030405998,3143,1609043958030405998,3.769759582948496e+00,-4.474229197943877e+00,-3.808719632082517e+00,7.223259597553802e-03,1.856049927022054e-02,7.531020550305559e-01,6.576021799662619e-01
1609043958113717079,3144,1609043958113717079,3.777154090085438e+00,-4.477105251784551e+00,-3.805365633826118e+00,7.037787423128714e-03,1.738631496048343e-02,7.496832947197555e-01,6.615309087400334e-01
1609043958236357927,3145,1609043958236357927,3.781848798875095e+00,-4.484042042740216e+00,-3.798947814671814e+00,8.428915328042909e-03,1.703593233208045e-02,7.448568714884837e-01,6.669535001725068e-01
1609043958319873095,3146,1609043958319873095,3.781024717008309e+00,-4.488084444061236e+00,-3.798646628878621e+00,9.968486014615656e-03,1.703896059177030e-02,7.429097078215439e-01,6.691004925517816e-01
1609043958442924976,3147,1609043958442924976,3.774624692578301e+00,-4.494889016072493e+00,-3.796602827505652e+00,1.041047725115034e-02,1.593115946866023e-02,7.399050012621055e-01,6.724421233301133e-01
1609043958526118279,3148,1609043958526118279,3.764023861494997e+00,-4.499685723616300e+00,-3.796219762077082e+00,1.077441458082470e-02,1.632161401352343e-02,7.383637445942095e-01,6.741190529685770e-01
1609043958629374981,3149,1609043958629374981,3.748797048724563e+00,-4.504169687870667e+00,-3.797198597936097e+00,1.082662382975527e-02,1.614595141354874e-02,7.361072041328168e-01,6.765857495492851e-01
1609043958752466917,3150,1609043958752466917,3.728445448003620e+00,-4.512694835619842e+00,-3.803077493066503e+00,1.041792429609143e-02,1.638853493051928e-02,7.320186044917690e-01,6.810078160007528e-01
1609043958835752726,3151,1609043958835752726,3.709786814143205e+00,-4.513908287312368e+00,-3.808094931990126e+00,9.484049956122436e-03,1.647799231356418e-02,7.285070997763931e-01,6.847743673219177e-01
1609043958938944817,3152,1609043958938944817,3.682950867739781e+00,-4.516367276346267e+00,-3.811279752821092e+00,5.296062485502073e-03,1.383423585255898e-02,7.237793470031453e-01,6.898724682810774e-01
1609043959009149313,3153,1609043959009149313,3.659084797682391e+00,-4.522976544863499e+00,-3.811267911421566e+00,-4.279461324966694e-03,1.338796481869294e-02,7.195030994513597e-01,6.943469870955504e-01
1609043959110870838,3154,1609043959110870838,3.626733310732729e+00,-4.530417087800747e+00,-3.807329880725836e+00,-1.371887585307241e-02,1.060439158063394e-02,7.150161298104716e-01,6.988928912468545e-01
1609043959214199781,3155,1609043959214199781,3.594693451511229e+00,-4.541163212680035e+00,-3.797082122554065e+00,-1.690954561400573e-02,3.675424763976148e-03,7.101884996367329e-01,7.037988729059309e-01
1609043959336591005,3156,1609043959336591005,3.563553036465026e+00,-4.550731165265792e+00,-3.787345268000625e+00,-1.522207196586313e-02,-3.916766634517105e-03,7.041055818637746e-01,7.099213175081251e-01
1609043959439488173,3157,1609043959439488173,3.542286402343605e+00,-4.560186316166325e+00,-3.781802534070748e+00,-1.496092234255873e-02,-6.528505249518621e-03,6.987397952980920e-01,7.151896586840776e-01
1609043959542825937,3158,1609043959542825937,3.523211221762314e+00,-4.570171208971187e+00,-3.777706640700138e+00,-1.457308316780351e-02,-8.296970839454335e-03,6.939130599758683e-01,7.198634945021180e-01
1609043959625958443,3159,1609043959625958443,3.510481903825544e+00,-4.585204358738957e+00,-3.775249510256494e+00,-1.147485517739231e-02,-5.165061589777490e-03,6.899871262194601e-01,7.237122463305720e-01
1609043959729050159,3160,1609043959729050159,3.493740736902804e+00,-4.597950543589008e+00,-3.767780829916801e+00,-8.897627905941140e-03,-2.609776427041193e-03,6.864093740371568e-01,7.271562366634607e-01
1609043959832281828,3161,1609043959832281828,3.479360413513187e+00,-4.611429767758496e+00,-3.770677162256825e+00,-1.930081063109421e-03,5.048701941698737e-03,6.822131743709061e-01,7.311333463264862e-01
1609043959954485416,3162,1609043959954485416,3.461215454637988e+00,-4.627540792827325e+00,-3.765270431006820e+00,1.255748784987269e-03,8.727887037250821e-03,6.751257016871498e-01,7.376500077979309e-01
1609043960056822538,3163,1609043960056822538,3.443279897451485e+00,-4.639915407601389e+00,-3.763322314092563e+00,2.974187431625980e-03,1.066738359109057e-02,6.672408960170194e-01,7.447596577546659e-01
1609043960126396179,3164,1609043960126396179,3.425198723192299e+00,-4.652329859092033e+00,-3.758628419820149e+00,4.084861894047134e-03,1.266606264131866e-02,6.591514249847864e-01,7.518924681767989e-01
1609043960210940599,3165,1609043960210940599,3.407707362643591e+00,-4.663343812802702e+00,-3.756292680560027e+00,6.490631339165402e-03,1.470443145406122e-02,6.514773527005413e-01,7.584977984929991e-01
1609043960313988209,3166,1609043960313988209,3.386219081952771e+00,-4.676155480548272e+00,-3.758668909956913e+00,6.295644435514527e-03,1.398931954423885e-02,6.424030235618999e-01,7.662134292208405e-01
1609043960417032242,3167,1609043960417032242,3.359850408456883e+00,-4.686757528351229e+00,-3.763213854643921e+00,7.465905536300645e-03,1.481217770347440e-02,6.324997587410356e-01,7.743829251983385e-01
1609043960538313389,3168,1609043960538313389,3.327497890547760e+00,-4.699436601231741e+00,-3.768484221934264e+00,7.514454611640089e-03,1.439976767832905e-02,6.195147845334809e-01,7.848169285936272e-01
1609043960642992496,3169,1609043960642992496,3.296590222563255e+00,-4.711832570415082e+00,-3.775329212431180e+00,7.630026891487682e-03,1.470378532026012e-02,6.056878922310837e-01,7.955298602765066e-01
1609043960745991230,3170,1609043960745991230,3.263332183395247e+00,-4.726699384670469e+00,-3.785819334382147e+00,5.532353847147590e-03,1.275743371340866e-02,5.927089579032915e-01,8.052966733863689e-01
1609043960829413652,3171,1609043960829413652,3.231478115509832e+00,-4.740037630818123e+00,-3.797113018457326e+00,2.175157873503434e-03,1.016100619816799e-02,5.825342953938819e-01,8.127396983851717e-01
1609043960932588577,3172,1609043960932588577,3.192657407143543e+00,-4.756030162633592e+00,-3.797164534587383e+00,-8.592509131452097e-03,1.270227040913301e-03,5.699275659960715e-01,8.216490277654347e-01
1609043961035658598,3173,1609043961035658598,3.160851215625094e+00,-4.775126366404744e+00,-3.801907436615755e+00,-1.699834674089486e-02,-4.129069634019586e-03,5.571809911523294e-01,8.302068116382456e-01
1609043961138683081,3174,1609043961138683081,3.132656020060091e+00,-4.793498192443675e+00,-3.801156170174135e+00,-2.257790360881034e-02,-7.113430634873124e-03,5.441967211813015e-01,8.386236140419342e-01
1609043961208842278,3175,1609043961208842278,3.104477286388445e+00,-4.815468154804342e+00,-3.804695773527058e+00,-2.286210361795257e-02,-7.178957233644853e-03,5.319758439357757e-01,8.464203968832620e-01
1609043961330470085,3176,1609043961330470085,3.064566242714253e+00,-4.848220330574423e+00,-3.808204659680113e+00,-7.193736931187676e-03,4.215615521899390e-03,5.159610296148209e-01,8.565714766752103e-01
1609043961413973808,3177,1609043961413973808,3.037054019991102e+00,-4.869376079817890e+00,-3.813296684919481e+00,1.512228978501097e-03,9.233239596484994e-03,5.061921452623623e-01,8.623699742713437e-01
1609043961536218166,3178,1609043961536218166,2.995100151766234e+00,-4.899374853015410e+00,-3.809123570101106e+00,1.551304993897646e-02,-1.107748780918056e-02,4.923852821802221e-01,8.701685862163328e-01
1609043961619827747,3179,1609043961619827747,2.969024086316609e+00,-4.916120016791202e+00,-3.786244296785229e+00,2.069007000307255e-02,-3.970462266896779e-02,4.820569659010482e-01,8.749951688828108e-01
1609043961722707987,3180,1609043961722707987,2.942892216721048e+00,-4.924796432567678e+00,-3.775141077605818e+00,2.982045873219437e-02,-6.768047663027317e-02,4.687386171739089e-01,8.802353106380091e-01
1609043961848376274,3181,1609043961848376274,2.929926572361517e+00,-4.912968798172138e+00,-3.782321824060214e+00,1.602696594556702e-02,-7.529626972155476e-02,4.528641249328205e-01,8.882497917125730e-01
1609043961949380636,3182,1609043961949380636,2.936668037310350e+00,-4.897064028042348e+00,-3.785438387825843e+00,-2.628644742422384e-03,-5.940501158817005e-02,4.418218949145160e-01,8.951299056556953e-01
1609043962053135395,3183,1609043962053135395,2.950806811895502e+00,-4.881598923690595e+00,-3.794458491928272e+00,-1.150584259069609e-02,-3.763151214175021e-02,4.312188337272685e-01,9.013888186122001e-01
1609043962155626297,3184,1609043962155626297,2.963796130744505e+00,-4.867533447608257e+00,-3.797508873656855e+00,-1.502330834663000e-02,-2.028202624077785e-02,4.207486044279735e-01,9.068260866835510e-01
1609043962239154816,3185,1609043962239154816,2.975287412818957e+00,-4.859175068937871e+00,-3.805320581270325e+00,-1.630662162923278e-02,-9.162655701369940e-03,4.113229656988920e-01,9.112977327526978e-01
1609043962309424877,3186,1609043962309424877,2.986122948872906e+00,-4.857588720068687e+00,-3.816681643537596e+00,-1.431348290760936e-02,7.230594197799194e-04,3.997151697275515e-01,9.165273506457970e-01
1609043962411229372,3187,1609043962411229372,3.007348601918011e+00,-4.846527814490522e+00,-3.824240525599420e+00,-1.340400807775036e-02,5.716399891529228e-03,3.861505741812354e-01,9.223206543275684e-01
1609043962514252186,3188,1609043962514252186,3.028170458269854e+00,-4.832145675304207e+00,-3.830773155755513e+00,-1.401342187369876e-02,6.666258236921030e-03,3.746382089244052e-01,9.270412058923929e-01
1609043962616662979,3189,1609043962616662979,3.046531347051492e+00,-4.819050575754279e+00,-3.836358738111437e+00,-1.814423764037408e-02,4.971738705948896e-03,3.638957957042515e-01,9.312496541333366e-01
1609043962720216751,3190,1609043962720216751,3.062981036431592e+00,-4.810225062227906e+00,-3.842076406809865e+00,-2.559907081731093e-02,9.982701163697885e-04,3.523380017909564e-01,9.355221127926485e-01
1609043962842806101,3191,1609043962842806101,3.086514231162710e+00,-4.813342239666558e+00,-3.848366673622040e+00,-2.691475354097026e-02,-6.129450845898794e-04,3.376141576682605e-01,9.408995168890795e-01
1609043962946144581,3192,1609043962946144581,3.106002591095486e+00,-4.824026402784915e+00,-3.849138105335535e+00,-2.459193695309725e-02,-1.375859913415721e-03,3.236637135961780e-01,9.458515444547970e-01
1609043963029668570,3193,1609043963029668570,3.126720169159194e+00,-4.835442062793223e+00,-3.844170412975251e+00,-2.315502740555234e-02,-1.208095576985583e-03,3.123860573735915e-01,9.496722257545012e-01
1609043963152034521,3194,1609043963152034521,3.156399914109635e+00,-4.857028435851441e+00,-3.837748620392402e+00,-1.862662156995547e-02,6.001953539983733e-04,2.971637781282055e-01,9.546446342503567e-01
1609043963253819466,3195,1609043963253819466,3.180937698227037e+00,-4.882054267985265e+00,-3.840311577828909e+00,-8.541761651743886e-03,3.736657061095900e-03,2.874452546785987e-01,9.577516908179532e-01
1609043963357821703,3196,1609043963357821703,3.204121380717641e+00,-4.904697391807036e+00,-3.850145023340175e+00,2.806275225660621e-03,9.590114568627040e-03,2.774587579251563e-01,9.606855844513063e-01
1609043963428203344,3197,1609043963428203344,3.213592971706813e+00,-4.924803979790464e+00,-3.851832131819624e+00,1.262260746946553e-02,1.509027552935342e-02,2.676194929815182e-01,9.633238086653081e-01
1609043963529935837,3198,1609043963529935837,3.230185117723841e+00,-4.945153735335353e+00,-3.854596084588999e+00,1.478048498340104e-02,1.897975233848357e-02,2.565325964963189e-01,9.662361684390013e-01
1609043963613545895,3199,1609043963613545895,3.239995460440549e+00,-4.958994968711935e+00,-3.853471495749488e+00,1.914889684696814e-02,1.926167092951157e-02,2.472700770002624e-01,9.685658556870729e-01
1609043963716943264,3200,1609043963716943264,3.246908975937520e+00,-4.971916119244492e+00,-3.848477786980274e+00,1.432049485615530e-02,1.648052044828710e-02,2.345153442374293e-01,9.718672075906402e-01
1609043963839665890,3201,1609043963839665890,3.250940298157289e+00,-4.989819371886361e+00,-3.844913348390506e+00,1.110868471687916e-02,1.422721744027713e-02,2.186494216894793e-01,9.756365172555937e-01
1609043963923179150,3202,1609043963923179150,3.251067343394583e+00,-5.000817483360137e+00,-3.839121865389677e+00,1.158178530211512e-02,1.357979465997460e-02,2.075733476482906e-01,9.780566224775999e-01
1609043964026578426,3203,1609043964026578426,3.249656861367387e+00,-5.010896995619184e+00,-3.843641276584882e+00,1.474024672070877e-02,1.289161072429343e-02,1.921078671326670e-01,9.811784235730439e-01
1609043964149881124,3204,1609043964149881124,3.240219159593908e+00,-5.023114448968657e+00,-3.838133821129527e+00,1.076501467989947e-02,1.279031078847954e-02,1.684284783451307e-01,9.855721029388056e-01
1609043964232765198,3205,1609043964232765198,3.228536893159873e+00,-5.033302662009651e+00,-3.836620863818653e+00,8.596555627128634e-03,1.395158735844190e-02,1.521416150889391e-01,9.882228399504125e-01
1609043964335764408,3206,1609043964335764408,3.211275414572326e+00,-5.040402584508593e+00,-3.837838630283306e+00,7.550032582947060e-03,1.405111135922572e-02,1.347917667455508e-01,9.907455490160831e-01
1609043964457830667,3207,1609043964457830667,3.185076025632148e+00,-5.045266693891639e+00,-3.838478458219734e+00,-2.414807139229189e-03,1.246987271616246e-02,1.166848221477197e-01,9.930877721839485e-01
1609043964508609056,3208,1609043964508609056,3.171695836420171e+00,-5.054885172527153e+00,-3.833204514549555e+00,-1.229988319726508e-02,1.117625086708989e-02,1.062383275693135e-01,9.942018014694827e-01
1609043964628206968,3209,1609043964628206968,3.140995945133454e+00,-5.063311460434179e+00,-3.821392386918269e+00,-2.847056395026012e-02,1.002140607356672e-02,9.234944559448911e-02,9.952690984387355e-01
1609043964713262796,3210,1609043964713262796,3.119759740611082e+00,-5.075740826160859e+00,-3.809116155725650e+00,-3.070444890307564e-02,8.197886647032866e-03,8.363719662544465e-02,9.959893828815233e-01
1609043964816508293,3211,1609043964816508293,3.093344029593622e+00,-5.095685085662768e+00,-3.801893533950274e+00,-2.265614945966746e-02,6.038658788432821e-03,7.532461800269349e-02,9.968833609878572e-01
1609043964919209957,3212,1609043964919209957,3.066626384992088e+00,-5.120342809188464e+00,-3.801701380355214e+00,-5.661241731596363e-03,5.540187056245596e-03,6.993081328008741e-02,9.975203947907149e-01
1609043965022449017,3213,1609043965022449017,3.035575247802014e+00,-5.141245868809611e+00,-3.801724576321488e+00,8.185989323898794e-03,5.076579726817880e-03,6.741423442514718e-02,9.976785749498370e-01
1609043965125512600,3214,1609043965125512600,3.002386806159500e+00,-5.156852722086273e+00,-3.810164534249520e+00,1.749066127461434e-02,5.164815768403865e-03,6.744813086120494e-02,9.975560891947806e-01
1609043965247534752,3215,1609043965247534752,2.961132670861533e+00,-5.173070363108300e+00,-3.803675736283962e+00,2.066851548735365e-02,1.958745822730061e-03,6.804451550574696e-02,9.974662499011879e-01
1609043965331941843,3216,1609043965331941843,2.930008319601491e+00,-5.180937266756989e+00,-3.802959783145104e+00,2.177786073687198e-02,-5.875337713839445e-03,6.821914462933147e-02,9.974153365045657e-01
1609043965435280323,3217,1609043965435280323,2.896585396862075e+00,-5.185769447601317e+00,-3.810096571911161e+00,2.052470473876603e-02,-1.596910293385151e-02,6.800082763965011e-02,9.973462847412613e-01
1609043965538619995,3218,1609043965538619995,2.872024052783315e+00,-5.190798663168840e+00,-3.817010170782724e+00,1.815546009548977e-02,-1.416441507456812e-02,6.771181282369070e-02,9.974391505342298e-01
1609043965608940601,3219,1609043965608940601,2.850728786599585e+00,-5.192383954499476e+00,-3.821916684531775e+00,1.682129731630849e-02,-1.084207022455015e-02,6.778741619759929e-02,9.974990524682696e-01
1609043965710446596,3220,1609043965710446596,2.820794750360986e+00,-5.190409315671155e+00,-3.825816344180589e+00,4.502060433987853e-03,-6.714261518336680e-03,6.822666305591707e-02,9.976370946353019e-01
1609043965813986540,3221,1609043965813986540,2.793048527211801e+00,-5.185325213840026e+00,-3.824736742695512e+00,-1.532951774175569e-02,-2.213283192849508e-03,6.809347390222004e-02,9.975587130967486e-01
1609043965936691999,3222,1609043965936691999,2.760772633514786e+00,-5.185766907903159e+00,-3.827020187981246e+00,-2.832606229059580e-02,9.717930609248646e-04,6.800312055546121e-02,9.972824401382365e-01
1609043966020253897,3223,1609043966020253897,2.739844650797945e+00,-5.189045949948048e+00,-3.828277722543115e+00,-3.362334305138680e-02,3.329095988012635e-03,6.719254758131657e-02,9.971677639552353e-01
1609043966123209715,3224,1609043966123209715,2.713029502323112e+00,-5.202740374307726e+00,-3.831603084338877e+00,-3.480188739621710e-02,4.292598512280421e-03,6.487474453590111e-02,9.972771278601926e-01
1609043966226772308,3225,1609043966226772308,2.687799558640794e+00,-5.225353098501335e+00,-3.825093932780233e+00,-3.542109845329545e-02,4.694125628484217e-03,5.968696812014685e-02,9.975774540383171e-01
1609043966329658270,3226,1609043966329658270,2.660838090642948e+00,-5.257769912811216e+00,-3.822509735586868e+00,-2.738843321889968e-02,4.399911906440188e-03,5.245859573758680e-02,9.982377523587604e-01
1609043966432919741,3227,1609043966432919741,2.636687729428268e+00,-5.298405084029426e+00,-3.827375664563153e+00,-1.469404971093769e-02,3.976982777604374e-03,4.105045389696291e-02,9.990411046328036e-01
1609043966536119938,3228,1609043966536119938,2.607171544358071e+00,-5.347311549750263e+00,-3.831665164227907e+00,1.963347247470498e-03,4.702596442357056e-03,2.446210809686392e-02,9.996877693168720e-01
1609043966638536215,3229,1609043966638536215,2.573046547020192e+00,-5.396791124766570e+00,-3.833319855583226e+00,1.621862014970328e-02,7.034620805085182e-03,7.911558133196109e-03,9.998124212663460e-01
1609043966708880424,3230,1609043966708880424,2.541452125790347e+00,-5.432508084759160e+00,-3.832885992392593e+00,2.454202629479947e-02,8.972322666785612e-03,-4.730436280634150e-03,9.996473424882913e-01
1609043966830023527,3231,1609043966830023527,2.493098635173513e+00,-5.483075173559794e+00,-3.827641115735243e+00,2.476510413335337e-02,7.535685659841715e-04,-2.036465152168227e-02,9.994855690404344e-01
1609043966913613558,3232,1609043966913613558,2.465388652389952e+00,-5.507228895101147e+00,-3.826493019575110e+00,1.977756788888756e-02,-8.759053221681875e-03,-3.129011601070884e-02,9.992762658219680e-01
1609043967036372185,3233,1609043967036372185,2.427741642395820e+00,-5.536847062282640e+00,-3.819920865225094e+00,1.335583141528416e-02,-3.475511407062364e-02,-4.630850600508743e-02,9.982330519897251e-01
1609043967119966269,3234,1609043967119966269,2.409629343617731e+00,-5.555973047328013e+00,-3.815935629085091e+00,1.215296928217547e-02,-5.317900454900836e-02,-5.612084431894081e-02,9.969326705679438e-01
1609043967242583036,3235,1609043967242583036,2.400439139849909e+00,-5.583102194771901e+00,-3.831493576110783e+00,1.038455162954807e-02,-4.792500956685625e-02,-6.897817046754302e-02,9.964122472874470e-01
1609043967326328516,3236,1609043967326328516,2.397128532816290e+00,-5.602819721825074e+00,-3.845149950833048e+00,1.126015422375755e-02,-4.531028780593063e-02,-7.798474884513289e-02,9.958607160107092e-01
1609043967449669361,3237,1609043967449669361,2.404734551855592e+00,-5.629718333301133e+00,-3.856323641118803e+00,1.026706316627340e-02,-3.650676794033877e-02,-9.054958506733408e-02,9.951696417961230e-01
1609043967532516479,3238,1609043967532516479,2.409734320118673e+00,-5.647260397986754e+00,-3.868308845746625e+00,1.112612003893480e-02,-2.811356044668224e-02,-9.831396282936294e-02,9.946960349195509e-01
1609043967635629892,3239,1609043967635629892,2.419269997623420e+00,-5.663263419582335e+00,-3.880130611157510e+00,5.906919847844299e-03,-2.346363753581948e-02,-1.069315475959179e-01,9.939719362940992e-01
1609043967738016129,3240,1609043967738016129,2.429020077855802e+00,-5.683362182586284e+00,-3.880414190577600e+00,3.990971543884655e-03,-1.662362948985066e-02,-1.133358095107894e-01,9.934096442914444e-01
1609043967808261156,3241,1609043967808261156,2.442293824543248e+00,-5.695305267533008e+00,-3.889650656351815e+00,7.901498337516008e-03,-4.554454258805205e-03,-1.158908357953785e-01,9.932200851015224e-01
1609043967910102606,3242,1609043967910102606,2.462670177853771e+00,-5.710628973804212e+00,-3.900593820266218e+00,1.017160206556047e-02,9.320400228985268e-03,-1.198988173168677e-01,9.926902549420982e-01
1609043968013899803,3243,1609043968013899803,2.485300553088907e+00,-5.722846389089157e+00,-3.912100312983552e+00,1.203395021833194e-02,1.770789188914278e-02,-1.245183942496991e-01,9.919862822138528e-01
1609043968116396189,3244,1609043968116396189,2.498676703816379e+00,-5.733246293595377e+00,-3.917280855209056e+00,1.287238474193051e-02,2.281696979190133e-02,-1.295187301624481e-01,9.912308440205431e-01
1609043968220081806,3245,1609043968220081806,2.508136320976536e+00,-5.742930088930439e+00,-3.923134448030951e+00,1.311383804193971e-02,2.430637177612994e-02,-1.353916504312026e-01,9.904071529105620e-01
1609043968343242407,3246,1609043968343242407,2.511079572813029e+00,-5.750398405829988e+00,-3.919929663631081e+00,1.164933553262183e-02,2.311751753871456e-02,-1.424768388386044e-01,9.894595614571896e-01
1609043968426294565,3247,1609043968426294565,2.511059921643275e+00,-5.752021120439823e+00,-3.918127379686600e+00,1.197185948021845e-02,2.224103433385636e-02,-1.493671019819355e-01,9.884591442330150e-01
1609043968549969673,3248,1609043968549969673,2.499632143520402e+00,-5.755009430462767e+00,-3.910849978802530e+00,1.256429604279551e-02,1.496489208297074e-02,-1.616435229396983e-01,9.866557464290863e-01
1609043968652639627,3249,1609043968652639627,2.486431526735360e+00,-5.756635717025220e+00,-3.900268608152707e+00,1.252364496943660e-02,8.167715568648480e-03,-1.717988369370707e-01,9.850185817364762e-01
1609043968733449221,3250,1609043968733449221,2.476534823750280e+00,-5.759707113400738e+00,-3.888588890783211e+00,1.265901873734517e-02,5.894796808510075e-03,-1.802960891509316e-01,9.835132540296919e-01
1609043968837698698,3251,1609043968837698698,2.461800046133530e+00,-5.757634779457569e+00,-3.881359256329542e+00,1.296828904765515e-02,5.275045304628379e-03,-1.906103244366561e-01,9.815659435791175e-01
1609043968928964376,3252,1609043968928964376,2.440260340872086e+00,-5.757261470752480e+00,-3.876244938481181e+00,1.270200369465567e-02,7.054779784367465e-03,-2.024486664332122e-01,9.791850829356772e-01
1609043969010355949,3253,1609043969010355949,2.423057744555960e+00,-5.751905863799017e+00,-3.869880636788834e+00,1.313977109519942e-02,7.195228512351305e-03,-2.099268328883524e-01,9.776023219774422e-01
1609043969112317085,3254,1609043969112317085,2.405847985867596e+00,-5.739681869643550e+00,-3.863112722315618e+00,1.345135924739834e-02,6.877093753851971e-03,-2.186572926433544e-01,9.756847620465211e-01
1609043969214739084,3255,1609043969214739084,2.385029052588764e+00,-5.726906815561462e+00,-3.857286686420347e+00,1.363392345054200e-02,7.027550848079553e-03,-2.277750224488764e-01,9.735929687548264e-01
1609043969340119600,3256,1609043969340119600,2.359761831972131e+00,-5.708815073327418e+00,-3.851294535196177e+00,1.335848774039755e-02,7.853054003561661e-03,-2.391284507328445e-01,9.708642873224951e-01
1609043969422820330,3257,1609043969422820330,2.335243319394691e+00,-5.695786968481238e+00,-3.847057072769838e+00,1.330931703714200e-02,8.316779753640096e-03,-2.468614598311701e-01,9.689236878643013e-01
1609043969546246529,3258,1609043969546246529,2.301809451798207e+00,-5.675186689812079e+00,-3.838016198949151e+00,1.359966646075586e-02,8.986558109687973e-03,-2.581514233793488e-01,9.659669422152674e-01
1609043969628179789,3259,1609043969628179789,2.279382905212143e+00,-5.660142751975639e+00,-3.836765837803502e+00,1.283284320856806e-02,9.864557319452205e-03,-2.656754549769136e-01,9.639266368696766e-01
1609043969731852293,3260,1609043969731852293,2.247210807604882e+00,-5.640245507367427e+00,-3.837814767783320e+00,1.493957033330238e-02,6.725319501091845e-03,-2.755716308383362e-01,9.611409134944596e-01
1609043969834352970,3261,1609043969834352970,2.215682239933582e+00,-5.615464898771528e+00,-3.829961599360823e+00,1.521931443867718e-02,-1.626700685660915e-03,-2.851897724876131e-01,9.583488508791355e-01
1609043969958568573,3262,1609043969958568573,2.180534967526575e+00,-5.586255750679013e+00,-3.824352925257799e+00,1.477519153829144e-02,-9.649130902461925e-03,-2.961195641206945e-01,9.549878489974645e-01
1609043970028898239,3263,1609043970028898239,2.156158617774080e+00,-5.572698264654735e+00,-3.818274772275266e+00,1.608085079578950e-02,-1.118539679494198e-02,-3.042441286879886e-01,9.523926728482899e-01
1609043970130265236,3264,1609043970130265236,2.126846574405643e+00,-5.545158088688621e+00,-3.810385161898768e+00,1.567108607568783e-02,-1.477807235660904e-02,-3.116504445842244e-01,9.499526440981606e-01
1609043970213071823,3265,1609043970213071823,2.108456147456880e+00,-5.519680836208318e+00,-3.805543537266033e+00,1.380737078947743e-02,-1.585860912363021e-02,-3.188289467535934e-01,9.475790013189086e-01
1609043970316346169,3266,1609043970316346169,2.085385147982673e+00,-5.487389506900282e+00,-3.805164162929754e+00,1.298384898225168e-02,-1.500163425190907e-02,-3.274301719408599e-01,9.446670594120221e-01
1609043970418962717,3267,1609043970418962717,2.065950671198945e+00,-5.455560303753623e+00,-3.808371192601706e+00,1.469819374784657e-02,-9.245057572721095e-03,-3.356257069880529e-01,9.418353767085825e-01
1609043970542592287,3268,1609043970542592287,2.043095914488001e+00,-5.412696245878045e+00,-3.814989217816307e+00,1.604134682389012e-02,-1.331791169457626e-03,-3.452809474396297e-01,9.383613210589768e-01
1609043970645828724,3269,1609043970645828724,2.024642254521432e+00,-5.376254439370101e+00,-3.820940174899587e+00,1.696770891345984e-02,1.398167011411026e-03,-3.527705767625156e-01,9.355549487624328e-01
1609043970749284506,3270,1609043970749284506,2.006158790325217e+00,-5.337621453327474e+00,-3.824594579032932e+00,1.662080866932025e-02,2.610366413424882e-03,-3.599777173633645e-01,9.328091861191264e-01
1609043970829975605,3271,1609043970829975605,1.993162150828669e+00,-5.309378932387698e+00,-3.830495333505284e+00,1.656108296610198e-02,2.392137110889750e-03,-3.661471582081499e-01,9.304065061827161e-01
1609043970935729265,3272,1609043970935729265,1.972660140464400e+00,-5.270286246838821e+00,-3.835781672551758e+00,1.607679274649081e-02,1.632870788497837e-03,-3.736655815187159e-01,9.274227211235739e-01
1609043971037661076,3273,1609043971037661076,1.952448987054795e+00,-5.232632407429405e+00,-3.840087673738838e+00,1.591268466697479e-02,-4.649275563626745e-05,-3.808910800855060e-01,9.244829741084526e-01
1609043971109040976,3274,1609043971109040976,1.938860374782074e+00,-5.204788699046214e+00,-3.846660122492574e+00,1.462375178362373e-02,-1.079848130893929e-03,-3.875097114735663e-01,9.217489914968492e-01
1609043971210958242,3275,1609043971210958242,1.916547064902206e+00,-5.156647547437427e+00,-3.849230958849149e+00,1.481220314512353e-02,-3.762544839956775e-03,-3.945870578546055e-01,9.187314600403979e-01
1609043971333822727,3276,1609043971333822727,1.897516626126967e+00,-5.099419250638185e+00,-3.852405265086757e+00,1.594846095424616e-02,-6.315212627232631e-03,-4.012011739558257e-01,9.158293414709593e-01
1609043971416679144,3277,1609043971416679144,1.886727969160534e+00,-5.058906213648665e+00,-3.849921094837426e+00,1.582743609906226e-02,-6.189527287644605e-03,-4.070429855375367e-01,9.132508910169068e-01
1609043971518110991,3278,1609043971518110991,1.873159032402365e+00,-5.008810214821850e+00,-3.847392754862036e+00,1.626201709510887e-02,-5.371330793067641e-03,-4.141570238061515e-01,9.100443149855620e-01
1609043971642911911,3279,1609043971642911911,1.856718718748311e+00,-4.948169469506460e+00,-3.847175648081085e+00,1.621548128318287e-02,-3.656908729150300e-03,-4.231704101288435e-01,9.058976151733086e-01
1609043971746792555,3280,1609043971746792555,1.843860256776987e+00,-4.894875585143152e+00,-3.843329582082710e+00,1.376373332627153e-02,-3.068245264249930e-03,-4.314671949184243e-01,9.020184062562959e-01
1609043971829811335,3281,1609043971829811335,1.832933235176665e+00,-4.853263684319786e+00,-3.838313160535681e+00,8.134518831723819e-03,-7.066187018943186e-04,-4.375887749553905e-01,8.991381397351728e-01
1609043971932149649,3282,1609043971932149649,1.819772511172873e+00,-4.801198559111410e+00,-3.833662276754180e+00,-7.367843506379235e-04,3.474318426317644e-03,-4.458309049170059e-01,8.951101555010851e-01
1609043972055690765,3283,1609043972055690765,1.800840598413929e+00,-4.744120544377243e+00,-3.836627383040580e+00,-3.146275282785594e-03,4.583149598838480e-03,-4.555413922759220e-01,8.901972453422411e-01
1609043972138820171,3284,1609043972138820171,1.784426007136583e+00,-4.704912041979575e+00,-3.839158897437668e+00,-1.583011374430383e-03,4.050314678944583e-03,-4.620788808287279e-01,8.868281665114500e-01
1609043972209017038,3285,1609043972209017038,1.766268664407098e+00,-4.671071759298518e+00,-3.840200872423189e+00,3.225895691812126e-03,1.560692911959172e-03,-4.698833084745173e-01,8.827212664548543e-01
1609043972330643415,3286,1609043972330643415,1.738668425679616e+00,-4.606204799581449e+00,-3.837810692106378e+00,1.340447012010861e-02,-2.961451612539328e-03,-4.794377173433292e-01,8.774685322983176e-01
1609043972433055401,3287,1609043972433055401,1.721292695767658e+00,-4.551057915698524e+00,-3.836544697703504e+00,2.047940225037526e-02,-4.772641048811341e-03,-4.864745336412558e-01,8.734416661113719e-01
1609043972536368370,3288,1609043972536368370,1.705496178074506e+00,-4.493633168287571e+00,-3.833673867468490e+00,2.479613776260929e-02,-4.426003765779745e-03,-4.943462490045554e-01,8.689000794900695e-01
1609043972619392157,3289,1609043972619392157,1.692053041410387e+00,-4.446585234293796e+00,-3.830568978155809e+00,2.708753247360121e-02,-3.305036410125889e-03,-5.007072476960440e-01,8.651864506703003e-01
1609043972742261648,3290,1609043972742261648,1.675976982874641e+00,-4.375882669183229e+00,-3.821569832975900e+00,2.393024198570798e-02,-1.195935815913892e-03,-5.088624877108283e-01,8.605143124067007e-01
1609043972824464560,3291,1609043972824464560,1.667855708387417e+00,-4.325568866672177e+00,-3.817911414202182e+00,1.845479713656296e-02,1.091820393532048e-03,-5.141787381811586e-01,8.574837920295102e-01
1609043972928667307,3292,1609043972928667307,1.655279671812391e+00,-4.264689769681731e+00,-3.817877173655932e+00,1.360107785771082e-02,2.887757243226618e-03,-5.207675364778874e-01,8.535852883514130e-01
1609043973031777143,3293,1609043973031777143,1.640885196820939e+00,-4.201172007556229e+00,-3.822025893443378e+00,1.330287176000771e-02,2.873782490146960e-03,-5.270511154125140e-01,8.497246005145201e-01
1609043973135198116,3294,1609043973135198116,1.622639253714681e+00,-4.135473528997320e+00,-3.823376908675024e+00,1.208121482923617e-02,-2.226030157894648e-03,-5.335114687723204e-01,8.457036134050673e-01
1609043973239008188,3295,1609043973239008188,1.612776436348565e+00,-4.068776580360750e+00,-3.817596971349468e+00,8.731928357112607e-03,-5.151467502138708e-03,-5.405784292303603e-01,8.412325348324190e-01
1609043973308622837,3296,1609043973308622837,1.600758019525685e+00,-4.022391658105397e+00,-3.820185419110967e+00,2.866209480609412e-03,-2.398010764128189e-03,-5.468391611796054e-01,8.372293390630634e-01
1609043973410250902,3297,1609043973410250902,1.586740810747449e+00,-3.950335845603445e+00,-3.818226159047797e+00,7.580562986762982e-03,-1.017612208541340e-02,-5.519181407080992e-01,8.338017435586360e-01
1609043973513238192,3298,1609043973513238192,1.579680855271880e+00,-3.878094925035870e+00,-3.806525620680944e+00,5.935534877605219e-03,-3.352392440628275e-02,-5.526247593851140e-01,8.327345262643212e-01
1609043973616367817,3299,1609043973616367817,1.575276738398829e+00,-3.813238258384079e+00,-3.795177165638099e+00,1.881704182604215e-03,-4.830084981618307e-02,-5.545212890415558e-01,8.307644835307387e-01
1609043973719568014,3300,1609043973719568014,1.580935403454041e+00,-3.755674875209130e+00,-3.788309651658694e+00,-8.651493329050493e-05,-5.592910393492988e-02,-5.545744145153741e-01,8.302524595646388e-01
1609043973842780113,3301,1609043973842780113,1.598791387698988e+00,-3.700454732868358e+00,-3.791702437785728e+00,1.096482984195522e-03,-4.818118098471003e-02,-5.545386459605504e-01,8.307612543084947e-01
1609043973926255226,3302,1609043973926255226,1.613738759716072e+00,-3.667066341456110e+00,-3.797442040099618e+00,3.777237093218365e-03,-4.940568198851886e-02,-5.543068644371096e-01,8.308361517802959e-01
1609043974029302597,3303,1609043974029302597,1.639538538548566e+00,-3.632531259090761e+00,-3.800327904268932e+00,4.178339558037392e-03,-4.952742944935629e-02,-5.538043079127885e-01,8.311620562489088e-01
1609043974132555246,3304,1609043974132555246,1.671799686168186e+00,-3.603566388276047e+00,-3.801839007215200e+00,4.452056180364939e-03,-4.721640283687865e-02,-5.543244783469987e-01,8.309483517067954e-01
1609043974235862255,3305,1609043974235862255,1.710414937854519e+00,-3.583717626407764e+00,-3.811076076183158e+00,1.106475404297760e-02,-3.522727393827623e-02,-5.544723743424205e-01,8.313825812945114e-01
1609043974338647127,3306,1609043974338647127,1.747579656977828e+00,-3.558794471115873e+00,-3.827028990598342e+00,1.889510655480573e-02,-2.388798389761258e-02,-5.561223550125045e-01,8.305421515064336e-01
1609043974409008503,3307,1609043974409008503,1.780426515023533e+00,-3.535349563531695e+00,-3.824026080480702e+00,2.295624587730835e-02,-1.811932664037424e-02,-5.599258769457263e-01,8.280263963811053e-01
1609043974510842800,3308,1609043974510842800,1.830958333970225e+00,-3.505717032199834e+00,-3.821607938216918e+00,2.419942726268697e-02,-1.668938899455356e-02,-5.643759549167855e-01,8.249943233301141e-01
1609043974613834143,3309,1609043974613834143,1.881462254826008e+00,-3.478956735543595e+00,-3.817262370160594e+00,2.383941575084855e-02,-1.739251252339490e-02,-5.697875360435896e-01,8.212620449857383e-01
1609043974716815948,3310,1609043974716815948,1.937110222514973e+00,-3.449799996600736e+00,-3.819334606611203e+00,2.119290637805464e-02,-1.781740591257715e-02,-5.753580617772605e-01,8.174328727875528e-01
1609043974839662313,3311,1609043974839662313,2.006513598391440e+00,-3.417304320468372e+00,-3.807246322587398e+00,2.857468550743952e-03,-6.848497891985534e-03,-5.828979129485847e-01,8.125115113217100e-01
1609043974922523975,3312,1609043974922523975,2.052687501770659e+00,-3.397439151650429e+00,-3.802160609750577e+00,-1.093949549515159e-02,2.301871538599264e-03,-5.874753341228164e-01,8.091648537986661e-01
1609043975025222778,3313,1609043975025222778,2.102290337671021e+00,-3.376012025322916e+00,-3.792776519830377e+00,-2.461573186711492e-02,1.166667556537331e-02,-5.915866623827115e-01,8.057810964007422e-01
1609043975129727364,3314,1609043975129727364,2.145684299179249e+00,-3.359434943432318e+00,-3.792558861948775e+00,-2.054668125330183e-02,8.225644903670002e-03,-5.943524887249469e-01,8.039000508781274e-01
1609043975231487989,3315,1609043975231487989,2.184112251250647e+00,-3.342455720925970e+00,-3.789804415484726e+00,-1.240921387634646e-02,5.440414715647251e-03,-5.972529293174479e-01,8.019384962205148e-01
1609043975334849596,3316,1609043975334849596,2.221190578102942e+00,-3.329052494317423e+00,-3.785929380258026e+00,-1.339353211959484e-03,4.208880535877457e-03,-6.004085718728722e-01,7.996812104077389e-01
1609043975438184500,3317,1609043975438184500,2.254217437933572e+00,-3.309864317675532e+00,-3.775188469463616e+00,8.561658052575305e-03,-3.711322013925082e-03,-6.038591624378207e-01,7.970364082274997e-01
1609043975528623343,3318,1609043975528623343,2.293492146036708e+00,-3.295228004735113e+00,-3.755810692824278e+00,2.015437222330053e-02,-2.076802928541356e-02,-6.080760932636642e-01,7.933510919139675e-01
1609043975610474110,3319,1609043975610474110,2.329122709465943e+00,-3.281131609817233e+00,-3.746126349915673e+00,2.250870612833230e-02,-2.515954177805498e-02,-6.106090921696861e-01,7.912122927291123e-01
1609043975713650227,3320,1609043975713650227,2.374021003046980e+00,-3.262676084246628e+00,-3.739068049342178e+00,2.230302805394320e-02,-2.644661916710749e-02,-6.151430982921814e-01,7.876560924018493e-01
1609043975816580772,3321,1609043975816580772,2.422510353748988e+00,-3.245517687027133e+00,-3.737567015578461e+00,1.966270793326860e-02,-2.339629230891902e-02,-6.202663019538518e-01,7.837957043027347e-01
1609043975919558764,3322,1609043975919558764,2.471370820542864e+00,-3.228268993421011e+00,-3.737568990493173e+00,1.403712725746740e-02,-2.006135515029880e-02,-6.254129944299105e-01,7.799096662345608e-01
1609043976022466898,3323,1609043976022466898,2.518774913769406e+00,-3.212283691671278e+00,-3.737633710840698e+00,1.011230165585436e-02,-1.742967709440194e-02,-6.311057999253709e-01,7.754349856771771e-01
1609043976125490665,3324,1609043976125490665,2.570139811886420e+00,-3.198980508734425e+00,-3.742759583161759e+00,7.980964436688281e-03,-1.593980541543862e-02,-6.364400269261455e-01,7.711201715272565e-01
1609043976229413033,3325,1609043976229413033,2.624151270394458e+00,-3.185582950778270e+00,-3.754159925993798e+00,9.106225942811829e-03,-1.861121179204519e-02,-6.423054109649328e-01,7.661686880119017e-01
1609043976351604939,3326,1609043976351604939,2.692251573074874e+00,-3.170739615096675e+00,-3.761349562628981e+00,6.798943476909266e-03,-1.706935811536040e-02,-6.509830182810511e-01,7.588698974730913e-01
1609043976435295105,3327,1609043976435295105,2.736486323690404e+00,-3.162095212439103e+00,-3.769685717745876e+00,6.526683847285686e-03,-1.643953734469223e-02,-6.575770013078602e-01,7.531796806611371e-01
1609043976538320780,3328,1609043976538320780,2.791865117354813e+00,-3.152824853840082e+00,-3.775350364978997e+00,7.817692080751336e-03,-1.736563291735395e-02,-6.658911304916858e-01,7.458058197791265e-01
1609043976627943516,3329,1609043976627943516,2.851593178128133e+00,-3.151606419913035e+00,-3.783875394515536e+00,7.460716526985537e-03,-1.721713694580805e-02,-6.746295514326655e-01,7.379179332676867e-01
1609043976709987879,3330,1609043976709987879,2.904616418416134e+00,-3.147364255080656e+00,-3.787708087496649e+00,5.145031510421711e-03,-1.514177117147522e-02,-6.810539883234193e-01,7.320585498478324e-01
1609043976812685013,3331,1609043976812685013,2.968128063190868e+00,-3.141044020845341e+00,-3.797810913749637e+00,7.642519687453964e-04,-3.698967989560814e-03,-6.889214180295828e-01,7.248261952598356e-01
1609043976915760994,3332,1609043976915760994,3.026893315265556e+00,-3.134285256156602e+00,-3.814337087382769e+00,3.571257314604891e-03,1.775273387911902e-02,-6.973402546562639e-01,7.165114484758406e-01
1609043977038593769,3333,1609043977038593769,3.086715989717369e+00,-3.122385398502525e+00,-3.827830146345517e+00,5.618157095915147e-03,3.418374979071075e-02,-7.074391888439332e-01,7.059247138675127e-01
1609043977141562939,3334,1609043977141562939,3.128888454004831e+00,-3.103537649268740e+00,-3.832826446120483e+00,5.805172599326011e-03,2.096276015422918e-02,-7.135680634512042e-01,7.002481570702679e-01
1609043977225187540,3335,1609043977225187540,3.160542732877468e+00,-3.088687558215869e+00,-3.833882194240904e+00,7.419115660160018e-03,2.976295237599479e-03,-7.176812825019384e-01,6.963258397732003e-01
1609043977328430891,3336,1609043977328430891,3.205552467757700e+00,-3.073152537372236e+00,-3.831678703808421e+00,3.742704432765449e-03,-6.514931526576491e-03,-7.225968233809758e-01,6.912288902168774e-01
1609043977431853056,3337,1609043977431853056,3.250764457326684e+00,-3.056419045256183e+00,-3.839423286799458e+00,-2.696882631159175e-03,-7.241511829116061e-03,-7.275747939454242e-01,6.859848442537021e-01
1609043977535149336,3338,1609043977535149336,3.293227814964245e+00,-3.040419285485989e+00,-3.854945782107007e+00,-8.363861498264969e-03,-2.689805861373082e-03,-7.334347952346028e-01,6.797030321430401e-01
1609043977658272266,3339,1609043977658272266,3.335647395913508e+00,-3.027261116892704e+00,-3.864846392301040e+00,-1.876424373628564e-02,8.946614505578205e-03,-7.401600453351594e-01,6.721093426930982e-01
1609043977728635550,3340,1609043977728635550,3.351232724922346e+00,-3.024125091448152e+00,-3.875590148213397e+00,-2.523475436266110e-02,1.915447658165186e-02,-7.445676702446581e-01,6.667947942400132e-01
1609043977810517550,3341,1609043977810517550,3.369417372116014e+00,-3.014743744846754e+00,-3.881373307821740e+00,-2.077000094790592e-02,1.519701373631924e-02,-7.497978721927842e-01,6.611662489036292e-01
1609043977933140516,3342,1609043977933140516,3.389353246892013e+00,-2.998414638283059e+00,-3.885605720698761e+00,-3.584489009857336e-03,-2.117217390951611e-03,-7.575063058978946e-01,6.528145719528502e-01
1609043978016634464,3343,1609043978016634464,3.401978325577897e+00,-2.987918033903101e+00,-3.884909077435632e+00,6.127292211953800e-03,-1.301102140724219e-02,-7.629806888479869e-01,6.462612769284118e-01
1609043978139622927,3344,1609043978139622927,3.420776816215209e+00,-2.974097429185872e+00,-3.887871881863063e+00,1.379291690408848e-02,-2.229859176515938e-02,-7.721798672182402e-01,6.348628047943810e-01
1609043978242689610,3345,1609043978242689610,3.437314445221554e+00,-2.967138183549708e+00,-3.886276369250861e+00,1.619090329554184e-02,-2.599113296336421e-02,-7.788844520417110e-01,6.264194489520891e-01
1609043978325589657,3346,1609043978325589657,3.451490272520632e+00,-2.963092455744612e+00,-3.886085219987910e+00,1.657830977137720e-02,-2.714420939984901e-02,-7.846476572807684e-01,6.191255167290260e-01
1609043978448698521,3347,1609043978448698521,3.478760055223212e+00,-2.958282580783516e+00,-3.887208248578317e+00,1.583412839252669e-02,-2.710993002096225e-02,-7.944460291858472e-01,6.065227438300619e-01
1609043978531793118,3348,1609043978531793118,3.497257940796980e+00,-2.955459194544152e+00,-3.879779623325361e+00,1.550661435122804e-02,-2.568113541852283e-02,-8.010641240343398e-01,5.978263070324640e-01
1609043978635257721,3349,1609043978635257721,3.524530618981216e+00,-2.952183684176178e+00,-3.882933653046051e+00,1.463702085693599e-02,-2.560771189991455e-02,-8.096743496969554e-01,5.861377399165635e-01
1609043978738127232,3350,1609043978738127232,3.553572590164453e+00,-2.953166966432943e+00,-3.877444017945205e+00,1.393465702238847e-02,-2.348562144768856e-02,-8.183091923455514e-01,5.741291811445015e-01
1609043978808222055,3351,1609043978808222055,3.576123961257878e+00,-2.962366391269627e+00,-3.872068652990355e+00,1.403874662793759e-02,-2.225987286948718e-02,-8.252850806698168e-01,5.641027807738280e-01
1609043978909990788,3352,1609043978909990788,3.615992461124982e+00,-2.970088213825620e+00,-3.863966064429811e+00,9.969801605218312e-03,-1.656586572158866e-02,-8.318224086115326e-01,5.547050168157450e-01
1609043979033137321,3353,1609043979033137321,3.664084968096173e+00,-2.978461797744888e+00,-3.854414368867241e+00,6.390383419960917e-03,-1.130793197912631e-02,-8.394652901097643e-01,5.432580605706930e-01
1609043979116214514,3354,1609043979116214514,3.695251319725038e+00,-2.980651763803828e+00,-3.848238228515989e+00,5.661548231442942e-03,-8.757038382023357e-03,-8.441003298783347e-01,5.360838500175934e-01
1609043979238926411,3355,1609043979238926411,3.742680177680753e+00,-2.990088529921441e+00,-3.835700513656090e+00,-4.269328339748746e-03,8.425877286528400e-03,-8.511371099736172e-01,5.248584546839639e-01
1609043979322588444,3356,1609043979322588444,3.766739282625132e+00,-2.993585638197748e+00,-3.811219851798976e+00,-6.772690327016474e-03,1.562105646332794e-02,-8.556541763743619e-01,5.172678645671083e-01
1609043979445806503,3357,1609043979445806503,3.796566781870938e+00,-2.996021420149408e+00,-3.812272084485002e+00,-2.098613610545725e-03,5.189551752400943e-03,-8.613519080857511e-01,5.079779077977300e-01
1609043979528870106,3358,1609043979528870106,3.817522199743306e+00,-2.996961439666797e+00,-3.823597391815798e+00,3.433540168927548e-03,-3.979016952236056e-03,-8.652826838900055e-01,5.012566759516641e-01
1609043979651829720,3359,1609043979651829720,3.847641677000585e+00,-2.998696484678382e+00,-3.831485695344659e+00,-1.283876451596167e-02,2.015049054749315e-02,8.708113792547841e-01,-4.910363180221802e-01
1609043979754891396,3360,1609043979754891396,3.879300947632072e+00,-3.007272452780959e+00,-3.808018271702432e+00,-1.676483666909814e-02,2.522096975011967e-02,8.757602146779587e-01,-4.817954849555336e-01
1609043979837934494,3361,1609043979837934494,3.906926403889563e+00,-3.016641877413063e+00,-3.817903289416110e+00,-1.415429846561398e-02,2.393498045778095e-02,8.796367152280168e-01,-4.748326250041132e-01
1609043979928204775,3362,1609043979928204775,3.938229898643275e+00,-3.030764750755543e+00,-3.811251823773769e+00,-1.011038970820247e-02,1.431145913391721e-02,8.849326176424752e-01,-4.653893256079724e-01
1609043980030208111,3363,1609043980030208111,3.975976017011291e+00,-3.042628832672257e+00,-3.807326114730035e+00,-9.015253036863988e-03,1.104633423470046e-02,8.889925610513782e-01,-4.576996068470763e-01
1609043980132656574,3364,1609043980132656574,4.012298647925267e+00,-3.052297341862081e+00,-3.804493009536029e+00,-7.971321582607594e-03,8.308038515669402e-03,8.934397268818963e-01,-4.490355096843137e-01
1609043980236168146,3365,1609043980236168146,4.045274626699285e+00,-3.058870894833787e+00,-3.800135046804618e+00,-6.130785020563976e-03,5.206302119335744e-03,8.982796468364971e-01,-4.393506389804982e-01
1609043980339115858,3366,1609043980339115858,4.078188812223665e+00,-3.064955984424102e+00,-3.798209782124958e+00,-5.697122027916516e-03,5.041707370210201e-03,9.032227351667237e-01,-4.291046663290140e-01
1609043980442451239,3367,1609043980442451239,4.105783599049516e+00,-3.066823832508558e+00,-3.788789844697106e+00,-7.472788805862376e-03,7.580306668851298e-03,9.089733500330611e-01,-4.167183045031060e-01
1609043980525436401,3368,1609043980525436401,4.127311391003312e+00,-3.070458499178157e+00,-3.793517927404203e+00,-1.135662522061641e-02,1.775446433791755e-02,9.131018181879175e-01,-4.071865367145524e-01
1609043980648487091,3369,1609043980648487091,4.165977927177808e+00,-3.079912428356355e+00,-3.789599817362187e+00,-1.399531837141276e-02,2.597460048483959e-02,9.189173348744458e-01,-3.933451192789629e-01
1609043980751444578,3370,1609043980751444578,4.201770812295831e+00,-3.092200182782770e+00,-3.795388429512071e+00,-1.481552055612786e-02,2.823154582360428e-02,9.239795211435388e-01,-3.811106462412426e-01
1609043980834543705,3371,1609043980834543705,4.232377707449935e+00,-3.106436126879789e+00,-3.799007445576842e+00,-1.538705019129833e-02,2.951889830522582e-02,9.282782372970579e-01,-3.703935575707593e-01
1609043980937669754,3372,1609043980937669754,4.273947427274891e+00,-3.125585470473870e+00,-3.798223900365008e+00,-1.554984078930166e-02,3.015618680075018e-02,9.335196520667233e-01,-3.569171697387077e-01
1609043981007715464,3373,1609043981007715464,4.308137210157234e+00,-3.151383710079167e+00,-3.796399625115273e+00,-1.442476714881617e-02,2.733117544567435e-02,9.379855599099818e-01,-3.452941099147483e-01
1609043981129317760,3374,1609043981129317760,4.368734288771901e+00,-3.185042146120313e+00,-3.789678211625942e+00,-9.667130112262787e-03,1.674287189072303e-02,9.432156676809189e-01,-3.316178931805128e-01
1609043981212456226,3375,1609043981212456226,4.410850811396899e+00,-3.205618963065642e+00,-3.787408661981794e+00,-3.157693509023027e-03,1.388236875927796e-03,9.464823654182239e-01,-3.227370969107873e-01
1609043981315819502,3376,1609043981315819502,4.459134755689119e+00,-3.230596671901730e+00,-3.790931178582400e+00,1.517438106795644e-04,-7.102727544736211e-03,9.498935154037286e-01,-3.124929401269537e-01
1609043981419083118,3377,1609043981419083118,4.503108803861972e+00,-3.252297167022746e+00,-3.795273507289791e+00,-2.109850912034013e-04,-8.272690024758205e-03,9.530639695646728e-01,-3.026558904146327e-01
1609043981541922808,3378,1609043981541922808,4.550174323285062e+00,-3.275901482851999e+00,-3.800002519585346e+00,6.429037040498664e-05,-1.095211324675530e-02,9.566104595642299e-01,-2.911640014398958e-01
1609043981625663757,3379,1609043981625663757,4.580710966531576e+00,-3.285128866392340e+00,-3.795570422661271e+00,-1.873510680010313e-03,-8.444167662401875e-03,9.589185247468165e-01,-2.835497291263214e-01
1609043981748694181,3380,1609043981748694181,4.622235778535381e+00,-3.303960908531439e+00,-3.780350551314633e+00,-2.706109519862493e-03,3.953901224226165e-03,9.615842024942327e-01,-2.744683317796539e-01
1609043981831673861,3381,1609043981831673861,4.649767718303980e+00,-3.315480829928513e+00,-3.775175259228845e+00,1.565924359462897e-03,1.398827188639302e-02,9.631934395928076e-01,-2.684404478760780e-01
1609043981954789639,3382,1609043981954789639,4.689924234280169e+00,-3.339495996662158e+00,-3.800088823007072e+00,7.632909631835546e-03,1.782151652855963e-02,9.656630817907159e-01,-2.590732419715159e-01
1609043982037783623,3383,1609043982037783623,4.716678158732763e+00,-3.358653563513760e+00,-3.842950635067618e+00,1.033133482758937e-02,1.144271333677629e-02,9.673751980411809e-01,-2.528785361531471e-01
1609043982108014345,3384,1609043982108014345,4.733429513250781e+00,-3.377589594520143e+00,-3.841968615985469e+00,7.575431679239269e-03,-1.773579926731545e-02,9.693186434502026e-01,-2.450498351745654e-01
1609043982209704161,3385,1609043982209704161,4.760110181690388e+00,-3.400014171952221e+00,-3.838495183890786e+00,6.092782748586286e-03,-3.114278721202454e-02,9.707196102930111e-01,-2.381101488715458e-01
1609043982312679768,3386,1609043982312679768,4.784234046161141e+00,-3.412704004063828e+00,-3.827603507001902e+00,4.442306706009562e-03,-3.550604397662337e-02,9.723072627088648e-01,-2.309505870004542e-01
1609043982415830374,3387,1609043982415830374,4.802057616254286e+00,-3.414045103119236e+00,-3.815640521991491e+00,2.048014562075687e-03,-3.163370442644067e-02,9.742393390044018e-01,-2.232774612827730e-01
1609043982518661737,3388,1609043982518661737,4.817520413558060e+00,-3.408358260051479e+00,-3.801100830670116e+00,-8.035243582862654e-04,-1.122481036585868e-02,9.764417100505646e-01,-2.154876907259105e-01
1609043982622739077,3389,1609043982622739077,4.829156070806648e+00,-3.398892594796346e+00,-3.803737985424801e+00,-6.231132188601328e-03,1.045573793256254e-02,9.780130063451755e-01,-2.081884001466118e-01
1609043982745921373,3390,1609043982745921373,4.844457347831224e+00,-3.393301358236525e+00,-3.834777401143559e+00,-6.216728901077891e-03,1.612988573918058e-02,9.799770268163627e-01,-1.983587809500089e-01
1609043982829174995,3391,1609043982829174995,4.856055113409261e+00,-3.389026952861964e+00,-3.811020288071948e+00,-6.173636440579873e-03,4.461624562779730e-03,9.815997166331484e-01,-1.907982610640962e-01
1609043982951860666,3392,1609043982951860666,4.863429045848974e+00,-3.383788341862108e+00,-3.775107038205246e+00,-6.737310792368664e-03,4.324005064354539e-03,9.835681511050673e-01,-1.803596511286545e-01
1609043983055073023,3393,1609043983055073023,4.870281689137531e+00,-3.376032773351276e+00,-3.789291023080197e+00,-6.178287351634737e-03,1.643687303094952e-02,9.851692974166729e-01,-1.706842505854134e-01
1609043983137469530,3394,1609043983137469530,4.878853203264084e+00,-3.374502880686735e+00,-3.801829492853956e+00,-6.571345461380895e-03,1.839562875812959e-02,9.865241523347891e-01,-1.624454219778018e-01
1609043983207624197,3395,1609043983207624197,4.884971028816947e+00,-3.377897128478981e+00,-3.799056160267821e+00,-5.796982290622632e-03,1.067353236432545e-02,9.882924090629907e-01,-1.520874251595460e-01
1609043983329483747,3396,1609043983329483747,4.897321435721280e+00,-3.375931036297362e+00,-3.799445456759582e+00,-2.073036053944903e-03,-9.779003767296559e-03,9.902507754334084e-01,-1.389369474271395e-01
1609043983412595749,3397,1609043983412595749,4.904452746380990e+00,-3.372231684491727e+00,-3.792139676230946e+00,-2.229727406714647e-03,-1.196670815604058e-02,9.914482157048533e-01,-1.299317581935321e-01
1609043983535804033,3398,1609043983535804033,4.911625429007498e+00,-3.356724073111109e+00,-3.790575129980373e+00,-4.409893588935467e-03,-1.092866457091986e-03,9.931758348133637e-01,-1.165380608394501e-01
1609043983638719559,3399,1609043983638719559,4.916147857145998e+00,-3.344454302481183e+00,-3.792720211406584e+00,-5.854216555933715e-03,9.920986996673516e-03,9.943576176811718e-01,-1.054525026964889e-01
1609043983742151260,3400,1609043983742151260,4.922649612131734e+00,-3.338490512482684e+00,-3.802154674199598e+00,-6.495108106675094e-03,1.197617714828429e-02,9.955189327263219e-01,-9.357584803270871e-02
1609043983845454693,3401,1609043983845454693,4.928672993002298e+00,-3.333036777096137e+00,-3.811296835237056e+00,-5.639905250113090e-03,8.000989739431271e-03,9.966369437969546e-01,-8.135710104855841e-02
1609043983948586464,3402,1609043983948586464,4.935782770763104e+00,-3.325745437864671e+00,-3.803602740164665e+00,-6.070140754248943e-03,3.879304087252282e-03,9.975758150845000e-01,-6.921414269871325e-02
1609043984051550865,3403,1609043984051550865,4.943081711358149e+00,-3.321921780930138e+00,-3.789662239006067e+00,-6.654448585936452e-03,7.671373222827005e-03,9.981787700874235e-01,-5.946436995085191e-02
1609043984134629250,3404,1609043984134629250,4.947596234211962e+00,-3.318585032546525e+00,-3.816108973426902e+00,-5.813848144908818e-03,1.634754045299587e-02,9.984786392314026e-01,-5.233893473784647e-02
1609043984257793665,3405,1609043984257793665,4.954129019846551e+00,-3.317368352485846e+00,-3.838419352585867e+00,-5.543408320082806e-03,1.917108694751477e-02,9.989580505521553e-01,-4.104330988706426e-02
1609043984307986975,3406,1609043984307986975,4.959537113349788e+00,-3.323363519505352e+00,-3.841571577608766e+00,-6.029049819170165e-03,1.766057536761488e-02,9.992247317228364e-01,-3.466540277262618e-02
1609043984409567118,3407,1609043984409567118,4.964673926478005e+00,-3.329310220340882e+00,-3.845855342330358e+00,-5.242094361702900e-03,1.839673189695840e-02,9.994844688284039e-01,-2.578521423253175e-02
1609043984512926817,3408,1609043984512926817,4.966610170220363e+00,-3.332852248033115e+00,-3.850853170936349e+00,-4.474389567311340e-03,1.736896177038146e-02,9.996706572402342e-01,-1.835418366196772e-02
1609043984616147995,3409,1609043984616147995,4.969368645849794e+00,-3.338027779764210e+00,-3.857121948818425e+00,-4.193122101881725e-03,1.669546559149089e-02,9.997921646933361e-01,-1.092275485101216e-02
1609043984719298840,3410,1609043984719298840,4.972496701705941e+00,-3.343640946286064e+00,-3.862444603737000e+00,-3.494770179136896e-03,1.553603565555602e-02,9.998621465556246e-01,-4.701708485540204e-03
1609043984822464943,3411,1609043984822464943,4.975276745499186e+00,-3.354407638678109e+00,-3.870847922943922e+00,-3.077881218110480e-03,1.355664408199583e-02,9.998998007981671e-01,2.670657639454458e-03
1609043984925889730,3412,1609043984925889730,4.978359056319253e+00,-3.358830953635790e+00,-3.870559504041687e+00,-3.179116004108939e-03,1.005201498334492e-02,9.998745201112197e-01,1.182346178431320e-02
1609043985028575659,3413,1609043985028575659,4.979653426547649e+00,-3.370657340546229e+00,-3.876087248297857e+00,-2.761482759962352e-03,1.211084101729062e-02,9.997241243404995e-01,1.993431600135566e-02
1609043985131415844,3414,1609043985131415844,4.978892604228719e+00,-3.382148974606796e+00,-3.889845882576421e+00,-2.509712282836171e-03,1.407623239346333e-02,9.994971308998214e-01,2.830276221303850e-02
1609043985234558582,3415,1609043985234558582,4.977406169012833e+00,-3.393244829124313e+00,-3.898899517180068e+00,-3.425823987503048e-03,1.098878661078675e-02,9.992010842290933e-01,3.827144593863349e-02
1609043985337656975,3416,1609043985337656975,4.976876151788829e+00,-3.405279955644531e+00,-3.917766751599594e+00,-3.322014395840206e-03,3.283611330571853e-03,9.987291335864945e-01,5.018266476138493e-02
1609043985407856703,3417,1609043985407856703,4.974544792090017e+00,-3.421502303791045e+00,-3.911849305278079e+00,-8.159434277028277e-03,-1.282966785217317e-02,9.979701813440327e-01,6.184125163061001e-02
1609043985529740334,3418,1609043985529740334,4.972723005091951e+00,-3.438613063093322e+00,-3.907268415012003e+00,-1.667969965899475e-02,-3.060611178467254e-02,9.966618516823961e-01,7.382551687409578e-02
1609043985612317562,3419,1609043985612317562,4.975047122463985e+00,-3.443081443049938e+00,-3.903805452220678e+00,-1.589736933595111e-02,-2.798191550252405e-02,9.963186770649803e-01,7.945677934886138e-02
1609043985715493679,3420,1609043985715493679,4.980716422950396e+00,-3.441000614411027e+00,-3.893175151079324e+00,-9.163696499702043e-03,-6.698790406342890e-03,9.961925235107324e-01,8.643846929968300e-02
1609043985818808317,3421,1609043985818808317,4.987772183361024e+00,-3.436657150126620e+00,-3.884371696902874e+00,-5.747888191554644e-03,1.649219338304929e-03,9.955770649192508e-01,9.375793120414674e-02
1609043985922049046,3422,1609043985922049046,4.989968537242931e+00,-3.433039668848966e+00,-3.872080654532347e+00,-5.437854679086149e-03,-5.254899417951053e-03,9.946974432238304e-01,1.025661357981831e-01
1609043986025160789,3423,1609043986025160789,4.994186590427036e+00,-3.420099468978149e+00,-3.845080931255026e+00,-4.008089684208647e-03,-3.031959297662726e-03,9.938462886568201e-01,1.106539514114388e-01
1609043986128454685,3424,1609043986128454685,4.999218783979995e+00,-3.410902353975845e+00,-3.843386779559284e+00,-2.197684073052706e-03,1.165641059198351e-02,9.929886282895083e-01,1.176132746102543e-01
1609043986251842022,3425,1609043986251842022,5.000297993623551e+00,-3.405376158336463e+00,-3.852119543224541e+00,-1.935460576309541e-03,1.638533476163639e-02,9.918957471157129e-01,1.259785761582837e-01
1609043986355525732,3426,1609043986355525732,4.998570708344948e+00,-3.402595008874331e+00,-3.851953796855270e+00,-2.421233617385538e-03,1.296332315123443e-02,9.909808173648184e-01,1.333533257763126e-01
1609043986458621979,3427,1609043986458621979,4.995213480789346e+00,-3.397524322995553e+00,-3.849857152081362e+00,-4.857634944608832e-03,1.508857982234871e-03,9.900316332863203e-01,1.407533012854606e-01
1609043986528954029,3428,1609043986528954029,4.995806208805257e+00,-3.392174214320368e+00,-3.837048864101722e+00,-5.852731187406741e-03,-7.092104663640571e-03,9.891489897551287e-01,1.466278406561881e-01
1609043986609337330,3429,1609043986609337330,4.996477630451179e+00,-3.387283276366083e+00,-3.833678060093672e+00,-6.352560006228926e-03,-1.480498257580406e-02,9.884996573079842e-01,1.503625118648113e-01
1609043986712800741,3430,1609043986712800741,4.998085262007391e+00,-3.377371645562320e+00,-3.831755292280700e+00,-5.056608270929121e-03,-7.054010931569128e-03,9.881720700685106e-01,1.531033362767981e-01
1609043986815943003,3431,1609043986815943003,4.999533497352565e+00,-3.364641577446184e+00,-3.830358596165506e+00,-3.262920305387214e-03,5.753284727902035e-03,9.875608989907012e-01,1.570978161865995e-01
1609043986939129591,3432,1609043986939129591,5.002299703683679e+00,-3.348307455024145e+00,-3.833068191454971e+00,-1.165743839431862e-03,1.888825355662296e-02,9.861185376739010e-01,1.649609183254292e-01
1609043987022285938,3433,1609043987022285938,5.002853165036909e+00,-3.337488558797162e+00,-3.834459207568898e+00,-2.763787810860736e-04,2.323376962442516e-02,9.847332096563127e-01,1.725126701543543e-01
1609043987146093845,3434,1609043987146093845,5.000062728169262e+00,-3.325918389073732e+00,-3.835078355805334e+00,3.568236788272364e-04,2.504246020823071e-02,9.824195560758807e-01,1.849988208158399e-01
1609043987228947163,3435,1609043987228947163,5.000342321832226e+00,-3.323489894095822e+00,-3.835817506324896e+00,7.940669912641775e-04,2.446384902749802e-02,9.809425219645481e-01,1.927502481196989e-01
1609043987332013130,3436,1609043987332013130,4.997459803386857e+00,-3.322142386045886e+00,-3.835045240044071e+00,5.945466953678513e-04,2.344631337584877e-02,9.789615400565147e-01,2.026924270748306e-01
1609043987434977531,3437,1609043987434977531,4.989211600748673e+00,-3.322899487142930e+00,-3.829135379453081e+00,5.940765849758951e-05,2.154956944015595e-02,9.768439777579209e-01,2.128648764962335e-01
1609043987538100004,3438,1609043987538100004,4.979097836790744e+00,-3.326000673401425e+00,-3.827681244834099e+00,9.154195053513758e-04,2.162836408505021e-02,9.743946265618887e-01,2.238001063481679e-01
1609043987628193617,3439,1609043987628193617,4.968362489136676e+00,-3.337669670598610e+00,-3.820074943952506e+00,6.468073773091777e-04,2.061167222289513e-02,9.716060550091661e-01,2.357040824379549e-01
1609043987709481478,3440,1609043987709481478,4.956817656311340e+00,-3.345594015389920e+00,-3.812664802199742e+00,6.784344857783539e-04,1.900575604766136e-02,9.698821024629669e-01,2.428312753450843e-01
1609043987812507153,3441,1609043987812507153,4.942314354207856e+00,-3.359054965607173e+00,-3.804872331085781e+00,6.704082607659350e-04,1.860881766606842e-02,9.676297559570639e-01,2.516861494884216e-01
1609043987915559053,3442,1609043987915559053,4.927269099452590e+00,-3.371441098433798e+00,-3.798414864715878e+00,1.388193850076981e-03,1.979641913028770e-02,9.649841936694531e-01,2.615562667487972e-01
1609043988019211054,3443,1609043988019211054,4.909129324295029e+00,-3.385009711697253e+00,-3.796113016023623e+00,5.473591439798890e-04,1.521865504560873e-02,9.623318338754955e-01,2.714507956267513e-01
1609043988142750263,3444,1609043988142750263,4.886164668881019e+00,-3.405935054896256e+00,-3.794962212164086e+00,-4.801409237669293e-03,-1.020647977245902e-03,9.586319552756739e-01,2.846061824194570e-01
1609043988225726604,3445,1609043988225726604,4.870786189833020e+00,-3.416682053265577e+00,-3.789980158642499e+00,-1.015581490870585e-02,-1.047462217297468e-02,9.559572352794621e-01,2.931431493839159e-01
1609043988328668594,3446,1609043988328668594,4.856548754946744e+00,-3.428607755503009e+00,-3.777668451428377e+00,-9.680551808767014e-03,-1.372027605942764e-02,9.529865083661744e-01,3.025471133783603e-01
1609043988431636333,3447,1609043988431636333,4.842679584430484e+00,-3.435966142956018e+00,-3.772329026661151e+00,-8.639021484237518e-03,-1.131871448162153e-02,9.501942893342871e-01,3.113327263986035e-01
1609043988534860134,3448,1609043988534860134,4.828167800070142e+00,-3.441434243103972e+00,-3.771283061280395e+00,-8.082634395834889e-03,-9.560309848670814e-03,9.472877336764668e-01,3.201393776512415e-01
1609043988658139706,3449,1609043988658139706,4.814023732139177e+00,-3.446614602825084e+00,-3.771668681470458e+00,-8.812159214194308e-03,-1.073471662723738e-02,9.434312212372262e-01,3.312772894476053e-01
1609043988728131771,3450,1609043988728131771,4.803588902953118e+00,-3.455435927541997e+00,-3.771197521877280e+00,-1.099713396507295e-02,-1.465072680810137e-02,9.403573893334056e-01,3.396945680675665e-01
1609043988809595585,3451,1609043988809595585,4.794850264837387e+00,-3.457739570025227e+00,-3.772487190724817e+00,-1.271273324535786e-02,-2.169987024759712e-02,9.376390060554388e-01,3.466995765328228e-01
1609043988912829399,3452,1609043988912829399,4.790451729543541e+00,-3.448612202953250e+00,-3.769932271450148e+00,-1.277208760352248e-02,-2.041005541200298e-02,9.346070736857481e-01,3.548660609763766e-01
1609043989016071558,3453,1609043989016071558,4.792869018593363e+00,-3.436954285942992e+00,-3.766605101407599e+00,-7.337527924593457e-03,-6.780711306691500e-03,9.320484865104141e-01,3.621958053757358e-01
1609043989118685007,3454,1609043989118685007,4.795040954656731e+00,-3.424775319562525e+00,-3.765881788894294e+00,-4.703272587149574e-03,1.031888604822167e-03,9.289753274709032e-01,3.701103286632335e-01
1609043989222167730,3455,1609043989222167730,4.793597530719569e+00,-3.406881174703279e+00,-3.762255932781693e+00,7.437369783227642e-05,1.399966337685168e-02,9.251288159810285e-01,3.793951472217698e-01
1609043989345328808,3456,1609043989345328808,4.794016501690088e+00,-3.391403791704275e+00,-3.763010060944817e+00,2.875518080560879e-03,2.028118084578261e-02,9.202566794888951e-01,3.907787723960224e-01
1609043989428320885,3457,1609043989428320885,4.789473143503445e+00,-3.385126847447372e+00,-3.760869122788175e+00,4.172397658992677e-03,2.193562347861808e-02,9.172241858209411e-01,3.977451602037304e-01
1609043989531422377,3458,1609043989531422377,4.782602169364982e+00,-3.375188376096671e+00,-3.758009095736401e+00,4.052650520697128e-03,2.118736656009397e-02,9.133614227611243e-01,4.065778928247085e-01
1609043989634116888,3459,1609043989634116888,4.773703925209417e+00,-3.369693802829005e+00,-3.756061164428931e+00,4.306005064035910e-03,2.133067638310963e-02,9.089394771859581e-01,4.163598051905885e-01
1609043989737659454,3460,1609043989737659454,4.764341698829330e+00,-3.361528539820747e+00,-3.753636695690580e+00,5.156184389705880e-03,2.116351960948920e-02,9.040747014103264e-01,4.268189938019481e-01
1609043989807934523,3461,1609043989807934523,4.753175907315599e+00,-3.370232049225721e+00,-3.751513268876183e+00,5.245478667701679e-03,2.035856745110570e-02,8.995769282297257e-01,4.362560760398145e-01
1609043989910110474,3462,1609043989910110474,4.736657181431640e+00,-3.371959135303620e+00,-3.748606462609847e+00,5.744073136327861e-03,2.059926101974461e-02,8.947770927234565e-01,4.460007067333011e-01
1609043990033588409,3463,1609043990033588409,4.712053902506449e+00,-3.373570344015231e+00,-3.745191507040981e+00,6.281267788279634e-03,1.970251423606077e-02,8.882503217488058e-01,4.588940210123607e-01
1609043990136280298,3464,1609043990136280298,4.688671510454122e+00,-3.375890794143801e+00,-3.747784404360993e+00,6.899512316299343e-03,1.985779720065836e-02,8.825994987302255e-01,4.696553943704780e-01
1609043990219708920,3465,1609043990219708920,4.668009212237924e+00,-3.375402488307504e+00,-3.751688168745305e+00,6.817890079349116e-03,2.023562538508659e-02,8.776817854354623e-01,4.787679180510739e-01
1609043990342449427,3466,1609043990342449427,4.634146167999792e+00,-3.381973556933966e+00,-3.759272062286017e+00,7.537825223464354e-03,2.001656530934100e-02,8.695963806716462e-01,4.932997598082637e-01
1609043990425300121,3467,1609043990425300121,4.612900417785799e+00,-3.387145217091944e+00,-3.764249670652828e+00,6.810300445666309e-03,2.038810296464611e-02,8.632564179843998e-01,5.043077452053324e-01
1609043990528545618,3468,1609043990528545618,4.579939404878683e+00,-3.394724504778589e+00,-3.770738559454878e+00,6.505078968968552e-03,2.115692232732146e-02,8.550772776252297e-01,5.180279122540307e-01
1609043990631167173,3469,1609043990631167173,4.545537242211664e+00,-3.404473379870681e+00,-3.777248315750124e+00,5.583980885254631e-03,2.082791575523255e-02,8.467899974083776e-01,5.314900915086629e-01
1609043990734284639,3470,1609043990734284639,4.508100266555881e+00,-3.418874105691433e+00,-3.782215268707338e+00,5.364711615782193e-03,2.088955967649240e-02,8.383331788937188e-01,5.447314267891599e-01
1609043990857698441,3471,1609043990857698441,4.457651957924819e+00,-3.438609826516162e+00,-3.789777715169908e+00,5.028631864722513e-03,2.013454096349715e-02,8.284060438614025e-01,5.597434587520062e-01
1609043990927327871,3472,1609043990927327871,4.421101862982622e+00,-3.456396705007885e+00,-3.793180441666363e+00,7.226869252187384e-04,1.352424829579381e-02,8.221880388134548e-01,5.690548315089926e-01
1609043991029122114,3473,1609043991029122114,4.367587787949715e+00,-3.482818856027730e+00,-3.797284856141571e+00,-1.026526223228953e-02,-2.912194227213486e-03,8.161232325427336e-01,5.777793807501996e-01
1609043991112323284,3474,1609043991112323284,4.327892982066492e+00,-3.496828112002484e+00,-3.801339618897022e+00,-1.798466133324797e-02,-1.216112024829603e-02,8.115435347474024e-01,5.838884742146627e-01
1609043991215696096,3475,1609043991215696096,4.287830433056094e+00,-3.512857511542253e+00,-3.800553257638275e+00,-1.717908126160242e-02,-1.050286151181262e-02,8.060694081758701e-01,5.914783836033856e-01
1609043991318751574,3476,1609043991318751574,4.255153904524299e+00,-3.528350801498297e+00,-3.799520691786047e+00,-5.275321184176111e-03,6.498306274028530e-03,8.009068227445467e-01,5.987304938644831e-01
1609043991421611786,3477,1609043991421611786,4.219923106246553e+00,-3.543177571331764e+00,-3.799200746478255e+00,2.156581616111048e-03,1.667431746990209e-02,7.950609795786646e-01,6.062964250629064e-01
1609043991545166969,3478,1609043991545166969,4.172965029020768e+00,-3.562830802421206e+00,-3.800109244634986e+00,6.267845355305418e-03,2.061884182516407e-02,7.869078277903244e-01,6.166941284289189e-01
1609043991648855686,3479,1609043991648855686,4.130493141067658e+00,-3.579298987996856e+00,-3.801592073970017e+00,9.101059383991172e-03,2.227392546321500e-02,7.796880816045461e-01,6.257056323594753e-01
1609043991751771450,3480,1609043991751771450,4.083961857695672e+00,-3.598627248308603e+00,-3.807468779508705e+00,1.120148141071928e-02,1.993227934283172e-02,7.720158636146640e-01,6.351918902046129e-01
1609043991854609728,3481,1609043991854609728,4.036731111545276e+00,-3.621105341575993e+00,-3.804075624967613e+00,1.329064786576170e-02,1.780352937576309e-02,7.650065196410352e-01,6.436391985637491e-01
1609043991937756777,3482,1609043991937756777,3.994730075117037e+00,-3.638066970318212e+00,-3.811391143449375e+00,1.372102673095662e-02,1.514235161314454e-02,7.595763116896361e-01,6.500971230001257e-01
1609043992007838726,3483,1609043992007838726,3.951392397361442e+00,-3.657540160764322e+00,-3.808607248009950e+00,6.498296792586944e-03,8.749111713414635e-03,7.537279507940401e-01,6.570961888299449e-01
1609043992109464169,3484,1609043992109464169,3.887706269928256e+00,-3.678915258063022e+00,-3.809575116205528e+00,-4.523238174178221e-03,9.693342678103398e-04,7.483681546307128e-01,6.632674466925980e-01
1609043992231957197,3485,1609043992231957197,3.814573148613429e+00,-3.704538888879539e+00,-3.803531359040505e+00,-7.373582864268455e-03,3.893268676797830e-04,7.445533584752652e-01,6.675221158010702e-01
1609043992315944433,3486,1609043992315944433,3.768504419494652e+00,-3.720813599121413e+00,-3.799740371873110e+00,-7.200259947313758e-03,5.841358404834467e-05,7.419660130735058e-01,6.703988277796662e-01
1609043992418921947,3487,1609043992418921947,3.713869413552776e+00,-3.739196377628533e+00,-3.793069497128364e+00,-8.148263156894452e-03,-1.474519496280017e-03,7.379204350292946e-01,6.748369159774514e-01
1609043992522017241,3488,1609043992522017241,3.662915262843494e+00,-3.758904929995784e+00,-3.787613383858619e+00,-1.423965790005172e-02,-9.035929010151678e-03,7.338671328271072e-01,6.790836586797933e-01
1609043992645194292,3489,1609043992645194292,3.603342297940451e+00,-3.781141895084942e+00,-3.772367715544425e+00,-2.050319107934192e-02,-1.700858547193152e-02,7.307225275185485e-01,6.821546122051160e-01
1609043992747703552,3490,1609043992747703552,3.561800536778048e+00,-3.799535942792593e+00,-3.764112414141467e+00,-2.364445181234539e-02,-2.063311850853488e-02,7.297820669275523e-01,6.829592587483211e-01
1609043992850786448,3491,1609043992850786448,3.524418504065478e+00,-3.815926651513826e+00,-3.757004873938996e+00,-2.443619209972278e-02,-2.181345735900080e-02,7.301854252238931e-01,6.824633985675094e-01
1609043992934566259,3492,1609043992934566259,3.499359859338058e+00,-3.829469427356639e+00,-3.757655889820650e+00,-2.623367565582105e-02,-2.370893542508224e-02,7.301153473469570e-01,6.824084262456221e-01
1609043993057654619,3493,1609043993057654619,3.471959482063045e+00,-3.850643942035089e+00,-3.766159718877115e+00,-3.395126037466490e-02,-3.145815369250470e-02,7.299627828125419e-01,6.819179072247629e-01
1609043993108112812,3494,1609043993108112812,3.464080501179007e+00,-3.859239910707866e+00,-3.755239060680241e+00,-4.141564017319063e-02,-3.825832115127516e-02,7.296189047171433e-01,6.815257144753137e-01
1609043993230144501,3495,1609043993230144501,3.458342097644542e+00,-3.880169956820398e+00,-3.752805111198116e+00,-5.270061500379301e-02,-5.053457392035145e-02,7.289153392723072e-01,6.806991480753063e-01
1609043993333358288,3496,1609043993333358288,3.473541941741328e+00,-3.896572550299635e+00,-3.748228798688650e+00,-4.054848892281041e-02,-4.042294474842838e-02,7.300094579396593e-01,6.810345049280448e-01
1609043993435652971,3497,1609043993435652971,3.496218616997508e+00,-3.910399556000779e+00,-3.736293747779352e+00,-2.021897568553562e-02,-3.499199067483873e-02,7.308706129306916e-01,6.813185017047130e-01
1609043993539011240,3498,1609043993539011240,3.525149297590451e+00,-3.920862943443650e+00,-3.722126510364292e+00,6.738635398530839e-03,-3.116447348364595e-02,7.311062815764326e-01,6.815181372677727e-01
1609043993641974449,3499,1609043993641974449,3.555966260216822e+00,-3.924009897226938e+00,-3.708306643715515e+00,3.250031737057445e-02,-3.191824710504956e-02,7.306679882991443e-01,6.812116013012657e-01
1609043993742875576,3500,1609043993742875576,3.581853851487248e+00,-3.915118652493661e+00,-3.694380877999260e+00,5.353973570680587e-02,-2.988877115329060e-02,7.298940719206728e-01,6.808045254215422e-01
1609043993848802090,3501,1609043993848802090,3.602834291950950e+00,-3.887607244878205e+00,-3.695645446494189e+00,6.001799166525212e-02,-2.636000978477535e-02,7.296700975912621e-01,6.806500857575605e-01
1609043993931470156,3502,1609043993931470156,3.617200124222443e+00,-3.856542378180697e+00,-3.697895943342713e+00,5.700729678732506e-02,-2.196135004616157e-02,7.297367979878437e-01,6.809934455481940e-01
1609043994051887274,3503,1609043994051887274,3.637299161709585e+00,-3.801387555240343e+00,-3.694133130667284e+00,5.125235096274756e-02,-1.873729594692528e-02,7.297136694399898e-01,6.815717650356520e-01
1609043994137635469,3504,1609043994137635469,3.649341480605966e+00,-3.754319131802411e+00,-3.691006776366053e+00,4.630079299134875e-02,-1.761413674871458e-02,7.299307735057049e-01,6.817235837524863e-01
1609043994207984447,3505,1609043994207984447,3.663172474097471e+00,-3.706469602009128e+00,-3.689998302179613e+00,4.121878563003160e-02,-1.456968407917256e-02,7.301775635304288e-01,6.818573617214859e-01
1609043994310035467,3506,1609043994310035467,3.671170063129027e+00,-3.631123551643138e+00,-3.690221419538407e+00,3.373904858598246e-02,-1.015330054425292e-02,7.304749108012464e-01,6.820300519614090e-01
1609043994432048559,3507,1609043994432048559,3.675524939379013e+00,-3.535668834247487e+00,-3.683118366074518e+00,3.600141530551316e-02,-1.351168260910661e-02,7.303157675875230e-01,6.820265479745767e-01
1609043994535218000,3508,1609043994535218000,3.671347086308512e+00,-3.448865696303285e+00,-3.676859396994911e+00,3.280808669030098e-02,-1.205427293436433e-02,7.301921225339073e-01,6.823472635990951e-01
1609043994619418144,3509,1609043994619418144,3.665434045657858e+00,-3.376559501427166e+00,-3.671078825780120e+00,3.068685427200875e-02,-1.101948723387692e-02,7.302038333673145e-01,6.824509137012494e-01
1609043994722495317,3510,1609043994722495317,3.654148912463954e+00,-3.285388424181991e+00,-3.665549833177026e+00,3.257968639219789e-02,-1.199888041501369e-02,7.303018611916025e-01,6.822417331440914e-01
1609043994825541973,3511,1609043994825541973,3.640797638823762e+00,-3.187783778069979e+00,-3.656278041611906e+00,3.582245066662172e-02,-1.333246435732686e-02,7.302239672452683e-01,6.821377830636414e-01
1609043994947242260,3512,1609043994947242260,3.618762857367255e+00,-3.062916329401698e+00,-3.651602038615242e+00,3.712034474423987e-02,-1.263517136483133e-02,7.302370216653717e-01,6.820676833276429e-01
1609043995050309658,3513,1609043995050309658,3.596559147248427e+00,-2.950009486304505e+00,-3.647613271723207e+00,3.817371467620097e-02,-1.291096319967682e-02,7.304098269264793e-01,6.818193010367977e-01
1609043995153554916,3514,1609043995153554916,3.572310468246650e+00,-2.825486438552901e+00,-3.643275130725149e+00,3.405599508667902e-02,-7.715035120135574e-03,7.306462681945270e-01,6.818626681415859e-01
1609043995238065481,3515,1609043995238065481,3.549893326245077e+00,-2.721260222180744e+00,-3.643289460926030e+00,2.724126551349651e-02,-1.577311409726936e-03,7.311753919718234e-01,6.816435811454475e-01
1609043995308108330,3516,1609043995308108330,3.527156790184851e+00,-2.619772832190372e+00,-3.650259367123366e+00,2.024953441117439e-02,3.930566884958917e-03,7.312793252449816e-01,6.817661295996876e-01
1609043995409939051,3517,1609043995409939051,3.490928023656672e+00,-2.475096369699775e+00,-3.651547262341786e+00,1.750675325643035e-02,7.223618243045071e-03,7.314982149419010e-01,6.815802920175361e-01
1609043995532700539,3518,1609043995532700539,3.441950029713785e+00,-2.304169703044416e+00,-3.654340889473303e+00,1.672295282339280e-02,9.098092655481589e-03,7.313448383440556e-01,6.817421029879305e-01
1609043995636300087,3519,1609043995636300087,3.396280878260308e+00,-2.161878334298549e+00,-3.657296639313983e+00,1.678180152451565e-02,8.597005230323432e-03,7.314969132905202e-01,6.815839849094922e-01
1609043995739199638,3520,1609043995739199638,3.349022055247318e+00,-2.024521884664610e+00,-3.661642208048016e+00,1.749924346247267e-02,8.894416153964364e-03,7.313790273989687e-01,6.816886269554890e-01
1609043995842187405,3521,1609043995842187405,3.301085495320303e+00,-1.895212708112435e+00,-3.661900337647200e+00,1.801996890707277e-02,7.794300480745646e-03,7.315741129999701e-01,6.814791609351757e-01
1609043995925840378,3522,1609043995925840378,3.260207553456947e+00,-1.788351783297927e+00,-3.663881929404519e+00,1.907106487804700e-02,7.143562797681946e-03,7.313527752955489e-01,6.816952266683928e-01
1609043996028974295,3523,1609043996028974295,3.205734341699767e+00,-1.656214611906865e+00,-3.667355501406496e+00,1.489581820349513e-02,2.363322505875594e-03,7.312867397729781e-01,6.819033901800093e-01
1609043996151264906,3524,1609043996151264906,3.141266309952834e+00,-1.497206953097648e+00,-3.661246374965329e+00,8.456071559337759e-03,-4.522664565521804e-03,7.306319634094330e-01,6.827041631654872e-01
1609043996234818459,3525,1609043996234818459,3.097081042492661e+00,-1.388586275205334e+00,-3.655784000928607e+00,4.544448356340948e-03,-9.201813451908541e-03,7.305064844328125e-01,6.828286394256953e-01
1609043996337576151,3526,1609043996337576151,3.042294899085385e+00,-1.253161846581923e+00,-3.629247414253011e+00,-4.892107691853421e-03,-1.670775441956388e-02,7.300299417286243e-01,6.831933858025034e-01
1609043996428018093,3527,1609043996428018093,2.992725238103774e+00,-1.118728993780714e+00,-3.603330832992759e+00,-1.391781659390606e-02,-1.759846236364855e-02,7.297726675955146e-01,6.833216242255327e-01
1609043996529501677,3528,1609043996529501677,2.940586016299191e+00,-9.691648020162190e-01,-3.582533548555977e+00,-2.286925446912970e-02,-5.764477949460976e-03,7.298963039756061e-01,6.831509009265420e-01
1609043996632638693,3529,1609043996632638693,2.893016550502590e+00,-8.241900701853894e-01,-3.558990190307886e+00,-1.911488196731503e-02,1.036831960117862e-02,7.301952861084594e-01,6.828923512392042e-01
1609043996716398716,3530,1609043996716398716,2.856845443444020e+00,-7.121600822167838e-01,-3.541400291743414e+00,-1.651257433453167e-02,1.857780459841336e-02,7.299982222621799e-01,6.829969220715469e-01
1609043996819260836,3531,1609043996819260836,2.809337456293726e+00,-5.823288417714108e-01,-3.521522669054675e+00,-9.206053131633177e-03,2.332218273219400e-02,7.301129926341304e-01,6.828662697521221e-01
1609043996922242880,3532,1609043996922242880,2.759667616257578e+00,-4.650663456995697e-01,-3.498869521779837e+00,-4.908623437164227e-03,2.020784626085068e-02,7.305717401773565e-01,6.825192164471849e-01
1609043997025365829,3533,1609043997025365829,2.712416586745336e+00,-3.506224391028028e-01,-3.478763921515348e+00,4.786940087874953e-03,1.613393574547444e-02,7.304602312645739e-01,6.827478537958660e-01
1609043997128514051,3534,1609043997128514051,2.661173645362508e+00,-2.371859529484228e-01,-3.470591990252712e+00,5.875421735729777e-03,1.255018743525002e-02,7.305386769365312e-01,6.827307036559803e-01
1609043997251142979,3535,1609043997251142979,2.595770198011295e+00,-1.010424933888547e-01,-3.458481872823580e+00,-1.251184280644725e-02,4.328446549906497e-03,7.303221589410946e-01,6.829745694384747e-01
1609043997334809303,3536,1609043997334809303,2.555162160811132e+00,-1.330190108197271e-02,-3.454002713821248e+00,-2.821942811439835e-02,1.137373428039814e-03,7.299719815603950e-01,6.828933126011500e-01
1609043997437849760,3537,1609043997437849760,2.510318371527734e+00,9.093808126108502e-02,-3.447757504632687e+00,-4.609513441069511e-02,-8.505781237023493e-03,7.292517145344277e-01,6.826381377551400e-01
1609043997527984142,3538,1609043997527984142,2.480667506372588e+00,1.874453056949383e-01,-3.428611048539661e+00,-5.601359276339415e-02,-1.522766264590648e-02,7.284943139496152e-01,6.825881849689157e-01
1609043997630013704,3539,1609043997630013704,2.449967850720366e+00,2.902127482530760e-01,-3.411198996066435e+00,-5.722703695512013e-02,-2.107659251116174e-02,7.285651950784240e-01,6.822562568491356e-01
1609043997712881565,3540,1609043997712881565,2.433954722905726e+00,3.664366262179995e-01,-3.399034279790922e+00,-5.542093613997835e-02,-2.439281590288191e-02,7.287955245272407e-01,6.820488206857047e-01
1609043997835937738,3541,1609043997835937738,2.421962810915988e+00,4.730469923440253e-01,-3.376079030548600e+00,-4.512159548960239e-02,-2.882046821086777e-02,7.292826803920189e-01,6.821145023475249e-01
1609043997919265032,3542,1609043997919265032,2.423170429211974e+00,5.387355145979071e-01,-3.348241390417833e+00,-2.440843260132337e-02,-2.461748059540131e-02,7.299167385883538e-01,6.826564017099838e-01
1609043998042006493,3543,1609043998042006493,2.425977080692506e+00,6.371208247167178e-01,-3.307095772434192e+00,1.766941678718371e-03,-1.704631776955056e-02,7.307184914522510e-01,6.824637625671786e-01
1609043998145577431,3544,1609043998145577431,2.434987532028953e+00,7.240061617011319e-01,-3.278069921852345e+00,1.478761263225280e-02,-8.780437102270645e-03,7.308146600388332e-01,6.823592624924618e-01
1609043998228790760,3545,1609043998228790760,2.439850854488599e+00,7.949667276489527e-01,-3.259903536179748e+00,2.283086558688069e-02,-8.337232188144271e-04,7.310236611495657e-01,6.819695472098685e-01
1609043998351687670,3546,1609043998351687670,2.438539740786261e+00,9.039720457091759e-01,-3.222626650437148e+00,2.469519961084863e-02,3.756325179239335e-03,7.309259225046955e-01,6.819995109587602e-01
1609043998454771519,3547,1609043998454771519,2.435127516827356e+00,9.988714434535305e-01,-3.187870914703804e+00,2.275865471299590e-02,5.635443587944777e-03,7.305292454685243e-01,6.824787959536991e-01
1609043998537858725,3548,1609043998537858725,2.433362912100301e+00,1.073481933797284e+00,-3.169641059319969e+00,2.193175456809368e-02,5.783374190056780e-03,7.303014939413321e-01,6.827483274762387e-01
1609043998627839327,3549,1609043998627839327,2.430101011355098e+00,1.167572383417959e+00,-3.134072958122870e+00,1.945428841801200e-02,5.576414395665521e-03,7.302869836389297e-01,6.828406518304182e-01
1609043998710074186,3550,1609043998710074186,2.422351039529387e+00,1.257605930212235e+00,-3.096363924541693e+00,1.736445280247904e-02,3.274414856555344e-03,7.304620766736515e-01,6.827246212989792e-01
1609043998813287258,3551,1609043998813287258,2.406430020377833e+00,1.366592106182900e+00,-3.060765202779090e+00,1.697352542583735e-02,2.257884382213740e-03,7.303435965968625e-01,6.828653105134969e-01
1609043998915924072,3552,1609043998915924072,2.390838125057040e+00,1.472767673939746e+00,-3.026426038678150e+00,1.707522570604864e-02,1.425358544739677e-03,7.306897622002048e-01,6.824945981001717e-01
1609043999038793325,3553,1609043999038793325,2.362658852279213e+00,1.601957139009394e+00,-2.986634612666123e+00,1.685981871620592e-02,1.262398368998771e-03,7.306893909819359e-01,6.825006716257959e-01
1609043999122002840,3554,1609043999122002840,2.340928791580188e+00,1.687289254777457e+00,-2.963554736809114e+00,1.670081333171212e-02,1.830974170885818e-03,7.303306021230377e-01,6.828872102845726e-01
1609043999245209932,3555,1609043999245209932,2.307353103411679e+00,1.815290199488382e+00,-2.943380494231239e+00,1.699340317245444e-02,2.784620344862156e-04,7.301628904377188e-01,6.830617103418620e-01
1609043999348846912,3556,1609043999348846912,2.270628204941973e+00,1.924034282482825e+00,-2.916051826884653e+00,1.073966231866874e-02,-6.501107208284496e-03,7.301940159857123e-01,6.831245086197718e-01
1609043999431557655,3557,1609043999431557655,2.247975727786980e+00,2.012816231169667e+00,-2.901021385826986e+00,6.363300577903156e-03,-1.113575281576082e-02,7.300252717626943e-01,6.832997921869917e-01
1609043999554435253,3558,1609043999554435253,2.213305631392064e+00,2.147160054503065e+00,-2.890617795220803e+00,-5.450059718946602e-04,-1.793443332805807e-02,7.298449446255479e-01,6.833772134584406e-01
1609043999657662868,3559,1609043999657662868,2.187357273180917e+00,2.262500808237877e+00,-2.885554327907785e+00,-4.010274921482006e-03,-2.007763161341384e-02,7.299499944538150e-01,6.831938319399011e-01
1609043999708024979,3560,1609043999708024979,2.175178006366868e+00,2.326918721712350e+00,-2.879927839562115e+00,-3.876648380410329e-03,-1.684147963075244e-02,7.300175433808073e-01,6.832098671107091e-01
1609043999809851885,3561,1609043999809851885,2.151521509930149e+00,2.451518085140939e+00,-2.877005445015097e+00,1.388188453944182e-03,-7.132606693904716e-03,7.298654857119873e-01,6.835521718354578e-01
1609043999933025360,3562,1609043999933025360,2.118535515198123e+00,2.602750835174115e+00,-2.868688573265944e+00,1.356696150885525e-02,5.533323963864229e-03,7.297974440390380e-01,6.835064085693824e-01
1609044000016273499,3563,1609044000016273499,2.094176485330782e+00,2.706630957776057e+00,-2.865427665328626e+00,1.860798722110025e-02,8.867731843850953e-03,7.295765034910400e-01,6.835884958784147e-01
1609044000119397640,3564,1609044000119397640,2.059112998020291e+00,2.830154516528811e+00,-2.863369470713147e+00,1.854553872040551e-02,5.126918269871911e-03,7.292665049272865e-01,6.839591672707986e-01
1609044000242253065,3565,1609044000242253065,2.011387695537606e+00,2.979773324021243e+00,-2.872850720356777e+00,9.528571928732573e-03,-7.725698353546586e-03,7.291383111905374e-01,6.842564161600241e-01
1609044000325583935,3566,1609044000325583935,1.982713948125254e+00,3.080938847588118e+00,-2.874341043287765e+00,-3.824380574615093e-03,-2.069322395497856e-02,7.285954465954236e-01,6.846209460686875e-01
1609044000428107738,3567,1609044000428107738,1.955713667426354e+00,3.205593560376809e+00,-2.868370843324096e+00,-1.429372953959327e-02,-2.959023046177249e-02,7.280036921983216e-01,6.847851719354615e-01
1609044000531230211,3568,1609044000531230211,1.930680187525266e+00,3.331627002525030e+00,-2.871408881438707e+00,-1.365201565037424e-02,-2.982853679587320e-02,7.278038517337815e-01,6.850003169800515e-01
1609044000634777784,3569,1609044000634777784,1.914993026732372e+00,3.459289550814497e+00,-2.876225498984702e+00,-1.240823097968874e-02,-2.870174091831364e-02,7.278361842019070e-01,6.850377616150956e-01
1609044000737910032,3570,1609044000737910032,1.905245314160049e+00,3.587323300472057e+00,-2.860168773066979e+00,-3.629229493189375e-03,-2.126597215759815e-02,7.280444906163233e-01,6.851903434847112e-01
1609044000808232546,3571,1609044000808232546,1.890377689953427e+00,3.685488254342582e+00,-2.868104901807648e+00,1.249897477482712e-02,-6.824133543322769e-03,7.285064599367669e-01,6.848908998237319e-01
1609044000910057306,3572,1609044000910057306,1.872849978276566e+00,3.825987861812589e+00,-2.872616379764415e+00,2.074903230358009e-02,1.308420529206468e-03,7.288791020399097e-01,6.843266912109148e-01
1609044001013029337,3573,1609044001013029337,1.853497079070431e+00,3.971868824187001e+00,-2.878488171663325e+00,2.092783601312441e-02,8.432726408738626e-03,7.290760872891097e-01,6.840606506358380e-01
1609044001116280079,3574,1609044001116280079,1.826351940638667e+00,4.116605024728139e+00,-2.876572876513755e+00,2.216617054006883e-02,7.602130179110111e-03,7.285224791499575e-01,6.846209651139296e-01
1609044001219506502,3575,1609044001219506502,1.798109640833163e+00,4.261190071179934e+00,-2.874651168004165e+00,2.121626457158141e-02,3.232927464910196e-03,7.284139659787097e-01,6.848010751048823e-01
1609044001341893673,3576,1609044001341893673,1.756858228560393e+00,4.431435690260008e+00,-2.872797670264454e+00,2.209147553474749e-03,-1.689163582391930e-02,7.277588613061866e-01,6.856214933158101e-01
1609044001445220232,3577,1609044001445220232,1.729527182330031e+00,4.577374170450216e+00,-2.869644368851005e+00,-9.302376269395786e-03,-2.599380540092175e-02,7.276171002443270e-01,6.854277083023117e-01
1609044001548715353,3578,1609044001548715353,1.709885298905274e+00,4.720985031152283e+00,-2.869040622697782e+00,-9.886434888114875e-03,-2.858350157834906e-02,7.276459481895130e-01,6.852857914228984e-01
1609044001651166916,3579,1609044001651166916,1.693628323791798e+00,4.864328968096375e+00,-2.869534591286870e+00,-6.240973855884971e-03,-2.600494672200475e-02,7.277803158383658e-01,6.852887018399794e-01
1609044001734576941,3580,1609044001734576941,1.685796317631560e+00,4.979929416660647e+00,-2.873800212381806e+00,8.064928877164103e-04,-2.046526255312206e-02,7.279366565329995e-01,6.853384176254909e-01
1609044001837644815,3581,1609044001837644815,1.674456350107267e+00,5.127669804542011e+00,-2.878729288069125e+00,8.783161054286302e-03,-1.378108655623667e-02,7.281326506755483e-01,6.852414032699894e-01
1609044001928127527,3582,1609044001928127527,1.656430551987555e+00,5.276600357875478e+00,-2.885252428727415e+00,9.668595573268764e-03,-1.350096012044472e-02,7.280256481380477e-01,6.853487418742682e-01
1609044002029965878,3583,1609044002029965878,1.635601370057302e+00,5.444528204484194e+00,-2.893337193153905e+00,1.129966420513398e-02,-1.164645442784560e-02,7.282379223258981e-01,6.851322545133680e-01
1609044002132778406,3584,1609044002132778406,1.620470924917666e+00,5.610711879728154e+00,-2.899328395114148e+00,1.431101708031787e-02,-7.052566913403102e-03,7.278825828804039e-01,6.855161570885189e-01
1609044002236389875,3585,1609044002236389875,1.603882734678444e+00,5.782182443451484e+00,-2.905710310386851e+00,1.853389504846595e-02,-3.279314982701778e-03,7.278900526127311e-01,6.854354908632996e-01
1609044002319280863,3586,1609044002319280863,1.590305840856162e+00,5.915186023492361e+00,-2.908849507755489e+00,2.018732620979024e-02,-2.106470304209540e-03,7.276082852400199e-01,6.856925097253396e-01
1609044002422186136,3587,1609044002422186136,1.567561232692555e+00,6.081554078148883e+00,-2.910828031462036e+00,2.108984740764008e-02,-2.032766430776066e-03,7.277276510409486e-01,6.855388771669947e-01
1609044002525539637,3588,1609044002525539637,1.543460752606664e+00,6.250507200437970e+00,-2.913003343176570e+00,2.141082254350666e-02,-1.668932297877999e-03,7.274651854084659e-01,6.858084246796783e-01
1609044002628452539,3589,1609044002628452539,1.518708728249423e+00,6.421721996521114e+00,-2.924474970065550e+00,1.137396957785836e-02,6.820007783701198e-03,7.278123559101218e-01,6.856480838552896e-01
1609044002731391668,3590,1609044002731391668,1.486254388234676e+00,6.589507200089670e+00,-2.939237777202578e+00,-1.231061052949353e-02,1.762702065087693e-02,7.279067356138469e-01,6.853389827372712e-01
1609044002834206581,3591,1609044002834206581,1.464550067348942e+00,6.749713254952088e+00,-2.955071841762306e+00,-3.920444788634755e-02,2.928329567843651e-02,7.272571269837421e-01,6.846185588424325e-01
1609044002938035727,3592,1609044002938035727,1.442598500229330e+00,6.896217004778677e+00,-2.960795870912657e+00,-5.614988294299010e-02,3.540097046865431e-02,7.269120250038184e-01,6.835150838424960e-01
1609044003028140068,3593,1609044003028140068,1.419246652202584e+00,7.028230378293874e+00,-2.950913451465934e+00,-5.169846159415523e-02,2.514289323721021e-02,7.274685836520236e-01,6.837284283893560e-01
1609044003110384941,3594,1609044003110384941,1.404332015635005e+00,7.138329261913700e+00,-2.940645752047848e+00,-4.568804075822207e-02,1.453067869153120e-02,7.279234121220212e-01,6.839802397679866e-01
1609044003213699102,3595,1609044003213699102,1.385462551119367e+00,7.266611354040123e+00,-2.928834835838373e+00,-3.943327012847063e-02,-1.561339903223926e-03,7.280373766938240e-01,6.844005826717690e-01
1609044003336802483,3596,1609044003336802483,1.369578642645172e+00,7.408221721860255e+00,-2.909993059326365e+00,-2.862199814550945e-02,-1.184545088181881e-02,7.278575006065345e-01,6.850284120577580e-01
1609044003419783831,3597,1609044003419783831,1.367028326835689e+00,7.500229865588206e+00,-2.899413251928847e+00,-1.956171102846988e-02,-1.384417602165740e-02,7.279749363961600e-01,6.851847708690898e-01
1609044003541785717,3598,1609044003541785717,1.361846111939848e+00,7.635608766538777e+00,-2.893536274162226e+00,-2.381246970987902e-02,-5.917280899095424e-03,7.280066574475564e-01,6.851308333341257e-01
1609044003625177383,3599,1609044003625177383,1.361955144539511e+00,7.725160901812881e+00,-2.897959273217244e+00,-4.044069330940458e-02,7.726830346591884e-03,7.275169628280863e-01,6.848532070559697e-01
1609044003728328943,3600,1609044003728328943,1.371794922862158e+00,7.828338736325775e+00,-2.905345209131406e+00,-6.041729227709326e-02,3.151031598220721e-02,7.265420152053201e-01,6.837350005096992e-01
1609044003831496239,3601,1609044003831496239,1.386203745527256e+00,7.912908126521649e+00,-2.905873754135645e+00,-7.332547865388901e-02,4.755370544672050e-02,7.258790015066447e-01,6.822475316556164e-01
1609044003934560537,3602,1609044003934560537,1.404360109331954e+00,7.976482771537498e+00,-2.889963722981448e+00,-7.616290538383395e-02,5.333933516152656e-02,7.253241296663285e-01,6.820989914167904e-01
1609044004057478428,3603,1609044004057478428,1.427046884390208e+00,8.033453762452115e+00,-2.875991890113682e+00,-3.734424323313290e-02,3.899358936465740e-02,7.278784465817958e-01,6.835772629977368e-01
1609044004127992868,3604,1609044004127992868,1.436830130548484e+00,8.062597040163038e+00,-2.838227426012291e+00,-6.671639729685392e-03,2.291741883929202e-02,7.283868873118226e-01,6.847501906018401e-01
1609044004209759951,3605,1609044004209759951,1.442910445327326e+00,8.093950017637903e+00,-2.828040661188529e+00,3.950864042284191e-03,1.698921380342615e-02,7.285611503502282e-01,6.847586490786468e-01
1609044004312712908,3606,1609044004312712908,1.452399690570508e+00,8.134206363880244e+00,-2.824901828925144e+00,6.118648205377768e-03,1.726898806918190e-02,7.283955581173119e-01,6.849118593732886e-01
1609044004415865183,3607,1609044004415865183,1.454503421884812e+00,8.173513719399867e+00,-2.831337306961187e+00,-7.627672584877227e-04,2.100108914535554e-02,7.282685382156777e-01,6.849695677079518e-01
1609044004518877983,3608,1609044004518877983,1.458869270874783e+00,8.210604792264872e+00,-2.844445910772836e+00,-1.346927866023077e-02,3.162270208368827e-02,7.279511635992826e-01,6.847668849029938e-01
1609044004621890545,3609,1609044004621890545,1.459634884186281e+00,8.237866019376627e+00,-2.851401308959923e+00,-2.984249743129690e-02,3.578223195607099e-02,7.276121717261581e-01,6.844045476026944e-01
1609044004725099087,3610,1609044004725099087,1.461592267905421e+00,8.252437885768945e+00,-2.853518817734655e+00,-4.198439481456090e-02,3.583970540470457e-02,7.273832778576782e-01,6.840075973273828e-01
1609044004828263760,3611,1609044004828263760,1.468091857490895e+00,8.256146417495966e+00,-2.842452088025970e+00,-2.508491276719234e-02,2.916918934578821e-02,7.283549455078764e-01,6.841191262481925e-01
1609044004931264400,3612,1609044004931264400,1.469575632680959e+00,8.252776206017828e+00,-2.827432016911338e+00,-2.333154230200827e-03,1.653701558050473e-02,7.288826461122762e-01,6.844349287575809e-01
1609044005054594517,3613,1609044005054594517,1.459364458634279e+00,8.247151268855651e+00,-2.816091773316396e+00,1.074506213530832e-02,7.358129958619683e-03,7.291154182792287e-01,6.842668400490601e-01
1609044005137328148,3614,1609044005137328148,1.454188945979407e+00,8.246431612877490e+00,-2.809611502582504e+00,1.573694445928688e-02,4.550585599711694e-03,7.290408373769177e-01,6.842741396447388e-01
1609044005207366228,3615,1609044005207366228,1.445580892523609e+00,8.245510430674686e+00,-2.802902858366314e+00,1.706987409083976e-02,3.453504692403294e-03,7.288043856434223e-01,6.845004457053158e-01
1609044005309118032,3616,1609044005309118032,1.436053161058339e+00,8.251047318445078e+00,-2.786995566667658e+00,1.620696954621050e-02,4.229375850059411e-03,7.287004966261281e-01,6.846276599253650e-01
1609044005412256479,3617,1609044005412256479,1.424170800355786e+00,8.261560734407791e+00,-2.769480649877533e+00,1.079870951425188e-02,8.742407753992886e-03,7.288147254958877e-01,6.845699774894044e-01
1609044005515667677,3618,1609044005515667677,1.407107177056888e+00,8.270877435311828e+00,-2.747855490067798e+00,-2.437363479561201e-03,1.192872527276233e-02,7.284509730930536e-01,6.849897404869789e-01
1609044005638994932,3619,1609044005638994932,1.381472583391328e+00,8.281604624138325e+00,-2.730926356570363e+00,-3.266187718334309e-02,1.400636413188077e-02,7.282110921357149e-01,6.844308795146336e-01
1609044005722004652,3620,1609044005722004652,1.368321307527691e+00,8.280974331362268e+00,-2.727480627751560e+00,-5.492871248047679e-02,1.493631953464464e-02,7.276813195744327e-01,6.835492959885252e-01
1609044005844823837,3621,1609044005844823837,1.362437376840281e+00,8.264542897307415e+00,-2.713115966663310e+00,-7.762072300556276e-02,1.553766407756252e-02,7.270690922638239e-01,6.819854393092025e-01
1609044005928845644,3622,1609044005928845644,1.363782962524359e+00,8.243438971633486e+00,-2.704852200011520e+00,-7.646354035908516e-02,1.506673370664579e-02,7.271316084982190e-01,6.820600739333453e-01
1609044006050898075,3623,1609044006050898075,1.378325950060245e+00,8.203065818627266e+00,-2.686307718430318e+00,-6.490945275227974e-02,1.283081576477298e-02,7.280071829632864e-01,6.823691630371865e-01
1609044006134231567,3624,1609044006134231567,1.391513731888729e+00,8.166037783826184e+00,-2.677613348971323e+00,-5.144054895796400e-02,1.383070869129834e-02,7.283962419816095e-01,6.830823494184787e-01
1609044006257209301,3625,1609044006257209301,1.413603100027234e+00,8.107065949722591e+00,-2.659221699156375e+00,-3.603987610727426e-02,1.494054596006068e-02,7.288858931593981e-01,6.835226859218461e-01
1609044006327423811,3626,1609044006327423811,1.427407619927318e+00,8.067007812962103e+00,-2.649187441015109e+00,-2.641637458195749e-02,1.892065601204533e-02,7.288751878327762e-01,6.838750942180559e-01
1609044006409084797,3627,1609044006409084797,1.443801092891342e+00,8.015162042857998e+00,-2.637373704295165e+00,-2.449664841318355e-02,2.232851031161823e-02,7.287049649472293e-01,6.840251646723550e-01
1609044006512142658,3628,1609044006512142658,1.463802939105679e+00,7.947403268458721e+00,-2.629745868745627e+00,-2.510735755420693e-02,2.613949979917663e-02,7.285058987423614e-01,6.840800411095758e-01
1609044006615421534,3629,1609044006615421534,1.486255871841310e+00,7.872307358390861e+00,-2.621799073758965e+00,-2.358834088235007e-02,2.737132719788558e-02,7.287130157162447e-01,6.838652947383576e-01
1609044006718765497,3630,1609044006718765497,1.510264038801165e+00,7.792282651074922e+00,-2.613233794599025e+00,-2.003429674353766e-02,2.694281233606416e-02,7.285644243441977e-01,6.841539237608913e-01
1609044006821750641,3631,1609044006821750641,1.526829959428367e+00,7.710612043314516e+00,-2.603238270516871e+00,-1.974428617380007e-02,2.732784591659126e-02,7.286405505086723e-01,6.840660057008134e-01
1609044006924848318,3632,1609044006924848318,1.545701924200885e+00,7.624680202634557e+00,-2.589701543534228e+00,-1.667191048360334e-02,2.682432668387178e-02,7.286918626666051e-01,6.841130551175423e-01
1609044007028404713,3633,1609044007028404713,1.560629142379941e+00,7.531390178305130e+00,-2.566254961475547e+00,-4.830972090662663e-03,2.133640761874710e-02,7.290923533224284e-01,6.840656107021820e-01
1609044007131039143,3634,1609044007131039143,1.575167017356488e+00,7.443024547548740e+00,-2.547900892474946e+00,6.296379688805202e-03,1.521694707222900e-02,7.290790764505365e-01,6.842313208313751e-01
1609044007234210014,3635,1609044007234210014,1.587073984865340e+00,7.356167779647703e+00,-2.538082078348117e+00,9.751233353547894e-03,1.218029259459228e-02,7.292532180482871e-01,6.840660040424552e-01
1609044007357090950,3636,1609044007357090950,1.593246759571257e+00,7.257676700014936e+00,-2.529779425148787e+00,1.047483689376182e-02,1.198157051091900e-02,7.292111915107821e-01,6.841036163736942e-01
1609044007427345276,3637,1609044007427345276,1.592758168472184e+00,7.193591169808890e+00,-2.515680034824859e+00,5.420301801296583e-03,1.192260997404224e-02,7.289907859917918e-01,6.843982069225922e-01
1609044007529123783,3638,1609044007529123783,1.593500010807633e+00,7.101887291728561e+00,-2.504817784958804e+00,-9.064402123555967e-03,1.636404037167735e-02,7.288908986533450e-01,6.843742489728670e-01
1609044007632236004,3639,1609044007632236004,1.591550034547221e+00,7.007972422747378e+00,-2.497005603459105e+00,-2.694917158478125e-02,1.917205503380895e-02,7.282468699987006e-01,6.845163773013546e-01
1609044007734982491,3640,1609044007734982491,1.593310362265196e+00,6.907917745669246e+00,-2.486157360191054e+00,-3.294941622774454e-02,2.027948670020518e-02,7.282642725024169e-01,6.842033526561768e-01
1609044007838223457,3641,1609044007838223457,1.598412431836995e+00,6.803704179296931e+00,-2.475640569692202e+00,-2.936561446183560e-02,2.103639593114463e-02,7.283661227373783e-01,6.842352826199665e-01
1609044007941430807,3642,1609044007941430807,1.605242064471013e+00,6.697404485609923e+00,-2.459336701905698e+00,-2.036868741825461e-02,1.894482079777747e-02,7.286805095758156e-01,6.842886271904037e-01
1609044008044524670,3643,1609044008044524670,1.611365558481598e+00,6.590362432166123e+00,-2.451500795271419e+00,-5.394056374666663e-03,1.662403004720851e-02,7.286256011821131e-01,6.846891842893540e-01
1609044008147719145,3644,1609044008147719145,1.606476838439979e+00,6.486795632364936e+00,-2.446449869967963e+00,-1.349108014601440e-03,1.536093405571389e-02,7.283331709667538e-01,6.850496432244997e-01
1609044008250844955,3645,1609044008250844955,1.601800870060018e+00,6.383256520524030e+00,-2.447016086404853e+00,-9.468083408291294e-03,1.539018050520818e-02,7.284585441769684e-01,6.848515511818329e-01
1609044008334213495,3646,1609044008334213495,1.604004824893129e+00,6.300114976825078e+00,-2.455462274205631e+00,-2.234878965776185e-02,1.718014742896780e-02,7.281234698891849e-01,6.848661086166298e-01
1609044008437263489,3647,1609044008437263489,1.603899030918842e+00,6.190327309414180e+00,-2.461737232751100e+00,-4.405966072338409e-02,1.573915478822566e-02,7.278397732666152e-01,6.841493183177885e-01
1609044008527240992,3648,1609044008527240992,1.614171684292259e+00,6.073052130455675e+00,-2.459773741697691e+00,-6.312314467118176e-02,1.119824316339718e-02,7.269819468471277e-01,6.836573095603049e-01
1609044008629011869,3649,1609044008629011869,1.626753406717807e+00,5.935881854787584e+00,-2.454392685911601e+00,-6.623570330959427e-02,7.710861707379438e-03,7.268785929821701e-01,6.835209472160119e-01
1609044008712419987,3650,1609044008712419987,1.642567931032204e+00,5.817036945003141e+00,-2.450736427866359e+00,-6.046178324609703e-02,3.183627915131860e-03,7.273668485233433e-01,6.835727502974499e-01
1609044008815359354,3651,1609044008815359354,1.666920147180006e+00,5.666193111271864e+00,-2.441202584079449e+00,-4.246432601650941e-02,-3.956277507419161e-03,7.282802829513313e-01,6.839509911891182e-01
1609044008919408083,3652,1609044008919408083,1.699361590787065e+00,5.518537860878193e+00,-2.435212271664870e+00,-1.764727359853115e-02,-4.139301518215289e-03,7.288301922108101e-01,6.844545206508855e-01
1609044009021479607,3653,1609044009021479607,1.730530305767482e+00,5.378108511465395e+00,-2.436683289410712e+00,-2.661153110721022e-03,-5.223925569906864e-04,7.287180412653940e-01,6.848084854208989e-01
1609044009144561291,3654,1609044009144561291,1.768920774775225e+00,5.218286147583242e+00,-2.447623361227977e+00,8.107465345620020e-03,6.675286767864005e-03,7.282539798747868e-01,6.852268604986018e-01
1609044009228679180,3655,1609044009228679180,1.793222251913540e+00,5.112941808148432e+00,-2.455241692599389e+00,1.092117332798305e-02,9.866887287614496e-03,7.280782682311010e-01,6.853359817184522e-01
1609044009331233263,3656,1609044009331233263,1.819517749314155e+00,4.986868767909957e+00,-2.461305517393897e+00,1.166455421257452e-02,1.231804177407221e-02,7.277713531422533e-01,6.856099923187876e-01
1609044009434299231,3657,1609044009434299231,1.842343069083290e+00,4.865978814022560e+00,-2.468679538447664e+00,1.033802414991029e-02,1.410836209171165e-02,7.275115348967298e-01,6.858724706299045e-01
1609044009557329655,3658,1609044009557329655,1.867966576738253e+00,4.720458936972806e+00,-2.466627555989031e+00,8.661636858449853e-03,1.403626003667744e-02,7.277590427240043e-01,6.856345492932486e-01
1609044009627527475,3659,1609044009627527475,1.884894602547092e+00,4.626856436395072e+00,-2.460590305380912e+00,7.799258382555295e-03,1.395670854227600e-02,7.277372174299515e-01,6.856696903193689e-01
1609044009709410906,3660,1609044009709410906,1.899883897789747e+00,4.517190254501959e+00,-2.451517578242472e+00,7.489546184866039e-03,1.446650759796988e-02,7.276859008713957e-01,6.857170382372370e-01
1609044009832299709,3661,1609044009832299709,1.913470475769453e+00,4.354397035479947e+00,-2.435841093690066e+00,7.428386161758107e-03,1.356425477923401e-02,7.271502308943789e-01,6.863041394174796e-01
1609044009915631533,3662,1609044009915631533,1.919685312399707e+00,4.244727075888780e+00,-2.424496313802528e+00,7.717722503455040e-03,1.279439903924743e-02,7.271691356755646e-01,6.862957002877378e-01
1609044010038698435,3663,1609044010038698435,1.923657199574286e+00,4.090215302911775e+00,-2.415561446162416e+00,8.233107198265383e-03,1.243299138332179e-02,7.268127912073793e-01,6.866737239828409e-01
1609044010121783972,3664,1609044010121783972,1.924782289840044e+00,3.987956640456143e+00,-2.411941228580079e+00,6.281729860872734e-03,1.001669306727550e-02,7.268540543601615e-01,6.866901698656730e-01
1609044010244886160,3665,1609044010244886160,1.920857090447520e+00,3.844207747226738e+00,-2.408684476935156e+00,-2.381445631835275e-03,1.204842941762901e-03,7.268567600042789e-01,6.867839016068087e-01
1609044010328278780,3666,1609044010328278780,1.921390212588752e+00,3.751452315717758e+00,-2.404541327480128e+00,-8.419096811130513e-03,-6.100628771619490e-03,7.267875733265315e-01,6.867836081296693e-01
1609044010451672792,3667,1609044010451672792,1.921596788756544e+00,3.616333356677470e+00,-2.397093238669421e+00,-1.358998472620916e-02,-1.195811346055883e-02,7.264622838444998e-01,6.869678784259412e-01
1609044010534838676,3668,1609044010534838676,1.927966406724624e+00,3.527117417302659e+00,-2.396766052237323e+00,-9.479620040636247e-03,-1.118254901603265e-02,7.263727331972381e-01,6.871446280579973e-01
1609044010657693863,3669,1609044010657693863,1.933880544281814e+00,3.399382396017374e+00,-2.397959440473727e+00,-1.391840865203048e-03,-9.797243273347613e-03,7.262896026962742e-01,6.873176047640110e-01
1609044010707942247,3670,1609044010707942247,1.935083905825785e+00,3.345155023671305e+00,-2.397756876492311e+00,-1.584475793089508e-03,-7.938445461107444e-03,7.261453947747327e-01,6.874935171822133e-01
1609044010809769392,3671,1609044010809769392,1.942128257517873e+00,3.237508232107127e+00,-2.390869758434659e+00,-1.579489028292207e-03,-5.119807093311160e-03,7.259377761155685e-01,6.877395131865840e-01
1609044010912850380,3672,1609044010912850380,1.949442655713990e+00,3.126743455578501e+00,-2.377111990759138e+00,-6.017410145188305e-04,-2.317662020343617e-03,7.260908490885225e-01,6.875946081961517e-01
1609044011015983105,3673,1609044011015983105,1.956270558253687e+00,3.019990346651674e+00,-2.356525542720569e+00,6.049411085583506e-04,-9.435751098446476e-04,7.262970799625234e-01,6.873800225131506e-01
1609044011119129658,3674,1609044011119129658,1.960936823148577e+00,2.916697347689389e+00,-2.330491465104540e+00,1.966344901492851e-03,5.423871780395274e-04,7.262678107013124e-01,6.874088350050503e-01
1609044011222328663,3675,1609044011222328663,1.966178384139027e+00,2.818134977386833e+00,-2.304014785368399e+00,3.103105409215320e-03,1.394464699405393e-03,7.262767471474634e-01,6.873940011070224e-01
1609044011345545530,3676,1609044011345545530,1.973309476017783e+00,2.708059073913119e+00,-2.272117790731162e+00,4.928104396901061e-03,1.924619022540347e-03,7.260400751849970e-01,6.876320373964810e-01
1609044011448894262,3677,1609044011448894262,1.975214891973015e+00,2.618854157910482e+00,-2.248108806470132e+00,7.260334668248390e-03,7.574566211442403e-04,7.260497260292367e-01,6.876034534038078e-01
1609044011531401396,3678,1609044011531401396,1.973208601386072e+00,2.550072889878025e+00,-2.226232583453630e+00,8.576912324843649e-03,-3.475680223082903e-04,7.259160771249845e-01,6.877297177982900e-01
1609044011634257317,3679,1609044011634257317,1.972885292856311e+00,2.467595026203161e+00,-2.200836561323109e+00,7.271419002960878e-03,-1.548707545919178e-03,7.257455990664836e-01,6.879229996200531e-01
1609044011737371445,3680,1609044011737371445,1.973936151036277e+00,2.386701180345736e+00,-2.176851069269278e+00,4.605493464941281e-03,-1.460775489783871e-03,7.256355274836975e-01,6.880623059130394e-01
1609044011807559490,3681,1609044011807559490,1.972451950746434e+00,2.325126316984363e+00,-2.156375799342485e+00,3.270428809978062e-03,-2.010875623643806e-03,7.254312104905644e-01,6.882839672118040e-01
1609044011909146309,3682,1609044011909146309,1.971069570008487e+00,2.242069353153747e+00,-2.124574932510591e+00,4.940743153920787e-03,-1.191522895753215e-03,7.256383256276350e-01,6.880575482549394e-01
1609044012032266617,3683,1609044012032266617,1.969779158479980e+00,2.145872532673106e+00,-2.094413693927897e+00,3.937703021624940e-03,-1.521956799106905e-03,7.254992795771749e-01,6.882099777505521e-01
1609044012135313988,3684,1609044012135313988,1.968192155679085e+00,2.069931964157787e+00,-2.073718079570985e+00,1.897933871369388e-03,-1.747717024951986e-03,7.253674767780997e-01,6.883570054592265e-01
1609044012238714218,3685,1609044012238714218,1.965129555739937e+00,1.997279175243246e+00,-2.057637151661000e+00,5.786952490719127e-04,-2.758952143502656e-03,7.252926219206208e-01,6.884349394695115e-01
1609044012322263241,3686,1609044012322263241,1.959921227635852e+00,1.941522501940687e+00,-2.045063572710966e+00,-2.063794907094588e-03,-2.500586862076307e-03,7.253320459267478e-01,6.883915390006220e-01
1609044012425309658,3687,1609044012425309658,1.956532470562860e+00,1.874165227932375e+00,-2.030453173281629e+00,-6.394901920774188e-03,-1.878931602139932e-04,7.253138204764624e-01,6.883886487671206e-01
1609044012548410892,3688,1609044012548410892,1.949826723212799e+00,1.799632904807558e+00,-2.016021448238935e+00,-6.967953123832909e-03,2.158325117249493e-03,7.250209920036603e-01,6.886881372696796e-01
1609044012631533384,3689,1609044012631533384,1.948514653075151e+00,1.746785868967114e+00,-2.003517781049268e+00,-6.970776277140406e-03,3.433009919316876e-03,7.247321731119928e-01,6.889868648801345e-01
1609044012734776735,3690,1609044012734776735,1.950376034842000e+00,1.682273210869072e+00,-1.982596667063841e+00,-2.854381981148552e-03,2.294557045843557e-03,7.247892853335447e-01,6.889608692641106e-01
1609044012837756872,3691,1609044012837756872,1.952546971778815e+00,1.617077383730113e+00,-1.971411293755831e+00,8.334368025416906e-03,4.912745173882636e-03,7.249381576729227e-01,6.887460132692327e-01
1609044012927559376,3692,1609044012927559376,1.947462564815701e+00,1.559620671548125e+00,-1.952510016620186e+00,1.455595678862071e-02,6.699143578068698e-03,7.248382597505202e-01,6.887327078040695e-01
1609044013029885054,3693,1609044013029885054,1.934589699058241e+00,1.490925645189248e+00,-1.928329081321225e+00,1.729839214056211e-02,7.687578351143248e-03,7.248475680561220e-01,6.886491631096140e-01
1609044013112892628,3694,1609044013112892628,1.923122796896820e+00,1.436696150327978e+00,-1.910837114981881e+00,1.840447153134575e-02,8.352594423764936e-03,7.250275345985593e-01,6.884232590986297e-01
1609044013215768814,3695,1609044013215768814,1.908759356301170e+00,1.376537332077503e+00,-1.892363558729451e+00,1.838838312653735e-02,7.858428857536822e-03,7.250662627016000e-01,6.883887180611091e-01
1609044013338666916,3696,1609044013338666916,1.889032999706574e+00,1.311668964598818e+00,-1.875175912305031e+00,1.626959901413827e-02,8.186005988637312e-03,7.249854814043150e-01,6.885233047666774e-01
1609044013441207647,3697,1609044013441207647,1.869660265197500e+00,1.261319871839249e+00,-1.865158656132313e+00,9.659266272460989e-03,8.433427003443574e-03,7.247635933474346e-01,6.888782981355778e-01
1609044013544854164,3698,1609044013544854164,1.846991969840785e+00,1.212387650171221e+00,-1.858862956009155e+00,2.938905050053508e-03,8.735527793053147e-03,7.248706053837100e-01,6.888233872640632e-01
1609044013628437757,3699,1609044013628437757,1.828290773889129e+00,1.172578172022142e+00,-1.855537886468403e+00,8.083813786729321e-03,1.035536077973326e-02,7.248351355772049e-01,6.887970997983065e-01
1609044013731117010,3700,1609044013731117010,1.799147213218772e+00,1.126405266243790e+00,-1.835609524231221e+00,1.234739851500895e-02,7.646018760304575e-03,7.246631407959430e-01,6.889502249936406e-01
1609044013854231596,3701,1609044013854231596,1.761009808598742e+00,1.073469744153169e+00,-1.822015741846279e+00,1.327037555343841e-02,9.812619672968471e-03,7.246795239516932e-01,6.888883778907667e-01
1609044013937149048,3702,1609044013937149048,1.732390295103951e+00,1.042074711863384e+00,-1.821306250300143e+00,1.205842998717699e-02,1.326715895460670e-02,7.247744360914028e-01,6.887529263443510e-01
1609044014027245283,3703,1609044014027245283,1.694719041036517e+00,1.002546128457068e+00,-1.818403111503615e+00,3.143554263811031e-03,2.225118139190729e-02,7.246132242727142e-01,6.887892843260239e-01
1609044014108942270,3704,1609044014108942270,1.660157900077138e+00,9.646641432009715e-01,-1.819354364872462e+00,-8.957836364378604e-03,2.898419097866783e-02,7.246316766837985e-01,6.884683049984278e-01
1609044014232278347,3705,1609044014232278347,1.609494296759227e+00,9.011694624787352e-01,-1.812252139683102e+00,-2.428181086303866e-02,2.208862366217870e-02,7.241501684407667e-01,6.888606679968975e-01
1609044014336059809,3706,1609044014336059809,1.568338642506914e+00,8.440333781084219e-01,-1.795005355731434e+00,-2.551401604868335e-02,4.623222892476462e-03,7.240415173980221e-01,6.892688458643144e-01
1609044014438858986,3707,1609044014438858986,1.535539808612179e+00,7.842736510713798e-01,-1.774702616063918e+00,-4.840767537256597e-03,-3.831134696237110e-03,7.243510068917077e-01,6.894037338102824e-01
1609044014521861792,3708,1609044014521861792,1.504517024293266e+00,7.389054487289771e-01,-1.758699044997014e+00,1.567631450915587e-03,-1.024826137306401e-02,7.242050753286066e-01,6.895067255210430e-01
1609044014624496460,3709,1609044014624496460,1.467722434016859e+00,6.856530200673272e-01,-1.743173481394628e+00,4.380912855846479e-03,-1.583143266533502e-02,7.239020159180399e-01,6.897072166449403e-01
1609044014748362303,3710,1609044014748362303,1.422472378847678e+00,6.302300141167202e-01,-1.729592739002073e+00,3.480503938308389e-03,-1.899809693529109e-02,7.240055220744834e-01,6.895237214272091e-01
1609044014831262827,3711,1609044014831262827,1.397150058112437e+00,5.955246425286647e-01,-1.717261599834014e+00,2.131468259477882e-03,-1.878421227034877e-02,7.239102791231412e-01,6.896350614580854e-01
1609044014954248905,3712,1609044014954248905,1.362909114651088e+00,5.508676789734107e-01,-1.701470124624987e+00,-4.580735843298763e-03,-1.902805284266347e-02,7.238761980954126e-01,6.896522311245588e-01
1609044015037309647,3713,1609044015037309647,1.341720100832272e+00,5.223671748650099e-01,-1.695670769218622e+00,-1.250433271440479e-02,-1.709009240036487e-02,7.235098154092187e-01,6.899892154313957e-01
1609044015127117157,3714,1609044015127117157,1.319739779236014e+00,4.837112751301319e-01,-1.681795677033697e+00,-2.399785302791480e-02,-1.605285460438715e-02,7.233146147929032e-01,6.899147606306850e-01
1609044015229429960,3715,1609044015229429960,1.300155772126602e+00,4.411441329328049e-01,-1.660586372660046e+00,-2.130918988686636e-02,-1.464710565183290e-02,7.235196399187303e-01,6.898193324155685e-01
1609044015331941366,3716,1609044015331941366,1.287971619165817e+00,3.999006693345731e-01,-1.639868836278914e+00,-1.193712997793121e-02,-1.453212246499284e-02,7.236102977867626e-01,6.899525050911152e-01
1609044015435325623,3717,1609044015435325623,1.281604649203972e+00,3.616114338774900e-01,-1.618070580408762e+00,2.024695722248204e-03,-9.189918807842040e-03,7.239168122010917e-01,6.898230896484597e-01
1609044015518277168,3718,1609044015518277168,1.279184825050246e+00,3.364491747033040e-01,-1.603769925306339e+00,9.353414045266266e-03,-5.581577929073000e-03,7.241838564165998e-01,6.895209219009247e-01
1609044015641233921,3719,1609044015641233921,1.270558792827230e+00,3.029956830516953e-01,-1.585513239830693e+00,1.571668302957234e-02,-1.415080231220297e-03,7.241497749422493e-01,6.894621721846507e-01
1609044015724268436,3720,1609044015724268436,1.263647751189151e+00,2.860499505720180e-01,-1.576822886710727e+00,1.779567939399318e-02,7.634443395809156e-05,7.241530142480295e-01,6.894096894604302e-01
1609044015827310085,3721,1609044015827310085,1.252610746507008e+00,2.696145735053130e-01,-1.557489108290757e+00,1.819288109978576e-02,1.073680301761900e-03,7.242196134154993e-01,6.893285267796507e-01
1609044015950746059,3722,1609044015950746059,1.234869519193933e+00,2.512771733223764e-01,-1.539441832392555e+00,2.123952931377074e-02,3.470661024073562e-03,7.244282335108115e-01,6.890142026105055e-01
1609044016053194284,3723,1609044016053194284,1.215106572051467e+00,2.391421506566225e-01,-1.525789434609029e+00,2.107033445851640e-02,3.485265982420788e-03,7.243465346680702e-01,6.891052108649276e-01
1609044016136935711,3724,1609044016136935711,1.200242565195484e+00,2.342095762746702e-01,-1.516755598344449e+00,2.147708267981773e-02,4.297347183055955e-03,7.243416442808942e-01,6.890932085626758e-01
1609044016227153778,3725,1609044016227153778,1.177239916539675e+00,2.280553328478128e-01,-1.504148283981216e+00,2.053420544520087e-02,3.888266174643475e-03,7.243996513663877e-01,6.890634026656367e-01
1609044016308961153,3726,1609044016308961153,1.153635271197532e+00,2.234813050844044e-01,-1.490657308442126e+00,2.041768200717575e-02,4.693072911638871e-03,7.237986342597493e-01,6.896931421812325e-01
1609044016412013292,3727,1609044016412013292,1.119635549287551e+00,2.244656932529261e-01,-1.482062561562659e+00,1.658078290135860e-02,6.226859454788808e-03,7.239371202045704e-01,6.896385646479044e-01
1609044016535424471,3728,1609044016535424471,1.076436801496498e+00,2.283977730956101e-01,-1.472603037017984e+00,1.601271725614134e-02,7.366532604180106e-03,7.239412587148562e-01,6.896364121867524e-01
1609044016617957830,3729,1609044016617957830,1.045905350546958e+00,2.297848006015542e-01,-1.466541983528475e+00,1.803883219945992e-02,5.716433096813600e-03,7.240286962728322e-01,6.895102391545701e-01
1609044016720964909,3730,1609044016720964909,1.006874529261484e+00,2.317628594403048e-01,-1.455025517074117e+00,2.053786066706181e-02,5.694450705578912e-03,7.239125776754600e-01,6.895624332818988e-01
1609044016824446201,3731,1609044016824446201,9.620938082501879e-01,2.403650119064617e-01,-1.440368326414324e+00,2.072620288043975e-02,4.141247955285421e-03,7.239103966985679e-01,6.895701647629876e-01
1609044016928292751,3732,1609044016928292751,9.143044043092674e-01,2.556233358376820e-01,-1.432255936073523e+00,1.275505735672770e-02,4.880014486525096e-03,7.240530238030108e-01,6.896091013698664e-01
1609044017030606031,3733,1609044017030606031,8.645319221778248e-01,2.716767274352261e-01,-1.427843691897168e+00,-9.308977899002483e-03,3.322732057657289e-03,7.239789478484305e-01,6.897512489690966e-01
1609044017153385878,3734,1609044017153385878,8.127971766481175e-01,2.868327157128996e-01,-1.425654428375775e+00,-3.483639793349631e-02,2.520331566416345e-03,7.233155150519327e-01,6.896337716447564e-01
1609044017236487627,3735,1609044017236487627,7.827089325038871e-01,2.901375073680527e-01,-1.422459850825394e+00,-4.341130160848349e-02,1.643609723671249e-03,7.231223573242307e-01,6.893524597603037e-01
1609044017306854486,3736,1609044017306854486,7.565359153401846e-01,2.902324574746911e-01,-1.419211184806801e+00,-3.909130697814060e-02,-6.089341855337255e-04,7.232016532682759e-01,6.895294537783944e-01
1609044017409608841,3737,1609044017409608841,7.235805662804179e-01,2.871121506839815e-01,-1.413659432810599e+00,-3.010733758183759e-02,-2.520215180014570e-03,7.237513321237318e-01,6.893991630313338e-01
1609044017532598734,3738,1609044017532598734,6.906971454846277e-01,2.808730533872186e-01,-1.403112208670571e+00,-1.050761041347939e-02,-1.052045669453253e-03,7.242049056036102e-01,6.895039797006062e-01
1609044017635577202,3739,1609044017635577202,6.681469501923859e-01,2.766755398371215e-01,-1.393019361748804e+00,7.596432573084699e-03,-1.058072111609089e-03,7.242656118850269e-01,6.894784247069495e-01
1609044017737417936,3740,1609044017737417936,6.436077239658092e-01,2.712768198162585e-01,-1.385188140783941e+00,2.013274302321152e-02,1.222314630960093e-03,7.243766356942249e-01,6.891093296898689e-01
1609044017841275692,3741,1609044017841275692,6.149193834328850e-01,2.688521608125818e-01,-1.380456883450536e+00,2.436294115206303e-02,1.137765365013607e-03,7.244230863362994e-01,6.889240484780497e-01
1609044017924815893,3742,1609044017924815893,5.889553599389086e-01,2.691232603528699e-01,-1.374293268727361e+00,2.674259542355262e-02,2.928352529012258e-03,7.242386032880020e-01,6.890244580919622e-01
1609044018026998043,3743,1609044018026998043,5.548305898254432e-01,2.725195354105444e-01,-1.366277460879850e+00,2.520730137068162e-02,2.053569451413407e-03,7.242893662234130e-01,6.890321391530315e-01
1609044018130657434,3744,1609044018130657434,5.182501851553878e-01,2.832431706539462e-01,-1.363055924963428e+00,2.417984055975031e-02,1.939270560987636e-03,7.245502513576951e-01,6.887949678951620e-01
1609044018233769894,3745,1609044018233769894,4.789812459874477e-01,2.959284071885329e-01,-1.360854858028784e+00,2.303163815357917e-02,2.294156965812228e-03,7.246044121516054e-01,6.887762527687823e-01
1609044018336253643,3746,1609044018336253643,4.358831313962676e-01,3.154542639120076e-01,-1.353148334768091e+00,2.096800670892327e-02,1.107817307355535e-03,7.246741609685888e-01,6.887717153454692e-01
1609044018406809807,3747,1609044018406809807,4.013638750178037e-01,3.320700186842318e-01,-1.344247314624324e+00,2.052605648047047e-02,8.952373844217503e-04,7.247004075044169e-01,6.887577214945170e-01
1609044018508617163,3748,1609044018508617163,3.503112956284918e-01,3.577286196390927e-01,-1.333780761971842e+00,1.871574697638874e-02,3.209418013388022e-03,7.248243310462207e-01,6.886719898286338e-01
1609044018611613989,3749,1609044018611613989,2.958991016499875e-01,3.862958916600254e-01,-1.328666558851975e+00,1.544641771764321e-02,6.412057015174457e-03,7.247466938686442e-01,6.888124007529162e-01
1609044018714649200,3750,1609044018714649200,2.398296243982226e-01,4.175381107548204e-01,-1.321574468781525e+00,1.360471488732225e-02,1.036686534597284e-02,7.246124667779185e-01,6.889442741076766e-01
1609044018837467670,3751,1609044018837467670,1.705521615998477e-01,4.554340917886180e-01,-1.306892852483885e+00,1.321131358804772e-02,1.133343329144965e-02,7.246661076919839e-01,6.888802848432060e-01
1609044018920933485,3752,1609044018920933485,1.215926903578611e-01,4.830401005957649e-01,-1.297785695539226e+00,1.381105711964276e-02,1.248550665406447e-02,7.247693284651099e-01,6.887399998120212e-01
1609044019024202347,3753,1609044019024202347,5.725902085313085e-02,5.185454568352219e-01,-1.295311114457857e+00,5.269731385199864e-03,2.121025853832398e-02,7.248263731788233e-01,6.885848412565432e-01
1609044019127521753,3754,1609044019127521753,-9.018014896716730e-03,5.486376695383978e-01,-1.288441287948436e+00,3.754122722104025e-03,2.222498965128228e-02,7.250445921190535e-01,6.883329832548367e-01
1609044019230297565,3755,1609044019230297565,-7.741724150547173e-02,5.768789812221468e-01,-1.284045395560607e+00,2.572796905605519e-03,2.529772945274067e-02,7.249060440034354e-01,6.883782629978287e-01
1609044019352886200,3756,1609044019352886200,-1.648902902943754e-01,6.065052531549828e-01,-1.298992954180000e+00,-8.381966180356358e-03,3.224546727115047e-02,7.250122745350591e-01,6.879296288552462e-01
1609044019436089516,3757,1609044019436089516,-2.244568348418954e-01,6.201015643610336e-01,-1.303203199318308e+00,-1.844229519657832e-02,3.243546324670779e-02,7.249654402391229e-01,6.877738966628120e-01
1609044019526382685,3758,1609044019526382685,-2.991830153399924e-01,6.298614344651453e-01,-1.300402307258192e+00,-1.990902083443049e-02,1.885060389493995e-02,7.249880044532425e-01,6.882155759797328e-01
1609044019608676434,3759,1609044019608676434,-3.682654658406561e-01,6.354312809299865e-01,-1.296734471951439e+00,-1.196833121083851e-02,8.067105384512495e-03,7.248215095516573e-01,6.887854964718696e-01
1609044019731300116,3760,1609044019731300116,-4.686466832115961e-01,6.418664925009516e-01,-1.292081652974514e+00,6.519771972282819e-03,5.836633217379310e-04,7.247882288814929e-01,6.889406180400349e-01
1609044019834349632,3761,1609044019834349632,-5.504550574638206e-01,6.474635988982985e-01,-1.295141844987851e+00,1.415288823473317e-02,-2.228110782593876e-03,7.245668068914252e-01,6.890556389930497e-01
1609044019917866468,3762,1609044019917866468,-6.133864598202751e-01,6.573210822405957e-01,-1.298018239433341e+00,1.799221573106839e-02,-2.307688126513081e-03,7.246531800793182e-01,6.888749693155709e-01
1609044020020991564,3763,1609044020020991564,-6.945979878213352e-01,6.693313348117698e-01,-1.295419472167087e+00,2.034209853591382e-02,-7.377262082290577e-04,7.247355926158616e-01,6.887263430296048e-01
1609044020124095917,3764,1609044020124095917,-7.781697474634169e-01,6.834832474270089e-01,-1.291708714607628e+00,1.572436480340884e-02,-4.301004387907358e-03,7.246457409579651e-01,6.889287305841340e-01
1609044020227230072,3765,1609044020227230072,-8.585392474175074e-01,7.014626761301194e-01,-1.283652143793239e+00,6.203931900653450e-03,-6.657004037410391e-03,7.245895965186520e-01,6.891205352789561e-01
1609044020350618362,3766,1609044020350618362,-9.505938568148288e-01,7.309675121945128e-01,-1.281133819694874e+00,-1.056543187935541e-02,-7.907998447055743e-03,7.244560666650244e-01,6.891946333816059e-01
1609044020433740616,3767,1609044020433740616,-1.010853402094228e+00,7.466348785300222e-01,-1.278496080895380e+00,-1.965079077219910e-02,-1.004926924048743e-02,7.243273512747541e-01,6.891028564772160e-01
1609044020555478096,3768,1609044020555478096,-1.091735568801359e+00,7.703377641833286e-01,-1.282943831141038e+00,-3.424979647756802e-02,-2.709906787725730e-03,7.239759903717778e-01,6.889690654968845e-01
1609044020606935263,3769,1609044020606935263,-1.133922828904525e+00,7.779322311074613e-01,-1.291501455959526e+00,-4.446005346043066e-02,4.445946242043162e-03,7.239381055243665e-01,6.884164121940295e-01
1609044020708783627,3770,1609044020708783627,-1.202597492012608e+00,7.906693110632983e-01,-1.295188823914851e+00,-5.134298239236900e-02,9.658048746380250e-03,7.237333815515133e-01,6.880992753095160e-01
1609044020811811209,3771,1609044020811811209,-1.265406602103281e+00,7.908729564163359e-01,-1.293692325730274e+00,-4.807041014318739e-02,1.264936564478713e-02,7.238225279013952e-01,6.881934156324691e-01
1609044020934985161,3772,1609044020934985161,-1.331792521626552e+00,7.818694274174671e-01,-1.273059579700309e+00,-1.124133431261133e-02,6.941876977673463e-03,7.251823568674192e-01,6.884300923369883e-01
1609044021018111467,3773,1609044021018111467,-1.375824779619112e+00,7.746418515863958e-01,-1.262415005486617e+00,2.810147662247075e-03,1.605601950065367e-03,7.250776874268291e-01,6.886594748555022e-01
1609044021120598316,3774,1609044021120598316,-1.424250038458945e+00,7.661721064623862e-01,-1.261157845566486e+00,7.647799891872926e-03,-4.497687880078947e-03,7.251181373175625e-01,6.885673306900756e-01
1609044021223806381,3775,1609044021223806381,-1.472997887159939e+00,7.609068853589577e-01,-1.269024541000137e+00,-6.611397947813135e-03,-1.182992212968395e-02,7.248399765150680e-01,6.887839652643033e-01
1609044021327245235,3776,1609044021327245235,-1.519390041751519e+00,7.570740185873208e-01,-1.279033055832727e+00,-2.643751715119896e-02,-1.462173121163190e-02,7.243514445669983e-01,6.887686457853303e-01
1609044021450180769,3777,1609044021450180769,-1.560275915830946e+00,7.500830752779687e-01,-1.286982199754566e+00,-4.176412564201164e-02,-1.503803461404600e-02,7.240157804897287e-01,6.883536626808593e-01
1609044021533186674,3778,1609044021533186674,-1.578649206719049e+00,7.436977901360393e-01,-1.294875787757870e+00,-4.096694155474052e-02,-1.140221488293274e-02,7.241776288414249e-01,6.883011412754054e-01
1609044021656179190,3779,1609044021656179190,-1.604196360821083e+00,7.288562023339544e-01,-1.303304900589168e+00,-2.769093557275483e-02,-4.885268365428946e-03,7.244922692903941e-01,6.887091534011716e-01
1609044021706547499,3780,1609044021706547499,-1.618103364692354e+00,7.221849966766060e-01,-1.307056963457075e+00,-1.550558738468934e-02,-1.890868740765196e-04,7.249990407304843e-01,6.885752914140090e-01
1609044021808126211,3781,1609044021808126211,-1.640327896516627e+00,7.064615199245844e-01,-1.311611700458005e+00,-4.102905074426874e-05,3.313555950823698e-03,7.254552401461906e-01,6.882613698356247e-01
1609044021930004358,3782,1609044021930004358,-1.668730947973013e+00,6.866889453572883e-01,-1.308293908049138e+00,1.687951727823601e-02,3.513516152099964e-03,7.254346505374488e-01,6.880750721398881e-01
1609044022033907652,3783,1609044022033907652,-1.694723331818611e+00,6.774100387000749e-01,-1.310135678666859e+00,2.125326020960258e-02,4.187899212749404e-03,7.253965692633337e-01,6.879902453753485e-01
1609044022137573004,3784,1609044022137573004,-1.723936939283106e+00,6.711620669583102e-01,-1.306335360452139e+00,2.188963230588405e-02,3.573768401723958e-03,7.255357229527640e-01,6.878270036108893e-01
1609044022239085674,3785,1609044022239085674,-1.755310780948619e+00,6.683074197978343e-01,-1.303663119259133e+00,1.787538993300112e-02,4.369176163205362e-03,7.255455949701914e-01,6.879280270157259e-01
1609044022323397875,3786,1609044022323397875,-1.784388028840047e+00,6.684645126403457e-01,-1.304554680859536e+00,3.504360224105393e-03,1.037503668844955e-02,7.256161025510143e-01,6.880126087447882e-01
1609044022446569681,3787,1609044022446569681,-1.822229885422040e+00,6.675199681984688e-01,-1.310527104905171e+00,-2.655672535894488e-02,2.266755205963115e-02,7.252554309272570e-01,6.875939807272547e-01
1609044022529936075,3788,1609044022529936075,-1.845552811361628e+00,6.612754645783335e-01,-1.317240796340012e+00,-4.195419332088374e-02,2.438034063489783e-02,7.248848164189343e-01,6.871589682006692e-01
1609044022652796984,3789,1609044022652796984,-1.872240492326328e+00,6.341190190934508e-01,-1.313552062486963e+00,-5.518930804510649e-02,2.384537236110603e-02,7.245002299904307e-01,6.866476208640612e-01
1609044022756028175,3790,1609044022756028175,-1.890847381225356e+00,5.990475932922460e-01,-1.281499182931697e+00,-4.481254952789959e-02,2.057334933077327e-02,7.248783862396042e-01,6.871098149966938e-01
1609044022825917721,3791,1609044022825917721,-1.909075378505772e+00,5.657033640170475e-01,-1.264403107890024e+00,-9.477504800899482e-03,1.238943412402762e-02,7.258386033122819e-01,6.876881566280689e-01
1609044022926140070,3792,1609044022926140070,-1.932664384456455e+00,5.178003259885142e-01,-1.261912990193772e+00,7.498097661675892e-03,2.780562341989351e-03,7.257049645778805e-01,6.879595565086190e-01
1609044023030892134,3793,1609044023030892134,-1.962956225790966e+00,4.721142892941499e-01,-1.266660566897989e+00,6.327304287523081e-03,-1.041524809783861e-02,7.254906065618884e-01,6.881241658436194e-01
1609044023134051800,3794,1609044023134051800,-1.989038640205151e+00,4.330234547564247e-01,-1.276048022719193e+00,-4.386065739184381e-04,-1.721540702228503e-02,7.255307838176339e-01,6.879742139922835e-01
1609044023237110138,3795,1609044023237110138,-2.013148226789150e+00,3.990857611015637e-01,-1.283268614465327e+00,-8.412622058029973e-03,-1.686561418458383e-02,7.257730261577201e-01,6.876760089970791e-01
1609044023340505838,3796,1609044023340505838,-2.029895110133723e+00,3.689353385129536e-01,-1.281465647553892e+00,-6.847300631697439e-03,-1.162688920485886e-02,7.258149590752526e-01,6.877576427085826e-01
1609044023443495989,3797,1609044023443495989,-2.042085528052818e+00,3.435668529602497e-01,-1.283821423763253e+00,-1.959580942227720e-03,-7.176682287950212e-03,7.257903301641928e-01,6.878757532534643e-01
1609044023526929379,3798,1609044023526929379,-2.052350566681485e+00,3.229816517358731e-01,-1.280574181086614e+00,-3.910598770290951e-04,-5.954055077689313e-03,7.258980613751903e-01,6.877764177347497e-01
1609044023649663448,3799,1609044023649663448,-2.068141559644375e+00,2.945746498076318e-01,-1.274684771166906e+00,-3.527122347988851e-03,-8.185964715121761e-03,7.257634301734061e-01,6.878866133401323e-01
1609044023752591610,3800,1609044023752591610,-2.075785892703958e+00,2.742525054208923e-01,-1.264142979338839e+00,-5.019440220879618e-03,-1.130861752688279e-02,7.257211021661140e-01,6.878777524097583e-01
1609044023855811834,3801,1609044023855811834,-2.083062754330721e+00,2.553246630609813e-01,-1.253053267838192e+00,-8.777581947563218e-03,-1.332598077072462e-02,7.245553050274782e-01,6.890319167122742e-01
1609044023926370859,3802,1609044023926370859,-2.086511444521331e+00,2.425024816197197e-01,-1.235815760137652e+00,-1.788898398502970e-02,-1.608117993997158e-02,7.224757587183044e-01,6.909776826845655e-01
1609044024008263111,3803,1609044024008263111,-2.087305329374566e+00,2.209594083252736e-01,-1.221680128208602e+00,-2.597925663887940e-02,-1.661868764176880e-02,7.210725396979196e-01,6.921728757609247e-01
1609044024111237526,3804,1609044024111237526,-2.084030573367201e+00,1.936279370621358e-01,-1.207928773283900e+00,-3.118706276241835e-02,-1.894206880027080e-02,7.189984609141160e-01,6.940531523946499e-01
1609044024214081049,3805,1609044024214081049,-2.074936580112259e+00,1.680322114648258e-01,-1.186263438161963e+00,-2.264311202374684e-02,-1.744353508526754e-02,7.179100807947214e-01,6.955487966023131e-01
1609044024318041801,3806,1609044024318041801,-2.057909013931307e+00,1.443236643673165e-01,-1.165415774095315e+00,-1.911237975618584e-03,-7.663042602016024e-03,7.178695162137049e-01,6.961328771424187e-01
1609044024421026945,3807,1609044024421026945,-2.044134850714010e+00,1.234369835804179e-01,-1.146517646363790e+00,8.748268748225240e-03,-1.612101497011703e-03,7.175162061629847e-01,6.964850054496144e-01
1609044024543646097,3808,1609044024543646097,-2.026517715789291e+00,1.062726342238024e-01,-1.124143791592780e+00,1.570293503839391e-02,2.479859104438082e-03,7.177428877545442e-01,6.961267235265215e-01
1609044024627044201,3809,1609044024627044201,-2.019337021864966e+00,9.659448511743381e-02,-1.109260025464614e+00,1.666823369432245e-02,2.827656513433906e-03,7.176931482986932e-01,6.961542352304292e-01
1609044024730090857,3810,1609044024730090857,-2.010996322466192e+00,8.799424866015836e-02,-1.090891784633239e+00,1.784400327309211e-02,3.474972187294555e-03,7.179575083679003e-01,6.958495040550390e-01
1609044024833314180,3811,1609044024833314180,-2.006419680910565e+00,7.952046748560709e-02,-1.067066526742464e+00,1.655694182956207e-02,2.107323292950782e-03,7.179020421345701e-01,6.959440241605681e-01
1609044024955680370,3812,1609044024955680370,-2.007522372543289e+00,7.352024767914855e-02,-1.029911848591879e+00,1.542954954770712e-02,8.689147630257421e-04,7.179808523771493e-01,6.958912771458425e-01
1609044025025932550,3813,1609044025025932550,-2.008813975667514e+00,6.972569982117346e-02,-1.004917179001138e+00,1.592373006102154e-02,1.073430936951778e-03,7.179374421338851e-01,6.959246451658555e-01
1609044025126746416,3814,1609044025126746416,-2.012528216728582e+00,6.881239137043943e-02,-9.716342599919287e-01,1.700771012861321e-02,1.864495068035580e-03,7.179357949845099e-01,6.958990269674777e-01
1609044025230580807,3815,1609044025230580807,-2.019859181598096e+00,6.798894531626243e-02,-9.399685048148035e-01,1.690281493588465e-02,1.828456954283765e-03,7.181681482878064e-01,6.956618879723633e-01
1609044025334397793,3816,1609044025334397793,-2.031997842956146e+00,7.560623621986860e-02,-9.158871977949479e-01,1.700551402163962e-02,2.161512183914526e-03,7.180695310674600e-01,6.957602237197070e-01
1609044025417612553,3817,1609044025417612553,-2.041398748610161e+00,8.579801404176474e-02,-9.026338283513958e-01,1.475284925715500e-02,-2.082981911487672e-04,7.180658368971009e-01,6.958187723336627e-01
1609044025540521622,3818,1609044025540521622,-2.056162565018080e+00,1.046956951509105e-01,-8.828052361133644e-01,4.833754638157531e-03,-4.952883614679947e-03,7.180085987657258e-01,6.959998246109524e-01
1609044025643692017,3819,1609044025643692017,-2.068831817723837e+00,1.201347224876857e-01,-8.775958725640367e-01,-2.462573653245300e-03,-5.532667823923261e-03,7.178007798312801e-01,6.962222100675609e-01
1609044025727562904,3820,1609044025727562904,-2.075194228406145e+00,1.301193274589129e-01,-8.681800742600344e-01,-8.946235060913615e-03,-4.746075570311436e-03,7.180566060070667e-01,6.959110217653750e-01
1609044025850250483,3821,1609044025850250483,-2.085046606864287e+00,1.475511715784261e-01,-8.613937277366946e-01,-1.525928901853857e-02,-3.545601645116509e-03,7.186118163190632e-01,6.952349532742439e-01
1609044025952883482,3822,1609044025952883482,-2.091128150838426e+00,1.572272035902901e-01,-8.530336837049259e-01,-1.782941505011906e-02,-1.657807853753469e-03,7.184176931468191e-01,6.953814649569642e-01
1609044026036525726,3823,1609044026036525726,-2.094327155831594e+00,1.644156377943320e-01,-8.398972724090825e-01,-1.686952175328055e-02,6.595146397770836e-05,7.181381018765440e-01,6.956961129109278e-01
1609044026126225233,3824,1609044026126225233,-2.099474090528255e+00,1.731728460590090e-01,-8.216010674227080e-01,-5.285350727544980e-03,-6.834629181606681e-04,7.183751646035128e-01,6.956354798506201e-01
1609044026227274656,3825,1609044026227274656,-2.104179903410339e+00,1.820723013754288e-01,-8.018497015334701e-01,3.875762660849842e-03,-2.365495583058414e-03,7.185729485098115e-01,6.954367696378724e-01
1609044026311651945,3826,1609044026311651945,-2.109795238972005e+00,1.922652407450616e-01,-7.829129136053453e-01,9.467561067054733e-03,-3.078506051786815e-03,7.185182560407017e-01,6.954368438788381e-01
1609044026414557695,3827,1609044026414557695,-2.115140301870247e+00,2.091091219196009e-01,-7.544343181478964e-01,7.346345205791156e-03,-2.982325406375179e-03,7.184689084020682e-01,6.955138852724859e-01
1609044026517724991,3828,1609044026517724991,-2.123956810741727e+00,2.248214639167288e-01,-7.348017120883100e-01,-7.842689468890777e-03,-1.186375688199500e-03,7.186747101259719e-01,6.953011906792418e-01
1609044026620357275,3829,1609044026620357275,-2.128195617322897e+00,2.408728711074287e-01,-7.158654633545757e-01,-2.526315209199916e-02,5.886151301308812e-03,7.181357600444590e-01,6.954194105103781e-01
1609044026743994713,3830,1609044026743994713,-2.127878953608089e+00,2.567639791829199e-01,-6.809835558870675e-01,-2.301404526540145e-02,8.547792248643594e-03,7.182723116575555e-01,6.953288252865024e-01
1609044026827918291,3831,1609044026827918291,-2.125634967412041e+00,2.619008421167085e-01,-6.542162718037925e-01,-9.669049470168023e-03,4.738262481576728e-03,7.183468162928140e-01,6.956018328562522e-01
1609044026949823618,3832,1609044026949823618,-2.123255651088022e+00,2.693482573858634e-01,-6.313672259104426e-01,5.361886785357475e-03,1.152986915370718e-03,7.183337671179063e-01,6.956770226257813e-01
1609044027052348614,3833,1609044027052348614,-2.127988336606841e+00,2.795046600817161e-01,-6.076181220230930e-01,6.043348176858284e-03,4.553982965572408e-04,7.183786527200208e-01,6.956258921801091e-01
1609044027136630774,3834,1609044027136630774,-2.131859562459756e+00,2.884662642453917e-01,-5.888934020227787e-01,3.042455502864556e-03,1.358911075653611e-03,7.182857417890134e-01,6.957402460457557e-01
1609044027207481623,3835,1609044027207481623,-2.136363617198129e+00,2.979172926532010e-01,-5.696946890988821e-01,1.148736828500923e-04,2.695009830492950e-03,7.184814045481740e-01,6.955409370012190e-01
1609044027307998657,3836,1609044027307998657,-2.139142770966626e+00,3.118405774944348e-01,-5.457810875366083e-01,-5.491293854199364e-03,5.307649505704942e-03,7.186469003015954e-01,6.953332346691337e-01
1609044027411473513,3837,1609044027411473513,-2.140828268699836e+00,3.231142098834993e-01,-5.204906902487925e-01,-7.988956855978927e-03,6.782066431456033e-03,7.185426048465983e-01,6.954039870201623e-01
1609044027514521360,3838,1609044027514521360,-2.142900656529922e+00,3.367231375323631e-01,-4.978860310718824e-01,-8.622117174478781e-03,6.484499842709104e-03,7.185372519993874e-01,6.954047942359820e-01
1609044027637158632,3839,1609044027637158632,-2.146075495879082e+00,3.488224565250848e-01,-4.708778693675743e-01,-8.490971016627833e-03,6.288568007768524e-03,7.186574725776033e-01,6.952839667588905e-01
1609044027740254164,3840,1609044027740254164,-2.150083235398431e+00,3.542870845580494e-01,-4.484782209276830e-01,-9.870922497429102e-03,7.469097238375907e-03,7.187529020361534e-01,6.951554094518011e-01
1609044027823961496,3841,1609044027823961496,-2.153852179761441e+00,3.597466980230397e-01,-4.293196060756023e-01,-1.297879400984833e-02,9.780576510173345e-03,7.185945352585182e-01,6.952393725370946e-01
1609044027926602364,3842,1609044027926602364,-2.154056245654012e+00,3.615425630499092e-01,-4.051484788776784e-01,-1.609149769040281e-02,9.585614499729472e-03,7.187078126431996e-01,6.950598965142284e-01
1609044028030050755,3843,1609044028030050755,-2.155276139634272e+00,3.588461266531316e-01,-3.837141734130198e-01,-1.693205141586103e-02,8.717980252663560e-03,7.185480537631500e-01,6.952165107995883e-01
1609044028133085012,3844,1609044028133085012,-2.155623411647442e+00,3.537785098020375e-01,-3.602857259886519e-01,-1.936538901959963e-02,7.780514470272145e-03,7.186923106948664e-01,6.950149695156004e-01
1609044028236497402,3845,1609044028236497402,-2.154941808588673e+00,3.473522126707388e-01,-3.318733175204542e-01,-2.087758529763264e-02,6.586478837382195e-03,7.185665321452349e-01,6.951135760502999e-01
1609044028306183338,3846,1609044028306183338,-2.153306983462069e+00,3.402376032814048e-01,-3.071628368342845e-01,-1.926421013406181e-02,5.806470096592472e-03,7.183507457953585e-01,6.953900927739627e-01
1609044028407960653,3847,1609044028407960653,-2.149569588666362e+00,3.290880019221546e-01,-2.785773990552867e-01,-1.576259601321064e-02,7.497205597645608e-03,7.186412321643667e-01,6.951619321484972e-01
1609044028531395197,3848,1609044028531395197,-2.140512547593722e+00,3.131258513579242e-01,-2.416721224936995e-01,-1.066072650812576e-02,8.818607618844839e-03,7.188343177182529e-01,6.950437430410533e-01
1609044028614632607,3849,1609044028614632607,-2.135590459419025e+00,2.988997201155413e-01,-2.163912631992066e-01,-9.076544059419878e-03,8.963744696334926e-03,7.188763715892365e-01,6.950208845780467e-01
1609044028717586040,3850,1609044028717586040,-2.127475002459157e+00,2.822822879008459e-01,-1.882143814716588e-01,-8.632290298568655e-03,6.956887210514620e-03,7.188733162980534e-01,6.950526889374505e-01
1609044028820702314,3851,1609044028820702314,-2.119421058005390e+00,2.683452217462413e-01,-1.622185723732806e-01,-1.056472664729890e-02,5.735729113020846e-03,7.187114422216609e-01,6.952045388100326e-01
1609044028924202919,3852,1609044028924202919,-2.109663527345947e+00,2.504084069283439e-01,-1.341713768629701e-01,-9.758486277958311e-03,4.742759231275656e-03,7.187324456572726e-01,6.952020927327195e-01
1609044029047209978,3853,1609044029047209978,-2.100818254925755e+00,2.273035391396659e-01,-9.981397790605126e-02,-6.316733280656793e-03,2.902825603611243e-03,7.188482131583963e-01,6.951323031791552e-01
1609044029130273581,3854,1609044029130273581,-2.093708872023108e+00,2.110447786960693e-01,-7.236296813349451e-02,-3.533296547859176e-03,3.080916698483382e-03,7.186886054425680e-01,6.953162677334818e-01
1609044029233217001,3855,1609044029233217001,-2.084262795305477e+00,1.923060260423226e-01,-3.548305306145384e-02,1.840236119840629e-03,1.537182574597634e-03,7.186549680988079e-01,6.953627020682493e-01
1609044029355608702,3856,1609044029355608702,-2.079003961233999e+00,1.687807193901910e-01,4.879615751861147e-03,8.342181956802232e-03,-2.627737016092876e-03,7.183039501959315e-01,6.956744483817805e-01
1609044029426221371,3857,1609044029426221371,-2.067835997661622e+00,1.581846204584411e-01,3.517321533289139e-03,-5.619733311541185e-03,-7.545234948277816e-03,7.171402895397629e-01,6.968653335802460e-01
1609044029507925510,3858,1609044029507925510,-2.063469085105992e+00,1.469365541923038e-01,4.584823120187556e-03,-2.020148248715296e-03,4.700319364084352e-03,7.188595441147538e-01,6.951365202850858e-01
1609044029611323118,3859,1609044029611323118,-2.058037158734971e+00,1.435650792981387e-01,4.534538771490028e-03,-1.036385640186647e-02,2.387341697319668e-03,7.176649052290102e-01,6.963073853426645e-01
1609044029715040445,3860,1609044029715040445,-2.057617384811664e+00,1.446402897317403e-01,3.799551261936449e-03,-1.221395409133977e-02,2.376425128469855e-03,7.169053256568640e-01,6.970594852477722e-01
1609044029817963123,3861,1609044029817963123,-2.057449107788239e+00,1.488782780706905e-01,1.900766236148302e-03,-8.813710318700665e-03,1.581100136866658e-03,7.171591352809195e-01,6.968519163465788e-01
1609044029941081047,3862,1609044029941081047,-2.060260303646654e+00,1.509773934400018e-01,1.666360120698703e-03,-6.912788776691195e-03,-1.664151890975878e-03,7.181180485001862e-01,6.958849850141163e-01
1609044030024193287,3863,1609044030024193287,-2.060686293360658e+00,1.494896155555508e-01,2.921665837452788e-03,-4.599313990290161e-03,-1.298147317144223e-03,7.179127578693378e-01,6.961166807459820e-01
1609044030127232552,3864,1609044030127232552,-2.062641504556424e+00,1.457095647562852e-01,3.121131226096306e-03,-5.432793067330184e-03,-1.735496442590626e-03,7.177858204451032e-01,6.962406112685007e-01
1609044030230286598,3865,1609044030230286598,-2.063294441381916e+00,1.449525118949091e-01,3.087509479569863e-03,-5.621868248426208e-03,-3.967440382266186e-04,7.176976028587866e-01,6.963320960880068e-01
1609044030332908869,3866,1609044030332908869,-2.061428025268351e+00,1.424453142941967e-01,5.049535145749812e-03,-6.726635025526377e-03,-6.549786923001696e-04,7.178995437032487e-01,6.961139048566791e-01
1609044030455548763,3867,1609044030455548763,-2.063913090212234e+00,1.409028970074581e-01,4.013394081227651e-03,-6.336704375557324e-03,-7.166232444964902e-04,7.178327348706166e-01,6.961863955701473e-01
1609044030513160706,3868,1609044030513160706,-2.061382387210978e+00,1.407006829716901e-01,3.942720325573915e-03,-5.623126903159294e-03,-1.142290051549321e-03,7.179490032162331e-01,6.960720540275169e-01
1609044030608101130,3869,1609044030608101130,-2.061262524827569e+00,1.377604175663708e-01,5.554240690094793e-03,-4.549805523109933e-03,-2.085231982589456e-03,7.179290587900163e-01,6.960982815825378e-01
1609044030731194973,3870,1609044030731194973,-2.063487556577166e+00,1.361325333028147e-01,4.061246318925251e-03,-3.509078325169661e-03,-3.123277333090532e-03,7.177416250853336e-01,6.962936816659137e-01
1609044030814413548,3871,1609044030814413548,-2.061658253408667e+00,1.345005767213718e-01,3.903921115973354e-03,-2.886541917453886e-03,-3.219039373441681e-03,7.178141146315088e-01,6.962213746338548e-01
1609044030917761564,3872,1609044030917761564,-2.059890732503667e+00,1.350705209658033e-01,6.475012775218674e-03,-3.019074595762882e-03,-3.396786915642937e-03,7.179152990609587e-01,6.961156300511068e-01
1609044031040802717,3873,1609044031040802717,-2.059813664777456e+00,1.378160729860648e-01,5.925113849522132e-03,-2.773327000108763e-03,-3.922540439379279e-03,7.179008950908455e-01,6.961287432376391e-01
1609044031124185085,3874,1609044031124185085,-2.059553732439490e+00,1.412315512387634e-01,5.139823565401492e-03,-2.737524865178364e-03,-3.768275932900379e-03,7.177564897404728e-01,6.962786277701916e-01
1609044031246918917,3875,1609044031246918917,-2.058630321080019e+00,1.390149271127299e-01,4.929771694779222e-03,-5.175800561714346e-03,-1.731795531921250e-03,7.178681501602487e-01,6.961576911578894e-01
1609044031350021601,3876,1609044031350021601,-2.057741887975518e+00,1.407385672084174e-01,2.576410338217516e-03,-7.822088808682794e-03,6.816037416948614e-04,7.181587955962796e-01,6.958349622221561e-01
1609044031453258038,3877,1609044031453258038,-2.056553479866736e+00,1.444028081176073e-01,-1.711344268870911e-04,-1.016001071895435e-02,2.900366440776487e-03,7.180016076064032e-01,6.959612442739325e-01
1609044031536413193,3878,1609044031536413193,-2.055221862642102e+00,1.473161208215470e-01,1.193939961058833e-03,-1.119725809459721e-02,3.855666356331523e-03,7.177122704814072e-01,6.962390767893850e-01
1609044031606594086,3879,1609044031606594086,-2.055110749960719e+00,1.475584300537192e-01,1.005510681359364e-03,-1.041814610103638e-02,3.200416289015926e-03,7.175930664566615e-01,6.963773478084422e-01
1609044031727719069,3880,1609044031727719069,-2.058410637614720e+00,1.504105257448425e-01,2.201656853668217e-03,-8.348369851979374e-03,1.231442042672861e-03,7.178974707310860e-01,6.960977013244761e-01
1609044031811256647,3881,1609044031811256647,-2.061059664995585e+00,1.517628231180607e-01,3.092677317679182e-03,-7.587578563905313e-03,4.567719446375072e-04,7.179351628255120e-01,6.960684750724120e-01
1609044031914356709,3882,1609044031914356709,-2.062257952633989e+00,1.534974058362449e-01,2.407935275842386e-03,-7.689702213178331e-03,6.951033415053008e-04,7.177607502673656e-01,6.962470040774652e-01
1609044032036715269,3883,1609044032036715269,-2.064359883637966e+00,1.542019012855241e-01,2.219501843229589e-03,-8.888826636277432e-03,1.707645533504448e-03,7.179537063082072e-01,6.960320023577011e-01
1609044032120893002,3884,1609044032120893002,-2.065420126115859e+00,1.570407343999443e-01,1.120931478094146e-03,-9.354223991432303e-03,2.314483309646989e-03,7.179524263687618e-01,6.960254701745729e-01
1609044032244181871,3885,1609044032244181871,-2.065496475291762e+00,1.585690447299479e-01,8.124904535645572e-04,-9.336631357163424e-03,2.288774610331071e-03,7.177766733063795e-01,6.962070353586717e-01
1609044032328037024,3886,1609044032328037024,-2.063585654245971e+00,1.571773668023600e-01,1.882700511745965e-04,-9.130664077680168e-03,1.862196357967914e-03,7.176090209814545e-01,6.963838425784040e-01
1609044032430025101,3887,1609044032430025101,-2.062256032533657e+00,1.569094896177906e-01,1.718345090344604e-03,-8.996468829670139e-03,1.901391954462456e-03,7.177499767075559e-01,6.962402022244446e-01
1609044032533171177,3888,1609044032533171177,-2.063722054996908e+00,1.534742932634532e-01,1.815126029586334e-03,-9.887075696835937e-03,2.400339499204931e-03,7.175854262208212e-01,6.963961804748329e-01
1609044032636447668,3889,1609044032636447668,-2.063674582785258e+00,1.491008605194949e-01,5.612700940980978e-04,-1.050141131413293e-02,2.998310666598619e-03,7.174591345592143e-01,6.965149824168188e-01
1609044032726518393,3890,1609044032726518393,-2.061609061017553e+00,1.458828330552467e-01,-2.912418481632893e-04,-1.090279018976294e-02,3.255481703656366e-03,7.176048525083831e-01,6.963575278988353e-01
1609044032808085203,3891,1609044032808085203,-2.060863633388845e+00,1.445486193102195e-01,9.252832166830191e-04,-1.041797812540028e-02,3.204925638908855e-03,7.173445198421247e-01,6.966333569646945e-01
1609044032912486076,3892,1609044032912486076,-2.058855600611563e+00,1.419394116585311e-01,7.052562426293208e-04,-9.920201019656792e-03,2.487883249151163e-03,7.175959084751199e-01,6.963846007691695e-01
1609044033015102863,3893,1609044033015102863,-2.057325231488644e+00,1.403010317698723e-01,6.901412005550912e-04,-9.936383351295427e-03,2.394629351382742e-03,7.177356505869328e-01,6.962406695336880e-01
1609044033138321400,3894,1609044033138321400,-2.054944197426458e+00,1.393134887953609e-01,1.495714392893513e-03,-1.002728622262201e-02,2.630440923091814e-03,7.176018289741082e-01,6.963764422814535e-01
1609044033221152067,3895,1609044033221152067,-2.053665487608836e+00,1.374538000869853e-01,1.333809312330660e-04,-1.026669986228320e-02,2.861581914992485e-03,7.174244311942486e-01,6.965548016836081e-01
1609044033344252586,3896,1609044033344252586,-2.055898152202877e+00,1.375575488977659e-01,-3.712374266794668e-04,-1.047692379248541e-02,2.988367988010556e-03,7.176281967282716e-01,6.963412058647284e-01
1609044033426924944,3897,1609044033426924944,-2.058081854594950e+00,1.396492907993971e-01,4.837237882828686e-04,-1.037011371387960e-02,2.989436692148792e-03,7.174651747740926e-01,6.965107658867922e-01
1609044033530013561,3898,1609044033530013561,-2.059308376482517e+00,1.433841325121383e-01,1.564067701192567e-03,-1.014602159638910e-02,2.714620494800743e-03,7.175056780464070e-01,6.964734675868857e-01
1609044033633200884,3899,1609044033633200884,-2.060411917425451e+00,1.454145593328379e-01,3.049252429268814e-04,-1.006320985598923e-02,2.618629588946837e-03,7.175648731202136e-01,6.964140488606201e-01
1609044033736257792,3900,1609044033736257792,-2.061618840409503e+00,1.469020215494551e-01,-1.474279158975106e-04,-1.024491279663789e-02,2.727182660102274e-03,7.175534633928723e-01,6.964227390094481e-01
1609044033826117992,3901,1609044033826117992,-2.060575272591963e+00,1.473695703199842e-01,-3.246715084299230e-04,-1.046398673892578e-02,2.914259562997503e-03,7.175525362747397e-01,6.964196793302264e-01
1609044033927840948,3902,1609044033927840948,-2.060838173787888e+00,1.458797926886387e-01,-1.131751074567157e-03,-1.037223987744778e-02,2.809674940948365e-03,7.175674423635189e-01,6.964061229099936e-01
1609044034030680656,3903,1609044034030680656,-2.059501873591849e+00,1.441958967591496e-01,-1.038226361341242e-03,-1.023735365229019e-02,2.626103772125654e-03,7.175458665743838e-01,6.964310658860594e-01
1609044034113849401,3904,1609044034113849401,-2.058523545272972e+00,1.429547288368143e-01,-4.210047601996689e-04,-1.001859618353356e-02,2.643463132664292e-03,7.175240229516866e-01,6.964566866075773e-01
1609044034217064857,3905,1609044034217064857,-2.057520690426951e+00,1.422970268618465e-01,1.252439726913102e-03,-1.006235701386569e-02,2.715158706629040e-03,7.175611100799250e-01,6.964175688373960e-01
1609044034340065002,3906,1609044034340065002,-2.058844278246680e+00,1.446634245183031e-01,1.895478139724863e-03,-1.033801441445216e-02,2.844194789768095e-03,7.173983686132099e-01,6.965806606022518e-01
1609044034443074942,3907,1609044034443074942,-2.059456256825985e+00,1.458050914845203e-01,3.745438872007451e-04,-1.037611214318274e-02,2.851286042994009e-03,7.176611821380123e-01,6.963092948661276e-01
1609044034547575712,3908,1609044034547575712,-2.060844092969826e+00,1.472151221357503e-01,1.409949152623799e-03,-1.003381994120336e-02,2.939964743515205e-03,7.175925930852087e-01,6.963846274968600e-01
1609044034629697561,3909,1609044034629697561,-2.060420710089389e+00,1.442778541573880e-01,1.001407451258920e-03,-1.009398938708895e-02,2.665916302980982e-03,7.174918241776533e-01,6.964886836889329e-01
1609044034732835531,3910,1609044034732835531,-2.060503434846621e+00,1.403962680159881e-01,2.452689416431972e-04,-1.018808848045572e-02,2.677600339664406e-03,7.175429513554904e-01,6.964345958304973e-01
1609044034835781813,3911,1609044034835781813,-2.058814196352253e+00,1.402514445315661e-01,-5.141828487608474e-04,-1.026488533942561e-02,2.782344710173541e-03,7.176216468425169e-01,6.963519675206756e-01
1609044034925976515,3912,1609044034925976515,-2.058889961428612e+00,1.414826922178355e-01,3.919371959056261e-04,-1.031857392037577e-02,2.944979001681771e-03,7.174425283331508e-01,6.965350476967155e-01
1609044035007762909,3913,1609044035007762909,-2.058867208673490e+00,1.422129223677356e-01,-3.650327125566290e-04,-1.027516041249589e-02,2.861741403710510e-03,7.174703736469107e-01,6.965073541992205e-01
1609044035110852480,3914,1609044035110852480,-2.060252546869808e+00,1.435495159747573e-01,-3.094696693955832e-04,-1.021017910567063e-02,2.799017445621601e-03,7.175090128206499e-01,6.964687604373264e-01
1609044035213942051,3915,1609044035213942051,-2.059152884967487e+00,1.432098875168044e-01,2.172326197672456e-04,-1.016301109724189e-02,2.766927832439982e-03,7.174883677231125e-01,6.964908466719651e-01
1609044035316985130,3916,1609044035316985130,-2.059600774516024e+00,1.461494993823750e-01,6.230778041065667e-04,-1.018583337084524e-02,2.978181842074531e-03,7.174800507694732e-01,6.964982096023589e-01
1609044035420031548,3917,1609044035420031548,-2.058224468143369e+00,1.476483505237859e-01,1.427619122251665e-03,-1.037293847128544e-02,2.923949431490591e-03,7.174831670775870e-01,6.964924677464276e-01
1609044035543135881,3918,1609044035543135881,-2.057130000608254e+00,1.488454282282391e-01,1.498562494863203e-03,-1.031687729827119e-02,2.881935333389896e-03,7.175759643397127e-01,6.963978689610403e-01
1609044035626427650,3919,1609044035626427650,-2.058908579524210e+00,1.478492678846449e-01,3.778738079513030e-04,-1.032385667015921e-02,2.859582489944379e-03,7.175044130803435e-01,6.964715772963523e-01
1609044035729557991,3920,1609044035729557991,-2.061644338654109e+00,1.457595786421225e-01,7.069822172919212e-04,-1.012720213892039e-02,2.892987143721710e-03,7.173945459067657e-01,6.965874933599147e-01
1609044035852044344,3921,1609044035852044344,-2.064526753823095e+00,1.453220568759765e-01,2.694961847117556e-03,-1.021109140950976e-02,2.982674223909615e-03,7.176356671695854e-01,6.963374803015884e-01
1609044035955512285,3922,1609044035955512285,-2.063343215979320e+00,1.448298091381492e-01,5.221810352538258e-04,-1.025182142177184e-02,2.808181721370595e-03,7.176297192938689e-01,6.963437371436316e-01
1609044036005836964,3923,1609044036005836964,-2.062322056973054e+00,1.441309685973725e-01,1.111969348612184e-03,-1.026063792776267e-02,2.958399876597427e-03,7.175464190245883e-01,6.964288217215565e-01
1609044036127475739,3924,1609044036127475739,-2.060678126527955e+00,1.410420310918813e-01,4.204750189584127e-04,-1.023796768040715e-02,2.821112429678206e-03,7.175177914081915e-01,6.964592194487380e-01
1609044036210455418,3925,1609044036210455418,-2.059045937870716e+00,1.423352484258355e-01,1.323901092092526e-03,-1.018317231720962e-02,2.920069125955127e-03,7.174529365084367e-01,6.965264245477547e-01
1609044036313832998,3926,1609044036313832998,-2.056648051753437e+00,1.432692985781827e-01,2.446090563377621e-03,-1.016415893933565e-02,2.918682642964592e-03,7.174499511775434e-01,6.965297830818337e-01
1609044036416607141,3927,1609044036416607141,-2.054540506949214e+00,1.419126382515786e-01,1.825080977999002e-03,-1.038434985539047e-02,3.052677687156413e-03,7.174519497289756e-01,6.965239021506088e-01
1609044036519948721,3928,1609044036519948721,-2.054823336938471e+00,1.419451112492620e-01,6.218201312020617e-04,-1.023758550816300e-02,2.926008770409682e-03,7.175759256013758e-01,6.963988952554185e-01
1609044036642974854,3929,1609044036642974854,-2.053641900675185e+00,1.429208524973273e-01,-1.316080936679491e-03,-1.027635914161843e-02,2.734028725046993e-03,7.176177625718968e-01,6.963559925577061e-01
1609044036726171255,3930,1609044036726171255,-2.053771718637986e+00,1.437356367828201e-01,-1.681370062472815e-03,-1.020135362325364e-02,2.824779867763863e-03,7.175255530357227e-01,6.964517454524273e-01
1609044036849089146,3931,1609044036849089146,-2.052613851527999e+00,1.440822451782637e-01,5.683818373066477e-04,-1.020774566759377e-02,2.842197426016726e-03,7.176374189189541e-01,6.963363115689998e-01
1609044036932801247,3932,1609044036932801247,-2.053762477350051e+00,1.422807678318546e-01,6.335411916041806e-04,-1.019182426102604e-02,2.819944535492658e-03,7.175668316457725e-01,6.964093744005007e-01
1609044037035695314,3933,1609044037035695314,-2.055624587695635e+00,1.432612849957575e-01,1.770233600803435e-03,-1.014734954686008e-02,2.929061034875925e-03,7.175673399182787e-01,6.964090497554102e-01
1609044037125724077,3934,1609044037125724077,-2.057635112001769e+00,1.445311915023594e-01,1.276402846075489e-03,-1.025131813301474e-02,2.820455714477964e-03,7.175524843204939e-01,6.964232820286711e-01
1609044037227466106,3935,1609044037227466106,-2.056381494428225e+00,1.443058092987104e-01,4.925164079352457e-04,-1.022526356866498e-02,2.746656249759570e-03,7.174962534343293e-01,6.964818922068956e-01
1609044037310558319,3936,1609044037310558319,-2.057570555796998e+00,1.443174955946572e-01,1.913904282922104e-03,-1.030114165567749e-02,2.969227961893985e-03,7.175032784009950e-01,6.964726237618563e-01
1609044037413840055,3937,1609044037413840055,-2.056425706537701e+00,1.427396041071734e-01,2.123561510989855e-03,-1.022932260545060e-02,3.014584633279020e-03,7.174982188237827e-01,6.964786997627578e-01
1609044037516962528,3938,1609044037516962528,-2.056408149847861e+00,1.422168804934559e-01,9.117516503221526e-04,-1.020029105567502e-02,2.918548266351704e-03,7.174732291915119e-01,6.965052774616292e-01
1609044037639857054,3939,1609044037639857054,-2.057029606255718e+00,1.420416424790096e-01,7.742964185873614e-04,-1.034138188479174e-02,2.915547912358258e-03,7.176390235248913e-01,6.963323827852073e-01
1609044037722758055,3940,1609044037722758055,-2.056338147259338e+00,1.435131133432005e-01,1.000380235755288e-03,-1.026613785091617e-02,2.935158478661900e-03,7.175470875237235e-01,6.964281502384528e-01
1609044037826363802,3941,1609044037826363802,-2.058757291998679e+00,1.443307233040964e-01,7.143681087125836e-04,-1.022550899396442e-02,2.959610740983764e-03,7.175871248695876e-01,6.963873906752444e-01
1609044037929360628,3942,1609044037929360628,-2.061182617660037e+00,1.447597035853163e-01,1.900419917061252e-03,-1.013123937975178e-02,2.927679483455130e-03,7.175085122297218e-01,6.964698999665123e-01
1609044038051867485,3943,1609044038051867485,-2.060543371646406e+00,1.443286214332946e-01,1.403733681118634e-03,-1.032686137098390e-02,2.909335333943162e-03,7.175990943494973e-01,6.963737728339003e-01
1609044038155109167,3944,1609044038155109167,-2.060674549292398e+00,1.450658393480977e-01,3.758500612583421e-05,-1.030660834220227e-02,2.858157043596093e-03,7.175470821694120e-01,6.964278782709362e-01
1609044038226120949,3945,1609044038226120949,-2.059334286545119e+00,1.446289892389689e-01,6.260003219275499e-04,-1.024365119152215e-02,2.839268351532347e-03,7.174929795386836e-01,6.964846232891266e-01
1609044038307437420,3946,1609044038307437420,-2.058044705308102e+00,1.449335137390478e-01,1.640975739007653e-03,-1.026466811532000e-02,3.068816528955878e-03,7.174068153972464e-01,6.965720925899741e-01
